d-0-0	d	0000000000000000000000000000000000000000000000000000000000000000
d-0-1	d	0000000000000000000000000000000000000000000000000000000000000080
d-1-0	d	0100000000000000000000000000000000000000000000000000000000000000
d-1-1	d	0100000000000000000000000000000000000000000000000000000000000080
d-2-0	d	0200000000000000000000000000000000000000000000000000000000000000
d-2-1	d	0200000000000000000000000000000000000000000000000000000000000080
d-3-0	d	0300000000000000000000000000000000000000000000000000000000000000
d-3-1	d	0300000000000000000000000000000000000000000000000000000000000080
d-4-0	d	0400000000000000000000000000000000000000000000000000000000000000
d-4-1	d	0400000000000000000000000000000000000000000000000000000000000080
d-5-0	d	0500000000000000000000000000000000000000000000000000000000000000
d-5-1	d	0500000000000000000000000000000000000000000000000000000000000080
d-6-0	d	0600000000000000000000000000000000000000000000000000000000000000
d-6-1	d	0600000000000000000000000000000000000000000000000000000000000080
d-7-0	d	0700000000000000000000000000000000000000000000000000000000000000
d-7-1	d	0700000000000000000000000000000000000000000000000000000000000080
d-8-0	d	0800000000000000000000000000000000000000000000000000000000000000
d-8-1	d	0800000000000000000000000000000000000000000000000000000000000080
d-9-0	d	0900000000000000000000000000000000000000000000000000000000000000
d-9-1	d	0900000000000000000000000000000000000000000000000000000000000080
d-10-0	d	0a00000000000000000000000000000000000000000000000000000000000000
d-10-1	d	0a00000000000000000000000000000000000000000000000000000000000080
d-11-0	d	0b00000000000000000000000000000000000000000000000000000000000000
d-11-1	d	0b00000000000000000000000000000000000000000000000000000000000080
d-12-0	d	0c00000000000000000000000000000000000000000000000000000000000000
d-12-1	d	0c00000000000000000000000000000000000000000000000000000000000080
d-13-0	d	0d00000000000000000000000000000000000000000000000000000000000000
d-13-1	d	0d00000000000000000000000000000000000000000000000000000000000080
d-14-0	d	0e00000000000000000000000000000000000000000000000000000000000000
d-14-1	d	0e00000000000000000000000000000000000000000000000000000000000080
d-15-0	d	0f00000000000000000000000000000000000000000000000000000000000000
d-15-1	d	0f00000000000000000000000000000000000000000000000000000000000080
d-16-0	d	1000000000000000000000000000000000000000000000000000000000000000
d-16-1	d	1000000000000000000000000000000000000000000000000000000000000080
d-17-0	d	1100000000000000000000000000000000000000000000000000000000000000
d-17-1	d	1100000000000000000000000000000000000000000000000000000000000080
d-18-0	d	1200000000000000000000000000000000000000000000000000000000000000
d-18-1	d	1200000000000000000000000000000000000000000000000000000000000080
d-19-0	d	1300000000000000000000000000000000000000000000000000000000000000
d-19-1	d	1300000000000000000000000000000000000000000000000000000000000080
d-57896044618658097711785492504343953926634992332820282019728792003956564819951-0	d	efffffffffffffffffffffffffffffffffffffffffffffffffffffffffffff7f
d-57896044618658097711785492504343953926634992332820282019728792003956564819951-1	d	efffffffffffffffffffffffffffffffffffffffffffffffffffffffffffffff
d-57896044618658097711785492504343953926634992332820282019728792003956564819950-0	d	eeffffffffffffffffffffffffffffffffffffffffffffffffffffffffffff7f
d-57896044618658097711785492504343953926634992332820282019728792003956564819950-1	d	eeffffffffffffffffffffffffffffffffffffffffffffffffffffffffffffff
d-57896044618658097711785492504343953926634992332820282019728792003956564819949-0	d	edffffffffffffffffffffffffffffffffffffffffffffffffffffffffffff7f
d-57896044618658097711785492504343953926634992332820282019728792003956564819949-1	d	edffffffffffffffffffffffffffffffffffffffffffffffffffffffffffffff
d-57896044618658097711785492504343953926634992332820282019728792003956564819948-0	d	ecffffffffffffffffffffffffffffffffffffffffffffffffffffffffffff7f
d-57896044618658097711785492504343953926634992332820282019728792003956564819948-1	d	ecffffffffffffffffffffffffffffffffffffffffffffffffffffffffffffff
d-57896044618658097711785492504343953926634992332820282019728792003956564819947-0	d	ebffffffffffffffffffffffffffffffffffffffffffffffffffffffffffff7f
d-57896044618658097711785492504343953926634992332820282019728792003956564819947-1	d	ebffffffffffffffffffffffffffffffffffffffffffffffffffffffffffffff
d-57896044618658097711785492504343953926634992332820282019728792003956564819946-0	d	eaffffffffffffffffffffffffffffffffffffffffffffffffffffffffffff7f
d-57896044618658097711785492504343953926634992332820282019728792003956564819946-1	d	eaffffffffffffffffffffffffffffffffffffffffffffffffffffffffffffff
d-57896044618658097711785492504343953926634992332820282019728792003956564819945-0	d	e9ffffffffffffffffffffffffffffffffffffffffffffffffffffffffffff7f
d-57896044618658097711785492504343953926634992332820282019728792003956564819945-1	d	e9ffffffffffffffffffffffffffffffffffffffffffffffffffffffffffffff
d-57896044618658097711785492504343953926634992332820282019728792003956564819944-0	d	e8ffffffffffffffffffffffffffffffffffffffffffffffffffffffffffff7f
d-57896044618658097711785492504343953926634992332820282019728792003956564819944-1	d	e8ffffffffffffffffffffffffffffffffffffffffffffffffffffffffffffff
d-57896044618658097711785492504343953926634992332820282019728792003956564819943-0	d	e7ffffffffffffffffffffffffffffffffffffffffffffffffffffffffffff7f
d-57896044618658097711785492504343953926634992332820282019728792003956564819943-1	d	e7ffffffffffffffffffffffffffffffffffffffffffffffffffffffffffffff
d-57896044618658097711785492504343953926634992332820282019728792003956564819942-0	d	e6ffffffffffffffffffffffffffffffffffffffffffffffffffffffffffff7f
d-57896044618658097711785492504343953926634992332820282019728792003956564819942-1	d	e6ffffffffffffffffffffffffffffffffffffffffffffffffffffffffffffff
d-57896044618658097711785492504343953926634992332820282019728792003956564819941-0	d	e5ffffffffffffffffffffffffffffffffffffffffffffffffffffffffffff7f
d-57896044618658097711785492504343953926634992332820282019728792003956564819941-1	d	e5ffffffffffffffffffffffffffffffffffffffffffffffffffffffffffffff
d-57896044618658097711785492504343953926634992332820282019728792003956564819940-0	d	e4ffffffffffffffffffffffffffffffffffffffffffffffffffffffffffff7f
d-57896044618658097711785492504343953926634992332820282019728792003956564819940-1	d	e4ffffffffffffffffffffffffffffffffffffffffffffffffffffffffffffff
d-57896044618658097711785492504343953926634992332820282019728792003956564819939-0	d	e3ffffffffffffffffffffffffffffffffffffffffffffffffffffffffffff7f
d-57896044618658097711785492504343953926634992332820282019728792003956564819939-1	d	e3ffffffffffffffffffffffffffffffffffffffffffffffffffffffffffffff
d-57896044618658097711785492504343953926634992332820282019728792003956564819938-0	d	e2ffffffffffffffffffffffffffffffffffffffffffffffffffffffffffff7f
d-57896044618658097711785492504343953926634992332820282019728792003956564819938-1	d	e2ffffffffffffffffffffffffffffffffffffffffffffffffffffffffffffff
d-57896044618658097711785492504343953926634992332820282019728792003956564819937-0	d	e1ffffffffffffffffffffffffffffffffffffffffffffffffffffffffffff7f
d-57896044618658097711785492504343953926634992332820282019728792003956564819937-1	d	e1ffffffffffffffffffffffffffffffffffffffffffffffffffffffffffffff
d-57896044618658097711785492504343953926634992332820282019728792003956564819936-0	d	e0ffffffffffffffffffffffffffffffffffffffffffffffffffffffffffff7f
d-57896044618658097711785492504343953926634992332820282019728792003956564819936-1	d	e0ffffffffffffffffffffffffffffffffffffffffffffffffffffffffffffff
d-57896044618658097711785492504343953926634992332820282019728792003956564819935-0	d	dfffffffffffffffffffffffffffffffffffffffffffffffffffffffffffff7f
d-57896044618658097711785492504343953926634992332820282019728792003956564819935-1	d	dfffffffffffffffffffffffffffffffffffffffffffffffffffffffffffffff
d-57896044618658097711785492504343953926634992332820282019728792003956564819934-0	d	deffffffffffffffffffffffffffffffffffffffffffffffffffffffffffff7f
d-57896044618658097711785492504343953926634992332820282019728792003956564819934-1	d	deffffffffffffffffffffffffffffffffffffffffffffffffffffffffffffff
d-57896044618658097711785492504343953926634992332820282019728792003956564819933-0	d	ddffffffffffffffffffffffffffffffffffffffffffffffffffffffffffff7f
d-57896044618658097711785492504343953926634992332820282019728792003956564819933-1	d	ddffffffffffffffffffffffffffffffffffffffffffffffffffffffffffffff
d-57896044618658097711785492504343953926634992332820282019728792003956564819932-0	d	dcffffffffffffffffffffffffffffffffffffffffffffffffffffffffffff7f
d-57896044618658097711785492504343953926634992332820282019728792003956564819932-1	d	dcffffffffffffffffffffffffffffffffffffffffffffffffffffffffffffff
d-57896044618658097711785492504343953926634992332820282019728792003956564819931-0	d	dbffffffffffffffffffffffffffffffffffffffffffffffffffffffffffff7f
d-57896044618658097711785492504343953926634992332820282019728792003956564819931-1	d	dbffffffffffffffffffffffffffffffffffffffffffffffffffffffffffffff
d-57896044618658097711785492504343953926634992332820282019728792003956564819930-0	d	daffffffffffffffffffffffffffffffffffffffffffffffffffffffffffff7f
d-57896044618658097711785492504343953926634992332820282019728792003956564819930-1	d	daffffffffffffffffffffffffffffffffffffffffffffffffffffffffffffff
d-hash-0	d	c86366255a03745b19f98ea488ecbe1f344eceef7323d4c105d08706cec58b0a
d-hash-1	d	749704a02bfc00de2f5c1f9333bfb1ff11552653fdd8de51f66c0955cca613bb
d-hash-2	d	1c28416a40a76639b9ac781763fde60d6710804eb20267fb59260b98ff281d3e
d-hash-3	d	bd1024ef5833b67287be546f7eae8687ae9cd37b2cd57c0ee17f2d95c0dbfcb7
d-hash-4	d	59b43a29332db58ca15e89acbbc62b9e7b6726c85dc64e28bf1ad06a6e895d3c
d-hash-5	d	2a199c1f498e738f006ec76c1f5e316bebf25c012676b67879f1c376b7cf0e56
d-hash-6	d	48bc48efb576e0080fe2437a91800f3c5949db3bb0d5b45359829a133a45bb2a
d-hash-7	d	f6046f414740db7db5e3374d72abfeb6fd41c1644fe58303d68f7b006c1dc396
d-hash-8	d	b0ac8d755038f28746b62414f41e2d5ee10cffac33a688f6309e4e955afea363
d-hash-9	d	2052db06b935fc06fa83d70eb78b183ae7c15d9df970954392a7d2324bcdda28
d-hash-10	d	574f299cd7752448b55b3e656635da85154df3a3cb9550e64950398761934e14
d-hash-11	d	0428daa413d6430acc2a6c9d3a098776318a55500317fcb7d237ab845f3c351a
d-hash-12	d	39c797efb64fedbcef21d79b1e2d915b657d9faac8de4640f7d063ae3e8dfed5
d-hash-13	d	42d31ab52018369be5db174869262413739acf5a1561db507cb585712f50dde3
d-hash-14	d	7d23e14ff611031f8c7bdd60e6fb92ae08db0185d5cf67fe0bd7fe52c468fc0d
d-hash-15	d	a8a9b918c9c7d08b1dd018933382bfa99d3981c307731fe3b0adf736be78a88d
d-hash-16	d	2b03feadacb2b919bff0a7f2ea92446b46e9a156989a68b96095ae52d07c7d5f
d-hash-17	d	c359696ceebc72f25c045cfa4bef4c45362f94b4297745f53630bcdf00c3ebb1
d-hash-18	d	a0f75d342e9f112e839a4477bbe957ea6ea71a1526c71ed4ecba87123dd0bc11
d-hash-19	d	acfc9ccdb9c9fd6fe504c5369779252d4a3557eae07f9dd5c23fc40d6421b3e7
d-hash-20	d	c5c1f20a0e2cb77d424f396604a6cbc9235b3ba82a38ccb96dee04ac34b879f9
d-hash-21	d	164598e1714a92f13bf3b21a5483472f4f8621c4de22af1c0d7f27cb9d662213
d-hash-22	d	47999945fc0e5a8c05ac576cac1b904d3d53c338572183bcf644fad5f69f2c72
d-hash-23	d	f90a7e625990a6beb1e7a9a9940ef68ab9c6369aa741d1eb68c65ec1b0bb21b4
d-hash-24	d	2697c944a35296257ce016d6ea7d0925852ebb44182a00c3a8133ca81e9d29a8
d-hash-25	d	cbfeff66a062cf05ee31c3052bbff99b2015092b9b4ed4f9b9e9bb8adf3040eb
d-hash-26	d	714787b28f44d1bc871c6db460df30198675f768bd35186a5afdbcdfcd9370d4
d-hash-27	d	7b5b03eb600d02270fc9dd8c3071ec697d538731ad67f6bf35f43469a54547e0
d-hash-28	d	481e50441bcc9e32d584be38df41867e11fdea6bfd3038337eea9a34b6227cde
d-hash-29	d	81a073241b4953d11a0168a972ce173278b63d1788fbd5e58e79e0b0e732bcb3
d-hash-30	d	946b87f04784aa449b938669c0e457b39f12c35087ca8f3bfb6bffb479bcfb83
d-hash-31	d	fc81123935737fefe91a7b86a30b5b57f8e44a7dd3d576c0aeb2408a992d0202
d-hash-32	d	c261dda331049c77fa717e0d19d756268f4c4dd49dbc854525aecdeae620b1ba
d-hash-33	d	b6cea79eec7d33ce75c624b1bbe6a05c1c714a58082f2ebc8815d879f75300fd
d-hash-34	d	0f249aa1dc411f8568ebfc45c34bfbf70d7092271de0e0e89c45879193dc3e1b
d-hash-35	d	93b5d64fadaacd8aaabf781006495bcc86c17f76ccf1ca134124757d4e48f5af
d-hash-36	d	3e96e5c095c8ae0a34073d36f7bb26eeaebf94efdc9e795d7540457b288aba85
d-hash-37	d	f07a0ea41625e70bb16a06b1ff8233703c46a2cd84e37547273e760c79182753
d-hash-38	d	d3f2209458503b9f20f3e0a332732747dea9d809e5763dba222771f14d595096
d-hash-39	d	45543df65f799843fb1799bf0c10767d810f89642909f21abe73da438ff0512b
d-hash-40	d	54816d873774fe9df07263cd079abf50601f2fdf657cc907d339ace83f6ed07c
d-hash-41	d	cc91abb4c5c0958f93ecfb8466671f7f4f5e0fbeeefb897b28047ce5fa88d313
d-hash-42	d	bbb78249663b7156a75b6e0a17b387acd798fff4c97c15175d24a812c9913980
d-hash-43	d	8f363e0bb6bad758ff311bc679e452711d6ec27fc778b3d33826ff0a8e52aca4
d-hash-44	d	874dc6c0b62d9857344b2f4655dd4607f0cdfe830a06309459b21181d990da79
d-hash-45	d	8f36dea1ec311cc1cb813f785eac90ab07d08a056e1ca499ab7cd8dc123443b6
d-hash-46	d	6c21c2c2d718e48d68ee3cb65334826e6c36cc2d6743f65d9c559fee0a2642d5
d-hash-47	d	6802eaacb2421ae93d6c14e3662bebec93c0f114abe8ec777eece41b45bd202d
d-hash-48	d	9490cef0ecda9569b47cfc26cceb463e57ae453c0f3bff4f015ba99db76d96b5
d-hash-49	d	6465bba0de920cd21f67c851b07311ce98b200661a7638aabcfd17f3d9c44fdb
d-hash-50	d	2b333c5c0b929f3ea76880b7e61bf0e5a53f468636690033bf8c5c50267413a9
d-hash-51	d	afa41d78676a195370c201e94de045a417ca3538e274fa2814d3de8575e6a055
d-hash-52	d	1c44bb96cd29f539afb5b73aa93298f99d048996c08bb201fa0b432526d90575
d-hash-53	d	ce200cbcafacb7fe5006862b3cbe217d8e4a81e2f6202ed3f325063aa7c4cfa4
d-hash-54	d	0d24e497a886e2acbc01ecdf67ed8e19bb6a99a8eed2d8e1e061c990e576e046
d-hash-55	d	3d35f5c0652a0dce240162ea8c6e290d05d78e4267e451590af1c1fdc60fd0c8
d-hash-56	d	407bc52b3dfdf829740fb3755920f7560ac59c5a7eaa16a86cc692e80f3d94a1
d-hash-57	d	f9721ec7d50ccc4474cefcce17f8589c9bd79b5469e4fdb1489746ce3c42ef3c
d-hash-58	d	4c7b747f482ffb63f05a5f21b31eeded58408325891266b3e445c4b4957778b1
d-hash-59	d	f5baf6a9346688064f4d1f86bef65bcf51a5c614a1eae4c2c802c07bfa948145
d-hash-60	d	f14128d33a6ab20d09fe11b2d7664bea77938a355e34a57b3349256512c4fbea
d-hash-61	d	c9b7f1d33fb570aed4aabec50757a172cfb6e00be13fc1e587d54d5a4f03b732
d-hash-62	d	40cea29cb1e27d74cb13328539b0c40911928b2c9fb27e8898ae31cbeb0e66f6
d-hash-63	d	bea4963952e67de4ac8ae3c216e03792cc1b3624da691066aef398f082fbb1e0
d-hash-64	d	68cc0c0f1c8b266b5756d2ed53343779f5830ae0e0ce097e444c92ced75df95b
d-hash-65	d	33969badd9af2286bcd91916c87fa18f391dc639e4fdc7ecdad1efdd725f1a18
d-hash-66	d	e0c3ca8d3b701301188e3183b5e336ba86259ac74fe456d03a51343f8fcf884a
d-hash-67	d	881e182ce20e3c1f58c35431934fe7786a28b3bbe448dbd4bbd54fdd0218776a
d-hash-68	d	072bf8501a767b0c9f5c6c3fccd6d99e4ee3fc202f2a789b2151ce2c6169447d
d-hash-69	d	a13afd2ca62c54a1810b71d9faef32b8c03eb80dc9590e81d1063f17edf2e1ea
d-hash-70	d	a53b646eed79a836f8282b1081dc6bbb053495ecda2ba3975e03cc92644f15a0
d-hash-71	d	c52c9f654ce1778c41ae32ba66d20436760868e22dd45674cffc4daf4225bc14
d-hash-72	d	ecca39146935aedf6536e6f90ec868f18ebee29bbbc12aacc7178ec79c1418a3
d-hash-73	d	f10fc71334c48e01c65a97f5546e7659503ce42684a895525ff668953c10aeff
d-hash-74	d	d6d6563ed2bacd7f15d0ddd221f3f205d3a25dfbff871924c6bdec57e2aba72d
d-hash-75	d	4d40be73a3cb6c21c5cdec0f9a1e5739bf9f4c65850c0d8701983342c7984a1f
d-hash-76	d	d9e1fab813efbcc32d396b04ab73309e6341fb187cb5f304bd734aeda6a9eda8
d-hash-77	d	98ab01244be3d55f56636dfb6022048d97ead294c7c0cef8bd62e27ff10d61e3
d-hash-78	d	c5cb4e8f1a2c1fe1a7482261bee32239713f2a1dcf11cb72f353f2c616ed87d0
d-hash-79	d	c8baaba6ed1d88017b9cc8ee36f3dec6e5cbe5497ca03fd5c0578ff433030bc7
d-hash-80	d	4ab4ffa5d2a8677628d49cf9706ba732b87608ad58257b852b628a77d36d9fd3
d-hash-81	d	63386999e44c9b68e4dc50bd43dd7f1a22454e230663c514744a36728b94ca74
d-hash-82	d	183c06f90a26fae04ff1259a6ecadf38fbb28e8d1f5b9d6bcff48f475cb5c5a8
d-hash-83	d	cf0396fc1c06c594f151d4911912c4b711d77782beef3c974e55f816dd260205
d-hash-84	d	7149798b6208c01d7f30c3b63b8698dfe6ad43b4517fe71735f915b1b53d81de
d-hash-85	d	f25c37021f0b3d2c6a2be2c528a563259a0eb9998db633a3493cf5920eed9fe7
d-hash-86	d	0193920fa9a307caf8ff6fec6bf1e8f773d23eb8c5b5ad3c2935eeb11efd3092
d-hash-87	d	ec242eb6880b194ed6a2f7296b80568f0168516e191339737a760544414caa62
d-hash-88	d	3417337b54f2b07441e290b645558f3ac4dc237f82ed14808681e14f5ee42440
d-hash-89	d	de62c6b8bdaae6625af921209bd2eea34bf587068536ac7ae96944fa30e50270
d-hash-90	d	ec2b9de90f77916ab5bd15ee9d627b51ad5dcf1ae8f32f6eb4d30adafa895bde
d-hash-91	d	103b55ad94bb9e6f8f7a3aaa595471dd3ff3434d4fa979e9a8812d738623f571
d-hash-92	d	f6dca69824a52a59bd44b836f1eb259b10cf70af3c85b11027de557bb27eec1c
d-hash-93	d	c42af09ba0387abdc0eb4db5d697333296140388db663e8d35c332c729ac4b11
d-hash-94	d	c443b301ffa7dcf3e78a170d56c4500aec83983bfccd4a51d52098efce826f74
d-hash-95	d	1f9f3af1484b06d369f0114e5104e6c61e0342aad7b94c323542e2f5fb584022
d-hash-96	d	c0cedf2fddb5a984868b9f7895c73d63cb0a1e1cec4fa4e12140a581373d30d1
d-hash-97	d	cca1facf005761489d0106db605e6e1b1bdb723486b068cacb8750aa5ba045ec
d-hash-98	d	68e401fa2990f39cefede1dfd9794f7642b19c62c48b902efe250a439cac68d5
d-hash-99	d	5017e7c60dcc14dd2b0ba428802bbe626f95ef1340331c64ebb39d36774fafd3
d-hash-100	d	9522d992659b6049a805d222ee1e4b666dc1d10606998beedaaf392a3dd8c435
d-hash-101	d	b4ff54cbfdcf08460da9be0474a972f89f17d8e3532f23bbf8264fadfd91a48c
d-hash-102	d	b606b8015a37ee02690c32c005e06c282e619eebf609a5d54476411c8e24443d
d-hash-103	d	c783434ef876fb3c90c5f54a9d40f6623028b21ce70306340936790ed78facbf
d-hash-104	d	710f82861b6bee62d6ea97bb8c599c3ee15691b90dfd637d9979d107f667ff92
d-hash-105	d	6816573d2c061f4b3f512709be9e93b33c0380b4360e10ebb6226e74459cc39f
d-hash-106	d	4ee93736a6e01630bce6d3411fcf2d658fea302fd7a4b7e55208167367bdd623
d-hash-107	d	8ad563943e26e73ad3f3ca77fc81eabcdcbd116a07b2e81b566d75a114399410
d-hash-108	d	4d853a90d58c45157af713d799846c6ab59a04026f3bd67aec4159f5d95a8a05
d-hash-109	d	ef0664fdd1fff5b60680951c15a44a9e81ad79f8116caffa71571d1d2e75a20a
d-hash-110	d	b4637434e923139d8c20e82decbfefba0ca6affe139356a4a2b8b7abcf26a12c
d-hash-111	d	cffe3778a2016c3b88659826c17ec292b46ed02d4dfddcc1202ce6f1811e160f
d-hash-112	d	a28ba2b23ae0f02fee4267ba1cb69f78dbde4b9ffaa81e224ba5a2c3e6a56eeb
d-hash-113	d	66d9f2e40cbe56ca115aa7685b86154d392bb4af386d8f4d2af48be1e77c8bf3
d-hash-114	d	bd33549901834e709afba480a4f291ae82c5e28217029bd6d664dddac228368d
d-hash-115	d	2a36a7d500af15fcfffac3c6b422c8b6e0ea53cc7590bee80d1d88366c16402f
d-hash-116	d	1c76cadd7b209981fe5013937336a4c1762c9555ae9b85243a27eeb4e6592d90
d-hash-117	d	0f0342f73c43919aaf441a2519cc08834d2fe13a304405e2f8254ed6bf572be7
d-hash-118	d	4fe45e9faf12be9059856f7fe8edfa08f86b3d787f23bd849b8aae03d00331b1
d-hash-119	d	f736410db890b70907de586b82a2333c328cde14f70c4795eefb0b38ab166026
d-hash-120	d	c4322a4b9f7963160bd5f29f386eb0373ba1f2b384807128e3647561eff8dd70
d-hash-121	d	1910afe3a397671994752816ccf54cc1e111cee49f33460a874331c323538c4b
d-hash-122	d	509f7c9da342ae6421420a3782c6e9d49fdd184dac1d7a0f0c7c5321d22f8efa
d-hash-123	d	ae537c7433a2f9a691ef205a0e784dbd0c57793899149de20ff87ab9d1d4863b
d-hash-124	d	7b8a424b30a25154b0745717d7a154617650d79194fe73a4b534c95de59ebe3b
d-hash-125	d	7dbe43e01361407b0455f3e4bb12336fe9d37d22a656633a89b8793bdf7acffa
d-hash-126	d	e6a0f0cf0db2dcc69ad4010db0997ad9c76d98c93cae6aa9d80db899c90cd850
d-hash-127	d	4cdd2d67e21902d7c0d728248062a40d9e0575b51c3c516bce9101bacf6d6874
d-hash-128	d	2fc2363c45a1fa2705bad68e0789f74c17859952a6f7eee146a2705c63edffa8
d-hash-129	d	bd363f26bd7f269567ca6fcfddfa2dcb24c191e61357fbb512db461f18fa8d53
d-hash-130	d	30924d480674eaa473b4e7d43327da4b72479c64ba5c996ec4e0baea54b128b1
d-hash-131	d	962b573bcb5d84fc8d37f6d0ac3888816a981eb75af5a8e6c29a2ea64cc109ff
d-hash-132	d	72599c7297c629fd8cb9330afe534d9ca049c3b809de5bc1036d50a62ce69743
d-hash-133	d	3c720d066e6bba1b8f4ecb101695e0376f460fcc73abbd2b0428c72b1e250725
d-hash-134	d	de74aca5faa4d3fb34eadff4536983f90505854f17ec8c38d7b2fb124c335138
d-hash-135	d	7f12104d687cb7ca7f0e77b2cc1beff26d038f6e5c8e1607f65c7378f0234fe7
d-hash-136	d	7c5f156588142e04a74bff012745686c7830f0dfc177071a2ae46b72f83cb28c
d-hash-137	d	352256cde27394a2e377d43ff8ba869a84ecf630a436f46f994967c369f49f62
d-hash-138	d	06c08f60aab846c443a3b382914ef819fca234fc2790fa2d14229a22657e84e3
d-hash-139	d	c04cd297e4ab58d620e8fe00fda5cbe4b42d63bd70dbd6451604a4b1b44c1243
d-hash-140	d	3bcd6e8bb8e02ea96545adb2b6be01850255cea1f6be20000ae1c89fb186695f
d-hash-141	d	443ba58e0d7043c33d8bdf88262897a9e9f2baaed29e2bd6b2071b3b9e746174
d-hash-142	d	003e3152a385ed0945e03f50d72b31a890ef3a35e4dfeaa982502f616453d658
d-hash-143	d	1ebb89c083a88dd93960e5b2644ae3177dba1ff928d53b0af7df87beef0740f5
d-hash-144	d	9d6b8c8d6acb8276b57124c0ce3066d6952671fffd9bf8773e9e2851603ad38d
d-hash-145	d	25472cb0ac6748bdb4f33d88f1caa55fd0c8e21fa543dfa7dab2e4163557b18f
d-hash-146	d	58188a6270a8c86e3e0a04ab1b16420a6b098be8b4ade7f19f6d0af47aec65bf
d-hash-147	d	3e786b7275b3cd2de02f637a79df8166460786935de6b8467dc146a41a231fc0
d-hash-148	d	d497e23080962e9eddc941bdfdb06339bc954c5b9f85a30cbb71aba01a260ebf
d-hash-149	d	9365387d1a27834d071405098b1bd67862f9fef3a2bed17ad2bf291d9e3aa8bd
d-hash-150	d	2c514b88b147374cf164f33f3689fd8348f856b1a823ed2d2168666220426b21
d-hash-151	d	b27bd2cb6993c76ae0891f88b75169e654e0c76a87ee54bf3a41ed725a79973c
d-hash-152	d	eea7b9a7e97994d01806a7b6c0bd77a32498e29eb07d1be3ab0a1150e2cb44ac
d-hash-153	d	a35bcb5413751a4b60801f61ee41bdd72de959513998d29146bda54b6e794c3c
d-hash-154	d	09264f5db69cd20b663268d92a6ef1f308a20fee44817f4d72fb02a7a361bbc0
d-hash-155	d	2ea35c0c2d95081dd6ed7cb268f0f4ad4ee6b5bf5efcab6be0592278f9ff5195
d-hash-156	d	c19f03a29f8ea245103dd862ea1e9350185b5c2f56b8a967f2770e56878bef7e
d-hash-157	d	927fe626aec93bb326db543e4a482aa4cb4531864253350cc06557d6a718be81
d-hash-158	d	59a9cd20ba43d7edc79ad6b29d6490bcd5cbaea86d2e88032ea229cecb071e8d
d-hash-159	d	504885f419b945fc43cc9e86f323b9ef8b21baa27c534f4ffa125c564a4b6ba5
d-hash-160	d	fa40cfc32b7b470bab4b401874007c9eb38b7f3eb341efbf810cfbeb87e78705
d-hash-161	d	29119c9f5f7ff147269ac96e9ce7b0c5b3b5d652ae942c034000f34d42b29403
d-hash-162	d	0fabe19fd78a89121f84a752ed54dac518f4b32f793eac318ca0bf4211a7ecda
d-hash-163	d	d3b5a07eabadbb1237fe1a2c0d090bfefcb6af652a7a70e084ef4d2bd8cacb1b
d-hash-164	d	086812220581bd5133327dcfaa3cd5385b08572dabe867a018847b509b7898cf
d-hash-165	d	ff11eee0df87780d8b384402f0b65c900e6db8cc54730354cf020e259a48061c
d-hash-166	d	272ad4d2abb090289ef12fba1e858b4719414cdd6e9c9ee76cadca5d4ec642db
d-hash-167	d	692f129e821109be18f6a262f1a41a4e04f0be02b1803d7be4c6059556feaf94
d-hash-168	d	388046f44ddf2ea1558a232f063414bc8cf08f629cdcf9dbedf5759c43ca09c5
d-hash-169	d	3d10e6ab8d9f1a0d76dbc183e46e066aba84d381762608a03297d7693c18611d
d-hash-170	d	0fab94056e8cb8283bcc48cf5e421e2c3d5a02dee6a0b49beb0920e1d6318687
d-hash-171	d	545278e37ea2ec30aaaf0b3793e5b999a0ff55ff9f4b882b2b35c1e0b751ffd9
d-hash-172	d	9439246a1f47d861d9942811353752d1e9dd6f918044f50b2ea1e0b9c465b82e
d-hash-173	d	6b48b1a2fd78a02d782ac2f2c03f2bea7f8a01ffd1e043cc3d24d1c334457f19
d-hash-174	d	49596847c75ea59a60fd5cb6512dc768ce477ab42a1b91ca44a9315487d468c1
d-hash-175	d	0c2669df01b932e50685e5411fc3d856143e98eb723a1fee1c5d11c1a2be6c12
d-hash-176	d	13d9045a3f13b82bce3bd281c7fe917885442f74cae42c88abed9910b95c4299
d-hash-177	d	ae45812ff721361f99a9c868eb81d27c0052ced55915237cf91b776c3000508d
d-hash-178	d	1196fc0f2fc4f615e28465bde33fa25c330c759d260b225774e7aafbdb792c1a
d-hash-179	d	b0cb929ed3fd3bf4ad4ab2c4f6ea46ef7a29fd742cf9f92526dcbde1f601dbeb
d-hash-180	d	3bc1eaa970c98fa74766926d0d6f0fb3a6f0b142f33e10c3e06a9575190be12e
d-hash-181	d	1d8d9a8e520f1b7fade5f5de13798b07b75bd79199d42331e35f524a5d5480a5
d-hash-182	d	2dde74840f74335ae9c3efa10c9f2f723ee51b69bb20f3ff41fe29bba6244fd3
d-hash-183	d	c867617a1cd30d23b9c2ae0b092645261e08e93e1070f5f056729440fe95a2f9
d-hash-184	d	953a6d0409627a0d9cdf84a7b276ef4160191d8b01681aa4615fea85858128ba
d-hash-185	d	b20a5251a7d0aa52fd9ed73ca907c7b6c70e7a7b2f7e28e88a0ccbfa43e8006c
d-hash-186	d	7b7b41b3ffa6b5832a6e09c6f4a30eb638fa650f36c8c57c3d92498a157fb5bf
d-hash-187	d	4fcc03c649c85dd250710c6900ede1f08112e7b8075403f2d57f4288c0ef4899
d-hash-188	d	1427a720d58219c4060d9d497a7399c42b383585cb8e1b9e1787296e9eefeaea
d-hash-189	d	3a4758b0e6c02705044a389628bd8b8d186f3839bac02c27f4a5338bfdd5d387
d-hash-190	d	869b2801695b3cda2115b8e4ef5fb67e31e7b021a1ce923a5b4ee6a8962005fd
d-hash-191	d	15fbbe4afb47facb4928840ba4849de6e9e2d3722d2f9b3888e71beb79497450
d-hash-192	d	95447317b373f4f1f95ef086a8599dd4bf2c9c8ef41331b05bd41f6ee5bc41c7
d-hash-193	d	0b8fdf6f1f9e94a653494c4a4d32d33c2c9b8fe5b8166743aeec341425afec88
d-hash-194	d	5f87938cc012fd0d8988cadcbb61f073d31f68d8bd5c8183dc360648553abb34
d-hash-195	d	2640097d88e72b1393d268b9e86175353839a32d26557f7b02d81c4ff02226e1
d-hash-196	d	45a77c3db8450f6a93552bc7981389d13973795b2e2664625205548d48afc564
d-hash-197	d	c2fc14c1974a40c30c7c1333fc824b05dcff7a4ab3779974953bf4e485a81bd9
d-hash-198	d	789528a1f59bb859f62760032bb997b4e2059b348bc2f98c782eadeb43178f69
d-hash-199	d	b97faab1b2f410f09a7960058391303457de04fa23e0d8bac06dba42ed7b12a1
d-hash-200	d	6dc288a12db30205d04ed6166b01e7dacfb8c08a8e0c0100ee0ec4c1102d9dd7
d-hash-201	d	364bdef26af4afae982b2f70193097ff3e7bda992927d4aee19ee9255e2e6ac1
d-hash-202	d	480650dae2572b7ccd490b9a6615e4894d73236451ea9f1795c780e9859003b0
d-hash-203	d	568e88dd6f301ef4be184810d845b3195d86b6ad801efd86ae38ff977ae5bf6c
d-hash-204	d	d28db3e5823d84a956ba48f89a415a249f1dabc1862dc466a21e7bfb4bad89ff
d-hash-205	d	683e7e3201af230ed1c8996001cd884c020b3e49e4d1f6b8d36df40cf0c63b04
d-hash-206	d	4062d4ffde4780c4fe96cf97c9a325eebe7f38b44e38e48b8451b8dd81f406a2
d-hash-207	d	086359d4292988bb4bc1522b3fa5528754e036f1b67a85da44cabd0049db957c
d-hash-208	d	f9ac1c276e8d356a7c226c29e11f11828580059737560c897efa64f73554aaf0
d-hash-209	d	4735abe1e9294bba2244b0a44a145ac5ffc58fcde9fa62439d88b4f3c83bd6af
d-hash-210	d	3a923d648821cb74e294a1bd52c65d09325cdd7d2c04b6c52dcc686095033a5e
d-hash-211	d	bd87ac60e78ad01263407e2f4924d57c186e46b7155ed9251c3f66115744e12e
d-hash-212	d	0fb6c411b3e1814137f6adbd6b66248fce29fccade8ed4c39209b9fe15b8ca4a
d-hash-213	d	ab997dacdd5d0702598394cbd351e643acf671d6134b40728d8cb993c2900a5b
d-hash-214	d	03bbaa9ac0031b83c7826fce91740814690858f5e95caf81cef6ae78bde462b4
d-hash-215	d	8cf72a15cd88b0b2f27cde52a6541e056c385942de8973119daa0e17281b50d1
d-hash-216	d	df1c1794d02eaa1e54bbd6e689737bb7ff73c55994491e5cf1d775ee8e8dc508
d-hash-217	d	81f5670098b68ec8bf201174323af47907dcc0c9a08411fc1f6a949f45b790d0
d-hash-218	d	22bac26fc35705f4f22dfb8a45d9d7bbb9478ee069bbbaad4ba269a07d8d29a4
d-hash-219	d	47b032a2eb31d8c11a283a0724f3fb56a98038ee0195c398eb91771204da662d
d-hash-220	d	e131120562aa7228fb0f76edc51c0bd5f0b13cb53ad90aa5988853abd58071c8
d-hash-221	d	ed726a9b6a37bb88897280417bdd5b181c2af1d30615564216bb8ccfe06682a8
d-hash-222	d	1c6d62aa95c6cbe2ec31105432748f95da92c8fbbadd4ca318d5060c8902d782
d-hash-223	d	f743a02ef298c808846f3e5cf765267f4893262445eb296fc58dbce5ad0513af
d-hash-224	d	d9611167939871663a36460cb6e6915d3f5e6afa6522294bce4c4215cd8d6ab1
d-hash-225	d	c850ea28d7d514f75555f80b3f0186455d97cbbbef1c927b15e6f29a315d98c7
d-hash-226	d	f2cc8be8b80fa6b1ff01339c7ddf6d5b7ed03e3bf4e94c0db354c23a9ce59e5b
d-hash-227	d	3d375f7a66f24942b519e2fc6a3ab0d4c0c1a738a7b9cd107d26b548a4c65b54
d-hash-228	d	073504077684b3ebaf8ec004385be572ee100cd4eb649537379943e21cc72881
d-hash-229	d	df45180d1b5e2ed5f5c4b5834abb4a4d729e5aef900cfbe334be9ae9b3ff9ef2
d-hash-230	d	3c6f370fa000adbb67bafebb2ad1cef6f97a22d0758167f97fb3ad1538f6f579
d-hash-231	d	dcb8f293a06b28144d575ceaa2316a57746532a816fbd4e837556f02ece1f84b
d-hash-232	d	9b0687669ccba37d0e1b208ade0e2f1ebdd79f61d59445e51b519e25d0b17b19
d-hash-233	d	aa7dc917947aee394d7c3091bb84fe49058fce4e952cd345bd9eec00bdc9db20
d-hash-234	d	1d31dee7c06de6f5b243194949569da879c46459b73104f4dfd34423d1a44a66
d-hash-235	d	80b10381e83012aa239bbebac19dd32655f4e07959cadb264cbf2e72644236e6
d-hash-236	d	2dc939fe5e418d7eb6467efb58a5df9e061a1849a7988a76168e845f616d7cf3
d-hash-237	d	afdefea48dbff4a5f337d8f5a0230f614acd849ba4496cf1b227953152723b5c
d-hash-238	d	4807bad22ca108472a43e4092896d0f6cb34c0847f4057d6bd5462ad77668e5f
d-hash-239	d	1bcecfe2890b1a318ab147320890305dfce4d94ef3e44d5f77295154573e860e
d-hash-240	d	fcaf6b105384b249f29c13ae90928759e1e3f63f5548bbec6782dfbc09845f41
d-hash-241	d	f0acc30680e4c7be1bb9f32cf90e6c51f72dae31bd970d8382280a75e1b77bd7
d-hash-242	d	0ebc51b236900991b109ab714f9cb9ec7e52684c322bf069339bad9c8e8a0a3a
d-hash-243	d	a434a620e38985b03d44f6053619d55ed70389278924b462df871eaab92fbaf3
d-hash-244	d	15f584f4a06750afde48a9f026fcde0d245978d0899c5e0f8f47679cd945b409
d-hash-245	d	1d7063c3fcbdce98347a25798cfa5b595fdd1b689cb8b9291e6f01ee5c851977
d-hash-246	d	c95517569509dde79d20f761a476b645ffb7903899b356e801b7470440d1a781
d-hash-247	d	1b4bc679e8f8a67793d0b14607f92be5293171dedb9a2516b818e22f443549a7
d-hash-248	d	87f62f419a623ba778bd1fd35bddf399de35c3ccfdb568a98710f78a7484a341
d-hash-249	d	899a0b079e7860cd65124097cb520b57126cf217dc7373fc4f6d98d81524b9c1
d-hash-250	d	f31596e2652c46bdfb40fcf3ac03a5dcf33c43d8e99e4663c16a295084abdc3c
d-hash-251	d	7c0bd0cf2dc2751d020ef239511638e9d39abba7e5ac41e8d0370bea47070394
d-hash-252	d	254f50284f7d605c8efc55361b6e505cf062f8813e5ea05a92fc2b6eaa64e9af
d-hash-253	d	7a93c0b06e13e834dfd9852f4b3c3d1d9ec0c036925b157686746195d908130d
d-hash-254	d	a9478f3b392614aea3eb89ac0237145bd3bd6501055968175306c0736477b0d4
d-hash-255	d	e56a00bd74ce51cc13e67d41427f95b2106fed216cecf5c293f1b4c9742c2805
d-hash-256	d	98f5c8a1a248c0bfdca74d200a74cca83eeb6a3c87e1e84e71a3392a2e4113b4
d-hash-257	d	a8cd58e5ec279259bdfe0cd961f047204c6351e02d8b9fe915af1807b198bb5f
d-hash-258	d	673310604853f6dcd17fb2b4096622b6d6ac98d5e37ed14bf4928ed53b58e062
d-hash-259	d	b96a5ec953081d8af0cff206915c1947f1acee9c4980f06bb705a1e530263ce0
d-hash-260	d	c01818d6a9edc69fccc44206ffd348f44b26a93478c4b012fc45b43736a7da4a
d-hash-261	d	7ab4d47dd3cae010384e712a8c4d8410c97275b44a921fab72e70528ccd8faa8
d-hash-262	d	acaa6a0efb0b4991de312f53eb4aa832a4971e7832ea9b64002cb9d651bbb7b5
d-hash-263	d	a39e696175ffcdbfbdece64c545f8851ebec4825464548b8cf8569afa807c572
d-hash-264	d	278e4fb161ed290293ad2b92ad6421e7fb80ce1b336a0a6df986918897860bd5
d-hash-265	d	0c6e295994dcd1dea69aa2e4fdfa308164586298d42ea3a366e6bd0f81a0ede7
d-hash-266	d	29ae0ff973ac14c580d1da522f9b6ac2d209651802368d12d4dce02a5a9c58b9
d-hash-267	d	21431bee9385fbf5047ae816eb77dcc7cf21e790e7e1c6ff8dbece6df9b272d5
d-hash-268	d	8df0c35601c7c56cd3cb01a48ff5b5759182689fd696f8530530375da8c366db
d-hash-269	d	1d30e686bcd54cab2379d675528daf36c5bb7294eb913a343a2401f94a2ad5c9
d-hash-270	d	3339156aed4638baf3b13640f855d2ffb7ae91ff2994ef6ea443850ce2df8425
d-hash-271	d	2db6a4f0ed053fbae2e494cd2fe8b0f925f3bb4ff22bad92288d1079a72b4b5f
d-hash-272	d	aee4c939b1b27e9604fa3b6f7926e245385953c8cf83c5d773d9b30320259518
d-hash-273	d	fefabe0376f47e282ddc45abf8797fb22f61e33f88e1402f342d1cf2456eb0de
d-hash-274	d	da4b8d9369d696479481f467c7cc95ef64568da5266674d80707527a1d5ce3fb
d-hash-275	d	ed16add5d1108376ea9118e6bef872ce3ecd4642f4c7d5c22e6355b64ff6531b
d-hash-276	d	71b43e4d18dd1e8c96b873292f781e27a213a9a316eb4f618ea136246285257d
d-hash-277	d	34ba6be3455ffaf397869b32a4eaa2c5ca0b8ce694bfd4f5e69378d3c7fe0fe8
d-hash-278	d	c5d4ad61e9a57b47ebbc4176a2d8a6dc12ffce4af28d4c556f9cc449aa9c825c
d-hash-279	d	02daeb6704d64adffe7abe85ed13ca1cfe9625ac3a2655cc88108c6e004c39d4
d-hash-280	d	92cd6a77122a522b168ac0b778a64aa880193db1c558dd0cbe931e75969552ed
d-hash-281	d	89acbfdfe6fc76ba1d773658586eafcf386cd447ec69812a41a7ae5f189ca468
d-hash-282	d	9985103d06b25a3c44f6d020f3cefe36bf6358d38aa0f34a4f3202de8f339733
d-hash-283	d	b9d2948c10dda9f8cbb0b4d2b99fb25326a4dd3eadcb437e2202e7e008978687
d-hash-284	d	5cc07c62215ef7646bc49a4100bdd558e106e2e0ba59e04d0bd3959f39a32626
d-hash-285	d	bc30fdc4960a4ed840a8d16c694a984b3f1f965cf5603a729a99552b0248b04c
d-hash-286	d	e82b45878e2df46d22f193cf7ede14b628a53673a686d5189e3189aaeb9e8a4d
d-hash-287	d	13540013fabd26a465258c715baf0064360c3dd663324cb622b64736823a4ae6
d-hash-288	d	4283f532d544ae5c46f1a6c00453d4557c87c3afe9017adf08fa314923917e4f
d-hash-289	d	b8b068e5c1a5b4ed332a754efd77b66a0eb1b66d55a2f45e06c426fb300d510e
d-hash-290	d	96242646e3318d2894e24d9e6a6a90ae73647fb5f8ec91f27132c0749aa9fe96
d-hash-291	d	a5825b11151cb6d93e7c61f4b4603b9382cfa713eca601617fe9574cd4f17f8e
d-hash-292	d	a6693efa5d6dfe7bd6dd2aa5c5326edc1dc050cbe89bdcd301641a841758e24f
d-hash-293	d	15ea1073b5bc3e55f521c90740b502fa404b021a28d1a584273bf1e88ca0c7b3
d-hash-294	d	db13be8e6275074541cf0ed3294db638b7adee487dbd662725c564c5c77c7cc2
d-hash-295	d	8bed6d72f098d9b81ee115625db484b0c0b86e234aa0f4b0efcec53ed41817e8
d-hash-296	d	33ba2f6408aaf9d28bc0c95423707e6690130d81fa32878242dbcb77d7b258f6
d-hash-297	d	a598ef749fe3fa621b17722ee663276779fd152ac7fd22278491cad12a465879
d-hash-298	d	f27d2e63631cfe07718a15d55ffbfd3de5d350cde776119126f9974606a44bb8
d-hash-299	d	34399f904ae30bd6938596d56b64033c0a304bd602b354ccd8b7997cf394ea51
d-hash-300	d	4adcc3742776721e4aa7b8cc7eaf87d1719bbb96c37bccf392898f3d7f917d37
d-hash-301	d	8b68789b2e011e8d4dfba924f76104536055c1c2765af652cb6a852e29ee8dd6
d-hash-302	d	92a8b71a66318229dd5023bf150e24e4e9f7e4dd8498e45c7b7d943bf292148d
d-hash-303	d	003ae1fd981ccadc59bfb4912e3a22f5e6c70af21de55e4444533185ad0f542a
d-hash-304	d	3078cfeac480e574b1c0253c5a46f0fe432559315625197181ef13a947c742aa
d-hash-305	d	ae40271c9bfa1ca9e7c4c884d4e869651c5236714504b6ed3e604ac7e0107e0c
d-hash-306	d	49368a474f78cdf922aea478e94d88e8eb60c83a55a63ec9cc36f5112aafd2b5
d-hash-307	d	3b4df447b5ce66644fd4d82e0170dd3c4c778e2358e2152ca7f2a5000cec6f69
d-hash-308	d	2660e09c0c7b03d48a9a388e8dae3987320f39fa45f0f78416c8815ce14daab4
d-hash-309	d	47333549decab5f9aa1e1ee6b269660aa51af6258691b461ad214d520146ed19
d-hash-310	d	42f8c5b70d561aec8414e7f72f7a4c46165bce9b29712e44406c2b542602e474
d-hash-311	d	8b05afea4edcea351b2f8266089eb4e650672411dea61c659e3ba45557a24cdb
d-hash-312	d	e43acd04ce3cbe4eadc2cc6f603a77270c4ef0b4a3990433cde9bf1e2fae7e47
d-hash-313	d	8e1d5865a30621baf0db0bb9834c21ee638b6832ef65fe63b3afc7112a7644b4
d-hash-314	d	6d172e4fba20e5b39f0aab8dd2d3a9a3efb85200d6b78268acd9520e1c3e642c
d-hash-315	d	6766108fbad7877c4a8a2d972555b742878b53084a021f300c6d76408e10bbf2
d-hash-316	d	52199ee9c74159c73e3906f42db4c43e5cca255b220b7fca04d9e2dea01671e3
d-hash-317	d	d1a340c4832e5d3494c3ca6753a44a9547a1d45449c76759f899383e9e02d898
d-hash-318	d	743e54e7012447fb4110076fa76f012b52a4af1bc7369ffe855c6b3dee32902d
d-hash-319	d	94902edc47977e81cb636361c126f893cc12728c4d5b97ca5303abeccbb2a73e
d-hash-320	d	a6706f8025c669411f77874c421333a0742339460be8bae521980cc90b877598
d-hash-321	d	8401729b839d70d5ce7fe11bc3a388ccd864dd192abdd19e823e241e1419dab9
d-hash-322	d	cb7928483f86e196c85ce12b276e00aa89cb8f6c30542187c609128f30f040e1
d-hash-323	d	ab9a27b9a8b9603d49589eef8096ee6b1e2e9014b71f16a97d350bbaac509782
d-hash-324	d	144556037c981eef8694b43f1a63758aaa171fb363793d03d62c61e70ec4c51c
d-hash-325	d	c64d05ef5c71f3fb8cb8185117e193cf374b1dc035cddd6232860460bc435cb5
d-hash-326	d	48f2e3285b5dc9d370a273bb0fae738e8f8e4ccbe369a606a17de8ab8c26f93c
d-hash-327	d	cb821e91cd1a3108b847dd4a250a67f9a691b53d0a068283d3f7c9aa6945437a
d-hash-328	d	94de0a4b922c6d505b15b50d95bc8f034d8690e5cf1d35e89645bdfcc667eccd
d-hash-329	d	220ae672140757ea69ac336f7ea080c0eae94e96cae3dce4f9292b2b2ed378f7
d-hash-330	d	e482a33480504facd23ece6acd4dda45ac8735420b84e3f7eea3d86424fcab28
d-hash-331	d	97ee4ecbf53ca51a423671bdf7419bbebdc39b50272e0e348cc8410b7be9f68b
d-hash-332	d	3fb65d457aac73a86f294436293f7938e85d021f12fefaabba298363f3bd88ab
d-hash-333	d	21d21b5ce17e07148c90fbf2188502649483d066a9978c1ebdd8c4c16bebf21d
d-hash-334	d	e3ad33d6ba0eed4d1ce5ae1b326f2eaaebec7edf93b5b5dcd0cb7b1dbbaee8bf
d-hash-335	d	61e894fa6551ea90ecf8e14d60bfb4ad75e66278e8f045106744ccda16822816
d-hash-336	d	75ed2a19b2f9b1fd4ef60ffff3819d0465ca17b6a1cfd9c813acc1170bd6e5c7
d-hash-337	d	dae78bba499980daf8efcd7a99fae997c0b8e7c5378be34b894eb5008cb3a04d
d-hash-338	d	cebaacbf94292977f3dcf3a21e2d9d4c6a6a96bdde7bb6480c41c55d8afdb6fd
d-hash-339	d	b3d462384e23f99127bf0600489da0c74f4d1853c1062ae87afc6543292ddf0f
d-hash-340	d	09b4bf76b6c1ba298f5d7208f655246c37ec7d2e654c96fac7ac1d02549c5b6c
d-hash-341	d	e9379de99029510acec0d579be4f7ba3904cf090720e0ad773ec0e9208b24b3b
d-hash-342	d	11a53f31ac19f3777714553fb2d28ca60a086c1e679de2cf7703b75488b5ebd4
d-hash-343	d	003f05a13c2aebdc8e5ca471bc276c497347c4a623b8e42743c061511c312a4b
d-hash-344	d	ac13fbe773cb0c3744d710bfc071176649b16d4ba548be707d0128f0ead6da7f
d-hash-345	d	d1a8eca22bcc2c5187f802a314afba5269a18a4c3ce58b004fa6e6d352577210
d-hash-346	d	d4c9e40ee2f2f6fa74b8647234093e6445317a08fbda82736f2731c3714ef62a
d-hash-347	d	912a47151799cac84e939dca48973ad65613bac62c0de29ca2e767a9f9714bd7
d-hash-348	d	8bf25247a1c2f0504036a6167cc140dd21b2b8009dc8943ede7b23505afaac5a
d-hash-349	d	5de417de39d37fbe200000d3721655f6290c7bbb47e5521945d2abecaa0cf2e0
d-hash-350	d	b6f9f53bf38a268916c0d5564aa0138b561b2ff65bb9b414fb10b72e31c1c298
d-hash-351	d	3feacb4342368bae5b05ece7f517cbd638279ceb6c31cae04042ddc20e3eb4fc
d-hash-352	d	c5c22baf11fb7e25dd94cecfb87b21b3331dca9d7fec9dde3eb10d06cc14a615
d-hash-353	d	0458a8d97b222b060c92de0e52805b39c33a0a79740832866a4850edb1c2da32
d-hash-354	d	69e1a1cc7afab151846a2a0a0c035f929b493543cf34f89d599debf7edc0bcc5
d-hash-355	d	d5185c5b87e6c90b87531790ff4b3c88574926b643bd2aa275f4723b6515aa5a
d-hash-356	d	dea3ba8f5ec4a51250c8e4867bdd3939cd979478570ff84eaf68400b24f5ee55
d-hash-357	d	fb56ab3847ff0d46e52036aab7d64f4bcef62fa6aac46efbffdc7ec680c52ce6
d-hash-358	d	16d71a1d5ed9a1b257a6a8e72a4731a3bd6649331d1d68602fc14d62d55146ce
d-hash-359	d	99aa377df6122e30b2488e9fd5418022f015bf24c47aa8894333f7eaeda54c68
d-hash-360	d	4f3efa28717ac9ece1a2a28f1d59a4c5cbb35345cc7bebbbb9fa8f22e9c1e8aa
d-hash-361	d	4f749e41259b2616dc1d6e2818c7466281e75fff7d9561a95d7de8606b30eed3
d-hash-362	d	a308dcb5bb8e12d0c46e893446784f380db29bfdece735750e5d0da839622d12
d-hash-363	d	9b0079af0f6c96cf93baf704022ec31a2e97faa19bdeb9f55f82a627b1a50c71
d-hash-364	d	9fe3868977b533cd683e8db64374e8eff770470f1442f43f5ef46e6956ae2657
d-hash-365	d	682be3f8c366eb43eee79c3108af21cb8845f8a4bd0441537342136c40ffa17f
d-hash-366	d	4a0120f935d4ac711486c84f046df607e8c8a0c4f44c8e314ea8a9aa12e42908
d-hash-367	d	f7ee58e44acf4221693b5f372f1fa0de6d14634f064974f34d2b8e66847f3031
d-hash-368	d	18c03106a3426d71a3463ab717c05cf4fa4adffed1054c8a5f868211eb33445d
d-hash-369	d	26c7014c57e37b15bb3627ff5b3480c58255d47820bd2770a7ef4f8bb494b53d
d-hash-370	d	9287b697bcbce30d475ecfd7d452e795229bc06ea4f13469576f2ebf47208979
d-hash-371	d	e8d16b5e6c382c7d6ae899d4a82cc2bf834abc12c8a7a40c0b24d3a59c6a38e4
d-hash-372	d	59de7f1a4b12b926e357a5b6756c50157e0948ebcd68229a8899cd8e39b489f4
d-hash-373	d	9996a842275e182bc44b89b55ab38005073ec413d32fed06d93df72ba470bd8d
d-hash-374	d	9d4420af932378dd16c36447da364d04baa2c3bf1876b9d82251040f812f368c
d-hash-375	d	df7cb3a9bd83e5be285838efa180f8ebe613b75fd5bcc59f1a5375a8dc18717b
d-hash-376	d	eb048165c134e463cb02aea176933a7bb4a1b48e96bf65ca76c38771853d921e
d-hash-377	d	5dd07e6f2490d2d92c7dcbf555b9d2700cc40c50a40e7b70bd14ee52fe796a84
d-hash-378	d	1822aa69dd4c608916b42fd14688f4a8291271de357ccc8c364eb64c0c8b0c8b
d-hash-379	d	4ea0c2f95aae73a5e12546c4d051a714a2a16deeeae478298cb40553a105c94b
d-hash-380	d	a2769b13e979cb321162354ea86f9079cd32ed2ccd593a405c874e703b9879fe
d-hash-381	d	519725fb1fb4a4b2c761a207fe69c59377054cf32f9e098058d0a1718f922e74
d-hash-382	d	827c7cd52b95af36115a8338ccc4d5a73831f93235bb7b3d9cc8652bfc7616db
d-hash-383	d	a622ce25aea9c68ec2385be4bdc3c7d3f51fb1d442cd66dcdc1cbbe5a4099ee0
d-hash-384	d	76b025fb024f203c8276518874a222ac1824a4b6b386469d9ecdf2f5c16de772
d-hash-385	d	968bbc15eef54ac3878b2a3627e906bf38524795e1cb96216535069ae42ad7ef
d-hash-386	d	7289f427a0040562f2f410a349682266bc180b73e3d41f8e23c6b7451bb533bd
d-hash-387	d	ef4510aaa6235ad15a671b1fcd3c6026e7c439d951fc38f37f82e552c50c2d34
d-hash-388	d	76070581ed18f9935d79acbb4ac1ade02a9b0efb0e06f703af5df8b0caead8c8
d-hash-389	d	fa8101100f8b6fd745f0515512bd8887bab404636e9031333d32da3b9d962c53
d-hash-390	d	3d4116c48593e274236cae60441b83aefbf9174cef7982c894e93de53e2dd73c
d-hash-391	d	4ee13be9d4968894066c11585670b5669e4b59875b9d2b05897fe894346c9013
d-hash-392	d	0b78a9a7be11acc6cb0ca538813faabb795e436aab43c192d8ac34be2b38d55b
d-hash-393	d	b71bcb3a9e34d7ecb8b035266ffac120504363a7effe775955f369839661eb15
d-hash-394	d	be7a37cb3901b815b5a07e35babefe4e66d2f00f03a25379cdbec5145b7ec54e
d-hash-395	d	58e08c64afab96502a01215cc76c3f58f99481ffcf46bba8bfce48e977c72bd9
d-hash-396	d	49438cfc561d9e24544df5dd0076ee8a07372493237fcb65a0fd2489fc0b816c
d-hash-397	d	5b717bfd5d72a30a62591c180d948a1b46b8cc11d333e267c5310280eac8deb0
d-hash-398	d	9603a7f156292a491cefed259732013c7d1b011ac74eec895ff9c04f4b789a6a
d-hash-399	d	761021eedc2585d943214db23ba9ce018d58216ebfb8df3c89b4212f44d56f52
d-hash-400	d	af378411510e7513b616e1c32fa324cb0d3eed4970306a2e4d9caa3d8d5ab6f9
d-hash-401	d	a458c75abd95c4b5bae34efd6dd458ba1d1af8a7fcb676c9e4c5c3a4f21748d3
d-hash-402	d	1049912858adb9aa888cd58535f1386025d0b0145568b0dd4222f7d43d604489
d-hash-403	d	900c8757bbd1bd151ae10e67524e761d1e46ab9bb6881e99185909c03c3420e1
d-hash-404	d	0d3a3faa8eb1ced2ddd4faa9607440b0861bbfd239e8a2bf3f70a4736983968b
d-hash-405	d	02b1675ee714edaa6a2c7ae53737f6ea2b1c3fc97430f35daa3646919f25b238
d-hash-406	d	94864200f076017225ad5fe90ab86eb63f8dd35ecb134076edebacfb09ccdba0
d-hash-407	d	25329c0e9ec794a03147b9f4fbb0fdd791f563f7afb43851651a4c46dd6093bd
d-hash-408	d	0c27596de50f48c1ab57d79ce1568d098ed3eba9a5f65bdcb43f93c1e585004f
d-hash-409	d	17f31ccc8dabdb4af0aa5a4c5bdb04cb5ac884e53daca81efce408af09dd0980
d-hash-410	d	a57c2091e55c168e8246501d57e1c7e463a6a9643e9efc9d256f3aff64252c5b
d-hash-411	d	1eb523c168200cb41bbfa53ce279593bb7bd578363fc30ce4deb7a5b915beb29
d-hash-412	d	9c1bd4c9c6913765f08faa90487b4092d444dfbbb55b02b530b59ec76e1ff570
d-hash-413	d	273e0802a9d830d3becf74cc4dfd4d5b3c1b913f6afb714839928a06bc376fe7
d-hash-414	d	e1cbc4a48aa229a940e81648ac0c05b6e6a19ba25ec07f75adabb1ee79b074e2
d-hash-415	d	7a0c0e02670a3009e7918ef760cb2429f187de90c8134035cbc1cc2648f6e796
d-hash-416	d	4c5be7f5c4711306d571765d471ebe5f25637e5b24469e985fd3898b559e6602
d-hash-417	d	78d851776bf7ca461b0c89541c02280621001ded32dadbda6a9b9ca501619fec
d-hash-418	d	5b3629171dd7f08a081d1d51bf12871fedfa241377bad0d89cacd4b90b10e65d
d-hash-419	d	75c0a65e4c6ed7e4803e7cdccbfb535e44475eec0c444841fa6c39efe2d91732
d-hash-420	d	75a8e0565fdcdfb5f8be7109c91001fc17c15f39e51b478428f330b344b13628
d-hash-421	d	eb4435425e441e8fd99c2b3f44fe2f13f2cb98204587429954f025c1f31da7ab
d-hash-422	d	a71da30ab91446a7d3a08f5effa642848e88a17fb64f960689b7a335e01bd327
d-hash-423	d	1221ec157ef6281cb59e3b3521b9c7ee12dfe312c5790e7889576873059ca7fa
d-hash-424	d	72c8835a65fb5555268096b8f26672803fec78af4fdfafad8f3f289be74318db
d-hash-425	d	3b9d047430a5f2fe73ba510f0136a109feedf8c7c5669f4f1757549d4d763bdd
d-hash-426	d	5c68050286b2464f707d87df60a26244bf0073d3ef306a80aaa388d7033c293a
d-hash-427	d	4f98fc673f2bb75d9d916a88a87a6845c13e29dfef629b99a5398abc25f5f4cd
d-hash-428	d	ff2959767fa445d61cd6875eb98a4b9cbab07ed34368abf817e2b8ccc5cf9960
d-hash-429	d	5dfc2c5199d72edce0c2852e7d022f3974e8d65d0f9047b3795c8f5c8917c9e1
d-hash-430	d	59e4e0b2692b765560bae893bf5e6684cce104df31aa183b141d3f9141268a58
d-hash-431	d	aa73bac31c3e6814c75f2da1ac0c8e617084387a361b6423fd2b546e38436c80
d-hash-432	d	5b5aa44e22dcf536b49e9f00c84e0106843d11eb2b38ac9d423b88e0ad7429f0
d-hash-433	d	2c32fb398a69ef5674b039789713d9363c7cb69400c9b9233c6537e6b8ce5452
d-hash-434	d	17888a71b96c4383c1544b2024b4f990bc35d9d6b30fb41ac920a819458aa0c3
d-hash-435	d	eefa4c282efe8fde9e46c083bf5f50c7994c356fc989c8c41c2d1589b5adeb83
d-hash-436	d	e702b7d8e641275e325d29e0fa885dfbcd33582833c9f256e1e03f4e08a6ec08
d-hash-437	d	ca2a468c6deda860b6badb8e5dcaf2c726f3db65211542894f80549041b0f7f1
d-hash-438	d	6a7b6f6ccf728222dc30f65ec995b4b9f57880fe2be5a5e05f8d1dff9a88acb2
d-hash-439	d	debfbf42d10aa36e91972471a01cdfec2dff1c1150e5cf4cebbe87dacd0f54d7
d-hash-440	d	fa843ace2a45aa521358b96008b24f66b5a7887cd3df7c4c86aa0c452943db18
d-hash-441	d	37855463f4e05a3ef8eed3e41fcf8ca49668285bf8cbc8895307a3d3d815c455
d-hash-442	d	f68c0bc9e01a640ead9433093487e4240c068039d836ddd458fc78eb3ebfa132
d-hash-443	d	4875ed672522fa8ff6668c395ea09ca3710ab83afaf8c57d8cad673495d93fbc
d-hash-444	d	8f60e17a09d7482a5cafdaa6def3a44ea0af91ce019716ffb94a7cc61707da60
d-hash-445	d	44a5a2587340ee1509b842946035209ae95b6a1743bdb9f0c60579dbbffa0546
d-hash-446	d	3a18a37e26a339a88951cb166a0ec736a31152d220925191b6a74f881e6787d8
d-hash-447	d	bf0944452761a01579142ecbf997a91df92400c54d116cce210cbde2fb18ef70
d-hash-448	d	dc0caae10bb2c86b9580d0102eca192a0ba915d6ae004892b9ec9b02954c09d5
d-hash-449	d	e080d4a4fd522ecb2b3935585cc009bdf578fba71eb5c8879e069d344395d0b6
d-hash-450	d	651dcf49be0474d0379a8ee198c3d42e6375aa462c22edb01e14bb845b0206ce
d-hash-451	d	691689e60d9e7825a4dc29204ace09446166623ebd725793e80302525cbea107
d-hash-452	d	8b4ae4f398b0dc41a8829a21afa697b900a252919cf10500ca484afdfb2b57d5
d-hash-453	d	1d7fe93e1777dd4b475980ec6f586cdec851bd37fd7d5e28d00a4180214e6910
d-hash-454	d	f35e93aed2ab53927c74df3e2e0de090135372f971eecf4da1c672aa500076b9
d-hash-455	d	61c0be32483d49b8aee13e9a8c8c5c91106a953a97419c0ae427fee15af8d425
d-hash-456	d	30b903ab020e548c7bd226d12496923369abed0f67c3b37efef62e10b1e8264a
d-hash-457	d	1ea764ec55427140528c84861bbdfd0359b263d6921f5f3a072668ce1448cabc
d-hash-458	d	70977636b6173842ae4ef5c4f9d3b7af0daff0036f12a76f3c8b09833284313c
d-hash-459	d	54c8092db93974f64190f6855a0dd36ce71ea80e500e751856ddb38d1643a6b0
d-hash-460	d	0f04221011134e318c059553d450bad6479479c8cb8f422b6cbfe8a08e51c2d4
d-hash-461	d	49b8c677e89155b5379ff6dc9b3993b8c4b457bf415c41f43e7c25cecc128b1b
d-hash-462	d	2b8cbc61071c51dc196b0d7d4354af53358191a271f1933f5568fbff6d1fb7ac
d-hash-463	d	1db03622fbe7760315a4b22930435d85e0a6913ea1d9b987f5865eeef8c8165d
d-hash-464	d	e1e0c62db0908bfb39dce12d3c94eb847ae9bdfa58b18a58dd436b4fffa1bb39
d-hash-465	d	bdb9b446219818e2d857fcdf24658f5fe5c935976d84f3f40959ac4df99a6f94
d-hash-466	d	c726de9351b5e968f4dc98e5e7b456fee938239d21a73a2d45bc96f9eaa967e6
d-hash-467	d	7a90dfbd0c48c05309e74eb6b907c3d3a270cb15f1329ba1babfa2694623199b
d-hash-468	d	ed88841ce037c160d01a30516669252ea988de556d2fbec3c667dcbba0a00929
d-hash-469	d	80bd29c3077c36aec133f65b614d758ff86ef6b50102112c89cc7b5b51e39531
d-hash-470	d	9b283872c9f4d50c16dccad33bddeef28949a4225f159e5727c50ad91d891f0f
d-hash-471	d	f07f026862d19dbc3df41b72d83ee2af2dbc53c474092a1fa5a2b9f0cc7b35b8
d-hash-472	d	6a9419d47939e827040a354c71dc0c84879b13969ed9e3db8181ec07d8363b94
d-hash-473	d	9338d2a257db7a24d4c43fa865e82e2bcd3706d13913dd8d90cd0a1bfde26859
d-hash-474	d	4041ae00b677d840fdb534ce2609ba1b0aea419611ebf315c0bd2e5d7043a0ec
d-hash-475	d	4936248dd315e0355a7cdd457535dad0df4aae3f7abd434a0f621df4f1cb7b7d
d-hash-476	d	0acea1d150f996f5047d533216c94e8e0f3cb346973390af886d3bb438506b0a
d-hash-477	d	b9abece7f969097488832cd39b78724b40086c873d09804b8504a21436d22969
d-hash-478	d	d0e5f9f9da81cd7cef71ae7cc3d4406e7ee90e138757b73bd078cb2b6935d7f7
d-hash-479	d	f522bd811ced9320e228ccbd4b7d1507094b058ca0930c676b4b2fe9331cade2
d-hash-480	d	90ff9a57be92edc048b82eea3229d4f79e13bab2f55afa276487f51cff051be9
d-hash-481	d	05110fd72f12267d2829eca3d95ffb1a4c175625e73e548967e194839c4913b4
d-hash-482	d	d10bdb7fabb9e775d0359dc36930eff5a9104b1c04901434e2c84222d426fe4e
d-hash-483	d	d47082d74702ef6b3bb8929a1d407db4086a0dfa2da76896b335874faa943e26
d-hash-484	d	d7ce54e11a9c0a248a41ec8458c8bdd4a299d3f2d12f64cbc3413a228666b325
d-hash-485	d	7c4d4e98be7b7a49f0bf78ad40f205d94d3866690c488679baf0f2b22187e4d2
d-hash-486	d	7d4200564592da38309edd90dc196e42bac498d7ec1fdc331b6c87ffeedacdbc
d-hash-487	d	ce14f7971091e5aa3cca692635e20d6ac9fb678388be88be939806ec65dbe675
d-hash-488	d	cc3ca009b719af242836e171686e72d6289f60e917153687330d7eb49c5166ee
d-hash-489	d	9b60ce2a34c62bda19e293807d50988e7328d262451566ce3c8917d0b5014371
d-hash-490	d	050cd48f40ddef9f31fc1a8f6b82dc97f22a2b15591939e482fe182f59c40bfc
d-hash-491	d	789562849dcd248df84c68fe6bdc251ee58874fbea4062abb674455a9d0f841c
d-hash-492	d	be5749c3faf717a3c21c3543cf189a86cefaf62b7abbfb59f96e239fcfdc33d8
d-hash-493	d	b059e0f6fac1654f90e5db8886b48e2cbae4634c4ca6dd15f3463ef1e0f64c32
d-hash-494	d	4f0d7eb42a29afc786cce553ef890afef507449d90a3634fc63db947c881672a
d-hash-495	d	ba09b68bef325d805178e07d2faa4b8ceaa9d15a2cda283cb475989686f8fbaf
d-hash-496	d	bc548cab0be2149dfd535d15c7b2b44d38d6626535d423fa04d2563104b4e6af
d-hash-497	d	b81368906fc2460537e65f01968a71ea79abb1ab74825d750c8405bc82831584
d-hash-498	d	38d8bcd6ac35669085df1e0fd4b81be558ad4ee0cbc1e269085eb8aeae331d03
d-hash-499	d	a44adca886c3ee5de3201677d0f7d79770a2caf4b60f392a07d0fc5a66529b87
d-hash-500	d	11da711590126942cd9d291e6fa28c6b9658ebfac558b41fae292b8d83f540e2
d-hash-501	d	0bf9828382e2f724cdf0d256f52364710d18e21f51b746e4b63224512fd300a2
d-hash-502	d	b57cc60976225045b03572557ec71fffe0d9b12d3289651d24382898086781d8
d-hash-503	d	69c5be9a2b24f9446f8ca563ed0171c35d1f7f28bffc133126bab296af2b63c5
d-hash-504	d	deca13d7d9125768fa1bf0726e99e72249f148e01e0b5696151d398298d72829
d-hash-505	d	0bee175f35dcd0fdb712adc674c3417c3de5c3be8f3f0c0dde94d6f3b054ee33
d-hash-506	d	a3018e26058e7b39d4a8226247ebba5044ae0cc7fdb2f3266b82dfc928b2464b
d-hash-507	d	31d63dcb4866d3f2b85ad5fe9f475a7e563b366ff4422ab266bc6adebd500337
d-hash-508	d	04407ca772b4d2e8c421da73fedff4acd50c51857b0800fe1ca4335f0485a372
d-hash-509	d	60a30c280febdcd26c774fe13b5d1a9a6a8c0287901cb959db3189418d1fe9a0
d-hash-510	d	3e2438ab6e2da1616d9f64716d8c2bc454683908a695aaec5c297d77c7cdffea
d-hash-511	d	000432aa2364347eacfcc88d39e3b83246ad012e8737bab6df28d68276cb9508
u-0	u	0000000000000000000000000000000000000000000000000000000000000000
u-1	u	0100000000000000000000000000000000000000000000000000000000000000
u-2	u	0200000000000000000000000000000000000000000000000000000000000000
u-3	u	ecffffffffffffffffffffffffffffffffffffffffffffffffffffffffffff7f
u-4	u	edffffffffffffffffffffffffffffffffffffffffffffffffffffffffffff7f
u-5	u	eeffffffffffffffffffffffffffffffffffffffffffffffffffffffffffff7f
u-6	u	ffffffffffffffffffffffffffffffffffffffffffffffffffffffffffffff7f
u-7	u	fd86f437dee5dab8c2565d6d2b43bfaebd86c19688524c01158165b91c9adf65
u-8	u	78a62a2a731bf94d78afd1e1aa7ea85c169226e4a862959e8bec7bc0f4f43407
u-9	u	c6eb4ed6b065336ea5c7659d3875f2d69ee8df38440f64c98112d6e21ff75fff
u-10	u	96ed8f8e8122247ec6c4b51ea558aa588cf8e6817929ad5fe96d88846b9f99cb
u-11	u	63e9d61eed9d835fa630cc2bf41025824a21766ca463714d0b80893d53312b4d
u-12	u	443bf93bb1c7c32fe6de74f63db8c6b71c69bd4dd443ea9ba18055b882769e0a
u-13	u	2c8273d548c922ff44eda475a1f3ba04fa165a4790ae86457f6c82dee5c497af
u-14	u	538fbf41329bf9b428402e92c190d14201301f1964150518c843d905ed263ba5
u-15	u	c4c9e19736e00c19008dc3059646b5d585f9c6f0087e4afd6bcf415c46d535f5
u-16	u	b5248d18687005dd950a9f051433a0278aeed3affe4d46046df29497b9ae3cd3
u-17	u	11f0a6c96a21de057f31e32622037429428de457658e43c8d33837894004ff3f
u-18	u	00e3055c1fffa834bef004fea0e9f78048a65477b750f01d1344ced49c89c2b5
u-19	u	beb09ec86f8ab629d2ad21666b3fa0ea69baf01b8b0d693e85340534ffc0c18d
u-20	u	031d4c44771c8e8f4a49abea935a63bcac519d3ae68cf100f6da296e54f73806
u-21	u	e1d365f644681ff062906635c0f0d7e3f65474679aa354a8daa6349b694d4ed0
u-22	u	fbdbc290107573cd9942e57f444b57edc34242ecc0d6c1520e4f8d676b9ebbf8
u-23	u	e3e951a3e7c7b6371578bf95f5fa8b5b35a121e92eb1439666d6baa1a7bb0bda
u-24	u	45fdcaccc4b6d9efc3f4a5b297f4ae335bfd10ca197e948f4721429de5e167ca
u-25	u	d5dc7f049144d458d2ba5bca6097e7b475d81e9e6726365040b5bf7c09538e06
u-26	u	7bb015a9ff2e4d599baab27fb2cbf4e714b3ab0b4c6c480755af7c8e370eaa76
u-27	u	356ed60702ed068661aa11589aab3feee88f5a7e2a850d4e103b983f35485883
u-28	u	cbf80e9328da5f335315e80bd163408f094d41ef8bb5118ca9902b49b92e09b7
u-29	u	6df432dec7929e1accbfece1adf8dd31cceb777d72d3536438eb687a513c6c15
u-30	u	706730b20e29aa09eee093fbeaf07424507c147428adeb68bd544fc1e21f397f
u-31	u	f25cf4a9a8a1b45727f4984c3f37a24a9c945991ee000ad37ba3a1744dad6201
u-32	u	97dfe1f50e4867e29132c65013fddcc0f260464b66e0f288a884b8d9993f03c6
u-33	u	cf25566a1e393badf1afaff073706979be49514207b2effd003510aea31a5244
u-34	u	8727ba6b07f748cca46f1443bb232b1dd13e15efaea39eb5f46cbac4d95b06d4
u-35	u	804a18b3b8c78f1ca18438ee19752d894831947ee272f3e94479509b357900f0
u-36	u	20e847fd7b60d14d4c5d48183fba3184e1488992365a189f49cb132a771407a6
u-37	u	85426ba9d731430e8f8edf073e265b47b387536ba9536fddc72c0cd5a15cd1a6
u-38	u	46a3402f0815276b0602f81442bf4b767b9449cd89977a9db805bfb0df22282b
u-39	u	5ac83134a05b70fb41903f658ad3f0611bc5f645d1b98d47dc5c472f1e211ef5
u-40	u	9cb90a150cf62388cb1ffb47a15576090ec91f992231c12abb6c84057f14bd28
u-41	u	c9380f93f0b9532dc56e5f323b93a627d753235b0edd053c26dea26bbab5ccc0
u-42	u	33a77723ffc5d88f12beab9856fb806cc834a4cba31a5c0e525ace0838f6de7c
u-43	u	eedc1008edb0d99c584bd5550b2177e3b393806304c6f5f88194f5ac7d1025b3
u-44	u	e02f21b646d132e5fbb199a667d1170dbfd0dddb760c3505604fe5a6e7ef01a5
u-45	u	f19e9a8adc997400db34001306095da030a0e00f648be13a7aa700e690d723e9
u-46	u	2e0daedf48bd8a891c60b2dd0515792b3d1a2f057ef5b6b7b4458066a29a4ab0
u-47	u	fd972cbe7b819780960b1f53edfd48aaac42a982ff03d55b29d66e68080251b6
u-48	u	aaabb4f6dd36461c4243923307b2a91579fab59a2c6e09dc835c1c8a98e9395e
u-49	u	b0e3da69f2e606be128ac523bf3fe70923f63cd91c42be891507ccaaf6b55416
u-50	u	8b07829bbdbe1eb781971016f7a4804bff5787c3fb7fee3c8663484e4de171c4
u-51	u	754a60c8dafbd59ebc1e51fe9dab33906ffa1ca5e91c6ff6dfa24a8457e6a26c
u-52	u	76487e18a0ece0f76650cd7618fa6026bdf2a0e05f91c14acacb0cd498ff2165
u-53	u	a9b67037914240ff8aedd6696a7d0595424334bbbdbff6164eef3faead13607d
u-54	u	e3e9bb6fbcf8417023f4710d5c4504be638e661628c1a774601b196edabd451e
u-55	u	cb1c9cbe396fd4ef74b06a84bb7cbf38d5f591d830838988040932aa28bccfe8
u-56	u	e0454284a91f6215df176f8e983290834f7305479aad1df986f63c383f82d1d9
u-57	u	9e9095d99f7733e78b26d972ce44f92270ac769a0cc9ac79e3bc8c56f2957227
u-58	u	833c2c2af32907bf0536e217ef4e88bd68fc9b715f2634efda2c1fc4b4d0710a
u-59	u	c94810caca574248626b90721572e4c70b38bd1c2a35d567e312d61d04646007
u-60	u	c0fecaf1ac0d9468839765a26c8c18296e48a8cfe12ebb982f67cda1f9b2fd8c
u-61	u	89e368548bc32777c077e7dc2dbb875e5a285603aabf741ab200a8b4d31f1f1c
u-62	u	cfbe2d734084dd2ba635b308533eac22816b79f19ec09c1a12dc238052f6c461
u-63	u	d2106ef834ccb2d836d126a30fec70f46dd440d14ec47b435a64522d1929488b
u-64	u	fa6d71d89c1ccb0cc917f0c223c06eb6185be2c3e88e77604d862a426596131f
u-65	u	41b996a95bd90fb7986ec0e7d87f321eeb0c0e16fce9c1cf6e6477cc11697971
u-66	u	5c628c4c000ab29d78b29f2285367760bada26f24adbedf4e61f9f1a704e0fba
u-67	u	fff7fad2683f2d96a0d51444492ddfed64b46f3004a6cd5db8551628582afce3
u-68	u	18ad37a29af80fd36af9ac85963d08bbe410cbb50627d7cc88b14e5ef4fe24f8
u-69	u	dd0fdd59c37d100717805f186f56629b3485fca1ffb2a4a01cc67122a9286393
u-70	u	3baa91e61ac5c65417037a9d0cd581447936741b400a7efed503415d64722832
u-71	u	6617b9c83bf57c86f16fa2fee629e8974c855a735579aed4ce841764b5e82acf
u-72	u	7fec8864ed601679fe512b7a7366ff9a1591a76ea1be3b04dfd9150ba985b42d
u-73	u	3a2f71e7560a5dc5991e567247807eade04729b1dfc6c0861f0d07bb9bc1e703
u-74	u	54801a4e4b46082753c0b040ce746f022626be4f69952b2e87b14f3b8713ea6e
u-75	u	7938cc8dcc2a003c75b8d079429e4c4af71a8f5cb9f0a7df8edc72bfbda00136
u-76	u	23538f454f6846ffaa6b47436ed575320896b8d8ac9424aead330bd7eba434dc
u-77	u	62e17d3995734045558d557b300476875c7066211d37a463bf2ba68904903718
u-78	u	0b271791c8f7e6dd6b5c70d55befbc60c46b0440f7ee04c90c18673cee9136cc
u-79	u	f9f7b9f9f0b6ab100bf9c11e28d2f2d508aa3f830863810b861d5b11b3aa4cd9
u-80	u	00940cd3c4d70e29395a2f12e7a2666fdc60a511b4d488de92f85c2d6a3181be
u-81	u	c0e7133b8074aeebb9ccb5ff54aabd18e421c379a07fe7da3b869bbe91247877
u-82	u	4215fc8c0347d2e7de64373d9574e38ded01270db4bb58d6a3f2566a482da88e
u-83	u	9062f9445260d0bbc9eec8f2afd313b71f41b52f29e79dbd7ada0f8fb97a939c
u-84	u	8a9bafb31fc3f093e7ebbb912ea1ca52f47f6fcae537ef9abd1ae428d45c4bdb
u-85	u	e5ae3577ebe3f9655522a8420aacb404ecf558712b65357d2520c855067cd930
u-86	u	17639a70dc73d1e4ada130eb552d9170a1629d7237f571c205e12ddeb7b77be3
u-87	u	c5e320843d5a9666ca9fb55d243c77ead8bae66c541af1e13615325d7558f929
u-88	u	1f5c5c0c2069d1310b3053f418d8ec4d647b5af161d68444f97e26e0f6cca8a6
u-89	u	88f6e0f0711e9200ee956568080e2133c53a2a22d77090ec0efa898dd08cfcef
u-90	u	2cb878eaa94f496cfc66ba00bc580f0eb5d8b04871596bdc00f8b3c68f2e0bab
u-91	u	8f5d3f5c081f252fdce3b974e9c06af37984d7de7874d843339e94a8b925b4b2
u-92	u	9bb1a98dfaf3c3132b0ba2e8435b6bc64d8527b36482508524160a7505aa5bbc
u-93	u	3e2ceb439a0be515e0421c6718fd1f3cba4d941115ba2042886ed137f5e4f802
u-94	u	b00c83c773dde317980c53a91de28a999f00f3de43460999f56c4592d8894905
u-95	u	82caa495e82a6b25caf0bff2af4076f84eab34871dee91c86346fcad625c270f
u-96	u	91da8b4d69c51b33e1e44705d175337562233937d7bb40801aaa98f95c7cedaf
u-97	u	4ddfef2090e3470fda1871106def60a00f17f310c9860396195b874b89f8fc72
u-98	u	97d5f18b6d8fd2ccd7feddc9cc58921877c966b91ad94b056da0f23db5e8a838
u-99	u	590b379a0082c2e729353739b48a555da3265ffe9133eea27f8f423dd6e9b8a9
u-100	u	36f8b6975c54f602e88dbfcb2cffcefcfc06836fe0f0dbdf184be453a138504d
u-101	u	18e0b7fd30230a003f9b0989767871410c379ac22b3b50c68c30892cc8538851
u-102	u	652507ec9f261d8b4ef3cb7280a40ee382f9c2bb584196ea8cf4dd1c9a158d0b
u-103	u	f2162a2de79f6f1ebd7ff1de42fdbfe783e4d855e08b02e00c1d12b8c672e459
u-104	u	b82fc50b856de28c63f8f12dec2567736200838e674533368949d36ffc14aef5
u-105	u	ef8e8271b08fceb012910814065bf6214714e2e99b1f033fadb0bfe37edf1aef
u-106	u	a675050d27514765d7cc1f455c65ad4d257283cea2c810e4ebfc6bf973799e98
u-107	u	65d64dcc908a968f28cb4e7f72f603ba576840d60950fc1e8b17ca578ad368a5
u-108	u	a04077550df6babcf06183d305684ed1b7356dd709cbb868049f5716e3a394a5
u-109	u	0cf0d6ddd43adfa8187a8f65e526395aaa37883b3738420c90d3dbef62d325e3
u-110	u	21415a52962ffa3aa5a56e0ba0a13d0e1f1509e29d613881b363706fb610ab86
u-111	u	57963efc1648931e1d25d9114d596206796f393a1b2071b929ee383f14554ee5
u-112	u	01564cb0c09d64f29db47f1cdae52df9e6811f4d99298598e97b31243a5e1a32
u-113	u	5c801d256d86c11a5e018fe48e41fe2a0081c7ec6e6e8f8cb0ef7efb41b856e1
u-114	u	3e46bd22aa5e5871899613cc25cee95e1411a07d7872e8ff314f07359031a6b7
u-115	u	0a87a55cec1724c0e609ba59152056fee64a268b7097e12b4bb95c904f4cbd62
u-116	u	04d3c94b0c0098c7e22b8865d0d7309c5ba9d086b3e463cf51b568d9c4b601cb
u-117	u	51ab93bbcb5555875b6726c9350d3181afc461793d773756f67c14294199a155
u-118	u	0effab3c8b050ccc02b06483f9f5d5c6f0299aab350998aae7052628e7ec33ca
u-119	u	6cc960a9bc3d13c4ca42a71b637fd82e57620adba86e1f13d6b659f0337bc0b0
u-120	u	c1af12ddd98b65dba6c96b6b19dcb829a7950fb6edb145bbfd0cd4ce500ea293
u-121	u	b3a3d107811403e464a21b912d2cfd1f02c02a33715e9fd7493f7065fcc5f07c
u-122	u	a368df1acce9a329a54046321629f128e38a8551b235a7dac8d4da060a96c743
u-123	u	7643249a40f675d1f17900d66fa94558c60d1d14f5b703d6322e707f2796e060
u-124	u	3df600777d986fe3ae959bdb51422c342740e150abf328e5a4cb06ed3d705378
u-125	u	6c293fe3c1f4a2ba7c4788def81ba40b854da46befb56d60572e469016ab8d3d
u-126	u	6d160c5aada3321a02b400bad5c2eb27c85e836dcb47c722f2bca35f624e9e8c
u-127	u	31e43b8bd22aaef616ddb3189d6aaa75c84497b443a6fd2b596427a380c63466
u-128	u	30b3ff7728983d9ef331a39a19a73bf175a645978d84fcb0917b277f5ecf5ee7
u-129	u	0e9a6e67cfaed05802ac7e097fd3967194f89761b7b3bcaabf7a9cbcc353585e
u-130	u	7b4f09340c30da71e93f3d30499dd2d3f6dfdcdd4db8bf486652d18c7c9e2e4a
u-131	u	f6b368534c9e8761dc45057864003a2077d406b1fdab56e67fb17b9ecac18104
u-132	u	ef7aef4d5eed0023b8b6f29e32895d39ddc12cd3b07fe56e1ed6ee1b139b68e2
u-133	u	e54e4daa874ea4adcd13abaaa49e7b830b87a494c58491f72ae06fa03d496091
u-134	u	95f5833d22fb33f67b1bfb1fbe7090c261aa8ce4a671d9c55ea9796f233cc10f
u-135	u	14fdd187dff0cf310ebae61b42a7e92b2d580abfe394e2372c18ce12f054ee68
u-136	u	34773a818c6c3731a4ffe59f0e66bade848d3e304b2aa5cbf6372d7ec2cf89dc
u-137	u	9d98dc5139b104739ad38542555dbc52ef32c42a4f84ffc32698f2923383d9f6
u-138	u	1bcee10f687a470cad59a633edc69f9b4d09c4d0d93500c0777b6dc4c9d17922
u-139	u	0f8aebf12da63112c9b1537019746e880dcbfe2d7017c0f9b87d438d0f597c0e
u-140	u	dca5f0410169ae8cdbb50732919b99217cfbdfd92de276c1b7614337ee044ab5
u-141	u	8757bb6bc1dcac42452bf2b74f010b33a1366cc71b680168a91941ded895a412
u-142	u	1379a399ff1e35df589c7fec42cf67e9882d7713a7ed88766bc627af138d8c1c
u-143	u	26a2699f53c5485577e0757013288fcdb2847644a5bd2f4a49d65ac7a3c35fb6
u-144	u	fd0f62615ea0e4973e0d41f0e132dd947c5b27e0193ca78d68b3f5cc24efd472
u-145	u	7d6c29595773d74169fae3315e5fca0218a9178c2a88b0852ca3101504f70c93
u-146	u	d158648b1d596793b2d35f74a88fc41ce1748d56e7c24481d9e3785b8751c460
u-147	u	2ef5c40f1ffd00b4b51232c1fe35a6c9d359f49efaf3e028211351c5f8813325
u-148	u	3a139215b985cb8def95a712963feb01cfbf56ecdd8582cfd658b633453fb19c
u-149	u	bb55eea3259be59e44b333a9de55ddf321c6b0f3d73d928a1ad9ab31d2dd0f58
u-150	u	7ecc8590bfcaa735fc93513558c75572371092a0ae5279429aa208a9db12158d
u-151	u	314fb802d734e7fd9600e80cb0539f019478786f4159b68356b05bea911859ac
u-152	u	13e5530704f420ed0a8eda9cb44c27ebd9b1f973768417d57be63752d96145e7
u-153	u	6eae254ee32478ff0e452ee1c2f04f5c97baa88580e3586a8fee8a250de7adca
u-154	u	ddbe255c6b98ccaae36c739d4df263c9f10f843420845c1b5e0029faa3d7d8c2
u-155	u	f1e228224e3acab5ba82cbe00ec7d826955f2a8dace4b35536eac14c343a0bca
u-156	u	833980beedf7908e7cd1ebdd59bc67de5c19c733acb25ec377297518de0a4ba6
u-157	u	d5b6ab453af0a2f264ac4c43b5f10acb2bf2987c47e65819f7860cfba8aeb7ba
u-158	u	ee242fcd8fd1c840125e8be5230832bb07249deddfa277f3fa92c604af04faea
u-159	u	7b89227141012a7ecfdc2368d93117843759be499d92ef2b0c985710d03a54c5
u-160	u	c1f9516066b8d5226010afd718e944c3f26b9ee2b4f57369f49af82725d7fb59
u-161	u	e23ed0659e298b6bfbb13932c1034f97ae61d06da87bd0afcb0b59b5b956ba10
u-162	u	856988fe44467d81eca6aa6bda32d1d9d4a41f59e63e173ab67d76989918b1bf
u-163	u	0739f8ef033b00ff461b0fa8588b8c3a272e528fa1f45cba842ac4cf722dfc09
u-164	u	3949b1a7cd11d583fa42716e1f31dc59dad1ae2861ea3dc23a408312cbed0c2e
u-165	u	544d117451d95ddc68cd0585c7dca7991ddf857114d697f2d0728d632053c59c
u-166	u	b802539e1206e34322fa645d77a46a4eea13442ab3a210af2bdedc81ce1439c0
u-167	u	30df83d24a9295f7b4deeb7ff84901cc664c7e7b830aabe97509ea88849d88ca
u-168	u	77dba05c99903801eaade52508228b7e9b6e3f47be50b39a6e438bb451ae9589
u-169	u	9425cd1ce0774de994ecdd4f4542834a319a8a7203d4506235cda5f82f7f419a
u-170	u	68bef8dd1b8a82dee21ba25734bb725113d1147230151a0265e64fd92cbda7f3
u-171	u	fd228bf51d2034e2bab9723bd62272242fa64e534d0990acc9d160998d7f93a6
u-172	u	228498fcb53319d95829371647ccc2f69b74df34f26ac37bf7559f160c5b853b
u-173	u	2adbeec35239601dac84bcfef01b740f7cd0822268f5c5a8e156668dfb2de26a
u-174	u	770b4a513de513ca23fd2c3604d9694e547237100ca5d3f894959bc855c29e96
u-175	u	892b42257bf8e2b90a2ab7a0024532b11ecc7f85df358c82bf93a318210be4c6
u-176	u	ee6ca9a2637ec5b32bcfccaf37a5903060a331575fca8c07e6e3e50f6af0ba5a
u-177	u	8069602321604d239bbdf4864b43507209010bad4d42b4d0d7cba5e5f2b14b44
u-178	u	dfcc1dbf3cd1cc9297985dbc35028e76d33f80154604be9580619c4b04717cc4
u-179	u	7df1029385cdb2c3961123bc4a40ebbc2ef2301c7b7099d53cc911b9312700c5
u-180	u	abda69ee629147b9a5095bfae988e823857c99d766eda701c304fb87acf618a6
u-181	u	f1799a7e3eda070fbdae2c1771472700dcb2dfcbdfea687daac2929f5a1f1c7b
u-182	u	9cdcd70d3466d4e8462a635d80f5dece683c06411fe4397d00fa960f193120cd
u-183	u	7370fce620c721336de7eec4c7b6ca3eba6a616addb40e51d3dea9d14c790769
u-184	u	3282f50e8eeceb88c836c22443d9be06328c963e7c10dd38c9cd66d38e6f586c
u-185	u	0c578f6372bde4fa55f57ee44b14ac6f51a230d040a3e1b76df0bb26b5b99de1
u-186	u	862ae55b373343b73baeca6bb50ec082e44c2b7c6e771f9ab3ae129b8eadadb5
u-187	u	ebf08e298010099d55a8ab94e1e8b4432cc5509d4a8441294be5ff4960c78bf0
u-188	u	db133b9eb778bfb63bfa2d988a65f75aa8f52beef12f09f20da14a48521d8fe1
u-189	u	74362487c68ecc0ad3871354e59207b0b916a9dad60e68657ad26b0047a90f57
u-190	u	a42b684b7890756dcf45a336f604f27296324e8c8c931baef48f6a8071a8ee4a
u-191	u	192f98f31f4c0846940676602af3521d0eac96e54728f3b77a2813f26bbfe3ae
u-192	u	08cdf526189a905f5e8078e514fcebbd08be6751b7ec5cfd01b4d52d56d68df3
u-193	u	e52f5ad7640edcaff1b3bb28e6efe24c31af8d8d778eb9b22a9901a81f10aa00
u-194	u	84c473dfe3cd0bd40014ba7218827789ba594cf9cfc68e9af46fe19aaf624c0f
u-195	u	7612320aef6915e37d428b21ab7d8c2979d1ce0af5ddd145c57065678705dace
u-196	u	2ab4a457192c85b508e7b80bb3c7b69ad684993b7498c7811f05eda6386cdd1d
u-197	u	00344237456d512b7087b9388edbbc74a986e2d254a5f1fece767f426a89957b
u-198	u	58f0b5cf9cddb57941f22d0bdf2b81548df772e49c2da1e739a9771aa54cdb06
u-199	u	5ad5a27ccff75b5f6f4ce60c1e148ae44716288a10a9283bea3a7d476cc1b3c5
u-200	u	c835ffbbfee7ab905ef254e6d9d98e8be2e379c2c58f0a81756cd31280d8cc4c
u-201	u	b4a42d35d6a7899df7191b37e7f243a763d716d45fa5e3878ea2f2708a5d4291
u-202	u	1a01ad3be8455c0ac584bdf6341253091ad6f1458bf983e7862ce0ef2ddc9325
u-203	u	14ff8dd3bc4fa068f53e40021b8f7be4207ff6ce8c972d3fa143e4a744ea82be
u-204	u	3899e77a257f461eeaa4a6c04ebf780648aed93768bd00ccdb2ad6279a5c7904
u-205	u	ba6e9d851505cde1a52688e85e031989dde8bfac053fab1e68a8426fa151db5e
u-206	u	3d7e42c91d0299f81bfb8089bc9892bdbafd41ee472ca08843a68463505caae0
u-207	u	5f0ed29ad6499c2cf362d8897ea9fba1bea96c1a3354d7365cce86f570b1de0b
u-208	u	e6a3bb1f2c7c27c8d25eb20a2722fd53b9bdee32167721383764e21fdcb2cf4d
u-209	u	c5b0ee9109d7a8b70065afeb0304c0b5bf4d0dcaa5f9cf378322c9d347e23425
u-210	u	fc1b417de671c16df16853c75ea01b15e12348f6c354aa7c98c77ed8a7826495
u-211	u	1bc27a51bb8404a96b532a10bc570c276d4ec75a7a27370939f5e3b057b7f125
u-212	u	891aac4a86ccd3eb1de0756c471daf8d86a4edd3bfc0a511de4673340117698a
u-213	u	52e77858e56ebf8c0a8e48c2995bcc4792dc1a1e98704c6d2e1a2656e4c7b4af
u-214	u	8c0bf8b1fa7a2f9aa1d28c380119cc62e8126fd2d89e69ceb646eb4f4727b841
u-215	u	bef56d27e2a40882f8a5fdaad46cc7108276efa6e5df296cba408e1ad361eae5
u-216	u	66d777e5feef99113725c3f4c42328c4b24bc3a50130c4ce690ef6e4373c9e46
u-217	u	2a8a219d19d85215b7f50debe6abc7bb6195bf0771ea122a16e943a57416c8aa
u-218	u	431c4442e52925e14e4f013c9bac7dc74cc63d509cdc1ef87c8e2d1cfdd87ae0
u-219	u	13d6132a6bb24eb29019390819b05201c8d7f0f685d1b17f7efe5a17d5fa4b3f
u-220	u	22fdb34664dddde5d765474f408470c9ef81801d4efeac626d024715069687e9
u-221	u	b3cc721b07be96c6bfc53475dfbebf841401b78940c8d229d58f87885c17d9dd
u-222	u	f1bdb8dfa05f1af112af4a8c34c6492fb24d3a0111bee1fd49baa3634d947010
u-223	u	937205a962bde5d1653fd9879ece9f53bafecd61d962666dd52094a67bbf6eb1
u-224	u	6978f0509c4529c70e73a4e55150d8e115bb10d06a60dc88c8544a442d14b7ba
u-225	u	8be78f5da54525d212bf37ed074ac91cf602148dd8b113fe826537f7d0fe059b
u-226	u	5ac104ba455f4aa19d62dd7fa928857c79b94ccf2d264cc0504d337ed00a69e9
u-227	u	960bc158426088ecab7dbc4c12fed89bfadb3a73b1ccf6781e8cd8fd494ada08
u-228	u	035c7b3159e999c24021e4ee1e0760fec3c0baf9c3b2270c64f1b59c995b6e82
u-229	u	5e289157d9ad9288ec27536f70bc15266d5d22ff9d87bb605dbe1dc7f7aefe6a
u-230	u	34b1b81767b14f714db1568ef03beffc5360647e06621755bf812ebea6410194
u-231	u	5065a2e9fbf3c3925c66b8835f28df50bbaccfa8ffff67da06ea2293bb16792c
u-232	u	36a2534e3398c8c77b374960572ddd94d7020a0139dfb0b524cf2d840c7b111e
u-233	u	8b1046a669ff6fa35600b29ff50d82d08f4a1ca002f42175b9f9ce31a416d987
u-234	u	584c9c3d7c99c45ae666c354e1b36a18137c48d60122ff9eb1b248a93166b40a
u-235	u	669e6c04ea9a4fa8962b691eee79a9abcd44c3c35ef21ef9eee985185d245361
u-236	u	17c3b7456ab691b25f27ca5892d346f43c5f69f26dac2325b19ce2572ca88a55
u-237	u	c86330d61f1d655a198481ba633dbb8bd3d08bf6a133d4224b5ca11805051977
u-238	u	7dc142f4ce59fbc351f0c348d09fee563537da42c1afb37d1ded0d34bfbc394c
u-239	u	6c3094da09bc7fd39832558b24af2371cc22031430bdc392f4adbc8489679795
u-240	u	9d966d91a2e73747de6f86dd409d0eb988f8bd4b79af12b8e55a2456b4a46872
u-241	u	06e816c7915271d2b151241576930faa39d81a3432b8ddad87531ae38b6fa7d9
u-242	u	7a64b75c648112429d11f0b5cf77faef6b4a5a006d57859baf97cc05e9bd7149
u-243	u	3a23ffe4e916f00c2607a8702f8b18aee0e7fa0be8a63ce764d60c3d3b53c1e3
u-244	u	56905c94695bc11ad11ca47b46d031d59b18b9d766682a7d88e7a4d51f0c2ad4
u-245	u	904b52ddd86e42f6455d889f33f303f7c3491b91ee11d3c4843b67bec74738bd
u-246	u	3b3135ddbf682da50a37701a7e3c778122b7e84e9c16d1d0a7e2579941ef794a
u-247	u	dfa13e5f4894a796b0080b95f1233e9e48f3ac9ec665d255699d3f0167b3da87
u-248	u	23c95cf905f114a4b4ddedf449ddaebd4cc478ba69bb430905459277ff254688
u-249	u	cff84ebfa5dcaa706aa2e8ebf236c05d69d44f0ba49101c3bcaa9732663caffa
u-250	u	6457b9bb25858c32a586d5747eb939369899fb6b19dfe321b8d0d22f95515260
u-251	u	bbfab21a4c167570ed677fd3bba49a7a55e9abb3f50410d05da8cb22ab61b71e
u-252	u	904af3038fe4d654c30155a6ad557c6b66ca43d5f5e01eaa63b1edfb4320d854
u-253	u	0a646ab8f700e9a087a4cc1cead1abf9eb95a6af1c13ef92d67f8f81260fd85a
u-254	u	505605a65f993d75f49a185122652d814d4e551d1b27446fd83d861470ffaf51
u-255	u	187758fd95be82fe90160703b0a8da7cd8bbb84aa8a8fc772f6c37a1e4b720ac
u-256	u	fcaaf95c94a46672c9e0070ab9b949fca5b0f4dde621eb6ce54c95c71521f6a0
u-257	u	722f6e3321aa36b65ee43ba6e3620cafd45a65fd7aa15410ab6b3668cf1a381f
u-258	u	448af52e650ae7c873ed1476a007a96f48af517c463373fde262c6c32d45d4a2
u-259	u	ad5e203f986bf26861bafffe64400235a1823d11a7ae49452175b1928401a7c4
u-260	u	c8a4eebd0d164695c46cb2428fd9f2f1235fc5380a06223442e79601a62b745f
u-261	u	97546cfa2317647cae164d6515d6abe69306fbecaa5e93e9e169a1ff1d6215b2
u-262	u	e7642edf67f18248bc6c9cbe523b443c9e3a94995d63a0f6271c17054a2b5f7c
u-263	u	c48d345baced5603704d7a4db5b5560b13ec8240adfcbebe4a05385c561439f6
u-264	u	fd7acd1dd55b5ffede4daae19fe4a4096fd9ba76a31a120d1ee46c1c4b393120
u-265	u	0ed62ed296e70880c875995a1c0cf26b3820817b908b493680672a70331138e0
u-266	u	000775724e498d0e550ebfa1070f3e4344e8f5428d4868b956fadbe5ca436383
u-267	u	8238b01f7b3f295973c9576f937b07a0e71531718ce5534df590f341fd534506
u-268	u	645029282df7a0d984535959d7d9b1f8197d3083a4a185e3927331aaaf18c768
u-269	u	706fc69b62981581b7e900ace065b2988e6e2cf0fe4418beff7a15460a868504
u-270	u	5461eccc22666fab4c79cbd2d94aebe44954514fb2a7bd7e1cb56a56d087b17e
u-271	u	98ba4684b4082dee8daf701b10e5b7750bfb7016b9d62d3a062a09eb0a0a5bd6
u-272	u	a81acdc9efeb402dbac463e4ab0ef4b6b517e7f174307fe8495ba339ce3ec805
u-273	u	c09d4bcd4b4407e0c6c6227c33073a0567ad786e83b311f3e023b481a8ec89d1
u-274	u	fb1955e96dd18b222444622a9694408252b87d70799b13707429dc9d78835196
u-275	u	b0e5ee17a5215fd80540a272e395b23869964abc6276d7e43a8080de814a7e71
u-276	u	17b488611f0d30d1c35f5ac6cbf14e26b9cbf4f065ee64d60d5089a2b555d127
u-277	u	d3e9040dd65650f0b481118dea2fbf2ec531dcd7705abd6358d5a7729da18bd0
u-278	u	4ad066a3f3719a0cfc7d7be23cf6541d71b44849d2415de50f5dd88b1adf4b22
u-279	u	3398d3040f1a1547d0550ff97d71dd9f1cb2964d878bb176c223d9651466e6d9
u-280	u	0e629cb1dd13ecf0b8a7f2a09dd4315c2735d7343999542c6e301957faaec669
u-281	u	146d5adcc2dcbc880f6dc75de34a0872ba5925ae6eb511a4824b2d34d1c503bb
u-282	u	9ea93d042c8e29778339d9ea0ffeadb73f883ef81841dd46555b1eb53dafd9b2
u-283	u	bcf71a6634a6fd31d4821e3abc7326d45f233cc42e2449f5f9f9a2888dc448e7
u-284	u	722929c4c8f2cbfec2c50a72cb78ee74a36393d5f8c71a25603b0febb28a8113
u-285	u	297046c490c1376b7ab73fc51c6d6a931819e5f2ffd82f031e355f54434ac3af
u-286	u	91e478fde8ad2d047022d78bd536dab106263586dcb272148038d475edeb7079
u-287	u	cf8d8fe9f3e530acca6d9ecf27d2c2da44317bfd700996bc7c2f929a8875f459
u-288	u	acdfc866599e1ac45120f573b7ac60e504cc0aa6025b657056f20da18e7c8417
u-289	u	c0eba03ef5b3b48c9610c448fa313f8b9bb851d7c3aa22b5a139e4bca5166216
u-290	u	747d462e36aeac93f292e6c803d91e6d3e706582575e19d53e2f2c42605e6271
u-291	u	fb2ab03112e14db50387c73a6f0e00cc31d41058dc28da3d49c9be9fd2848c12
u-292	u	d4699e5529f7d92c29d7140077acf04cf43710e1a19b47e8298fbd1db2810aac
u-293	u	0786a96aa8cd27600c21654f8dbad5a5d0bc4cb1117544ad0c0cd209d31628ec
u-294	u	634cf475543aed4c1193943489a63a8fafe1a6ac187be1bcb19fa16f4f2f34ad
u-295	u	a37b0087b8289f3b6d25cb41e7dce7dcc53bd4b7e71260087f1c7f6793f37729
u-296	u	cd5ca5d0bd67f1e7d8e9c88bfd72126ccf1eefe419158af30d796a54cb1d9c73
u-297	u	d9e69ca220ba2306512d486253f7fa50bf20e0ac3b8291780b8582dd32621934
u-298	u	ea931046bffa1563e7452cd2e23013f19b9f58ff93a766530dea5ef626d45522
u-299	u	51325efb18eb25435c92a036c3e6c7387c4242edff83eef38239b57d42ab2fd5
u-300	u	cd3e4423c7f96176b519a7823f20673ad5185c4cec8b0beafcbe6eefeeaff0d7
u-301	u	21b0b0b259038a48f4e185a59fd42acf9ddf2b00e44a4e4f4fda17fdb0d23e18
u-302	u	61bc1819ae520ad77d6b671c50f3a87dc4091e0f660de7088c4d2a2f40811fcb
u-303	u	c9c693e051ac6ec7f598458d94f87c1f71883f8139781af642c96ce207ab19d2
u-304	u	af7f76caf63fe33e2e15cfc595f58d7a17ea6c293c59c8afda0040bb9199b81f
u-305	u	3fd7b6a27fc03afd6358c04f7c1e0291d65b901bd01586a788c4694b32569df7
u-306	u	8c6b49defabf98ba14c640a4fa237df9850c7ff2a0af4f972016fe00f2cad833
u-307	u	08f423bc4002c723c51a0541d5c3afec2c73561aeec8fecc2df7aed91ad4462a
u-308	u	697bcc4c4c2778cb8678726c7a6cb9eea6deb0670e831ab957de466fb49611f3
u-309	u	e054df17580b14409f9bd51ab262edab890608deb242cc0bf540606b7c4b0861
u-310	u	2095c41df1decfb40d8f49276928398173e1ae5a380233ed336ccb4714a556f3
u-311	u	ba3439744fc7a5cd9d3485df2116f47afbb40847e927f0b6512f9555d084310d
u-312	u	d62fdb60e3b13e06b6bb6512ba1663a2e671f42a6f2af11fea450e86142579e5
u-313	u	deb32d0def3ccc7fb70e04b21b364554c37f49efd802a3c5e9fd33d9833f937e
u-314	u	6bc3d7fe1603c43bea585cc44fd0164f68755a5c59a1de1326a545e872f2bc51
u-315	u	0652f2184390955dc3fb619ddd3198fac6962e917b5a568333b55b5b62fa0979
u-316	u	6343be982550e68144e349a70716d68816f0d1ed19a76f814ed1a7190d61e5de
u-317	u	508e657759edc480105a5b6c2f78f70e22df39c2e6f0c7e70213ef6ab5bcc03c
u-318	u	57b5c57d3b7fb045f39a24e2e25624d8e2f72b6c6c539dc276c34a68eb385708
u-319	u	629004689345c1e65acd2de6f0d6f4f628b7bd42bf6bb5f423c21272da563436
u-320	u	4dbe83ede40c5d3d013659a22546f51d787abc8cfe2054bfa3218066f91b9331
u-321	u	77b3d2e1a4ee29c329e86b05fa429dc8ff40ca202d76046099853cd37c8e4ef9
u-322	u	83f698632bd01c8057aff0da141985c8b05b7b054f0a78029878abc29ac1a2cd
u-323	u	a7b7d7828983c3f86d1e556770cc3b0320e9009730aa9c7069e6378843d8f6a9
u-324	u	dd11c61c3d06cf3f809a060c407c25b0e765291f2fdf443994b6c675c8161f29
u-325	u	6e4230b23c3f4a210fb1f2d0ca2fa5a5ac81c0ec3103cdc01cb1923f72b4deca
u-326	u	704cef5e6ed374dab0a6635542f9cbc2c982d0ac23d33a4924d5b5ba379389c3
u-327	u	5a5d6ef52ad0709d918af2212fd24cd00ea96283dbaad7620e34edda3fc6e610
u-328	u	1f8196b45775c47a7c03cbdcce2fe74f64bd12655ac4671f7f0de6d269fc2cd8
u-329	u	ab578d0e2fcfa426c056ddd78ad25b26f04a496bc0b4320c7cd50c3185d13cfe
u-330	u	44954da7e7191d7d971852d0f0d2baf3df7be2bd925bdb66c74170233c4b65ca
u-331	u	01ffd0a32a061e225d6845d5b47c46fa4d585f129be7b48454701cd074ea426d
u-332	u	58c7f06b00cff0716a276c7b969b0779a393c2461498a0662dbcbdaee09336b4
u-333	u	3106055c1c418b9534fdd8c961a0b10c2ec906774e38e61b705fcbf901f201e3
u-334	u	a76a36901172467df6433cef0a39d5b55713bcd8e15817369922549ddac5db1f
u-335	u	98afafd45a6ef57c2225d95a61b36320200c54c01ab8e6e37a05404701603959
u-336	u	dd76b2181a4a8fb2fe51cedc750b6c8c98a36d34f86ef5f4b84bab847a91b472
u-337	u	6e4829b4e3495876fd7af017d1e580b302e091574897accf045ff439401bbb75
u-338	u	107ef2f7c944199d8522f4a585379e81ab7ed1f0d2e819f3086e1b189bc227ba
u-339	u	105ddd076d9691898db5914328e81d8afa44a1a5acf0c7bd5f835812681ec96a
u-340	u	2cccabc549dbe0420b92fdb4670d5a5e9ab70583d17427072a36022e7b7ae421
u-341	u	c8f2f191c77e64d621233f9cd98dbec2f5f1097faf8a9d686435196d5a0431ca
u-342	u	0832c87999eb2b51ff93aa652a1027d57cab2631f939bacd9d733a5d46af3ea0
u-343	u	30b6f472237e3c5ce475f7131553e841b0870290181fb8020420ebf51274fd7e
u-344	u	fe4488f5191dd9d2fad1889cefbfbbab8fa50a92417d9a6b930fae5d0e4f7214
u-345	u	2feeba89cfd90310eef8ace0b2daae75474a539913b21ff65563b4b55f62768f
u-346	u	6969b7c745151680e29b3d8199dec65e288620da430bed43b72b63753c6ab1bd
u-347	u	6076f1f0932f6b1322cee1d3042fd6d3fe0d437655becabc391be3122694e5e4
u-348	u	7b42152047489337e403ea449ce0dd73ce8da8674cda2d1ffc1df1ff28185b3c
u-349	u	9221ef5660cc0f73d166b2d69484ec46e6f9a986a48c389ac5f6dcd751f8f204
u-350	u	c1029890043ff461be39588b756eff39d4ed77a42b37b6bc00aa98e7b238a8f7
u-351	u	340cb0c3f3ed0cbfc53ebfd2783cd1eab567bd69b7771023b2eb300f9100d344
u-352	u	5730a891ffc0fd087c04ba99320d10fea7e8dfa8abaaeb19e93f65edc7367c25
u-353	u	db77607f451ed92bf6ae9ccb2294d229de400abd2cb43fbdb163e7d9b5c06e4e
u-354	u	ffdb7896194f38918b573936d8d1e3538b13b6b36a2317a54943fba6008bdf82
u-355	u	71b9011598426b991e5751dc44a3e54578f0077f32a6c8648f6d6434183f10e3
u-356	u	50ea83b5c91572248b74407133d7c751d544c29b1e0ddd6afde0a46cd3606931
u-357	u	7d9e6f0ed8fec53890f2d372a188ccce51d6d4ee5d83edb804836f165f2de102
u-358	u	4f61e304b1fcd51fbcda002598b4ddf7317d440d43a36af692ed21c0e50dbf26
u-359	u	34ce28d979b662e90a6397d5edf6efee1f38879197b006bc9d41dd3e663b93df
u-360	u	1455c4f9af7f8785be1f8303e09b425d04965877a7e09dd8af41725bd35c067a
u-361	u	0a231cdc0d2a5b2d30b89d4d9a08fa0bb343c3019003dcd7c117160c8a130151
u-362	u	f26e5261a80aaeb37b8e955d35445c8a2134b02784929796c9ab5e6d9da5c4f1
u-363	u	4e0014a80b7248b7319f6667c4def9391e9dd076af30f75d62175b9028e28c7c
u-364	u	b0ea031cf42a89296667b96fd6a74ba6f7b6d059a2f9a3ec37e5c538c815eee8
u-365	u	3f38b0dc25a919d20237ded972fa5e2ee6c6bfee11e9976eb8dac3fb476009fd
u-366	u	b1482ea43bd847db9ea48ea7f506e272935c241f47a2f84f3f60bdff443b4e89
u-367	u	b563075b66c3ef34320fdc0a73b8bc83d9c3b0ffe5e32a3133f55306f38d2a2d
u-368	u	a4569b591063baed007458c3dbeae905117e078b5113ba26631154576a5dd5d9
u-369	u	80aa48b86fffeca2478432776c608467e0367534f679146126065f81ca0e6f4f
u-370	u	16e5fb4e01179e090feb0f59c273950935e0cc7a5e94feb255da5b0170fdf23d
u-371	u	33c759b6dd62190f2401c461dd186b53b46fa5c6366b7c5daf12faeb4ae1ea50
u-372	u	7aaf7d8024caa19d5fcc26aaedff77b3170df0f1e4afa65fd05360ee2e5a2a19
u-373	u	acd2ec5c2c9b81917eaba2f5471a57675b16822fcc6f3fae723018d49721db75
u-374	u	f8698c0d274312b4d73866758e843dba02ba163a452a268ba21a270ea5d6ee54
u-375	u	900d54f9c8d6d74939b894ba91bfbd3e011f3f73f824b3f11eb5c79ee6e9ca70
u-376	u	e81dbb82fff37741be3c69520f5d0ff6fc11e736fbcb9f3e430cc6003be130c9
u-377	u	5b84c1cf600079e6ef9655ae9a967f1d933d08d2916e746b3c36181896a8ee44
u-378	u	29c647737aff13e1e67777c35ca9df98ff1db29577cb346caa9676eaf39fa296
u-379	u	a270f867dc1d6c6bf2f5b8f3dff26d20a9503027784497699434396bcfd5b5d0
u-380	u	18708a08a00b58d34247b3048c3c50f6e5e771fa684eb0f2a49fc29d31cbf7a2
u-381	u	02c17f5b75da63ce66486e0f70c244414d676cc84b4d7053a77101837655873d
u-382	u	440ca81a121af79c1322aea269e4b3f1c580a579965c576f5b833fcced71d79f
u-383	u	45e686783d2c94b2f8e947e0deee30adec4ce487da9e08c69a9db3e4c47c44f8
u-384	u	142ad8bbf3c4acb1f0e2199589f047fb8738924d9ff5d3223f90223bf3b384c3
u-385	u	0e4f3f1b63fce739be594c07483b12fa0bfdb58e64d52629296ac621e97c6aa7
u-386	u	e4c1eb0d1211ac087d06cf0d2776e20e8ec9bf6a2155970bfea3a30246e7865b
u-387	u	90daeb05aa341cb6fb90b67bd5b481c49120e12e04228a4ae177bdbc15e92e39
u-388	u	36941d0803b22ad05a2affa5d462faa8ab7146b9b6ae895cb7a79bfde8f27bbf
u-389	u	79946704d5f71cb8d5317f551c58e7261cc53888709db736becb4c3817074c9c
u-390	u	8cda17524db8cbcc692d22223bf3f89a3137812c1b0a39083745e5a73d35c246
u-391	u	751234bf824db74284a7f5662f88aad8b3899ae5d2e5b2e4ad855c81aa196326
u-392	u	78f99b2dc149bedaf65ec172ac71c8b4a03ee2589b89f01515483e8261e8507c
u-393	u	9948024815b98a3890d686db41bb5d376f48a6cc324d98a9aa298f06a46906bb
u-394	u	6af33cd69f5dbc225d95416b6e77b6b26a4e8785bb4fdd18277d27a0d4189ae4
u-395	u	60e27bed7a28ad465c1d5ad1b3c343ebd13abc0458c99263552079c8f4b2df4e
u-396	u	ff9859c9059ff9186f8bdc07ce044626282774e25b19a5cc7eaa659a6cf7d014
u-397	u	7832b77de5f6960979a2f0fc265e53fc467d0bbd268ccca58d62f61ac7f7c6ce
u-398	u	f28c4ecc67827afc5e29eb00a61178e5c1531b263c065ffb8c901cc184725e67
u-399	u	d3e129f06a58707c42ac49dfeede408b930e28e4b668670ce0c11222208cff2e
u-400	u	b4bc1d54ad00732ae437cbac0b4daf28d7070b3cff87955a36a8ed63ca3d6c66
u-401	u	f112eaf6aafde7147cc12d6d698e99be713bc6abd8c3cd8b477faf2a8613f150
u-402	u	d8af2fd78c9c358baf1bab01f1d65eea1a3576adc33b7e223107f06ff54b0669
u-403	u	4a53bc3d48159c46ce6d67713fa7cbb7c1fd5d67b487caf4284c7ef844c5f599
u-404	u	f70c96059e07a68411c76450ee3c6b835c3ff4471571cb8325cdac168082b30a
u-405	u	6ed4e6b4ffe669d6363624960b4b7e821db9aeb04126cda25779335be26477ca
u-406	u	8adfb09e758d70ff4dccc721f9a765d4e2f67ae526da896d56672adcd0a2cc07
u-407	u	674f74f3289083a5dc437de42b6dcf03b62d1c2adba0f9a5d7b0096fc7499e85
u-408	u	8175e6a032ab9f0e1940f7b3132fe8613140072e34fcccf980750b4a0913166a
u-409	u	e43da79192f3a3d3865c8fd69bb8cd895a6d4e28c442ffc18d449242ba8b7cb0
u-410	u	038ddfc4fda540339efbceaf414179b8c920833148c7b877b2c49fd7d0e3c150
u-411	u	285e71c2a45e0705996a547f4101b114d985b71b696f3f1bb191cf8b3450a67e
u-412	u	da6b657da51da0f0b212c17eee6e76eca025a0de6ffe296be78f869c51f4b0d5
u-413	u	c797f04344cdba58cde98a12737ecb6ea2a442835063bf40599cbfe9581fede6
u-414	u	f3bcbe38af162663e76d3041c56794549123fed2b2ff9fc7574a7625311f4f4c
u-415	u	2d818398288526f19c7b1f7265cdee61f7d900f93be8dd09ad4889df2eafe68e
u-416	u	1e6d8af74ebdde975e33f22f9c2d97b5bd522ffc6bdb8f68a902e3ca274fb5ef
u-417	u	28c7bf58e2014db12ca4ab13dc50475b195ae8b0db943e6e36ee677cfe66a26c
u-418	u	148b2db45efce40f85f1f2e28d58ab97566093e607e46815aeefd06a3d89e3dd
u-419	u	86bd421ab75fc24a24dd426f4ec69b36eee692b3ee33adbc490046c4b3accab0
u-420	u	0d95ea8a9db2ae7f2bb2e971ef4dbfeb0effbf79c8922038104e9631a8368c07
u-421	u	8af5893b8e7b55a986050a5f26f08bd0022fbfbf7bee94a5cb17c4c44839312f
u-422	u	0ffa91d000bb1d8b8503e9f03edae0a4f4eed8e21516334fb0134a10a9e8a3f8
u-423	u	1bf251b987ad7895410c777934b52f0c392ee2d06e47d269a42b4500d9f34e7a
u-424	u	cba91dd93a24e50bc99aafd3794d4ebea8237a6cac8f3ccf2b6bb899944f5429
u-425	u	7e2974531a8ff9ad39cccc0f67f9a7fbbd9ecc725c2c06a1ddc2da7f2645e825
u-426	u	5fca76b3f07de8eef1ab6ae529d615b9288d9a6a9efdb84e03eb02b9f951818c
u-427	u	254b15913313bfde26dd9854e155d513e0c99b6ef0a8af4eb18c4adb8d5bc40e
u-428	u	2b6287b5d824f4cbebb804160b93e589e42b7d231b25604dfea793043b65e43c
u-429	u	99d84f00ccc401820bf477c4d91fbc656a40d255ecc03f7ca2f18b03d0acdf03
u-430	u	dbac3d87028f9bb8c583f07bc85d67ae9c72e698bab2b288d9f6b0585f775758
u-431	u	4da8099c60bbed1b0b83f57cc0ad7b94bf002fc16aceb5cd8e7d7dd68c237f3f
u-432	u	8a5a91d465691d341a2cda9c4e772e95de93aa6a1432b0dae5d70b48402c34ad
u-433	u	f61454331d471373ec6e07d7e153dbb3739f1b70ecb875777048b67dea943184
u-434	u	50cea3b1fdb3de16e1f5c308e027b2065cde90a9914e26d7b04a6c61d37f099e
u-435	u	6e7b63ddc4e804bfa3fa5c0b2c9fe5a84b70018652b74491c2e2c4328d1a59de
u-436	u	34367efb2a39b022c77b882f063aaa1d06d1dcc48b14e7492557115c620bc103
u-437	u	6d2bf82d42f5440509eebbda0e4b6a8f7322b3cbe3aaa999100a7708428b9d2a
u-438	u	69352d9e91bf7976d9c4ee5a5c9591593e3e04c26d406d69013ff5aaa58ad2a5
u-439	u	b52633e3052d0d4ccbcc962a07f91c40781fba67c08eaef484ae4fc6269bfa63
u-440	u	ff4a326545894d1f604cdf667fdeef79b40bc0a2ba5d7b55885c64f66db9d26c
u-441	u	5ab19d375c32af98dd166c5e0e20731c9e454e86fe02e861f891d206720ccad4
u-442	u	eb2dfe1b6a86d59270bc862b475c602b92e935430c25e2cd5fb03c4574718376
u-443	u	3068129077adf097d3a0a7568fc7cd284d22d5e76a8d5a0252f0fa89a7c9432e
u-444	u	3dacf6de179310a2c963f59b506664c52d397cf568c0bd5874d8f2f5419a8ec6
u-445	u	92bda7f447cc4b0cadddecf38d30fd33185706a880995d1fd66cc9a73723c970
u-446	u	c570ec0fe420449f82df93c78e2ec7168875c13d706deac77933a348e506cdc4
u-447	u	131f8232ebf7fedbfef858157db37a1b0ae610b4466e455eb5b910030107c141
u-448	u	801488b31bc58aded90d01443fd45e86b20754f680a65d50a79fad2b14577660
u-449	u	a930542f34cfe943df00b3c42ebb29489833615ae9a84d3ac9ec82469082c331
u-450	u	1d588e1766f154b02786cdf766e1082a3f4c619cef339a0f3b4545a3082522c2
u-451	u	6d412fa167d8e751802789185b32e6b9d8b0e0c1090f71c65639c2f7587f36db
u-452	u	a8bb2da9355f119e789ae13048a979718311ab77b5d8481e0a926895762dad18
u-453	u	4181f576fc40a4b94440ce4751f908cd0c646a93d13661ba0d404fa0f1c7349b
u-454	u	287183e9d173c39f533dff42447d4ff2f4c9b97d44b2295752cdebcae0261367
u-455	u	4ff1e05320788edabbfb0dc34f8803db920fec3a227c01a3c9b248e9876e83be
u-456	u	ca8cfd0fe15dbd397cdd7932f61d5817371b25fbd7aa21c42f05a2edb4aeebfa
u-457	u	241d27654a3c0520cbcd0b4b1bf523132fbe1f32aa368144d1ecd8a1e46c041c
u-458	u	e2b99f905aee6034587fbe7dafc1c846be990d9e4c0ec2927a12b97554252372
u-459	u	2d50cb27680b0791695cc017c06764d2cda847d8c104ba6dd593e366c0bccc94
u-460	u	2bf7a74108a1728a9771c590b10c00432aa5007b2f97d5156774727670f2e8f0
u-461	u	f76f1133e7d4b228cefc3c57a4f3c6943d9b45c8a67eaa3481bb6d6310eea73f
u-462	u	5f0ae9507028e98209a3ab20dbc9a8450e6703b8badbfe45170902ed7533788e
u-463	u	1d7ba4d1355c70062ea7668332f233a8ac45329ab3b8e1ec390d37c0425a3da4
u-464	u	fea667a2312f5642f1e367adfc592e0d968c3a46ebc58060ae9407422f09e67c
u-465	u	1e5417b01d2e42729ae81ea9f69468913754cff462ade59bef3394a364926875
u-466	u	fa1eadb965ac1241dfa3c7bb49724cfa57c7e23d69c62661604d101f54e37318
u-467	u	c9176f1832a6bb9c31f4387732058f56da219ef54f8a90cf21e01e9adbbb653d
u-468	u	01a132f4b8b00139577f8053427276d02db10fc9dd43995dd9266e29c80a1e55
u-469	u	8e05d3445420c18a8091c4aeb3056712a887519f95dbe6f411374d63a737afcc
u-470	u	9a6cdb4990d55dde957ad1d579f88be0ff349995428eef69faa2071fcacfec50
u-471	u	642c63e49980aac62cab3b2b828940b9676683b017f5679a0d3c1c916c2db1d4
u-472	u	32622628b530951b3469371cdc04e0ab8cfe8677b1edc33b531e55213ce678e8
u-473	u	4617e8ce47c209e99837c8d252561b75df5e951c2f5864d314101891afe878e3
u-474	u	0cd16c0801af5aca409cf949bdd7c45de8261bcf5cd44635ff0b3649e955d1f8
u-475	u	0ae3355c9d7603cdb9a71ae566fc65f3bdb31f0fac05dfb60b6393d36bb1a6d8
u-476	u	5471a917e504eb183b775a52b9cd6ac39119256d4e6f07cd4eeceb3afbde28e7
u-477	u	b499597c8c4caf7a306e90e4320708e032a10b3bf76717abb250fb2aeb63e02d
u-478	u	eb2bfab2877671cb97cb5ce02a2c043182e82281d48c5e88d205993fbaff401e
u-479	u	d3f25bed3a579f85f23c5586e3d1ba6fdc6cf5dc36cbffa5a5718b3069c45aec
u-480	u	49a9196a766f5470fe675f06cd8dd7af7b3cf62670961f3b2234b51dc9220bc9
u-481	u	9d28d8bad9403f94b3fed83a66a8d0355e8740bb75c993db41f8a64522949995
u-482	u	a83eaa64a91a2807b654537d96a232884f7101f52674c0866d55b474584ae36c
u-483	u	234ff526e7e40d55fa81eff237141ed523b364dc424f7ef620c6781481a0ec14
u-484	u	c4828832ec8800b5f0d0e03ec14abb2da35b59b7a52a25f44691185592df2cb8
u-485	u	dbbc2f05f2104f24d1c4611ebb3aee5f1218e7300fcd9a2276b0a0ce30cc01e9
u-486	u	219ae2f946497d2400412f782a447ead79bf8a35820d35c30db8d64bf4ad9d19
u-487	u	211a370e6d1d7c1d7ae8e629606150b2f969e5b37b313f0137600a393064f0e0
u-488	u	ba04b1c47a304d8edfbb4af8027b5b806266fb42104cf99ecb8c0235fac8d457
u-489	u	198cbe8a7b1bc72ea8922848613b4d35839937de80bd90eff4997ba9ed4cdff6
u-490	u	2254901ac231c0ff8db7d85682cb0f6d3239bfddd3939cce1eef751ab496581d
u-491	u	18cc4a2ca10ed53bed13345be546e893d251051c442b9ecd3083ede7396a1a0c
u-492	u	c43c290b4839a8f943adcedcc7d40aebb14de55eaaf84450c7dfda2dcc2af35f
u-493	u	20f445139403cb64cc765021ca9ac430b105c4852c5893c40d5968bbc293cde5
u-494	u	934e6f1c8814f97a224067051f87c635a50560a008d1df7b9ec66957d842ba58
u-495	u	132cb74c81773ecc5f65869b98fecf81a0a0d00f67363d512bda8cace8d84665
u-496	u	bd30816a2af266b720d7021f1f4912017f75391c833613c394bb3c3ff56bc211
u-497	u	37c2150fcd63ba01da5438ae5964723453b69c86155a0bfcf0a839d16d56c5ad
u-498	u	a6ccf6e1baf3b48f08597a80919cc5f4979aca9c043024575417dee5c46bee62
u-499	u	ef9df2089deb12e808318469890e610092510dbe12151d7a4e5f15b499097267
u-500	u	df4f2aa83b6b39a9b64026ef83744b29ebc94401b8c861cb21f4d0c1816e0ae0
u-501	u	50f2238ff22e9787d42a8a20c448297c91da56794d4e008dfe13cef2b55291c7
u-502	u	6f3fd66aa50051d0b3ea582be4a071027d22396114bc24b2eaab19e272a09950
u-503	u	00cad9e41153c17763a6745468d205c8de83f55d12bd4d053cffb820e4e2f576
u-504	u	263f42d39082c4dd90b8d7877329ec679d1553d3f9135a22ca46983feacfbbf4
u-505	u	d19d3b7922d167b2f3ebb30ef6f1ce4e6795fe9e4524341567941090fb5164ad
u-506	u	6db9ced68f3e5f766d06333b2f15b401805821e8fd61ffce1de75123ba334a20
u-507	u	2b52fcce0b75a1e100b6c5f5a0ed92c7b8c7aa3ec1e9ccdb9ae1967728ed90a3
u-508	u	a35ee6e1306c4ef36238a2b6ca0b1a793ab143294214abd3286546b9e92ec860
u-509	u	361568aa45413dfc24e040a9a3f84f89c8837f8019e4dc43ac45071d4a31bf63
u-510	u	233b2307591c91a69e75968e88736f553c46bb668d011ec751afaf4b352d2420
u-511	u	a0bb61b4791b343a328b0edee48713bcf53c6d5263bf2f54ba4158b32831a697
u-512	u	4e785c2271644a4f22c6946122f765956b63e6fbd2a09a9425d95bca301e3e62
u-513	u	b2cf079c661f3326310f231d900397615342cbea72e059df484f5121bdd55142
u-514	u	6e81735f4b8799282850adbca40ba8a8d4a2eb23d1fe8569813e580a9b10753b
u-515	u	6a82504c8e997ff23a9cf6d7c5b05bf51e94b4891dc15991783258e0c1f39363
u-516	u	190d055e0848131ebaf7fbdd67a9301f69138684b04a35c7344413c700dd327e
u-517	u	d4df3cb05a76523a45ad8fe562fdb0d1fcb8f46fceec264cb7f929337ad067d4
u-518	u	0e483e1c006920f4686c1c55c7a91c3bed25275524100f29df212590ba5790c7
torsion-0	d	0100000000000000000000000000000000000000000000000000000000000000
mixed-0	d	5866666666666666666666666666666666666666666666666666666666666666
torsion-1	d	26e8958fc2b227b045c3f489f2ef98f0d5dfac05d3c63339b13802886d53fc05
mixed-1	d	da99e28ba529cdde35a25fba9059e78ecaee239f99755b9b1aa4f65df00803e2
torsion-2	d	0000000000000000000000000000000000000000000000000000000000000000
mixed-2	d	5252cc0a7f208133b620acbd4537eba2a4123bf0a8c2e4f980c3b31bb69765ea
torsion-3	d	c7176a703d4dd84fba3c0b760d10670f2a2053fa2c39ccc64ec7fd7792ac037a
mixed-3	d	98519eadf35b995233b51b5cd23e9cc5a28b639b5a4af0ec903cb960d81b7819
torsion-4	d	ecffffffffffffffffffffffffffffffffffffffffffffffffffffffffffff7f
mixed-4	d	9599999999999999999999999999999999999999999999999999999999999999
torsion-5	d	c7176a703d4dd84fba3c0b760d10670f2a2053fa2c39ccc64ec7fd7792ac03fa
mixed-5	d	13661d745ad63221ca5da0456fa618713511dc60668aa464e55b09a20ff7fc1d
torsion-6	d	0000000000000000000000000000000000000000000000000000000000000080
mixed-6	d	9bad33f580df7ecc49df5342bac8145d5bedc40f573d1b067f3c4ce449689a15
torsion-7	d	26e8958fc2b227b045c3f489f2ef98f0d5dfac05d3c63339b13802886d53fc85
mixed-7	d	55ae61520ca466adcc4ae4a32dc1633a5d749c64a5b50f136fc3469f27e487e6
e-0-0-0	e	0100000000000000000000000000000000000000000000000000000000000000	5866666666666666666666666666666666666666666666666666666666666666	00000000000000000000000000000000	0000000000000000000000000000000000000000000000000000000000000000
e-0-0-1	e	0100000000000000000000000000000000000000000000000000000000000000	5866666666666666666666666666666666666666666666666666666666666666	00000000000000000000000000000000	0100000000000000000000000000000000000000000000000000000000000000
e-0-0-2	e	0100000000000000000000000000000000000000000000000000000000000000	5866666666666666666666666666666666666666666666666666666666666666	00000000000000000000000000000000	ecd3f55c1a631258d69cf7a2def9de1400000000000000000000000000000010
e-0-1-0	e	0100000000000000000000000000000000000000000000000000000000000000	5866666666666666666666666666666666666666666666666666666666666666	01000000000000000000000000000000	0000000000000000000000000000000000000000000000000000000000000000
e-0-1-1	e	0100000000000000000000000000000000000000000000000000000000000000	5866666666666666666666666666666666666666666666666666666666666666	01000000000000000000000000000000	0100000000000000000000000000000000000000000000000000000000000000
e-0-1-2	e	0100000000000000000000000000000000000000000000000000000000000000	5866666666666666666666666666666666666666666666666666666666666666	01000000000000000000000000000000	ecd3f55c1a631258d69cf7a2def9de1400000000000000000000000000000010
e-0-2-0	e	0100000000000000000000000000000000000000000000000000000000000000	5866666666666666666666666666666666666666666666666666666666666666	02000000000000000000000000000000	0000000000000000000000000000000000000000000000000000000000000000
e-0-2-1	e	0100000000000000000000000000000000000000000000000000000000000000	5866666666666666666666666666666666666666666666666666666666666666	02000000000000000000000000000000	0100000000000000000000000000000000000000000000000000000000000000
e-0-2-2	e	0100000000000000000000000000000000000000000000000000000000000000	5866666666666666666666666666666666666666666666666666666666666666	02000000000000000000000000000000	ecd3f55c1a631258d69cf7a2def9de1400000000000000000000000000000010
e-0-3-0	e	0100000000000000000000000000000000000000000000000000000000000000	5866666666666666666666666666666666666666666666666666666666666666	11000000000000000000000000000000	0000000000000000000000000000000000000000000000000000000000000000
e-0-3-1	e	0100000000000000000000000000000000000000000000000000000000000000	5866666666666666666666666666666666666666666666666666666666666666	11000000000000000000000000000000	0100000000000000000000000000000000000000000000000000000000000000
e-0-3-2	e	0100000000000000000000000000000000000000000000000000000000000000	5866666666666666666666666666666666666666666666666666666666666666	11000000000000000000000000000000	ecd3f55c1a631258d69cf7a2def9de1400000000000000000000000000000010
e-0-4-0	e	0100000000000000000000000000000000000000000000000000000000000000	5866666666666666666666666666666666666666666666666666666666666666	ffffffffffffffffffffffffffffffff	0000000000000000000000000000000000000000000000000000000000000000
e-0-4-1	e	0100000000000000000000000000000000000000000000000000000000000000	5866666666666666666666666666666666666666666666666666666666666666	ffffffffffffffffffffffffffffffff	0100000000000000000000000000000000000000000000000000000000000000
e-0-4-2	e	0100000000000000000000000000000000000000000000000000000000000000	5866666666666666666666666666666666666666666666666666666666666666	ffffffffffffffffffffffffffffffff	ecd3f55c1a631258d69cf7a2def9de1400000000000000000000000000000010
e-1-0-0	e	5866666666666666666666666666666666666666666666666666666666666666	5866666666666666666666666666666666666666666666666666666666666666	00000000000000000000000000000000	0000000000000000000000000000000000000000000000000000000000000000
e-1-0-1	e	5866666666666666666666666666666666666666666666666666666666666666	5866666666666666666666666666666666666666666666666666666666666666	00000000000000000000000000000000	0100000000000000000000000000000000000000000000000000000000000000
e-1-0-2	e	5866666666666666666666666666666666666666666666666666666666666666	5866666666666666666666666666666666666666666666666666666666666666	00000000000000000000000000000000	ecd3f55c1a631258d69cf7a2def9de1400000000000000000000000000000010
e-1-1-0	e	5866666666666666666666666666666666666666666666666666666666666666	5866666666666666666666666666666666666666666666666666666666666666	01000000000000000000000000000000	0000000000000000000000000000000000000000000000000000000000000000
e-1-1-1	e	5866666666666666666666666666666666666666666666666666666666666666	5866666666666666666666666666666666666666666666666666666666666666	01000000000000000000000000000000	0100000000000000000000000000000000000000000000000000000000000000
e-1-1-2	e	5866666666666666666666666666666666666666666666666666666666666666	5866666666666666666666666666666666666666666666666666666666666666	01000000000000000000000000000000	ecd3f55c1a631258d69cf7a2def9de1400000000000000000000000000000010
e-1-2-0	e	5866666666666666666666666666666666666666666666666666666666666666	5866666666666666666666666666666666666666666666666666666666666666	02000000000000000000000000000000	0000000000000000000000000000000000000000000000000000000000000000
e-1-2-1	e	5866666666666666666666666666666666666666666666666666666666666666	5866666666666666666666666666666666666666666666666666666666666666	02000000000000000000000000000000	0100000000000000000000000000000000000000000000000000000000000000
e-1-2-2	e	5866666666666666666666666666666666666666666666666666666666666666	5866666666666666666666666666666666666666666666666666666666666666	02000000000000000000000000000000	ecd3f55c1a631258d69cf7a2def9de1400000000000000000000000000000010
e-1-3-0	e	5866666666666666666666666666666666666666666666666666666666666666	5866666666666666666666666666666666666666666666666666666666666666	11000000000000000000000000000000	0000000000000000000000000000000000000000000000000000000000000000
e-1-3-1	e	5866666666666666666666666666666666666666666666666666666666666666	5866666666666666666666666666666666666666666666666666666666666666	11000000000000000000000000000000	0100000000000000000000000000000000000000000000000000000000000000
e-1-3-2	e	5866666666666666666666666666666666666666666666666666666666666666	5866666666666666666666666666666666666666666666666666666666666666	11000000000000000000000000000000	ecd3f55c1a631258d69cf7a2def9de1400000000000000000000000000000010
e-1-4-0	e	5866666666666666666666666666666666666666666666666666666666666666	5866666666666666666666666666666666666666666666666666666666666666	ffffffffffffffffffffffffffffffff	0000000000000000000000000000000000000000000000000000000000000000
e-1-4-1	e	5866666666666666666666666666666666666666666666666666666666666666	5866666666666666666666666666666666666666666666666666666666666666	ffffffffffffffffffffffffffffffff	0100000000000000000000000000000000000000000000000000000000000000
e-1-4-2	e	5866666666666666666666666666666666666666666666666666666666666666	5866666666666666666666666666666666666666666666666666666666666666	ffffffffffffffffffffffffffffffff	ecd3f55c1a631258d69cf7a2def9de1400000000000000000000000000000010
e-2-0-0	e	26e8958fc2b227b045c3f489f2ef98f0d5dfac05d3c63339b13802886d53fc05	5866666666666666666666666666666666666666666666666666666666666666	00000000000000000000000000000000	0000000000000000000000000000000000000000000000000000000000000000
e-2-0-1	e	26e8958fc2b227b045c3f489f2ef98f0d5dfac05d3c63339b13802886d53fc05	5866666666666666666666666666666666666666666666666666666666666666	00000000000000000000000000000000	0100000000000000000000000000000000000000000000000000000000000000
e-2-0-2	e	26e8958fc2b227b045c3f489f2ef98f0d5dfac05d3c63339b13802886d53fc05	5866666666666666666666666666666666666666666666666666666666666666	00000000000000000000000000000000	ecd3f55c1a631258d69cf7a2def9de1400000000000000000000000000000010
e-2-1-0	e	26e8958fc2b227b045c3f489f2ef98f0d5dfac05d3c63339b13802886d53fc05	5866666666666666666666666666666666666666666666666666666666666666	01000000000000000000000000000000	0000000000000000000000000000000000000000000000000000000000000000
e-2-1-1	e	26e8958fc2b227b045c3f489f2ef98f0d5dfac05d3c63339b13802886d53fc05	5866666666666666666666666666666666666666666666666666666666666666	01000000000000000000000000000000	0100000000000000000000000000000000000000000000000000000000000000
e-2-1-2	e	26e8958fc2b227b045c3f489f2ef98f0d5dfac05d3c63339b13802886d53fc05	5866666666666666666666666666666666666666666666666666666666666666	01000000000000000000000000000000	ecd3f55c1a631258d69cf7a2def9de1400000000000000000000000000000010
e-2-2-0	e	26e8958fc2b227b045c3f489f2ef98f0d5dfac05d3c63339b13802886d53fc05	5866666666666666666666666666666666666666666666666666666666666666	02000000000000000000000000000000	0000000000000000000000000000000000000000000000000000000000000000
e-2-2-1	e	26e8958fc2b227b045c3f489f2ef98f0d5dfac05d3c63339b13802886d53fc05	5866666666666666666666666666666666666666666666666666666666666666	02000000000000000000000000000000	0100000000000000000000000000000000000000000000000000000000000000
e-2-2-2	e	26e8958fc2b227b045c3f489f2ef98f0d5dfac05d3c63339b13802886d53fc05	5866666666666666666666666666666666666666666666666666666666666666	02000000000000000000000000000000	ecd3f55c1a631258d69cf7a2def9de1400000000000000000000000000000010
e-2-3-0	e	26e8958fc2b227b045c3f489f2ef98f0d5dfac05d3c63339b13802886d53fc05	5866666666666666666666666666666666666666666666666666666666666666	11000000000000000000000000000000	0000000000000000000000000000000000000000000000000000000000000000
e-2-3-1	e	26e8958fc2b227b045c3f489f2ef98f0d5dfac05d3c63339b13802886d53fc05	5866666666666666666666666666666666666666666666666666666666666666	11000000000000000000000000000000	0100000000000000000000000000000000000000000000000000000000000000
e-2-3-2	e	26e8958fc2b227b045c3f489f2ef98f0d5dfac05d3c63339b13802886d53fc05	5866666666666666666666666666666666666666666666666666666666666666	11000000000000000000000000000000	ecd3f55c1a631258d69cf7a2def9de1400000000000000000000000000000010
e-2-4-0	e	26e8958fc2b227b045c3f489f2ef98f0d5dfac05d3c63339b13802886d53fc05	5866666666666666666666666666666666666666666666666666666666666666	ffffffffffffffffffffffffffffffff	0000000000000000000000000000000000000000000000000000000000000000
e-2-4-1	e	26e8958fc2b227b045c3f489f2ef98f0d5dfac05d3c63339b13802886d53fc05	5866666666666666666666666666666666666666666666666666666666666666	ffffffffffffffffffffffffffffffff	0100000000000000000000000000000000000000000000000000000000000000
e-2-4-2	e	26e8958fc2b227b045c3f489f2ef98f0d5dfac05d3c63339b13802886d53fc05	5866666666666666666666666666666666666666666666666666666666666666	ffffffffffffffffffffffffffffffff	ecd3f55c1a631258d69cf7a2def9de1400000000000000000000000000000010
e-3-0-0	e	da99e28ba529cdde35a25fba9059e78ecaee239f99755b9b1aa4f65df00803e2	5866666666666666666666666666666666666666666666666666666666666666	00000000000000000000000000000000	0000000000000000000000000000000000000000000000000000000000000000
e-3-0-1	e	da99e28ba529cdde35a25fba9059e78ecaee239f99755b9b1aa4f65df00803e2	5866666666666666666666666666666666666666666666666666666666666666	00000000000000000000000000000000	0100000000000000000000000000000000000000000000000000000000000000
e-3-0-2	e	da99e28ba529cdde35a25fba9059e78ecaee239f99755b9b1aa4f65df00803e2	5866666666666666666666666666666666666666666666666666666666666666	00000000000000000000000000000000	ecd3f55c1a631258d69cf7a2def9de1400000000000000000000000000000010
e-3-1-0	e	da99e28ba529cdde35a25fba9059e78ecaee239f99755b9b1aa4f65df00803e2	5866666666666666666666666666666666666666666666666666666666666666	01000000000000000000000000000000	0000000000000000000000000000000000000000000000000000000000000000
e-3-1-1	e	da99e28ba529cdde35a25fba9059e78ecaee239f99755b9b1aa4f65df00803e2	5866666666666666666666666666666666666666666666666666666666666666	01000000000000000000000000000000	0100000000000000000000000000000000000000000000000000000000000000
e-3-1-2	e	da99e28ba529cdde35a25fba9059e78ecaee239f99755b9b1aa4f65df00803e2	5866666666666666666666666666666666666666666666666666666666666666	01000000000000000000000000000000	ecd3f55c1a631258d69cf7a2def9de1400000000000000000000000000000010
e-3-2-0	e	da99e28ba529cdde35a25fba9059e78ecaee239f99755b9b1aa4f65df00803e2	5866666666666666666666666666666666666666666666666666666666666666	02000000000000000000000000000000	0000000000000000000000000000000000000000000000000000000000000000
e-3-2-1	e	da99e28ba529cdde35a25fba9059e78ecaee239f99755b9b1aa4f65df00803e2	5866666666666666666666666666666666666666666666666666666666666666	02000000000000000000000000000000	0100000000000000000000000000000000000000000000000000000000000000
e-3-2-2	e	da99e28ba529cdde35a25fba9059e78ecaee239f99755b9b1aa4f65df00803e2	5866666666666666666666666666666666666666666666666666666666666666	02000000000000000000000000000000	ecd3f55c1a631258d69cf7a2def9de1400000000000000000000000000000010
e-3-3-0	e	da99e28ba529cdde35a25fba9059e78ecaee239f99755b9b1aa4f65df00803e2	5866666666666666666666666666666666666666666666666666666666666666	11000000000000000000000000000000	0000000000000000000000000000000000000000000000000000000000000000
e-3-3-1	e	da99e28ba529cdde35a25fba9059e78ecaee239f99755b9b1aa4f65df00803e2	5866666666666666666666666666666666666666666666666666666666666666	11000000000000000000000000000000	0100000000000000000000000000000000000000000000000000000000000000
e-3-3-2	e	da99e28ba529cdde35a25fba9059e78ecaee239f99755b9b1aa4f65df00803e2	5866666666666666666666666666666666666666666666666666666666666666	11000000000000000000000000000000	ecd3f55c1a631258d69cf7a2def9de1400000000000000000000000000000010
e-3-4-0	e	da99e28ba529cdde35a25fba9059e78ecaee239f99755b9b1aa4f65df00803e2	5866666666666666666666666666666666666666666666666666666666666666	ffffffffffffffffffffffffffffffff	0000000000000000000000000000000000000000000000000000000000000000
e-3-4-1	e	da99e28ba529cdde35a25fba9059e78ecaee239f99755b9b1aa4f65df00803e2	5866666666666666666666666666666666666666666666666666666666666666	ffffffffffffffffffffffffffffffff	0100000000000000000000000000000000000000000000000000000000000000
e-3-4-2	e	da99e28ba529cdde35a25fba9059e78ecaee239f99755b9b1aa4f65df00803e2	5866666666666666666666666666666666666666666666666666666666666666	ffffffffffffffffffffffffffffffff	ecd3f55c1a631258d69cf7a2def9de1400000000000000000000000000000010
e-4-0-0	e	0000000000000000000000000000000000000000000000000000000000000000	5866666666666666666666666666666666666666666666666666666666666666	00000000000000000000000000000000	0000000000000000000000000000000000000000000000000000000000000000
e-4-0-1	e	0000000000000000000000000000000000000000000000000000000000000000	5866666666666666666666666666666666666666666666666666666666666666	00000000000000000000000000000000	0100000000000000000000000000000000000000000000000000000000000000
e-4-0-2	e	0000000000000000000000000000000000000000000000000000000000000000	5866666666666666666666666666666666666666666666666666666666666666	00000000000000000000000000000000	ecd3f55c1a631258d69cf7a2def9de1400000000000000000000000000000010
e-4-1-0	e	0000000000000000000000000000000000000000000000000000000000000000	5866666666666666666666666666666666666666666666666666666666666666	01000000000000000000000000000000	0000000000000000000000000000000000000000000000000000000000000000
e-4-1-1	e	0000000000000000000000000000000000000000000000000000000000000000	5866666666666666666666666666666666666666666666666666666666666666	01000000000000000000000000000000	0100000000000000000000000000000000000000000000000000000000000000
e-4-1-2	e	0000000000000000000000000000000000000000000000000000000000000000	5866666666666666666666666666666666666666666666666666666666666666	01000000000000000000000000000000	ecd3f55c1a631258d69cf7a2def9de1400000000000000000000000000000010
e-4-2-0	e	0000000000000000000000000000000000000000000000000000000000000000	5866666666666666666666666666666666666666666666666666666666666666	02000000000000000000000000000000	0000000000000000000000000000000000000000000000000000000000000000
e-4-2-1	e	0000000000000000000000000000000000000000000000000000000000000000	5866666666666666666666666666666666666666666666666666666666666666	02000000000000000000000000000000	0100000000000000000000000000000000000000000000000000000000000000
e-4-2-2	e	0000000000000000000000000000000000000000000000000000000000000000	5866666666666666666666666666666666666666666666666666666666666666	02000000000000000000000000000000	ecd3f55c1a631258d69cf7a2def9de1400000000000000000000000000000010
e-4-3-0	e	0000000000000000000000000000000000000000000000000000000000000000	5866666666666666666666666666666666666666666666666666666666666666	11000000000000000000000000000000	0000000000000000000000000000000000000000000000000000000000000000
e-4-3-1	e	0000000000000000000000000000000000000000000000000000000000000000	5866666666666666666666666666666666666666666666666666666666666666	11000000000000000000000000000000	0100000000000000000000000000000000000000000000000000000000000000
e-4-3-2	e	0000000000000000000000000000000000000000000000000000000000000000	5866666666666666666666666666666666666666666666666666666666666666	11000000000000000000000000000000	ecd3f55c1a631258d69cf7a2def9de1400000000000000000000000000000010
e-4-4-0	e	0000000000000000000000000000000000000000000000000000000000000000	5866666666666666666666666666666666666666666666666666666666666666	ffffffffffffffffffffffffffffffff	0000000000000000000000000000000000000000000000000000000000000000
e-4-4-1	e	0000000000000000000000000000000000000000000000000000000000000000	5866666666666666666666666666666666666666666666666666666666666666	ffffffffffffffffffffffffffffffff	0100000000000000000000000000000000000000000000000000000000000000
e-4-4-2	e	0000000000000000000000000000000000000000000000000000000000000000	5866666666666666666666666666666666666666666666666666666666666666	ffffffffffffffffffffffffffffffff	ecd3f55c1a631258d69cf7a2def9de1400000000000000000000000000000010
e-5-0-0	e	5252cc0a7f208133b620acbd4537eba2a4123bf0a8c2e4f980c3b31bb69765ea	5866666666666666666666666666666666666666666666666666666666666666	00000000000000000000000000000000	0000000000000000000000000000000000000000000000000000000000000000
e-5-0-1	e	5252cc0a7f208133b620acbd4537eba2a4123bf0a8c2e4f980c3b31bb69765ea	5866666666666666666666666666666666666666666666666666666666666666	00000000000000000000000000000000	0100000000000000000000000000000000000000000000000000000000000000
e-5-0-2	e	5252cc0a7f208133b620acbd4537eba2a4123bf0a8c2e4f980c3b31bb69765ea	5866666666666666666666666666666666666666666666666666666666666666	00000000000000000000000000000000	ecd3f55c1a631258d69cf7a2def9de1400000000000000000000000000000010
e-5-1-0	e	5252cc0a7f208133b620acbd4537eba2a4123bf0a8c2e4f980c3b31bb69765ea	5866666666666666666666666666666666666666666666666666666666666666	01000000000000000000000000000000	0000000000000000000000000000000000000000000000000000000000000000
e-5-1-1	e	5252cc0a7f208133b620acbd4537eba2a4123bf0a8c2e4f980c3b31bb69765ea	5866666666666666666666666666666666666666666666666666666666666666	01000000000000000000000000000000	0100000000000000000000000000000000000000000000000000000000000000
e-5-1-2	e	5252cc0a7f208133b620acbd4537eba2a4123bf0a8c2e4f980c3b31bb69765ea	5866666666666666666666666666666666666666666666666666666666666666	01000000000000000000000000000000	ecd3f55c1a631258d69cf7a2def9de1400000000000000000000000000000010
e-5-2-0	e	5252cc0a7f208133b620acbd4537eba2a4123bf0a8c2e4f980c3b31bb69765ea	5866666666666666666666666666666666666666666666666666666666666666	02000000000000000000000000000000	0000000000000000000000000000000000000000000000000000000000000000
e-5-2-1	e	5252cc0a7f208133b620acbd4537eba2a4123bf0a8c2e4f980c3b31bb69765ea	5866666666666666666666666666666666666666666666666666666666666666	02000000000000000000000000000000	0100000000000000000000000000000000000000000000000000000000000000
e-5-2-2	e	5252cc0a7f208133b620acbd4537eba2a4123bf0a8c2e4f980c3b31bb69765ea	5866666666666666666666666666666666666666666666666666666666666666	02000000000000000000000000000000	ecd3f55c1a631258d69cf7a2def9de1400000000000000000000000000000010
e-5-3-0	e	5252cc0a7f208133b620acbd4537eba2a4123bf0a8c2e4f980c3b31bb69765ea	5866666666666666666666666666666666666666666666666666666666666666	11000000000000000000000000000000	0000000000000000000000000000000000000000000000000000000000000000
e-5-3-1	e	5252cc0a7f208133b620acbd4537eba2a4123bf0a8c2e4f980c3b31bb69765ea	5866666666666666666666666666666666666666666666666666666666666666	11000000000000000000000000000000	0100000000000000000000000000000000000000000000000000000000000000
e-5-3-2	e	5252cc0a7f208133b620acbd4537eba2a4123bf0a8c2e4f980c3b31bb69765ea	5866666666666666666666666666666666666666666666666666666666666666	11000000000000000000000000000000	ecd3f55c1a631258d69cf7a2def9de1400000000000000000000000000000010
e-5-4-0	e	5252cc0a7f208133b620acbd4537eba2a4123bf0a8c2e4f980c3b31bb69765ea	5866666666666666666666666666666666666666666666666666666666666666	ffffffffffffffffffffffffffffffff	0000000000000000000000000000000000000000000000000000000000000000
e-5-4-1	e	5252cc0a7f208133b620acbd4537eba2a4123bf0a8c2e4f980c3b31bb69765ea	5866666666666666666666666666666666666666666666666666666666666666	ffffffffffffffffffffffffffffffff	0100000000000000000000000000000000000000000000000000000000000000
e-5-4-2	e	5252cc0a7f208133b620acbd4537eba2a4123bf0a8c2e4f980c3b31bb69765ea	5866666666666666666666666666666666666666666666666666666666666666	ffffffffffffffffffffffffffffffff	ecd3f55c1a631258d69cf7a2def9de1400000000000000000000000000000010
e-6-0-0	e	c7176a703d4dd84fba3c0b760d10670f2a2053fa2c39ccc64ec7fd7792ac037a	5866666666666666666666666666666666666666666666666666666666666666	00000000000000000000000000000000	0000000000000000000000000000000000000000000000000000000000000000
e-6-0-1	e	c7176a703d4dd84fba3c0b760d10670f2a2053fa2c39ccc64ec7fd7792ac037a	5866666666666666666666666666666666666666666666666666666666666666	00000000000000000000000000000000	0100000000000000000000000000000000000000000000000000000000000000
e-6-0-2	e	c7176a703d4dd84fba3c0b760d10670f2a2053fa2c39ccc64ec7fd7792ac037a	5866666666666666666666666666666666666666666666666666666666666666	00000000000000000000000000000000	ecd3f55c1a631258d69cf7a2def9de1400000000000000000000000000000010
e-6-1-0	e	c7176a703d4dd84fba3c0b760d10670f2a2053fa2c39ccc64ec7fd7792ac037a	5866666666666666666666666666666666666666666666666666666666666666	01000000000000000000000000000000	0000000000000000000000000000000000000000000000000000000000000000
e-6-1-1	e	c7176a703d4dd84fba3c0b760d10670f2a2053fa2c39ccc64ec7fd7792ac037a	5866666666666666666666666666666666666666666666666666666666666666	01000000000000000000000000000000	0100000000000000000000000000000000000000000000000000000000000000
e-6-1-2	e	c7176a703d4dd84fba3c0b760d10670f2a2053fa2c39ccc64ec7fd7792ac037a	5866666666666666666666666666666666666666666666666666666666666666	01000000000000000000000000000000	ecd3f55c1a631258d69cf7a2def9de1400000000000000000000000000000010
e-6-2-0	e	c7176a703d4dd84fba3c0b760d10670f2a2053fa2c39ccc64ec7fd7792ac037a	5866666666666666666666666666666666666666666666666666666666666666	02000000000000000000000000000000	0000000000000000000000000000000000000000000000000000000000000000
e-6-2-1	e	c7176a703d4dd84fba3c0b760d10670f2a2053fa2c39ccc64ec7fd7792ac037a	5866666666666666666666666666666666666666666666666666666666666666	02000000000000000000000000000000	0100000000000000000000000000000000000000000000000000000000000000
e-6-2-2	e	c7176a703d4dd84fba3c0b760d10670f2a2053fa2c39ccc64ec7fd7792ac037a	5866666666666666666666666666666666666666666666666666666666666666	02000000000000000000000000000000	ecd3f55c1a631258d69cf7a2def9de1400000000000000000000000000000010
e-6-3-0	e	c7176a703d4dd84fba3c0b760d10670f2a2053fa2c39ccc64ec7fd7792ac037a	5866666666666666666666666666666666666666666666666666666666666666	11000000000000000000000000000000	0000000000000000000000000000000000000000000000000000000000000000
e-6-3-1	e	c7176a703d4dd84fba3c0b760d10670f2a2053fa2c39ccc64ec7fd7792ac037a	5866666666666666666666666666666666666666666666666666666666666666	11000000000000000000000000000000	0100000000000000000000000000000000000000000000000000000000000000
e-6-3-2	e	c7176a703d4dd84fba3c0b760d10670f2a2053fa2c39ccc64ec7fd7792ac037a	5866666666666666666666666666666666666666666666666666666666666666	11000000000000000000000000000000	ecd3f55c1a631258d69cf7a2def9de1400000000000000000000000000000010
e-6-4-0	e	c7176a703d4dd84fba3c0b760d10670f2a2053fa2c39ccc64ec7fd7792ac037a	5866666666666666666666666666666666666666666666666666666666666666	ffffffffffffffffffffffffffffffff	0000000000000000000000000000000000000000000000000000000000000000
e-6-4-1	e	c7176a703d4dd84fba3c0b760d10670f2a2053fa2c39ccc64ec7fd7792ac037a	5866666666666666666666666666666666666666666666666666666666666666	ffffffffffffffffffffffffffffffff	0100000000000000000000000000000000000000000000000000000000000000
e-6-4-2	e	c7176a703d4dd84fba3c0b760d10670f2a2053fa2c39ccc64ec7fd7792ac037a	5866666666666666666666666666666666666666666666666666666666666666	ffffffffffffffffffffffffffffffff	ecd3f55c1a631258d69cf7a2def9de1400000000000000000000000000000010
e-7-0-0	e	98519eadf35b995233b51b5cd23e9cc5a28b639b5a4af0ec903cb960d81b7819	5866666666666666666666666666666666666666666666666666666666666666	00000000000000000000000000000000	0000000000000000000000000000000000000000000000000000000000000000
e-7-0-1	e	98519eadf35b995233b51b5cd23e9cc5a28b639b5a4af0ec903cb960d81b7819	5866666666666666666666666666666666666666666666666666666666666666	00000000000000000000000000000000	0100000000000000000000000000000000000000000000000000000000000000
e-7-0-2	e	98519eadf35b995233b51b5cd23e9cc5a28b639b5a4af0ec903cb960d81b7819	5866666666666666666666666666666666666666666666666666666666666666	00000000000000000000000000000000	ecd3f55c1a631258d69cf7a2def9de1400000000000000000000000000000010
e-7-1-0	e	98519eadf35b995233b51b5cd23e9cc5a28b639b5a4af0ec903cb960d81b7819	5866666666666666666666666666666666666666666666666666666666666666	01000000000000000000000000000000	0000000000000000000000000000000000000000000000000000000000000000
e-7-1-1	e	98519eadf35b995233b51b5cd23e9cc5a28b639b5a4af0ec903cb960d81b7819	5866666666666666666666666666666666666666666666666666666666666666	01000000000000000000000000000000	0100000000000000000000000000000000000000000000000000000000000000
e-7-1-2	e	98519eadf35b995233b51b5cd23e9cc5a28b639b5a4af0ec903cb960d81b7819	5866666666666666666666666666666666666666666666666666666666666666	01000000000000000000000000000000	ecd3f55c1a631258d69cf7a2def9de1400000000000000000000000000000010
e-7-2-0	e	98519eadf35b995233b51b5cd23e9cc5a28b639b5a4af0ec903cb960d81b7819	5866666666666666666666666666666666666666666666666666666666666666	02000000000000000000000000000000	0000000000000000000000000000000000000000000000000000000000000000
e-7-2-1	e	98519eadf35b995233b51b5cd23e9cc5a28b639b5a4af0ec903cb960d81b7819	5866666666666666666666666666666666666666666666666666666666666666	02000000000000000000000000000000	0100000000000000000000000000000000000000000000000000000000000000
e-7-2-2	e	98519eadf35b995233b51b5cd23e9cc5a28b639b5a4af0ec903cb960d81b7819	5866666666666666666666666666666666666666666666666666666666666666	02000000000000000000000000000000	ecd3f55c1a631258d69cf7a2def9de1400000000000000000000000000000010
e-7-3-0	e	98519eadf35b995233b51b5cd23e9cc5a28b639b5a4af0ec903cb960d81b7819	5866666666666666666666666666666666666666666666666666666666666666	11000000000000000000000000000000	0000000000000000000000000000000000000000000000000000000000000000
e-7-3-1	e	98519eadf35b995233b51b5cd23e9cc5a28b639b5a4af0ec903cb960d81b7819	5866666666666666666666666666666666666666666666666666666666666666	11000000000000000000000000000000	0100000000000000000000000000000000000000000000000000000000000000
e-7-3-2	e	98519eadf35b995233b51b5cd23e9cc5a28b639b5a4af0ec903cb960d81b7819	5866666666666666666666666666666666666666666666666666666666666666	11000000000000000000000000000000	ecd3f55c1a631258d69cf7a2def9de1400000000000000000000000000000010
e-7-4-0	e	98519eadf35b995233b51b5cd23e9cc5a28b639b5a4af0ec903cb960d81b7819	5866666666666666666666666666666666666666666666666666666666666666	ffffffffffffffffffffffffffffffff	0000000000000000000000000000000000000000000000000000000000000000
e-7-4-1	e	98519eadf35b995233b51b5cd23e9cc5a28b639b5a4af0ec903cb960d81b7819	5866666666666666666666666666666666666666666666666666666666666666	ffffffffffffffffffffffffffffffff	0100000000000000000000000000000000000000000000000000000000000000
e-7-4-2	e	98519eadf35b995233b51b5cd23e9cc5a28b639b5a4af0ec903cb960d81b7819	5866666666666666666666666666666666666666666666666666666666666666	ffffffffffffffffffffffffffffffff	ecd3f55c1a631258d69cf7a2def9de1400000000000000000000000000000010
e-8-0-0	e	ecffffffffffffffffffffffffffffffffffffffffffffffffffffffffffff7f	5866666666666666666666666666666666666666666666666666666666666666	00000000000000000000000000000000	0000000000000000000000000000000000000000000000000000000000000000
e-8-0-1	e	ecffffffffffffffffffffffffffffffffffffffffffffffffffffffffffff7f	5866666666666666666666666666666666666666666666666666666666666666	00000000000000000000000000000000	0100000000000000000000000000000000000000000000000000000000000000
e-8-0-2	e	ecffffffffffffffffffffffffffffffffffffffffffffffffffffffffffff7f	5866666666666666666666666666666666666666666666666666666666666666	00000000000000000000000000000000	ecd3f55c1a631258d69cf7a2def9de1400000000000000000000000000000010
e-8-1-0	e	ecffffffffffffffffffffffffffffffffffffffffffffffffffffffffffff7f	5866666666666666666666666666666666666666666666666666666666666666	01000000000000000000000000000000	0000000000000000000000000000000000000000000000000000000000000000
e-8-1-1	e	ecffffffffffffffffffffffffffffffffffffffffffffffffffffffffffff7f	5866666666666666666666666666666666666666666666666666666666666666	01000000000000000000000000000000	0100000000000000000000000000000000000000000000000000000000000000
e-8-1-2	e	ecffffffffffffffffffffffffffffffffffffffffffffffffffffffffffff7f	5866666666666666666666666666666666666666666666666666666666666666	01000000000000000000000000000000	ecd3f55c1a631258d69cf7a2def9de1400000000000000000000000000000010
e-8-2-0	e	ecffffffffffffffffffffffffffffffffffffffffffffffffffffffffffff7f	5866666666666666666666666666666666666666666666666666666666666666	02000000000000000000000000000000	0000000000000000000000000000000000000000000000000000000000000000
e-8-2-1	e	ecffffffffffffffffffffffffffffffffffffffffffffffffffffffffffff7f	5866666666666666666666666666666666666666666666666666666666666666	02000000000000000000000000000000	0100000000000000000000000000000000000000000000000000000000000000
e-8-2-2	e	ecffffffffffffffffffffffffffffffffffffffffffffffffffffffffffff7f	5866666666666666666666666666666666666666666666666666666666666666	02000000000000000000000000000000	ecd3f55c1a631258d69cf7a2def9de1400000000000000000000000000000010
e-8-3-0	e	ecffffffffffffffffffffffffffffffffffffffffffffffffffffffffffff7f	5866666666666666666666666666666666666666666666666666666666666666	11000000000000000000000000000000	0000000000000000000000000000000000000000000000000000000000000000
e-8-3-1	e	ecffffffffffffffffffffffffffffffffffffffffffffffffffffffffffff7f	5866666666666666666666666666666666666666666666666666666666666666	11000000000000000000000000000000	0100000000000000000000000000000000000000000000000000000000000000
e-8-3-2	e	ecffffffffffffffffffffffffffffffffffffffffffffffffffffffffffff7f	5866666666666666666666666666666666666666666666666666666666666666	11000000000000000000000000000000	ecd3f55c1a631258d69cf7a2def9de1400000000000000000000000000000010
e-8-4-0	e	ecffffffffffffffffffffffffffffffffffffffffffffffffffffffffffff7f	5866666666666666666666666666666666666666666666666666666666666666	ffffffffffffffffffffffffffffffff	0000000000000000000000000000000000000000000000000000000000000000
e-8-4-1	e	ecffffffffffffffffffffffffffffffffffffffffffffffffffffffffffff7f	5866666666666666666666666666666666666666666666666666666666666666	ffffffffffffffffffffffffffffffff	0100000000000000000000000000000000000000000000000000000000000000
e-8-4-2	e	ecffffffffffffffffffffffffffffffffffffffffffffffffffffffffffff7f	5866666666666666666666666666666666666666666666666666666666666666	ffffffffffffffffffffffffffffffff	ecd3f55c1a631258d69cf7a2def9de1400000000000000000000000000000010
e-9-0-0	e	9599999999999999999999999999999999999999999999999999999999999999	5866666666666666666666666666666666666666666666666666666666666666	00000000000000000000000000000000	0000000000000000000000000000000000000000000000000000000000000000
e-9-0-1	e	9599999999999999999999999999999999999999999999999999999999999999	5866666666666666666666666666666666666666666666666666666666666666	00000000000000000000000000000000	0100000000000000000000000000000000000000000000000000000000000000
e-9-0-2	e	9599999999999999999999999999999999999999999999999999999999999999	5866666666666666666666666666666666666666666666666666666666666666	00000000000000000000000000000000	ecd3f55c1a631258d69cf7a2def9de1400000000000000000000000000000010
e-9-1-0	e	9599999999999999999999999999999999999999999999999999999999999999	5866666666666666666666666666666666666666666666666666666666666666	01000000000000000000000000000000	0000000000000000000000000000000000000000000000000000000000000000
e-9-1-1	e	9599999999999999999999999999999999999999999999999999999999999999	5866666666666666666666666666666666666666666666666666666666666666	01000000000000000000000000000000	0100000000000000000000000000000000000000000000000000000000000000
e-9-1-2	e	9599999999999999999999999999999999999999999999999999999999999999	5866666666666666666666666666666666666666666666666666666666666666	01000000000000000000000000000000	ecd3f55c1a631258d69cf7a2def9de1400000000000000000000000000000010
e-9-2-0	e	9599999999999999999999999999999999999999999999999999999999999999	5866666666666666666666666666666666666666666666666666666666666666	02000000000000000000000000000000	0000000000000000000000000000000000000000000000000000000000000000
e-9-2-1	e	9599999999999999999999999999999999999999999999999999999999999999	5866666666666666666666666666666666666666666666666666666666666666	02000000000000000000000000000000	0100000000000000000000000000000000000000000000000000000000000000
e-9-2-2	e	9599999999999999999999999999999999999999999999999999999999999999	5866666666666666666666666666666666666666666666666666666666666666	02000000000000000000000000000000	ecd3f55c1a631258d69cf7a2def9de1400000000000000000000000000000010
e-9-3-0	e	9599999999999999999999999999999999999999999999999999999999999999	5866666666666666666666666666666666666666666666666666666666666666	11000000000000000000000000000000	0000000000000000000000000000000000000000000000000000000000000000
e-9-3-1	e	9599999999999999999999999999999999999999999999999999999999999999	5866666666666666666666666666666666666666666666666666666666666666	11000000000000000000000000000000	0100000000000000000000000000000000000000000000000000000000000000
e-9-3-2	e	9599999999999999999999999999999999999999999999999999999999999999	5866666666666666666666666666666666666666666666666666666666666666	11000000000000000000000000000000	ecd3f55c1a631258d69cf7a2def9de1400000000000000000000000000000010
e-9-4-0	e	9599999999999999999999999999999999999999999999999999999999999999	5866666666666666666666666666666666666666666666666666666666666666	ffffffffffffffffffffffffffffffff	0000000000000000000000000000000000000000000000000000000000000000
e-9-4-1	e	9599999999999999999999999999999999999999999999999999999999999999	5866666666666666666666666666666666666666666666666666666666666666	ffffffffffffffffffffffffffffffff	0100000000000000000000000000000000000000000000000000000000000000
e-9-4-2	e	9599999999999999999999999999999999999999999999999999999999999999	5866666666666666666666666666666666666666666666666666666666666666	ffffffffffffffffffffffffffffffff	ecd3f55c1a631258d69cf7a2def9de1400000000000000000000000000000010
e-10-0-0	e	c7176a703d4dd84fba3c0b760d10670f2a2053fa2c39ccc64ec7fd7792ac03fa	5866666666666666666666666666666666666666666666666666666666666666	00000000000000000000000000000000	0000000000000000000000000000000000000000000000000000000000000000
e-10-0-1	e	c7176a703d4dd84fba3c0b760d10670f2a2053fa2c39ccc64ec7fd7792ac03fa	5866666666666666666666666666666666666666666666666666666666666666	00000000000000000000000000000000	0100000000000000000000000000000000000000000000000000000000000000
e-10-0-2	e	c7176a703d4dd84fba3c0b760d10670f2a2053fa2c39ccc64ec7fd7792ac03fa	5866666666666666666666666666666666666666666666666666666666666666	00000000000000000000000000000000	ecd3f55c1a631258d69cf7a2def9de1400000000000000000000000000000010
e-10-1-0	e	c7176a703d4dd84fba3c0b760d10670f2a2053fa2c39ccc64ec7fd7792ac03fa	5866666666666666666666666666666666666666666666666666666666666666	01000000000000000000000000000000	0000000000000000000000000000000000000000000000000000000000000000
e-10-1-1	e	c7176a703d4dd84fba3c0b760d10670f2a2053fa2c39ccc64ec7fd7792ac03fa	5866666666666666666666666666666666666666666666666666666666666666	01000000000000000000000000000000	0100000000000000000000000000000000000000000000000000000000000000
e-10-1-2	e	c7176a703d4dd84fba3c0b760d10670f2a2053fa2c39ccc64ec7fd7792ac03fa	5866666666666666666666666666666666666666666666666666666666666666	01000000000000000000000000000000	ecd3f55c1a631258d69cf7a2def9de1400000000000000000000000000000010
e-10-2-0	e	c7176a703d4dd84fba3c0b760d10670f2a2053fa2c39ccc64ec7fd7792ac03fa	5866666666666666666666666666666666666666666666666666666666666666	02000000000000000000000000000000	0000000000000000000000000000000000000000000000000000000000000000
e-10-2-1	e	c7176a703d4dd84fba3c0b760d10670f2a2053fa2c39ccc64ec7fd7792ac03fa	5866666666666666666666666666666666666666666666666666666666666666	02000000000000000000000000000000	0100000000000000000000000000000000000000000000000000000000000000
e-10-2-2	e	c7176a703d4dd84fba3c0b760d10670f2a2053fa2c39ccc64ec7fd7792ac03fa	5866666666666666666666666666666666666666666666666666666666666666	02000000000000000000000000000000	ecd3f55c1a631258d69cf7a2def9de1400000000000000000000000000000010
e-10-3-0	e	c7176a703d4dd84fba3c0b760d10670f2a2053fa2c39ccc64ec7fd7792ac03fa	5866666666666666666666666666666666666666666666666666666666666666	11000000000000000000000000000000	0000000000000000000000000000000000000000000000000000000000000000
e-10-3-1	e	c7176a703d4dd84fba3c0b760d10670f2a2053fa2c39ccc64ec7fd7792ac03fa	5866666666666666666666666666666666666666666666666666666666666666	11000000000000000000000000000000	0100000000000000000000000000000000000000000000000000000000000000
e-10-3-2	e	c7176a703d4dd84fba3c0b760d10670f2a2053fa2c39ccc64ec7fd7792ac03fa	5866666666666666666666666666666666666666666666666666666666666666	11000000000000000000000000000000	ecd3f55c1a631258d69cf7a2def9de1400000000000000000000000000000010
e-10-4-0	e	c7176a703d4dd84fba3c0b760d10670f2a2053fa2c39ccc64ec7fd7792ac03fa	5866666666666666666666666666666666666666666666666666666666666666	ffffffffffffffffffffffffffffffff	0000000000000000000000000000000000000000000000000000000000000000
e-10-4-1	e	c7176a703d4dd84fba3c0b760d10670f2a2053fa2c39ccc64ec7fd7792ac03fa	5866666666666666666666666666666666666666666666666666666666666666	ffffffffffffffffffffffffffffffff	0100000000000000000000000000000000000000000000000000000000000000
e-10-4-2	e	c7176a703d4dd84fba3c0b760d10670f2a2053fa2c39ccc64ec7fd7792ac03fa	5866666666666666666666666666666666666666666666666666666666666666	ffffffffffffffffffffffffffffffff	ecd3f55c1a631258d69cf7a2def9de1400000000000000000000000000000010
e-11-0-0	e	13661d745ad63221ca5da0456fa618713511dc60668aa464e55b09a20ff7fc1d	5866666666666666666666666666666666666666666666666666666666666666	00000000000000000000000000000000	0000000000000000000000000000000000000000000000000000000000000000
e-11-0-1	e	13661d745ad63221ca5da0456fa618713511dc60668aa464e55b09a20ff7fc1d	5866666666666666666666666666666666666666666666666666666666666666	00000000000000000000000000000000	0100000000000000000000000000000000000000000000000000000000000000
e-11-0-2	e	13661d745ad63221ca5da0456fa618713511dc60668aa464e55b09a20ff7fc1d	5866666666666666666666666666666666666666666666666666666666666666	00000000000000000000000000000000	ecd3f55c1a631258d69cf7a2def9de1400000000000000000000000000000010
e-11-1-0	e	13661d745ad63221ca5da0456fa618713511dc60668aa464e55b09a20ff7fc1d	5866666666666666666666666666666666666666666666666666666666666666	01000000000000000000000000000000	0000000000000000000000000000000000000000000000000000000000000000
e-11-1-1	e	13661d745ad63221ca5da0456fa618713511dc60668aa464e55b09a20ff7fc1d	5866666666666666666666666666666666666666666666666666666666666666	01000000000000000000000000000000	0100000000000000000000000000000000000000000000000000000000000000
e-11-1-2	e	13661d745ad63221ca5da0456fa618713511dc60668aa464e55b09a20ff7fc1d	5866666666666666666666666666666666666666666666666666666666666666	01000000000000000000000000000000	ecd3f55c1a631258d69cf7a2def9de1400000000000000000000000000000010
e-11-2-0	e	13661d745ad63221ca5da0456fa618713511dc60668aa464e55b09a20ff7fc1d	5866666666666666666666666666666666666666666666666666666666666666	02000000000000000000000000000000	0000000000000000000000000000000000000000000000000000000000000000
e-11-2-1	e	13661d745ad63221ca5da0456fa618713511dc60668aa464e55b09a20ff7fc1d	5866666666666666666666666666666666666666666666666666666666666666	02000000000000000000000000000000	0100000000000000000000000000000000000000000000000000000000000000
e-11-2-2	e	13661d745ad63221ca5da0456fa618713511dc60668aa464e55b09a20ff7fc1d	5866666666666666666666666666666666666666666666666666666666666666	02000000000000000000000000000000	ecd3f55c1a631258d69cf7a2def9de1400000000000000000000000000000010
e-11-3-0	e	13661d745ad63221ca5da0456fa618713511dc60668aa464e55b09a20ff7fc1d	5866666666666666666666666666666666666666666666666666666666666666	11000000000000000000000000000000	0000000000000000000000000000000000000000000000000000000000000000
e-11-3-1	e	13661d745ad63221ca5da0456fa618713511dc60668aa464e55b09a20ff7fc1d	5866666666666666666666666666666666666666666666666666666666666666	11000000000000000000000000000000	0100000000000000000000000000000000000000000000000000000000000000
e-11-3-2	e	13661d745ad63221ca5da0456fa618713511dc60668aa464e55b09a20ff7fc1d	5866666666666666666666666666666666666666666666666666666666666666	11000000000000000000000000000000	ecd3f55c1a631258d69cf7a2def9de1400000000000000000000000000000010
e-11-4-0	e	13661d745ad63221ca5da0456fa618713511dc60668aa464e55b09a20ff7fc1d	5866666666666666666666666666666666666666666666666666666666666666	ffffffffffffffffffffffffffffffff	0000000000000000000000000000000000000000000000000000000000000000
e-11-4-1	e	13661d745ad63221ca5da0456fa618713511dc60668aa464e55b09a20ff7fc1d	5866666666666666666666666666666666666666666666666666666666666666	ffffffffffffffffffffffffffffffff	0100000000000000000000000000000000000000000000000000000000000000
e-11-4-2	e	13661d745ad63221ca5da0456fa618713511dc60668aa464e55b09a20ff7fc1d	5866666666666666666666666666666666666666666666666666666666666666	ffffffffffffffffffffffffffffffff	ecd3f55c1a631258d69cf7a2def9de1400000000000000000000000000000010
e-12-0-0	e	0000000000000000000000000000000000000000000000000000000000000080	5866666666666666666666666666666666666666666666666666666666666666	00000000000000000000000000000000	0000000000000000000000000000000000000000000000000000000000000000
e-12-0-1	e	0000000000000000000000000000000000000000000000000000000000000080	5866666666666666666666666666666666666666666666666666666666666666	00000000000000000000000000000000	0100000000000000000000000000000000000000000000000000000000000000
e-12-0-2	e	0000000000000000000000000000000000000000000000000000000000000080	5866666666666666666666666666666666666666666666666666666666666666	00000000000000000000000000000000	ecd3f55c1a631258d69cf7a2def9de1400000000000000000000000000000010
e-12-1-0	e	0000000000000000000000000000000000000000000000000000000000000080	5866666666666666666666666666666666666666666666666666666666666666	01000000000000000000000000000000	0000000000000000000000000000000000000000000000000000000000000000
e-12-1-1	e	0000000000000000000000000000000000000000000000000000000000000080	5866666666666666666666666666666666666666666666666666666666666666	01000000000000000000000000000000	0100000000000000000000000000000000000000000000000000000000000000
e-12-1-2	e	0000000000000000000000000000000000000000000000000000000000000080	5866666666666666666666666666666666666666666666666666666666666666	01000000000000000000000000000000	ecd3f55c1a631258d69cf7a2def9de1400000000000000000000000000000010
e-12-2-0	e	0000000000000000000000000000000000000000000000000000000000000080	5866666666666666666666666666666666666666666666666666666666666666	02000000000000000000000000000000	0000000000000000000000000000000000000000000000000000000000000000
e-12-2-1	e	0000000000000000000000000000000000000000000000000000000000000080	5866666666666666666666666666666666666666666666666666666666666666	02000000000000000000000000000000	0100000000000000000000000000000000000000000000000000000000000000
e-12-2-2	e	0000000000000000000000000000000000000000000000000000000000000080	5866666666666666666666666666666666666666666666666666666666666666	02000000000000000000000000000000	ecd3f55c1a631258d69cf7a2def9de1400000000000000000000000000000010
e-12-3-0	e	0000000000000000000000000000000000000000000000000000000000000080	5866666666666666666666666666666666666666666666666666666666666666	11000000000000000000000000000000	0000000000000000000000000000000000000000000000000000000000000000
e-12-3-1	e	0000000000000000000000000000000000000000000000000000000000000080	5866666666666666666666666666666666666666666666666666666666666666	11000000000000000000000000000000	0100000000000000000000000000000000000000000000000000000000000000
e-12-3-2	e	0000000000000000000000000000000000000000000000000000000000000080	5866666666666666666666666666666666666666666666666666666666666666	11000000000000000000000000000000	ecd3f55c1a631258d69cf7a2def9de1400000000000000000000000000000010
e-12-4-0	e	0000000000000000000000000000000000000000000000000000000000000080	5866666666666666666666666666666666666666666666666666666666666666	ffffffffffffffffffffffffffffffff	0000000000000000000000000000000000000000000000000000000000000000
e-12-4-1	e	0000000000000000000000000000000000000000000000000000000000000080	5866666666666666666666666666666666666666666666666666666666666666	ffffffffffffffffffffffffffffffff	0100000000000000000000000000000000000000000000000000000000000000
e-12-4-2	e	0000000000000000000000000000000000000000000000000000000000000080	5866666666666666666666666666666666666666666666666666666666666666	ffffffffffffffffffffffffffffffff	ecd3f55c1a631258d69cf7a2def9de1400000000000000000000000000000010
e-13-0-0	e	9bad33f580df7ecc49df5342bac8145d5bedc40f573d1b067f3c4ce449689a15	5866666666666666666666666666666666666666666666666666666666666666	00000000000000000000000000000000	0000000000000000000000000000000000000000000000000000000000000000
e-13-0-1	e	9bad33f580df7ecc49df5342bac8145d5bedc40f573d1b067f3c4ce449689a15	5866666666666666666666666666666666666666666666666666666666666666	00000000000000000000000000000000	0100000000000000000000000000000000000000000000000000000000000000
e-13-0-2	e	9bad33f580df7ecc49df5342bac8145d5bedc40f573d1b067f3c4ce449689a15	5866666666666666666666666666666666666666666666666666666666666666	00000000000000000000000000000000	ecd3f55c1a631258d69cf7a2def9de1400000000000000000000000000000010
e-13-1-0	e	9bad33f580df7ecc49df5342bac8145d5bedc40f573d1b067f3c4ce449689a15	5866666666666666666666666666666666666666666666666666666666666666	01000000000000000000000000000000	0000000000000000000000000000000000000000000000000000000000000000
e-13-1-1	e	9bad33f580df7ecc49df5342bac8145d5bedc40f573d1b067f3c4ce449689a15	5866666666666666666666666666666666666666666666666666666666666666	01000000000000000000000000000000	0100000000000000000000000000000000000000000000000000000000000000
e-13-1-2	e	9bad33f580df7ecc49df5342bac8145d5bedc40f573d1b067f3c4ce449689a15	5866666666666666666666666666666666666666666666666666666666666666	01000000000000000000000000000000	ecd3f55c1a631258d69cf7a2def9de1400000000000000000000000000000010
e-13-2-0	e	9bad33f580df7ecc49df5342bac8145d5bedc40f573d1b067f3c4ce449689a15	5866666666666666666666666666666666666666666666666666666666666666	02000000000000000000000000000000	0000000000000000000000000000000000000000000000000000000000000000
e-13-2-1	e	9bad33f580df7ecc49df5342bac8145d5bedc40f573d1b067f3c4ce449689a15	5866666666666666666666666666666666666666666666666666666666666666	02000000000000000000000000000000	0100000000000000000000000000000000000000000000000000000000000000
e-13-2-2	e	9bad33f580df7ecc49df5342bac8145d5bedc40f573d1b067f3c4ce449689a15	5866666666666666666666666666666666666666666666666666666666666666	02000000000000000000000000000000	ecd3f55c1a631258d69cf7a2def9de1400000000000000000000000000000010
e-13-3-0	e	9bad33f580df7ecc49df5342bac8145d5bedc40f573d1b067f3c4ce449689a15	5866666666666666666666666666666666666666666666666666666666666666	11000000000000000000000000000000	0000000000000000000000000000000000000000000000000000000000000000
e-13-3-1	e	9bad33f580df7ecc49df5342bac8145d5bedc40f573d1b067f3c4ce449689a15	5866666666666666666666666666666666666666666666666666666666666666	11000000000000000000000000000000	0100000000000000000000000000000000000000000000000000000000000000
e-13-3-2	e	9bad33f580df7ecc49df5342bac8145d5bedc40f573d1b067f3c4ce449689a15	5866666666666666666666666666666666666666666666666666666666666666	11000000000000000000000000000000	ecd3f55c1a631258d69cf7a2def9de1400000000000000000000000000000010
e-13-4-0	e	9bad33f580df7ecc49df5342bac8145d5bedc40f573d1b067f3c4ce449689a15	5866666666666666666666666666666666666666666666666666666666666666	ffffffffffffffffffffffffffffffff	0000000000000000000000000000000000000000000000000000000000000000
e-13-4-1	e	9bad33f580df7ecc49df5342bac8145d5bedc40f573d1b067f3c4ce449689a15	5866666666666666666666666666666666666666666666666666666666666666	ffffffffffffffffffffffffffffffff	0100000000000000000000000000000000000000000000000000000000000000
e-13-4-2	e	9bad33f580df7ecc49df5342bac8145d5bedc40f573d1b067f3c4ce449689a15	5866666666666666666666666666666666666666666666666666666666666666	ffffffffffffffffffffffffffffffff	ecd3f55c1a631258d69cf7a2def9de1400000000000000000000000000000010
e-14-0-0	e	26e8958fc2b227b045c3f489f2ef98f0d5dfac05d3c63339b13802886d53fc85	5866666666666666666666666666666666666666666666666666666666666666	00000000000000000000000000000000	0000000000000000000000000000000000000000000000000000000000000000
e-14-0-1	e	26e8958fc2b227b045c3f489f2ef98f0d5dfac05d3c63339b13802886d53fc85	5866666666666666666666666666666666666666666666666666666666666666	00000000000000000000000000000000	0100000000000000000000000000000000000000000000000000000000000000
e-14-0-2	e	26e8958fc2b227b045c3f489f2ef98f0d5dfac05d3c63339b13802886d53fc85	5866666666666666666666666666666666666666666666666666666666666666	00000000000000000000000000000000	ecd3f55c1a631258d69cf7a2def9de1400000000000000000000000000000010
e-14-1-0	e	26e8958fc2b227b045c3f489f2ef98f0d5dfac05d3c63339b13802886d53fc85	5866666666666666666666666666666666666666666666666666666666666666	01000000000000000000000000000000	0000000000000000000000000000000000000000000000000000000000000000
e-14-1-1	e	26e8958fc2b227b045c3f489f2ef98f0d5dfac05d3c63339b13802886d53fc85	5866666666666666666666666666666666666666666666666666666666666666	01000000000000000000000000000000	0100000000000000000000000000000000000000000000000000000000000000
e-14-1-2	e	26e8958fc2b227b045c3f489f2ef98f0d5dfac05d3c63339b13802886d53fc85	5866666666666666666666666666666666666666666666666666666666666666	01000000000000000000000000000000	ecd3f55c1a631258d69cf7a2def9de1400000000000000000000000000000010
e-14-2-0	e	26e8958fc2b227b045c3f489f2ef98f0d5dfac05d3c63339b13802886d53fc85	5866666666666666666666666666666666666666666666666666666666666666	02000000000000000000000000000000	0000000000000000000000000000000000000000000000000000000000000000
e-14-2-1	e	26e8958fc2b227b045c3f489f2ef98f0d5dfac05d3c63339b13802886d53fc85	5866666666666666666666666666666666666666666666666666666666666666	02000000000000000000000000000000	0100000000000000000000000000000000000000000000000000000000000000
e-14-2-2	e	26e8958fc2b227b045c3f489f2ef98f0d5dfac05d3c63339b13802886d53fc85	5866666666666666666666666666666666666666666666666666666666666666	02000000000000000000000000000000	ecd3f55c1a631258d69cf7a2def9de1400000000000000000000000000000010
e-14-3-0	e	26e8958fc2b227b045c3f489f2ef98f0d5dfac05d3c63339b13802886d53fc85	5866666666666666666666666666666666666666666666666666666666666666	11000000000000000000000000000000	0000000000000000000000000000000000000000000000000000000000000000
e-14-3-1	e	26e8958fc2b227b045c3f489f2ef98f0d5dfac05d3c63339b13802886d53fc85	5866666666666666666666666666666666666666666666666666666666666666	11000000000000000000000000000000	0100000000000000000000000000000000000000000000000000000000000000
e-14-3-2	e	26e8958fc2b227b045c3f489f2ef98f0d5dfac05d3c63339b13802886d53fc85	5866666666666666666666666666666666666666666666666666666666666666	11000000000000000000000000000000	ecd3f55c1a631258d69cf7a2def9de1400000000000000000000000000000010
e-14-4-0	e	26e8958fc2b227b045c3f489f2ef98f0d5dfac05d3c63339b13802886d53fc85	5866666666666666666666666666666666666666666666666666666666666666	ffffffffffffffffffffffffffffffff	0000000000000000000000000000000000000000000000000000000000000000
e-14-4-1	e	26e8958fc2b227b045c3f489f2ef98f0d5dfac05d3c63339b13802886d53fc85	5866666666666666666666666666666666666666666666666666666666666666	ffffffffffffffffffffffffffffffff	0100000000000000000000000000000000000000000000000000000000000000
e-14-4-2	e	26e8958fc2b227b045c3f489f2ef98f0d5dfac05d3c63339b13802886d53fc85	5866666666666666666666666666666666666666666666666666666666666666	ffffffffffffffffffffffffffffffff	ecd3f55c1a631258d69cf7a2def9de1400000000000000000000000000000010
e-15-0-0	e	55ae61520ca466adcc4ae4a32dc1633a5d749c64a5b50f136fc3469f27e487e6	5866666666666666666666666666666666666666666666666666666666666666	00000000000000000000000000000000	0000000000000000000000000000000000000000000000000000000000000000
e-15-0-1	e	55ae61520ca466adcc4ae4a32dc1633a5d749c64a5b50f136fc3469f27e487e6	5866666666666666666666666666666666666666666666666666666666666666	00000000000000000000000000000000	0100000000000000000000000000000000000000000000000000000000000000
e-15-0-2	e	55ae61520ca466adcc4ae4a32dc1633a5d749c64a5b50f136fc3469f27e487e6	5866666666666666666666666666666666666666666666666666666666666666	00000000000000000000000000000000	ecd3f55c1a631258d69cf7a2def9de1400000000000000000000000000000010
e-15-1-0	e	55ae61520ca466adcc4ae4a32dc1633a5d749c64a5b50f136fc3469f27e487e6	5866666666666666666666666666666666666666666666666666666666666666	01000000000000000000000000000000	0000000000000000000000000000000000000000000000000000000000000000
e-15-1-1	e	55ae61520ca466adcc4ae4a32dc1633a5d749c64a5b50f136fc3469f27e487e6	5866666666666666666666666666666666666666666666666666666666666666	01000000000000000000000000000000	0100000000000000000000000000000000000000000000000000000000000000
e-15-1-2	e	55ae61520ca466adcc4ae4a32dc1633a5d749c64a5b50f136fc3469f27e487e6	5866666666666666666666666666666666666666666666666666666666666666	01000000000000000000000000000000	ecd3f55c1a631258d69cf7a2def9de1400000000000000000000000000000010
e-15-2-0	e	55ae61520ca466adcc4ae4a32dc1633a5d749c64a5b50f136fc3469f27e487e6	5866666666666666666666666666666666666666666666666666666666666666	02000000000000000000000000000000	0000000000000000000000000000000000000000000000000000000000000000
e-15-2-1	e	55ae61520ca466adcc4ae4a32dc1633a5d749c64a5b50f136fc3469f27e487e6	5866666666666666666666666666666666666666666666666666666666666666	02000000000000000000000000000000	0100000000000000000000000000000000000000000000000000000000000000
e-15-2-2	e	55ae61520ca466adcc4ae4a32dc1633a5d749c64a5b50f136fc3469f27e487e6	5866666666666666666666666666666666666666666666666666666666666666	02000000000000000000000000000000	ecd3f55c1a631258d69cf7a2def9de1400000000000000000000000000000010
e-15-3-0	e	55ae61520ca466adcc4ae4a32dc1633a5d749c64a5b50f136fc3469f27e487e6	5866666666666666666666666666666666666666666666666666666666666666	11000000000000000000000000000000	0000000000000000000000000000000000000000000000000000000000000000
e-15-3-1	e	55ae61520ca466adcc4ae4a32dc1633a5d749c64a5b50f136fc3469f27e487e6	5866666666666666666666666666666666666666666666666666666666666666	11000000000000000000000000000000	0100000000000000000000000000000000000000000000000000000000000000
e-15-3-2	e	55ae61520ca466adcc4ae4a32dc1633a5d749c64a5b50f136fc3469f27e487e6	5866666666666666666666666666666666666666666666666666666666666666	11000000000000000000000000000000	ecd3f55c1a631258d69cf7a2def9de1400000000000000000000000000000010
e-15-4-0	e	55ae61520ca466adcc4ae4a32dc1633a5d749c64a5b50f136fc3469f27e487e6	5866666666666666666666666666666666666666666666666666666666666666	ffffffffffffffffffffffffffffffff	0000000000000000000000000000000000000000000000000000000000000000
e-15-4-1	e	55ae61520ca466adcc4ae4a32dc1633a5d749c64a5b50f136fc3469f27e487e6	5866666666666666666666666666666666666666666666666666666666666666	ffffffffffffffffffffffffffffffff	0100000000000000000000000000000000000000000000000000000000000000
e-15-4-2	e	55ae61520ca466adcc4ae4a32dc1633a5d749c64a5b50f136fc3469f27e487e6	5866666666666666666666666666666666666666666666666666666666666666	ffffffffffffffffffffffffffffffff	ecd3f55c1a631258d69cf7a2def9de1400000000000000000000000000000010
t-v0	t	d75a980182b10ab7d54bfed3c964073a0ee172f3daa62325af021a68f707511a	b6b4699f87d56126c9117a7da55bd0085246f4c56dbc95d20172612e9d38e8d7ca65e573a126ed88d4e30a46f80a666854d675cf3ba81de0de043c3774f061560f55edc256a787afe701677c0f602900	
t-v0-upstream-bitflip-0	t	d75a980182b10ab7d54bfed3c964073a0ee172f3daa62325af021a68f707511a	b7b4699f87d56126c9117a7da55bd0085246f4c56dbc95d20172612e9d38e8d7ca65e573a126ed88d4e30a46f80a666854d675cf3ba81de0de043c3774f061560f55edc256a787afe701677c0f602900	
t-v0-upstream-bitflip-32	t	d75a980182b10ab7d54bfed3c964073a0ee172f3daa62325af021a68f707511a	b6b4699f87d56126c9117a7da55bd0085246f4c56dbc95d20172612e9d38e8d7cb65e573a126ed88d4e30a46f80a666854d675cf3ba81de0de043c3774f061560f55edc256a787afe701677c0f602900	
t-v0-upstream-bitflip-48	t	d75a980182b10ab7d54bfed3c964073a0ee172f3daa62325af021a68f707511a	b6b4699f87d56126c9117a7da55bd0085246f4c56dbc95d20172612e9d38e8d7ca65e573a126ed88d4e30a46f80a666855d675cf3ba81de0de043c3774f061560f55edc256a787afe701677c0f602900	
t-v0-upstream-bitflip-79	t	d75a980182b10ab7d54bfed3c964073a0ee172f3daa62325af021a68f707511a	b6b4699f87d56126c9117a7da55bd0085246f4c56dbc95d20172612e9d38e8d7ca65e573a126ed88d4e30a46f80a666854d675cf3ba81de0de043c3774f061560f55edc256a787afe701677c0f602980	
t-v0-bit-0-0	t	d75a980182b10ab7d54bfed3c964073a0ee172f3daa62325af021a68f707511a	b7b4699f87d56126c9117a7da55bd0085246f4c56dbc95d20172612e9d38e8d7ca65e573a126ed88d4e30a46f80a666854d675cf3ba81de0de043c3774f061560f55edc256a787afe701677c0f602900	
t-v0-bit-0-1	t	d75a980182b10ab7d54bfed3c964073a0ee172f3daa62325af021a68f707511a	b4b4699f87d56126c9117a7da55bd0085246f4c56dbc95d20172612e9d38e8d7ca65e573a126ed88d4e30a46f80a666854d675cf3ba81de0de043c3774f061560f55edc256a787afe701677c0f602900	
t-v0-bit-0-2	t	d75a980182b10ab7d54bfed3c964073a0ee172f3daa62325af021a68f707511a	b2b4699f87d56126c9117a7da55bd0085246f4c56dbc95d20172612e9d38e8d7ca65e573a126ed88d4e30a46f80a666854d675cf3ba81de0de043c3774f061560f55edc256a787afe701677c0f602900	
t-v0-bit-0-3	t	d75a980182b10ab7d54bfed3c964073a0ee172f3daa62325af021a68f707511a	beb4699f87d56126c9117a7da55bd0085246f4c56dbc95d20172612e9d38e8d7ca65e573a126ed88d4e30a46f80a666854d675cf3ba81de0de043c3774f061560f55edc256a787afe701677c0f602900	
t-v0-bit-0-4	t	d75a980182b10ab7d54bfed3c964073a0ee172f3daa62325af021a68f707511a	a6b4699f87d56126c9117a7da55bd0085246f4c56dbc95d20172612e9d38e8d7ca65e573a126ed88d4e30a46f80a666854d675cf3ba81de0de043c3774f061560f55edc256a787afe701677c0f602900	
t-v0-bit-0-5	t	d75a980182b10ab7d54bfed3c964073a0ee172f3daa62325af021a68f707511a	96b4699f87d56126c9117a7da55bd0085246f4c56dbc95d20172612e9d38e8d7ca65e573a126ed88d4e30a46f80a666854d675cf3ba81de0de043c3774f061560f55edc256a787afe701677c0f602900	
t-v0-bit-0-6	t	d75a980182b10ab7d54bfed3c964073a0ee172f3daa62325af021a68f707511a	f6b4699f87d56126c9117a7da55bd0085246f4c56dbc95d20172612e9d38e8d7ca65e573a126ed88d4e30a46f80a666854d675cf3ba81de0de043c3774f061560f55edc256a787afe701677c0f602900	
t-v0-bit-0-7	t	d75a980182b10ab7d54bfed3c964073a0ee172f3daa62325af021a68f707511a	36b4699f87d56126c9117a7da55bd0085246f4c56dbc95d20172612e9d38e8d7ca65e573a126ed88d4e30a46f80a666854d675cf3ba81de0de043c3774f061560f55edc256a787afe701677c0f602900	
t-v0-bit-1-0	t	d75a980182b10ab7d54bfed3c964073a0ee172f3daa62325af021a68f707511a	b6b5699f87d56126c9117a7da55bd0085246f4c56dbc95d20172612e9d38e8d7ca65e573a126ed88d4e30a46f80a666854d675cf3ba81de0de043c3774f061560f55edc256a787afe701677c0f602900	
t-v0-bit-1-1	t	d75a980182b10ab7d54bfed3c964073a0ee172f3daa62325af021a68f707511a	b6b6699f87d56126c9117a7da55bd0085246f4c56dbc95d20172612e9d38e8d7ca65e573a126ed88d4e30a46f80a666854d675cf3ba81de0de043c3774f061560f55edc256a787afe701677c0f602900	
t-v0-bit-1-2	t	d75a980182b10ab7d54bfed3c964073a0ee172f3daa62325af021a68f707511a	b6b0699f87d56126c9117a7da55bd0085246f4c56dbc95d20172612e9d38e8d7ca65e573a126ed88d4e30a46f80a666854d675cf3ba81de0de043c3774f061560f55edc256a787afe701677c0f602900	
t-v0-bit-1-3	t	d75a980182b10ab7d54bfed3c964073a0ee172f3daa62325af021a68f707511a	b6bc699f87d56126c9117a7da55bd0085246f4c56dbc95d20172612e9d38e8d7ca65e573a126ed88d4e30a46f80a666854d675cf3ba81de0de043c3774f061560f55edc256a787afe701677c0f602900	
t-v0-bit-1-4	t	d75a980182b10ab7d54bfed3c964073a0ee172f3daa62325af021a68f707511a	b6a4699f87d56126c9117a7da55bd0085246f4c56dbc95d20172612e9d38e8d7ca65e573a126ed88d4e30a46f80a666854d675cf3ba81de0de043c3774f061560f55edc256a787afe701677c0f602900	
t-v0-bit-1-5	t	d75a980182b10ab7d54bfed3c964073a0ee172f3daa62325af021a68f707511a	b694699f87d56126c9117a7da55bd0085246f4c56dbc95d20172612e9d38e8d7ca65e573a126ed88d4e30a46f80a666854d675cf3ba81de0de043c3774f061560f55edc256a787afe701677c0f602900	
t-v0-bit-1-6	t	d75a980182b10ab7d54bfed3c964073a0ee172f3daa62325af021a68f707511a	b6f4699f87d56126c9117a7da55bd0085246f4c56dbc95d20172612e9d38e8d7ca65e573a126ed88d4e30a46f80a666854d675cf3ba81de0de043c3774f061560f55edc256a787afe701677c0f602900	
t-v0-bit-1-7	t	d75a980182b10ab7d54bfed3c964073a0ee172f3daa62325af021a68f707511a	b634699f87d56126c9117a7da55bd0085246f4c56dbc95d20172612e9d38e8d7ca65e573a126ed88d4e30a46f80a666854d675cf3ba81de0de043c3774f061560f55edc256a787afe701677c0f602900	
t-v0-bit-2-0	t	d75a980182b10ab7d54bfed3c964073a0ee172f3daa62325af021a68f707511a	b6b4689f87d56126c9117a7da55bd0085246f4c56dbc95d20172612e9d38e8d7ca65e573a126ed88d4e30a46f80a666854d675cf3ba81de0de043c3774f061560f55edc256a787afe701677c0f602900	
t-v0-bit-2-1	t	d75a980182b10ab7d54bfed3c964073a0ee172f3daa62325af021a68f707511a	b6b46b9f87d56126c9117a7da55bd0085246f4c56dbc95d20172612e9d38e8d7ca65e573a126ed88d4e30a46f80a666854d675cf3ba81de0de043c3774f061560f55edc256a787afe701677c0f602900	
t-v0-bit-2-2	t	d75a980182b10ab7d54bfed3c964073a0ee172f3daa62325af021a68f707511a	b6b46d9f87d56126c9117a7da55bd0085246f4c56dbc95d20172612e9d38e8d7ca65e573a126ed88d4e30a46f80a666854d675cf3ba81de0de043c3774f061560f55edc256a787afe701677c0f602900	
t-v0-bit-2-3	t	d75a980182b10ab7d54bfed3c964073a0ee172f3daa62325af021a68f707511a	b6b4619f87d56126c9117a7da55bd0085246f4c56dbc95d20172612e9d38e8d7ca65e573a126ed88d4e30a46f80a666854d675cf3ba81de0de043c3774f061560f55edc256a787afe701677c0f602900	
t-v0-bit-2-4	t	d75a980182b10ab7d54bfed3c964073a0ee172f3daa62325af021a68f707511a	b6b4799f87d56126c9117a7da55bd0085246f4c56dbc95d20172612e9d38e8d7ca65e573a126ed88d4e30a46f80a666854d675cf3ba81de0de043c3774f061560f55edc256a787afe701677c0f602900	
t-v0-bit-2-5	t	d75a980182b10ab7d54bfed3c964073a0ee172f3daa62325af021a68f707511a	b6b4499f87d56126c9117a7da55bd0085246f4c56dbc95d20172612e9d38e8d7ca65e573a126ed88d4e30a46f80a666854d675cf3ba81de0de043c3774f061560f55edc256a787afe701677c0f602900	
t-v0-bit-2-6	t	d75a980182b10ab7d54bfed3c964073a0ee172f3daa62325af021a68f707511a	b6b4299f87d56126c9117a7da55bd0085246f4c56dbc95d20172612e9d38e8d7ca65e573a126ed88d4e30a46f80a666854d675cf3ba81de0de043c3774f061560f55edc256a787afe701677c0f602900	
t-v0-bit-2-7	t	d75a980182b10ab7d54bfed3c964073a0ee172f3daa62325af021a68f707511a	b6b4e99f87d56126c9117a7da55bd0085246f4c56dbc95d20172612e9d38e8d7ca65e573a126ed88d4e30a46f80a666854d675cf3ba81de0de043c3774f061560f55edc256a787afe701677c0f602900	
t-v0-bit-3-0	t	d75a980182b10ab7d54bfed3c964073a0ee172f3daa62325af021a68f707511a	b6b4699e87d56126c9117a7da55bd0085246f4c56dbc95d20172612e9d38e8d7ca65e573a126ed88d4e30a46f80a666854d675cf3ba81de0de043c3774f061560f55edc256a787afe701677c0f602900	
t-v0-bit-3-1	t	d75a980182b10ab7d54bfed3c964073a0ee172f3daa62325af021a68f707511a	b6b4699d87d56126c9117a7da55bd0085246f4c56dbc95d20172612e9d38e8d7ca65e573a126ed88d4e30a46f80a666854d675cf3ba81de0de043c3774f061560f55edc256a787afe701677c0f602900	
t-v0-bit-3-2	t	d75a980182b10ab7d54bfed3c964073a0ee172f3daa62325af021a68f707511a	b6b4699b87d56126c9117a7da55bd0085246f4c56dbc95d20172612e9d38e8d7ca65e573a126ed88d4e30a46f80a666854d675cf3ba81de0de043c3774f061560f55edc256a787afe701677c0f602900	
t-v0-bit-3-3	t	d75a980182b10ab7d54bfed3c964073a0ee172f3daa62325af021a68f707511a	b6b4699787d56126c9117a7da55bd0085246f4c56dbc95d20172612e9d38e8d7ca65e573a126ed88d4e30a46f80a666854d675cf3ba81de0de043c3774f061560f55edc256a787afe701677c0f602900	
t-v0-bit-3-4	t	d75a980182b10ab7d54bfed3c964073a0ee172f3daa62325af021a68f707511a	b6b4698f87d56126c9117a7da55bd0085246f4c56dbc95d20172612e9d38e8d7ca65e573a126ed88d4e30a46f80a666854d675cf3ba81de0de043c3774f061560f55edc256a787afe701677c0f602900	
t-v0-bit-3-5	t	d75a980182b10ab7d54bfed3c964073a0ee172f3daa62325af021a68f707511a	b6b469bf87d56126c9117a7da55bd0085246f4c56dbc95d20172612e9d38e8d7ca65e573a126ed88d4e30a46f80a666854d675cf3ba81de0de043c3774f061560f55edc256a787afe701677c0f602900	
t-v0-bit-3-6	t	d75a980182b10ab7d54bfed3c964073a0ee172f3daa62325af021a68f707511a	b6b469df87d56126c9117a7da55bd0085246f4c56dbc95d20172612e9d38e8d7ca65e573a126ed88d4e30a46f80a666854d675cf3ba81de0de043c3774f061560f55edc256a787afe701677c0f602900	
t-v0-bit-3-7	t	d75a980182b10ab7d54bfed3c964073a0ee172f3daa62325af021a68f707511a	b6b4691f87d56126c9117a7da55bd0085246f4c56dbc95d20172612e9d38e8d7ca65e573a126ed88d4e30a46f80a666854d675cf3ba81de0de043c3774f061560f55edc256a787afe701677c0f602900	
t-v0-bit-4-0	t	d75a980182b10ab7d54bfed3c964073a0ee172f3daa62325af021a68f707511a	b6b4699f86d56126c9117a7da55bd0085246f4c56dbc95d20172612e9d38e8d7ca65e573a126ed88d4e30a46f80a666854d675cf3ba81de0de043c3774f061560f55edc256a787afe701677c0f602900	
t-v0-bit-4-1	t	d75a980182b10ab7d54bfed3c964073a0ee172f3daa62325af021a68f707511a	b6b4699f85d56126c9117a7da55bd0085246f4c56dbc95d20172612e9d38e8d7ca65e573a126ed88d4e30a46f80a666854d675cf3ba81de0de043c3774f061560f55edc256a787afe701677c0f602900	
t-v0-bit-4-2	t	d75a980182b10ab7d54bfed3c964073a0ee172f3daa62325af021a68f707511a	b6b4699f83d56126c9117a7da55bd0085246f4c56dbc95d20172612e9d38e8d7ca65e573a126ed88d4e30a46f80a666854d675cf3ba81de0de043c3774f061560f55edc256a787afe701677c0f602900	
t-v0-bit-4-3	t	d75a980182b10ab7d54bfed3c964073a0ee172f3daa62325af021a68f707511a	b6b4699f8fd56126c9117a7da55bd0085246f4c56dbc95d20172612e9d38e8d7ca65e573a126ed88d4e30a46f80a666854d675cf3ba81de0de043c3774f061560f55edc256a787afe701677c0f602900	
t-v0-bit-4-4	t	d75a980182b10ab7d54bfed3c964073a0ee172f3daa62325af021a68f707511a	b6b4699f97d56126c9117a7da55bd0085246f4c56dbc95d20172612e9d38e8d7ca65e573a126ed88d4e30a46f80a666854d675cf3ba81de0de043c3774f061560f55edc256a787afe701677c0f602900	
t-v0-bit-4-5	t	d75a980182b10ab7d54bfed3c964073a0ee172f3daa62325af021a68f707511a	b6b4699fa7d56126c9117a7da55bd0085246f4c56dbc95d20172612e9d38e8d7ca65e573a126ed88d4e30a46f80a666854d675cf3ba81de0de043c3774f061560f55edc256a787afe701677c0f602900	
t-v0-bit-4-6	t	d75a980182b10ab7d54bfed3c964073a0ee172f3daa62325af021a68f707511a	b6b4699fc7d56126c9117a7da55bd0085246f4c56dbc95d20172612e9d38e8d7ca65e573a126ed88d4e30a46f80a666854d675cf3ba81de0de043c3774f061560f55edc256a787afe701677c0f602900	
t-v0-bit-4-7	t	d75a980182b10ab7d54bfed3c964073a0ee172f3daa62325af021a68f707511a	b6b4699f07d56126c9117a7da55bd0085246f4c56dbc95d20172612e9d38e8d7ca65e573a126ed88d4e30a46f80a666854d675cf3ba81de0de043c3774f061560f55edc256a787afe701677c0f602900	
t-v0-bit-5-0	t	d75a980182b10ab7d54bfed3c964073a0ee172f3daa62325af021a68f707511a	b6b4699f87d46126c9117a7da55bd0085246f4c56dbc95d20172612e9d38e8d7ca65e573a126ed88d4e30a46f80a666854d675cf3ba81de0de043c3774f061560f55edc256a787afe701677c0f602900	
t-v0-bit-5-1	t	d75a980182b10ab7d54bfed3c964073a0ee172f3daa62325af021a68f707511a	b6b4699f87d76126c9117a7da55bd0085246f4c56dbc95d20172612e9d38e8d7ca65e573a126ed88d4e30a46f80a666854d675cf3ba81de0de043c3774f061560f55edc256a787afe701677c0f602900	
t-v0-bit-5-2	t	d75a980182b10ab7d54bfed3c964073a0ee172f3daa62325af021a68f707511a	b6b4699f87d16126c9117a7da55bd0085246f4c56dbc95d20172612e9d38e8d7ca65e573a126ed88d4e30a46f80a666854d675cf3ba81de0de043c3774f061560f55edc256a787afe701677c0f602900	
t-v0-bit-5-3	t	d75a980182b10ab7d54bfed3c964073a0ee172f3daa62325af021a68f707511a	b6b4699f87dd6126c9117a7da55bd0085246f4c56dbc95d20172612e9d38e8d7ca65e573a126ed88d4e30a46f80a666854d675cf3ba81de0de043c3774f061560f55edc256a787afe701677c0f602900	
t-v0-bit-5-4	t	d75a980182b10ab7d54bfed3c964073a0ee172f3daa62325af021a68f707511a	b6b4699f87c56126c9117a7da55bd0085246f4c56dbc95d20172612e9d38e8d7ca65e573a126ed88d4e30a46f80a666854d675cf3ba81de0de043c3774f061560f55edc256a787afe701677c0f602900	
t-v0-bit-5-5	t	d75a980182b10ab7d54bfed3c964073a0ee172f3daa62325af021a68f707511a	b6b4699f87f56126c9117a7da55bd0085246f4c56dbc95d20172612e9d38e8d7ca65e573a126ed88d4e30a46f80a666854d675cf3ba81de0de043c3774f061560f55edc256a787afe701677c0f602900	
t-v0-bit-5-6	t	d75a980182b10ab7d54bfed3c964073a0ee172f3daa62325af021a68f707511a	b6b4699f87956126c9117a7da55bd0085246f4c56dbc95d20172612e9d38e8d7ca65e573a126ed88d4e30a46f80a666854d675cf3ba81de0de043c3774f061560f55edc256a787afe701677c0f602900	
t-v0-bit-5-7	t	d75a980182b10ab7d54bfed3c964073a0ee172f3daa62325af021a68f707511a	b6b4699f87556126c9117a7da55bd0085246f4c56dbc95d20172612e9d38e8d7ca65e573a126ed88d4e30a46f80a666854d675cf3ba81de0de043c3774f061560f55edc256a787afe701677c0f602900	
t-v0-bit-6-0	t	d75a980182b10ab7d54bfed3c964073a0ee172f3daa62325af021a68f707511a	b6b4699f87d56026c9117a7da55bd0085246f4c56dbc95d20172612e9d38e8d7ca65e573a126ed88d4e30a46f80a666854d675cf3ba81de0de043c3774f061560f55edc256a787afe701677c0f602900	
t-v0-bit-6-1	t	d75a980182b10ab7d54bfed3c964073a0ee172f3daa62325af021a68f707511a	b6b4699f87d56326c9117a7da55bd0085246f4c56dbc95d20172612e9d38e8d7ca65e573a126ed88d4e30a46f80a666854d675cf3ba81de0de043c3774f061560f55edc256a787afe701677c0f602900	
t-v0-bit-6-2	t	d75a980182b10ab7d54bfed3c964073a0ee172f3daa62325af021a68f707511a	b6b4699f87d56526c9117a7da55bd0085246f4c56dbc95d20172612e9d38e8d7ca65e573a126ed88d4e30a46f80a666854d675cf3ba81de0de043c3774f061560f55edc256a787afe701677c0f602900	
t-v0-bit-6-3	t	d75a980182b10ab7d54bfed3c964073a0ee172f3daa62325af021a68f707511a	b6b4699f87d56926c9117a7da55bd0085246f4c56dbc95d20172612e9d38e8d7ca65e573a126ed88d4e30a46f80a666854d675cf3ba81de0de043c3774f061560f55edc256a787afe701677c0f602900	
t-v0-bit-6-4	t	d75a980182b10ab7d54bfed3c964073a0ee172f3daa62325af021a68f707511a	b6b4699f87d57126c9117a7da55bd0085246f4c56dbc95d20172612e9d38e8d7ca65e573a126ed88d4e30a46f80a666854d675cf3ba81de0de043c3774f061560f55edc256a787afe701677c0f602900	
t-v0-bit-6-5	t	d75a980182b10ab7d54bfed3c964073a0ee172f3daa62325af021a68f707511a	b6b4699f87d54126c9117a7da55bd0085246f4c56dbc95d20172612e9d38e8d7ca65e573a126ed88d4e30a46f80a666854d675cf3ba81de0de043c3774f061560f55edc256a787afe701677c0f602900	
t-v0-bit-6-6	t	d75a980182b10ab7d54bfed3c964073a0ee172f3daa62325af021a68f707511a	b6b4699f87d52126c9117a7da55bd0085246f4c56dbc95d20172612e9d38e8d7ca65e573a126ed88d4e30a46f80a666854d675cf3ba81de0de043c3774f061560f55edc256a787afe701677c0f602900	
t-v0-bit-6-7	t	d75a980182b10ab7d54bfed3c964073a0ee172f3daa62325af021a68f707511a	b6b4699f87d5e126c9117a7da55bd0085246f4c56dbc95d20172612e9d38e8d7ca65e573a126ed88d4e30a46f80a666854d675cf3ba81de0de043c3774f061560f55edc256a787afe701677c0f602900	
t-v0-bit-7-0	t	d75a980182b10ab7d54bfed3c964073a0ee172f3daa62325af021a68f707511a	b6b4699f87d56127c9117a7da55bd0085246f4c56dbc95d20172612e9d38e8d7ca65e573a126ed88d4e30a46f80a666854d675cf3ba81de0de043c3774f061560f55edc256a787afe701677c0f602900	
t-v0-bit-7-1	t	d75a980182b10ab7d54bfed3c964073a0ee172f3daa62325af021a68f707511a	b6b4699f87d56124c9117a7da55bd0085246f4c56dbc95d20172612e9d38e8d7ca65e573a126ed88d4e30a46f80a666854d675cf3ba81de0de043c3774f061560f55edc256a787afe701677c0f602900	
t-v0-bit-7-2	t	d75a980182b10ab7d54bfed3c964073a0ee172f3daa62325af021a68f707511a	b6b4699f87d56122c9117a7da55bd0085246f4c56dbc95d20172612e9d38e8d7ca65e573a126ed88d4e30a46f80a666854d675cf3ba81de0de043c3774f061560f55edc256a787afe701677c0f602900	
t-v0-bit-7-3	t	d75a980182b10ab7d54bfed3c964073a0ee172f3daa62325af021a68f707511a	b6b4699f87d5612ec9117a7da55bd0085246f4c56dbc95d20172612e9d38e8d7ca65e573a126ed88d4e30a46f80a666854d675cf3ba81de0de043c3774f061560f55edc256a787afe701677c0f602900	
t-v0-bit-7-4	t	d75a980182b10ab7d54bfed3c964073a0ee172f3daa62325af021a68f707511a	b6b4699f87d56136c9117a7da55bd0085246f4c56dbc95d20172612e9d38e8d7ca65e573a126ed88d4e30a46f80a666854d675cf3ba81de0de043c3774f061560f55edc256a787afe701677c0f602900	
t-v0-bit-7-5	t	d75a980182b10ab7d54bfed3c964073a0ee172f3daa62325af021a68f707511a	b6b4699f87d56106c9117a7da55bd0085246f4c56dbc95d20172612e9d38e8d7ca65e573a126ed88d4e30a46f80a666854d675cf3ba81de0de043c3774f061560f55edc256a787afe701677c0f602900	
t-v0-bit-7-6	t	d75a980182b10ab7d54bfed3c964073a0ee172f3daa62325af021a68f707511a	b6b4699f87d56166c9117a7da55bd0085246f4c56dbc95d20172612e9d38e8d7ca65e573a126ed88d4e30a46f80a666854d675cf3ba81de0de043c3774f061560f55edc256a787afe701677c0f602900	
t-v0-bit-7-7	t	d75a980182b10ab7d54bfed3c964073a0ee172f3daa62325af021a68f707511a	b6b4699f87d561a6c9117a7da55bd0085246f4c56dbc95d20172612e9d38e8d7ca65e573a126ed88d4e30a46f80a666854d675cf3ba81de0de043c3774f061560f55edc256a787afe701677c0f602900	
t-v0-bit-8-0	t	d75a980182b10ab7d54bfed3c964073a0ee172f3daa62325af021a68f707511a	b6b4699f87d56126c8117a7da55bd0085246f4c56dbc95d20172612e9d38e8d7ca65e573a126ed88d4e30a46f80a666854d675cf3ba81de0de043c3774f061560f55edc256a787afe701677c0f602900	
t-v0-bit-8-1	t	d75a980182b10ab7d54bfed3c964073a0ee172f3daa62325af021a68f707511a	b6b4699f87d56126cb117a7da55bd0085246f4c56dbc95d20172612e9d38e8d7ca65e573a126ed88d4e30a46f80a666854d675cf3ba81de0de043c3774f061560f55edc256a787afe701677c0f602900	
t-v0-bit-8-2	t	d75a980182b10ab7d54bfed3c964073a0ee172f3daa62325af021a68f707511a	b6b4699f87d56126cd117a7da55bd0085246f4c56dbc95d20172612e9d38e8d7ca65e573a126ed88d4e30a46f80a666854d675cf3ba81de0de043c3774f061560f55edc256a787afe701677c0f602900	
t-v0-bit-8-3	t	d75a980182b10ab7d54bfed3c964073a0ee172f3daa62325af021a68f707511a	b6b4699f87d56126c1117a7da55bd0085246f4c56dbc95d20172612e9d38e8d7ca65e573a126ed88d4e30a46f80a666854d675cf3ba81de0de043c3774f061560f55edc256a787afe701677c0f602900	
t-v0-bit-8-4	t	d75a980182b10ab7d54bfed3c964073a0ee172f3daa62325af021a68f707511a	b6b4699f87d56126d9117a7da55bd0085246f4c56dbc95d20172612e9d38e8d7ca65e573a126ed88d4e30a46f80a666854d675cf3ba81de0de043c3774f061560f55edc256a787afe701677c0f602900	
t-v0-bit-8-5	t	d75a980182b10ab7d54bfed3c964073a0ee172f3daa62325af021a68f707511a	b6b4699f87d56126e9117a7da55bd0085246f4c56dbc95d20172612e9d38e8d7ca65e573a126ed88d4e30a46f80a666854d675cf3ba81de0de043c3774f061560f55edc256a787afe701677c0f602900	
t-v0-bit-8-6	t	d75a980182b10ab7d54bfed3c964073a0ee172f3daa62325af021a68f707511a	b6b4699f87d5612689117a7da55bd0085246f4c56dbc95d20172612e9d38e8d7ca65e573a126ed88d4e30a46f80a666854d675cf3ba81de0de043c3774f061560f55edc256a787afe701677c0f602900	
t-v0-bit-8-7	t	d75a980182b10ab7d54bfed3c964073a0ee172f3daa62325af021a68f707511a	b6b4699f87d5612649117a7da55bd0085246f4c56dbc95d20172612e9d38e8d7ca65e573a126ed88d4e30a46f80a666854d675cf3ba81de0de043c3774f061560f55edc256a787afe701677c0f602900	
t-v0-bit-9-0	t	d75a980182b10ab7d54bfed3c964073a0ee172f3daa62325af021a68f707511a	b6b4699f87d56126c9107a7da55bd0085246f4c56dbc95d20172612e9d38e8d7ca65e573a126ed88d4e30a46f80a666854d675cf3ba81de0de043c3774f061560f55edc256a787afe701677c0f602900	
t-v0-bit-9-1	t	d75a980182b10ab7d54bfed3c964073a0ee172f3daa62325af021a68f707511a	b6b4699f87d56126c9137a7da55bd0085246f4c56dbc95d20172612e9d38e8d7ca65e573a126ed88d4e30a46f80a666854d675cf3ba81de0de043c3774f061560f55edc256a787afe701677c0f602900	
t-v0-bit-9-2	t	d75a980182b10ab7d54bfed3c964073a0ee172f3daa62325af021a68f707511a	b6b4699f87d56126c9157a7da55bd0085246f4c56dbc95d20172612e9d38e8d7ca65e573a126ed88d4e30a46f80a666854d675cf3ba81de0de043c3774f061560f55edc256a787afe701677c0f602900	
t-v0-bit-9-3	t	d75a980182b10ab7d54bfed3c964073a0ee172f3daa62325af021a68f707511a	b6b4699f87d56126c9197a7da55bd0085246f4c56dbc95d20172612e9d38e8d7ca65e573a126ed88d4e30a46f80a666854d675cf3ba81de0de043c3774f061560f55edc256a787afe701677c0f602900	
t-v0-bit-9-4	t	d75a980182b10ab7d54bfed3c964073a0ee172f3daa62325af021a68f707511a	b6b4699f87d56126c9017a7da55bd0085246f4c56dbc95d20172612e9d38e8d7ca65e573a126ed88d4e30a46f80a666854d675cf3ba81de0de043c3774f061560f55edc256a787afe701677c0f602900	
t-v0-bit-9-5	t	d75a980182b10ab7d54bfed3c964073a0ee172f3daa62325af021a68f707511a	b6b4699f87d56126c9317a7da55bd0085246f4c56dbc95d20172612e9d38e8d7ca65e573a126ed88d4e30a46f80a666854d675cf3ba81de0de043c3774f061560f55edc256a787afe701677c0f602900	
t-v0-bit-9-6	t	d75a980182b10ab7d54bfed3c964073a0ee172f3daa62325af021a68f707511a	b6b4699f87d56126c9517a7da55bd0085246f4c56dbc95d20172612e9d38e8d7ca65e573a126ed88d4e30a46f80a666854d675cf3ba81de0de043c3774f061560f55edc256a787afe701677c0f602900	
t-v0-bit-9-7	t	d75a980182b10ab7d54bfed3c964073a0ee172f3daa62325af021a68f707511a	b6b4699f87d56126c9917a7da55bd0085246f4c56dbc95d20172612e9d38e8d7ca65e573a126ed88d4e30a46f80a666854d675cf3ba81de0de043c3774f061560f55edc256a787afe701677c0f602900	
t-v0-bit-10-0	t	d75a980182b10ab7d54bfed3c964073a0ee172f3daa62325af021a68f707511a	b6b4699f87d56126c9117b7da55bd0085246f4c56dbc95d20172612e9d38e8d7ca65e573a126ed88d4e30a46f80a666854d675cf3ba81de0de043c3774f061560f55edc256a787afe701677c0f602900	
t-v0-bit-10-1	t	d75a980182b10ab7d54bfed3c964073a0ee172f3daa62325af021a68f707511a	b6b4699f87d56126c911787da55bd0085246f4c56dbc95d20172612e9d38e8d7ca65e573a126ed88d4e30a46f80a666854d675cf3ba81de0de043c3774f061560f55edc256a787afe701677c0f602900	
t-v0-bit-10-2	t	d75a980182b10ab7d54bfed3c964073a0ee172f3daa62325af021a68f707511a	b6b4699f87d56126c9117e7da55bd0085246f4c56dbc95d20172612e9d38e8d7ca65e573a126ed88d4e30a46f80a666854d675cf3ba81de0de043c3774f061560f55edc256a787afe701677c0f602900	
t-v0-bit-10-3	t	d75a980182b10ab7d54bfed3c964073a0ee172f3daa62325af021a68f707511a	b6b4699f87d56126c911727da55bd0085246f4c56dbc95d20172612e9d38e8d7ca65e573a126ed88d4e30a46f80a666854d675cf3ba81de0de043c3774f061560f55edc256a787afe701677c0f602900	
t-v0-bit-10-4	t	d75a980182b10ab7d54bfed3c964073a0ee172f3daa62325af021a68f707511a	b6b4699f87d56126c9116a7da55bd0085246f4c56dbc95d20172612e9d38e8d7ca65e573a126ed88d4e30a46f80a666854d675cf3ba81de0de043c3774f061560f55edc256a787afe701677c0f602900	
t-v0-bit-10-5	t	d75a980182b10ab7d54bfed3c964073a0ee172f3daa62325af021a68f707511a	b6b4699f87d56126c9115a7da55bd0085246f4c56dbc95d20172612e9d38e8d7ca65e573a126ed88d4e30a46f80a666854d675cf3ba81de0de043c3774f061560f55edc256a787afe701677c0f602900	
t-v0-bit-10-6	t	d75a980182b10ab7d54bfed3c964073a0ee172f3daa62325af021a68f707511a	b6b4699f87d56126c9113a7da55bd0085246f4c56dbc95d20172612e9d38e8d7ca65e573a126ed88d4e30a46f80a666854d675cf3ba81de0de043c3774f061560f55edc256a787afe701677c0f602900	
t-v0-bit-10-7	t	d75a980182b10ab7d54bfed3c964073a0ee172f3daa62325af021a68f707511a	b6b4699f87d56126c911fa7da55bd0085246f4c56dbc95d20172612e9d38e8d7ca65e573a126ed88d4e30a46f80a666854d675cf3ba81de0de043c3774f061560f55edc256a787afe701677c0f602900	
t-v0-bit-11-0	t	d75a980182b10ab7d54bfed3c964073a0ee172f3daa62325af021a68f707511a	b6b4699f87d56126c9117a7ca55bd0085246f4c56dbc95d20172612e9d38e8d7ca65e573a126ed88d4e30a46f80a666854d675cf3ba81de0de043c3774f061560f55edc256a787afe701677c0f602900	
t-v0-bit-11-1	t	d75a980182b10ab7d54bfed3c964073a0ee172f3daa62325af021a68f707511a	b6b4699f87d56126c9117a7fa55bd0085246f4c56dbc95d20172612e9d38e8d7ca65e573a126ed88d4e30a46f80a666854d675cf3ba81de0de043c3774f061560f55edc256a787afe701677c0f602900	
t-v0-bit-11-2	t	d75a980182b10ab7d54bfed3c964073a0ee172f3daa62325af021a68f707511a	b6b4699f87d56126c9117a79a55bd0085246f4c56dbc95d20172612e9d38e8d7ca65e573a126ed88d4e30a46f80a666854d675cf3ba81de0de043c3774f061560f55edc256a787afe701677c0f602900	
t-v0-bit-11-3	t	d75a980182b10ab7d54bfed3c964073a0ee172f3daa62325af021a68f707511a	b6b4699f87d56126c9117a75a55bd0085246f4c56dbc95d20172612e9d38e8d7ca65e573a126ed88d4e30a46f80a666854d675cf3ba81de0de043c3774f061560f55edc256a787afe701677c0f602900	
t-v0-bit-11-4	t	d75a980182b10ab7d54bfed3c964073a0ee172f3daa62325af021a68f707511a	b6b4699f87d56126c9117a6da55bd0085246f4c56dbc95d20172612e9d38e8d7ca65e573a126ed88d4e30a46f80a666854d675cf3ba81de0de043c3774f061560f55edc256a787afe701677c0f602900	
t-v0-bit-11-5	t	d75a980182b10ab7d54bfed3c964073a0ee172f3daa62325af021a68f707511a	b6b4699f87d56126c9117a5da55bd0085246f4c56dbc95d20172612e9d38e8d7ca65e573a126ed88d4e30a46f80a666854d675cf3ba81de0de043c3774f061560f55edc256a787afe701677c0f602900	
t-v0-bit-11-6	t	d75a980182b10ab7d54bfed3c964073a0ee172f3daa62325af021a68f707511a	b6b4699f87d56126c9117a3da55bd0085246f4c56dbc95d20172612e9d38e8d7ca65e573a126ed88d4e30a46f80a666854d675cf3ba81de0de043c3774f061560f55edc256a787afe701677c0f602900	
t-v0-bit-11-7	t	d75a980182b10ab7d54bfed3c964073a0ee172f3daa62325af021a68f707511a	b6b4699f87d56126c9117afda55bd0085246f4c56dbc95d20172612e9d38e8d7ca65e573a126ed88d4e30a46f80a666854d675cf3ba81de0de043c3774f061560f55edc256a787afe701677c0f602900	
t-v0-bit-12-0	t	d75a980182b10ab7d54bfed3c964073a0ee172f3daa62325af021a68f707511a	b6b4699f87d56126c9117a7da45bd0085246f4c56dbc95d20172612e9d38e8d7ca65e573a126ed88d4e30a46f80a666854d675cf3ba81de0de043c3774f061560f55edc256a787afe701677c0f602900	
t-v0-bit-12-1	t	d75a980182b10ab7d54bfed3c964073a0ee172f3daa62325af021a68f707511a	b6b4699f87d56126c9117a7da75bd0085246f4c56dbc95d20172612e9d38e8d7ca65e573a126ed88d4e30a46f80a666854d675cf3ba81de0de043c3774f061560f55edc256a787afe701677c0f602900	
t-v0-bit-12-2	t	d75a980182b10ab7d54bfed3c964073a0ee172f3daa62325af021a68f707511a	b6b4699f87d56126c9117a7da15bd0085246f4c56dbc95d20172612e9d38e8d7ca65e573a126ed88d4e30a46f80a666854d675cf3ba81de0de043c3774f061560f55edc256a787afe701677c0f602900	
t-v0-bit-12-3	t	d75a980182b10ab7d54bfed3c964073a0ee172f3daa62325af021a68f707511a	b6b4699f87d56126c9117a7dad5bd0085246f4c56dbc95d20172612e9d38e8d7ca65e573a126ed88d4e30a46f80a666854d675cf3ba81de0de043c3774f061560f55edc256a787afe701677c0f602900	
t-v0-bit-12-4	t	d75a980182b10ab7d54bfed3c964073a0ee172f3daa62325af021a68f707511a	b6b4699f87d56126c9117a7db55bd0085246f4c56dbc95d20172612e9d38e8d7ca65e573a126ed88d4e30a46f80a666854d675cf3ba81de0de043c3774f061560f55edc256a787afe701677c0f602900	
t-v0-bit-12-5	t	d75a980182b10ab7d54bfed3c964073a0ee172f3daa62325af021a68f707511a	b6b4699f87d56126c9117a7d855bd0085246f4c56dbc95d20172612e9d38e8d7ca65e573a126ed88d4e30a46f80a666854d675cf3ba81de0de043c3774f061560f55edc256a787afe701677c0f602900	
t-v0-bit-12-6	t	d75a980182b10ab7d54bfed3c964073a0ee172f3daa62325af021a68f707511a	b6b4699f87d56126c9117a7de55bd0085246f4c56dbc95d20172612e9d38e8d7ca65e573a126ed88d4e30a46f80a666854d675cf3ba81de0de043c3774f061560f55edc256a787afe701677c0f602900	
t-v0-bit-12-7	t	d75a980182b10ab7d54bfed3c964073a0ee172f3daa62325af021a68f707511a	b6b4699f87d56126c9117a7d255bd0085246f4c56dbc95d20172612e9d38e8d7ca65e573a126ed88d4e30a46f80a666854d675cf3ba81de0de043c3774f061560f55edc256a787afe701677c0f602900	
t-v0-bit-13-0	t	d75a980182b10ab7d54bfed3c964073a0ee172f3daa62325af021a68f707511a	b6b4699f87d56126c9117a7da55ad0085246f4c56dbc95d20172612e9d38e8d7ca65e573a126ed88d4e30a46f80a666854d675cf3ba81de0de043c3774f061560f55edc256a787afe701677c0f602900	
t-v0-bit-13-1	t	d75a980182b10ab7d54bfed3c964073a0ee172f3daa62325af021a68f707511a	b6b4699f87d56126c9117a7da559d0085246f4c56dbc95d20172612e9d38e8d7ca65e573a126ed88d4e30a46f80a666854d675cf3ba81de0de043c3774f061560f55edc256a787afe701677c0f602900	
t-v0-bit-13-2	t	d75a980182b10ab7d54bfed3c964073a0ee172f3daa62325af021a68f707511a	b6b4699f87d56126c9117a7da55fd0085246f4c56dbc95d20172612e9d38e8d7ca65e573a126ed88d4e30a46f80a666854d675cf3ba81de0de043c3774f061560f55edc256a787afe701677c0f602900	
t-v0-bit-13-3	t	d75a980182b10ab7d54bfed3c964073a0ee172f3daa62325af021a68f707511a	b6b4699f87d56126c9117a7da553d0085246f4c56dbc95d20172612e9d38e8d7ca65e573a126ed88d4e30a46f80a666854d675cf3ba81de0de043c3774f061560f55edc256a787afe701677c0f602900	
t-v0-bit-13-4	t	d75a980182b10ab7d54bfed3c964073a0ee172f3daa62325af021a68f707511a	b6b4699f87d56126c9117a7da54bd0085246f4c56dbc95d20172612e9d38e8d7ca65e573a126ed88d4e30a46f80a666854d675cf3ba81de0de043c3774f061560f55edc256a787afe701677c0f602900	
t-v0-bit-13-5	t	d75a980182b10ab7d54bfed3c964073a0ee172f3daa62325af021a68f707511a	b6b4699f87d56126c9117a7da57bd0085246f4c56dbc95d20172612e9d38e8d7ca65e573a126ed88d4e30a46f80a666854d675cf3ba81de0de043c3774f061560f55edc256a787afe701677c0f602900	
t-v0-bit-13-6	t	d75a980182b10ab7d54bfed3c964073a0ee172f3daa62325af021a68f707511a	b6b4699f87d56126c9117a7da51bd0085246f4c56dbc95d20172612e9d38e8d7ca65e573a126ed88d4e30a46f80a666854d675cf3ba81de0de043c3774f061560f55edc256a787afe701677c0f602900	
t-v0-bit-13-7	t	d75a980182b10ab7d54bfed3c964073a0ee172f3daa62325af021a68f707511a	b6b4699f87d56126c9117a7da5dbd0085246f4c56dbc95d20172612e9d38e8d7ca65e573a126ed88d4e30a46f80a666854d675cf3ba81de0de043c3774f061560f55edc256a787afe701677c0f602900	
t-v0-bit-14-0	t	d75a980182b10ab7d54bfed3c964073a0ee172f3daa62325af021a68f707511a	b6b4699f87d56126c9117a7da55bd1085246f4c56dbc95d20172612e9d38e8d7ca65e573a126ed88d4e30a46f80a666854d675cf3ba81de0de043c3774f061560f55edc256a787afe701677c0f602900	
t-v0-bit-14-1	t	d75a980182b10ab7d54bfed3c964073a0ee172f3daa62325af021a68f707511a	b6b4699f87d56126c9117a7da55bd2085246f4c56dbc95d20172612e9d38e8d7ca65e573a126ed88d4e30a46f80a666854d675cf3ba81de0de043c3774f061560f55edc256a787afe701677c0f602900	
t-v0-bit-14-2	t	d75a980182b10ab7d54bfed3c964073a0ee172f3daa62325af021a68f707511a	b6b4699f87d56126c9117a7da55bd4085246f4c56dbc95d20172612e9d38e8d7ca65e573a126ed88d4e30a46f80a666854d675cf3ba81de0de043c3774f061560f55edc256a787afe701677c0f602900	
t-v0-bit-14-3	t	d75a980182b10ab7d54bfed3c964073a0ee172f3daa62325af021a68f707511a	b6b4699f87d56126c9117a7da55bd8085246f4c56dbc95d20172612e9d38e8d7ca65e573a126ed88d4e30a46f80a666854d675cf3ba81de0de043c3774f061560f55edc256a787afe701677c0f602900	
t-v0-bit-14-4	t	d75a980182b10ab7d54bfed3c964073a0ee172f3daa62325af021a68f707511a	b6b4699f87d56126c9117a7da55bc0085246f4c56dbc95d20172612e9d38e8d7ca65e573a126ed88d4e30a46f80a666854d675cf3ba81de0de043c3774f061560f55edc256a787afe701677c0f602900	
t-v0-bit-14-5	t	d75a980182b10ab7d54bfed3c964073a0ee172f3daa62325af021a68f707511a	b6b4699f87d56126c9117a7da55bf0085246f4c56dbc95d20172612e9d38e8d7ca65e573a126ed88d4e30a46f80a666854d675cf3ba81de0de043c3774f061560f55edc256a787afe701677c0f602900	
t-v0-bit-14-6	t	d75a980182b10ab7d54bfed3c964073a0ee172f3daa62325af021a68f707511a	b6b4699f87d56126c9117a7da55b90085246f4c56dbc95d20172612e9d38e8d7ca65e573a126ed88d4e30a46f80a666854d675cf3ba81de0de043c3774f061560f55edc256a787afe701677c0f602900	
t-v0-bit-14-7	t	d75a980182b10ab7d54bfed3c964073a0ee172f3daa62325af021a68f707511a	b6b4699f87d56126c9117a7da55b50085246f4c56dbc95d20172612e9d38e8d7ca65e573a126ed88d4e30a46f80a666854d675cf3ba81de0de043c3774f061560f55edc256a787afe701677c0f602900	
t-v0-bit-15-0	t	d75a980182b10ab7d54bfed3c964073a0ee172f3daa62325af021a68f707511a	b6b4699f87d56126c9117a7da55bd0095246f4c56dbc95d20172612e9d38e8d7ca65e573a126ed88d4e30a46f80a666854d675cf3ba81de0de043c3774f061560f55edc256a787afe701677c0f602900	
t-v0-bit-15-1	t	d75a980182b10ab7d54bfed3c964073a0ee172f3daa62325af021a68f707511a	b6b4699f87d56126c9117a7da55bd00a5246f4c56dbc95d20172612e9d38e8d7ca65e573a126ed88d4e30a46f80a666854d675cf3ba81de0de043c3774f061560f55edc256a787afe701677c0f602900	
t-v0-bit-15-2	t	d75a980182b10ab7d54bfed3c964073a0ee172f3daa62325af021a68f707511a	b6b4699f87d56126c9117a7da55bd00c5246f4c56dbc95d20172612e9d38e8d7ca65e573a126ed88d4e30a46f80a666854d675cf3ba81de0de043c3774f061560f55edc256a787afe701677c0f602900	
t-v0-bit-15-3	t	d75a980182b10ab7d54bfed3c964073a0ee172f3daa62325af021a68f707511a	b6b4699f87d56126c9117a7da55bd0005246f4c56dbc95d20172612e9d38e8d7ca65e573a126ed88d4e30a46f80a666854d675cf3ba81de0de043c3774f061560f55edc256a787afe701677c0f602900	
t-v0-bit-15-4	t	d75a980182b10ab7d54bfed3c964073a0ee172f3daa62325af021a68f707511a	b6b4699f87d56126c9117a7da55bd0185246f4c56dbc95d20172612e9d38e8d7ca65e573a126ed88d4e30a46f80a666854d675cf3ba81de0de043c3774f061560f55edc256a787afe701677c0f602900	
t-v0-bit-15-5	t	d75a980182b10ab7d54bfed3c964073a0ee172f3daa62325af021a68f707511a	b6b4699f87d56126c9117a7da55bd0285246f4c56dbc95d20172612e9d38e8d7ca65e573a126ed88d4e30a46f80a666854d675cf3ba81de0de043c3774f061560f55edc256a787afe701677c0f602900	
t-v0-bit-15-6	t	d75a980182b10ab7d54bfed3c964073a0ee172f3daa62325af021a68f707511a	b6b4699f87d56126c9117a7da55bd0485246f4c56dbc95d20172612e9d38e8d7ca65e573a126ed88d4e30a46f80a666854d675cf3ba81de0de043c3774f061560f55edc256a787afe701677c0f602900	
t-v0-bit-15-7	t	d75a980182b10ab7d54bfed3c964073a0ee172f3daa62325af021a68f707511a	b6b4699f87d56126c9117a7da55bd0885246f4c56dbc95d20172612e9d38e8d7ca65e573a126ed88d4e30a46f80a666854d675cf3ba81de0de043c3774f061560f55edc256a787afe701677c0f602900	
t-v0-bit-16-0	t	d75a980182b10ab7d54bfed3c964073a0ee172f3daa62325af021a68f707511a	b6b4699f87d56126c9117a7da55bd0085346f4c56dbc95d20172612e9d38e8d7ca65e573a126ed88d4e30a46f80a666854d675cf3ba81de0de043c3774f061560f55edc256a787afe701677c0f602900	
t-v0-bit-16-1	t	d75a980182b10ab7d54bfed3c964073a0ee172f3daa62325af021a68f707511a	b6b4699f87d56126c9117a7da55bd0085046f4c56dbc95d20172612e9d38e8d7ca65e573a126ed88d4e30a46f80a666854d675cf3ba81de0de043c3774f061560f55edc256a787afe701677c0f602900	
t-v0-bit-16-2	t	d75a980182b10ab7d54bfed3c964073a0ee172f3daa62325af021a68f707511a	b6b4699f87d56126c9117a7da55bd0085646f4c56dbc95d20172612e9d38e8d7ca65e573a126ed88d4e30a46f80a666854d675cf3ba81de0de043c3774f061560f55edc256a787afe701677c0f602900	
t-v0-bit-16-3	t	d75a980182b10ab7d54bfed3c964073a0ee172f3daa62325af021a68f707511a	b6b4699f87d56126c9117a7da55bd0085a46f4c56dbc95d20172612e9d38e8d7ca65e573a126ed88d4e30a46f80a666854d675cf3ba81de0de043c3774f061560f55edc256a787afe701677c0f602900	
t-v0-bit-16-4	t	d75a980182b10ab7d54bfed3c964073a0ee172f3daa62325af021a68f707511a	b6b4699f87d56126c9117a7da55bd0084246f4c56dbc95d20172612e9d38e8d7ca65e573a126ed88d4e30a46f80a666854d675cf3ba81de0de043c3774f061560f55edc256a787afe701677c0f602900	
t-v0-bit-16-5	t	d75a980182b10ab7d54bfed3c964073a0ee172f3daa62325af021a68f707511a	b6b4699f87d56126c9117a7da55bd0087246f4c56dbc95d20172612e9d38e8d7ca65e573a126ed88d4e30a46f80a666854d675cf3ba81de0de043c3774f061560f55edc256a787afe701677c0f602900	
t-v0-bit-16-6	t	d75a980182b10ab7d54bfed3c964073a0ee172f3daa62325af021a68f707511a	b6b4699f87d56126c9117a7da55bd0081246f4c56dbc95d20172612e9d38e8d7ca65e573a126ed88d4e30a46f80a666854d675cf3ba81de0de043c3774f061560f55edc256a787afe701677c0f602900	
t-v0-bit-16-7	t	d75a980182b10ab7d54bfed3c964073a0ee172f3daa62325af021a68f707511a	b6b4699f87d56126c9117a7da55bd008d246f4c56dbc95d20172612e9d38e8d7ca65e573a126ed88d4e30a46f80a666854d675cf3ba81de0de043c3774f061560f55edc256a787afe701677c0f602900	
t-v0-bit-17-0	t	d75a980182b10ab7d54bfed3c964073a0ee172f3daa62325af021a68f707511a	b6b4699f87d56126c9117a7da55bd0085247f4c56dbc95d20172612e9d38e8d7ca65e573a126ed88d4e30a46f80a666854d675cf3ba81de0de043c3774f061560f55edc256a787afe701677c0f602900	
t-v0-bit-17-1	t	d75a980182b10ab7d54bfed3c964073a0ee172f3daa62325af021a68f707511a	b6b4699f87d56126c9117a7da55bd0085244f4c56dbc95d20172612e9d38e8d7ca65e573a126ed88d4e30a46f80a666854d675cf3ba81de0de043c3774f061560f55edc256a787afe701677c0f602900	
t-v0-bit-17-2	t	d75a980182b10ab7d54bfed3c964073a0ee172f3daa62325af021a68f707511a	b6b4699f87d56126c9117a7da55bd0085242f4c56dbc95d20172612e9d38e8d7ca65e573a126ed88d4e30a46f80a666854d675cf3ba81de0de043c3774f061560f55edc256a787afe701677c0f602900	
t-v0-bit-17-3	t	d75a980182b10ab7d54bfed3c964073a0ee172f3daa62325af021a68f707511a	b6b4699f87d56126c9117a7da55bd008524ef4c56dbc95d20172612e9d38e8d7ca65e573a126ed88d4e30a46f80a666854d675cf3ba81de0de043c3774f061560f55edc256a787afe701677c0f602900	
t-v0-bit-17-4	t	d75a980182b10ab7d54bfed3c964073a0ee172f3daa62325af021a68f707511a	b6b4699f87d56126c9117a7da55bd0085256f4c56dbc95d20172612e9d38e8d7ca65e573a126ed88d4e30a46f80a666854d675cf3ba81de0de043c3774f061560f55edc256a787afe701677c0f602900	
t-v0-bit-17-5	t	d75a980182b10ab7d54bfed3c964073a0ee172f3daa62325af021a68f707511a	b6b4699f87d56126c9117a7da55bd0085266f4c56dbc95d20172612e9d38e8d7ca65e573a126ed88d4e30a46f80a666854d675cf3ba81de0de043c3774f061560f55edc256a787afe701677c0f602900	
t-v0-bit-17-6	t	d75a980182b10ab7d54bfed3c964073a0ee172f3daa62325af021a68f707511a	b6b4699f87d56126c9117a7da55bd0085206f4c56dbc95d20172612e9d38e8d7ca65e573a126ed88d4e30a46f80a666854d675cf3ba81de0de043c3774f061560f55edc256a787afe701677c0f602900	
t-v0-bit-17-7	t	d75a980182b10ab7d54bfed3c964073a0ee172f3daa62325af021a68f707511a	b6b4699f87d56126c9117a7da55bd00852c6f4c56dbc95d20172612e9d38e8d7ca65e573a126ed88d4e30a46f80a666854d675cf3ba81de0de043c3774f061560f55edc256a787afe701677c0f602900	
t-v0-bit-18-0	t	d75a980182b10ab7d54bfed3c964073a0ee172f3daa62325af021a68f707511a	b6b4699f87d56126c9117a7da55bd0085246f5c56dbc95d20172612e9d38e8d7ca65e573a126ed88d4e30a46f80a666854d675cf3ba81de0de043c3774f061560f55edc256a787afe701677c0f602900	
t-v0-bit-18-1	t	d75a980182b10ab7d54bfed3c964073a0ee172f3daa62325af021a68f707511a	b6b4699f87d56126c9117a7da55bd0085246f6c56dbc95d20172612e9d38e8d7ca65e573a126ed88d4e30a46f80a666854d675cf3ba81de0de043c3774f061560f55edc256a787afe701677c0f602900	
t-v0-bit-18-2	t	d75a980182b10ab7d54bfed3c964073a0ee172f3daa62325af021a68f707511a	b6b4699f87d56126c9117a7da55bd0085246f0c56dbc95d20172612e9d38e8d7ca65e573a126ed88d4e30a46f80a666854d675cf3ba81de0de043c3774f061560f55edc256a787afe701677c0f602900	
t-v0-bit-18-3	t	d75a980182b10ab7d54bfed3c964073a0ee172f3daa62325af021a68f707511a	b6b4699f87d56126c9117a7da55bd0085246fcc56dbc95d20172612e9d38e8d7ca65e573a126ed88d4e30a46f80a666854d675cf3ba81de0de043c3774f061560f55edc256a787afe701677c0f602900	
t-v0-bit-18-4	t	d75a980182b10ab7d54bfed3c964073a0ee172f3daa62325af021a68f707511a	b6b4699f87d56126c9117a7da55bd0085246e4c56dbc95d20172612e9d38e8d7ca65e573a126ed88d4e30a46f80a666854d675cf3ba81de0de043c3774f061560f55edc256a787afe701677c0f602900	
t-v0-bit-18-5	t	d75a980182b10ab7d54bfed3c964073a0ee172f3daa62325af021a68f707511a	b6b4699f87d56126c9117a7da55bd0085246d4c56dbc95d20172612e9d38e8d7ca65e573a126ed88d4e30a46f80a666854d675cf3ba81de0de043c3774f061560f55edc256a787afe701677c0f602900	
t-v0-bit-18-6	t	d75a980182b10ab7d54bfed3c964073a0ee172f3daa62325af021a68f707511a	b6b4699f87d56126c9117a7da55bd0085246b4c56dbc95d20172612e9d38e8d7ca65e573a126ed88d4e30a46f80a666854d675cf3ba81de0de043c3774f061560f55edc256a787afe701677c0f602900	
t-v0-bit-18-7	t	d75a980182b10ab7d54bfed3c964073a0ee172f3daa62325af021a68f707511a	b6b4699f87d56126c9117a7da55bd008524674c56dbc95d20172612e9d38e8d7ca65e573a126ed88d4e30a46f80a666854d675cf3ba81de0de043c3774f061560f55edc256a787afe701677c0f602900	
t-v0-bit-19-0	t	d75a980182b10ab7d54bfed3c964073a0ee172f3daa62325af021a68f707511a	b6b4699f87d56126c9117a7da55bd0085246f4c46dbc95d20172612e9d38e8d7ca65e573a126ed88d4e30a46f80a666854d675cf3ba81de0de043c3774f061560f55edc256a787afe701677c0f602900	
t-v0-bit-19-1	t	d75a980182b10ab7d54bfed3c964073a0ee172f3daa62325af021a68f707511a	b6b4699f87d56126c9117a7da55bd0085246f4c76dbc95d20172612e9d38e8d7ca65e573a126ed88d4e30a46f80a666854d675cf3ba81de0de043c3774f061560f55edc256a787afe701677c0f602900	
t-v0-bit-19-2	t	d75a980182b10ab7d54bfed3c964073a0ee172f3daa62325af021a68f707511a	b6b4699f87d56126c9117a7da55bd0085246f4c16dbc95d20172612e9d38e8d7ca65e573a126ed88d4e30a46f80a666854d675cf3ba81de0de043c3774f061560f55edc256a787afe701677c0f602900	
t-v0-bit-19-3	t	d75a980182b10ab7d54bfed3c964073a0ee172f3daa62325af021a68f707511a	b6b4699f87d56126c9117a7da55bd0085246f4cd6dbc95d20172612e9d38e8d7ca65e573a126ed88d4e30a46f80a666854d675cf3ba81de0de043c3774f061560f55edc256a787afe701677c0f602900	
t-v0-bit-19-4	t	d75a980182b10ab7d54bfed3c964073a0ee172f3daa62325af021a68f707511a	b6b4699f87d56126c9117a7da55bd0085246f4d56dbc95d20172612e9d38e8d7ca65e573a126ed88d4e30a46f80a666854d675cf3ba81de0de043c3774f061560f55edc256a787afe701677c0f602900	
t-v0-bit-19-5	t	d75a980182b10ab7d54bfed3c964073a0ee172f3daa62325af021a68f707511a	b6b4699f87d56126c9117a7da55bd0085246f4e56dbc95d20172612e9d38e8d7ca65e573a126ed88d4e30a46f80a666854d675cf3ba81de0de043c3774f061560f55edc256a787afe701677c0f602900	
t-v0-bit-19-6	t	d75a980182b10ab7d54bfed3c964073a0ee172f3daa62325af021a68f707511a	b6b4699f87d56126c9117a7da55bd0085246f4856dbc95d20172612e9d38e8d7ca65e573a126ed88d4e30a46f80a666854d675cf3ba81de0de043c3774f061560f55edc256a787afe701677c0f602900	
t-v0-bit-19-7	t	d75a980182b10ab7d54bfed3c964073a0ee172f3daa62325af021a68f707511a	b6b4699f87d56126c9117a7da55bd0085246f4456dbc95d20172612e9d38e8d7ca65e573a126ed88d4e30a46f80a666854d675cf3ba81de0de043c3774f061560f55edc256a787afe701677c0f602900	
t-v0-bit-20-0	t	d75a980182b10ab7d54bfed3c964073a0ee172f3daa62325af021a68f707511a	b6b4699f87d56126c9117a7da55bd0085246f4c56cbc95d20172612e9d38e8d7ca65e573a126ed88d4e30a46f80a666854d675cf3ba81de0de043c3774f061560f55edc256a787afe701677c0f602900	
t-v0-bit-20-1	t	d75a980182b10ab7d54bfed3c964073a0ee172f3daa62325af021a68f707511a	b6b4699f87d56126c9117a7da55bd0085246f4c56fbc95d20172612e9d38e8d7ca65e573a126ed88d4e30a46f80a666854d675cf3ba81de0de043c3774f061560f55edc256a787afe701677c0f602900	
t-v0-bit-20-2	t	d75a980182b10ab7d54bfed3c964073a0ee172f3daa62325af021a68f707511a	b6b4699f87d56126c9117a7da55bd0085246f4c569bc95d20172612e9d38e8d7ca65e573a126ed88d4e30a46f80a666854d675cf3ba81de0de043c3774f061560f55edc256a787afe701677c0f602900	
t-v0-bit-20-3	t	d75a980182b10ab7d54bfed3c964073a0ee172f3daa62325af021a68f707511a	b6b4699f87d56126c9117a7da55bd0085246f4c565bc95d20172612e9d38e8d7ca65e573a126ed88d4e30a46f80a666854d675cf3ba81de0de043c3774f061560f55edc256a787afe701677c0f602900	
t-v0-bit-20-4	t	d75a980182b10ab7d54bfed3c964073a0ee172f3daa62325af021a68f707511a	b6b4699f87d56126c9117a7da55bd0085246f4c57dbc95d20172612e9d38e8d7ca65e573a126ed88d4e30a46f80a666854d675cf3ba81de0de043c3774f061560f55edc256a787afe701677c0f602900	
t-v0-bit-20-5	t	d75a980182b10ab7d54bfed3c964073a0ee172f3daa62325af021a68f707511a	b6b4699f87d56126c9117a7da55bd0085246f4c54dbc95d20172612e9d38e8d7ca65e573a126ed88d4e30a46f80a666854d675cf3ba81de0de043c3774f061560f55edc256a787afe701677c0f602900	
t-v0-bit-20-6	t	d75a980182b10ab7d54bfed3c964073a0ee172f3daa62325af021a68f707511a	b6b4699f87d56126c9117a7da55bd0085246f4c52dbc95d20172612e9d38e8d7ca65e573a126ed88d4e30a46f80a666854d675cf3ba81de0de043c3774f061560f55edc256a787afe701677c0f602900	
t-v0-bit-20-7	t	d75a980182b10ab7d54bfed3c964073a0ee172f3daa62325af021a68f707511a	b6b4699f87d56126c9117a7da55bd0085246f4c5edbc95d20172612e9d38e8d7ca65e573a126ed88d4e30a46f80a666854d675cf3ba81de0de043c3774f061560f55edc256a787afe701677c0f602900	
t-v0-bit-21-0	t	d75a980182b10ab7d54bfed3c964073a0ee172f3daa62325af021a68f707511a	b6b4699f87d56126c9117a7da55bd0085246f4c56dbd95d20172612e9d38e8d7ca65e573a126ed88d4e30a46f80a666854d675cf3ba81de0de043c3774f061560f55edc256a787afe701677c0f602900	
t-v0-bit-21-1	t	d75a980182b10ab7d54bfed3c964073a0ee172f3daa62325af021a68f707511a	b6b4699f87d56126c9117a7da55bd0085246f4c56dbe95d20172612e9d38e8d7ca65e573a126ed88d4e30a46f80a666854d675cf3ba81de0de043c3774f061560f55edc256a787afe701677c0f602900	
t-v0-bit-21-2	t	d75a980182b10ab7d54bfed3c964073a0ee172f3daa62325af021a68f707511a	b6b4699f87d56126c9117a7da55bd0085246f4c56db895d20172612e9d38e8d7ca65e573a126ed88d4e30a46f80a666854d675cf3ba81de0de043c3774f061560f55edc256a787afe701677c0f602900	
t-v0-bit-21-3	t	d75a980182b10ab7d54bfed3c964073a0ee172f3daa62325af021a68f707511a	b6b4699f87d56126c9117a7da55bd0085246f4c56db495d20172612e9d38e8d7ca65e573a126ed88d4e30a46f80a666854d675cf3ba81de0de043c3774f061560f55edc256a787afe701677c0f602900	
t-v0-bit-21-4	t	d75a980182b10ab7d54bfed3c964073a0ee172f3daa62325af021a68f707511a	b6b4699f87d56126c9117a7da55bd0085246f4c56dac95d20172612e9d38e8d7ca65e573a126ed88d4e30a46f80a666854d675cf3ba81de0de043c3774f061560f55edc256a787afe701677c0f602900	
t-v0-bit-21-5	t	d75a980182b10ab7d54bfed3c964073a0ee172f3daa62325af021a68f707511a	b6b4699f87d56126c9117a7da55bd0085246f4c56d9c95d20172612e9d38e8d7ca65e573a126ed88d4e30a46f80a666854d675cf3ba81de0de043c3774f061560f55edc256a787afe701677c0f602900	
t-v0-bit-21-6	t	d75a980182b10ab7d54bfed3c964073a0ee172f3daa62325af021a68f707511a	b6b4699f87d56126c9117a7da55bd0085246f4c56dfc95d20172612e9d38e8d7ca65e573a126ed88d4e30a46f80a666854d675cf3ba81de0de043c3774f061560f55edc256a787afe701677c0f602900	
t-v0-bit-21-7	t	d75a980182b10ab7d54bfed3c964073a0ee172f3daa62325af021a68f707511a	b6b4699f87d56126c9117a7da55bd0085246f4c56d3c95d20172612e9d38e8d7ca65e573a126ed88d4e30a46f80a666854d675cf3ba81de0de043c3774f061560f55edc256a787afe701677c0f602900	
t-v0-bit-22-0	t	d75a980182b10ab7d54bfed3c964073a0ee172f3daa62325af021a68f707511a	b6b4699f87d56126c9117a7da55bd0085246f4c56dbc94d20172612e9d38e8d7ca65e573a126ed88d4e30a46f80a666854d675cf3ba81de0de043c3774f061560f55edc256a787afe701677c0f602900	
t-v0-bit-22-1	t	d75a980182b10ab7d54bfed3c964073a0ee172f3daa62325af021a68f707511a	b6b4699f87d56126c9117a7da55bd0085246f4c56dbc97d20172612e9d38e8d7ca65e573a126ed88d4e30a46f80a666854d675cf3ba81de0de043c3774f061560f55edc256a787afe701677c0f602900	
t-v0-bit-22-2	t	d75a980182b10ab7d54bfed3c964073a0ee172f3daa62325af021a68f707511a	b6b4699f87d56126c9117a7da55bd0085246f4c56dbc91d20172612e9d38e8d7ca65e573a126ed88d4e30a46f80a666854d675cf3ba81de0de043c3774f061560f55edc256a787afe701677c0f602900	
t-v0-bit-22-3	t	d75a980182b10ab7d54bfed3c964073a0ee172f3daa62325af021a68f707511a	b6b4699f87d56126c9117a7da55bd0085246f4c56dbc9dd20172612e9d38e8d7ca65e573a126ed88d4e30a46f80a666854d675cf3ba81de0de043c3774f061560f55edc256a787afe701677c0f602900	
t-v0-bit-22-4	t	d75a980182b10ab7d54bfed3c964073a0ee172f3daa62325af021a68f707511a	b6b4699f87d56126c9117a7da55bd0085246f4c56dbc85d20172612e9d38e8d7ca65e573a126ed88d4e30a46f80a666854d675cf3ba81de0de043c3774f061560f55edc256a787afe701677c0f602900	
t-v0-bit-22-5	t	d75a980182b10ab7d54bfed3c964073a0ee172f3daa62325af021a68f707511a	b6b4699f87d56126c9117a7da55bd0085246f4c56dbcb5d20172612e9d38e8d7ca65e573a126ed88d4e30a46f80a666854d675cf3ba81de0de043c3774f061560f55edc256a787afe701677c0f602900	
t-v0-bit-22-6	t	d75a980182b10ab7d54bfed3c964073a0ee172f3daa62325af021a68f707511a	b6b4699f87d56126c9117a7da55bd0085246f4c56dbcd5d20172612e9d38e8d7ca65e573a126ed88d4e30a46f80a666854d675cf3ba81de0de043c3774f061560f55edc256a787afe701677c0f602900	
t-v0-bit-22-7	t	d75a980182b10ab7d54bfed3c964073a0ee172f3daa62325af021a68f707511a	b6b4699f87d56126c9117a7da55bd0085246f4c56dbc15d20172612e9d38e8d7ca65e573a126ed88d4e30a46f80a666854d675cf3ba81de0de043c3774f061560f55edc256a787afe701677c0f602900	
t-v0-bit-23-0	t	d75a980182b10ab7d54bfed3c964073a0ee172f3daa62325af021a68f707511a	b6b4699f87d56126c9117a7da55bd0085246f4c56dbc95d30172612e9d38e8d7ca65e573a126ed88d4e30a46f80a666854d675cf3ba81de0de043c3774f061560f55edc256a787afe701677c0f602900	
t-v0-bit-23-1	t	d75a980182b10ab7d54bfed3c964073a0ee172f3daa62325af021a68f707511a	b6b4699f87d56126c9117a7da55bd0085246f4c56dbc95d00172612e9d38e8d7ca65e573a126ed88d4e30a46f80a666854d675cf3ba81de0de043c3774f061560f55edc256a787afe701677c0f602900	
t-v0-bit-23-2	t	d75a980182b10ab7d54bfed3c964073a0ee172f3daa62325af021a68f707511a	b6b4699f87d56126c9117a7da55bd0085246f4c56dbc95d60172612e9d38e8d7ca65e573a126ed88d4e30a46f80a666854d675cf3ba81de0de043c3774f061560f55edc256a787afe701677c0f602900	
t-v0-bit-23-3	t	d75a980182b10ab7d54bfed3c964073a0ee172f3daa62325af021a68f707511a	b6b4699f87d56126c9117a7da55bd0085246f4c56dbc95da0172612e9d38e8d7ca65e573a126ed88d4e30a46f80a666854d675cf3ba81de0de043c3774f061560f55edc256a787afe701677c0f602900	
t-v0-bit-23-4	t	d75a980182b10ab7d54bfed3c964073a0ee172f3daa62325af021a68f707511a	b6b4699f87d56126c9117a7da55bd0085246f4c56dbc95c20172612e9d38e8d7ca65e573a126ed88d4e30a46f80a666854d675cf3ba81de0de043c3774f061560f55edc256a787afe701677c0f602900	
t-v0-bit-23-5	t	d75a980182b10ab7d54bfed3c964073a0ee172f3daa62325af021a68f707511a	b6b4699f87d56126c9117a7da55bd0085246f4c56dbc95f20172612e9d38e8d7ca65e573a126ed88d4e30a46f80a666854d675cf3ba81de0de043c3774f061560f55edc256a787afe701677c0f602900	
t-v0-bit-23-6	t	d75a980182b10ab7d54bfed3c964073a0ee172f3daa62325af021a68f707511a	b6b4699f87d56126c9117a7da55bd0085246f4c56dbc95920172612e9d38e8d7ca65e573a126ed88d4e30a46f80a666854d675cf3ba81de0de043c3774f061560f55edc256a787afe701677c0f602900	
t-v0-bit-23-7	t	d75a980182b10ab7d54bfed3c964073a0ee172f3daa62325af021a68f707511a	b6b4699f87d56126c9117a7da55bd0085246f4c56dbc95520172612e9d38e8d7ca65e573a126ed88d4e30a46f80a666854d675cf3ba81de0de043c3774f061560f55edc256a787afe701677c0f602900	
t-v0-bit-24-0	t	d75a980182b10ab7d54bfed3c964073a0ee172f3daa62325af021a68f707511a	b6b4699f87d56126c9117a7da55bd0085246f4c56dbc95d20072612e9d38e8d7ca65e573a126ed88d4e30a46f80a666854d675cf3ba81de0de043c3774f061560f55edc256a787afe701677c0f602900	
t-v0-bit-24-1	t	d75a980182b10ab7d54bfed3c964073a0ee172f3daa62325af021a68f707511a	b6b4699f87d56126c9117a7da55bd0085246f4c56dbc95d20372612e9d38e8d7ca65e573a126ed88d4e30a46f80a666854d675cf3ba81de0de043c3774f061560f55edc256a787afe701677c0f602900	
t-v0-bit-24-2	t	d75a980182b10ab7d54bfed3c964073a0ee172f3daa62325af021a68f707511a	b6b4699f87d56126c9117a7da55bd0085246f4c56dbc95d20572612e9d38e8d7ca65e573a126ed88d4e30a46f80a666854d675cf3ba81de0de043c3774f061560f55edc256a787afe701677c0f602900	
t-v0-bit-24-3	t	d75a980182b10ab7d54bfed3c964073a0ee172f3daa62325af021a68f707511a	b6b4699f87d56126c9117a7da55bd0085246f4c56dbc95d20972612e9d38e8d7ca65e573a126ed88d4e30a46f80a666854d675cf3ba81de0de043c3774f061560f55edc256a787afe701677c0f602900	
t-v0-bit-24-4	t	d75a980182b10ab7d54bfed3c964073a0ee172f3daa62325af021a68f707511a	b6b4699f87d56126c9117a7da55bd0085246f4c56dbc95d21172612e9d38e8d7ca65e573a126ed88d4e30a46f80a666854d675cf3ba81de0de043c3774f061560f55edc256a787afe701677c0f602900	
t-v0-bit-24-5	t	d75a980182b10ab7d54bfed3c964073a0ee172f3daa62325af021a68f707511a	b6b4699f87d56126c9117a7da55bd0085246f4c56dbc95d22172612e9d38e8d7ca65e573a126ed88d4e30a46f80a666854d675cf3ba81de0de043c3774f061560f55edc256a787afe701677c0f602900	
t-v0-bit-24-6	t	d75a980182b10ab7d54bfed3c964073a0ee172f3daa62325af021a68f707511a	b6b4699f87d56126c9117a7da55bd0085246f4c56dbc95d24172612e9d38e8d7ca65e573a126ed88d4e30a46f80a666854d675cf3ba81de0de043c3774f061560f55edc256a787afe701677c0f602900	
t-v0-bit-24-7	t	d75a980182b10ab7d54bfed3c964073a0ee172f3daa62325af021a68f707511a	b6b4699f87d56126c9117a7da55bd0085246f4c56dbc95d28172612e9d38e8d7ca65e573a126ed88d4e30a46f80a666854d675cf3ba81de0de043c3774f061560f55edc256a787afe701677c0f602900	
t-v0-bit-25-0	t	d75a980182b10ab7d54bfed3c964073a0ee172f3daa62325af021a68f707511a	b6b4699f87d56126c9117a7da55bd0085246f4c56dbc95d20173612e9d38e8d7ca65e573a126ed88d4e30a46f80a666854d675cf3ba81de0de043c3774f061560f55edc256a787afe701677c0f602900	
t-v0-bit-25-1	t	d75a980182b10ab7d54bfed3c964073a0ee172f3daa62325af021a68f707511a	b6b4699f87d56126c9117a7da55bd0085246f4c56dbc95d20170612e9d38e8d7ca65e573a126ed88d4e30a46f80a666854d675cf3ba81de0de043c3774f061560f55edc256a787afe701677c0f602900	
t-v0-bit-25-2	t	d75a980182b10ab7d54bfed3c964073a0ee172f3daa62325af021a68f707511a	b6b4699f87d56126c9117a7da55bd0085246f4c56dbc95d20176612e9d38e8d7ca65e573a126ed88d4e30a46f80a666854d675cf3ba81de0de043c3774f061560f55edc256a787afe701677c0f602900	
t-v0-bit-25-3	t	d75a980182b10ab7d54bfed3c964073a0ee172f3daa62325af021a68f707511a	b6b4699f87d56126c9117a7da55bd0085246f4c56dbc95d2017a612e9d38e8d7ca65e573a126ed88d4e30a46f80a666854d675cf3ba81de0de043c3774f061560f55edc256a787afe701677c0f602900	
t-v0-bit-25-4	t	d75a980182b10ab7d54bfed3c964073a0ee172f3daa62325af021a68f707511a	b6b4699f87d56126c9117a7da55bd0085246f4c56dbc95d20162612e9d38e8d7ca65e573a126ed88d4e30a46f80a666854d675cf3ba81de0de043c3774f061560f55edc256a787afe701677c0f602900	
t-v0-bit-25-5	t	d75a980182b10ab7d54bfed3c964073a0ee172f3daa62325af021a68f707511a	b6b4699f87d56126c9117a7da55bd0085246f4c56dbc95d20152612e9d38e8d7ca65e573a126ed88d4e30a46f80a666854d675cf3ba81de0de043c3774f061560f55edc256a787afe701677c0f602900	
t-v0-bit-25-6	t	d75a980182b10ab7d54bfed3c964073a0ee172f3daa62325af021a68f707511a	b6b4699f87d56126c9117a7da55bd0085246f4c56dbc95d20132612e9d38e8d7ca65e573a126ed88d4e30a46f80a666854d675cf3ba81de0de043c3774f061560f55edc256a787afe701677c0f602900	
t-v0-bit-25-7	t	d75a980182b10ab7d54bfed3c964073a0ee172f3daa62325af021a68f707511a	b6b4699f87d56126c9117a7da55bd0085246f4c56dbc95d201f2612e9d38e8d7ca65e573a126ed88d4e30a46f80a666854d675cf3ba81de0de043c3774f061560f55edc256a787afe701677c0f602900	
t-v0-bit-26-0	t	d75a980182b10ab7d54bfed3c964073a0ee172f3daa62325af021a68f707511a	b6b4699f87d56126c9117a7da55bd0085246f4c56dbc95d20172602e9d38e8d7ca65e573a126ed88d4e30a46f80a666854d675cf3ba81de0de043c3774f061560f55edc256a787afe701677c0f602900	
t-v0-bit-26-1	t	d75a980182b10ab7d54bfed3c964073a0ee172f3daa62325af021a68f707511a	b6b4699f87d56126c9117a7da55bd0085246f4c56dbc95d20172632e9d38e8d7ca65e573a126ed88d4e30a46f80a666854d675cf3ba81de0de043c3774f061560f55edc256a787afe701677c0f602900	
t-v0-bit-26-2	t	d75a980182b10ab7d54bfed3c964073a0ee172f3daa62325af021a68f707511a	b6b4699f87d56126c9117a7da55bd0085246f4c56dbc95d20172652e9d38e8d7ca65e573a126ed88d4e30a46f80a666854d675cf3ba81de0de043c3774f061560f55edc256a787afe701677c0f602900	
t-v0-bit-26-3	t	d75a980182b10ab7d54bfed3c964073a0ee172f3daa62325af021a68f707511a	b6b4699f87d56126c9117a7da55bd0085246f4c56dbc95d20172692e9d38e8d7ca65e573a126ed88d4e30a46f80a666854d675cf3ba81de0de043c3774f061560f55edc256a787afe701677c0f602900	
t-v0-bit-26-4	t	d75a980182b10ab7d54bfed3c964073a0ee172f3daa62325af021a68f707511a	b6b4699f87d56126c9117a7da55bd0085246f4c56dbc95d20172712e9d38e8d7ca65e573a126ed88d4e30a46f80a666854d675cf3ba81de0de043c3774f061560f55edc256a787afe701677c0f602900	
t-v0-bit-26-5	t	d75a980182b10ab7d54bfed3c964073a0ee172f3daa62325af021a68f707511a	b6b4699f87d56126c9117a7da55bd0085246f4c56dbc95d20172412e9d38e8d7ca65e573a126ed88d4e30a46f80a666854d675cf3ba81de0de043c3774f061560f55edc256a787afe701677c0f602900	
t-v0-bit-26-6	t	d75a980182b10ab7d54bfed3c964073a0ee172f3daa62325af021a68f707511a	b6b4699f87d56126c9117a7da55bd0085246f4c56dbc95d20172212e9d38e8d7ca65e573a126ed88d4e30a46f80a666854d675cf3ba81de0de043c3774f061560f55edc256a787afe701677c0f602900	
t-v0-bit-26-7	t	d75a980182b10ab7d54bfed3c964073a0ee172f3daa62325af021a68f707511a	b6b4699f87d56126c9117a7da55bd0085246f4c56dbc95d20172e12e9d38e8d7ca65e573a126ed88d4e30a46f80a666854d675cf3ba81de0de043c3774f061560f55edc256a787afe701677c0f602900	
t-v0-bit-27-0	t	d75a980182b10ab7d54bfed3c964073a0ee172f3daa62325af021a68f707511a	b6b4699f87d56126c9117a7da55bd0085246f4c56dbc95d20172612f9d38e8d7ca65e573a126ed88d4e30a46f80a666854d675cf3ba81de0de043c3774f061560f55edc256a787afe701677c0f602900	
t-v0-bit-27-1	t	d75a980182b10ab7d54bfed3c964073a0ee172f3daa62325af021a68f707511a	b6b4699f87d56126c9117a7da55bd0085246f4c56dbc95d20172612c9d38e8d7ca65e573a126ed88d4e30a46f80a666854d675cf3ba81de0de043c3774f061560f55edc256a787afe701677c0f602900	
t-v0-bit-27-2	t	d75a980182b10ab7d54bfed3c964073a0ee172f3daa62325af021a68f707511a	b6b4699f87d56126c9117a7da55bd0085246f4c56dbc95d20172612a9d38e8d7ca65e573a126ed88d4e30a46f80a666854d675cf3ba81de0de043c3774f061560f55edc256a787afe701677c0f602900	
t-v0-bit-27-3	t	d75a980182b10ab7d54bfed3c964073a0ee172f3daa62325af021a68f707511a	b6b4699f87d56126c9117a7da55bd0085246f4c56dbc95d2017261269d38e8d7ca65e573a126ed88d4e30a46f80a666854d675cf3ba81de0de043c3774f061560f55edc256a787afe701677c0f602900	
t-v0-bit-27-4	t	d75a980182b10ab7d54bfed3c964073a0ee172f3daa62325af021a68f707511a	b6b4699f87d56126c9117a7da55bd0085246f4c56dbc95d20172613e9d38e8d7ca65e573a126ed88d4e30a46f80a666854d675cf3ba81de0de043c3774f061560f55edc256a787afe701677c0f602900	
t-v0-bit-27-5	t	d75a980182b10ab7d54bfed3c964073a0ee172f3daa62325af021a68f707511a	b6b4699f87d56126c9117a7da55bd0085246f4c56dbc95d20172610e9d38e8d7ca65e573a126ed88d4e30a46f80a666854d675cf3ba81de0de043c3774f061560f55edc256a787afe701677c0f602900	
t-v0-bit-27-6	t	d75a980182b10ab7d54bfed3c964073a0ee172f3daa62325af021a68f707511a	b6b4699f87d56126c9117a7da55bd0085246f4c56dbc95d20172616e9d38e8d7ca65e573a126ed88d4e30a46f80a666854d675cf3ba81de0de043c3774f061560f55edc256a787afe701677c0f602900	
t-v0-bit-27-7	t	d75a980182b10ab7d54bfed3c964073a0ee172f3daa62325af021a68f707511a	b6b4699f87d56126c9117a7da55bd0085246f4c56dbc95d2017261ae9d38e8d7ca65e573a126ed88d4e30a46f80a666854d675cf3ba81de0de043c3774f061560f55edc256a787afe701677c0f602900	
t-v0-bit-28-0	t	d75a980182b10ab7d54bfed3c964073a0ee172f3daa62325af021a68f707511a	b6b4699f87d56126c9117a7da55bd0085246f4c56dbc95d20172612e9c38e8d7ca65e573a126ed88d4e30a46f80a666854d675cf3ba81de0de043c3774f061560f55edc256a787afe701677c0f602900	
t-v0-bit-28-1	t	d75a980182b10ab7d54bfed3c964073a0ee172f3daa62325af021a68f707511a	b6b4699f87d56126c9117a7da55bd0085246f4c56dbc95d20172612e9f38e8d7ca65e573a126ed88d4e30a46f80a666854d675cf3ba81de0de043c3774f061560f55edc256a787afe701677c0f602900	
t-v0-bit-28-2	t	d75a980182b10ab7d54bfed3c964073a0ee172f3daa62325af021a68f707511a	b6b4699f87d56126c9117a7da55bd0085246f4c56dbc95d20172612e9938e8d7ca65e573a126ed88d4e30a46f80a666854d675cf3ba81de0de043c3774f061560f55edc256a787afe701677c0f602900	
t-v0-bit-28-3	t	d75a980182b10ab7d54bfed3c964073a0ee172f3daa62325af021a68f707511a	b6b4699f87d56126c9117a7da55bd0085246f4c56dbc95d20172612e9538e8d7ca65e573a126ed88d4e30a46f80a666854d675cf3ba81de0de043c3774f061560f55edc256a787afe701677c0f602900	
t-v0-bit-28-4	t	d75a980182b10ab7d54bfed3c964073a0ee172f3daa62325af021a68f707511a	b6b4699f87d56126c9117a7da55bd0085246f4c56dbc95d20172612e8d38e8d7ca65e573a126ed88d4e30a46f80a666854d675cf3ba81de0de043c3774f061560f55edc256a787afe701677c0f602900	
t-v0-bit-28-5	t	d75a980182b10ab7d54bfed3c964073a0ee172f3daa62325af021a68f707511a	b6b4699f87d56126c9117a7da55bd0085246f4c56dbc95d20172612ebd38e8d7ca65e573a126ed88d4e30a46f80a666854d675cf3ba81de0de043c3774f061560f55edc256a787afe701677c0f602900	
t-v0-bit-28-6	t	d75a980182b10ab7d54bfed3c964073a0ee172f3daa62325af021a68f707511a	b6b4699f87d56126c9117a7da55bd0085246f4c56dbc95d20172612edd38e8d7ca65e573a126ed88d4e30a46f80a666854d675cf3ba81de0de043c3774f061560f55edc256a787afe701677c0f602900	
t-v0-bit-28-7	t	d75a980182b10ab7d54bfed3c964073a0ee172f3daa62325af021a68f707511a	b6b4699f87d56126c9117a7da55bd0085246f4c56dbc95d20172612e1d38e8d7ca65e573a126ed88d4e30a46f80a666854d675cf3ba81de0de043c3774f061560f55edc256a787afe701677c0f602900	
t-v0-bit-29-0	t	d75a980182b10ab7d54bfed3c964073a0ee172f3daa62325af021a68f707511a	b6b4699f87d56126c9117a7da55bd0085246f4c56dbc95d20172612e9d39e8d7ca65e573a126ed88d4e30a46f80a666854d675cf3ba81de0de043c3774f061560f55edc256a787afe701677c0f602900	
t-v0-bit-29-1	t	d75a980182b10ab7d54bfed3c964073a0ee172f3daa62325af021a68f707511a	b6b4699f87d56126c9117a7da55bd0085246f4c56dbc95d20172612e9d3ae8d7ca65e573a126ed88d4e30a46f80a666854d675cf3ba81de0de043c3774f061560f55edc256a787afe701677c0f602900	
t-v0-bit-29-2	t	d75a980182b10ab7d54bfed3c964073a0ee172f3daa62325af021a68f707511a	b6b4699f87d56126c9117a7da55bd0085246f4c56dbc95d20172612e9d3ce8d7ca65e573a126ed88d4e30a46f80a666854d675cf3ba81de0de043c3774f061560f55edc256a787afe701677c0f602900	
t-v0-bit-29-3	t	d75a980182b10ab7d54bfed3c964073a0ee172f3daa62325af021a68f707511a	b6b4699f87d56126c9117a7da55bd0085246f4c56dbc95d20172612e9d30e8d7ca65e573a126ed88d4e30a46f80a666854d675cf3ba81de0de043c3774f061560f55edc256a787afe701677c0f602900	
t-v0-bit-29-4	t	d75a980182b10ab7d54bfed3c964073a0ee172f3daa62325af021a68f707511a	b6b4699f87d56126c9117a7da55bd0085246f4c56dbc95d20172612e9d28e8d7ca65e573a126ed88d4e30a46f80a666854d675cf3ba81de0de043c3774f061560f55edc256a787afe701677c0f602900	
t-v0-bit-29-5	t	d75a980182b10ab7d54bfed3c964073a0ee172f3daa62325af021a68f707511a	b6b4699f87d56126c9117a7da55bd0085246f4c56dbc95d20172612e9d18e8d7ca65e573a126ed88d4e30a46f80a666854d675cf3ba81de0de043c3774f061560f55edc256a787afe701677c0f602900	
t-v0-bit-29-6	t	d75a980182b10ab7d54bfed3c964073a0ee172f3daa62325af021a68f707511a	b6b4699f87d56126c9117a7da55bd0085246f4c56dbc95d20172612e9d78e8d7ca65e573a126ed88d4e30a46f80a666854d675cf3ba81de0de043c3774f061560f55edc256a787afe701677c0f602900	
t-v0-bit-29-7	t	d75a980182b10ab7d54bfed3c964073a0ee172f3daa62325af021a68f707511a	b6b4699f87d56126c9117a7da55bd0085246f4c56dbc95d20172612e9db8e8d7ca65e573a126ed88d4e30a46f80a666854d675cf3ba81de0de043c3774f061560f55edc256a787afe701677c0f602900	
t-v0-bit-30-0	t	d75a980182b10ab7d54bfed3c964073a0ee172f3daa62325af021a68f707511a	b6b4699f87d56126c9117a7da55bd0085246f4c56dbc95d20172612e9d38e9d7ca65e573a126ed88d4e30a46f80a666854d675cf3ba81de0de043c3774f061560f55edc256a787afe701677c0f602900	
t-v0-bit-30-1	t	d75a980182b10ab7d54bfed3c964073a0ee172f3daa62325af021a68f707511a	b6b4699f87d56126c9117a7da55bd0085246f4c56dbc95d20172612e9d38ead7ca65e573a126ed88d4e30a46f80a666854d675cf3ba81de0de043c3774f061560f55edc256a787afe701677c0f602900	
t-v0-bit-30-2	t	d75a980182b10ab7d54bfed3c964073a0ee172f3daa62325af021a68f707511a	b6b4699f87d56126c9117a7da55bd0085246f4c56dbc95d20172612e9d38ecd7ca65e573a126ed88d4e30a46f80a666854d675cf3ba81de0de043c3774f061560f55edc256a787afe701677c0f602900	
t-v0-bit-30-3	t	d75a980182b10ab7d54bfed3c964073a0ee172f3daa62325af021a68f707511a	b6b4699f87d56126c9117a7da55bd0085246f4c56dbc95d20172612e9d38e0d7ca65e573a126ed88d4e30a46f80a666854d675cf3ba81de0de043c3774f061560f55edc256a787afe701677c0f602900	
t-v0-bit-30-4	t	d75a980182b10ab7d54bfed3c964073a0ee172f3daa62325af021a68f707511a	b6b4699f87d56126c9117a7da55bd0085246f4c56dbc95d20172612e9d38f8d7ca65e573a126ed88d4e30a46f80a666854d675cf3ba81de0de043c3774f061560f55edc256a787afe701677c0f602900	
t-v0-bit-30-5	t	d75a980182b10ab7d54bfed3c964073a0ee172f3daa62325af021a68f707511a	b6b4699f87d56126c9117a7da55bd0085246f4c56dbc95d20172612e9d38c8d7ca65e573a126ed88d4e30a46f80a666854d675cf3ba81de0de043c3774f061560f55edc256a787afe701677c0f602900	
t-v0-bit-30-6	t	d75a980182b10ab7d54bfed3c964073a0ee172f3daa62325af021a68f707511a	b6b4699f87d56126c9117a7da55bd0085246f4c56dbc95d20172612e9d38a8d7ca65e573a126ed88d4e30a46f80a666854d675cf3ba81de0de043c3774f061560f55edc256a787afe701677c0f602900	
t-v0-bit-30-7	t	d75a980182b10ab7d54bfed3c964073a0ee172f3daa62325af021a68f707511a	b6b4699f87d56126c9117a7da55bd0085246f4c56dbc95d20172612e9d3868d7ca65e573a126ed88d4e30a46f80a666854d675cf3ba81de0de043c3774f061560f55edc256a787afe701677c0f602900	
t-v0-bit-31-0	t	d75a980182b10ab7d54bfed3c964073a0ee172f3daa62325af021a68f707511a	b6b4699f87d56126c9117a7da55bd0085246f4c56dbc95d20172612e9d38e8d6ca65e573a126ed88d4e30a46f80a666854d675cf3ba81de0de043c3774f061560f55edc256a787afe701677c0f602900	
t-v0-bit-31-1	t	d75a980182b10ab7d54bfed3c964073a0ee172f3daa62325af021a68f707511a	b6b4699f87d56126c9117a7da55bd0085246f4c56dbc95d20172612e9d38e8d5ca65e573a126ed88d4e30a46f80a666854d675cf3ba81de0de043c3774f061560f55edc256a787afe701677c0f602900	
t-v0-bit-31-2	t	d75a980182b10ab7d54bfed3c964073a0ee172f3daa62325af021a68f707511a	b6b4699f87d56126c9117a7da55bd0085246f4c56dbc95d20172612e9d38e8d3ca65e573a126ed88d4e30a46f80a666854d675cf3ba81de0de043c3774f061560f55edc256a787afe701677c0f602900	
t-v0-bit-31-3	t	d75a980182b10ab7d54bfed3c964073a0ee172f3daa62325af021a68f707511a	b6b4699f87d56126c9117a7da55bd0085246f4c56dbc95d20172612e9d38e8dfca65e573a126ed88d4e30a46f80a666854d675cf3ba81de0de043c3774f061560f55edc256a787afe701677c0f602900	
t-v0-bit-31-4	t	d75a980182b10ab7d54bfed3c964073a0ee172f3daa62325af021a68f707511a	b6b4699f87d56126c9117a7da55bd0085246f4c56dbc95d20172612e9d38e8c7ca65e573a126ed88d4e30a46f80a666854d675cf3ba81de0de043c3774f061560f55edc256a787afe701677c0f602900	
t-v0-bit-31-5	t	d75a980182b10ab7d54bfed3c964073a0ee172f3daa62325af021a68f707511a	b6b4699f87d56126c9117a7da55bd0085246f4c56dbc95d20172612e9d38e8f7ca65e573a126ed88d4e30a46f80a666854d675cf3ba81de0de043c3774f061560f55edc256a787afe701677c0f602900	
t-v0-bit-31-6	t	d75a980182b10ab7d54bfed3c964073a0ee172f3daa62325af021a68f707511a	b6b4699f87d56126c9117a7da55bd0085246f4c56dbc95d20172612e9d38e897ca65e573a126ed88d4e30a46f80a666854d675cf3ba81de0de043c3774f061560f55edc256a787afe701677c0f602900	
t-v0-bit-31-7	t	d75a980182b10ab7d54bfed3c964073a0ee172f3daa62325af021a68f707511a	b6b4699f87d56126c9117a7da55bd0085246f4c56dbc95d20172612e9d38e857ca65e573a126ed88d4e30a46f80a666854d675cf3ba81de0de043c3774f061560f55edc256a787afe701677c0f602900	
t-v0-bit-32-0	t	d75a980182b10ab7d54bfed3c964073a0ee172f3daa62325af021a68f707511a	b6b4699f87d56126c9117a7da55bd0085246f4c56dbc95d20172612e9d38e8d7cb65e573a126ed88d4e30a46f80a666854d675cf3ba81de0de043c3774f061560f55edc256a787afe701677c0f602900	
t-v0-bit-32-1	t	d75a980182b10ab7d54bfed3c964073a0ee172f3daa62325af021a68f707511a	b6b4699f87d56126c9117a7da55bd0085246f4c56dbc95d20172612e9d38e8d7c865e573a126ed88d4e30a46f80a666854d675cf3ba81de0de043c3774f061560f55edc256a787afe701677c0f602900	
t-v0-bit-32-2	t	d75a980182b10ab7d54bfed3c964073a0ee172f3daa62325af021a68f707511a	b6b4699f87d56126c9117a7da55bd0085246f4c56dbc95d20172612e9d38e8d7ce65e573a126ed88d4e30a46f80a666854d675cf3ba81de0de043c3774f061560f55edc256a787afe701677c0f602900	
t-v0-bit-32-3	t	d75a980182b10ab7d54bfed3c964073a0ee172f3daa62325af021a68f707511a	b6b4699f87d56126c9117a7da55bd0085246f4c56dbc95d20172612e9d38e8d7c265e573a126ed88d4e30a46f80a666854d675cf3ba81de0de043c3774f061560f55edc256a787afe701677c0f602900	
t-v0-bit-32-4	t	d75a980182b10ab7d54bfed3c964073a0ee172f3daa62325af021a68f707511a	b6b4699f87d56126c9117a7da55bd0085246f4c56dbc95d20172612e9d38e8d7da65e573a126ed88d4e30a46f80a666854d675cf3ba81de0de043c3774f061560f55edc256a787afe701677c0f602900	
t-v0-bit-32-5	t	d75a980182b10ab7d54bfed3c964073a0ee172f3daa62325af021a68f707511a	b6b4699f87d56126c9117a7da55bd0085246f4c56dbc95d20172612e9d38e8d7ea65e573a126ed88d4e30a46f80a666854d675cf3ba81de0de043c3774f061560f55edc256a787afe701677c0f602900	
t-v0-bit-32-6	t	d75a980182b10ab7d54bfed3c964073a0ee172f3daa62325af021a68f707511a	b6b4699f87d56126c9117a7da55bd0085246f4c56dbc95d20172612e9d38e8d78a65e573a126ed88d4e30a46f80a666854d675cf3ba81de0de043c3774f061560f55edc256a787afe701677c0f602900	
t-v0-bit-32-7	t	d75a980182b10ab7d54bfed3c964073a0ee172f3daa62325af021a68f707511a	b6b4699f87d56126c9117a7da55bd0085246f4c56dbc95d20172612e9d38e8d74a65e573a126ed88d4e30a46f80a666854d675cf3ba81de0de043c3774f061560f55edc256a787afe701677c0f602900	
t-v0-bit-33-0	t	d75a980182b10ab7d54bfed3c964073a0ee172f3daa62325af021a68f707511a	b6b4699f87d56126c9117a7da55bd0085246f4c56dbc95d20172612e9d38e8d7ca64e573a126ed88d4e30a46f80a666854d675cf3ba81de0de043c3774f061560f55edc256a787afe701677c0f602900	
t-v0-bit-33-1	t	d75a980182b10ab7d54bfed3c964073a0ee172f3daa62325af021a68f707511a	b6b4699f87d56126c9117a7da55bd0085246f4c56dbc95d20172612e9d38e8d7ca67e573a126ed88d4e30a46f80a666854d675cf3ba81de0de043c3774f061560f55edc256a787afe701677c0f602900	
t-v0-bit-33-2	t	d75a980182b10ab7d54bfed3c964073a0ee172f3daa62325af021a68f707511a	b6b4699f87d56126c9117a7da55bd0085246f4c56dbc95d20172612e9d38e8d7ca61e573a126ed88d4e30a46f80a666854d675cf3ba81de0de043c3774f061560f55edc256a787afe701677c0f602900	
t-v0-bit-33-3	t	d75a980182b10ab7d54bfed3c964073a0ee172f3daa62325af021a68f707511a	b6b4699f87d56126c9117a7da55bd0085246f4c56dbc95d20172612e9d38e8d7ca6de573a126ed88d4e30a46f80a666854d675cf3ba81de0de043c3774f061560f55edc256a787afe701677c0f602900	
t-v0-bit-33-4	t	d75a980182b10ab7d54bfed3c964073a0ee172f3daa62325af021a68f707511a	b6b4699f87d56126c9117a7da55bd0085246f4c56dbc95d20172612e9d38e8d7ca75e573a126ed88d4e30a46f80a666854d675cf3ba81de0de043c3774f061560f55edc256a787afe701677c0f602900	
t-v0-bit-33-5	t	d75a980182b10ab7d54bfed3c964073a0ee172f3daa62325af021a68f707511a	b6b4699f87d56126c9117a7da55bd0085246f4c56dbc95d20172612e9d38e8d7ca45e573a126ed88d4e30a46f80a666854d675cf3ba81de0de043c3774f061560f55edc256a787afe701677c0f602900	
t-v0-bit-33-6	t	d75a980182b10ab7d54bfed3c964073a0ee172f3daa62325af021a68f707511a	b6b4699f87d56126c9117a7da55bd0085246f4c56dbc95d20172612e9d38e8d7ca25e573a126ed88d4e30a46f80a666854d675cf3ba81de0de043c3774f061560f55edc256a787afe701677c0f602900	
t-v0-bit-33-7	t	d75a980182b10ab7d54bfed3c964073a0ee172f3daa62325af021a68f707511a	b6b4699f87d56126c9117a7da55bd0085246f4c56dbc95d20172612e9d38e8d7cae5e573a126ed88d4e30a46f80a666854d675cf3ba81de0de043c3774f061560f55edc256a787afe701677c0f602900	
t-v0-bit-34-0	t	d75a980182b10ab7d54bfed3c964073a0ee172f3daa62325af021a68f707511a	b6b4699f87d56126c9117a7da55bd0085246f4c56dbc95d20172612e9d38e8d7ca65e473a126ed88d4e30a46f80a666854d675cf3ba81de0de043c3774f061560f55edc256a787afe701677c0f602900	
t-v0-bit-34-1	t	d75a980182b10ab7d54bfed3c964073a0ee172f3daa62325af021a68f707511a	b6b4699f87d56126c9117a7da55bd0085246f4c56dbc95d20172612e9d38e8d7ca65e773a126ed88d4e30a46f80a666854d675cf3ba81de0de043c3774f061560f55edc256a787afe701677c0f602900	
t-v0-bit-34-2	t	d75a980182b10ab7d54bfed3c964073a0ee172f3daa62325af021a68f707511a	b6b4699f87d56126c9117a7da55bd0085246f4c56dbc95d20172612e9d38e8d7ca65e173a126ed88d4e30a46f80a666854d675cf3ba81de0de043c3774f061560f55edc256a787afe701677c0f602900	
t-v0-bit-34-3	t	d75a980182b10ab7d54bfed3c964073a0ee172f3daa62325af021a68f707511a	b6b4699f87d56126c9117a7da55bd0085246f4c56dbc95d20172612e9d38e8d7ca65ed73a126ed88d4e30a46f80a666854d675cf3ba81de0de043c3774f061560f55edc256a787afe701677c0f602900	
t-v0-bit-34-4	t	d75a980182b10ab7d54bfed3c964073a0ee172f3daa62325af021a68f707511a	b6b4699f87d56126c9117a7da55bd0085246f4c56dbc95d20172612e9d38e8d7ca65f573a126ed88d4e30a46f80a666854d675cf3ba81de0de043c3774f061560f55edc256a787afe701677c0f602900	
t-v0-bit-34-5	t	d75a980182b10ab7d54bfed3c964073a0ee172f3daa62325af021a68f707511a	b6b4699f87d56126c9117a7da55bd0085246f4c56dbc95d20172612e9d38e8d7ca65c573a126ed88d4e30a46f80a666854d675cf3ba81de0de043c3774f061560f55edc256a787afe701677c0f602900	
t-v0-bit-34-6	t	d75a980182b10ab7d54bfed3c964073a0ee172f3daa62325af021a68f707511a	b6b4699f87d56126c9117a7da55bd0085246f4c56dbc95d20172612e9d38e8d7ca65a573a126ed88d4e30a46f80a666854d675cf3ba81de0de043c3774f061560f55edc256a787afe701677c0f602900	
t-v0-bit-34-7	t	d75a980182b10ab7d54bfed3c964073a0ee172f3daa62325af021a68f707511a	b6b4699f87d56126c9117a7da55bd0085246f4c56dbc95d20172612e9d38e8d7ca656573a126ed88d4e30a46f80a666854d675cf3ba81de0de043c3774f061560f55edc256a787afe701677c0f602900	
t-v0-bit-35-0	t	d75a980182b10ab7d54bfed3c964073a0ee172f3daa62325af021a68f707511a	b6b4699f87d56126c9117a7da55bd0085246f4c56dbc95d20172612e9d38e8d7ca65e572a126ed88d4e30a46f80a666854d675cf3ba81de0de043c3774f061560f55edc256a787afe701677c0f602900	
t-v0-bit-35-1	t	d75a980182b10ab7d54bfed3c964073a0ee172f3daa62325af021a68f707511a	b6b4699f87d56126c9117a7da55bd0085246f4c56dbc95d20172612e9d38e8d7ca65e571a126ed88d4e30a46f80a666854d675cf3ba81de0de043c3774f061560f55edc256a787afe701677c0f602900	
t-v0-bit-35-2	t	d75a980182b10ab7d54bfed3c964073a0ee172f3daa62325af021a68f707511a	b6b4699f87d56126c9117a7da55bd0085246f4c56dbc95d20172612e9d38e8d7ca65e577a126ed88d4e30a46f80a666854d675cf3ba81de0de043c3774f061560f55edc256a787afe701677c0f602900	
t-v0-bit-35-3	t	d75a980182b10ab7d54bfed3c964073a0ee172f3daa62325af021a68f707511a	b6b4699f87d56126c9117a7da55bd0085246f4c56dbc95d20172612e9d38e8d7ca65e57ba126ed88d4e30a46f80a666854d675cf3ba81de0de043c3774f061560f55edc256a787afe701677c0f602900	
t-v0-bit-35-4	t	d75a980182b10ab7d54bfed3c964073a0ee172f3daa62325af021a68f707511a	b6b4699f87d56126c9117a7da55bd0085246f4c56dbc95d20172612e9d38e8d7ca65e563a126ed88d4e30a46f80a666854d675cf3ba81de0de043c3774f061560f55edc256a787afe701677c0f602900	
t-v0-bit-35-5	t	d75a980182b10ab7d54bfed3c964073a0ee172f3daa62325af021a68f707511a	b6b4699f87d56126c9117a7da55bd0085246f4c56dbc95d20172612e9d38e8d7ca65e553a126ed88d4e30a46f80a666854d675cf3ba81de0de043c3774f061560f55edc256a787afe701677c0f602900	
t-v0-bit-35-6	t	d75a980182b10ab7d54bfed3c964073a0ee172f3daa62325af021a68f707511a	b6b4699f87d56126c9117a7da55bd0085246f4c56dbc95d20172612e9d38e8d7ca65e533a126ed88d4e30a46f80a666854d675cf3ba81de0de043c3774f061560f55edc256a787afe701677c0f602900	
t-v0-bit-35-7	t	d75a980182b10ab7d54bfed3c964073a0ee172f3daa62325af021a68f707511a	b6b4699f87d56126c9117a7da55bd0085246f4c56dbc95d20172612e9d38e8d7ca65e5f3a126ed88d4e30a46f80a666854d675cf3ba81de0de043c3774f061560f55edc256a787afe701677c0f602900	
t-v0-bit-36-0	t	d75a980182b10ab7d54bfed3c964073a0ee172f3daa62325af021a68f707511a	b6b4699f87d56126c9117a7da55bd0085246f4c56dbc95d20172612e9d38e8d7ca65e573a026ed88d4e30a46f80a666854d675cf3ba81de0de043c3774f061560f55edc256a787afe701677c0f602900	
t-v0-bit-36-1	t	d75a980182b10ab7d54bfed3c964073a0ee172f3daa62325af021a68f707511a	b6b4699f87d56126c9117a7da55bd0085246f4c56dbc95d20172612e9d38e8d7ca65e573a326ed88d4e30a46f80a666854d675cf3ba81de0de043c3774f061560f55edc256a787afe701677c0f602900	
t-v0-bit-36-2	t	d75a980182b10ab7d54bfed3c964073a0ee172f3daa62325af021a68f707511a	b6b4699f87d56126c9117a7da55bd0085246f4c56dbc95d20172612e9d38e8d7ca65e573a526ed88d4e30a46f80a666854d675cf3ba81de0de043c3774f061560f55edc256a787afe701677c0f602900	
t-v0-bit-36-3	t	d75a980182b10ab7d54bfed3c964073a0ee172f3daa62325af021a68f707511a	b6b4699f87d56126c9117a7da55bd0085246f4c56dbc95d20172612e9d38e8d7ca65e573a926ed88d4e30a46f80a666854d675cf3ba81de0de043c3774f061560f55edc256a787afe701677c0f602900	
t-v0-bit-36-4	t	d75a980182b10ab7d54bfed3c964073a0ee172f3daa62325af021a68f707511a	b6b4699f87d56126c9117a7da55bd0085246f4c56dbc95d20172612e9d38e8d7ca65e573b126ed88d4e30a46f80a666854d675cf3ba81de0de043c3774f061560f55edc256a787afe701677c0f602900	
t-v0-bit-36-5	t	d75a980182b10ab7d54bfed3c964073a0ee172f3daa62325af021a68f707511a	b6b4699f87d56126c9117a7da55bd0085246f4c56dbc95d20172612e9d38e8d7ca65e5738126ed88d4e30a46f80a666854d675cf3ba81de0de043c3774f061560f55edc256a787afe701677c0f602900	
t-v0-bit-36-6	t	d75a980182b10ab7d54bfed3c964073a0ee172f3daa62325af021a68f707511a	b6b4699f87d56126c9117a7da55bd0085246f4c56dbc95d20172612e9d38e8d7ca65e573e126ed88d4e30a46f80a666854d675cf3ba81de0de043c3774f061560f55edc256a787afe701677c0f602900	
t-v0-bit-36-7	t	d75a980182b10ab7d54bfed3c964073a0ee172f3daa62325af021a68f707511a	b6b4699f87d56126c9117a7da55bd0085246f4c56dbc95d20172612e9d38e8d7ca65e5732126ed88d4e30a46f80a666854d675cf3ba81de0de043c3774f061560f55edc256a787afe701677c0f602900	
t-v0-bit-37-0	t	d75a980182b10ab7d54bfed3c964073a0ee172f3daa62325af021a68f707511a	b6b4699f87d56126c9117a7da55bd0085246f4c56dbc95d20172612e9d38e8d7ca65e573a127ed88d4e30a46f80a666854d675cf3ba81de0de043c3774f061560f55edc256a787afe701677c0f602900	
t-v0-bit-37-1	t	d75a980182b10ab7d54bfed3c964073a0ee172f3daa62325af021a68f707511a	b6b4699f87d56126c9117a7da55bd0085246f4c56dbc95d20172612e9d38e8d7ca65e573a124ed88d4e30a46f80a666854d675cf3ba81de0de043c3774f061560f55edc256a787afe701677c0f602900	
t-v0-bit-37-2	t	d75a980182b10ab7d54bfed3c964073a0ee172f3daa62325af021a68f707511a	b6b4699f87d56126c9117a7da55bd0085246f4c56dbc95d20172612e9d38e8d7ca65e573a122ed88d4e30a46f80a666854d675cf3ba81de0de043c3774f061560f55edc256a787afe701677c0f602900	
t-v0-bit-37-3	t	d75a980182b10ab7d54bfed3c964073a0ee172f3daa62325af021a68f707511a	b6b4699f87d56126c9117a7da55bd0085246f4c56dbc95d20172612e9d38e8d7ca65e573a12eed88d4e30a46f80a666854d675cf3ba81de0de043c3774f061560f55edc256a787afe701677c0f602900	
t-v0-bit-37-4	t	d75a980182b10ab7d54bfed3c964073a0ee172f3daa62325af021a68f707511a	b6b4699f87d56126c9117a7da55bd0085246f4c56dbc95d20172612e9d38e8d7ca65e573a136ed88d4e30a46f80a666854d675cf3ba81de0de043c3774f061560f55edc256a787afe701677c0f602900	
t-v0-bit-37-5	t	d75a980182b10ab7d54bfed3c964073a0ee172f3daa62325af021a68f707511a	b6b4699f87d56126c9117a7da55bd0085246f4c56dbc95d20172612e9d38e8d7ca65e573a106ed88d4e30a46f80a666854d675cf3ba81de0de043c3774f061560f55edc256a787afe701677c0f602900	
t-v0-bit-37-6	t	d75a980182b10ab7d54bfed3c964073a0ee172f3daa62325af021a68f707511a	b6b4699f87d56126c9117a7da55bd0085246f4c56dbc95d20172612e9d38e8d7ca65e573a166ed88d4e30a46f80a666854d675cf3ba81de0de043c3774f061560f55edc256a787afe701677c0f602900	
t-v0-bit-37-7	t	d75a980182b10ab7d54bfed3c964073a0ee172f3daa62325af021a68f707511a	b6b4699f87d56126c9117a7da55bd0085246f4c56dbc95d20172612e9d38e8d7ca65e573a1a6ed88d4e30a46f80a666854d675cf3ba81de0de043c3774f061560f55edc256a787afe701677c0f602900	
t-v0-bit-38-0	t	d75a980182b10ab7d54bfed3c964073a0ee172f3daa62325af021a68f707511a	b6b4699f87d56126c9117a7da55bd0085246f4c56dbc95d20172612e9d38e8d7ca65e573a126ec88d4e30a46f80a666854d675cf3ba81de0de043c3774f061560f55edc256a787afe701677c0f602900	
t-v0-bit-38-1	t	d75a980182b10ab7d54bfed3c964073a0ee172f3daa62325af021a68f707511a	b6b4699f87d56126c9117a7da55bd0085246f4c56dbc95d20172612e9d38e8d7ca65e573a126ef88d4e30a46f80a666854d675cf3ba81de0de043c3774f061560f55edc256a787afe701677c0f602900	
t-v0-bit-38-2	t	d75a980182b10ab7d54bfed3c964073a0ee172f3daa62325af021a68f707511a	b6b4699f87d56126c9117a7da55bd0085246f4c56dbc95d20172612e9d38e8d7ca65e573a126e988d4e30a46f80a666854d675cf3ba81de0de043c3774f061560f55edc256a787afe701677c0f602900	
t-v0-bit-38-3	t	d75a980182b10ab7d54bfed3c964073a0ee172f3daa62325af021a68f707511a	b6b4699f87d56126c9117a7da55bd0085246f4c56dbc95d20172612e9d38e8d7ca65e573a126e588d4e30a46f80a666854d675cf3ba81de0de043c3774f061560f55edc256a787afe701677c0f602900	
t-v0-bit-38-4	t	d75a980182b10ab7d54bfed3c964073a0ee172f3daa62325af021a68f707511a	b6b4699f87d56126c9117a7da55bd0085246f4c56dbc95d20172612e9d38e8d7ca65e573a126fd88d4e30a46f80a666854d675cf3ba81de0de043c3774f061560f55edc256a787afe701677c0f602900	
t-v0-bit-38-5	t	d75a980182b10ab7d54bfed3c964073a0ee172f3daa62325af021a68f707511a	b6b4699f87d56126c9117a7da55bd0085246f4c56dbc95d20172612e9d38e8d7ca65e573a126cd88d4e30a46f80a666854d675cf3ba81de0de043c3774f061560f55edc256a787afe701677c0f602900	
t-v0-bit-38-6	t	d75a980182b10ab7d54bfed3c964073a0ee172f3daa62325af021a68f707511a	b6b4699f87d56126c9117a7da55bd0085246f4c56dbc95d20172612e9d38e8d7ca65e573a126ad88d4e30a46f80a666854d675cf3ba81de0de043c3774f061560f55edc256a787afe701677c0f602900	
t-v0-bit-38-7	t	d75a980182b10ab7d54bfed3c964073a0ee172f3daa62325af021a68f707511a	b6b4699f87d56126c9117a7da55bd0085246f4c56dbc95d20172612e9d38e8d7ca65e573a1266d88d4e30a46f80a666854d675cf3ba81de0de043c3774f061560f55edc256a787afe701677c0f602900	
t-v0-bit-39-0	t	d75a980182b10ab7d54bfed3c964073a0ee172f3daa62325af021a68f707511a	b6b4699f87d56126c9117a7da55bd0085246f4c56dbc95d20172612e9d38e8d7ca65e573a126ed89d4e30a46f80a666854d675cf3ba81de0de043c3774f061560f55edc256a787afe701677c0f602900	
t-v0-bit-39-1	t	d75a980182b10ab7d54bfed3c964073a0ee172f3daa62325af021a68f707511a	b6b4699f87d56126c9117a7da55bd0085246f4c56dbc95d20172612e9d38e8d7ca65e573a126ed8ad4e30a46f80a666854d675cf3ba81de0de043c3774f061560f55edc256a787afe701677c0f602900	
t-v0-bit-39-2	t	d75a980182b10ab7d54bfed3c964073a0ee172f3daa62325af021a68f707511a	b6b4699f87d56126c9117a7da55bd0085246f4c56dbc95d20172612e9d38e8d7ca65e573a126ed8cd4e30a46f80a666854d675cf3ba81de0de043c3774f061560f55edc256a787afe701677c0f602900	
t-v0-bit-39-3	t	d75a980182b10ab7d54bfed3c964073a0ee172f3daa62325af021a68f707511a	b6b4699f87d56126c9117a7da55bd0085246f4c56dbc95d20172612e9d38e8d7ca65e573a126ed80d4e30a46f80a666854d675cf3ba81de0de043c3774f061560f55edc256a787afe701677c0f602900	
t-v0-bit-39-4	t	d75a980182b10ab7d54bfed3c964073a0ee172f3daa62325af021a68f707511a	b6b4699f87d56126c9117a7da55bd0085246f4c56dbc95d20172612e9d38e8d7ca65e573a126ed98d4e30a46f80a666854d675cf3ba81de0de043c3774f061560f55edc256a787afe701677c0f602900	
t-v0-bit-39-5	t	d75a980182b10ab7d54bfed3c964073a0ee172f3daa62325af021a68f707511a	b6b4699f87d56126c9117a7da55bd0085246f4c56dbc95d20172612e9d38e8d7ca65e573a126eda8d4e30a46f80a666854d675cf3ba81de0de043c3774f061560f55edc256a787afe701677c0f602900	
t-v0-bit-39-6	t	d75a980182b10ab7d54bfed3c964073a0ee172f3daa62325af021a68f707511a	b6b4699f87d56126c9117a7da55bd0085246f4c56dbc95d20172612e9d38e8d7ca65e573a126edc8d4e30a46f80a666854d675cf3ba81de0de043c3774f061560f55edc256a787afe701677c0f602900	
t-v0-bit-39-7	t	d75a980182b10ab7d54bfed3c964073a0ee172f3daa62325af021a68f707511a	b6b4699f87d56126c9117a7da55bd0085246f4c56dbc95d20172612e9d38e8d7ca65e573a126ed08d4e30a46f80a666854d675cf3ba81de0de043c3774f061560f55edc256a787afe701677c0f602900	
t-v0-bit-40-0	t	d75a980182b10ab7d54bfed3c964073a0ee172f3daa62325af021a68f707511a	b6b4699f87d56126c9117a7da55bd0085246f4c56dbc95d20172612e9d38e8d7ca65e573a126ed88d5e30a46f80a666854d675cf3ba81de0de043c3774f061560f55edc256a787afe701677c0f602900	
t-v0-bit-40-1	t	d75a980182b10ab7d54bfed3c964073a0ee172f3daa62325af021a68f707511a	b6b4699f87d56126c9117a7da55bd0085246f4c56dbc95d20172612e9d38e8d7ca65e573a126ed88d6e30a46f80a666854d675cf3ba81de0de043c3774f061560f55edc256a787afe701677c0f602900	
t-v0-bit-40-2	t	d75a980182b10ab7d54bfed3c964073a0ee172f3daa62325af021a68f707511a	b6b4699f87d56126c9117a7da55bd0085246f4c56dbc95d20172612e9d38e8d7ca65e573a126ed88d0e30a46f80a666854d675cf3ba81de0de043c3774f061560f55edc256a787afe701677c0f602900	
t-v0-bit-40-3	t	d75a980182b10ab7d54bfed3c964073a0ee172f3daa62325af021a68f707511a	b6b4699f87d56126c9117a7da55bd0085246f4c56dbc95d20172612e9d38e8d7ca65e573a126ed88dce30a46f80a666854d675cf3ba81de0de043c3774f061560f55edc256a787afe701677c0f602900	
t-v0-bit-40-4	t	d75a980182b10ab7d54bfed3c964073a0ee172f3daa62325af021a68f707511a	b6b4699f87d56126c9117a7da55bd0085246f4c56dbc95d20172612e9d38e8d7ca65e573a126ed88c4e30a46f80a666854d675cf3ba81de0de043c3774f061560f55edc256a787afe701677c0f602900	
t-v0-bit-40-5	t	d75a980182b10ab7d54bfed3c964073a0ee172f3daa62325af021a68f707511a	b6b4699f87d56126c9117a7da55bd0085246f4c56dbc95d20172612e9d38e8d7ca65e573a126ed88f4e30a46f80a666854d675cf3ba81de0de043c3774f061560f55edc256a787afe701677c0f602900	
t-v0-bit-40-6	t	d75a980182b10ab7d54bfed3c964073a0ee172f3daa62325af021a68f707511a	b6b4699f87d56126c9117a7da55bd0085246f4c56dbc95d20172612e9d38e8d7ca65e573a126ed8894e30a46f80a666854d675cf3ba81de0de043c3774f061560f55edc256a787afe701677c0f602900	
t-v0-bit-40-7	t	d75a980182b10ab7d54bfed3c964073a0ee172f3daa62325af021a68f707511a	b6b4699f87d56126c9117a7da55bd0085246f4c56dbc95d20172612e9d38e8d7ca65e573a126ed8854e30a46f80a666854d675cf3ba81de0de043c3774f061560f55edc256a787afe701677c0f602900	
t-v0-bit-41-0	t	d75a980182b10ab7d54bfed3c964073a0ee172f3daa62325af021a68f707511a	b6b4699f87d56126c9117a7da55bd0085246f4c56dbc95d20172612e9d38e8d7ca65e573a126ed88d4e20a46f80a666854d675cf3ba81de0de043c3774f061560f55edc256a787afe701677c0f602900	
t-v0-bit-41-1	t	d75a980182b10ab7d54bfed3c964073a0ee172f3daa62325af021a68f707511a	b6b4699f87d56126c9117a7da55bd0085246f4c56dbc95d20172612e9d38e8d7ca65e573a126ed88d4e10a46f80a666854d675cf3ba81de0de043c3774f061560f55edc256a787afe701677c0f602900	
t-v0-bit-41-2	t	d75a980182b10ab7d54bfed3c964073a0ee172f3daa62325af021a68f707511a	b6b4699f87d56126c9117a7da55bd0085246f4c56dbc95d20172612e9d38e8d7ca65e573a126ed88d4e70a46f80a666854d675cf3ba81de0de043c3774f061560f55edc256a787afe701677c0f602900	
t-v0-bit-41-3	t	d75a980182b10ab7d54bfed3c964073a0ee172f3daa62325af021a68f707511a	b6b4699f87d56126c9117a7da55bd0085246f4c56dbc95d20172612e9d38e8d7ca65e573a126ed88d4eb0a46f80a666854d675cf3ba81de0de043c3774f061560f55edc256a787afe701677c0f602900	
t-v0-bit-41-4	t	d75a980182b10ab7d54bfed3c964073a0ee172f3daa62325af021a68f707511a	b6b4699f87d56126c9117a7da55bd0085246f4c56dbc95d20172612e9d38e8d7ca65e573a126ed88d4f30a46f80a666854d675cf3ba81de0de043c3774f061560f55edc256a787afe701677c0f602900	
t-v0-bit-41-5	t	d75a980182b10ab7d54bfed3c964073a0ee172f3daa62325af021a68f707511a	b6b4699f87d56126c9117a7da55bd0085246f4c56dbc95d20172612e9d38e8d7ca65e573a126ed88d4c30a46f80a666854d675cf3ba81de0de043c3774f061560f55edc256a787afe701677c0f602900	
t-v0-bit-41-6	t	d75a980182b10ab7d54bfed3c964073a0ee172f3daa62325af021a68f707511a	b6b4699f87d56126c9117a7da55bd0085246f4c56dbc95d20172612e9d38e8d7ca65e573a126ed88d4a30a46f80a666854d675cf3ba81de0de043c3774f061560f55edc256a787afe701677c0f602900	
t-v0-bit-41-7	t	d75a980182b10ab7d54bfed3c964073a0ee172f3daa62325af021a68f707511a	b6b4699f87d56126c9117a7da55bd0085246f4c56dbc95d20172612e9d38e8d7ca65e573a126ed88d4630a46f80a666854d675cf3ba81de0de043c3774f061560f55edc256a787afe701677c0f602900	
t-v0-bit-42-0	t	d75a980182b10ab7d54bfed3c964073a0ee172f3daa62325af021a68f707511a	b6b4699f87d56126c9117a7da55bd0085246f4c56dbc95d20172612e9d38e8d7ca65e573a126ed88d4e30b46f80a666854d675cf3ba81de0de043c3774f061560f55edc256a787afe701677c0f602900	
t-v0-bit-42-1	t	d75a980182b10ab7d54bfed3c964073a0ee172f3daa62325af021a68f707511a	b6b4699f87d56126c9117a7da55bd0085246f4c56dbc95d20172612e9d38e8d7ca65e573a126ed88d4e30846f80a666854d675cf3ba81de0de043c3774f061560f55edc256a787afe701677c0f602900	
t-v0-bit-42-2	t	d75a980182b10ab7d54bfed3c964073a0ee172f3daa62325af021a68f707511a	b6b4699f87d56126c9117a7da55bd0085246f4c56dbc95d20172612e9d38e8d7ca65e573a126ed88d4e30e46f80a666854d675cf3ba81de0de043c3774f061560f55edc256a787afe701677c0f602900	
t-v0-bit-42-3	t	d75a980182b10ab7d54bfed3c964073a0ee172f3daa62325af021a68f707511a	b6b4699f87d56126c9117a7da55bd0085246f4c56dbc95d20172612e9d38e8d7ca65e573a126ed88d4e30246f80a666854d675cf3ba81de0de043c3774f061560f55edc256a787afe701677c0f602900	
t-v0-bit-42-4	t	d75a980182b10ab7d54bfed3c964073a0ee172f3daa62325af021a68f707511a	b6b4699f87d56126c9117a7da55bd0085246f4c56dbc95d20172612e9d38e8d7ca65e573a126ed88d4e31a46f80a666854d675cf3ba81de0de043c3774f061560f55edc256a787afe701677c0f602900	
t-v0-bit-42-5	t	d75a980182b10ab7d54bfed3c964073a0ee172f3daa62325af021a68f707511a	b6b4699f87d56126c9117a7da55bd0085246f4c56dbc95d20172612e9d38e8d7ca65e573a126ed88d4e32a46f80a666854d675cf3ba81de0de043c3774f061560f55edc256a787afe701677c0f602900	
t-v0-bit-42-6	t	d75a980182b10ab7d54bfed3c964073a0ee172f3daa62325af021a68f707511a	b6b4699f87d56126c9117a7da55bd0085246f4c56dbc95d20172612e9d38e8d7ca65e573a126ed88d4e34a46f80a666854d675cf3ba81de0de043c3774f061560f55edc256a787afe701677c0f602900	
t-v0-bit-42-7	t	d75a980182b10ab7d54bfed3c964073a0ee172f3daa62325af021a68f707511a	b6b4699f87d56126c9117a7da55bd0085246f4c56dbc95d20172612e9d38e8d7ca65e573a126ed88d4e38a46f80a666854d675cf3ba81de0de043c3774f061560f55edc256a787afe701677c0f602900	
t-v0-bit-43-0	t	d75a980182b10ab7d54bfed3c964073a0ee172f3daa62325af021a68f707511a	b6b4699f87d56126c9117a7da55bd0085246f4c56dbc95d20172612e9d38e8d7ca65e573a126ed88d4e30a47f80a666854d675cf3ba81de0de043c3774f061560f55edc256a787afe701677c0f602900	
t-v0-bit-43-1	t	d75a980182b10ab7d54bfed3c964073a0ee172f3daa62325af021a68f707511a	b6b4699f87d56126c9117a7da55bd0085246f4c56dbc95d20172612e9d38e8d7ca65e573a126ed88d4e30a44f80a666854d675cf3ba81de0de043c3774f061560f55edc256a787afe701677c0f602900	
t-v0-bit-43-2	t	d75a980182b10ab7d54bfed3c964073a0ee172f3daa62325af021a68f707511a	b6b4699f87d56126c9117a7da55bd0085246f4c56dbc95d20172612e9d38e8d7ca65e573a126ed88d4e30a42f80a666854d675cf3ba81de0de043c3774f061560f55edc256a787afe701677c0f602900	
t-v0-bit-43-3	t	d75a980182b10ab7d54bfed3c964073a0ee172f3daa62325af021a68f707511a	b6b4699f87d56126c9117a7da55bd0085246f4c56dbc95d20172612e9d38e8d7ca65e573a126ed88d4e30a4ef80a666854d675cf3ba81de0de043c3774f061560f55edc256a787afe701677c0f602900	
t-v0-bit-43-4	t	d75a980182b10ab7d54bfed3c964073a0ee172f3daa62325af021a68f707511a	b6b4699f87d56126c9117a7da55bd0085246f4c56dbc95d20172612e9d38e8d7ca65e573a126ed88d4e30a56f80a666854d675cf3ba81de0de043c3774f061560f55edc256a787afe701677c0f602900	
t-v0-bit-43-5	t	d75a980182b10ab7d54bfed3c964073a0ee172f3daa62325af021a68f707511a	b6b4699f87d56126c9117a7da55bd0085246f4c56dbc95d20172612e9d38e8d7ca65e573a126ed88d4e30a66f80a666854d675cf3ba81de0de043c3774f061560f55edc256a787afe701677c0f602900	
t-v0-bit-43-6	t	d75a980182b10ab7d54bfed3c964073a0ee172f3daa62325af021a68f707511a	b6b4699f87d56126c9117a7da55bd0085246f4c56dbc95d20172612e9d38e8d7ca65e573a126ed88d4e30a06f80a666854d675cf3ba81de0de043c3774f061560f55edc256a787afe701677c0f602900	
t-v0-bit-43-7	t	d75a980182b10ab7d54bfed3c964073a0ee172f3daa62325af021a68f707511a	b6b4699f87d56126c9117a7da55bd0085246f4c56dbc95d20172612e9d38e8d7ca65e573a126ed88d4e30ac6f80a666854d675cf3ba81de0de043c3774f061560f55edc256a787afe701677c0f602900	
t-v0-bit-44-0	t	d75a980182b10ab7d54bfed3c964073a0ee172f3daa62325af021a68f707511a	b6b4699f87d56126c9117a7da55bd0085246f4c56dbc95d20172612e9d38e8d7ca65e573a126ed88d4e30a46f90a666854d675cf3ba81de0de043c3774f061560f55edc256a787afe701677c0f602900	
t-v0-bit-44-1	t	d75a980182b10ab7d54bfed3c964073a0ee172f3daa62325af021a68f707511a	b6b4699f87d56126c9117a7da55bd0085246f4c56dbc95d20172612e9d38e8d7ca65e573a126ed88d4e30a46fa0a666854d675cf3ba81de0de043c3774f061560f55edc256a787afe701677c0f602900	
t-v0-bit-44-2	t	d75a980182b10ab7d54bfed3c964073a0ee172f3daa62325af021a68f707511a	b6b4699f87d56126c9117a7da55bd0085246f4c56dbc95d20172612e9d38e8d7ca65e573a126ed88d4e30a46fc0a666854d675cf3ba81de0de043c3774f061560f55edc256a787afe701677c0f602900	
t-v0-bit-44-3	t	d75a980182b10ab7d54bfed3c964073a0ee172f3daa62325af021a68f707511a	b6b4699f87d56126c9117a7da55bd0085246f4c56dbc95d20172612e9d38e8d7ca65e573a126ed88d4e30a46f00a666854d675cf3ba81de0de043c3774f061560f55edc256a787afe701677c0f602900	
t-v0-bit-44-4	t	d75a980182b10ab7d54bfed3c964073a0ee172f3daa62325af021a68f707511a	b6b4699f87d56126c9117a7da55bd0085246f4c56dbc95d20172612e9d38e8d7ca65e573a126ed88d4e30a46e80a666854d675cf3ba81de0de043c3774f061560f55edc256a787afe701677c0f602900	
t-v0-bit-44-5	t	d75a980182b10ab7d54bfed3c964073a0ee172f3daa62325af021a68f707511a	b6b4699f87d56126c9117a7da55bd0085246f4c56dbc95d20172612e9d38e8d7ca65e573a126ed88d4e30a46d80a666854d675cf3ba81de0de043c3774f061560f55edc256a787afe701677c0f602900	
t-v0-bit-44-6	t	d75a980182b10ab7d54bfed3c964073a0ee172f3daa62325af021a68f707511a	b6b4699f87d56126c9117a7da55bd0085246f4c56dbc95d20172612e9d38e8d7ca65e573a126ed88d4e30a46b80a666854d675cf3ba81de0de043c3774f061560f55edc256a787afe701677c0f602900	
t-v0-bit-44-7	t	d75a980182b10ab7d54bfed3c964073a0ee172f3daa62325af021a68f707511a	b6b4699f87d56126c9117a7da55bd0085246f4c56dbc95d20172612e9d38e8d7ca65e573a126ed88d4e30a46780a666854d675cf3ba81de0de043c3774f061560f55edc256a787afe701677c0f602900	
t-v0-bit-45-0	t	d75a980182b10ab7d54bfed3c964073a0ee172f3daa62325af021a68f707511a	b6b4699f87d56126c9117a7da55bd0085246f4c56dbc95d20172612e9d38e8d7ca65e573a126ed88d4e30a46f80b666854d675cf3ba81de0de043c3774f061560f55edc256a787afe701677c0f602900	
t-v0-bit-45-1	t	d75a980182b10ab7d54bfed3c964073a0ee172f3daa62325af021a68f707511a	b6b4699f87d56126c9117a7da55bd0085246f4c56dbc95d20172612e9d38e8d7ca65e573a126ed88d4e30a46f808666854d675cf3ba81de0de043c3774f061560f55edc256a787afe701677c0f602900	
t-v0-bit-45-2	t	d75a980182b10ab7d54bfed3c964073a0ee172f3daa62325af021a68f707511a	b6b4699f87d56126c9117a7da55bd0085246f4c56dbc95d20172612e9d38e8d7ca65e573a126ed88d4e30a46f80e666854d675cf3ba81de0de043c3774f061560f55edc256a787afe701677c0f602900	
t-v0-bit-45-3	t	d75a980182b10ab7d54bfed3c964073a0ee172f3daa62325af021a68f707511a	b6b4699f87d56126c9117a7da55bd0085246f4c56dbc95d20172612e9d38e8d7ca65e573a126ed88d4e30a46f802666854d675cf3ba81de0de043c3774f061560f55edc256a787afe701677c0f602900	
t-v0-bit-45-4	t	d75a980182b10ab7d54bfed3c964073a0ee172f3daa62325af021a68f707511a	b6b4699f87d56126c9117a7da55bd0085246f4c56dbc95d20172612e9d38e8d7ca65e573a126ed88d4e30a46f81a666854d675cf3ba81de0de043c3774f061560f55edc256a787afe701677c0f602900	
t-v0-bit-45-5	t	d75a980182b10ab7d54bfed3c964073a0ee172f3daa62325af021a68f707511a	b6b4699f87d56126c9117a7da55bd0085246f4c56dbc95d20172612e9d38e8d7ca65e573a126ed88d4e30a46f82a666854d675cf3ba81de0de043c3774f061560f55edc256a787afe701677c0f602900	
t-v0-bit-45-6	t	d75a980182b10ab7d54bfed3c964073a0ee172f3daa62325af021a68f707511a	b6b4699f87d56126c9117a7da55bd0085246f4c56dbc95d20172612e9d38e8d7ca65e573a126ed88d4e30a46f84a666854d675cf3ba81de0de043c3774f061560f55edc256a787afe701677c0f602900	
t-v0-bit-45-7	t	d75a980182b10ab7d54bfed3c964073a0ee172f3daa62325af021a68f707511a	b6b4699f87d56126c9117a7da55bd0085246f4c56dbc95d20172612e9d38e8d7ca65e573a126ed88d4e30a46f88a666854d675cf3ba81de0de043c3774f061560f55edc256a787afe701677c0f602900	
t-v0-bit-46-0	t	d75a980182b10ab7d54bfed3c964073a0ee172f3daa62325af021a68f707511a	b6b4699f87d56126c9117a7da55bd0085246f4c56dbc95d20172612e9d38e8d7ca65e573a126ed88d4e30a46f80a676854d675cf3ba81de0de043c3774f061560f55edc256a787afe701677c0f602900	
t-v0-bit-46-1	t	d75a980182b10ab7d54bfed3c964073a0ee172f3daa62325af021a68f707511a	b6b4699f87d56126c9117a7da55bd0085246f4c56dbc95d20172612e9d38e8d7ca65e573a126ed88d4e30a46f80a646854d675cf3ba81de0de043c3774f061560f55edc256a787afe701677c0f602900	
t-v0-bit-46-2	t	d75a980182b10ab7d54bfed3c964073a0ee172f3daa62325af021a68f707511a	b6b4699f87d56126c9117a7da55bd0085246f4c56dbc95d20172612e9d38e8d7ca65e573a126ed88d4e30a46f80a626854d675cf3ba81de0de043c3774f061560f55edc256a787afe701677c0f602900	
t-v0-bit-46-3	t	d75a980182b10ab7d54bfed3c964073a0ee172f3daa62325af021a68f707511a	b6b4699f87d56126c9117a7da55bd0085246f4c56dbc95d20172612e9d38e8d7ca65e573a126ed88d4e30a46f80a6e6854d675cf3ba81de0de043c3774f061560f55edc256a787afe701677c0f602900	
t-v0-bit-46-4	t	d75a980182b10ab7d54bfed3c964073a0ee172f3daa62325af021a68f707511a	b6b4699f87d56126c9117a7da55bd0085246f4c56dbc95d20172612e9d38e8d7ca65e573a126ed88d4e30a46f80a766854d675cf3ba81de0de043c3774f061560f55edc256a787afe701677c0f602900	
t-v0-bit-46-5	t	d75a980182b10ab7d54bfed3c964073a0ee172f3daa62325af021a68f707511a	b6b4699f87d56126c9117a7da55bd0085246f4c56dbc95d20172612e9d38e8d7ca65e573a126ed88d4e30a46f80a466854d675cf3ba81de0de043c3774f061560f55edc256a787afe701677c0f602900	
t-v0-bit-46-6	t	d75a980182b10ab7d54bfed3c964073a0ee172f3daa62325af021a68f707511a	b6b4699f87d56126c9117a7da55bd0085246f4c56dbc95d20172612e9d38e8d7ca65e573a126ed88d4e30a46f80a266854d675cf3ba81de0de043c3774f061560f55edc256a787afe701677c0f602900	
t-v0-bit-46-7	t	d75a980182b10ab7d54bfed3c964073a0ee172f3daa62325af021a68f707511a	b6b4699f87d56126c9117a7da55bd0085246f4c56dbc95d20172612e9d38e8d7ca65e573a126ed88d4e30a46f80ae66854d675cf3ba81de0de043c3774f061560f55edc256a787afe701677c0f602900	
t-v0-bit-47-0	t	d75a980182b10ab7d54bfed3c964073a0ee172f3daa62325af021a68f707511a	b6b4699f87d56126c9117a7da55bd0085246f4c56dbc95d20172612e9d38e8d7ca65e573a126ed88d4e30a46f80a666954d675cf3ba81de0de043c3774f061560f55edc256a787afe701677c0f602900	
t-v0-bit-47-1	t	d75a980182b10ab7d54bfed3c964073a0ee172f3daa62325af021a68f707511a	b6b4699f87d56126c9117a7da55bd0085246f4c56dbc95d20172612e9d38e8d7ca65e573a126ed88d4e30a46f80a666a54d675cf3ba81de0de043c3774f061560f55edc256a787afe701677c0f602900	
t-v0-bit-47-2	t	d75a980182b10ab7d54bfed3c964073a0ee172f3daa62325af021a68f707511a	b6b4699f87d56126c9117a7da55bd0085246f4c56dbc95d20172612e9d38e8d7ca65e573a126ed88d4e30a46f80a666c54d675cf3ba81de0de043c3774f061560f55edc256a787afe701677c0f602900	
t-v0-bit-47-3	t	d75a980182b10ab7d54bfed3c964073a0ee172f3daa62325af021a68f707511a	b6b4699f87d56126c9117a7da55bd0085246f4c56dbc95d20172612e9d38e8d7ca65e573a126ed88d4e30a46f80a666054d675cf3ba81de0de043c3774f061560f55edc256a787afe701677c0f602900	
t-v0-bit-47-4	t	d75a980182b10ab7d54bfed3c964073a0ee172f3daa62325af021a68f707511a	b6b4699f87d56126c9117a7da55bd0085246f4c56dbc95d20172612e9d38e8d7ca65e573a126ed88d4e30a46f80a667854d675cf3ba81de0de043c3774f061560f55edc256a787afe701677c0f602900	
t-v0-bit-47-5	t	d75a980182b10ab7d54bfed3c964073a0ee172f3daa62325af021a68f707511a	b6b4699f87d56126c9117a7da55bd0085246f4c56dbc95d20172612e9d38e8d7ca65e573a126ed88d4e30a46f80a664854d675cf3ba81de0de043c3774f061560f55edc256a787afe701677c0f602900	
t-v0-bit-47-6	t	d75a980182b10ab7d54bfed3c964073a0ee172f3daa62325af021a68f707511a	b6b4699f87d56126c9117a7da55bd0085246f4c56dbc95d20172612e9d38e8d7ca65e573a126ed88d4e30a46f80a662854d675cf3ba81de0de043c3774f061560f55edc256a787afe701677c0f602900	
t-v0-bit-47-7	t	d75a980182b10ab7d54bfed3c964073a0ee172f3daa62325af021a68f707511a	b6b4699f87d56126c9117a7da55bd0085246f4c56dbc95d20172612e9d38e8d7ca65e573a126ed88d4e30a46f80a66e854d675cf3ba81de0de043c3774f061560f55edc256a787afe701677c0f602900	
t-v0-bit-48-0	t	d75a980182b10ab7d54bfed3c964073a0ee172f3daa62325af021a68f707511a	b6b4699f87d56126c9117a7da55bd0085246f4c56dbc95d20172612e9d38e8d7ca65e573a126ed88d4e30a46f80a666855d675cf3ba81de0de043c3774f061560f55edc256a787afe701677c0f602900	
t-v0-bit-48-1	t	d75a980182b10ab7d54bfed3c964073a0ee172f3daa62325af021a68f707511a	b6b4699f87d56126c9117a7da55bd0085246f4c56dbc95d20172612e9d38e8d7ca65e573a126ed88d4e30a46f80a666856d675cf3ba81de0de043c3774f061560f55edc256a787afe701677c0f602900	
t-v0-bit-48-2	t	d75a980182b10ab7d54bfed3c964073a0ee172f3daa62325af021a68f707511a	b6b4699f87d56126c9117a7da55bd0085246f4c56dbc95d20172612e9d38e8d7ca65e573a126ed88d4e30a46f80a666850d675cf3ba81de0de043c3774f061560f55edc256a787afe701677c0f602900	
t-v0-bit-48-3	t	d75a980182b10ab7d54bfed3c964073a0ee172f3daa62325af021a68f707511a	b6b4699f87d56126c9117a7da55bd0085246f4c56dbc95d20172612e9d38e8d7ca65e573a126ed88d4e30a46f80a66685cd675cf3ba81de0de043c3774f061560f55edc256a787afe701677c0f602900	
t-v0-bit-48-4	t	d75a980182b10ab7d54bfed3c964073a0ee172f3daa62325af021a68f707511a	b6b4699f87d56126c9117a7da55bd0085246f4c56dbc95d20172612e9d38e8d7ca65e573a126ed88d4e30a46f80a666844d675cf3ba81de0de043c3774f061560f55edc256a787afe701677c0f602900	
t-v0-bit-48-5	t	d75a980182b10ab7d54bfed3c964073a0ee172f3daa62325af021a68f707511a	b6b4699f87d56126c9117a7da55bd0085246f4c56dbc95d20172612e9d38e8d7ca65e573a126ed88d4e30a46f80a666874d675cf3ba81de0de043c3774f061560f55edc256a787afe701677c0f602900	
t-v0-bit-48-6	t	d75a980182b10ab7d54bfed3c964073a0ee172f3daa62325af021a68f707511a	b6b4699f87d56126c9117a7da55bd0085246f4c56dbc95d20172612e9d38e8d7ca65e573a126ed88d4e30a46f80a666814d675cf3ba81de0de043c3774f061560f55edc256a787afe701677c0f602900	
t-v0-bit-48-7	t	d75a980182b10ab7d54bfed3c964073a0ee172f3daa62325af021a68f707511a	b6b4699f87d56126c9117a7da55bd0085246f4c56dbc95d20172612e9d38e8d7ca65e573a126ed88d4e30a46f80a6668d4d675cf3ba81de0de043c3774f061560f55edc256a787afe701677c0f602900	
t-v0-bit-49-0	t	d75a980182b10ab7d54bfed3c964073a0ee172f3daa62325af021a68f707511a	b6b4699f87d56126c9117a7da55bd0085246f4c56dbc95d20172612e9d38e8d7ca65e573a126ed88d4e30a46f80a666854d775cf3ba81de0de043c3774f061560f55edc256a787afe701677c0f602900	
t-v0-bit-49-1	t	d75a980182b10ab7d54bfed3c964073a0ee172f3daa62325af021a68f707511a	b6b4699f87d56126c9117a7da55bd0085246f4c56dbc95d20172612e9d38e8d7ca65e573a126ed88d4e30a46f80a666854d475cf3ba81de0de043c3774f061560f55edc256a787afe701677c0f602900	
t-v0-bit-49-2	t	d75a980182b10ab7d54bfed3c964073a0ee172f3daa62325af021a68f707511a	b6b4699f87d56126c9117a7da55bd0085246f4c56dbc95d20172612e9d38e8d7ca65e573a126ed88d4e30a46f80a666854d275cf3ba81de0de043c3774f061560f55edc256a787afe701677c0f602900	
t-v0-bit-49-3	t	d75a980182b10ab7d54bfed3c964073a0ee172f3daa62325af021a68f707511a	b6b4699f87d56126c9117a7da55bd0085246f4c56dbc95d20172612e9d38e8d7ca65e573a126ed88d4e30a46f80a666854de75cf3ba81de0de043c3774f061560f55edc256a787afe701677c0f602900	
t-v0-bit-49-4	t	d75a980182b10ab7d54bfed3c964073a0ee172f3daa62325af021a68f707511a	b6b4699f87d56126c9117a7da55bd0085246f4c56dbc95d20172612e9d38e8d7ca65e573a126ed88d4e30a46f80a666854c675cf3ba81de0de043c3774f061560f55edc256a787afe701677c0f602900	
t-v0-bit-49-5	t	d75a980182b10ab7d54bfed3c964073a0ee172f3daa62325af021a68f707511a	b6b4699f87d56126c9117a7da55bd0085246f4c56dbc95d20172612e9d38e8d7ca65e573a126ed88d4e30a46f80a666854f675cf3ba81de0de043c3774f061560f55edc256a787afe701677c0f602900	
t-v0-bit-49-6	t	d75a980182b10ab7d54bfed3c964073a0ee172f3daa62325af021a68f707511a	b6b4699f87d56126c9117a7da55bd0085246f4c56dbc95d20172612e9d38e8d7ca65e573a126ed88d4e30a46f80a6668549675cf3ba81de0de043c3774f061560f55edc256a787afe701677c0f602900	
t-v0-bit-49-7	t	d75a980182b10ab7d54bfed3c964073a0ee172f3daa62325af021a68f707511a	b6b4699f87d56126c9117a7da55bd0085246f4c56dbc95d20172612e9d38e8d7ca65e573a126ed88d4e30a46f80a6668545675cf3ba81de0de043c3774f061560f55edc256a787afe701677c0f602900	
t-v0-bit-50-0	t	d75a980182b10ab7d54bfed3c964073a0ee172f3daa62325af021a68f707511a	b6b4699f87d56126c9117a7da55bd0085246f4c56dbc95d20172612e9d38e8d7ca65e573a126ed88d4e30a46f80a666854d674cf3ba81de0de043c3774f061560f55edc256a787afe701677c0f602900	
t-v0-bit-50-1	t	d75a980182b10ab7d54bfed3c964073a0ee172f3daa62325af021a68f707511a	b6b4699f87d56126c9117a7da55bd0085246f4c56dbc95d20172612e9d38e8d7ca65e573a126ed88d4e30a46f80a666854d677cf3ba81de0de043c3774f061560f55edc256a787afe701677c0f602900	
t-v0-bit-50-2	t	d75a980182b10ab7d54bfed3c964073a0ee172f3daa62325af021a68f707511a	b6b4699f87d56126c9117a7da55bd0085246f4c56dbc95d20172612e9d38e8d7ca65e573a126ed88d4e30a46f80a666854d671cf3ba81de0de043c3774f061560f55edc256a787afe701677c0f602900	
t-v0-bit-50-3	t	d75a980182b10ab7d54bfed3c964073a0ee172f3daa62325af021a68f707511a	b6b4699f87d56126c9117a7da55bd0085246f4c56dbc95d20172612e9d38e8d7ca65e573a126ed88d4e30a46f80a666854d67dcf3ba81de0de043c3774f061560f55edc256a787afe701677c0f602900	
t-v0-bit-50-4	t	d75a980182b10ab7d54bfed3c964073a0ee172f3daa62325af021a68f707511a	b6b4699f87d56126c9117a7da55bd0085246f4c56dbc95d20172612e9d38e8d7ca65e573a126ed88d4e30a46f80a666854d665cf3ba81de0de043c3774f061560f55edc256a787afe701677c0f602900	
t-v0-bit-50-5	t	d75a980182b10ab7d54bfed3c964073a0ee172f3daa62325af021a68f707511a	b6b4699f87d56126c9117a7da55bd0085246f4c56dbc95d20172612e9d38e8d7ca65e573a126ed88d4e30a46f80a666854d655cf3ba81de0de043c3774f061560f55edc256a787afe701677c0f602900	
t-v0-bit-50-6	t	d75a980182b10ab7d54bfed3c964073a0ee172f3daa62325af021a68f707511a	b6b4699f87d56126c9117a7da55bd0085246f4c56dbc95d20172612e9d38e8d7ca65e573a126ed88d4e30a46f80a666854d635cf3ba81de0de043c3774f061560f55edc256a787afe701677c0f602900	
t-v0-bit-50-7	t	d75a980182b10ab7d54bfed3c964073a0ee172f3daa62325af021a68f707511a	b6b4699f87d56126c9117a7da55bd0085246f4c56dbc95d20172612e9d38e8d7ca65e573a126ed88d4e30a46f80a666854d6f5cf3ba81de0de043c3774f061560f55edc256a787afe701677c0f602900	
t-v0-bit-51-0	t	d75a980182b10ab7d54bfed3c964073a0ee172f3daa62325af021a68f707511a	b6b4699f87d56126c9117a7da55bd0085246f4c56dbc95d20172612e9d38e8d7ca65e573a126ed88d4e30a46f80a666854d675ce3ba81de0de043c3774f061560f55edc256a787afe701677c0f602900	
t-v0-bit-51-1	t	d75a980182b10ab7d54bfed3c964073a0ee172f3daa62325af021a68f707511a	b6b4699f87d56126c9117a7da55bd0085246f4c56dbc95d20172612e9d38e8d7ca65e573a126ed88d4e30a46f80a666854d675cd3ba81de0de043c3774f061560f55edc256a787afe701677c0f602900	
t-v0-bit-51-2	t	d75a980182b10ab7d54bfed3c964073a0ee172f3daa62325af021a68f707511a	b6b4699f87d56126c9117a7da55bd0085246f4c56dbc95d20172612e9d38e8d7ca65e573a126ed88d4e30a46f80a666854d675cb3ba81de0de043c3774f061560f55edc256a787afe701677c0f602900	
t-v0-bit-51-3	t	d75a980182b10ab7d54bfed3c964073a0ee172f3daa62325af021a68f707511a	b6b4699f87d56126c9117a7da55bd0085246f4c56dbc95d20172612e9d38e8d7ca65e573a126ed88d4e30a46f80a666854d675c73ba81de0de043c3774f061560f55edc256a787afe701677c0f602900	
t-v0-bit-51-4	t	d75a980182b10ab7d54bfed3c964073a0ee172f3daa62325af021a68f707511a	b6b4699f87d56126c9117a7da55bd0085246f4c56dbc95d20172612e9d38e8d7ca65e573a126ed88d4e30a46f80a666854d675df3ba81de0de043c3774f061560f55edc256a787afe701677c0f602900	
t-v0-bit-51-5	t	d75a980182b10ab7d54bfed3c964073a0ee172f3daa62325af021a68f707511a	b6b4699f87d56126c9117a7da55bd0085246f4c56dbc95d20172612e9d38e8d7ca65e573a126ed88d4e30a46f80a666854d675ef3ba81de0de043c3774f061560f55edc256a787afe701677c0f602900	
t-v0-bit-51-6	t	d75a980182b10ab7d54bfed3c964073a0ee172f3daa62325af021a68f707511a	b6b4699f87d56126c9117a7da55bd0085246f4c56dbc95d20172612e9d38e8d7ca65e573a126ed88d4e30a46f80a666854d6758f3ba81de0de043c3774f061560f55edc256a787afe701677c0f602900	
t-v0-bit-51-7	t	d75a980182b10ab7d54bfed3c964073a0ee172f3daa62325af021a68f707511a	b6b4699f87d56126c9117a7da55bd0085246f4c56dbc95d20172612e9d38e8d7ca65e573a126ed88d4e30a46f80a666854d6754f3ba81de0de043c3774f061560f55edc256a787afe701677c0f602900	
t-v0-bit-52-0	t	d75a980182b10ab7d54bfed3c964073a0ee172f3daa62325af021a68f707511a	b6b4699f87d56126c9117a7da55bd0085246f4c56dbc95d20172612e9d38e8d7ca65e573a126ed88d4e30a46f80a666854d675cf3aa81de0de043c3774f061560f55edc256a787afe701677c0f602900	
t-v0-bit-52-1	t	d75a980182b10ab7d54bfed3c964073a0ee172f3daa62325af021a68f707511a	b6b4699f87d56126c9117a7da55bd0085246f4c56dbc95d20172612e9d38e8d7ca65e573a126ed88d4e30a46f80a666854d675cf39a81de0de043c3774f061560f55edc256a787afe701677c0f602900	
t-v0-bit-52-2	t	d75a980182b10ab7d54bfed3c964073a0ee172f3daa62325af021a68f707511a	b6b4699f87d56126c9117a7da55bd0085246f4c56dbc95d20172612e9d38e8d7ca65e573a126ed88d4e30a46f80a666854d675cf3fa81de0de043c3774f061560f55edc256a787afe701677c0f602900	
t-v0-bit-52-3	t	d75a980182b10ab7d54bfed3c964073a0ee172f3daa62325af021a68f707511a	b6b4699f87d56126c9117a7da55bd0085246f4c56dbc95d20172612e9d38e8d7ca65e573a126ed88d4e30a46f80a666854d675cf33a81de0de043c3774f061560f55edc256a787afe701677c0f602900	
t-v0-bit-52-4	t	d75a980182b10ab7d54bfed3c964073a0ee172f3daa62325af021a68f707511a	b6b4699f87d56126c9117a7da55bd0085246f4c56dbc95d20172612e9d38e8d7ca65e573a126ed88d4e30a46f80a666854d675cf2ba81de0de043c3774f061560f55edc256a787afe701677c0f602900	
t-v0-bit-52-5	t	d75a980182b10ab7d54bfed3c964073a0ee172f3daa62325af021a68f707511a	b6b4699f87d56126c9117a7da55bd0085246f4c56dbc95d20172612e9d38e8d7ca65e573a126ed88d4e30a46f80a666854d675cf1ba81de0de043c3774f061560f55edc256a787afe701677c0f602900	
t-v0-bit-52-6	t	d75a980182b10ab7d54bfed3c964073a0ee172f3daa62325af021a68f707511a	b6b4699f87d56126c9117a7da55bd0085246f4c56dbc95d20172612e9d38e8d7ca65e573a126ed88d4e30a46f80a666854d675cf7ba81de0de043c3774f061560f55edc256a787afe701677c0f602900	
t-v0-bit-52-7	t	d75a980182b10ab7d54bfed3c964073a0ee172f3daa62325af021a68f707511a	b6b4699f87d56126c9117a7da55bd0085246f4c56dbc95d20172612e9d38e8d7ca65e573a126ed88d4e30a46f80a666854d675cfbba81de0de043c3774f061560f55edc256a787afe701677c0f602900	
t-v0-bit-53-0	t	d75a980182b10ab7d54bfed3c964073a0ee172f3daa62325af021a68f707511a	b6b4699f87d56126c9117a7da55bd0085246f4c56dbc95d20172612e9d38e8d7ca65e573a126ed88d4e30a46f80a666854d675cf3ba91de0de043c3774f061560f55edc256a787afe701677c0f602900	
t-v0-bit-53-1	t	d75a980182b10ab7d54bfed3c964073a0ee172f3daa62325af021a68f707511a	b6b4699f87d56126c9117a7da55bd0085246f4c56dbc95d20172612e9d38e8d7ca65e573a126ed88d4e30a46f80a666854d675cf3baa1de0de043c3774f061560f55edc256a787afe701677c0f602900	
t-v0-bit-53-2	t	d75a980182b10ab7d54bfed3c964073a0ee172f3daa62325af021a68f707511a	b6b4699f87d56126c9117a7da55bd0085246f4c56dbc95d20172612e9d38e8d7ca65e573a126ed88d4e30a46f80a666854d675cf3bac1de0de043c3774f061560f55edc256a787afe701677c0f602900	
t-v0-bit-53-3	t	d75a980182b10ab7d54bfed3c964073a0ee172f3daa62325af021a68f707511a	b6b4699f87d56126c9117a7da55bd0085246f4c56dbc95d20172612e9d38e8d7ca65e573a126ed88d4e30a46f80a666854d675cf3ba01de0de043c3774f061560f55edc256a787afe701677c0f602900	
t-v0-bit-53-4	t	d75a980182b10ab7d54bfed3c964073a0ee172f3daa62325af021a68f707511a	b6b4699f87d56126c9117a7da55bd0085246f4c56dbc95d20172612e9d38e8d7ca65e573a126ed88d4e30a46f80a666854d675cf3bb81de0de043c3774f061560f55edc256a787afe701677c0f602900	
t-v0-bit-53-5	t	d75a980182b10ab7d54bfed3c964073a0ee172f3daa62325af021a68f707511a	b6b4699f87d56126c9117a7da55bd0085246f4c56dbc95d20172612e9d38e8d7ca65e573a126ed88d4e30a46f80a666854d675cf3b881de0de043c3774f061560f55edc256a787afe701677c0f602900	
t-v0-bit-53-6	t	d75a980182b10ab7d54bfed3c964073a0ee172f3daa62325af021a68f707511a	b6b4699f87d56126c9117a7da55bd0085246f4c56dbc95d20172612e9d38e8d7ca65e573a126ed88d4e30a46f80a666854d675cf3be81de0de043c3774f061560f55edc256a787afe701677c0f602900	
t-v0-bit-53-7	t	d75a980182b10ab7d54bfed3c964073a0ee172f3daa62325af021a68f707511a	b6b4699f87d56126c9117a7da55bd0085246f4c56dbc95d20172612e9d38e8d7ca65e573a126ed88d4e30a46f80a666854d675cf3b281de0de043c3774f061560f55edc256a787afe701677c0f602900	
t-v0-bit-54-0	t	d75a980182b10ab7d54bfed3c964073a0ee172f3daa62325af021a68f707511a	b6b4699f87d56126c9117a7da55bd0085246f4c56dbc95d20172612e9d38e8d7ca65e573a126ed88d4e30a46f80a666854d675cf3ba81ce0de043c3774f061560f55edc256a787afe701677c0f602900	
t-v0-bit-54-1	t	d75a980182b10ab7d54bfed3c964073a0ee172f3daa62325af021a68f707511a	b6b4699f87d56126c9117a7da55bd0085246f4c56dbc95d20172612e9d38e8d7ca65e573a126ed88d4e30a46f80a666854d675cf3ba81fe0de043c3774f061560f55edc256a787afe701677c0f602900	
t-v0-bit-54-2	t	d75a980182b10ab7d54bfed3c964073a0ee172f3daa62325af021a68f707511a	b6b4699f87d56126c9117a7da55bd0085246f4c56dbc95d20172612e9d38e8d7ca65e573a126ed88d4e30a46f80a666854d675cf3ba819e0de043c3774f061560f55edc256a787afe701677c0f602900	
t-v0-bit-54-3	t	d75a980182b10ab7d54bfed3c964073a0ee172f3daa62325af021a68f707511a	b6b4699f87d56126c9117a7da55bd0085246f4c56dbc95d20172612e9d38e8d7ca65e573a126ed88d4e30a46f80a666854d675cf3ba815e0de043c3774f061560f55edc256a787afe701677c0f602900	
t-v0-bit-54-4	t	d75a980182b10ab7d54bfed3c964073a0ee172f3daa62325af021a68f707511a	b6b4699f87d56126c9117a7da55bd0085246f4c56dbc95d20172612e9d38e8d7ca65e573a126ed88d4e30a46f80a666854d675cf3ba80de0de043c3774f061560f55edc256a787afe701677c0f602900	
t-v0-bit-54-5	t	d75a980182b10ab7d54bfed3c964073a0ee172f3daa62325af021a68f707511a	b6b4699f87d56126c9117a7da55bd0085246f4c56dbc95d20172612e9d38e8d7ca65e573a126ed88d4e30a46f80a666854d675cf3ba83de0de043c3774f061560f55edc256a787afe701677c0f602900	
t-v0-bit-54-6	t	d75a980182b10ab7d54bfed3c964073a0ee172f3daa62325af021a68f707511a	b6b4699f87d56126c9117a7da55bd0085246f4c56dbc95d20172612e9d38e8d7ca65e573a126ed88d4e30a46f80a666854d675cf3ba85de0de043c3774f061560f55edc256a787afe701677c0f602900	
t-v0-bit-54-7	t	d75a980182b10ab7d54bfed3c964073a0ee172f3daa62325af021a68f707511a	b6b4699f87d56126c9117a7da55bd0085246f4c56dbc95d20172612e9d38e8d7ca65e573a126ed88d4e30a46f80a666854d675cf3ba89de0de043c3774f061560f55edc256a787afe701677c0f602900	
t-v0-bit-55-0	t	d75a980182b10ab7d54bfed3c964073a0ee172f3daa62325af021a68f707511a	b6b4699f87d56126c9117a7da55bd0085246f4c56dbc95d20172612e9d38e8d7ca65e573a126ed88d4e30a46f80a666854d675cf3ba81de1de043c3774f061560f55edc256a787afe701677c0f602900	
t-v0-bit-55-1	t	d75a980182b10ab7d54bfed3c964073a0ee172f3daa62325af021a68f707511a	b6b4699f87d56126c9117a7da55bd0085246f4c56dbc95d20172612e9d38e8d7ca65e573a126ed88d4e30a46f80a666854d675cf3ba81de2de043c3774f061560f55edc256a787afe701677c0f602900	
t-v0-bit-55-2	t	d75a980182b10ab7d54bfed3c964073a0ee172f3daa62325af021a68f707511a	b6b4699f87d56126c9117a7da55bd0085246f4c56dbc95d20172612e9d38e8d7ca65e573a126ed88d4e30a46f80a666854d675cf3ba81de4de043c3774f061560f55edc256a787afe701677c0f602900	
t-v0-bit-55-3	t	d75a980182b10ab7d54bfed3c964073a0ee172f3daa62325af021a68f707511a	b6b4699f87d56126c9117a7da55bd0085246f4c56dbc95d20172612e9d38e8d7ca65e573a126ed88d4e30a46f80a666854d675cf3ba81de8de043c3774f061560f55edc256a787afe701677c0f602900	
t-v0-bit-55-4	t	d75a980182b10ab7d54bfed3c964073a0ee172f3daa62325af021a68f707511a	b6b4699f87d56126c9117a7da55bd0085246f4c56dbc95d20172612e9d38e8d7ca65e573a126ed88d4e30a46f80a666854d675cf3ba81df0de043c3774f061560f55edc256a787afe701677c0f602900	
t-v0-bit-55-5	t	d75a980182b10ab7d54bfed3c964073a0ee172f3daa62325af021a68f707511a	b6b4699f87d56126c9117a7da55bd0085246f4c56dbc95d20172612e9d38e8d7ca65e573a126ed88d4e30a46f80a666854d675cf3ba81dc0de043c3774f061560f55edc256a787afe701677c0f602900	
t-v0-bit-55-6	t	d75a980182b10ab7d54bfed3c964073a0ee172f3daa62325af021a68f707511a	b6b4699f87d56126c9117a7da55bd0085246f4c56dbc95d20172612e9d38e8d7ca65e573a126ed88d4e30a46f80a666854d675cf3ba81da0de043c3774f061560f55edc256a787afe701677c0f602900	
t-v0-bit-55-7	t	d75a980182b10ab7d54bfed3c964073a0ee172f3daa62325af021a68f707511a	b6b4699f87d56126c9117a7da55bd0085246f4c56dbc95d20172612e9d38e8d7ca65e573a126ed88d4e30a46f80a666854d675cf3ba81d60de043c3774f061560f55edc256a787afe701677c0f602900	
t-v0-bit-56-0	t	d75a980182b10ab7d54bfed3c964073a0ee172f3daa62325af021a68f707511a	b6b4699f87d56126c9117a7da55bd0085246f4c56dbc95d20172612e9d38e8d7ca65e573a126ed88d4e30a46f80a666854d675cf3ba81de0df043c3774f061560f55edc256a787afe701677c0f602900	
t-v0-bit-56-1	t	d75a980182b10ab7d54bfed3c964073a0ee172f3daa62325af021a68f707511a	b6b4699f87d56126c9117a7da55bd0085246f4c56dbc95d20172612e9d38e8d7ca65e573a126ed88d4e30a46f80a666854d675cf3ba81de0dc043c3774f061560f55edc256a787afe701677c0f602900	
t-v0-bit-56-2	t	d75a980182b10ab7d54bfed3c964073a0ee172f3daa62325af021a68f707511a	b6b4699f87d56126c9117a7da55bd0085246f4c56dbc95d20172612e9d38e8d7ca65e573a126ed88d4e30a46f80a666854d675cf3ba81de0da043c3774f061560f55edc256a787afe701677c0f602900	
t-v0-bit-56-3	t	d75a980182b10ab7d54bfed3c964073a0ee172f3daa62325af021a68f707511a	b6b4699f87d56126c9117a7da55bd0085246f4c56dbc95d20172612e9d38e8d7ca65e573a126ed88d4e30a46f80a666854d675cf3ba81de0d6043c3774f061560f55edc256a787afe701677c0f602900	
t-v0-bit-56-4	t	d75a980182b10ab7d54bfed3c964073a0ee172f3daa62325af021a68f707511a	b6b4699f87d56126c9117a7da55bd0085246f4c56dbc95d20172612e9d38e8d7ca65e573a126ed88d4e30a46f80a666854d675cf3ba81de0ce043c3774f061560f55edc256a787afe701677c0f602900	
t-v0-bit-56-5	t	d75a980182b10ab7d54bfed3c964073a0ee172f3daa62325af021a68f707511a	b6b4699f87d56126c9117a7da55bd0085246f4c56dbc95d20172612e9d38e8d7ca65e573a126ed88d4e30a46f80a666854d675cf3ba81de0fe043c3774f061560f55edc256a787afe701677c0f602900	
t-v0-bit-56-6	t	d75a980182b10ab7d54bfed3c964073a0ee172f3daa62325af021a68f707511a	b6b4699f87d56126c9117a7da55bd0085246f4c56dbc95d20172612e9d38e8d7ca65e573a126ed88d4e30a46f80a666854d675cf3ba81de09e043c3774f061560f55edc256a787afe701677c0f602900	
t-v0-bit-56-7	t	d75a980182b10ab7d54bfed3c964073a0ee172f3daa62325af021a68f707511a	b6b4699f87d56126c9117a7da55bd0085246f4c56dbc95d20172612e9d38e8d7ca65e573a126ed88d4e30a46f80a666854d675cf3ba81de05e043c3774f061560f55edc256a787afe701677c0f602900	
t-v0-bit-57-0	t	d75a980182b10ab7d54bfed3c964073a0ee172f3daa62325af021a68f707511a	b6b4699f87d56126c9117a7da55bd0085246f4c56dbc95d20172612e9d38e8d7ca65e573a126ed88d4e30a46f80a666854d675cf3ba81de0de053c3774f061560f55edc256a787afe701677c0f602900	
t-v0-bit-57-1	t	d75a980182b10ab7d54bfed3c964073a0ee172f3daa62325af021a68f707511a	b6b4699f87d56126c9117a7da55bd0085246f4c56dbc95d20172612e9d38e8d7ca65e573a126ed88d4e30a46f80a666854d675cf3ba81de0de063c3774f061560f55edc256a787afe701677c0f602900	
t-v0-bit-57-2	t	d75a980182b10ab7d54bfed3c964073a0ee172f3daa62325af021a68f707511a	b6b4699f87d56126c9117a7da55bd0085246f4c56dbc95d20172612e9d38e8d7ca65e573a126ed88d4e30a46f80a666854d675cf3ba81de0de003c3774f061560f55edc256a787afe701677c0f602900	
t-v0-bit-57-3	t	d75a980182b10ab7d54bfed3c964073a0ee172f3daa62325af021a68f707511a	b6b4699f87d56126c9117a7da55bd0085246f4c56dbc95d20172612e9d38e8d7ca65e573a126ed88d4e30a46f80a666854d675cf3ba81de0de0c3c3774f061560f55edc256a787afe701677c0f602900	
t-v0-bit-57-4	t	d75a980182b10ab7d54bfed3c964073a0ee172f3daa62325af021a68f707511a	b6b4699f87d56126c9117a7da55bd0085246f4c56dbc95d20172612e9d38e8d7ca65e573a126ed88d4e30a46f80a666854d675cf3ba81de0de143c3774f061560f55edc256a787afe701677c0f602900	
t-v0-bit-57-5	t	d75a980182b10ab7d54bfed3c964073a0ee172f3daa62325af021a68f707511a	b6b4699f87d56126c9117a7da55bd0085246f4c56dbc95d20172612e9d38e8d7ca65e573a126ed88d4e30a46f80a666854d675cf3ba81de0de243c3774f061560f55edc256a787afe701677c0f602900	
t-v0-bit-57-6	t	d75a980182b10ab7d54bfed3c964073a0ee172f3daa62325af021a68f707511a	b6b4699f87d56126c9117a7da55bd0085246f4c56dbc95d20172612e9d38e8d7ca65e573a126ed88d4e30a46f80a666854d675cf3ba81de0de443c3774f061560f55edc256a787afe701677c0f602900	
t-v0-bit-57-7	t	d75a980182b10ab7d54bfed3c964073a0ee172f3daa62325af021a68f707511a	b6b4699f87d56126c9117a7da55bd0085246f4c56dbc95d20172612e9d38e8d7ca65e573a126ed88d4e30a46f80a666854d675cf3ba81de0de843c3774f061560f55edc256a787afe701677c0f602900	
t-v0-bit-58-0	t	d75a980182b10ab7d54bfed3c964073a0ee172f3daa62325af021a68f707511a	b6b4699f87d56126c9117a7da55bd0085246f4c56dbc95d20172612e9d38e8d7ca65e573a126ed88d4e30a46f80a666854d675cf3ba81de0de043d3774f061560f55edc256a787afe701677c0f602900	
t-v0-bit-58-1	t	d75a980182b10ab7d54bfed3c964073a0ee172f3daa62325af021a68f707511a	b6b4699f87d56126c9117a7da55bd0085246f4c56dbc95d20172612e9d38e8d7ca65e573a126ed88d4e30a46f80a666854d675cf3ba81de0de043e3774f061560f55edc256a787afe701677c0f602900	
t-v0-bit-58-2	t	d75a980182b10ab7d54bfed3c964073a0ee172f3daa62325af021a68f707511a	b6b4699f87d56126c9117a7da55bd0085246f4c56dbc95d20172612e9d38e8d7ca65e573a126ed88d4e30a46f80a666854d675cf3ba81de0de04383774f061560f55edc256a787afe701677c0f602900	
t-v0-bit-58-3	t	d75a980182b10ab7d54bfed3c964073a0ee172f3daa62325af021a68f707511a	b6b4699f87d56126c9117a7da55bd0085246f4c56dbc95d20172612e9d38e8d7ca65e573a126ed88d4e30a46f80a666854d675cf3ba81de0de04343774f061560f55edc256a787afe701677c0f602900	
t-v0-bit-58-4	t	d75a980182b10ab7d54bfed3c964073a0ee172f3daa62325af021a68f707511a	b6b4699f87d56126c9117a7da55bd0085246f4c56dbc95d20172612e9d38e8d7ca65e573a126ed88d4e30a46f80a666854d675cf3ba81de0de042c3774f061560f55edc256a787afe701677c0f602900	
t-v0-bit-58-5	t	d75a980182b10ab7d54bfed3c964073a0ee172f3daa62325af021a68f707511a	b6b4699f87d56126c9117a7da55bd0085246f4c56dbc95d20172612e9d38e8d7ca65e573a126ed88d4e30a46f80a666854d675cf3ba81de0de041c3774f061560f55edc256a787afe701677c0f602900	
t-v0-bit-58-6	t	d75a980182b10ab7d54bfed3c964073a0ee172f3daa62325af021a68f707511a	b6b4699f87d56126c9117a7da55bd0085246f4c56dbc95d20172612e9d38e8d7ca65e573a126ed88d4e30a46f80a666854d675cf3ba81de0de047c3774f061560f55edc256a787afe701677c0f602900	
t-v0-bit-58-7	t	d75a980182b10ab7d54bfed3c964073a0ee172f3daa62325af021a68f707511a	b6b4699f87d56126c9117a7da55bd0085246f4c56dbc95d20172612e9d38e8d7ca65e573a126ed88d4e30a46f80a666854d675cf3ba81de0de04bc3774f061560f55edc256a787afe701677c0f602900	
t-v0-bit-59-0	t	d75a980182b10ab7d54bfed3c964073a0ee172f3daa62325af021a68f707511a	b6b4699f87d56126c9117a7da55bd0085246f4c56dbc95d20172612e9d38e8d7ca65e573a126ed88d4e30a46f80a666854d675cf3ba81de0de043c3674f061560f55edc256a787afe701677c0f602900	
t-v0-bit-59-1	t	d75a980182b10ab7d54bfed3c964073a0ee172f3daa62325af021a68f707511a	b6b4699f87d56126c9117a7da55bd0085246f4c56dbc95d20172612e9d38e8d7ca65e573a126ed88d4e30a46f80a666854d675cf3ba81de0de043c3574f061560f55edc256a787afe701677c0f602900	
t-v0-bit-59-2	t	d75a980182b10ab7d54bfed3c964073a0ee172f3daa62325af021a68f707511a	b6b4699f87d56126c9117a7da55bd0085246f4c56dbc95d20172612e9d38e8d7ca65e573a126ed88d4e30a46f80a666854d675cf3ba81de0de043c3374f061560f55edc256a787afe701677c0f602900	
t-v0-bit-59-3	t	d75a980182b10ab7d54bfed3c964073a0ee172f3daa62325af021a68f707511a	b6b4699f87d56126c9117a7da55bd0085246f4c56dbc95d20172612e9d38e8d7ca65e573a126ed88d4e30a46f80a666854d675cf3ba81de0de043c3f74f061560f55edc256a787afe701677c0f602900	
t-v0-bit-59-4	t	d75a980182b10ab7d54bfed3c964073a0ee172f3daa62325af021a68f707511a	b6b4699f87d56126c9117a7da55bd0085246f4c56dbc95d20172612e9d38e8d7ca65e573a126ed88d4e30a46f80a666854d675cf3ba81de0de043c2774f061560f55edc256a787afe701677c0f602900	
t-v0-bit-59-5	t	d75a980182b10ab7d54bfed3c964073a0ee172f3daa62325af021a68f707511a	b6b4699f87d56126c9117a7da55bd0085246f4c56dbc95d20172612e9d38e8d7ca65e573a126ed88d4e30a46f80a666854d675cf3ba81de0de043c1774f061560f55edc256a787afe701677c0f602900	
t-v0-bit-59-6	t	d75a980182b10ab7d54bfed3c964073a0ee172f3daa62325af021a68f707511a	b6b4699f87d56126c9117a7da55bd0085246f4c56dbc95d20172612e9d38e8d7ca65e573a126ed88d4e30a46f80a666854d675cf3ba81de0de043c7774f061560f55edc256a787afe701677c0f602900	
t-v0-bit-59-7	t	d75a980182b10ab7d54bfed3c964073a0ee172f3daa62325af021a68f707511a	b6b4699f87d56126c9117a7da55bd0085246f4c56dbc95d20172612e9d38e8d7ca65e573a126ed88d4e30a46f80a666854d675cf3ba81de0de043cb774f061560f55edc256a787afe701677c0f602900	
t-v0-bit-60-0	t	d75a980182b10ab7d54bfed3c964073a0ee172f3daa62325af021a68f707511a	b6b4699f87d56126c9117a7da55bd0085246f4c56dbc95d20172612e9d38e8d7ca65e573a126ed88d4e30a46f80a666854d675cf3ba81de0de043c3775f061560f55edc256a787afe701677c0f602900	
t-v0-bit-60-1	t	d75a980182b10ab7d54bfed3c964073a0ee172f3daa62325af021a68f707511a	b6b4699f87d56126c9117a7da55bd0085246f4c56dbc95d20172612e9d38e8d7ca65e573a126ed88d4e30a46f80a666854d675cf3ba81de0de043c3776f061560f55edc256a787afe701677c0f602900	
t-v0-bit-60-2	t	d75a980182b10ab7d54bfed3c964073a0ee172f3daa62325af021a68f707511a	b6b4699f87d56126c9117a7da55bd0085246f4c56dbc95d20172612e9d38e8d7ca65e573a126ed88d4e30a46f80a666854d675cf3ba81de0de043c3770f061560f55edc256a787afe701677c0f602900	
t-v0-bit-60-3	t	d75a980182b10ab7d54bfed3c964073a0ee172f3daa62325af021a68f707511a	b6b4699f87d56126c9117a7da55bd0085246f4c56dbc95d20172612e9d38e8d7ca65e573a126ed88d4e30a46f80a666854d675cf3ba81de0de043c377cf061560f55edc256a787afe701677c0f602900	
t-v0-bit-60-4	t	d75a980182b10ab7d54bfed3c964073a0ee172f3daa62325af021a68f707511a	b6b4699f87d56126c9117a7da55bd0085246f4c56dbc95d20172612e9d38e8d7ca65e573a126ed88d4e30a46f80a666854d675cf3ba81de0de043c3764f061560f55edc256a787afe701677c0f602900	
t-v0-bit-60-5	t	d75a980182b10ab7d54bfed3c964073a0ee172f3daa62325af021a68f707511a	b6b4699f87d56126c9117a7da55bd0085246f4c56dbc95d20172612e9d38e8d7ca65e573a126ed88d4e30a46f80a666854d675cf3ba81de0de043c3754f061560f55edc256a787afe701677c0f602900	
t-v0-bit-60-6	t	d75a980182b10ab7d54bfed3c964073a0ee172f3daa62325af021a68f707511a	b6b4699f87d56126c9117a7da55bd0085246f4c56dbc95d20172612e9d38e8d7ca65e573a126ed88d4e30a46f80a666854d675cf3ba81de0de043c3734f061560f55edc256a787afe701677c0f602900	
t-v0-bit-60-7	t	d75a980182b10ab7d54bfed3c964073a0ee172f3daa62325af021a68f707511a	b6b4699f87d56126c9117a7da55bd0085246f4c56dbc95d20172612e9d38e8d7ca65e573a126ed88d4e30a46f80a666854d675cf3ba81de0de043c37f4f061560f55edc256a787afe701677c0f602900	
t-v0-bit-61-0	t	d75a980182b10ab7d54bfed3c964073a0ee172f3daa62325af021a68f707511a	b6b4699f87d56126c9117a7da55bd0085246f4c56dbc95d20172612e9d38e8d7ca65e573a126ed88d4e30a46f80a666854d675cf3ba81de0de043c3774f161560f55edc256a787afe701677c0f602900	
t-v0-bit-61-1	t	d75a980182b10ab7d54bfed3c964073a0ee172f3daa62325af021a68f707511a	b6b4699f87d56126c9117a7da55bd0085246f4c56dbc95d20172612e9d38e8d7ca65e573a126ed88d4e30a46f80a666854d675cf3ba81de0de043c3774f261560f55edc256a787afe701677c0f602900	
t-v0-bit-61-2	t	d75a980182b10ab7d54bfed3c964073a0ee172f3daa62325af021a68f707511a	b6b4699f87d56126c9117a7da55bd0085246f4c56dbc95d20172612e9d38e8d7ca65e573a126ed88d4e30a46f80a666854d675cf3ba81de0de043c3774f461560f55edc256a787afe701677c0f602900	
t-v0-bit-61-3	t	d75a980182b10ab7d54bfed3c964073a0ee172f3daa62325af021a68f707511a	b6b4699f87d56126c9117a7da55bd0085246f4c56dbc95d20172612e9d38e8d7ca65e573a126ed88d4e30a46f80a666854d675cf3ba81de0de043c3774f861560f55edc256a787afe701677c0f602900	
t-v0-bit-61-4	t	d75a980182b10ab7d54bfed3c964073a0ee172f3daa62325af021a68f707511a	b6b4699f87d56126c9117a7da55bd0085246f4c56dbc95d20172612e9d38e8d7ca65e573a126ed88d4e30a46f80a666854d675cf3ba81de0de043c3774e061560f55edc256a787afe701677c0f602900	
t-v0-bit-61-5	t	d75a980182b10ab7d54bfed3c964073a0ee172f3daa62325af021a68f707511a	b6b4699f87d56126c9117a7da55bd0085246f4c56dbc95d20172612e9d38e8d7ca65e573a126ed88d4e30a46f80a666854d675cf3ba81de0de043c3774d061560f55edc256a787afe701677c0f602900	
t-v0-bit-61-6	t	d75a980182b10ab7d54bfed3c964073a0ee172f3daa62325af021a68f707511a	b6b4699f87d56126c9117a7da55bd0085246f4c56dbc95d20172612e9d38e8d7ca65e573a126ed88d4e30a46f80a666854d675cf3ba81de0de043c3774b061560f55edc256a787afe701677c0f602900	
t-v0-bit-61-7	t	d75a980182b10ab7d54bfed3c964073a0ee172f3daa62325af021a68f707511a	b6b4699f87d56126c9117a7da55bd0085246f4c56dbc95d20172612e9d38e8d7ca65e573a126ed88d4e30a46f80a666854d675cf3ba81de0de043c37747061560f55edc256a787afe701677c0f602900	
t-v0-bit-62-0	t	d75a980182b10ab7d54bfed3c964073a0ee172f3daa62325af021a68f707511a	b6b4699f87d56126c9117a7da55bd0085246f4c56dbc95d20172612e9d38e8d7ca65e573a126ed88d4e30a46f80a666854d675cf3ba81de0de043c3774f060560f55edc256a787afe701677c0f602900	
t-v0-bit-62-1	t	d75a980182b10ab7d54bfed3c964073a0ee172f3daa62325af021a68f707511a	b6b4699f87d56126c9117a7da55bd0085246f4c56dbc95d20172612e9d38e8d7ca65e573a126ed88d4e30a46f80a666854d675cf3ba81de0de043c3774f063560f55edc256a787afe701677c0f602900	
t-v0-bit-62-2	t	d75a980182b10ab7d54bfed3c964073a0ee172f3daa62325af021a68f707511a	b6b4699f87d56126c9117a7da55bd0085246f4c56dbc95d20172612e9d38e8d7ca65e573a126ed88d4e30a46f80a666854d675cf3ba81de0de043c3774f065560f55edc256a787afe701677c0f602900	
t-v0-bit-62-3	t	d75a980182b10ab7d54bfed3c964073a0ee172f3daa62325af021a68f707511a	b6b4699f87d56126c9117a7da55bd0085246f4c56dbc95d20172612e9d38e8d7ca65e573a126ed88d4e30a46f80a666854d675cf3ba81de0de043c3774f069560f55edc256a787afe701677c0f602900	
t-v0-bit-62-4	t	d75a980182b10ab7d54bfed3c964073a0ee172f3daa62325af021a68f707511a	b6b4699f87d56126c9117a7da55bd0085246f4c56dbc95d20172612e9d38e8d7ca65e573a126ed88d4e30a46f80a666854d675cf3ba81de0de043c3774f071560f55edc256a787afe701677c0f602900	
t-v0-bit-62-5	t	d75a980182b10ab7d54bfed3c964073a0ee172f3daa62325af021a68f707511a	b6b4699f87d56126c9117a7da55bd0085246f4c56dbc95d20172612e9d38e8d7ca65e573a126ed88d4e30a46f80a666854d675cf3ba81de0de043c3774f041560f55edc256a787afe701677c0f602900	
t-v0-bit-62-6	t	d75a980182b10ab7d54bfed3c964073a0ee172f3daa62325af021a68f707511a	b6b4699f87d56126c9117a7da55bd0085246f4c56dbc95d20172612e9d38e8d7ca65e573a126ed88d4e30a46f80a666854d675cf3ba81de0de043c3774f021560f55edc256a787afe701677c0f602900	
t-v0-bit-62-7	t	d75a980182b10ab7d54bfed3c964073a0ee172f3daa62325af021a68f707511a	b6b4699f87d56126c9117a7da55bd0085246f4c56dbc95d20172612e9d38e8d7ca65e573a126ed88d4e30a46f80a666854d675cf3ba81de0de043c3774f0e1560f55edc256a787afe701677c0f602900	
t-v0-bit-63-0	t	d75a980182b10ab7d54bfed3c964073a0ee172f3daa62325af021a68f707511a	b6b4699f87d56126c9117a7da55bd0085246f4c56dbc95d20172612e9d38e8d7ca65e573a126ed88d4e30a46f80a666854d675cf3ba81de0de043c3774f061570f55edc256a787afe701677c0f602900	
t-v0-bit-63-1	t	d75a980182b10ab7d54bfed3c964073a0ee172f3daa62325af021a68f707511a	b6b4699f87d56126c9117a7da55bd0085246f4c56dbc95d20172612e9d38e8d7ca65e573a126ed88d4e30a46f80a666854d675cf3ba81de0de043c3774f061540f55edc256a787afe701677c0f602900	
t-v0-bit-63-2	t	d75a980182b10ab7d54bfed3c964073a0ee172f3daa62325af021a68f707511a	b6b4699f87d56126c9117a7da55bd0085246f4c56dbc95d20172612e9d38e8d7ca65e573a126ed88d4e30a46f80a666854d675cf3ba81de0de043c3774f061520f55edc256a787afe701677c0f602900	
t-v0-bit-63-3	t	d75a980182b10ab7d54bfed3c964073a0ee172f3daa62325af021a68f707511a	b6b4699f87d56126c9117a7da55bd0085246f4c56dbc95d20172612e9d38e8d7ca65e573a126ed88d4e30a46f80a666854d675cf3ba81de0de043c3774f0615e0f55edc256a787afe701677c0f602900	
t-v0-bit-63-4	t	d75a980182b10ab7d54bfed3c964073a0ee172f3daa62325af021a68f707511a	b6b4699f87d56126c9117a7da55bd0085246f4c56dbc95d20172612e9d38e8d7ca65e573a126ed88d4e30a46f80a666854d675cf3ba81de0de043c3774f061460f55edc256a787afe701677c0f602900	
t-v0-bit-63-5	t	d75a980182b10ab7d54bfed3c964073a0ee172f3daa62325af021a68f707511a	b6b4699f87d56126c9117a7da55bd0085246f4c56dbc95d20172612e9d38e8d7ca65e573a126ed88d4e30a46f80a666854d675cf3ba81de0de043c3774f061760f55edc256a787afe701677c0f602900	
t-v0-bit-63-6	t	d75a980182b10ab7d54bfed3c964073a0ee172f3daa62325af021a68f707511a	b6b4699f87d56126c9117a7da55bd0085246f4c56dbc95d20172612e9d38e8d7ca65e573a126ed88d4e30a46f80a666854d675cf3ba81de0de043c3774f061160f55edc256a787afe701677c0f602900	
t-v0-bit-63-7	t	d75a980182b10ab7d54bfed3c964073a0ee172f3daa62325af021a68f707511a	b6b4699f87d56126c9117a7da55bd0085246f4c56dbc95d20172612e9d38e8d7ca65e573a126ed88d4e30a46f80a666854d675cf3ba81de0de043c3774f061d60f55edc256a787afe701677c0f602900	
t-v0-bit-64-0	t	d75a980182b10ab7d54bfed3c964073a0ee172f3daa62325af021a68f707511a	b6b4699f87d56126c9117a7da55bd0085246f4c56dbc95d20172612e9d38e8d7ca65e573a126ed88d4e30a46f80a666854d675cf3ba81de0de043c3774f061560e55edc256a787afe701677c0f602900	
t-v0-bit-64-1	t	d75a980182b10ab7d54bfed3c964073a0ee172f3daa62325af021a68f707511a	b6b4699f87d56126c9117a7da55bd0085246f4c56dbc95d20172612e9d38e8d7ca65e573a126ed88d4e30a46f80a666854d675cf3ba81de0de043c3774f061560d55edc256a787afe701677c0f602900	
t-v0-bit-64-2	t	d75a980182b10ab7d54bfed3c964073a0ee172f3daa62325af021a68f707511a	b6b4699f87d56126c9117a7da55bd0085246f4c56dbc95d20172612e9d38e8d7ca65e573a126ed88d4e30a46f80a666854d675cf3ba81de0de043c3774f061560b55edc256a787afe701677c0f602900	
t-v0-bit-64-3	t	d75a980182b10ab7d54bfed3c964073a0ee172f3daa62325af021a68f707511a	b6b4699f87d56126c9117a7da55bd0085246f4c56dbc95d20172612e9d38e8d7ca65e573a126ed88d4e30a46f80a666854d675cf3ba81de0de043c3774f061560755edc256a787afe701677c0f602900	
t-v0-bit-64-4	t	d75a980182b10ab7d54bfed3c964073a0ee172f3daa62325af021a68f707511a	b6b4699f87d56126c9117a7da55bd0085246f4c56dbc95d20172612e9d38e8d7ca65e573a126ed88d4e30a46f80a666854d675cf3ba81de0de043c3774f061561f55edc256a787afe701677c0f602900	
t-v0-bit-64-5	t	d75a980182b10ab7d54bfed3c964073a0ee172f3daa62325af021a68f707511a	b6b4699f87d56126c9117a7da55bd0085246f4c56dbc95d20172612e9d38e8d7ca65e573a126ed88d4e30a46f80a666854d675cf3ba81de0de043c3774f061562f55edc256a787afe701677c0f602900	
t-v0-bit-64-6	t	d75a980182b10ab7d54bfed3c964073a0ee172f3daa62325af021a68f707511a	b6b4699f87d56126c9117a7da55bd0085246f4c56dbc95d20172612e9d38e8d7ca65e573a126ed88d4e30a46f80a666854d675cf3ba81de0de043c3774f061564f55edc256a787afe701677c0f602900	
t-v0-bit-64-7	t	d75a980182b10ab7d54bfed3c964073a0ee172f3daa62325af021a68f707511a	b6b4699f87d56126c9117a7da55bd0085246f4c56dbc95d20172612e9d38e8d7ca65e573a126ed88d4e30a46f80a666854d675cf3ba81de0de043c3774f061568f55edc256a787afe701677c0f602900	
t-v0-bit-65-0	t	d75a980182b10ab7d54bfed3c964073a0ee172f3daa62325af021a68f707511a	b6b4699f87d56126c9117a7da55bd0085246f4c56dbc95d20172612e9d38e8d7ca65e573a126ed88d4e30a46f80a666854d675cf3ba81de0de043c3774f061560f54edc256a787afe701677c0f602900	
t-v0-bit-65-1	t	d75a980182b10ab7d54bfed3c964073a0ee172f3daa62325af021a68f707511a	b6b4699f87d56126c9117a7da55bd0085246f4c56dbc95d20172612e9d38e8d7ca65e573a126ed88d4e30a46f80a666854d675cf3ba81de0de043c3774f061560f57edc256a787afe701677c0f602900	
t-v0-bit-65-2	t	d75a980182b10ab7d54bfed3c964073a0ee172f3daa62325af021a68f707511a	b6b4699f87d56126c9117a7da55bd0085246f4c56dbc95d20172612e9d38e8d7ca65e573a126ed88d4e30a46f80a666854d675cf3ba81de0de043c3774f061560f51edc256a787afe701677c0f602900	
t-v0-bit-65-3	t	d75a980182b10ab7d54bfed3c964073a0ee172f3daa62325af021a68f707511a	b6b4699f87d56126c9117a7da55bd0085246f4c56dbc95d20172612e9d38e8d7ca65e573a126ed88d4e30a46f80a666854d675cf3ba81de0de043c3774f061560f5dedc256a787afe701677c0f602900	
t-v0-bit-65-4	t	d75a980182b10ab7d54bfed3c964073a0ee172f3daa62325af021a68f707511a	b6b4699f87d56126c9117a7da55bd0085246f4c56dbc95d20172612e9d38e8d7ca65e573a126ed88d4e30a46f80a666854d675cf3ba81de0de043c3774f061560f45edc256a787afe701677c0f602900	
t-v0-bit-65-5	t	d75a980182b10ab7d54bfed3c964073a0ee172f3daa62325af021a68f707511a	b6b4699f87d56126c9117a7da55bd0085246f4c56dbc95d20172612e9d38e8d7ca65e573a126ed88d4e30a46f80a666854d675cf3ba81de0de043c3774f061560f75edc256a787afe701677c0f602900	
t-v0-bit-65-6	t	d75a980182b10ab7d54bfed3c964073a0ee172f3daa62325af021a68f707511a	b6b4699f87d56126c9117a7da55bd0085246f4c56dbc95d20172612e9d38e8d7ca65e573a126ed88d4e30a46f80a666854d675cf3ba81de0de043c3774f061560f15edc256a787afe701677c0f602900	
t-v0-bit-65-7	t	d75a980182b10ab7d54bfed3c964073a0ee172f3daa62325af021a68f707511a	b6b4699f87d56126c9117a7da55bd0085246f4c56dbc95d20172612e9d38e8d7ca65e573a126ed88d4e30a46f80a666854d675cf3ba81de0de043c3774f061560fd5edc256a787afe701677c0f602900	
t-v0-bit-66-0	t	d75a980182b10ab7d54bfed3c964073a0ee172f3daa62325af021a68f707511a	b6b4699f87d56126c9117a7da55bd0085246f4c56dbc95d20172612e9d38e8d7ca65e573a126ed88d4e30a46f80a666854d675cf3ba81de0de043c3774f061560f55ecc256a787afe701677c0f602900	
t-v0-bit-66-1	t	d75a980182b10ab7d54bfed3c964073a0ee172f3daa62325af021a68f707511a	b6b4699f87d56126c9117a7da55bd0085246f4c56dbc95d20172612e9d38e8d7ca65e573a126ed88d4e30a46f80a666854d675cf3ba81de0de043c3774f061560f55efc256a787afe701677c0f602900	
t-v0-bit-66-2	t	d75a980182b10ab7d54bfed3c964073a0ee172f3daa62325af021a68f707511a	b6b4699f87d56126c9117a7da55bd0085246f4c56dbc95d20172612e9d38e8d7ca65e573a126ed88d4e30a46f80a666854d675cf3ba81de0de043c3774f061560f55e9c256a787afe701677c0f602900	
t-v0-bit-66-3	t	d75a980182b10ab7d54bfed3c964073a0ee172f3daa62325af021a68f707511a	b6b4699f87d56126c9117a7da55bd0085246f4c56dbc95d20172612e9d38e8d7ca65e573a126ed88d4e30a46f80a666854d675cf3ba81de0de043c3774f061560f55e5c256a787afe701677c0f602900	
t-v0-bit-66-4	t	d75a980182b10ab7d54bfed3c964073a0ee172f3daa62325af021a68f707511a	b6b4699f87d56126c9117a7da55bd0085246f4c56dbc95d20172612e9d38e8d7ca65e573a126ed88d4e30a46f80a666854d675cf3ba81de0de043c3774f061560f55fdc256a787afe701677c0f602900	
t-v0-bit-66-5	t	d75a980182b10ab7d54bfed3c964073a0ee172f3daa62325af021a68f707511a	b6b4699f87d56126c9117a7da55bd0085246f4c56dbc95d20172612e9d38e8d7ca65e573a126ed88d4e30a46f80a666854d675cf3ba81de0de043c3774f061560f55cdc256a787afe701677c0f602900	
t-v0-bit-66-6	t	d75a980182b10ab7d54bfed3c964073a0ee172f3daa62325af021a68f707511a	b6b4699f87d56126c9117a7da55bd0085246f4c56dbc95d20172612e9d38e8d7ca65e573a126ed88d4e30a46f80a666854d675cf3ba81de0de043c3774f061560f55adc256a787afe701677c0f602900	
t-v0-bit-66-7	t	d75a980182b10ab7d54bfed3c964073a0ee172f3daa62325af021a68f707511a	b6b4699f87d56126c9117a7da55bd0085246f4c56dbc95d20172612e9d38e8d7ca65e573a126ed88d4e30a46f80a666854d675cf3ba81de0de043c3774f061560f556dc256a787afe701677c0f602900	
t-v0-bit-67-0	t	d75a980182b10ab7d54bfed3c964073a0ee172f3daa62325af021a68f707511a	b6b4699f87d56126c9117a7da55bd0085246f4c56dbc95d20172612e9d38e8d7ca65e573a126ed88d4e30a46f80a666854d675cf3ba81de0de043c3774f061560f55edc356a787afe701677c0f602900	
t-v0-bit-67-1	t	d75a980182b10ab7d54bfed3c964073a0ee172f3daa62325af021a68f707511a	b6b4699f87d56126c9117a7da55bd0085246f4c56dbc95d20172612e9d38e8d7ca65e573a126ed88d4e30a46f80a666854d675cf3ba81de0de043c3774f061560f55edc056a787afe701677c0f602900	
t-v0-bit-67-2	t	d75a980182b10ab7d54bfed3c964073a0ee172f3daa62325af021a68f707511a	b6b4699f87d56126c9117a7da55bd0085246f4c56dbc95d20172612e9d38e8d7ca65e573a126ed88d4e30a46f80a666854d675cf3ba81de0de043c3774f061560f55edc656a787afe701677c0f602900	
t-v0-bit-67-3	t	d75a980182b10ab7d54bfed3c964073a0ee172f3daa62325af021a68f707511a	b6b4699f87d56126c9117a7da55bd0085246f4c56dbc95d20172612e9d38e8d7ca65e573a126ed88d4e30a46f80a666854d675cf3ba81de0de043c3774f061560f55edca56a787afe701677c0f602900	
t-v0-bit-67-4	t	d75a980182b10ab7d54bfed3c964073a0ee172f3daa62325af021a68f707511a	b6b4699f87d56126c9117a7da55bd0085246f4c56dbc95d20172612e9d38e8d7ca65e573a126ed88d4e30a46f80a666854d675cf3ba81de0de043c3774f061560f55edd256a787afe701677c0f602900	
t-v0-bit-67-5	t	d75a980182b10ab7d54bfed3c964073a0ee172f3daa62325af021a68f707511a	b6b4699f87d56126c9117a7da55bd0085246f4c56dbc95d20172612e9d38e8d7ca65e573a126ed88d4e30a46f80a666854d675cf3ba81de0de043c3774f061560f55ede256a787afe701677c0f602900	
t-v0-bit-67-6	t	d75a980182b10ab7d54bfed3c964073a0ee172f3daa62325af021a68f707511a	b6b4699f87d56126c9117a7da55bd0085246f4c56dbc95d20172612e9d38e8d7ca65e573a126ed88d4e30a46f80a666854d675cf3ba81de0de043c3774f061560f55ed8256a787afe701677c0f602900	
t-v0-bit-67-7	t	d75a980182b10ab7d54bfed3c964073a0ee172f3daa62325af021a68f707511a	b6b4699f87d56126c9117a7da55bd0085246f4c56dbc95d20172612e9d38e8d7ca65e573a126ed88d4e30a46f80a666854d675cf3ba81de0de043c3774f061560f55ed4256a787afe701677c0f602900	
t-v0-bit-68-0	t	d75a980182b10ab7d54bfed3c964073a0ee172f3daa62325af021a68f707511a	b6b4699f87d56126c9117a7da55bd0085246f4c56dbc95d20172612e9d38e8d7ca65e573a126ed88d4e30a46f80a666854d675cf3ba81de0de043c3774f061560f55edc257a787afe701677c0f602900	
t-v0-bit-68-1	t	d75a980182b10ab7d54bfed3c964073a0ee172f3daa62325af021a68f707511a	b6b4699f87d56126c9117a7da55bd0085246f4c56dbc95d20172612e9d38e8d7ca65e573a126ed88d4e30a46f80a666854d675cf3ba81de0de043c3774f061560f55edc254a787afe701677c0f602900	
t-v0-bit-68-2	t	d75a980182b10ab7d54bfed3c964073a0ee172f3daa62325af021a68f707511a	b6b4699f87d56126c9117a7da55bd0085246f4c56dbc95d20172612e9d38e8d7ca65e573a126ed88d4e30a46f80a666854d675cf3ba81de0de043c3774f061560f55edc252a787afe701677c0f602900	
t-v0-bit-68-3	t	d75a980182b10ab7d54bfed3c964073a0ee172f3daa62325af021a68f707511a	b6b4699f87d56126c9117a7da55bd0085246f4c56dbc95d20172612e9d38e8d7ca65e573a126ed88d4e30a46f80a666854d675cf3ba81de0de043c3774f061560f55edc25ea787afe701677c0f602900	
t-v0-bit-68-4	t	d75a980182b10ab7d54bfed3c964073a0ee172f3daa62325af021a68f707511a	b6b4699f87d56126c9117a7da55bd0085246f4c56dbc95d20172612e9d38e8d7ca65e573a126ed88d4e30a46f80a666854d675cf3ba81de0de043c3774f061560f55edc246a787afe701677c0f602900	
t-v0-bit-68-5	t	d75a980182b10ab7d54bfed3c964073a0ee172f3daa62325af021a68f707511a	b6b4699f87d56126c9117a7da55bd0085246f4c56dbc95d20172612e9d38e8d7ca65e573a126ed88d4e30a46f80a666854d675cf3ba81de0de043c3774f061560f55edc276a787afe701677c0f602900	
t-v0-bit-68-6	t	d75a980182b10ab7d54bfed3c964073a0ee172f3daa62325af021a68f707511a	b6b4699f87d56126c9117a7da55bd0085246f4c56dbc95d20172612e9d38e8d7ca65e573a126ed88d4e30a46f80a666854d675cf3ba81de0de043c3774f061560f55edc216a787afe701677c0f602900	
t-v0-bit-68-7	t	d75a980182b10ab7d54bfed3c964073a0ee172f3daa62325af021a68f707511a	b6b4699f87d56126c9117a7da55bd0085246f4c56dbc95d20172612e9d38e8d7ca65e573a126ed88d4e30a46f80a666854d675cf3ba81de0de043c3774f061560f55edc2d6a787afe701677c0f602900	
t-v0-bit-69-0	t	d75a980182b10ab7d54bfed3c964073a0ee172f3daa62325af021a68f707511a	b6b4699f87d56126c9117a7da55bd0085246f4c56dbc95d20172612e9d38e8d7ca65e573a126ed88d4e30a46f80a666854d675cf3ba81de0de043c3774f061560f55edc256a687afe701677c0f602900	
t-v0-bit-69-1	t	d75a980182b10ab7d54bfed3c964073a0ee172f3daa62325af021a68f707511a	b6b4699f87d56126c9117a7da55bd0085246f4c56dbc95d20172612e9d38e8d7ca65e573a126ed88d4e30a46f80a666854d675cf3ba81de0de043c3774f061560f55edc256a587afe701677c0f602900	
t-v0-bit-69-2	t	d75a980182b10ab7d54bfed3c964073a0ee172f3daa62325af021a68f707511a	b6b4699f87d56126c9117a7da55bd0085246f4c56dbc95d20172612e9d38e8d7ca65e573a126ed88d4e30a46f80a666854d675cf3ba81de0de043c3774f061560f55edc256a387afe701677c0f602900	
t-v0-bit-69-3	t	d75a980182b10ab7d54bfed3c964073a0ee172f3daa62325af021a68f707511a	b6b4699f87d56126c9117a7da55bd0085246f4c56dbc95d20172612e9d38e8d7ca65e573a126ed88d4e30a46f80a666854d675cf3ba81de0de043c3774f061560f55edc256af87afe701677c0f602900	
t-v0-bit-69-4	t	d75a980182b10ab7d54bfed3c964073a0ee172f3daa62325af021a68f707511a	b6b4699f87d56126c9117a7da55bd0085246f4c56dbc95d20172612e9d38e8d7ca65e573a126ed88d4e30a46f80a666854d675cf3ba81de0de043c3774f061560f55edc256b787afe701677c0f602900	
t-v0-bit-69-5	t	d75a980182b10ab7d54bfed3c964073a0ee172f3daa62325af021a68f707511a	b6b4699f87d56126c9117a7da55bd0085246f4c56dbc95d20172612e9d38e8d7ca65e573a126ed88d4e30a46f80a666854d675cf3ba81de0de043c3774f061560f55edc2568787afe701677c0f602900	
t-v0-bit-69-6	t	d75a980182b10ab7d54bfed3c964073a0ee172f3daa62325af021a68f707511a	b6b4699f87d56126c9117a7da55bd0085246f4c56dbc95d20172612e9d38e8d7ca65e573a126ed88d4e30a46f80a666854d675cf3ba81de0de043c3774f061560f55edc256e787afe701677c0f602900	
t-v0-bit-69-7	t	d75a980182b10ab7d54bfed3c964073a0ee172f3daa62325af021a68f707511a	b6b4699f87d56126c9117a7da55bd0085246f4c56dbc95d20172612e9d38e8d7ca65e573a126ed88d4e30a46f80a666854d675cf3ba81de0de043c3774f061560f55edc2562787afe701677c0f602900	
t-v0-bit-70-0	t	d75a980182b10ab7d54bfed3c964073a0ee172f3daa62325af021a68f707511a	b6b4699f87d56126c9117a7da55bd0085246f4c56dbc95d20172612e9d38e8d7ca65e573a126ed88d4e30a46f80a666854d675cf3ba81de0de043c3774f061560f55edc256a786afe701677c0f602900	
t-v0-bit-70-1	t	d75a980182b10ab7d54bfed3c964073a0ee172f3daa62325af021a68f707511a	b6b4699f87d56126c9117a7da55bd0085246f4c56dbc95d20172612e9d38e8d7ca65e573a126ed88d4e30a46f80a666854d675cf3ba81de0de043c3774f061560f55edc256a785afe701677c0f602900	
t-v0-bit-70-2	t	d75a980182b10ab7d54bfed3c964073a0ee172f3daa62325af021a68f707511a	b6b4699f87d56126c9117a7da55bd0085246f4c56dbc95d20172612e9d38e8d7ca65e573a126ed88d4e30a46f80a666854d675cf3ba81de0de043c3774f061560f55edc256a783afe701677c0f602900	
t-v0-bit-70-3	t	d75a980182b10ab7d54bfed3c964073a0ee172f3daa62325af021a68f707511a	b6b4699f87d56126c9117a7da55bd0085246f4c56dbc95d20172612e9d38e8d7ca65e573a126ed88d4e30a46f80a666854d675cf3ba81de0de043c3774f061560f55edc256a78fafe701677c0f602900	
t-v0-bit-70-4	t	d75a980182b10ab7d54bfed3c964073a0ee172f3daa62325af021a68f707511a	b6b4699f87d56126c9117a7da55bd0085246f4c56dbc95d20172612e9d38e8d7ca65e573a126ed88d4e30a46f80a666854d675cf3ba81de0de043c3774f061560f55edc256a797afe701677c0f602900	
t-v0-bit-70-5	t	d75a980182b10ab7d54bfed3c964073a0ee172f3daa62325af021a68f707511a	b6b4699f87d56126c9117a7da55bd0085246f4c56dbc95d20172612e9d38e8d7ca65e573a126ed88d4e30a46f80a666854d675cf3ba81de0de043c3774f061560f55edc256a7a7afe701677c0f602900	
t-v0-bit-70-6	t	d75a980182b10ab7d54bfed3c964073a0ee172f3daa62325af021a68f707511a	b6b4699f87d56126c9117a7da55bd0085246f4c56dbc95d20172612e9d38e8d7ca65e573a126ed88d4e30a46f80a666854d675cf3ba81de0de043c3774f061560f55edc256a7c7afe701677c0f602900	
t-v0-bit-70-7	t	d75a980182b10ab7d54bfed3c964073a0ee172f3daa62325af021a68f707511a	b6b4699f87d56126c9117a7da55bd0085246f4c56dbc95d20172612e9d38e8d7ca65e573a126ed88d4e30a46f80a666854d675cf3ba81de0de043c3774f061560f55edc256a707afe701677c0f602900	
t-v0-bit-71-0	t	d75a980182b10ab7d54bfed3c964073a0ee172f3daa62325af021a68f707511a	b6b4699f87d56126c9117a7da55bd0085246f4c56dbc95d20172612e9d38e8d7ca65e573a126ed88d4e30a46f80a666854d675cf3ba81de0de043c3774f061560f55edc256a787aee701677c0f602900	
t-v0-bit-71-1	t	d75a980182b10ab7d54bfed3c964073a0ee172f3daa62325af021a68f707511a	b6b4699f87d56126c9117a7da55bd0085246f4c56dbc95d20172612e9d38e8d7ca65e573a126ed88d4e30a46f80a666854d675cf3ba81de0de043c3774f061560f55edc256a787ade701677c0f602900	
t-v0-bit-71-2	t	d75a980182b10ab7d54bfed3c964073a0ee172f3daa62325af021a68f707511a	b6b4699f87d56126c9117a7da55bd0085246f4c56dbc95d20172612e9d38e8d7ca65e573a126ed88d4e30a46f80a666854d675cf3ba81de0de043c3774f061560f55edc256a787abe701677c0f602900	
t-v0-bit-71-3	t	d75a980182b10ab7d54bfed3c964073a0ee172f3daa62325af021a68f707511a	b6b4699f87d56126c9117a7da55bd0085246f4c56dbc95d20172612e9d38e8d7ca65e573a126ed88d4e30a46f80a666854d675cf3ba81de0de043c3774f061560f55edc256a787a7e701677c0f602900	
t-v0-bit-71-4	t	d75a980182b10ab7d54bfed3c964073a0ee172f3daa62325af021a68f707511a	b6b4699f87d56126c9117a7da55bd0085246f4c56dbc95d20172612e9d38e8d7ca65e573a126ed88d4e30a46f80a666854d675cf3ba81de0de043c3774f061560f55edc256a787bfe701677c0f602900	
t-v0-bit-71-5	t	d75a980182b10ab7d54bfed3c964073a0ee172f3daa62325af021a68f707511a	b6b4699f87d56126c9117a7da55bd0085246f4c56dbc95d20172612e9d38e8d7ca65e573a126ed88d4e30a46f80a666854d675cf3ba81de0de043c3774f061560f55edc256a7878fe701677c0f602900	
t-v0-bit-71-6	t	d75a980182b10ab7d54bfed3c964073a0ee172f3daa62325af021a68f707511a	b6b4699f87d56126c9117a7da55bd0085246f4c56dbc95d20172612e9d38e8d7ca65e573a126ed88d4e30a46f80a666854d675cf3ba81de0de043c3774f061560f55edc256a787efe701677c0f602900	
t-v0-bit-71-7	t	d75a980182b10ab7d54bfed3c964073a0ee172f3daa62325af021a68f707511a	b6b4699f87d56126c9117a7da55bd0085246f4c56dbc95d20172612e9d38e8d7ca65e573a126ed88d4e30a46f80a666854d675cf3ba81de0de043c3774f061560f55edc256a7872fe701677c0f602900	
t-v0-bit-72-0	t	d75a980182b10ab7d54bfed3c964073a0ee172f3daa62325af021a68f707511a	b6b4699f87d56126c9117a7da55bd0085246f4c56dbc95d20172612e9d38e8d7ca65e573a126ed88d4e30a46f80a666854d675cf3ba81de0de043c3774f061560f55edc256a787afe601677c0f602900	
t-v0-bit-72-1	t	d75a980182b10ab7d54bfed3c964073a0ee172f3daa62325af021a68f707511a	b6b4699f87d56126c9117a7da55bd0085246f4c56dbc95d20172612e9d38e8d7ca65e573a126ed88d4e30a46f80a666854d675cf3ba81de0de043c3774f061560f55edc256a787afe501677c0f602900	
t-v0-bit-72-2	t	d75a980182b10ab7d54bfed3c964073a0ee172f3daa62325af021a68f707511a	b6b4699f87d56126c9117a7da55bd0085246f4c56dbc95d20172612e9d38e8d7ca65e573a126ed88d4e30a46f80a666854d675cf3ba81de0de043c3774f061560f55edc256a787afe301677c0f602900	
t-v0-bit-72-3	t	d75a980182b10ab7d54bfed3c964073a0ee172f3daa62325af021a68f707511a	b6b4699f87d56126c9117a7da55bd0085246f4c56dbc95d20172612e9d38e8d7ca65e573a126ed88d4e30a46f80a666854d675cf3ba81de0de043c3774f061560f55edc256a787afef01677c0f602900	
t-v0-bit-72-4	t	d75a980182b10ab7d54bfed3c964073a0ee172f3daa62325af021a68f707511a	b6b4699f87d56126c9117a7da55bd0085246f4c56dbc95d20172612e9d38e8d7ca65e573a126ed88d4e30a46f80a666854d675cf3ba81de0de043c3774f061560f55edc256a787aff701677c0f602900	
t-v0-bit-72-5	t	d75a980182b10ab7d54bfed3c964073a0ee172f3daa62325af021a68f707511a	b6b4699f87d56126c9117a7da55bd0085246f4c56dbc95d20172612e9d38e8d7ca65e573a126ed88d4e30a46f80a666854d675cf3ba81de0de043c3774f061560f55edc256a787afc701677c0f602900	
t-v0-bit-72-6	t	d75a980182b10ab7d54bfed3c964073a0ee172f3daa62325af021a68f707511a	b6b4699f87d56126c9117a7da55bd0085246f4c56dbc95d20172612e9d38e8d7ca65e573a126ed88d4e30a46f80a666854d675cf3ba81de0de043c3774f061560f55edc256a787afa701677c0f602900	
t-v0-bit-72-7	t	d75a980182b10ab7d54bfed3c964073a0ee172f3daa62325af021a68f707511a	b6b4699f87d56126c9117a7da55bd0085246f4c56dbc95d20172612e9d38e8d7ca65e573a126ed88d4e30a46f80a666854d675cf3ba81de0de043c3774f061560f55edc256a787af6701677c0f602900	
t-v0-bit-73-0	t	d75a980182b10ab7d54bfed3c964073a0ee172f3daa62325af021a68f707511a	b6b4699f87d56126c9117a7da55bd0085246f4c56dbc95d20172612e9d38e8d7ca65e573a126ed88d4e30a46f80a666854d675cf3ba81de0de043c3774f061560f55edc256a787afe700677c0f602900	
t-v0-bit-73-1	t	d75a980182b10ab7d54bfed3c964073a0ee172f3daa62325af021a68f707511a	b6b4699f87d56126c9117a7da55bd0085246f4c56dbc95d20172612e9d38e8d7ca65e573a126ed88d4e30a46f80a666854d675cf3ba81de0de043c3774f061560f55edc256a787afe703677c0f602900	
t-v0-bit-73-2	t	d75a980182b10ab7d54bfed3c964073a0ee172f3daa62325af021a68f707511a	b6b4699f87d56126c9117a7da55bd0085246f4c56dbc95d20172612e9d38e8d7ca65e573a126ed88d4e30a46f80a666854d675cf3ba81de0de043c3774f061560f55edc256a787afe705677c0f602900	
t-v0-bit-73-3	t	d75a980182b10ab7d54bfed3c964073a0ee172f3daa62325af021a68f707511a	b6b4699f87d56126c9117a7da55bd0085246f4c56dbc95d20172612e9d38e8d7ca65e573a126ed88d4e30a46f80a666854d675cf3ba81de0de043c3774f061560f55edc256a787afe709677c0f602900	
t-v0-bit-73-4	t	d75a980182b10ab7d54bfed3c964073a0ee172f3daa62325af021a68f707511a	b6b4699f87d56126c9117a7da55bd0085246f4c56dbc95d20172612e9d38e8d7ca65e573a126ed88d4e30a46f80a666854d675cf3ba81de0de043c3774f061560f55edc256a787afe711677c0f602900	
t-v0-bit-73-5	t	d75a980182b10ab7d54bfed3c964073a0ee172f3daa62325af021a68f707511a	b6b4699f87d56126c9117a7da55bd0085246f4c56dbc95d20172612e9d38e8d7ca65e573a126ed88d4e30a46f80a666854d675cf3ba81de0de043c3774f061560f55edc256a787afe721677c0f602900	
t-v0-bit-73-6	t	d75a980182b10ab7d54bfed3c964073a0ee172f3daa62325af021a68f707511a	b6b4699f87d56126c9117a7da55bd0085246f4c56dbc95d20172612e9d38e8d7ca65e573a126ed88d4e30a46f80a666854d675cf3ba81de0de043c3774f061560f55edc256a787afe741677c0f602900	
t-v0-bit-73-7	t	d75a980182b10ab7d54bfed3c964073a0ee172f3daa62325af021a68f707511a	b6b4699f87d56126c9117a7da55bd0085246f4c56dbc95d20172612e9d38e8d7ca65e573a126ed88d4e30a46f80a666854d675cf3ba81de0de043c3774f061560f55edc256a787afe781677c0f602900	
t-v0-bit-74-0	t	d75a980182b10ab7d54bfed3c964073a0ee172f3daa62325af021a68f707511a	b6b4699f87d56126c9117a7da55bd0085246f4c56dbc95d20172612e9d38e8d7ca65e573a126ed88d4e30a46f80a666854d675cf3ba81de0de043c3774f061560f55edc256a787afe701667c0f602900	
t-v0-bit-74-1	t	d75a980182b10ab7d54bfed3c964073a0ee172f3daa62325af021a68f707511a	b6b4699f87d56126c9117a7da55bd0085246f4c56dbc95d20172612e9d38e8d7ca65e573a126ed88d4e30a46f80a666854d675cf3ba81de0de043c3774f061560f55edc256a787afe701657c0f602900	
t-v0-bit-74-2	t	d75a980182b10ab7d54bfed3c964073a0ee172f3daa62325af021a68f707511a	b6b4699f87d56126c9117a7da55bd0085246f4c56dbc95d20172612e9d38e8d7ca65e573a126ed88d4e30a46f80a666854d675cf3ba81de0de043c3774f061560f55edc256a787afe701637c0f602900	
t-v0-bit-74-3	t	d75a980182b10ab7d54bfed3c964073a0ee172f3daa62325af021a68f707511a	b6b4699f87d56126c9117a7da55bd0085246f4c56dbc95d20172612e9d38e8d7ca65e573a126ed88d4e30a46f80a666854d675cf3ba81de0de043c3774f061560f55edc256a787afe7016f7c0f602900	
t-v0-bit-74-4	t	d75a980182b10ab7d54bfed3c964073a0ee172f3daa62325af021a68f707511a	b6b4699f87d56126c9117a7da55bd0085246f4c56dbc95d20172612e9d38e8d7ca65e573a126ed88d4e30a46f80a666854d675cf3ba81de0de043c3774f061560f55edc256a787afe701777c0f602900	
t-v0-bit-74-5	t	d75a980182b10ab7d54bfed3c964073a0ee172f3daa62325af021a68f707511a	b6b4699f87d56126c9117a7da55bd0085246f4c56dbc95d20172612e9d38e8d7ca65e573a126ed88d4e30a46f80a666854d675cf3ba81de0de043c3774f061560f55edc256a787afe701477c0f602900	
t-v0-bit-74-6	t	d75a980182b10ab7d54bfed3c964073a0ee172f3daa62325af021a68f707511a	b6b4699f87d56126c9117a7da55bd0085246f4c56dbc95d20172612e9d38e8d7ca65e573a126ed88d4e30a46f80a666854d675cf3ba81de0de043c3774f061560f55edc256a787afe701277c0f602900	
t-v0-bit-74-7	t	d75a980182b10ab7d54bfed3c964073a0ee172f3daa62325af021a68f707511a	b6b4699f87d56126c9117a7da55bd0085246f4c56dbc95d20172612e9d38e8d7ca65e573a126ed88d4e30a46f80a666854d675cf3ba81de0de043c3774f061560f55edc256a787afe701e77c0f602900	
t-v0-bit-75-0	t	d75a980182b10ab7d54bfed3c964073a0ee172f3daa62325af021a68f707511a	b6b4699f87d56126c9117a7da55bd0085246f4c56dbc95d20172612e9d38e8d7ca65e573a126ed88d4e30a46f80a666854d675cf3ba81de0de043c3774f061560f55edc256a787afe701677d0f602900	
t-v0-bit-75-1	t	d75a980182b10ab7d54bfed3c964073a0ee172f3daa62325af021a68f707511a	b6b4699f87d56126c9117a7da55bd0085246f4c56dbc95d20172612e9d38e8d7ca65e573a126ed88d4e30a46f80a666854d675cf3ba81de0de043c3774f061560f55edc256a787afe701677e0f602900	
t-v0-bit-75-2	t	d75a980182b10ab7d54bfed3c964073a0ee172f3daa62325af021a68f707511a	b6b4699f87d56126c9117a7da55bd0085246f4c56dbc95d20172612e9d38e8d7ca65e573a126ed88d4e30a46f80a666854d675cf3ba81de0de043c3774f061560f55edc256a787afe70167780f602900	
t-v0-bit-75-3	t	d75a980182b10ab7d54bfed3c964073a0ee172f3daa62325af021a68f707511a	b6b4699f87d56126c9117a7da55bd0085246f4c56dbc95d20172612e9d38e8d7ca65e573a126ed88d4e30a46f80a666854d675cf3ba81de0de043c3774f061560f55edc256a787afe70167740f602900	
t-v0-bit-75-4	t	d75a980182b10ab7d54bfed3c964073a0ee172f3daa62325af021a68f707511a	b6b4699f87d56126c9117a7da55bd0085246f4c56dbc95d20172612e9d38e8d7ca65e573a126ed88d4e30a46f80a666854d675cf3ba81de0de043c3774f061560f55edc256a787afe701676c0f602900	
t-v0-bit-75-5	t	d75a980182b10ab7d54bfed3c964073a0ee172f3daa62325af021a68f707511a	b6b4699f87d56126c9117a7da55bd0085246f4c56dbc95d20172612e9d38e8d7ca65e573a126ed88d4e30a46f80a666854d675cf3ba81de0de043c3774f061560f55edc256a787afe701675c0f602900	
t-v0-bit-75-6	t	d75a980182b10ab7d54bfed3c964073a0ee172f3daa62325af021a68f707511a	b6b4699f87d56126c9117a7da55bd0085246f4c56dbc95d20172612e9d38e8d7ca65e573a126ed88d4e30a46f80a666854d675cf3ba81de0de043c3774f061560f55edc256a787afe701673c0f602900	
t-v0-bit-75-7	t	d75a980182b10ab7d54bfed3c964073a0ee172f3daa62325af021a68f707511a	b6b4699f87d56126c9117a7da55bd0085246f4c56dbc95d20172612e9d38e8d7ca65e573a126ed88d4e30a46f80a666854d675cf3ba81de0de043c3774f061560f55edc256a787afe70167fc0f602900	
t-v0-bit-76-0	t	d75a980182b10ab7d54bfed3c964073a0ee172f3daa62325af021a68f707511a	b6b4699f87d56126c9117a7da55bd0085246f4c56dbc95d20172612e9d38e8d7ca65e573a126ed88d4e30a46f80a666854d675cf3ba81de0de043c3774f061560f55edc256a787afe701677c0e602900	
t-v0-bit-76-1	t	d75a980182b10ab7d54bfed3c964073a0ee172f3daa62325af021a68f707511a	b6b4699f87d56126c9117a7da55bd0085246f4c56dbc95d20172612e9d38e8d7ca65e573a126ed88d4e30a46f80a666854d675cf3ba81de0de043c3774f061560f55edc256a787afe701677c0d602900	
t-v0-bit-76-2	t	d75a980182b10ab7d54bfed3c964073a0ee172f3daa62325af021a68f707511a	b6b4699f87d56126c9117a7da55bd0085246f4c56dbc95d20172612e9d38e8d7ca65e573a126ed88d4e30a46f80a666854d675cf3ba81de0de043c3774f061560f55edc256a787afe701677c0b602900	
t-v0-bit-76-3	t	d75a980182b10ab7d54bfed3c964073a0ee172f3daa62325af021a68f707511a	b6b4699f87d56126c9117a7da55bd0085246f4c56dbc95d20172612e9d38e8d7ca65e573a126ed88d4e30a46f80a666854d675cf3ba81de0de043c3774f061560f55edc256a787afe701677c07602900	
t-v0-bit-76-4	t	d75a980182b10ab7d54bfed3c964073a0ee172f3daa62325af021a68f707511a	b6b4699f87d56126c9117a7da55bd0085246f4c56dbc95d20172612e9d38e8d7ca65e573a126ed88d4e30a46f80a666854d675cf3ba81de0de043c3774f061560f55edc256a787afe701677c1f602900	
t-v0-bit-76-5	t	d75a980182b10ab7d54bfed3c964073a0ee172f3daa62325af021a68f707511a	b6b4699f87d56126c9117a7da55bd0085246f4c56dbc95d20172612e9d38e8d7ca65e573a126ed88d4e30a46f80a666854d675cf3ba81de0de043c3774f061560f55edc256a787afe701677c2f602900	
t-v0-bit-76-6	t	d75a980182b10ab7d54bfed3c964073a0ee172f3daa62325af021a68f707511a	b6b4699f87d56126c9117a7da55bd0085246f4c56dbc95d20172612e9d38e8d7ca65e573a126ed88d4e30a46f80a666854d675cf3ba81de0de043c3774f061560f55edc256a787afe701677c4f602900	
t-v0-bit-76-7	t	d75a980182b10ab7d54bfed3c964073a0ee172f3daa62325af021a68f707511a	b6b4699f87d56126c9117a7da55bd0085246f4c56dbc95d20172612e9d38e8d7ca65e573a126ed88d4e30a46f80a666854d675cf3ba81de0de043c3774f061560f55edc256a787afe701677c8f602900	
t-v0-bit-77-0	t	d75a980182b10ab7d54bfed3c964073a0ee172f3daa62325af021a68f707511a	b6b4699f87d56126c9117a7da55bd0085246f4c56dbc95d20172612e9d38e8d7ca65e573a126ed88d4e30a46f80a666854d675cf3ba81de0de043c3774f061560f55edc256a787afe701677c0f612900	
t-v0-bit-77-1	t	d75a980182b10ab7d54bfed3c964073a0ee172f3daa62325af021a68f707511a	b6b4699f87d56126c9117a7da55bd0085246f4c56dbc95d20172612e9d38e8d7ca65e573a126ed88d4e30a46f80a666854d675cf3ba81de0de043c3774f061560f55edc256a787afe701677c0f622900	
t-v0-bit-77-2	t	d75a980182b10ab7d54bfed3c964073a0ee172f3daa62325af021a68f707511a	b6b4699f87d56126c9117a7da55bd0085246f4c56dbc95d20172612e9d38e8d7ca65e573a126ed88d4e30a46f80a666854d675cf3ba81de0de043c3774f061560f55edc256a787afe701677c0f642900	
t-v0-bit-77-3	t	d75a980182b10ab7d54bfed3c964073a0ee172f3daa62325af021a68f707511a	b6b4699f87d56126c9117a7da55bd0085246f4c56dbc95d20172612e9d38e8d7ca65e573a126ed88d4e30a46f80a666854d675cf3ba81de0de043c3774f061560f55edc256a787afe701677c0f682900	
t-v0-bit-77-4	t	d75a980182b10ab7d54bfed3c964073a0ee172f3daa62325af021a68f707511a	b6b4699f87d56126c9117a7da55bd0085246f4c56dbc95d20172612e9d38e8d7ca65e573a126ed88d4e30a46f80a666854d675cf3ba81de0de043c3774f061560f55edc256a787afe701677c0f702900	
t-v0-bit-77-5	t	d75a980182b10ab7d54bfed3c964073a0ee172f3daa62325af021a68f707511a	b6b4699f87d56126c9117a7da55bd0085246f4c56dbc95d20172612e9d38e8d7ca65e573a126ed88d4e30a46f80a666854d675cf3ba81de0de043c3774f061560f55edc256a787afe701677c0f402900	
t-v0-bit-77-6	t	d75a980182b10ab7d54bfed3c964073a0ee172f3daa62325af021a68f707511a	b6b4699f87d56126c9117a7da55bd0085246f4c56dbc95d20172612e9d38e8d7ca65e573a126ed88d4e30a46f80a666854d675cf3ba81de0de043c3774f061560f55edc256a787afe701677c0f202900	
t-v0-bit-77-7	t	d75a980182b10ab7d54bfed3c964073a0ee172f3daa62325af021a68f707511a	b6b4699f87d56126c9117a7da55bd0085246f4c56dbc95d20172612e9d38e8d7ca65e573a126ed88d4e30a46f80a666854d675cf3ba81de0de043c3774f061560f55edc256a787afe701677c0fe02900	
t-v0-bit-78-0	t	d75a980182b10ab7d54bfed3c964073a0ee172f3daa62325af021a68f707511a	b6b4699f87d56126c9117a7da55bd0085246f4c56dbc95d20172612e9d38e8d7ca65e573a126ed88d4e30a46f80a666854d675cf3ba81de0de043c3774f061560f55edc256a787afe701677c0f602800	
t-v0-bit-78-1	t	d75a980182b10ab7d54bfed3c964073a0ee172f3daa62325af021a68f707511a	b6b4699f87d56126c9117a7da55bd0085246f4c56dbc95d20172612e9d38e8d7ca65e573a126ed88d4e30a46f80a666854d675cf3ba81de0de043c3774f061560f55edc256a787afe701677c0f602b00	
t-v0-bit-78-2	t	d75a980182b10ab7d54bfed3c964073a0ee172f3daa62325af021a68f707511a	b6b4699f87d56126c9117a7da55bd0085246f4c56dbc95d20172612e9d38e8d7ca65e573a126ed88d4e30a46f80a666854d675cf3ba81de0de043c3774f061560f55edc256a787afe701677c0f602d00	
t-v0-bit-78-3	t	d75a980182b10ab7d54bfed3c964073a0ee172f3daa62325af021a68f707511a	b6b4699f87d56126c9117a7da55bd0085246f4c56dbc95d20172612e9d38e8d7ca65e573a126ed88d4e30a46f80a666854d675cf3ba81de0de043c3774f061560f55edc256a787afe701677c0f602100	
t-v0-bit-78-4	t	d75a980182b10ab7d54bfed3c964073a0ee172f3daa62325af021a68f707511a	b6b4699f87d56126c9117a7da55bd0085246f4c56dbc95d20172612e9d38e8d7ca65e573a126ed88d4e30a46f80a666854d675cf3ba81de0de043c3774f061560f55edc256a787afe701677c0f603900	
t-v0-bit-78-5	t	d75a980182b10ab7d54bfed3c964073a0ee172f3daa62325af021a68f707511a	b6b4699f87d56126c9117a7da55bd0085246f4c56dbc95d20172612e9d38e8d7ca65e573a126ed88d4e30a46f80a666854d675cf3ba81de0de043c3774f061560f55edc256a787afe701677c0f600900	
t-v0-bit-78-6	t	d75a980182b10ab7d54bfed3c964073a0ee172f3daa62325af021a68f707511a	b6b4699f87d56126c9117a7da55bd0085246f4c56dbc95d20172612e9d38e8d7ca65e573a126ed88d4e30a46f80a666854d675cf3ba81de0de043c3774f061560f55edc256a787afe701677c0f606900	
t-v0-bit-78-7	t	d75a980182b10ab7d54bfed3c964073a0ee172f3daa62325af021a68f707511a	b6b4699f87d56126c9117a7da55bd0085246f4c56dbc95d20172612e9d38e8d7ca65e573a126ed88d4e30a46f80a666854d675cf3ba81de0de043c3774f061560f55edc256a787afe701677c0f60a900	
t-v0-bit-79-0	t	d75a980182b10ab7d54bfed3c964073a0ee172f3daa62325af021a68f707511a	b6b4699f87d56126c9117a7da55bd0085246f4c56dbc95d20172612e9d38e8d7ca65e573a126ed88d4e30a46f80a666854d675cf3ba81de0de043c3774f061560f55edc256a787afe701677c0f602901	
t-v0-bit-79-1	t	d75a980182b10ab7d54bfed3c964073a0ee172f3daa62325af021a68f707511a	b6b4699f87d56126c9117a7da55bd0085246f4c56dbc95d20172612e9d38e8d7ca65e573a126ed88d4e30a46f80a666854d675cf3ba81de0de043c3774f061560f55edc256a787afe701677c0f602902	
t-v0-bit-79-2	t	d75a980182b10ab7d54bfed3c964073a0ee172f3daa62325af021a68f707511a	b6b4699f87d56126c9117a7da55bd0085246f4c56dbc95d20172612e9d38e8d7ca65e573a126ed88d4e30a46f80a666854d675cf3ba81de0de043c3774f061560f55edc256a787afe701677c0f602904	
t-v0-bit-79-3	t	d75a980182b10ab7d54bfed3c964073a0ee172f3daa62325af021a68f707511a	b6b4699f87d56126c9117a7da55bd0085246f4c56dbc95d20172612e9d38e8d7ca65e573a126ed88d4e30a46f80a666854d675cf3ba81de0de043c3774f061560f55edc256a787afe701677c0f602908	
t-v0-bit-79-4	t	d75a980182b10ab7d54bfed3c964073a0ee172f3daa62325af021a68f707511a	b6b4699f87d56126c9117a7da55bd0085246f4c56dbc95d20172612e9d38e8d7ca65e573a126ed88d4e30a46f80a666854d675cf3ba81de0de043c3774f061560f55edc256a787afe701677c0f602910	
t-v0-bit-79-5	t	d75a980182b10ab7d54bfed3c964073a0ee172f3daa62325af021a68f707511a	b6b4699f87d56126c9117a7da55bd0085246f4c56dbc95d20172612e9d38e8d7ca65e573a126ed88d4e30a46f80a666854d675cf3ba81de0de043c3774f061560f55edc256a787afe701677c0f602920	
t-v0-bit-79-6	t	d75a980182b10ab7d54bfed3c964073a0ee172f3daa62325af021a68f707511a	b6b4699f87d56126c9117a7da55bd0085246f4c56dbc95d20172612e9d38e8d7ca65e573a126ed88d4e30a46f80a666854d675cf3ba81de0de043c3774f061560f55edc256a787afe701677c0f602940	
t-v0-bit-79-7	t	d75a980182b10ab7d54bfed3c964073a0ee172f3daa62325af021a68f707511a	b6b4699f87d56126c9117a7da55bd0085246f4c56dbc95d20172612e9d38e8d7ca65e573a126ed88d4e30a46f80a666854d675cf3ba81de0de043c3774f061560f55edc256a787afe701677c0f602980	
t-v0-s-plus-1L	t	d75a980182b10ab7d54bfed3c964073a0ee172f3daa62325af021a68f707511a	b6b4699f87d56126c9117a7da55bd0085246f4c56dbc95d20172612e9d38e8d7ca65e573a126ed88d4e30a46f80a666841aa6b2c560b3038b5a133da52ea406b0f55edc256a787afe701677c0f602910	
t-v0-s-plus-2L	t	d75a980182b10ab7d54bfed3c964073a0ee172f3daa62325af021a68f707511a	b6b4699f87d56126c9117a7da55bd0085246f4c56dbc95d20172612e9d38e8d7ca65e573a126ed88d4e30a46f80a66682e7e6189706e42908b3e2b7d31e41f800f55edc256a787afe701677c0f602920	
t-v0-s-plus-3L	t	d75a980182b10ab7d54bfed3c964073a0ee172f3daa62325af021a68f707511a	b6b4699f87d56126c9117a7da55bd0085246f4c56dbc95d20172612e9d38e8d7ca65e573a126ed88d4e30a46f80a66681b5257e68ad154e861db222010defe940f55edc256a787afe701677c0f602930	
t-v0-s-plus-4L	t	d75a980182b10ab7d54bfed3c964073a0ee172f3daa62325af021a68f707511a	b6b4699f87d56126c9117a7da55bd0085246f4c56dbc95d20172612e9d38e8d7ca65e573a126ed88d4e30a46f80a666808264d43a534674038781ac3eed7dda90f55edc256a787afe701677c0f602940	
t-v0-s-plus-5L	t	d75a980182b10ab7d54bfed3c964073a0ee172f3daa62325af021a68f707511a	b6b4699f87d56126c9117a7da55bd0085246f4c56dbc95d20172612e9d38e8d7ca65e573a126ed88d4e30a46f80a6668f5f942a0bf9779980e151266cdd1bcbe0f55edc256a787afe701677c0f602950	
t-v0-s-plus-6L	t	d75a980182b10ab7d54bfed3c964073a0ee172f3daa62325af021a68f707511a	b6b4699f87d56126c9117a7da55bd0085246f4c56dbc95d20172612e9d38e8d7ca65e573a126ed88d4e30a46f80a6668e2cd38fdd9fa8bf0e4b10909accb9bd30f55edc256a787afe701677c0f602960	
t-v0-s-plus-7L	t	d75a980182b10ab7d54bfed3c964073a0ee172f3daa62325af021a68f707511a	b6b4699f87d56126c9117a7da55bd0085246f4c56dbc95d20172612e9d38e8d7ca65e573a126ed88d4e30a46f80a6668cfa12e5af45d9e48bb4e01ac8ac57ae80f55edc256a787afe701677c0f602970	
t-v0-s-plus-8L	t	d75a980182b10ab7d54bfed3c964073a0ee172f3daa62325af021a68f707511a	b6b4699f87d56126c9117a7da55bd0085246f4c56dbc95d20172612e9d38e8d7ca65e573a126ed88d4e30a46f80a6668bc7524b70ec1b0a091ebf84e69bf59fd0f55edc256a787afe701677c0f602980	
t-v0-s-plus-9L	t	d75a980182b10ab7d54bfed3c964073a0ee172f3daa62325af021a68f707511a	b6b4699f87d56126c9117a7da55bd0085246f4c56dbc95d20172612e9d38e8d7ca65e573a126ed88d4e30a46f80a6668a9491a142924c3f86788f0f147b938121055edc256a787afe701677c0f602990	
t-v0-s-plus-10L	t	d75a980182b10ab7d54bfed3c964073a0ee172f3daa62325af021a68f707511a	b6b4699f87d56126c9117a7da55bd0085246f4c56dbc95d20172612e9d38e8d7ca65e573a126ed88d4e30a46f80a6668961d10714387d5503e25e89426b317271055edc256a787afe701677c0f6029a0	
t-v0-s-plus-11L	t	d75a980182b10ab7d54bfed3c964073a0ee172f3daa62325af021a68f707511a	b6b4699f87d56126c9117a7da55bd0085246f4c56dbc95d20172612e9d38e8d7ca65e573a126ed88d4e30a46f80a666883f105ce5deae7a814c2df3705adf63b1055edc256a787afe701677c0f6029b0	
t-v0-s-plus-12L	t	d75a980182b10ab7d54bfed3c964073a0ee172f3daa62325af021a68f707511a	b6b4699f87d56126c9117a7da55bd0085246f4c56dbc95d20172612e9d38e8d7ca65e573a126ed88d4e30a46f80a666870c5fb2a784dfa00eb5ed7dae3a6d5501055edc256a787afe701677c0f6029c0	
t-v0-s-plus-13L	t	d75a980182b10ab7d54bfed3c964073a0ee172f3daa62325af021a68f707511a	b6b4699f87d56126c9117a7da55bd0085246f4c56dbc95d20172612e9d38e8d7ca65e573a126ed88d4e30a46f80a66685d99f18792b00c59c1fbce7dc2a0b4651055edc256a787afe701677c0f6029d0	
t-v0-s-plus-14L	t	d75a980182b10ab7d54bfed3c964073a0ee172f3daa62325af021a68f707511a	b6b4699f87d56126c9117a7da55bd0085246f4c56dbc95d20172612e9d38e8d7ca65e573a126ed88d4e30a46f80a66684a6de7e4ac131fb19798c620a19a937a1055edc256a787afe701677c0f6029e0	
t-v0-s-plus-15L	t	d75a980182b10ab7d54bfed3c964073a0ee172f3daa62325af021a68f707511a	b6b4699f87d56126c9117a7da55bd0085246f4c56dbc95d20172612e9d38e8d7ca65e573a126ed88d4e30a46f80a66683741dd41c77631096e35bec37f94728f1055edc256a787afe701677c0f6029f0	
t-v0-pk-zero	t	0000000000000000000000000000000000000000000000000000000000000000	b6b4699f87d56126c9117a7da55bd0085246f4c56dbc95d20172612e9d38e8d7ca65e573a126ed88d4e30a46f80a666854d675cf3ba81de0de043c3774f061560f55edc256a787afe701677c0f602900	
t-v0-gamma-zero	t	d75a980182b10ab7d54bfed3c964073a0ee172f3daa62325af021a68f707511a	0000000000000000000000000000000000000000000000000000000000000000ca65e573a126ed88d4e30a46f80a666854d675cf3ba81de0de043c3774f061560f55edc256a787afe701677c0f602900	
t-v0-pk-identity	t	0100000000000000000000000000000000000000000000000000000000000000	b6b4699f87d56126c9117a7da55bd0085246f4c56dbc95d20172612e9d38e8d7ca65e573a126ed88d4e30a46f80a666854d675cf3ba81de0de043c3774f061560f55edc256a787afe701677c0f602900	
t-v0-gamma-identity	t	d75a980182b10ab7d54bfed3c964073a0ee172f3daa62325af021a68f707511a	0100000000000000000000000000000000000000000000000000000000000000ca65e573a126ed88d4e30a46f80a666854d675cf3ba81de0de043c3774f061560f55edc256a787afe701677c0f602900	
t-v0-pk-minus-one	t	ecffffffffffffffffffffffffffffffffffffffffffffffffffffffffffff7f	b6b4699f87d56126c9117a7da55bd0085246f4c56dbc95d20172612e9d38e8d7ca65e573a126ed88d4e30a46f80a666854d675cf3ba81de0de043c3774f061560f55edc256a787afe701677c0f602900	
t-v0-gamma-minus-one	t	d75a980182b10ab7d54bfed3c964073a0ee172f3daa62325af021a68f707511a	ecffffffffffffffffffffffffffffffffffffffffffffffffffffffffffff7fca65e573a126ed88d4e30a46f80a666854d675cf3ba81de0de043c3774f061560f55edc256a787afe701677c0f602900	
t-v0-pk-p	t	edffffffffffffffffffffffffffffffffffffffffffffffffffffffffffff7f	b6b4699f87d56126c9117a7da55bd0085246f4c56dbc95d20172612e9d38e8d7ca65e573a126ed88d4e30a46f80a666854d675cf3ba81de0de043c3774f061560f55edc256a787afe701677c0f602900	
t-v0-gamma-p	t	d75a980182b10ab7d54bfed3c964073a0ee172f3daa62325af021a68f707511a	edffffffffffffffffffffffffffffffffffffffffffffffffffffffffffff7fca65e573a126ed88d4e30a46f80a666854d675cf3ba81de0de043c3774f061560f55edc256a787afe701677c0f602900	
t-v0-pk-p-plus-one	t	eeffffffffffffffffffffffffffffffffffffffffffffffffffffffffffff7f	b6b4699f87d56126c9117a7da55bd0085246f4c56dbc95d20172612e9d38e8d7ca65e573a126ed88d4e30a46f80a666854d675cf3ba81de0de043c3774f061560f55edc256a787afe701677c0f602900	
t-v0-gamma-p-plus-one	t	d75a980182b10ab7d54bfed3c964073a0ee172f3daa62325af021a68f707511a	eeffffffffffffffffffffffffffffffffffffffffffffffffffffffffffff7fca65e573a126ed88d4e30a46f80a666854d675cf3ba81de0de043c3774f061560f55edc256a787afe701677c0f602900	
t-v0-pk-negative-zero	t	0100000000000000000000000000000000000000000000000000000000000080	b6b4699f87d56126c9117a7da55bd0085246f4c56dbc95d20172612e9d38e8d7ca65e573a126ed88d4e30a46f80a666854d675cf3ba81de0de043c3774f061560f55edc256a787afe701677c0f602900	
t-v0-gamma-negative-zero	t	d75a980182b10ab7d54bfed3c964073a0ee172f3daa62325af021a68f707511a	0100000000000000000000000000000000000000000000000000000000000080ca65e573a126ed88d4e30a46f80a666854d675cf3ba81de0de043c3774f061560f55edc256a787afe701677c0f602900	
t-v0-wrong-message	t	d75a980182b10ab7d54bfed3c964073a0ee172f3daa62325af021a68f707511a	b6b4699f87d56126c9117a7da55bd0085246f4c56dbc95d20172612e9d38e8d7ca65e573a126ed88d4e30a46f80a666854d675cf3ba81de0de043c3774f061560f55edc256a787afe701677c0f602900	00
t-v1	t	3d4017c3e843895a92b70aa74d1b7ebc9c982ccf2ec4968cc0cd55f12af4660c	ae5b66bdf04b4c010bfe32b2fc126ead2107b697634f6f7337b9bff8785ee111200095ece87dde4dbe87343f6df3b107d91798c8a7eb1245d3bb9c5aafb093358c13e6ae1111a55717e895fd15f99f07	72
t-v1-upstream-bitflip-0	t	3d4017c3e843895a92b70aa74d1b7ebc9c982ccf2ec4968cc0cd55f12af4660c	af5b66bdf04b4c010bfe32b2fc126ead2107b697634f6f7337b9bff8785ee111200095ece87dde4dbe87343f6df3b107d91798c8a7eb1245d3bb9c5aafb093358c13e6ae1111a55717e895fd15f99f07	72
t-v1-upstream-bitflip-32	t	3d4017c3e843895a92b70aa74d1b7ebc9c982ccf2ec4968cc0cd55f12af4660c	ae5b66bdf04b4c010bfe32b2fc126ead2107b697634f6f7337b9bff8785ee111210095ece87dde4dbe87343f6df3b107d91798c8a7eb1245d3bb9c5aafb093358c13e6ae1111a55717e895fd15f99f07	72
t-v1-upstream-bitflip-48	t	3d4017c3e843895a92b70aa74d1b7ebc9c982ccf2ec4968cc0cd55f12af4660c	ae5b66bdf04b4c010bfe32b2fc126ead2107b697634f6f7337b9bff8785ee111200095ece87dde4dbe87343f6df3b107d81798c8a7eb1245d3bb9c5aafb093358c13e6ae1111a55717e895fd15f99f07	72
t-v1-upstream-bitflip-79	t	3d4017c3e843895a92b70aa74d1b7ebc9c982ccf2ec4968cc0cd55f12af4660c	ae5b66bdf04b4c010bfe32b2fc126ead2107b697634f6f7337b9bff8785ee111200095ece87dde4dbe87343f6df3b107d91798c8a7eb1245d3bb9c5aafb093358c13e6ae1111a55717e895fd15f99f87	72
t-v1-bit-0-0	t	3d4017c3e843895a92b70aa74d1b7ebc9c982ccf2ec4968cc0cd55f12af4660c	af5b66bdf04b4c010bfe32b2fc126ead2107b697634f6f7337b9bff8785ee111200095ece87dde4dbe87343f6df3b107d91798c8a7eb1245d3bb9c5aafb093358c13e6ae1111a55717e895fd15f99f07	72
t-v1-bit-0-1	t	3d4017c3e843895a92b70aa74d1b7ebc9c982ccf2ec4968cc0cd55f12af4660c	ac5b66bdf04b4c010bfe32b2fc126ead2107b697634f6f7337b9bff8785ee111200095ece87dde4dbe87343f6df3b107d91798c8a7eb1245d3bb9c5aafb093358c13e6ae1111a55717e895fd15f99f07	72
t-v1-bit-0-2	t	3d4017c3e843895a92b70aa74d1b7ebc9c982ccf2ec4968cc0cd55f12af4660c	aa5b66bdf04b4c010bfe32b2fc126ead2107b697634f6f7337b9bff8785ee111200095ece87dde4dbe87343f6df3b107d91798c8a7eb1245d3bb9c5aafb093358c13e6ae1111a55717e895fd15f99f07	72
t-v1-bit-0-3	t	3d4017c3e843895a92b70aa74d1b7ebc9c982ccf2ec4968cc0cd55f12af4660c	a65b66bdf04b4c010bfe32b2fc126ead2107b697634f6f7337b9bff8785ee111200095ece87dde4dbe87343f6df3b107d91798c8a7eb1245d3bb9c5aafb093358c13e6ae1111a55717e895fd15f99f07	72
t-v1-bit-0-4	t	3d4017c3e843895a92b70aa74d1b7ebc9c982ccf2ec4968cc0cd55f12af4660c	be5b66bdf04b4c010bfe32b2fc126ead2107b697634f6f7337b9bff8785ee111200095ece87dde4dbe87343f6df3b107d91798c8a7eb1245d3bb9c5aafb093358c13e6ae1111a55717e895fd15f99f07	72
t-v1-bit-0-5	t	3d4017c3e843895a92b70aa74d1b7ebc9c982ccf2ec4968cc0cd55f12af4660c	8e5b66bdf04b4c010bfe32b2fc126ead2107b697634f6f7337b9bff8785ee111200095ece87dde4dbe87343f6df3b107d91798c8a7eb1245d3bb9c5aafb093358c13e6ae1111a55717e895fd15f99f07	72
t-v1-bit-0-6	t	3d4017c3e843895a92b70aa74d1b7ebc9c982ccf2ec4968cc0cd55f12af4660c	ee5b66bdf04b4c010bfe32b2fc126ead2107b697634f6f7337b9bff8785ee111200095ece87dde4dbe87343f6df3b107d91798c8a7eb1245d3bb9c5aafb093358c13e6ae1111a55717e895fd15f99f07	72
t-v1-bit-0-7	t	3d4017c3e843895a92b70aa74d1b7ebc9c982ccf2ec4968cc0cd55f12af4660c	2e5b66bdf04b4c010bfe32b2fc126ead2107b697634f6f7337b9bff8785ee111200095ece87dde4dbe87343f6df3b107d91798c8a7eb1245d3bb9c5aafb093358c13e6ae1111a55717e895fd15f99f07	72
t-v1-bit-1-0	t	3d4017c3e843895a92b70aa74d1b7ebc9c982ccf2ec4968cc0cd55f12af4660c	ae5a66bdf04b4c010bfe32b2fc126ead2107b697634f6f7337b9bff8785ee111200095ece87dde4dbe87343f6df3b107d91798c8a7eb1245d3bb9c5aafb093358c13e6ae1111a55717e895fd15f99f07	72
t-v1-bit-1-1	t	3d4017c3e843895a92b70aa74d1b7ebc9c982ccf2ec4968cc0cd55f12af4660c	ae5966bdf04b4c010bfe32b2fc126ead2107b697634f6f7337b9bff8785ee111200095ece87dde4dbe87343f6df3b107d91798c8a7eb1245d3bb9c5aafb093358c13e6ae1111a55717e895fd15f99f07	72
t-v1-bit-1-2	t	3d4017c3e843895a92b70aa74d1b7ebc9c982ccf2ec4968cc0cd55f12af4660c	ae5f66bdf04b4c010bfe32b2fc126ead2107b697634f6f7337b9bff8785ee111200095ece87dde4dbe87343f6df3b107d91798c8a7eb1245d3bb9c5aafb093358c13e6ae1111a55717e895fd15f99f07	72
t-v1-bit-1-3	t	3d4017c3e843895a92b70aa74d1b7ebc9c982ccf2ec4968cc0cd55f12af4660c	ae5366bdf04b4c010bfe32b2fc126ead2107b697634f6f7337b9bff8785ee111200095ece87dde4dbe87343f6df3b107d91798c8a7eb1245d3bb9c5aafb093358c13e6ae1111a55717e895fd15f99f07	72
t-v1-bit-1-4	t	3d4017c3e843895a92b70aa74d1b7ebc9c982ccf2ec4968cc0cd55f12af4660c	ae4b66bdf04b4c010bfe32b2fc126ead2107b697634f6f7337b9bff8785ee111200095ece87dde4dbe87343f6df3b107d91798c8a7eb1245d3bb9c5aafb093358c13e6ae1111a55717e895fd15f99f07	72
t-v1-bit-1-5	t	3d4017c3e843895a92b70aa74d1b7ebc9c982ccf2ec4968cc0cd55f12af4660c	ae7b66bdf04b4c010bfe32b2fc126ead2107b697634f6f7337b9bff8785ee111200095ece87dde4dbe87343f6df3b107d91798c8a7eb1245d3bb9c5aafb093358c13e6ae1111a55717e895fd15f99f07	72
t-v1-bit-1-6	t	3d4017c3e843895a92b70aa74d1b7ebc9c982ccf2ec4968cc0cd55f12af4660c	ae1b66bdf04b4c010bfe32b2fc126ead2107b697634f6f7337b9bff8785ee111200095ece87dde4dbe87343f6df3b107d91798c8a7eb1245d3bb9c5aafb093358c13e6ae1111a55717e895fd15f99f07	72
t-v1-bit-1-7	t	3d4017c3e843895a92b70aa74d1b7ebc9c982ccf2ec4968cc0cd55f12af4660c	aedb66bdf04b4c010bfe32b2fc126ead2107b697634f6f7337b9bff8785ee111200095ece87dde4dbe87343f6df3b107d91798c8a7eb1245d3bb9c5aafb093358c13e6ae1111a55717e895fd15f99f07	72
t-v1-bit-2-0	t	3d4017c3e843895a92b70aa74d1b7ebc9c982ccf2ec4968cc0cd55f12af4660c	ae5b67bdf04b4c010bfe32b2fc126ead2107b697634f6f7337b9bff8785ee111200095ece87dde4dbe87343f6df3b107d91798c8a7eb1245d3bb9c5aafb093358c13e6ae1111a55717e895fd15f99f07	72
t-v1-bit-2-1	t	3d4017c3e843895a92b70aa74d1b7ebc9c982ccf2ec4968cc0cd55f12af4660c	ae5b64bdf04b4c010bfe32b2fc126ead2107b697634f6f7337b9bff8785ee111200095ece87dde4dbe87343f6df3b107d91798c8a7eb1245d3bb9c5aafb093358c13e6ae1111a55717e895fd15f99f07	72
t-v1-bit-2-2	t	3d4017c3e843895a92b70aa74d1b7ebc9c982ccf2ec4968cc0cd55f12af4660c	ae5b62bdf04b4c010bfe32b2fc126ead2107b697634f6f7337b9bff8785ee111200095ece87dde4dbe87343f6df3b107d91798c8a7eb1245d3bb9c5aafb093358c13e6ae1111a55717e895fd15f99f07	72
t-v1-bit-2-3	t	3d4017c3e843895a92b70aa74d1b7ebc9c982ccf2ec4968cc0cd55f12af4660c	ae5b6ebdf04b4c010bfe32b2fc126ead2107b697634f6f7337b9bff8785ee111200095ece87dde4dbe87343f6df3b107d91798c8a7eb1245d3bb9c5aafb093358c13e6ae1111a55717e895fd15f99f07	72
t-v1-bit-2-4	t	3d4017c3e843895a92b70aa74d1b7ebc9c982ccf2ec4968cc0cd55f12af4660c	ae5b76bdf04b4c010bfe32b2fc126ead2107b697634f6f7337b9bff8785ee111200095ece87dde4dbe87343f6df3b107d91798c8a7eb1245d3bb9c5aafb093358c13e6ae1111a55717e895fd15f99f07	72
t-v1-bit-2-5	t	3d4017c3e843895a92b70aa74d1b7ebc9c982ccf2ec4968cc0cd55f12af4660c	ae5b46bdf04b4c010bfe32b2fc126ead2107b697634f6f7337b9bff8785ee111200095ece87dde4dbe87343f6df3b107d91798c8a7eb1245d3bb9c5aafb093358c13e6ae1111a55717e895fd15f99f07	72
t-v1-bit-2-6	t	3d4017c3e843895a92b70aa74d1b7ebc9c982ccf2ec4968cc0cd55f12af4660c	ae5b26bdf04b4c010bfe32b2fc126ead2107b697634f6f7337b9bff8785ee111200095ece87dde4dbe87343f6df3b107d91798c8a7eb1245d3bb9c5aafb093358c13e6ae1111a55717e895fd15f99f07	72
t-v1-bit-2-7	t	3d4017c3e843895a92b70aa74d1b7ebc9c982ccf2ec4968cc0cd55f12af4660c	ae5be6bdf04b4c010bfe32b2fc126ead2107b697634f6f7337b9bff8785ee111200095ece87dde4dbe87343f6df3b107d91798c8a7eb1245d3bb9c5aafb093358c13e6ae1111a55717e895fd15f99f07	72
t-v1-bit-3-0	t	3d4017c3e843895a92b70aa74d1b7ebc9c982ccf2ec4968cc0cd55f12af4660c	ae5b66bcf04b4c010bfe32b2fc126ead2107b697634f6f7337b9bff8785ee111200095ece87dde4dbe87343f6df3b107d91798c8a7eb1245d3bb9c5aafb093358c13e6ae1111a55717e895fd15f99f07	72
t-v1-bit-3-1	t	3d4017c3e843895a92b70aa74d1b7ebc9c982ccf2ec4968cc0cd55f12af4660c	ae5b66bff04b4c010bfe32b2fc126ead2107b697634f6f7337b9bff8785ee111200095ece87dde4dbe87343f6df3b107d91798c8a7eb1245d3bb9c5aafb093358c13e6ae1111a55717e895fd15f99f07	72
t-v1-bit-3-2	t	3d4017c3e843895a92b70aa74d1b7ebc9c982ccf2ec4968cc0cd55f12af4660c	ae5b66b9f04b4c010bfe32b2fc126ead2107b697634f6f7337b9bff8785ee111200095ece87dde4dbe87343f6df3b107d91798c8a7eb1245d3bb9c5aafb093358c13e6ae1111a55717e895fd15f99f07	72
t-v1-bit-3-3	t	3d4017c3e843895a92b70aa74d1b7ebc9c982ccf2ec4968cc0cd55f12af4660c	ae5b66b5f04b4c010bfe32b2fc126ead2107b697634f6f7337b9bff8785ee111200095ece87dde4dbe87343f6df3b107d91798c8a7eb1245d3bb9c5aafb093358c13e6ae1111a55717e895fd15f99f07	72
t-v1-bit-3-4	t	3d4017c3e843895a92b70aa74d1b7ebc9c982ccf2ec4968cc0cd55f12af4660c	ae5b66adf04b4c010bfe32b2fc126ead2107b697634f6f7337b9bff8785ee111200095ece87dde4dbe87343f6df3b107d91798c8a7eb1245d3bb9c5aafb093358c13e6ae1111a55717e895fd15f99f07	72
t-v1-bit-3-5	t	3d4017c3e843895a92b70aa74d1b7ebc9c982ccf2ec4968cc0cd55f12af4660c	ae5b669df04b4c010bfe32b2fc126ead2107b697634f6f7337b9bff8785ee111200095ece87dde4dbe87343f6df3b107d91798c8a7eb1245d3bb9c5aafb093358c13e6ae1111a55717e895fd15f99f07	72
t-v1-bit-3-6	t	3d4017c3e843895a92b70aa74d1b7ebc9c982ccf2ec4968cc0cd55f12af4660c	ae5b66fdf04b4c010bfe32b2fc126ead2107b697634f6f7337b9bff8785ee111200095ece87dde4dbe87343f6df3b107d91798c8a7eb1245d3bb9c5aafb093358c13e6ae1111a55717e895fd15f99f07	72
t-v1-bit-3-7	t	3d4017c3e843895a92b70aa74d1b7ebc9c982ccf2ec4968cc0cd55f12af4660c	ae5b663df04b4c010bfe32b2fc126ead2107b697634f6f7337b9bff8785ee111200095ece87dde4dbe87343f6df3b107d91798c8a7eb1245d3bb9c5aafb093358c13e6ae1111a55717e895fd15f99f07	72
t-v1-bit-4-0	t	3d4017c3e843895a92b70aa74d1b7ebc9c982ccf2ec4968cc0cd55f12af4660c	ae5b66bdf14b4c010bfe32b2fc126ead2107b697634f6f7337b9bff8785ee111200095ece87dde4dbe87343f6df3b107d91798c8a7eb1245d3bb9c5aafb093358c13e6ae1111a55717e895fd15f99f07	72
t-v1-bit-4-1	t	3d4017c3e843895a92b70aa74d1b7ebc9c982ccf2ec4968cc0cd55f12af4660c	ae5b66bdf24b4c010bfe32b2fc126ead2107b697634f6f7337b9bff8785ee111200095ece87dde4dbe87343f6df3b107d91798c8a7eb1245d3bb9c5aafb093358c13e6ae1111a55717e895fd15f99f07	72
t-v1-bit-4-2	t	3d4017c3e843895a92b70aa74d1b7ebc9c982ccf2ec4968cc0cd55f12af4660c	ae5b66bdf44b4c010bfe32b2fc126ead2107b697634f6f7337b9bff8785ee111200095ece87dde4dbe87343f6df3b107d91798c8a7eb1245d3bb9c5aafb093358c13e6ae1111a55717e895fd15f99f07	72
t-v1-bit-4-3	t	3d4017c3e843895a92b70aa74d1b7ebc9c982ccf2ec4968cc0cd55f12af4660c	ae5b66bdf84b4c010bfe32b2fc126ead2107b697634f6f7337b9bff8785ee111200095ece87dde4dbe87343f6df3b107d91798c8a7eb1245d3bb9c5aafb093358c13e6ae1111a55717e895fd15f99f07	72
t-v1-bit-4-4	t	3d4017c3e843895a92b70aa74d1b7ebc9c982ccf2ec4968cc0cd55f12af4660c	ae5b66bde04b4c010bfe32b2fc126ead2107b697634f6f7337b9bff8785ee111200095ece87dde4dbe87343f6df3b107d91798c8a7eb1245d3bb9c5aafb093358c13e6ae1111a55717e895fd15f99f07	72
t-v1-bit-4-5	t	3d4017c3e843895a92b70aa74d1b7ebc9c982ccf2ec4968cc0cd55f12af4660c	ae5b66bdd04b4c010bfe32b2fc126ead2107b697634f6f7337b9bff8785ee111200095ece87dde4dbe87343f6df3b107d91798c8a7eb1245d3bb9c5aafb093358c13e6ae1111a55717e895fd15f99f07	72
t-v1-bit-4-6	t	3d4017c3e843895a92b70aa74d1b7ebc9c982ccf2ec4968cc0cd55f12af4660c	ae5b66bdb04b4c010bfe32b2fc126ead2107b697634f6f7337b9bff8785ee111200095ece87dde4dbe87343f6df3b107d91798c8a7eb1245d3bb9c5aafb093358c13e6ae1111a55717e895fd15f99f07	72
t-v1-bit-4-7	t	3d4017c3e843895a92b70aa74d1b7ebc9c982ccf2ec4968cc0cd55f12af4660c	ae5b66bd704b4c010bfe32b2fc126ead2107b697634f6f7337b9bff8785ee111200095ece87dde4dbe87343f6df3b107d91798c8a7eb1245d3bb9c5aafb093358c13e6ae1111a55717e895fd15f99f07	72
t-v1-bit-5-0	t	3d4017c3e843895a92b70aa74d1b7ebc9c982ccf2ec4968cc0cd55f12af4660c	ae5b66bdf04a4c010bfe32b2fc126ead2107b697634f6f7337b9bff8785ee111200095ece87dde4dbe87343f6df3b107d91798c8a7eb1245d3bb9c5aafb093358c13e6ae1111a55717e895fd15f99f07	72
t-v1-bit-5-1	t	3d4017c3e843895a92b70aa74d1b7ebc9c982ccf2ec4968cc0cd55f12af4660c	ae5b66bdf0494c010bfe32b2fc126ead2107b697634f6f7337b9bff8785ee111200095ece87dde4dbe87343f6df3b107d91798c8a7eb1245d3bb9c5aafb093358c13e6ae1111a55717e895fd15f99f07	72
t-v1-bit-5-2	t	3d4017c3e843895a92b70aa74d1b7ebc9c982ccf2ec4968cc0cd55f12af4660c	ae5b66bdf04f4c010bfe32b2fc126ead2107b697634f6f7337b9bff8785ee111200095ece87dde4dbe87343f6df3b107d91798c8a7eb1245d3bb9c5aafb093358c13e6ae1111a55717e895fd15f99f07	72
t-v1-bit-5-3	t	3d4017c3e843895a92b70aa74d1b7ebc9c982ccf2ec4968cc0cd55f12af4660c	ae5b66bdf0434c010bfe32b2fc126ead2107b697634f6f7337b9bff8785ee111200095ece87dde4dbe87343f6df3b107d91798c8a7eb1245d3bb9c5aafb093358c13e6ae1111a55717e895fd15f99f07	72
t-v1-bit-5-4	t	3d4017c3e843895a92b70aa74d1b7ebc9c982ccf2ec4968cc0cd55f12af4660c	ae5b66bdf05b4c010bfe32b2fc126ead2107b697634f6f7337b9bff8785ee111200095ece87dde4dbe87343f6df3b107d91798c8a7eb1245d3bb9c5aafb093358c13e6ae1111a55717e895fd15f99f07	72
t-v1-bit-5-5	t	3d4017c3e843895a92b70aa74d1b7ebc9c982ccf2ec4968cc0cd55f12af4660c	ae5b66bdf06b4c010bfe32b2fc126ead2107b697634f6f7337b9bff8785ee111200095ece87dde4dbe87343f6df3b107d91798c8a7eb1245d3bb9c5aafb093358c13e6ae1111a55717e895fd15f99f07	72
t-v1-bit-5-6	t	3d4017c3e843895a92b70aa74d1b7ebc9c982ccf2ec4968cc0cd55f12af4660c	ae5b66bdf00b4c010bfe32b2fc126ead2107b697634f6f7337b9bff8785ee111200095ece87dde4dbe87343f6df3b107d91798c8a7eb1245d3bb9c5aafb093358c13e6ae1111a55717e895fd15f99f07	72
t-v1-bit-5-7	t	3d4017c3e843895a92b70aa74d1b7ebc9c982ccf2ec4968cc0cd55f12af4660c	ae5b66bdf0cb4c010bfe32b2fc126ead2107b697634f6f7337b9bff8785ee111200095ece87dde4dbe87343f6df3b107d91798c8a7eb1245d3bb9c5aafb093358c13e6ae1111a55717e895fd15f99f07	72
t-v1-bit-6-0	t	3d4017c3e843895a92b70aa74d1b7ebc9c982ccf2ec4968cc0cd55f12af4660c	ae5b66bdf04b4d010bfe32b2fc126ead2107b697634f6f7337b9bff8785ee111200095ece87dde4dbe87343f6df3b107d91798c8a7eb1245d3bb9c5aafb093358c13e6ae1111a55717e895fd15f99f07	72
t-v1-bit-6-1	t	3d4017c3e843895a92b70aa74d1b7ebc9c982ccf2ec4968cc0cd55f12af4660c	ae5b66bdf04b4e010bfe32b2fc126ead2107b697634f6f7337b9bff8785ee111200095ece87dde4dbe87343f6df3b107d91798c8a7eb1245d3bb9c5aafb093358c13e6ae1111a55717e895fd15f99f07	72
t-v1-bit-6-2	t	3d4017c3e843895a92b70aa74d1b7ebc9c982ccf2ec4968cc0cd55f12af4660c	ae5b66bdf04b48010bfe32b2fc126ead2107b697634f6f7337b9bff8785ee111200095ece87dde4dbe87343f6df3b107d91798c8a7eb1245d3bb9c5aafb093358c13e6ae1111a55717e895fd15f99f07	72
t-v1-bit-6-3	t	3d4017c3e843895a92b70aa74d1b7ebc9c982ccf2ec4968cc0cd55f12af4660c	ae5b66bdf04b44010bfe32b2fc126ead2107b697634f6f7337b9bff8785ee111200095ece87dde4dbe87343f6df3b107d91798c8a7eb1245d3bb9c5aafb093358c13e6ae1111a55717e895fd15f99f07	72
t-v1-bit-6-4	t	3d4017c3e843895a92b70aa74d1b7ebc9c982ccf2ec4968cc0cd55f12af4660c	ae5b66bdf04b5c010bfe32b2fc126ead2107b697634f6f7337b9bff8785ee111200095ece87dde4dbe87343f6df3b107d91798c8a7eb1245d3bb9c5aafb093358c13e6ae1111a55717e895fd15f99f07	72
t-v1-bit-6-5	t	3d4017c3e843895a92b70aa74d1b7ebc9c982ccf2ec4968cc0cd55f12af4660c	ae5b66bdf04b6c010bfe32b2fc126ead2107b697634f6f7337b9bff8785ee111200095ece87dde4dbe87343f6df3b107d91798c8a7eb1245d3bb9c5aafb093358c13e6ae1111a55717e895fd15f99f07	72
t-v1-bit-6-6	t	3d4017c3e843895a92b70aa74d1b7ebc9c982ccf2ec4968cc0cd55f12af4660c	ae5b66bdf04b0c010bfe32b2fc126ead2107b697634f6f7337b9bff8785ee111200095ece87dde4dbe87343f6df3b107d91798c8a7eb1245d3bb9c5aafb093358c13e6ae1111a55717e895fd15f99f07	72
t-v1-bit-6-7	t	3d4017c3e843895a92b70aa74d1b7ebc9c982ccf2ec4968cc0cd55f12af4660c	ae5b66bdf04bcc010bfe32b2fc126ead2107b697634f6f7337b9bff8785ee111200095ece87dde4dbe87343f6df3b107d91798c8a7eb1245d3bb9c5aafb093358c13e6ae1111a55717e895fd15f99f07	72
t-v1-bit-7-0	t	3d4017c3e843895a92b70aa74d1b7ebc9c982ccf2ec4968cc0cd55f12af4660c	ae5b66bdf04b4c000bfe32b2fc126ead2107b697634f6f7337b9bff8785ee111200095ece87dde4dbe87343f6df3b107d91798c8a7eb1245d3bb9c5aafb093358c13e6ae1111a55717e895fd15f99f07	72
t-v1-bit-7-1	t	3d4017c3e843895a92b70aa74d1b7ebc9c982ccf2ec4968cc0cd55f12af4660c	ae5b66bdf04b4c030bfe32b2fc126ead2107b697634f6f7337b9bff8785ee111200095ece87dde4dbe87343f6df3b107d91798c8a7eb1245d3bb9c5aafb093358c13e6ae1111a55717e895fd15f99f07	72
t-v1-bit-7-2	t	3d4017c3e843895a92b70aa74d1b7ebc9c982ccf2ec4968cc0cd55f12af4660c	ae5b66bdf04b4c050bfe32b2fc126ead2107b697634f6f7337b9bff8785ee111200095ece87dde4dbe87343f6df3b107d91798c8a7eb1245d3bb9c5aafb093358c13e6ae1111a55717e895fd15f99f07	72
t-v1-bit-7-3	t	3d4017c3e843895a92b70aa74d1b7ebc9c982ccf2ec4968cc0cd55f12af4660c	ae5b66bdf04b4c090bfe32b2fc126ead2107b697634f6f7337b9bff8785ee111200095ece87dde4dbe87343f6df3b107d91798c8a7eb1245d3bb9c5aafb093358c13e6ae1111a55717e895fd15f99f07	72
t-v1-bit-7-4	t	3d4017c3e843895a92b70aa74d1b7ebc9c982ccf2ec4968cc0cd55f12af4660c	ae5b66bdf04b4c110bfe32b2fc126ead2107b697634f6f7337b9bff8785ee111200095ece87dde4dbe87343f6df3b107d91798c8a7eb1245d3bb9c5aafb093358c13e6ae1111a55717e895fd15f99f07	72
t-v1-bit-7-5	t	3d4017c3e843895a92b70aa74d1b7ebc9c982ccf2ec4968cc0cd55f12af4660c	ae5b66bdf04b4c210bfe32b2fc126ead2107b697634f6f7337b9bff8785ee111200095ece87dde4dbe87343f6df3b107d91798c8a7eb1245d3bb9c5aafb093358c13e6ae1111a55717e895fd15f99f07	72
t-v1-bit-7-6	t	3d4017c3e843895a92b70aa74d1b7ebc9c982ccf2ec4968cc0cd55f12af4660c	ae5b66bdf04b4c410bfe32b2fc126ead2107b697634f6f7337b9bff8785ee111200095ece87dde4dbe87343f6df3b107d91798c8a7eb1245d3bb9c5aafb093358c13e6ae1111a55717e895fd15f99f07	72
t-v1-bit-7-7	t	3d4017c3e843895a92b70aa74d1b7ebc9c982ccf2ec4968cc0cd55f12af4660c	ae5b66bdf04b4c810bfe32b2fc126ead2107b697634f6f7337b9bff8785ee111200095ece87dde4dbe87343f6df3b107d91798c8a7eb1245d3bb9c5aafb093358c13e6ae1111a55717e895fd15f99f07	72
t-v1-bit-8-0	t	3d4017c3e843895a92b70aa74d1b7ebc9c982ccf2ec4968cc0cd55f12af4660c	ae5b66bdf04b4c010afe32b2fc126ead2107b697634f6f7337b9bff8785ee111200095ece87dde4dbe87343f6df3b107d91798c8a7eb1245d3bb9c5aafb093358c13e6ae1111a55717e895fd15f99f07	72
t-v1-bit-8-1	t	3d4017c3e843895a92b70aa74d1b7ebc9c982ccf2ec4968cc0cd55f12af4660c	ae5b66bdf04b4c0109fe32b2fc126ead2107b697634f6f7337b9bff8785ee111200095ece87dde4dbe87343f6df3b107d91798c8a7eb1245d3bb9c5aafb093358c13e6ae1111a55717e895fd15f99f07	72
t-v1-bit-8-2	t	3d4017c3e843895a92b70aa74d1b7ebc9c982ccf2ec4968cc0cd55f12af4660c	ae5b66bdf04b4c010ffe32b2fc126ead2107b697634f6f7337b9bff8785ee111200095ece87dde4dbe87343f6df3b107d91798c8a7eb1245d3bb9c5aafb093358c13e6ae1111a55717e895fd15f99f07	72
t-v1-bit-8-3	t	3d4017c3e843895a92b70aa74d1b7ebc9c982ccf2ec4968cc0cd55f12af4660c	ae5b66bdf04b4c0103fe32b2fc126ead2107b697634f6f7337b9bff8785ee111200095ece87dde4dbe87343f6df3b107d91798c8a7eb1245d3bb9c5aafb093358c13e6ae1111a55717e895fd15f99f07	72
t-v1-bit-8-4	t	3d4017c3e843895a92b70aa74d1b7ebc9c982ccf2ec4968cc0cd55f12af4660c	ae5b66bdf04b4c011bfe32b2fc126ead2107b697634f6f7337b9bff8785ee111200095ece87dde4dbe87343f6df3b107d91798c8a7eb1245d3bb9c5aafb093358c13e6ae1111a55717e895fd15f99f07	72
t-v1-bit-8-5	t	3d4017c3e843895a92b70aa74d1b7ebc9c982ccf2ec4968cc0cd55f12af4660c	ae5b66bdf04b4c012bfe32b2fc126ead2107b697634f6f7337b9bff8785ee111200095ece87dde4dbe87343f6df3b107d91798c8a7eb1245d3bb9c5aafb093358c13e6ae1111a55717e895fd15f99f07	72
t-v1-bit-8-6	t	3d4017c3e843895a92b70aa74d1b7ebc9c982ccf2ec4968cc0cd55f12af4660c	ae5b66bdf04b4c014bfe32b2fc126ead2107b697634f6f7337b9bff8785ee111200095ece87dde4dbe87343f6df3b107d91798c8a7eb1245d3bb9c5aafb093358c13e6ae1111a55717e895fd15f99f07	72
t-v1-bit-8-7	t	3d4017c3e843895a92b70aa74d1b7ebc9c982ccf2ec4968cc0cd55f12af4660c	ae5b66bdf04b4c018bfe32b2fc126ead2107b697634f6f7337b9bff8785ee111200095ece87dde4dbe87343f6df3b107d91798c8a7eb1245d3bb9c5aafb093358c13e6ae1111a55717e895fd15f99f07	72
t-v1-bit-9-0	t	3d4017c3e843895a92b70aa74d1b7ebc9c982ccf2ec4968cc0cd55f12af4660c	ae5b66bdf04b4c010bff32b2fc126ead2107b697634f6f7337b9bff8785ee111200095ece87dde4dbe87343f6df3b107d91798c8a7eb1245d3bb9c5aafb093358c13e6ae1111a55717e895fd15f99f07	72
t-v1-bit-9-1	t	3d4017c3e843895a92b70aa74d1b7ebc9c982ccf2ec4968cc0cd55f12af4660c	ae5b66bdf04b4c010bfc32b2fc126ead2107b697634f6f7337b9bff8785ee111200095ece87dde4dbe87343f6df3b107d91798c8a7eb1245d3bb9c5aafb093358c13e6ae1111a55717e895fd15f99f07	72
t-v1-bit-9-2	t	3d4017c3e843895a92b70aa74d1b7ebc9c982ccf2ec4968cc0cd55f12af4660c	ae5b66bdf04b4c010bfa32b2fc126ead2107b697634f6f7337b9bff8785ee111200095ece87dde4dbe87343f6df3b107d91798c8a7eb1245d3bb9c5aafb093358c13e6ae1111a55717e895fd15f99f07	72
t-v1-bit-9-3	t	3d4017c3e843895a92b70aa74d1b7ebc9c982ccf2ec4968cc0cd55f12af4660c	ae5b66bdf04b4c010bf632b2fc126ead2107b697634f6f7337b9bff8785ee111200095ece87dde4dbe87343f6df3b107d91798c8a7eb1245d3bb9c5aafb093358c13e6ae1111a55717e895fd15f99f07	72
t-v1-bit-9-4	t	3d4017c3e843895a92b70aa74d1b7ebc9c982ccf2ec4968cc0cd55f12af4660c	ae5b66bdf04b4c010bee32b2fc126ead2107b697634f6f7337b9bff8785ee111200095ece87dde4dbe87343f6df3b107d91798c8a7eb1245d3bb9c5aafb093358c13e6ae1111a55717e895fd15f99f07	72
t-v1-bit-9-5	t	3d4017c3e843895a92b70aa74d1b7ebc9c982ccf2ec4968cc0cd55f12af4660c	ae5b66bdf04b4c010bde32b2fc126ead2107b697634f6f7337b9bff8785ee111200095ece87dde4dbe87343f6df3b107d91798c8a7eb1245d3bb9c5aafb093358c13e6ae1111a55717e895fd15f99f07	72
t-v1-bit-9-6	t	3d4017c3e843895a92b70aa74d1b7ebc9c982ccf2ec4968cc0cd55f12af4660c	ae5b66bdf04b4c010bbe32b2fc126ead2107b697634f6f7337b9bff8785ee111200095ece87dde4dbe87343f6df3b107d91798c8a7eb1245d3bb9c5aafb093358c13e6ae1111a55717e895fd15f99f07	72
t-v1-bit-9-7	t	3d4017c3e843895a92b70aa74d1b7ebc9c982ccf2ec4968cc0cd55f12af4660c	ae5b66bdf04b4c010b7e32b2fc126ead2107b697634f6f7337b9bff8785ee111200095ece87dde4dbe87343f6df3b107d91798c8a7eb1245d3bb9c5aafb093358c13e6ae1111a55717e895fd15f99f07	72
t-v1-bit-10-0	t	3d4017c3e843895a92b70aa74d1b7ebc9c982ccf2ec4968cc0cd55f12af4660c	ae5b66bdf04b4c010bfe33b2fc126ead2107b697634f6f7337b9bff8785ee111200095ece87dde4dbe87343f6df3b107d91798c8a7eb1245d3bb9c5aafb093358c13e6ae1111a55717e895fd15f99f07	72
t-v1-bit-10-1	t	3d4017c3e843895a92b70aa74d1b7ebc9c982ccf2ec4968cc0cd55f12af4660c	ae5b66bdf04b4c010bfe30b2fc126ead2107b697634f6f7337b9bff8785ee111200095ece87dde4dbe87343f6df3b107d91798c8a7eb1245d3bb9c5aafb093358c13e6ae1111a55717e895fd15f99f07	72
t-v1-bit-10-2	t	3d4017c3e843895a92b70aa74d1b7ebc9c982ccf2ec4968cc0cd55f12af4660c	ae5b66bdf04b4c010bfe36b2fc126ead2107b697634f6f7337b9bff8785ee111200095ece87dde4dbe87343f6df3b107d91798c8a7eb1245d3bb9c5aafb093358c13e6ae1111a55717e895fd15f99f07	72
t-v1-bit-10-3	t	3d4017c3e843895a92b70aa74d1b7ebc9c982ccf2ec4968cc0cd55f12af4660c	ae5b66bdf04b4c010bfe3ab2fc126ead2107b697634f6f7337b9bff8785ee111200095ece87dde4dbe87343f6df3b107d91798c8a7eb1245d3bb9c5aafb093358c13e6ae1111a55717e895fd15f99f07	72
t-v1-bit-10-4	t	3d4017c3e843895a92b70aa74d1b7ebc9c982ccf2ec4968cc0cd55f12af4660c	ae5b66bdf04b4c010bfe22b2fc126ead2107b697634f6f7337b9bff8785ee111200095ece87dde4dbe87343f6df3b107d91798c8a7eb1245d3bb9c5aafb093358c13e6ae1111a55717e895fd15f99f07	72
t-v1-bit-10-5	t	3d4017c3e843895a92b70aa74d1b7ebc9c982ccf2ec4968cc0cd55f12af4660c	ae5b66bdf04b4c010bfe12b2fc126ead2107b697634f6f7337b9bff8785ee111200095ece87dde4dbe87343f6df3b107d91798c8a7eb1245d3bb9c5aafb093358c13e6ae1111a55717e895fd15f99f07	72
t-v1-bit-10-6	t	3d4017c3e843895a92b70aa74d1b7ebc9c982ccf2ec4968cc0cd55f12af4660c	ae5b66bdf04b4c010bfe72b2fc126ead2107b697634f6f7337b9bff8785ee111200095ece87dde4dbe87343f6df3b107d91798c8a7eb1245d3bb9c5aafb093358c13e6ae1111a55717e895fd15f99f07	72
t-v1-bit-10-7	t	3d4017c3e843895a92b70aa74d1b7ebc9c982ccf2ec4968cc0cd55f12af4660c	ae5b66bdf04b4c010bfeb2b2fc126ead2107b697634f6f7337b9bff8785ee111200095ece87dde4dbe87343f6df3b107d91798c8a7eb1245d3bb9c5aafb093358c13e6ae1111a55717e895fd15f99f07	72
t-v1-bit-11-0	t	3d4017c3e843895a92b70aa74d1b7ebc9c982ccf2ec4968cc0cd55f12af4660c	ae5b66bdf04b4c010bfe32b3fc126ead2107b697634f6f7337b9bff8785ee111200095ece87dde4dbe87343f6df3b107d91798c8a7eb1245d3bb9c5aafb093358c13e6ae1111a55717e895fd15f99f07	72
t-v1-bit-11-1	t	3d4017c3e843895a92b70aa74d1b7ebc9c982ccf2ec4968cc0cd55f12af4660c	ae5b66bdf04b4c010bfe32b0fc126ead2107b697634f6f7337b9bff8785ee111200095ece87dde4dbe87343f6df3b107d91798c8a7eb1245d3bb9c5aafb093358c13e6ae1111a55717e895fd15f99f07	72
t-v1-bit-11-2	t	3d4017c3e843895a92b70aa74d1b7ebc9c982ccf2ec4968cc0cd55f12af4660c	ae5b66bdf04b4c010bfe32b6fc126ead2107b697634f6f7337b9bff8785ee111200095ece87dde4dbe87343f6df3b107d91798c8a7eb1245d3bb9c5aafb093358c13e6ae1111a55717e895fd15f99f07	72
t-v1-bit-11-3	t	3d4017c3e843895a92b70aa74d1b7ebc9c982ccf2ec4968cc0cd55f12af4660c	ae5b66bdf04b4c010bfe32bafc126ead2107b697634f6f7337b9bff8785ee111200095ece87dde4dbe87343f6df3b107d91798c8a7eb1245d3bb9c5aafb093358c13e6ae1111a55717e895fd15f99f07	72
t-v1-bit-11-4	t	3d4017c3e843895a92b70aa74d1b7ebc9c982ccf2ec4968cc0cd55f12af4660c	ae5b66bdf04b4c010bfe32a2fc126ead2107b697634f6f7337b9bff8785ee111200095ece87dde4dbe87343f6df3b107d91798c8a7eb1245d3bb9c5aafb093358c13e6ae1111a55717e895fd15f99f07	72
t-v1-bit-11-5	t	3d4017c3e843895a92b70aa74d1b7ebc9c982ccf2ec4968cc0cd55f12af4660c	ae5b66bdf04b4c010bfe3292fc126ead2107b697634f6f7337b9bff8785ee111200095ece87dde4dbe87343f6df3b107d91798c8a7eb1245d3bb9c5aafb093358c13e6ae1111a55717e895fd15f99f07	72
t-v1-bit-11-6	t	3d4017c3e843895a92b70aa74d1b7ebc9c982ccf2ec4968cc0cd55f12af4660c	ae5b66bdf04b4c010bfe32f2fc126ead2107b697634f6f7337b9bff8785ee111200095ece87dde4dbe87343f6df3b107d91798c8a7eb1245d3bb9c5aafb093358c13e6ae1111a55717e895fd15f99f07	72
t-v1-bit-11-7	t	3d4017c3e843895a92b70aa74d1b7ebc9c982ccf2ec4968cc0cd55f12af4660c	ae5b66bdf04b4c010bfe3232fc126ead2107b697634f6f7337b9bff8785ee111200095ece87dde4dbe87343f6df3b107d91798c8a7eb1245d3bb9c5aafb093358c13e6ae1111a55717e895fd15f99f07	72
t-v1-bit-12-0	t	3d4017c3e843895a92b70aa74d1b7ebc9c982ccf2ec4968cc0cd55f12af4660c	ae5b66bdf04b4c010bfe32b2fd126ead2107b697634f6f7337b9bff8785ee111200095ece87dde4dbe87343f6df3b107d91798c8a7eb1245d3bb9c5aafb093358c13e6ae1111a55717e895fd15f99f07	72
t-v1-bit-12-1	t	3d4017c3e843895a92b70aa74d1b7ebc9c982ccf2ec4968cc0cd55f12af4660c	ae5b66bdf04b4c010bfe32b2fe126ead2107b697634f6f7337b9bff8785ee111200095ece87dde4dbe87343f6df3b107d91798c8a7eb1245d3bb9c5aafb093358c13e6ae1111a55717e895fd15f99f07	72
t-v1-bit-12-2	t	3d4017c3e843895a92b70aa74d1b7ebc9c982ccf2ec4968cc0cd55f12af4660c	ae5b66bdf04b4c010bfe32b2f8126ead2107b697634f6f7337b9bff8785ee111200095ece87dde4dbe87343f6df3b107d91798c8a7eb1245d3bb9c5aafb093358c13e6ae1111a55717e895fd15f99f07	72
t-v1-bit-12-3	t	3d4017c3e843895a92b70aa74d1b7ebc9c982ccf2ec4968cc0cd55f12af4660c	ae5b66bdf04b4c010bfe32b2f4126ead2107b697634f6f7337b9bff8785ee111200095ece87dde4dbe87343f6df3b107d91798c8a7eb1245d3bb9c5aafb093358c13e6ae1111a55717e895fd15f99f07	72
t-v1-bit-12-4	t	3d4017c3e843895a92b70aa74d1b7ebc9c982ccf2ec4968cc0cd55f12af4660c	ae5b66bdf04b4c010bfe32b2ec126ead2107b697634f6f7337b9bff8785ee111200095ece87dde4dbe87343f6df3b107d91798c8a7eb1245d3bb9c5aafb093358c13e6ae1111a55717e895fd15f99f07	72
t-v1-bit-12-5	t	3d4017c3e843895a92b70aa74d1b7ebc9c982ccf2ec4968cc0cd55f12af4660c	ae5b66bdf04b4c010bfe32b2dc126ead2107b697634f6f7337b9bff8785ee111200095ece87dde4dbe87343f6df3b107d91798c8a7eb1245d3bb9c5aafb093358c13e6ae1111a55717e895fd15f99f07	72
t-v1-bit-12-6	t	3d4017c3e843895a92b70aa74d1b7ebc9c982ccf2ec4968cc0cd55f12af4660c	ae5b66bdf04b4c010bfe32b2bc126ead2107b697634f6f7337b9bff8785ee111200095ece87dde4dbe87343f6df3b107d91798c8a7eb1245d3bb9c5aafb093358c13e6ae1111a55717e895fd15f99f07	72
t-v1-bit-12-7	t	3d4017c3e843895a92b70aa74d1b7ebc9c982ccf2ec4968cc0cd55f12af4660c	ae5b66bdf04b4c010bfe32b27c126ead2107b697634f6f7337b9bff8785ee111200095ece87dde4dbe87343f6df3b107d91798c8a7eb1245d3bb9c5aafb093358c13e6ae1111a55717e895fd15f99f07	72
t-v1-bit-13-0	t	3d4017c3e843895a92b70aa74d1b7ebc9c982ccf2ec4968cc0cd55f12af4660c	ae5b66bdf04b4c010bfe32b2fc136ead2107b697634f6f7337b9bff8785ee111200095ece87dde4dbe87343f6df3b107d91798c8a7eb1245d3bb9c5aafb093358c13e6ae1111a55717e895fd15f99f07	72
t-v1-bit-13-1	t	3d4017c3e843895a92b70aa74d1b7ebc9c982ccf2ec4968cc0cd55f12af4660c	ae5b66bdf04b4c010bfe32b2fc106ead2107b697634f6f7337b9bff8785ee111200095ece87dde4dbe87343f6df3b107d91798c8a7eb1245d3bb9c5aafb093358c13e6ae1111a55717e895fd15f99f07	72
t-v1-bit-13-2	t	3d4017c3e843895a92b70aa74d1b7ebc9c982ccf2ec4968cc0cd55f12af4660c	ae5b66bdf04b4c010bfe32b2fc166ead2107b697634f6f7337b9bff8785ee111200095ece87dde4dbe87343f6df3b107d91798c8a7eb1245d3bb9c5aafb093358c13e6ae1111a55717e895fd15f99f07	72
t-v1-bit-13-3	t	3d4017c3e843895a92b70aa74d1b7ebc9c982ccf2ec4968cc0cd55f12af4660c	ae5b66bdf04b4c010bfe32b2fc1a6ead2107b697634f6f7337b9bff8785ee111200095ece87dde4dbe87343f6df3b107d91798c8a7eb1245d3bb9c5aafb093358c13e6ae1111a55717e895fd15f99f07	72
t-v1-bit-13-4	t	3d4017c3e843895a92b70aa74d1b7ebc9c982ccf2ec4968cc0cd55f12af4660c	ae5b66bdf04b4c010bfe32b2fc026ead2107b697634f6f7337b9bff8785ee111200095ece87dde4dbe87343f6df3b107d91798c8a7eb1245d3bb9c5aafb093358c13e6ae1111a55717e895fd15f99f07	72
t-v1-bit-13-5	t	3d4017c3e843895a92b70aa74d1b7ebc9c982ccf2ec4968cc0cd55f12af4660c	ae5b66bdf04b4c010bfe32b2fc326ead2107b697634f6f7337b9bff8785ee111200095ece87dde4dbe87343f6df3b107d91798c8a7eb1245d3bb9c5aafb093358c13e6ae1111a55717e895fd15f99f07	72
t-v1-bit-13-6	t	3d4017c3e843895a92b70aa74d1b7ebc9c982ccf2ec4968cc0cd55f12af4660c	ae5b66bdf04b4c010bfe32b2fc526ead2107b697634f6f7337b9bff8785ee111200095ece87dde4dbe87343f6df3b107d91798c8a7eb1245d3bb9c5aafb093358c13e6ae1111a55717e895fd15f99f07	72
t-v1-bit-13-7	t	3d4017c3e843895a92b70aa74d1b7ebc9c982ccf2ec4968cc0cd55f12af4660c	ae5b66bdf04b4c010bfe32b2fc926ead2107b697634f6f7337b9bff8785ee111200095ece87dde4dbe87343f6df3b107d91798c8a7eb1245d3bb9c5aafb093358c13e6ae1111a55717e895fd15f99f07	72
t-v1-bit-14-0	t	3d4017c3e843895a92b70aa74d1b7ebc9c982ccf2ec4968cc0cd55f12af4660c	ae5b66bdf04b4c010bfe32b2fc126fad2107b697634f6f7337b9bff8785ee111200095ece87dde4dbe87343f6df3b107d91798c8a7eb1245d3bb9c5aafb093358c13e6ae1111a55717e895fd15f99f07	72
t-v1-bit-14-1	t	3d4017c3e843895a92b70aa74d1b7ebc9c982ccf2ec4968cc0cd55f12af4660c	ae5b66bdf04b4c010bfe32b2fc126cad2107b697634f6f7337b9bff8785ee111200095ece87dde4dbe87343f6df3b107d91798c8a7eb1245d3bb9c5aafb093358c13e6ae1111a55717e895fd15f99f07	72
t-v1-bit-14-2	t	3d4017c3e843895a92b70aa74d1b7ebc9c982ccf2ec4968cc0cd55f12af4660c	ae5b66bdf04b4c010bfe32b2fc126aad2107b697634f6f7337b9bff8785ee111200095ece87dde4dbe87343f6df3b107d91798c8a7eb1245d3bb9c5aafb093358c13e6ae1111a55717e895fd15f99f07	72
t-v1-bit-14-3	t	3d4017c3e843895a92b70aa74d1b7ebc9c982ccf2ec4968cc0cd55f12af4660c	ae5b66bdf04b4c010bfe32b2fc1266ad2107b697634f6f7337b9bff8785ee111200095ece87dde4dbe87343f6df3b107d91798c8a7eb1245d3bb9c5aafb093358c13e6ae1111a55717e895fd15f99f07	72
t-v1-bit-14-4	t	3d4017c3e843895a92b70aa74d1b7ebc9c982ccf2ec4968cc0cd55f12af4660c	ae5b66bdf04b4c010bfe32b2fc127ead2107b697634f6f7337b9bff8785ee111200095ece87dde4dbe87343f6df3b107d91798c8a7eb1245d3bb9c5aafb093358c13e6ae1111a55717e895fd15f99f07	72
t-v1-bit-14-5	t	3d4017c3e843895a92b70aa74d1b7ebc9c982ccf2ec4968cc0cd55f12af4660c	ae5b66bdf04b4c010bfe32b2fc124ead2107b697634f6f7337b9bff8785ee111200095ece87dde4dbe87343f6df3b107d91798c8a7eb1245d3bb9c5aafb093358c13e6ae1111a55717e895fd15f99f07	72
t-v1-bit-14-6	t	3d4017c3e843895a92b70aa74d1b7ebc9c982ccf2ec4968cc0cd55f12af4660c	ae5b66bdf04b4c010bfe32b2fc122ead2107b697634f6f7337b9bff8785ee111200095ece87dde4dbe87343f6df3b107d91798c8a7eb1245d3bb9c5aafb093358c13e6ae1111a55717e895fd15f99f07	72
t-v1-bit-14-7	t	3d4017c3e843895a92b70aa74d1b7ebc9c982ccf2ec4968cc0cd55f12af4660c	ae5b66bdf04b4c010bfe32b2fc12eead2107b697634f6f7337b9bff8785ee111200095ece87dde4dbe87343f6df3b107d91798c8a7eb1245d3bb9c5aafb093358c13e6ae1111a55717e895fd15f99f07	72
t-v1-bit-15-0	t	3d4017c3e843895a92b70aa74d1b7ebc9c982ccf2ec4968cc0cd55f12af4660c	ae5b66bdf04b4c010bfe32b2fc126eac2107b697634f6f7337b9bff8785ee111200095ece87dde4dbe87343f6df3b107d91798c8a7eb1245d3bb9c5aafb093358c13e6ae1111a55717e895fd15f99f07	72
t-v1-bit-15-1	t	3d4017c3e843895a92b70aa74d1b7ebc9c982ccf2ec4968cc0cd55f12af4660c	ae5b66bdf04b4c010bfe32b2fc126eaf2107b697634f6f7337b9bff8785ee111200095ece87dde4dbe87343f6df3b107d91798c8a7eb1245d3bb9c5aafb093358c13e6ae1111a55717e895fd15f99f07	72
t-v1-bit-15-2	t	3d4017c3e843895a92b70aa74d1b7ebc9c982ccf2ec4968cc0cd55f12af4660c	ae5b66bdf04b4c010bfe32b2fc126ea92107b697634f6f7337b9bff8785ee111200095ece87dde4dbe87343f6df3b107d91798c8a7eb1245d3bb9c5aafb093358c13e6ae1111a55717e895fd15f99f07	72
t-v1-bit-15-3	t	3d4017c3e843895a92b70aa74d1b7ebc9c982ccf2ec4968cc0cd55f12af4660c	ae5b66bdf04b4c010bfe32b2fc126ea52107b697634f6f7337b9bff8785ee111200095ece87dde4dbe87343f6df3b107d91798c8a7eb1245d3bb9c5aafb093358c13e6ae1111a55717e895fd15f99f07	72
t-v1-bit-15-4	t	3d4017c3e843895a92b70aa74d1b7ebc9c982ccf2ec4968cc0cd55f12af4660c	ae5b66bdf04b4c010bfe32b2fc126ebd2107b697634f6f7337b9bff8785ee111200095ece87dde4dbe87343f6df3b107d91798c8a7eb1245d3bb9c5aafb093358c13e6ae1111a55717e895fd15f99f07	72
t-v1-bit-15-5	t	3d4017c3e843895a92b70aa74d1b7ebc9c982ccf2ec4968cc0cd55f12af4660c	ae5b66bdf04b4c010bfe32b2fc126e8d2107b697634f6f7337b9bff8785ee111200095ece87dde4dbe87343f6df3b107d91798c8a7eb1245d3bb9c5aafb093358c13e6ae1111a55717e895fd15f99f07	72
t-v1-bit-15-6	t	3d4017c3e843895a92b70aa74d1b7ebc9c982ccf2ec4968cc0cd55f12af4660c	ae5b66bdf04b4c010bfe32b2fc126eed2107b697634f6f7337b9bff8785ee111200095ece87dde4dbe87343f6df3b107d91798c8a7eb1245d3bb9c5aafb093358c13e6ae1111a55717e895fd15f99f07	72
t-v1-bit-15-7	t	3d4017c3e843895a92b70aa74d1b7ebc9c982ccf2ec4968cc0cd55f12af4660c	ae5b66bdf04b4c010bfe32b2fc126e2d2107b697634f6f7337b9bff8785ee111200095ece87dde4dbe87343f6df3b107d91798c8a7eb1245d3bb9c5aafb093358c13e6ae1111a55717e895fd15f99f07	72
t-v1-bit-16-0	t	3d4017c3e843895a92b70aa74d1b7ebc9c982ccf2ec4968cc0cd55f12af4660c	ae5b66bdf04b4c010bfe32b2fc126ead2007b697634f6f7337b9bff8785ee111200095ece87dde4dbe87343f6df3b107d91798c8a7eb1245d3bb9c5aafb093358c13e6ae1111a55717e895fd15f99f07	72
t-v1-bit-16-1	t	3d4017c3e843895a92b70aa74d1b7ebc9c982ccf2ec4968cc0cd55f12af4660c	ae5b66bdf04b4c010bfe32b2fc126ead2307b697634f6f7337b9bff8785ee111200095ece87dde4dbe87343f6df3b107d91798c8a7eb1245d3bb9c5aafb093358c13e6ae1111a55717e895fd15f99f07	72
t-v1-bit-16-2	t	3d4017c3e843895a92b70aa74d1b7ebc9c982ccf2ec4968cc0cd55f12af4660c	ae5b66bdf04b4c010bfe32b2fc126ead2507b697634f6f7337b9bff8785ee111200095ece87dde4dbe87343f6df3b107d91798c8a7eb1245d3bb9c5aafb093358c13e6ae1111a55717e895fd15f99f07	72
t-v1-bit-16-3	t	3d4017c3e843895a92b70aa74d1b7ebc9c982ccf2ec4968cc0cd55f12af4660c	ae5b66bdf04b4c010bfe32b2fc126ead2907b697634f6f7337b9bff8785ee111200095ece87dde4dbe87343f6df3b107d91798c8a7eb1245d3bb9c5aafb093358c13e6ae1111a55717e895fd15f99f07	72
t-v1-bit-16-4	t	3d4017c3e843895a92b70aa74d1b7ebc9c982ccf2ec4968cc0cd55f12af4660c	ae5b66bdf04b4c010bfe32b2fc126ead3107b697634f6f7337b9bff8785ee111200095ece87dde4dbe87343f6df3b107d91798c8a7eb1245d3bb9c5aafb093358c13e6ae1111a55717e895fd15f99f07	72
t-v1-bit-16-5	t	3d4017c3e843895a92b70aa74d1b7ebc9c982ccf2ec4968cc0cd55f12af4660c	ae5b66bdf04b4c010bfe32b2fc126ead0107b697634f6f7337b9bff8785ee111200095ece87dde4dbe87343f6df3b107d91798c8a7eb1245d3bb9c5aafb093358c13e6ae1111a55717e895fd15f99f07	72
t-v1-bit-16-6	t	3d4017c3e843895a92b70aa74d1b7ebc9c982ccf2ec4968cc0cd55f12af4660c	ae5b66bdf04b4c010bfe32b2fc126ead6107b697634f6f7337b9bff8785ee111200095ece87dde4dbe87343f6df3b107d91798c8a7eb1245d3bb9c5aafb093358c13e6ae1111a55717e895fd15f99f07	72
t-v1-bit-16-7	t	3d4017c3e843895a92b70aa74d1b7ebc9c982ccf2ec4968cc0cd55f12af4660c	ae5b66bdf04b4c010bfe32b2fc126eada107b697634f6f7337b9bff8785ee111200095ece87dde4dbe87343f6df3b107d91798c8a7eb1245d3bb9c5aafb093358c13e6ae1111a55717e895fd15f99f07	72
t-v1-bit-17-0	t	3d4017c3e843895a92b70aa74d1b7ebc9c982ccf2ec4968cc0cd55f12af4660c	ae5b66bdf04b4c010bfe32b2fc126ead2106b697634f6f7337b9bff8785ee111200095ece87dde4dbe87343f6df3b107d91798c8a7eb1245d3bb9c5aafb093358c13e6ae1111a55717e895fd15f99f07	72
t-v1-bit-17-1	t	3d4017c3e843895a92b70aa74d1b7ebc9c982ccf2ec4968cc0cd55f12af4660c	ae5b66bdf04b4c010bfe32b2fc126ead2105b697634f6f7337b9bff8785ee111200095ece87dde4dbe87343f6df3b107d91798c8a7eb1245d3bb9c5aafb093358c13e6ae1111a55717e895fd15f99f07	72
t-v1-bit-17-2	t	3d4017c3e843895a92b70aa74d1b7ebc9c982ccf2ec4968cc0cd55f12af4660c	ae5b66bdf04b4c010bfe32b2fc126ead2103b697634f6f7337b9bff8785ee111200095ece87dde4dbe87343f6df3b107d91798c8a7eb1245d3bb9c5aafb093358c13e6ae1111a55717e895fd15f99f07	72
t-v1-bit-17-3	t	3d4017c3e843895a92b70aa74d1b7ebc9c982ccf2ec4968cc0cd55f12af4660c	ae5b66bdf04b4c010bfe32b2fc126ead210fb697634f6f7337b9bff8785ee111200095ece87dde4dbe87343f6df3b107d91798c8a7eb1245d3bb9c5aafb093358c13e6ae1111a55717e895fd15f99f07	72
t-v1-bit-17-4	t	3d4017c3e843895a92b70aa74d1b7ebc9c982ccf2ec4968cc0cd55f12af4660c	ae5b66bdf04b4c010bfe32b2fc126ead2117b697634f6f7337b9bff8785ee111200095ece87dde4dbe87343f6df3b107d91798c8a7eb1245d3bb9c5aafb093358c13e6ae1111a55717e895fd15f99f07	72
t-v1-bit-17-5	t	3d4017c3e843895a92b70aa74d1b7ebc9c982ccf2ec4968cc0cd55f12af4660c	ae5b66bdf04b4c010bfe32b2fc126ead2127b697634f6f7337b9bff8785ee111200095ece87dde4dbe87343f6df3b107d91798c8a7eb1245d3bb9c5aafb093358c13e6ae1111a55717e895fd15f99f07	72
t-v1-bit-17-6	t	3d4017c3e843895a92b70aa74d1b7ebc9c982ccf2ec4968cc0cd55f12af4660c	ae5b66bdf04b4c010bfe32b2fc126ead2147b697634f6f7337b9bff8785ee111200095ece87dde4dbe87343f6df3b107d91798c8a7eb1245d3bb9c5aafb093358c13e6ae1111a55717e895fd15f99f07	72
t-v1-bit-17-7	t	3d4017c3e843895a92b70aa74d1b7ebc9c982ccf2ec4968cc0cd55f12af4660c	ae5b66bdf04b4c010bfe32b2fc126ead2187b697634f6f7337b9bff8785ee111200095ece87dde4dbe87343f6df3b107d91798c8a7eb1245d3bb9c5aafb093358c13e6ae1111a55717e895fd15f99f07	72
t-v1-bit-18-0	t	3d4017c3e843895a92b70aa74d1b7ebc9c982ccf2ec4968cc0cd55f12af4660c	ae5b66bdf04b4c010bfe32b2fc126ead2107b797634f6f7337b9bff8785ee111200095ece87dde4dbe87343f6df3b107d91798c8a7eb1245d3bb9c5aafb093358c13e6ae1111a55717e895fd15f99f07	72
t-v1-bit-18-1	t	3d4017c3e843895a92b70aa74d1b7ebc9c982ccf2ec4968cc0cd55f12af4660c	ae5b66bdf04b4c010bfe32b2fc126ead2107b497634f6f7337b9bff8785ee111200095ece87dde4dbe87343f6df3b107d91798c8a7eb1245d3bb9c5aafb093358c13e6ae1111a55717e895fd15f99f07	72
t-v1-bit-18-2	t	3d4017c3e843895a92b70aa74d1b7ebc9c982ccf2ec4968cc0cd55f12af4660c	ae5b66bdf04b4c010bfe32b2fc126ead2107b297634f6f7337b9bff8785ee111200095ece87dde4dbe87343f6df3b107d91798c8a7eb1245d3bb9c5aafb093358c13e6ae1111a55717e895fd15f99f07	72
t-v1-bit-18-3	t	3d4017c3e843895a92b70aa74d1b7ebc9c982ccf2ec4968cc0cd55f12af4660c	ae5b66bdf04b4c010bfe32b2fc126ead2107be97634f6f7337b9bff8785ee111200095ece87dde4dbe87343f6df3b107d91798c8a7eb1245d3bb9c5aafb093358c13e6ae1111a55717e895fd15f99f07	72
t-v1-bit-18-4	t	3d4017c3e843895a92b70aa74d1b7ebc9c982ccf2ec4968cc0cd55f12af4660c	ae5b66bdf04b4c010bfe32b2fc126ead2107a697634f6f7337b9bff8785ee111200095ece87dde4dbe87343f6df3b107d91798c8a7eb1245d3bb9c5aafb093358c13e6ae1111a55717e895fd15f99f07	72
t-v1-bit-18-5	t	3d4017c3e843895a92b70aa74d1b7ebc9c982ccf2ec4968cc0cd55f12af4660c	ae5b66bdf04b4c010bfe32b2fc126ead21079697634f6f7337b9bff8785ee111200095ece87dde4dbe87343f6df3b107d91798c8a7eb1245d3bb9c5aafb093358c13e6ae1111a55717e895fd15f99f07	72
t-v1-bit-18-6	t	3d4017c3e843895a92b70aa74d1b7ebc9c982ccf2ec4968cc0cd55f12af4660c	ae5b66bdf04b4c010bfe32b2fc126ead2107f697634f6f7337b9bff8785ee111200095ece87dde4dbe87343f6df3b107d91798c8a7eb1245d3bb9c5aafb093358c13e6ae1111a55717e895fd15f99f07	72
t-v1-bit-18-7	t	3d4017c3e843895a92b70aa74d1b7ebc9c982ccf2ec4968cc0cd55f12af4660c	ae5b66bdf04b4c010bfe32b2fc126ead21073697634f6f7337b9bff8785ee111200095ece87dde4dbe87343f6df3b107d91798c8a7eb1245d3bb9c5aafb093358c13e6ae1111a55717e895fd15f99f07	72
t-v1-bit-19-0	t	3d4017c3e843895a92b70aa74d1b7ebc9c982ccf2ec4968cc0cd55f12af4660c	ae5b66bdf04b4c010bfe32b2fc126ead2107b696634f6f7337b9bff8785ee111200095ece87dde4dbe87343f6df3b107d91798c8a7eb1245d3bb9c5aafb093358c13e6ae1111a55717e895fd15f99f07	72
t-v1-bit-19-1	t	3d4017c3e843895a92b70aa74d1b7ebc9c982ccf2ec4968cc0cd55f12af4660c	ae5b66bdf04b4c010bfe32b2fc126ead2107b695634f6f7337b9bff8785ee111200095ece87dde4dbe87343f6df3b107d91798c8a7eb1245d3bb9c5aafb093358c13e6ae1111a55717e895fd15f99f07	72
t-v1-bit-19-2	t	3d4017c3e843895a92b70aa74d1b7ebc9c982ccf2ec4968cc0cd55f12af4660c	ae5b66bdf04b4c010bfe32b2fc126ead2107b693634f6f7337b9bff8785ee111200095ece87dde4dbe87343f6df3b107d91798c8a7eb1245d3bb9c5aafb093358c13e6ae1111a55717e895fd15f99f07	72
t-v1-bit-19-3	t	3d4017c3e843895a92b70aa74d1b7ebc9c982ccf2ec4968cc0cd55f12af4660c	ae5b66bdf04b4c010bfe32b2fc126ead2107b69f634f6f7337b9bff8785ee111200095ece87dde4dbe87343f6df3b107d91798c8a7eb1245d3bb9c5aafb093358c13e6ae1111a55717e895fd15f99f07	72
t-v1-bit-19-4	t	3d4017c3e843895a92b70aa74d1b7ebc9c982ccf2ec4968cc0cd55f12af4660c	ae5b66bdf04b4c010bfe32b2fc126ead2107b687634f6f7337b9bff8785ee111200095ece87dde4dbe87343f6df3b107d91798c8a7eb1245d3bb9c5aafb093358c13e6ae1111a55717e895fd15f99f07	72
t-v1-bit-19-5	t	3d4017c3e843895a92b70aa74d1b7ebc9c982ccf2ec4968cc0cd55f12af4660c	ae5b66bdf04b4c010bfe32b2fc126ead2107b6b7634f6f7337b9bff8785ee111200095ece87dde4dbe87343f6df3b107d91798c8a7eb1245d3bb9c5aafb093358c13e6ae1111a55717e895fd15f99f07	72
t-v1-bit-19-6	t	3d4017c3e843895a92b70aa74d1b7ebc9c982ccf2ec4968cc0cd55f12af4660c	ae5b66bdf04b4c010bfe32b2fc126ead2107b6d7634f6f7337b9bff8785ee111200095ece87dde4dbe87343f6df3b107d91798c8a7eb1245d3bb9c5aafb093358c13e6ae1111a55717e895fd15f99f07	72
t-v1-bit-19-7	t	3d4017c3e843895a92b70aa74d1b7ebc9c982ccf2ec4968cc0cd55f12af4660c	ae5b66bdf04b4c010bfe32b2fc126ead2107b617634f6f7337b9bff8785ee111200095ece87dde4dbe87343f6df3b107d91798c8a7eb1245d3bb9c5aafb093358c13e6ae1111a55717e895fd15f99f07	72
t-v1-bit-20-0	t	3d4017c3e843895a92b70aa74d1b7ebc9c982ccf2ec4968cc0cd55f12af4660c	ae5b66bdf04b4c010bfe32b2fc126ead2107b697624f6f7337b9bff8785ee111200095ece87dde4dbe87343f6df3b107d91798c8a7eb1245d3bb9c5aafb093358c13e6ae1111a55717e895fd15f99f07	72
t-v1-bit-20-1	t	3d4017c3e843895a92b70aa74d1b7ebc9c982ccf2ec4968cc0cd55f12af4660c	ae5b66bdf04b4c010bfe32b2fc126ead2107b697614f6f7337b9bff8785ee111200095ece87dde4dbe87343f6df3b107d91798c8a7eb1245d3bb9c5aafb093358c13e6ae1111a55717e895fd15f99f07	72
t-v1-bit-20-2	t	3d4017c3e843895a92b70aa74d1b7ebc9c982ccf2ec4968cc0cd55f12af4660c	ae5b66bdf04b4c010bfe32b2fc126ead2107b697674f6f7337b9bff8785ee111200095ece87dde4dbe87343f6df3b107d91798c8a7eb1245d3bb9c5aafb093358c13e6ae1111a55717e895fd15f99f07	72
t-v1-bit-20-3	t	3d4017c3e843895a92b70aa74d1b7ebc9c982ccf2ec4968cc0cd55f12af4660c	ae5b66bdf04b4c010bfe32b2fc126ead2107b6976b4f6f7337b9bff8785ee111200095ece87dde4dbe87343f6df3b107d91798c8a7eb1245d3bb9c5aafb093358c13e6ae1111a55717e895fd15f99f07	72
t-v1-bit-20-4	t	3d4017c3e843895a92b70aa74d1b7ebc9c982ccf2ec4968cc0cd55f12af4660c	ae5b66bdf04b4c010bfe32b2fc126ead2107b697734f6f7337b9bff8785ee111200095ece87dde4dbe87343f6df3b107d91798c8a7eb1245d3bb9c5aafb093358c13e6ae1111a55717e895fd15f99f07	72
t-v1-bit-20-5	t	3d4017c3e843895a92b70aa74d1b7ebc9c982ccf2ec4968cc0cd55f12af4660c	ae5b66bdf04b4c010bfe32b2fc126ead2107b697434f6f7337b9bff8785ee111200095ece87dde4dbe87343f6df3b107d91798c8a7eb1245d3bb9c5aafb093358c13e6ae1111a55717e895fd15f99f07	72
t-v1-bit-20-6	t	3d4017c3e843895a92b70aa74d1b7ebc9c982ccf2ec4968cc0cd55f12af4660c	ae5b66bdf04b4c010bfe32b2fc126ead2107b697234f6f7337b9bff8785ee111200095ece87dde4dbe87343f6df3b107d91798c8a7eb1245d3bb9c5aafb093358c13e6ae1111a55717e895fd15f99f07	72
t-v1-bit-20-7	t	3d4017c3e843895a92b70aa74d1b7ebc9c982ccf2ec4968cc0cd55f12af4660c	ae5b66bdf04b4c010bfe32b2fc126ead2107b697e34f6f7337b9bff8785ee111200095ece87dde4dbe87343f6df3b107d91798c8a7eb1245d3bb9c5aafb093358c13e6ae1111a55717e895fd15f99f07	72
t-v1-bit-21-0	t	3d4017c3e843895a92b70aa74d1b7ebc9c982ccf2ec4968cc0cd55f12af4660c	ae5b66bdf04b4c010bfe32b2fc126ead2107b697634e6f7337b9bff8785ee111200095ece87dde4dbe87343f6df3b107d91798c8a7eb1245d3bb9c5aafb093358c13e6ae1111a55717e895fd15f99f07	72
t-v1-bit-21-1	t	3d4017c3e843895a92b70aa74d1b7ebc9c982ccf2ec4968cc0cd55f12af4660c	ae5b66bdf04b4c010bfe32b2fc126ead2107b697634d6f7337b9bff8785ee111200095ece87dde4dbe87343f6df3b107d91798c8a7eb1245d3bb9c5aafb093358c13e6ae1111a55717e895fd15f99f07	72
t-v1-bit-21-2	t	3d4017c3e843895a92b70aa74d1b7ebc9c982ccf2ec4968cc0cd55f12af4660c	ae5b66bdf04b4c010bfe32b2fc126ead2107b697634b6f7337b9bff8785ee111200095ece87dde4dbe87343f6df3b107d91798c8a7eb1245d3bb9c5aafb093358c13e6ae1111a55717e895fd15f99f07	72
t-v1-bit-21-3	t	3d4017c3e843895a92b70aa74d1b7ebc9c982ccf2ec4968cc0cd55f12af4660c	ae5b66bdf04b4c010bfe32b2fc126ead2107b69763476f7337b9bff8785ee111200095ece87dde4dbe87343f6df3b107d91798c8a7eb1245d3bb9c5aafb093358c13e6ae1111a55717e895fd15f99f07	72
t-v1-bit-21-4	t	3d4017c3e843895a92b70aa74d1b7ebc9c982ccf2ec4968cc0cd55f12af4660c	ae5b66bdf04b4c010bfe32b2fc126ead2107b697635f6f7337b9bff8785ee111200095ece87dde4dbe87343f6df3b107d91798c8a7eb1245d3bb9c5aafb093358c13e6ae1111a55717e895fd15f99f07	72
t-v1-bit-21-5	t	3d4017c3e843895a92b70aa74d1b7ebc9c982ccf2ec4968cc0cd55f12af4660c	ae5b66bdf04b4c010bfe32b2fc126ead2107b697636f6f7337b9bff8785ee111200095ece87dde4dbe87343f6df3b107d91798c8a7eb1245d3bb9c5aafb093358c13e6ae1111a55717e895fd15f99f07	72
t-v1-bit-21-6	t	3d4017c3e843895a92b70aa74d1b7ebc9c982ccf2ec4968cc0cd55f12af4660c	ae5b66bdf04b4c010bfe32b2fc126ead2107b697630f6f7337b9bff8785ee111200095ece87dde4dbe87343f6df3b107d91798c8a7eb1245d3bb9c5aafb093358c13e6ae1111a55717e895fd15f99f07	72
t-v1-bit-21-7	t	3d4017c3e843895a92b70aa74d1b7ebc9c982ccf2ec4968cc0cd55f12af4660c	ae5b66bdf04b4c010bfe32b2fc126ead2107b69763cf6f7337b9bff8785ee111200095ece87dde4dbe87343f6df3b107d91798c8a7eb1245d3bb9c5aafb093358c13e6ae1111a55717e895fd15f99f07	72
t-v1-bit-22-0	t	3d4017c3e843895a92b70aa74d1b7ebc9c982ccf2ec4968cc0cd55f12af4660c	ae5b66bdf04b4c010bfe32b2fc126ead2107b697634f6e7337b9bff8785ee111200095ece87dde4dbe87343f6df3b107d91798c8a7eb1245d3bb9c5aafb093358c13e6ae1111a55717e895fd15f99f07	72
t-v1-bit-22-1	t	3d4017c3e843895a92b70aa74d1b7ebc9c982ccf2ec4968cc0cd55f12af4660c	ae5b66bdf04b4c010bfe32b2fc126ead2107b697634f6d7337b9bff8785ee111200095ece87dde4dbe87343f6df3b107d91798c8a7eb1245d3bb9c5aafb093358c13e6ae1111a55717e895fd15f99f07	72
t-v1-bit-22-2	t	3d4017c3e843895a92b70aa74d1b7ebc9c982ccf2ec4968cc0cd55f12af4660c	ae5b66bdf04b4c010bfe32b2fc126ead2107b697634f6b7337b9bff8785ee111200095ece87dde4dbe87343f6df3b107d91798c8a7eb1245d3bb9c5aafb093358c13e6ae1111a55717e895fd15f99f07	72
t-v1-bit-22-3	t	3d4017c3e843895a92b70aa74d1b7ebc9c982ccf2ec4968cc0cd55f12af4660c	ae5b66bdf04b4c010bfe32b2fc126ead2107b697634f677337b9bff8785ee111200095ece87dde4dbe87343f6df3b107d91798c8a7eb1245d3bb9c5aafb093358c13e6ae1111a55717e895fd15f99f07	72
t-v1-bit-22-4	t	3d4017c3e843895a92b70aa74d1b7ebc9c982ccf2ec4968cc0cd55f12af4660c	ae5b66bdf04b4c010bfe32b2fc126ead2107b697634f7f7337b9bff8785ee111200095ece87dde4dbe87343f6df3b107d91798c8a7eb1245d3bb9c5aafb093358c13e6ae1111a55717e895fd15f99f07	72
t-v1-bit-22-5	t	3d4017c3e843895a92b70aa74d1b7ebc9c982ccf2ec4968cc0cd55f12af4660c	ae5b66bdf04b4c010bfe32b2fc126ead2107b697634f4f7337b9bff8785ee111200095ece87dde4dbe87343f6df3b107d91798c8a7eb1245d3bb9c5aafb093358c13e6ae1111a55717e895fd15f99f07	72
t-v1-bit-22-6	t	3d4017c3e843895a92b70aa74d1b7ebc9c982ccf2ec4968cc0cd55f12af4660c	ae5b66bdf04b4c010bfe32b2fc126ead2107b697634f2f7337b9bff8785ee111200095ece87dde4dbe87343f6df3b107d91798c8a7eb1245d3bb9c5aafb093358c13e6ae1111a55717e895fd15f99f07	72
t-v1-bit-22-7	t	3d4017c3e843895a92b70aa74d1b7ebc9c982ccf2ec4968cc0cd55f12af4660c	ae5b66bdf04b4c010bfe32b2fc126ead2107b697634fef7337b9bff8785ee111200095ece87dde4dbe87343f6df3b107d91798c8a7eb1245d3bb9c5aafb093358c13e6ae1111a55717e895fd15f99f07	72
t-v1-bit-23-0	t	3d4017c3e843895a92b70aa74d1b7ebc9c982ccf2ec4968cc0cd55f12af4660c	ae5b66bdf04b4c010bfe32b2fc126ead2107b697634f6f7237b9bff8785ee111200095ece87dde4dbe87343f6df3b107d91798c8a7eb1245d3bb9c5aafb093358c13e6ae1111a55717e895fd15f99f07	72
t-v1-bit-23-1	t	3d4017c3e843895a92b70aa74d1b7ebc9c982ccf2ec4968cc0cd55f12af4660c	ae5b66bdf04b4c010bfe32b2fc126ead2107b697634f6f7137b9bff8785ee111200095ece87dde4dbe87343f6df3b107d91798c8a7eb1245d3bb9c5aafb093358c13e6ae1111a55717e895fd15f99f07	72
t-v1-bit-23-2	t	3d4017c3e843895a92b70aa74d1b7ebc9c982ccf2ec4968cc0cd55f12af4660c	ae5b66bdf04b4c010bfe32b2fc126ead2107b697634f6f7737b9bff8785ee111200095ece87dde4dbe87343f6df3b107d91798c8a7eb1245d3bb9c5aafb093358c13e6ae1111a55717e895fd15f99f07	72
t-v1-bit-23-3	t	3d4017c3e843895a92b70aa74d1b7ebc9c982ccf2ec4968cc0cd55f12af4660c	ae5b66bdf04b4c010bfe32b2fc126ead2107b697634f6f7b37b9bff8785ee111200095ece87dde4dbe87343f6df3b107d91798c8a7eb1245d3bb9c5aafb093358c13e6ae1111a55717e895fd15f99f07	72
t-v1-bit-23-4	t	3d4017c3e843895a92b70aa74d1b7ebc9c982ccf2ec4968cc0cd55f12af4660c	ae5b66bdf04b4c010bfe32b2fc126ead2107b697634f6f6337b9bff8785ee111200095ece87dde4dbe87343f6df3b107d91798c8a7eb1245d3bb9c5aafb093358c13e6ae1111a55717e895fd15f99f07	72
t-v1-bit-23-5	t	3d4017c3e843895a92b70aa74d1b7ebc9c982ccf2ec4968cc0cd55f12af4660c	ae5b66bdf04b4c010bfe32b2fc126ead2107b697634f6f5337b9bff8785ee111200095ece87dde4dbe87343f6df3b107d91798c8a7eb1245d3bb9c5aafb093358c13e6ae1111a55717e895fd15f99f07	72
t-v1-bit-23-6	t	3d4017c3e843895a92b70aa74d1b7ebc9c982ccf2ec4968cc0cd55f12af4660c	ae5b66bdf04b4c010bfe32b2fc126ead2107b697634f6f3337b9bff8785ee111200095ece87dde4dbe87343f6df3b107d91798c8a7eb1245d3bb9c5aafb093358c13e6ae1111a55717e895fd15f99f07	72
t-v1-bit-23-7	t	3d4017c3e843895a92b70aa74d1b7ebc9c982ccf2ec4968cc0cd55f12af4660c	ae5b66bdf04b4c010bfe32b2fc126ead2107b697634f6ff337b9bff8785ee111200095ece87dde4dbe87343f6df3b107d91798c8a7eb1245d3bb9c5aafb093358c13e6ae1111a55717e895fd15f99f07	72
t-v1-bit-24-0	t	3d4017c3e843895a92b70aa74d1b7ebc9c982ccf2ec4968cc0cd55f12af4660c	ae5b66bdf04b4c010bfe32b2fc126ead2107b697634f6f7336b9bff8785ee111200095ece87dde4dbe87343f6df3b107d91798c8a7eb1245d3bb9c5aafb093358c13e6ae1111a55717e895fd15f99f07	72
t-v1-bit-24-1	t	3d4017c3e843895a92b70aa74d1b7ebc9c982ccf2ec4968cc0cd55f12af4660c	ae5b66bdf04b4c010bfe32b2fc126ead2107b697634f6f7335b9bff8785ee111200095ece87dde4dbe87343f6df3b107d91798c8a7eb1245d3bb9c5aafb093358c13e6ae1111a55717e895fd15f99f07	72
t-v1-bit-24-2	t	3d4017c3e843895a92b70aa74d1b7ebc9c982ccf2ec4968cc0cd55f12af4660c	ae5b66bdf04b4c010bfe32b2fc126ead2107b697634f6f7333b9bff8785ee111200095ece87dde4dbe87343f6df3b107d91798c8a7eb1245d3bb9c5aafb093358c13e6ae1111a55717e895fd15f99f07	72
t-v1-bit-24-3	t	3d4017c3e843895a92b70aa74d1b7ebc9c982ccf2ec4968cc0cd55f12af4660c	ae5b66bdf04b4c010bfe32b2fc126ead2107b697634f6f733fb9bff8785ee111200095ece87dde4dbe87343f6df3b107d91798c8a7eb1245d3bb9c5aafb093358c13e6ae1111a55717e895fd15f99f07	72
t-v1-bit-24-4	t	3d4017c3e843895a92b70aa74d1b7ebc9c982ccf2ec4968cc0cd55f12af4660c	ae5b66bdf04b4c010bfe32b2fc126ead2107b697634f6f7327b9bff8785ee111200095ece87dde4dbe87343f6df3b107d91798c8a7eb1245d3bb9c5aafb093358c13e6ae1111a55717e895fd15f99f07	72
t-v1-bit-24-5	t	3d4017c3e843895a92b70aa74d1b7ebc9c982ccf2ec4968cc0cd55f12af4660c	ae5b66bdf04b4c010bfe32b2fc126ead2107b697634f6f7317b9bff8785ee111200095ece87dde4dbe87343f6df3b107d91798c8a7eb1245d3bb9c5aafb093358c13e6ae1111a55717e895fd15f99f07	72
t-v1-bit-24-6	t	3d4017c3e843895a92b70aa74d1b7ebc9c982ccf2ec4968cc0cd55f12af4660c	ae5b66bdf04b4c010bfe32b2fc126ead2107b697634f6f7377b9bff8785ee111200095ece87dde4dbe87343f6df3b107d91798c8a7eb1245d3bb9c5aafb093358c13e6ae1111a55717e895fd15f99f07	72
t-v1-bit-24-7	t	3d4017c3e843895a92b70aa74d1b7ebc9c982ccf2ec4968cc0cd55f12af4660c	ae5b66bdf04b4c010bfe32b2fc126ead2107b697634f6f73b7b9bff8785ee111200095ece87dde4dbe87343f6df3b107d91798c8a7eb1245d3bb9c5aafb093358c13e6ae1111a55717e895fd15f99f07	72
t-v1-bit-25-0	t	3d4017c3e843895a92b70aa74d1b7ebc9c982ccf2ec4968cc0cd55f12af4660c	ae5b66bdf04b4c010bfe32b2fc126ead2107b697634f6f7337b8bff8785ee111200095ece87dde4dbe87343f6df3b107d91798c8a7eb1245d3bb9c5aafb093358c13e6ae1111a55717e895fd15f99f07	72
t-v1-bit-25-1	t	3d4017c3e843895a92b70aa74d1b7ebc9c982ccf2ec4968cc0cd55f12af4660c	ae5b66bdf04b4c010bfe32b2fc126ead2107b697634f6f7337bbbff8785ee111200095ece87dde4dbe87343f6df3b107d91798c8a7eb1245d3bb9c5aafb093358c13e6ae1111a55717e895fd15f99f07	72
t-v1-bit-25-2	t	3d4017c3e843895a92b70aa74d1b7ebc9c982ccf2ec4968cc0cd55f12af4660c	ae5b66bdf04b4c010bfe32b2fc126ead2107b697634f6f7337bdbff8785ee111200095ece87dde4dbe87343f6df3b107d91798c8a7eb1245d3bb9c5aafb093358c13e6ae1111a55717e895fd15f99f07	72
t-v1-bit-25-3	t	3d4017c3e843895a92b70aa74d1b7ebc9c982ccf2ec4968cc0cd55f12af4660c	ae5b66bdf04b4c010bfe32b2fc126ead2107b697634f6f7337b1bff8785ee111200095ece87dde4dbe87343f6df3b107d91798c8a7eb1245d3bb9c5aafb093358c13e6ae1111a55717e895fd15f99f07	72
t-v1-bit-25-4	t	3d4017c3e843895a92b70aa74d1b7ebc9c982ccf2ec4968cc0cd55f12af4660c	ae5b66bdf04b4c010bfe32b2fc126ead2107b697634f6f7337a9bff8785ee111200095ece87dde4dbe87343f6df3b107d91798c8a7eb1245d3bb9c5aafb093358c13e6ae1111a55717e895fd15f99f07	72
t-v1-bit-25-5	t	3d4017c3e843895a92b70aa74d1b7ebc9c982ccf2ec4968cc0cd55f12af4660c	ae5b66bdf04b4c010bfe32b2fc126ead2107b697634f6f733799bff8785ee111200095ece87dde4dbe87343f6df3b107d91798c8a7eb1245d3bb9c5aafb093358c13e6ae1111a55717e895fd15f99f07	72
t-v1-bit-25-6	t	3d4017c3e843895a92b70aa74d1b7ebc9c982ccf2ec4968cc0cd55f12af4660c	ae5b66bdf04b4c010bfe32b2fc126ead2107b697634f6f7337f9bff8785ee111200095ece87dde4dbe87343f6df3b107d91798c8a7eb1245d3bb9c5aafb093358c13e6ae1111a55717e895fd15f99f07	72
t-v1-bit-25-7	t	3d4017c3e843895a92b70aa74d1b7ebc9c982ccf2ec4968cc0cd55f12af4660c	ae5b66bdf04b4c010bfe32b2fc126ead2107b697634f6f733739bff8785ee111200095ece87dde4dbe87343f6df3b107d91798c8a7eb1245d3bb9c5aafb093358c13e6ae1111a55717e895fd15f99f07	72
t-v1-bit-26-0	t	3d4017c3e843895a92b70aa74d1b7ebc9c982ccf2ec4968cc0cd55f12af4660c	ae5b66bdf04b4c010bfe32b2fc126ead2107b697634f6f7337b9bef8785ee111200095ece87dde4dbe87343f6df3b107d91798c8a7eb1245d3bb9c5aafb093358c13e6ae1111a55717e895fd15f99f07	72
t-v1-bit-26-1	t	3d4017c3e843895a92b70aa74d1b7ebc9c982ccf2ec4968cc0cd55f12af4660c	ae5b66bdf04b4c010bfe32b2fc126ead2107b697634f6f7337b9bdf8785ee111200095ece87dde4dbe87343f6df3b107d91798c8a7eb1245d3bb9c5aafb093358c13e6ae1111a55717e895fd15f99f07	72
t-v1-bit-26-2	t	3d4017c3e843895a92b70aa74d1b7ebc9c982ccf2ec4968cc0cd55f12af4660c	ae5b66bdf04b4c010bfe32b2fc126ead2107b697634f6f7337b9bbf8785ee111200095ece87dde4dbe87343f6df3b107d91798c8a7eb1245d3bb9c5aafb093358c13e6ae1111a55717e895fd15f99f07	72
t-v1-bit-26-3	t	3d4017c3e843895a92b70aa74d1b7ebc9c982ccf2ec4968cc0cd55f12af4660c	ae5b66bdf04b4c010bfe32b2fc126ead2107b697634f6f7337b9b7f8785ee111200095ece87dde4dbe87343f6df3b107d91798c8a7eb1245d3bb9c5aafb093358c13e6ae1111a55717e895fd15f99f07	72
t-v1-bit-26-4	t	3d4017c3e843895a92b70aa74d1b7ebc9c982ccf2ec4968cc0cd55f12af4660c	ae5b66bdf04b4c010bfe32b2fc126ead2107b697634f6f7337b9aff8785ee111200095ece87dde4dbe87343f6df3b107d91798c8a7eb1245d3bb9c5aafb093358c13e6ae1111a55717e895fd15f99f07	72
t-v1-bit-26-5	t	3d4017c3e843895a92b70aa74d1b7ebc9c982ccf2ec4968cc0cd55f12af4660c	ae5b66bdf04b4c010bfe32b2fc126ead2107b697634f6f7337b99ff8785ee111200095ece87dde4dbe87343f6df3b107d91798c8a7eb1245d3bb9c5aafb093358c13e6ae1111a55717e895fd15f99f07	72
t-v1-bit-26-6	t	3d4017c3e843895a92b70aa74d1b7ebc9c982ccf2ec4968cc0cd55f12af4660c	ae5b66bdf04b4c010bfe32b2fc126ead2107b697634f6f7337b9fff8785ee111200095ece87dde4dbe87343f6df3b107d91798c8a7eb1245d3bb9c5aafb093358c13e6ae1111a55717e895fd15f99f07	72
t-v1-bit-26-7	t	3d4017c3e843895a92b70aa74d1b7ebc9c982ccf2ec4968cc0cd55f12af4660c	ae5b66bdf04b4c010bfe32b2fc126ead2107b697634f6f7337b93ff8785ee111200095ece87dde4dbe87343f6df3b107d91798c8a7eb1245d3bb9c5aafb093358c13e6ae1111a55717e895fd15f99f07	72
t-v1-bit-27-0	t	3d4017c3e843895a92b70aa74d1b7ebc9c982ccf2ec4968cc0cd55f12af4660c	ae5b66bdf04b4c010bfe32b2fc126ead2107b697634f6f7337b9bff9785ee111200095ece87dde4dbe87343f6df3b107d91798c8a7eb1245d3bb9c5aafb093358c13e6ae1111a55717e895fd15f99f07	72
t-v1-bit-27-1	t	3d4017c3e843895a92b70aa74d1b7ebc9c982ccf2ec4968cc0cd55f12af4660c	ae5b66bdf04b4c010bfe32b2fc126ead2107b697634f6f7337b9bffa785ee111200095ece87dde4dbe87343f6df3b107d91798c8a7eb1245d3bb9c5aafb093358c13e6ae1111a55717e895fd15f99f07	72
t-v1-bit-27-2	t	3d4017c3e843895a92b70aa74d1b7ebc9c982ccf2ec4968cc0cd55f12af4660c	ae5b66bdf04b4c010bfe32b2fc126ead2107b697634f6f7337b9bffc785ee111200095ece87dde4dbe87343f6df3b107d91798c8a7eb1245d3bb9c5aafb093358c13e6ae1111a55717e895fd15f99f07	72
t-v1-bit-27-3	t	3d4017c3e843895a92b70aa74d1b7ebc9c982ccf2ec4968cc0cd55f12af4660c	ae5b66bdf04b4c010bfe32b2fc126ead2107b697634f6f7337b9bff0785ee111200095ece87dde4dbe87343f6df3b107d91798c8a7eb1245d3bb9c5aafb093358c13e6ae1111a55717e895fd15f99f07	72
t-v1-bit-27-4	t	3d4017c3e843895a92b70aa74d1b7ebc9c982ccf2ec4968cc0cd55f12af4660c	ae5b66bdf04b4c010bfe32b2fc126ead2107b697634f6f7337b9bfe8785ee111200095ece87dde4dbe87343f6df3b107d91798c8a7eb1245d3bb9c5aafb093358c13e6ae1111a55717e895fd15f99f07	72
t-v1-bit-27-5	t	3d4017c3e843895a92b70aa74d1b7ebc9c982ccf2ec4968cc0cd55f12af4660c	ae5b66bdf04b4c010bfe32b2fc126ead2107b697634f6f7337b9bfd8785ee111200095ece87dde4dbe87343f6df3b107d91798c8a7eb1245d3bb9c5aafb093358c13e6ae1111a55717e895fd15f99f07	72
t-v1-bit-27-6	t	3d4017c3e843895a92b70aa74d1b7ebc9c982ccf2ec4968cc0cd55f12af4660c	ae5b66bdf04b4c010bfe32b2fc126ead2107b697634f6f7337b9bfb8785ee111200095ece87dde4dbe87343f6df3b107d91798c8a7eb1245d3bb9c5aafb093358c13e6ae1111a55717e895fd15f99f07	72
t-v1-bit-27-7	t	3d4017c3e843895a92b70aa74d1b7ebc9c982ccf2ec4968cc0cd55f12af4660c	ae5b66bdf04b4c010bfe32b2fc126ead2107b697634f6f7337b9bf78785ee111200095ece87dde4dbe87343f6df3b107d91798c8a7eb1245d3bb9c5aafb093358c13e6ae1111a55717e895fd15f99f07	72
t-v1-bit-28-0	t	3d4017c3e843895a92b70aa74d1b7ebc9c982ccf2ec4968cc0cd55f12af4660c	ae5b66bdf04b4c010bfe32b2fc126ead2107b697634f6f7337b9bff8795ee111200095ece87dde4dbe87343f6df3b107d91798c8a7eb1245d3bb9c5aafb093358c13e6ae1111a55717e895fd15f99f07	72
t-v1-bit-28-1	t	3d4017c3e843895a92b70aa74d1b7ebc9c982ccf2ec4968cc0cd55f12af4660c	ae5b66bdf04b4c010bfe32b2fc126ead2107b697634f6f7337b9bff87a5ee111200095ece87dde4dbe87343f6df3b107d91798c8a7eb1245d3bb9c5aafb093358c13e6ae1111a55717e895fd15f99f07	72
t-v1-bit-28-2	t	3d4017c3e843895a92b70aa74d1b7ebc9c982ccf2ec4968cc0cd55f12af4660c	ae5b66bdf04b4c010bfe32b2fc126ead2107b697634f6f7337b9bff87c5ee111200095ece87dde4dbe87343f6df3b107d91798c8a7eb1245d3bb9c5aafb093358c13e6ae1111a55717e895fd15f99f07	72
t-v1-bit-28-3	t	3d4017c3e843895a92b70aa74d1b7ebc9c982ccf2ec4968cc0cd55f12af4660c	ae5b66bdf04b4c010bfe32b2fc126ead2107b697634f6f7337b9bff8705ee111200095ece87dde4dbe87343f6df3b107d91798c8a7eb1245d3bb9c5aafb093358c13e6ae1111a55717e895fd15f99f07	72
t-v1-bit-28-4	t	3d4017c3e843895a92b70aa74d1b7ebc9c982ccf2ec4968cc0cd55f12af4660c	ae5b66bdf04b4c010bfe32b2fc126ead2107b697634f6f7337b9bff8685ee111200095ece87dde4dbe87343f6df3b107d91798c8a7eb1245d3bb9c5aafb093358c13e6ae1111a55717e895fd15f99f07	72
t-v1-bit-28-5	t	3d4017c3e843895a92b70aa74d1b7ebc9c982ccf2ec4968cc0cd55f12af4660c	ae5b66bdf04b4c010bfe32b2fc126ead2107b697634f6f7337b9bff8585ee111200095ece87dde4dbe87343f6df3b107d91798c8a7eb1245d3bb9c5aafb093358c13e6ae1111a55717e895fd15f99f07	72
t-v1-bit-28-6	t	3d4017c3e843895a92b70aa74d1b7ebc9c982ccf2ec4968cc0cd55f12af4660c	ae5b66bdf04b4c010bfe32b2fc126ead2107b697634f6f7337b9bff8385ee111200095ece87dde4dbe87343f6df3b107d91798c8a7eb1245d3bb9c5aafb093358c13e6ae1111a55717e895fd15f99f07	72
t-v1-bit-28-7	t	3d4017c3e843895a92b70aa74d1b7ebc9c982ccf2ec4968cc0cd55f12af4660c	ae5b66bdf04b4c010bfe32b2fc126ead2107b697634f6f7337b9bff8f85ee111200095ece87dde4dbe87343f6df3b107d91798c8a7eb1245d3bb9c5aafb093358c13e6ae1111a55717e895fd15f99f07	72
t-v1-bit-29-0	t	3d4017c3e843895a92b70aa74d1b7ebc9c982ccf2ec4968cc0cd55f12af4660c	ae5b66bdf04b4c010bfe32b2fc126ead2107b697634f6f7337b9bff8785fe111200095ece87dde4dbe87343f6df3b107d91798c8a7eb1245d3bb9c5aafb093358c13e6ae1111a55717e895fd15f99f07	72
t-v1-bit-29-1	t	3d4017c3e843895a92b70aa74d1b7ebc9c982ccf2ec4968cc0cd55f12af4660c	ae5b66bdf04b4c010bfe32b2fc126ead2107b697634f6f7337b9bff8785ce111200095ece87dde4dbe87343f6df3b107d91798c8a7eb1245d3bb9c5aafb093358c13e6ae1111a55717e895fd15f99f07	72
t-v1-bit-29-2	t	3d4017c3e843895a92b70aa74d1b7ebc9c982ccf2ec4968cc0cd55f12af4660c	ae5b66bdf04b4c010bfe32b2fc126ead2107b697634f6f7337b9bff8785ae111200095ece87dde4dbe87343f6df3b107d91798c8a7eb1245d3bb9c5aafb093358c13e6ae1111a55717e895fd15f99f07	72
t-v1-bit-29-3	t	3d4017c3e843895a92b70aa74d1b7ebc9c982ccf2ec4968cc0cd55f12af4660c	ae5b66bdf04b4c010bfe32b2fc126ead2107b697634f6f7337b9bff87856e111200095ece87dde4dbe87343f6df3b107d91798c8a7eb1245d3bb9c5aafb093358c13e6ae1111a55717e895fd15f99f07	72
t-v1-bit-29-4	t	3d4017c3e843895a92b70aa74d1b7ebc9c982ccf2ec4968cc0cd55f12af4660c	ae5b66bdf04b4c010bfe32b2fc126ead2107b697634f6f7337b9bff8784ee111200095ece87dde4dbe87343f6df3b107d91798c8a7eb1245d3bb9c5aafb093358c13e6ae1111a55717e895fd15f99f07	72
t-v1-bit-29-5	t	3d4017c3e843895a92b70aa74d1b7ebc9c982ccf2ec4968cc0cd55f12af4660c	ae5b66bdf04b4c010bfe32b2fc126ead2107b697634f6f7337b9bff8787ee111200095ece87dde4dbe87343f6df3b107d91798c8a7eb1245d3bb9c5aafb093358c13e6ae1111a55717e895fd15f99f07	72
t-v1-bit-29-6	t	3d4017c3e843895a92b70aa74d1b7ebc9c982ccf2ec4968cc0cd55f12af4660c	ae5b66bdf04b4c010bfe32b2fc126ead2107b697634f6f7337b9bff8781ee111200095ece87dde4dbe87343f6df3b107d91798c8a7eb1245d3bb9c5aafb093358c13e6ae1111a55717e895fd15f99f07	72
t-v1-bit-29-7	t	3d4017c3e843895a92b70aa74d1b7ebc9c982ccf2ec4968cc0cd55f12af4660c	ae5b66bdf04b4c010bfe32b2fc126ead2107b697634f6f7337b9bff878dee111200095ece87dde4dbe87343f6df3b107d91798c8a7eb1245d3bb9c5aafb093358c13e6ae1111a55717e895fd15f99f07	72
t-v1-bit-30-0	t	3d4017c3e843895a92b70aa74d1b7ebc9c982ccf2ec4968cc0cd55f12af4660c	ae5b66bdf04b4c010bfe32b2fc126ead2107b697634f6f7337b9bff8785ee011200095ece87dde4dbe87343f6df3b107d91798c8a7eb1245d3bb9c5aafb093358c13e6ae1111a55717e895fd15f99f07	72
t-v1-bit-30-1	t	3d4017c3e843895a92b70aa74d1b7ebc9c982ccf2ec4968cc0cd55f12af4660c	ae5b66bdf04b4c010bfe32b2fc126ead2107b697634f6f7337b9bff8785ee311200095ece87dde4dbe87343f6df3b107d91798c8a7eb1245d3bb9c5aafb093358c13e6ae1111a55717e895fd15f99f07	72
t-v1-bit-30-2	t	3d4017c3e843895a92b70aa74d1b7ebc9c982ccf2ec4968cc0cd55f12af4660c	ae5b66bdf04b4c010bfe32b2fc126ead2107b697634f6f7337b9bff8785ee511200095ece87dde4dbe87343f6df3b107d91798c8a7eb1245d3bb9c5aafb093358c13e6ae1111a55717e895fd15f99f07	72
t-v1-bit-30-3	t	3d4017c3e843895a92b70aa74d1b7ebc9c982ccf2ec4968cc0cd55f12af4660c	ae5b66bdf04b4c010bfe32b2fc126ead2107b697634f6f7337b9bff8785ee911200095ece87dde4dbe87343f6df3b107d91798c8a7eb1245d3bb9c5aafb093358c13e6ae1111a55717e895fd15f99f07	72
t-v1-bit-30-4	t	3d4017c3e843895a92b70aa74d1b7ebc9c982ccf2ec4968cc0cd55f12af4660c	ae5b66bdf04b4c010bfe32b2fc126ead2107b697634f6f7337b9bff8785ef111200095ece87dde4dbe87343f6df3b107d91798c8a7eb1245d3bb9c5aafb093358c13e6ae1111a55717e895fd15f99f07	72
t-v1-bit-30-5	t	3d4017c3e843895a92b70aa74d1b7ebc9c982ccf2ec4968cc0cd55f12af4660c	ae5b66bdf04b4c010bfe32b2fc126ead2107b697634f6f7337b9bff8785ec111200095ece87dde4dbe87343f6df3b107d91798c8a7eb1245d3bb9c5aafb093358c13e6ae1111a55717e895fd15f99f07	72
t-v1-bit-30-6	t	3d4017c3e843895a92b70aa74d1b7ebc9c982ccf2ec4968cc0cd55f12af4660c	ae5b66bdf04b4c010bfe32b2fc126ead2107b697634f6f7337b9bff8785ea111200095ece87dde4dbe87343f6df3b107d91798c8a7eb1245d3bb9c5aafb093358c13e6ae1111a55717e895fd15f99f07	72
t-v1-bit-30-7	t	3d4017c3e843895a92b70aa74d1b7ebc9c982ccf2ec4968cc0cd55f12af4660c	ae5b66bdf04b4c010bfe32b2fc126ead2107b697634f6f7337b9bff8785e6111200095ece87dde4dbe87343f6df3b107d91798c8a7eb1245d3bb9c5aafb093358c13e6ae1111a55717e895fd15f99f07	72
t-v1-bit-31-0	t	3d4017c3e843895a92b70aa74d1b7ebc9c982ccf2ec4968cc0cd55f12af4660c	ae5b66bdf04b4c010bfe32b2fc126ead2107b697634f6f7337b9bff8785ee110200095ece87dde4dbe87343f6df3b107d91798c8a7eb1245d3bb9c5aafb093358c13e6ae1111a55717e895fd15f99f07	72
t-v1-bit-31-1	t	3d4017c3e843895a92b70aa74d1b7ebc9c982ccf2ec4968cc0cd55f12af4660c	ae5b66bdf04b4c010bfe32b2fc126ead2107b697634f6f7337b9bff8785ee113200095ece87dde4dbe87343f6df3b107d91798c8a7eb1245d3bb9c5aafb093358c13e6ae1111a55717e895fd15f99f07	72
t-v1-bit-31-2	t	3d4017c3e843895a92b70aa74d1b7ebc9c982ccf2ec4968cc0cd55f12af4660c	ae5b66bdf04b4c010bfe32b2fc126ead2107b697634f6f7337b9bff8785ee115200095ece87dde4dbe87343f6df3b107d91798c8a7eb1245d3bb9c5aafb093358c13e6ae1111a55717e895fd15f99f07	72
t-v1-bit-31-3	t	3d4017c3e843895a92b70aa74d1b7ebc9c982ccf2ec4968cc0cd55f12af4660c	ae5b66bdf04b4c010bfe32b2fc126ead2107b697634f6f7337b9bff8785ee119200095ece87dde4dbe87343f6df3b107d91798c8a7eb1245d3bb9c5aafb093358c13e6ae1111a55717e895fd15f99f07	72
t-v1-bit-31-4	t	3d4017c3e843895a92b70aa74d1b7ebc9c982ccf2ec4968cc0cd55f12af4660c	ae5b66bdf04b4c010bfe32b2fc126ead2107b697634f6f7337b9bff8785ee101200095ece87dde4dbe87343f6df3b107d91798c8a7eb1245d3bb9c5aafb093358c13e6ae1111a55717e895fd15f99f07	72
t-v1-bit-31-5	t	3d4017c3e843895a92b70aa74d1b7ebc9c982ccf2ec4968cc0cd55f12af4660c	ae5b66bdf04b4c010bfe32b2fc126ead2107b697634f6f7337b9bff8785ee131200095ece87dde4dbe87343f6df3b107d91798c8a7eb1245d3bb9c5aafb093358c13e6ae1111a55717e895fd15f99f07	72
t-v1-bit-31-6	t	3d4017c3e843895a92b70aa74d1b7ebc9c982ccf2ec4968cc0cd55f12af4660c	ae5b66bdf04b4c010bfe32b2fc126ead2107b697634f6f7337b9bff8785ee151200095ece87dde4dbe87343f6df3b107d91798c8a7eb1245d3bb9c5aafb093358c13e6ae1111a55717e895fd15f99f07	72
t-v1-bit-31-7	t	3d4017c3e843895a92b70aa74d1b7ebc9c982ccf2ec4968cc0cd55f12af4660c	ae5b66bdf04b4c010bfe32b2fc126ead2107b697634f6f7337b9bff8785ee191200095ece87dde4dbe87343f6df3b107d91798c8a7eb1245d3bb9c5aafb093358c13e6ae1111a55717e895fd15f99f07	72
t-v1-bit-32-0	t	3d4017c3e843895a92b70aa74d1b7ebc9c982ccf2ec4968cc0cd55f12af4660c	ae5b66bdf04b4c010bfe32b2fc126ead2107b697634f6f7337b9bff8785ee111210095ece87dde4dbe87343f6df3b107d91798c8a7eb1245d3bb9c5aafb093358c13e6ae1111a55717e895fd15f99f07	72
t-v1-bit-32-1	t	3d4017c3e843895a92b70aa74d1b7ebc9c982ccf2ec4968cc0cd55f12af4660c	ae5b66bdf04b4c010bfe32b2fc126ead2107b697634f6f7337b9bff8785ee111220095ece87dde4dbe87343f6df3b107d91798c8a7eb1245d3bb9c5aafb093358c13e6ae1111a55717e895fd15f99f07	72
t-v1-bit-32-2	t	3d4017c3e843895a92b70aa74d1b7ebc9c982ccf2ec4968cc0cd55f12af4660c	ae5b66bdf04b4c010bfe32b2fc126ead2107b697634f6f7337b9bff8785ee111240095ece87dde4dbe87343f6df3b107d91798c8a7eb1245d3bb9c5aafb093358c13e6ae1111a55717e895fd15f99f07	72
t-v1-bit-32-3	t	3d4017c3e843895a92b70aa74d1b7ebc9c982ccf2ec4968cc0cd55f12af4660c	ae5b66bdf04b4c010bfe32b2fc126ead2107b697634f6f7337b9bff8785ee111280095ece87dde4dbe87343f6df3b107d91798c8a7eb1245d3bb9c5aafb093358c13e6ae1111a55717e895fd15f99f07	72
t-v1-bit-32-4	t	3d4017c3e843895a92b70aa74d1b7ebc9c982ccf2ec4968cc0cd55f12af4660c	ae5b66bdf04b4c010bfe32b2fc126ead2107b697634f6f7337b9bff8785ee111300095ece87dde4dbe87343f6df3b107d91798c8a7eb1245d3bb9c5aafb093358c13e6ae1111a55717e895fd15f99f07	72
t-v1-bit-32-5	t	3d4017c3e843895a92b70aa74d1b7ebc9c982ccf2ec4968cc0cd55f12af4660c	ae5b66bdf04b4c010bfe32b2fc126ead2107b697634f6f7337b9bff8785ee111000095ece87dde4dbe87343f6df3b107d91798c8a7eb1245d3bb9c5aafb093358c13e6ae1111a55717e895fd15f99f07	72
t-v1-bit-32-6	t	3d4017c3e843895a92b70aa74d1b7ebc9c982ccf2ec4968cc0cd55f12af4660c	ae5b66bdf04b4c010bfe32b2fc126ead2107b697634f6f7337b9bff8785ee111600095ece87dde4dbe87343f6df3b107d91798c8a7eb1245d3bb9c5aafb093358c13e6ae1111a55717e895fd15f99f07	72
t-v1-bit-32-7	t	3d4017c3e843895a92b70aa74d1b7ebc9c982ccf2ec4968cc0cd55f12af4660c	ae5b66bdf04b4c010bfe32b2fc126ead2107b697634f6f7337b9bff8785ee111a00095ece87dde4dbe87343f6df3b107d91798c8a7eb1245d3bb9c5aafb093358c13e6ae1111a55717e895fd15f99f07	72
t-v1-bit-33-0	t	3d4017c3e843895a92b70aa74d1b7ebc9c982ccf2ec4968cc0cd55f12af4660c	ae5b66bdf04b4c010bfe32b2fc126ead2107b697634f6f7337b9bff8785ee111200195ece87dde4dbe87343f6df3b107d91798c8a7eb1245d3bb9c5aafb093358c13e6ae1111a55717e895fd15f99f07	72
t-v1-bit-33-1	t	3d4017c3e843895a92b70aa74d1b7ebc9c982ccf2ec4968cc0cd55f12af4660c	ae5b66bdf04b4c010bfe32b2fc126ead2107b697634f6f7337b9bff8785ee111200295ece87dde4dbe87343f6df3b107d91798c8a7eb1245d3bb9c5aafb093358c13e6ae1111a55717e895fd15f99f07	72
t-v1-bit-33-2	t	3d4017c3e843895a92b70aa74d1b7ebc9c982ccf2ec4968cc0cd55f12af4660c	ae5b66bdf04b4c010bfe32b2fc126ead2107b697634f6f7337b9bff8785ee111200495ece87dde4dbe87343f6df3b107d91798c8a7eb1245d3bb9c5aafb093358c13e6ae1111a55717e895fd15f99f07	72
t-v1-bit-33-3	t	3d4017c3e843895a92b70aa74d1b7ebc9c982ccf2ec4968cc0cd55f12af4660c	ae5b66bdf04b4c010bfe32b2fc126ead2107b697634f6f7337b9bff8785ee111200895ece87dde4dbe87343f6df3b107d91798c8a7eb1245d3bb9c5aafb093358c13e6ae1111a55717e895fd15f99f07	72
t-v1-bit-33-4	t	3d4017c3e843895a92b70aa74d1b7ebc9c982ccf2ec4968cc0cd55f12af4660c	ae5b66bdf04b4c010bfe32b2fc126ead2107b697634f6f7337b9bff8785ee111201095ece87dde4dbe87343f6df3b107d91798c8a7eb1245d3bb9c5aafb093358c13e6ae1111a55717e895fd15f99f07	72
t-v1-bit-33-5	t	3d4017c3e843895a92b70aa74d1b7ebc9c982ccf2ec4968cc0cd55f12af4660c	ae5b66bdf04b4c010bfe32b2fc126ead2107b697634f6f7337b9bff8785ee111202095ece87dde4dbe87343f6df3b107d91798c8a7eb1245d3bb9c5aafb093358c13e6ae1111a55717e895fd15f99f07	72
t-v1-bit-33-6	t	3d4017c3e843895a92b70aa74d1b7ebc9c982ccf2ec4968cc0cd55f12af4660c	ae5b66bdf04b4c010bfe32b2fc126ead2107b697634f6f7337b9bff8785ee111204095ece87dde4dbe87343f6df3b107d91798c8a7eb1245d3bb9c5aafb093358c13e6ae1111a55717e895fd15f99f07	72
t-v1-bit-33-7	t	3d4017c3e843895a92b70aa74d1b7ebc9c982ccf2ec4968cc0cd55f12af4660c	ae5b66bdf04b4c010bfe32b2fc126ead2107b697634f6f7337b9bff8785ee111208095ece87dde4dbe87343f6df3b107d91798c8a7eb1245d3bb9c5aafb093358c13e6ae1111a55717e895fd15f99f07	72
t-v1-bit-34-0	t	3d4017c3e843895a92b70aa74d1b7ebc9c982ccf2ec4968cc0cd55f12af4660c	ae5b66bdf04b4c010bfe32b2fc126ead2107b697634f6f7337b9bff8785ee111200094ece87dde4dbe87343f6df3b107d91798c8a7eb1245d3bb9c5aafb093358c13e6ae1111a55717e895fd15f99f07	72
t-v1-bit-34-1	t	3d4017c3e843895a92b70aa74d1b7ebc9c982ccf2ec4968cc0cd55f12af4660c	ae5b66bdf04b4c010bfe32b2fc126ead2107b697634f6f7337b9bff8785ee111200097ece87dde4dbe87343f6df3b107d91798c8a7eb1245d3bb9c5aafb093358c13e6ae1111a55717e895fd15f99f07	72
t-v1-bit-34-2	t	3d4017c3e843895a92b70aa74d1b7ebc9c982ccf2ec4968cc0cd55f12af4660c	ae5b66bdf04b4c010bfe32b2fc126ead2107b697634f6f7337b9bff8785ee111200091ece87dde4dbe87343f6df3b107d91798c8a7eb1245d3bb9c5aafb093358c13e6ae1111a55717e895fd15f99f07	72
t-v1-bit-34-3	t	3d4017c3e843895a92b70aa74d1b7ebc9c982ccf2ec4968cc0cd55f12af4660c	ae5b66bdf04b4c010bfe32b2fc126ead2107b697634f6f7337b9bff8785ee11120009dece87dde4dbe87343f6df3b107d91798c8a7eb1245d3bb9c5aafb093358c13e6ae1111a55717e895fd15f99f07	72
t-v1-bit-34-4	t	3d4017c3e843895a92b70aa74d1b7ebc9c982ccf2ec4968cc0cd55f12af4660c	ae5b66bdf04b4c010bfe32b2fc126ead2107b697634f6f7337b9bff8785ee111200085ece87dde4dbe87343f6df3b107d91798c8a7eb1245d3bb9c5aafb093358c13e6ae1111a55717e895fd15f99f07	72
t-v1-bit-34-5	t	3d4017c3e843895a92b70aa74d1b7ebc9c982ccf2ec4968cc0cd55f12af4660c	ae5b66bdf04b4c010bfe32b2fc126ead2107b697634f6f7337b9bff8785ee1112000b5ece87dde4dbe87343f6df3b107d91798c8a7eb1245d3bb9c5aafb093358c13e6ae1111a55717e895fd15f99f07	72
t-v1-bit-34-6	t	3d4017c3e843895a92b70aa74d1b7ebc9c982ccf2ec4968cc0cd55f12af4660c	ae5b66bdf04b4c010bfe32b2fc126ead2107b697634f6f7337b9bff8785ee1112000d5ece87dde4dbe87343f6df3b107d91798c8a7eb1245d3bb9c5aafb093358c13e6ae1111a55717e895fd15f99f07	72
t-v1-bit-34-7	t	3d4017c3e843895a92b70aa74d1b7ebc9c982ccf2ec4968cc0cd55f12af4660c	ae5b66bdf04b4c010bfe32b2fc126ead2107b697634f6f7337b9bff8785ee111200015ece87dde4dbe87343f6df3b107d91798c8a7eb1245d3bb9c5aafb093358c13e6ae1111a55717e895fd15f99f07	72
t-v1-bit-35-0	t	3d4017c3e843895a92b70aa74d1b7ebc9c982ccf2ec4968cc0cd55f12af4660c	ae5b66bdf04b4c010bfe32b2fc126ead2107b697634f6f7337b9bff8785ee111200095ede87dde4dbe87343f6df3b107d91798c8a7eb1245d3bb9c5aafb093358c13e6ae1111a55717e895fd15f99f07	72
t-v1-bit-35-1	t	3d4017c3e843895a92b70aa74d1b7ebc9c982ccf2ec4968cc0cd55f12af4660c	ae5b66bdf04b4c010bfe32b2fc126ead2107b697634f6f7337b9bff8785ee111200095eee87dde4dbe87343f6df3b107d91798c8a7eb1245d3bb9c5aafb093358c13e6ae1111a55717e895fd15f99f07	72
t-v1-bit-35-2	t	3d4017c3e843895a92b70aa74d1b7ebc9c982ccf2ec4968cc0cd55f12af4660c	ae5b66bdf04b4c010bfe32b2fc126ead2107b697634f6f7337b9bff8785ee111200095e8e87dde4dbe87343f6df3b107d91798c8a7eb1245d3bb9c5aafb093358c13e6ae1111a55717e895fd15f99f07	72
t-v1-bit-35-3	t	3d4017c3e843895a92b70aa74d1b7ebc9c982ccf2ec4968cc0cd55f12af4660c	ae5b66bdf04b4c010bfe32b2fc126ead2107b697634f6f7337b9bff8785ee111200095e4e87dde4dbe87343f6df3b107d91798c8a7eb1245d3bb9c5aafb093358c13e6ae1111a55717e895fd15f99f07	72
t-v1-bit-35-4	t	3d4017c3e843895a92b70aa74d1b7ebc9c982ccf2ec4968cc0cd55f12af4660c	ae5b66bdf04b4c010bfe32b2fc126ead2107b697634f6f7337b9bff8785ee111200095fce87dde4dbe87343f6df3b107d91798c8a7eb1245d3bb9c5aafb093358c13e6ae1111a55717e895fd15f99f07	72
t-v1-bit-35-5	t	3d4017c3e843895a92b70aa74d1b7ebc9c982ccf2ec4968cc0cd55f12af4660c	ae5b66bdf04b4c010bfe32b2fc126ead2107b697634f6f7337b9bff8785ee111200095cce87dde4dbe87343f6df3b107d91798c8a7eb1245d3bb9c5aafb093358c13e6ae1111a55717e895fd15f99f07	72
t-v1-bit-35-6	t	3d4017c3e843895a92b70aa74d1b7ebc9c982ccf2ec4968cc0cd55f12af4660c	ae5b66bdf04b4c010bfe32b2fc126ead2107b697634f6f7337b9bff8785ee111200095ace87dde4dbe87343f6df3b107d91798c8a7eb1245d3bb9c5aafb093358c13e6ae1111a55717e895fd15f99f07	72
t-v1-bit-35-7	t	3d4017c3e843895a92b70aa74d1b7ebc9c982ccf2ec4968cc0cd55f12af4660c	ae5b66bdf04b4c010bfe32b2fc126ead2107b697634f6f7337b9bff8785ee1112000956ce87dde4dbe87343f6df3b107d91798c8a7eb1245d3bb9c5aafb093358c13e6ae1111a55717e895fd15f99f07	72
t-v1-bit-36-0	t	3d4017c3e843895a92b70aa74d1b7ebc9c982ccf2ec4968cc0cd55f12af4660c	ae5b66bdf04b4c010bfe32b2fc126ead2107b697634f6f7337b9bff8785ee111200095ece97dde4dbe87343f6df3b107d91798c8a7eb1245d3bb9c5aafb093358c13e6ae1111a55717e895fd15f99f07	72
t-v1-bit-36-1	t	3d4017c3e843895a92b70aa74d1b7ebc9c982ccf2ec4968cc0cd55f12af4660c	ae5b66bdf04b4c010bfe32b2fc126ead2107b697634f6f7337b9bff8785ee111200095ecea7dde4dbe87343f6df3b107d91798c8a7eb1245d3bb9c5aafb093358c13e6ae1111a55717e895fd15f99f07	72
t-v1-bit-36-2	t	3d4017c3e843895a92b70aa74d1b7ebc9c982ccf2ec4968cc0cd55f12af4660c	ae5b66bdf04b4c010bfe32b2fc126ead2107b697634f6f7337b9bff8785ee111200095ecec7dde4dbe87343f6df3b107d91798c8a7eb1245d3bb9c5aafb093358c13e6ae1111a55717e895fd15f99f07	72
t-v1-bit-36-3	t	3d4017c3e843895a92b70aa74d1b7ebc9c982ccf2ec4968cc0cd55f12af4660c	ae5b66bdf04b4c010bfe32b2fc126ead2107b697634f6f7337b9bff8785ee111200095ece07dde4dbe87343f6df3b107d91798c8a7eb1245d3bb9c5aafb093358c13e6ae1111a55717e895fd15f99f07	72
t-v1-bit-36-4	t	3d4017c3e843895a92b70aa74d1b7ebc9c982ccf2ec4968cc0cd55f12af4660c	ae5b66bdf04b4c010bfe32b2fc126ead2107b697634f6f7337b9bff8785ee111200095ecf87dde4dbe87343f6df3b107d91798c8a7eb1245d3bb9c5aafb093358c13e6ae1111a55717e895fd15f99f07	72
t-v1-bit-36-5	t	3d4017c3e843895a92b70aa74d1b7ebc9c982ccf2ec4968cc0cd55f12af4660c	ae5b66bdf04b4c010bfe32b2fc126ead2107b697634f6f7337b9bff8785ee111200095ecc87dde4dbe87343f6df3b107d91798c8a7eb1245d3bb9c5aafb093358c13e6ae1111a55717e895fd15f99f07	72
t-v1-bit-36-6	t	3d4017c3e843895a92b70aa74d1b7ebc9c982ccf2ec4968cc0cd55f12af4660c	ae5b66bdf04b4c010bfe32b2fc126ead2107b697634f6f7337b9bff8785ee111200095eca87dde4dbe87343f6df3b107d91798c8a7eb1245d3bb9c5aafb093358c13e6ae1111a55717e895fd15f99f07	72
t-v1-bit-36-7	t	3d4017c3e843895a92b70aa74d1b7ebc9c982ccf2ec4968cc0cd55f12af4660c	ae5b66bdf04b4c010bfe32b2fc126ead2107b697634f6f7337b9bff8785ee111200095ec687dde4dbe87343f6df3b107d91798c8a7eb1245d3bb9c5aafb093358c13e6ae1111a55717e895fd15f99f07	72
t-v1-bit-37-0	t	3d4017c3e843895a92b70aa74d1b7ebc9c982ccf2ec4968cc0cd55f12af4660c	ae5b66bdf04b4c010bfe32b2fc126ead2107b697634f6f7337b9bff8785ee111200095ece87cde4dbe87343f6df3b107d91798c8a7eb1245d3bb9c5aafb093358c13e6ae1111a55717e895fd15f99f07	72
t-v1-bit-37-1	t	3d4017c3e843895a92b70aa74d1b7ebc9c982ccf2ec4968cc0cd55f12af4660c	ae5b66bdf04b4c010bfe32b2fc126ead2107b697634f6f7337b9bff8785ee111200095ece87fde4dbe87343f6df3b107d91798c8a7eb1245d3bb9c5aafb093358c13e6ae1111a55717e895fd15f99f07	72
t-v1-bit-37-2	t	3d4017c3e843895a92b70aa74d1b7ebc9c982ccf2ec4968cc0cd55f12af4660c	ae5b66bdf04b4c010bfe32b2fc126ead2107b697634f6f7337b9bff8785ee111200095ece879de4dbe87343f6df3b107d91798c8a7eb1245d3bb9c5aafb093358c13e6ae1111a55717e895fd15f99f07	72
t-v1-bit-37-3	t	3d4017c3e843895a92b70aa74d1b7ebc9c982ccf2ec4968cc0cd55f12af4660c	ae5b66bdf04b4c010bfe32b2fc126ead2107b697634f6f7337b9bff8785ee111200095ece875de4dbe87343f6df3b107d91798c8a7eb1245d3bb9c5aafb093358c13e6ae1111a55717e895fd15f99f07	72
t-v1-bit-37-4	t	3d4017c3e843895a92b70aa74d1b7ebc9c982ccf2ec4968cc0cd55f12af4660c	ae5b66bdf04b4c010bfe32b2fc126ead2107b697634f6f7337b9bff8785ee111200095ece86dde4dbe87343f6df3b107d91798c8a7eb1245d3bb9c5aafb093358c13e6ae1111a55717e895fd15f99f07	72
t-v1-bit-37-5	t	3d4017c3e843895a92b70aa74d1b7ebc9c982ccf2ec4968cc0cd55f12af4660c	ae5b66bdf04b4c010bfe32b2fc126ead2107b697634f6f7337b9bff8785ee111200095ece85dde4dbe87343f6df3b107d91798c8a7eb1245d3bb9c5aafb093358c13e6ae1111a55717e895fd15f99f07	72
t-v1-bit-37-6	t	3d4017c3e843895a92b70aa74d1b7ebc9c982ccf2ec4968cc0cd55f12af4660c	ae5b66bdf04b4c010bfe32b2fc126ead2107b697634f6f7337b9bff8785ee111200095ece83dde4dbe87343f6df3b107d91798c8a7eb1245d3bb9c5aafb093358c13e6ae1111a55717e895fd15f99f07	72
t-v1-bit-37-7	t	3d4017c3e843895a92b70aa74d1b7ebc9c982ccf2ec4968cc0cd55f12af4660c	ae5b66bdf04b4c010bfe32b2fc126ead2107b697634f6f7337b9bff8785ee111200095ece8fdde4dbe87343f6df3b107d91798c8a7eb1245d3bb9c5aafb093358c13e6ae1111a55717e895fd15f99f07	72
t-v1-bit-38-0	t	3d4017c3e843895a92b70aa74d1b7ebc9c982ccf2ec4968cc0cd55f12af4660c	ae5b66bdf04b4c010bfe32b2fc126ead2107b697634f6f7337b9bff8785ee111200095ece87ddf4dbe87343f6df3b107d91798c8a7eb1245d3bb9c5aafb093358c13e6ae1111a55717e895fd15f99f07	72
t-v1-bit-38-1	t	3d4017c3e843895a92b70aa74d1b7ebc9c982ccf2ec4968cc0cd55f12af4660c	ae5b66bdf04b4c010bfe32b2fc126ead2107b697634f6f7337b9bff8785ee111200095ece87ddc4dbe87343f6df3b107d91798c8a7eb1245d3bb9c5aafb093358c13e6ae1111a55717e895fd15f99f07	72
t-v1-bit-38-2	t	3d4017c3e843895a92b70aa74d1b7ebc9c982ccf2ec4968cc0cd55f12af4660c	ae5b66bdf04b4c010bfe32b2fc126ead2107b697634f6f7337b9bff8785ee111200095ece87dda4dbe87343f6df3b107d91798c8a7eb1245d3bb9c5aafb093358c13e6ae1111a55717e895fd15f99f07	72
t-v1-bit-38-3	t	3d4017c3e843895a92b70aa74d1b7ebc9c982ccf2ec4968cc0cd55f12af4660c	ae5b66bdf04b4c010bfe32b2fc126ead2107b697634f6f7337b9bff8785ee111200095ece87dd64dbe87343f6df3b107d91798c8a7eb1245d3bb9c5aafb093358c13e6ae1111a55717e895fd15f99f07	72
t-v1-bit-38-4	t	3d4017c3e843895a92b70aa74d1b7ebc9c982ccf2ec4968cc0cd55f12af4660c	ae5b66bdf04b4c010bfe32b2fc126ead2107b697634f6f7337b9bff8785ee111200095ece87dce4dbe87343f6df3b107d91798c8a7eb1245d3bb9c5aafb093358c13e6ae1111a55717e895fd15f99f07	72
t-v1-bit-38-5	t	3d4017c3e843895a92b70aa74d1b7ebc9c982ccf2ec4968cc0cd55f12af4660c	ae5b66bdf04b4c010bfe32b2fc126ead2107b697634f6f7337b9bff8785ee111200095ece87dfe4dbe87343f6df3b107d91798c8a7eb1245d3bb9c5aafb093358c13e6ae1111a55717e895fd15f99f07	72
t-v1-bit-38-6	t	3d4017c3e843895a92b70aa74d1b7ebc9c982ccf2ec4968cc0cd55f12af4660c	ae5b66bdf04b4c010bfe32b2fc126ead2107b697634f6f7337b9bff8785ee111200095ece87d9e4dbe87343f6df3b107d91798c8a7eb1245d3bb9c5aafb093358c13e6ae1111a55717e895fd15f99f07	72
t-v1-bit-38-7	t	3d4017c3e843895a92b70aa74d1b7ebc9c982ccf2ec4968cc0cd55f12af4660c	ae5b66bdf04b4c010bfe32b2fc126ead2107b697634f6f7337b9bff8785ee111200095ece87d5e4dbe87343f6df3b107d91798c8a7eb1245d3bb9c5aafb093358c13e6ae1111a55717e895fd15f99f07	72
t-v1-bit-39-0	t	3d4017c3e843895a92b70aa74d1b7ebc9c982ccf2ec4968cc0cd55f12af4660c	ae5b66bdf04b4c010bfe32b2fc126ead2107b697634f6f7337b9bff8785ee111200095ece87dde4cbe87343f6df3b107d91798c8a7eb1245d3bb9c5aafb093358c13e6ae1111a55717e895fd15f99f07	72
t-v1-bit-39-1	t	3d4017c3e843895a92b70aa74d1b7ebc9c982ccf2ec4968cc0cd55f12af4660c	ae5b66bdf04b4c010bfe32b2fc126ead2107b697634f6f7337b9bff8785ee111200095ece87dde4fbe87343f6df3b107d91798c8a7eb1245d3bb9c5aafb093358c13e6ae1111a55717e895fd15f99f07	72
t-v1-bit-39-2	t	3d4017c3e843895a92b70aa74d1b7ebc9c982ccf2ec4968cc0cd55f12af4660c	ae5b66bdf04b4c010bfe32b2fc126ead2107b697634f6f7337b9bff8785ee111200095ece87dde49be87343f6df3b107d91798c8a7eb1245d3bb9c5aafb093358c13e6ae1111a55717e895fd15f99f07	72
t-v1-bit-39-3	t	3d4017c3e843895a92b70aa74d1b7ebc9c982ccf2ec4968cc0cd55f12af4660c	ae5b66bdf04b4c010bfe32b2fc126ead2107b697634f6f7337b9bff8785ee111200095ece87dde45be87343f6df3b107d91798c8a7eb1245d3bb9c5aafb093358c13e6ae1111a55717e895fd15f99f07	72
t-v1-bit-39-4	t	3d4017c3e843895a92b70aa74d1b7ebc9c982ccf2ec4968cc0cd55f12af4660c	ae5b66bdf04b4c010bfe32b2fc126ead2107b697634f6f7337b9bff8785ee111200095ece87dde5dbe87343f6df3b107d91798c8a7eb1245d3bb9c5aafb093358c13e6ae1111a55717e895fd15f99f07	72
t-v1-bit-39-5	t	3d4017c3e843895a92b70aa74d1b7ebc9c982ccf2ec4968cc0cd55f12af4660c	ae5b66bdf04b4c010bfe32b2fc126ead2107b697634f6f7337b9bff8785ee111200095ece87dde6dbe87343f6df3b107d91798c8a7eb1245d3bb9c5aafb093358c13e6ae1111a55717e895fd15f99f07	72
t-v1-bit-39-6	t	3d4017c3e843895a92b70aa74d1b7ebc9c982ccf2ec4968cc0cd55f12af4660c	ae5b66bdf04b4c010bfe32b2fc126ead2107b697634f6f7337b9bff8785ee111200095ece87dde0dbe87343f6df3b107d91798c8a7eb1245d3bb9c5aafb093358c13e6ae1111a55717e895fd15f99f07	72
t-v1-bit-39-7	t	3d4017c3e843895a92b70aa74d1b7ebc9c982ccf2ec4968cc0cd55f12af4660c	ae5b66bdf04b4c010bfe32b2fc126ead2107b697634f6f7337b9bff8785ee111200095ece87ddecdbe87343f6df3b107d91798c8a7eb1245d3bb9c5aafb093358c13e6ae1111a55717e895fd15f99f07	72
t-v1-bit-40-0	t	3d4017c3e843895a92b70aa74d1b7ebc9c982ccf2ec4968cc0cd55f12af4660c	ae5b66bdf04b4c010bfe32b2fc126ead2107b697634f6f7337b9bff8785ee111200095ece87dde4dbf87343f6df3b107d91798c8a7eb1245d3bb9c5aafb093358c13e6ae1111a55717e895fd15f99f07	72
t-v1-bit-40-1	t	3d4017c3e843895a92b70aa74d1b7ebc9c982ccf2ec4968cc0cd55f12af4660c	ae5b66bdf04b4c010bfe32b2fc126ead2107b697634f6f7337b9bff8785ee111200095ece87dde4dbc87343f6df3b107d91798c8a7eb1245d3bb9c5aafb093358c13e6ae1111a55717e895fd15f99f07	72
t-v1-bit-40-2	t	3d4017c3e843895a92b70aa74d1b7ebc9c982ccf2ec4968cc0cd55f12af4660c	ae5b66bdf04b4c010bfe32b2fc126ead2107b697634f6f7337b9bff8785ee111200095ece87dde4dba87343f6df3b107d91798c8a7eb1245d3bb9c5aafb093358c13e6ae1111a55717e895fd15f99f07	72
t-v1-bit-40-3	t	3d4017c3e843895a92b70aa74d1b7ebc9c982ccf2ec4968cc0cd55f12af4660c	ae5b66bdf04b4c010bfe32b2fc126ead2107b697634f6f7337b9bff8785ee111200095ece87dde4db687343f6df3b107d91798c8a7eb1245d3bb9c5aafb093358c13e6ae1111a55717e895fd15f99f07	72
t-v1-bit-40-4	t	3d4017c3e843895a92b70aa74d1b7ebc9c982ccf2ec4968cc0cd55f12af4660c	ae5b66bdf04b4c010bfe32b2fc126ead2107b697634f6f7337b9bff8785ee111200095ece87dde4dae87343f6df3b107d91798c8a7eb1245d3bb9c5aafb093358c13e6ae1111a55717e895fd15f99f07	72
t-v1-bit-40-5	t	3d4017c3e843895a92b70aa74d1b7ebc9c982ccf2ec4968cc0cd55f12af4660c	ae5b66bdf04b4c010bfe32b2fc126ead2107b697634f6f7337b9bff8785ee111200095ece87dde4d9e87343f6df3b107d91798c8a7eb1245d3bb9c5aafb093358c13e6ae1111a55717e895fd15f99f07	72
t-v1-bit-40-6	t	3d4017c3e843895a92b70aa74d1b7ebc9c982ccf2ec4968cc0cd55f12af4660c	ae5b66bdf04b4c010bfe32b2fc126ead2107b697634f6f7337b9bff8785ee111200095ece87dde4dfe87343f6df3b107d91798c8a7eb1245d3bb9c5aafb093358c13e6ae1111a55717e895fd15f99f07	72
t-v1-bit-40-7	t	3d4017c3e843895a92b70aa74d1b7ebc9c982ccf2ec4968cc0cd55f12af4660c	ae5b66bdf04b4c010bfe32b2fc126ead2107b697634f6f7337b9bff8785ee111200095ece87dde4d3e87343f6df3b107d91798c8a7eb1245d3bb9c5aafb093358c13e6ae1111a55717e895fd15f99f07	72
t-v1-bit-41-0	t	3d4017c3e843895a92b70aa74d1b7ebc9c982ccf2ec4968cc0cd55f12af4660c	ae5b66bdf04b4c010bfe32b2fc126ead2107b697634f6f7337b9bff8785ee111200095ece87dde4dbe86343f6df3b107d91798c8a7eb1245d3bb9c5aafb093358c13e6ae1111a55717e895fd15f99f07	72
t-v1-bit-41-1	t	3d4017c3e843895a92b70aa74d1b7ebc9c982ccf2ec4968cc0cd55f12af4660c	ae5b66bdf04b4c010bfe32b2fc126ead2107b697634f6f7337b9bff8785ee111200095ece87dde4dbe85343f6df3b107d91798c8a7eb1245d3bb9c5aafb093358c13e6ae1111a55717e895fd15f99f07	72
t-v1-bit-41-2	t	3d4017c3e843895a92b70aa74d1b7ebc9c982ccf2ec4968cc0cd55f12af4660c	ae5b66bdf04b4c010bfe32b2fc126ead2107b697634f6f7337b9bff8785ee111200095ece87dde4dbe83343f6df3b107d91798c8a7eb1245d3bb9c5aafb093358c13e6ae1111a55717e895fd15f99f07	72
t-v1-bit-41-3	t	3d4017c3e843895a92b70aa74d1b7ebc9c982ccf2ec4968cc0cd55f12af4660c	ae5b66bdf04b4c010bfe32b2fc126ead2107b697634f6f7337b9bff8785ee111200095ece87dde4dbe8f343f6df3b107d91798c8a7eb1245d3bb9c5aafb093358c13e6ae1111a55717e895fd15f99f07	72
t-v1-bit-41-4	t	3d4017c3e843895a92b70aa74d1b7ebc9c982ccf2ec4968cc0cd55f12af4660c	ae5b66bdf04b4c010bfe32b2fc126ead2107b697634f6f7337b9bff8785ee111200095ece87dde4dbe97343f6df3b107d91798c8a7eb1245d3bb9c5aafb093358c13e6ae1111a55717e895fd15f99f07	72
t-v1-bit-41-5	t	3d4017c3e843895a92b70aa74d1b7ebc9c982ccf2ec4968cc0cd55f12af4660c	ae5b66bdf04b4c010bfe32b2fc126ead2107b697634f6f7337b9bff8785ee111200095ece87dde4dbea7343f6df3b107d91798c8a7eb1245d3bb9c5aafb093358c13e6ae1111a55717e895fd15f99f07	72
t-v1-bit-41-6	t	3d4017c3e843895a92b70aa74d1b7ebc9c982ccf2ec4968cc0cd55f12af4660c	ae5b66bdf04b4c010bfe32b2fc126ead2107b697634f6f7337b9bff8785ee111200095ece87dde4dbec7343f6df3b107d91798c8a7eb1245d3bb9c5aafb093358c13e6ae1111a55717e895fd15f99f07	72
t-v1-bit-41-7	t	3d4017c3e843895a92b70aa74d1b7ebc9c982ccf2ec4968cc0cd55f12af4660c	ae5b66bdf04b4c010bfe32b2fc126ead2107b697634f6f7337b9bff8785ee111200095ece87dde4dbe07343f6df3b107d91798c8a7eb1245d3bb9c5aafb093358c13e6ae1111a55717e895fd15f99f07	72
t-v1-bit-42-0	t	3d4017c3e843895a92b70aa74d1b7ebc9c982ccf2ec4968cc0cd55f12af4660c	ae5b66bdf04b4c010bfe32b2fc126ead2107b697634f6f7337b9bff8785ee111200095ece87dde4dbe87353f6df3b107d91798c8a7eb1245d3bb9c5aafb093358c13e6ae1111a55717e895fd15f99f07	72
t-v1-bit-42-1	t	3d4017c3e843895a92b70aa74d1b7ebc9c982ccf2ec4968cc0cd55f12af4660c	ae5b66bdf04b4c010bfe32b2fc126ead2107b697634f6f7337b9bff8785ee111200095ece87dde4dbe87363f6df3b107d91798c8a7eb1245d3bb9c5aafb093358c13e6ae1111a55717e895fd15f99f07	72
t-v1-bit-42-2	t	3d4017c3e843895a92b70aa74d1b7ebc9c982ccf2ec4968cc0cd55f12af4660c	ae5b66bdf04b4c010bfe32b2fc126ead2107b697634f6f7337b9bff8785ee111200095ece87dde4dbe87303f6df3b107d91798c8a7eb1245d3bb9c5aafb093358c13e6ae1111a55717e895fd15f99f07	72
t-v1-bit-42-3	t	3d4017c3e843895a92b70aa74d1b7ebc9c982ccf2ec4968cc0cd55f12af4660c	ae5b66bdf04b4c010bfe32b2fc126ead2107b697634f6f7337b9bff8785ee111200095ece87dde4dbe873c3f6df3b107d91798c8a7eb1245d3bb9c5aafb093358c13e6ae1111a55717e895fd15f99f07	72
t-v1-bit-42-4	t	3d4017c3e843895a92b70aa74d1b7ebc9c982ccf2ec4968cc0cd55f12af4660c	ae5b66bdf04b4c010bfe32b2fc126ead2107b697634f6f7337b9bff8785ee111200095ece87dde4dbe87243f6df3b107d91798c8a7eb1245d3bb9c5aafb093358c13e6ae1111a55717e895fd15f99f07	72
t-v1-bit-42-5	t	3d4017c3e843895a92b70aa74d1b7ebc9c982ccf2ec4968cc0cd55f12af4660c	ae5b66bdf04b4c010bfe32b2fc126ead2107b697634f6f7337b9bff8785ee111200095ece87dde4dbe87143f6df3b107d91798c8a7eb1245d3bb9c5aafb093358c13e6ae1111a55717e895fd15f99f07	72
t-v1-bit-42-6	t	3d4017c3e843895a92b70aa74d1b7ebc9c982ccf2ec4968cc0cd55f12af4660c	ae5b66bdf04b4c010bfe32b2fc126ead2107b697634f6f7337b9bff8785ee111200095ece87dde4dbe87743f6df3b107d91798c8a7eb1245d3bb9c5aafb093358c13e6ae1111a55717e895fd15f99f07	72
t-v1-bit-42-7	t	3d4017c3e843895a92b70aa74d1b7ebc9c982ccf2ec4968cc0cd55f12af4660c	ae5b66bdf04b4c010bfe32b2fc126ead2107b697634f6f7337b9bff8785ee111200095ece87dde4dbe87b43f6df3b107d91798c8a7eb1245d3bb9c5aafb093358c13e6ae1111a55717e895fd15f99f07	72
t-v1-bit-43-0	t	3d4017c3e843895a92b70aa74d1b7ebc9c982ccf2ec4968cc0cd55f12af4660c	ae5b66bdf04b4c010bfe32b2fc126ead2107b697634f6f7337b9bff8785ee111200095ece87dde4dbe87343e6df3b107d91798c8a7eb1245d3bb9c5aafb093358c13e6ae1111a55717e895fd15f99f07	72
t-v1-bit-43-1	t	3d4017c3e843895a92b70aa74d1b7ebc9c982ccf2ec4968cc0cd55f12af4660c	ae5b66bdf04b4c010bfe32b2fc126ead2107b697634f6f7337b9bff8785ee111200095ece87dde4dbe87343d6df3b107d91798c8a7eb1245d3bb9c5aafb093358c13e6ae1111a55717e895fd15f99f07	72
t-v1-bit-43-2	t	3d4017c3e843895a92b70aa74d1b7ebc9c982ccf2ec4968cc0cd55f12af4660c	ae5b66bdf04b4c010bfe32b2fc126ead2107b697634f6f7337b9bff8785ee111200095ece87dde4dbe87343b6df3b107d91798c8a7eb1245d3bb9c5aafb093358c13e6ae1111a55717e895fd15f99f07	72
t-v1-bit-43-3	t	3d4017c3e843895a92b70aa74d1b7ebc9c982ccf2ec4968cc0cd55f12af4660c	ae5b66bdf04b4c010bfe32b2fc126ead2107b697634f6f7337b9bff8785ee111200095ece87dde4dbe8734376df3b107d91798c8a7eb1245d3bb9c5aafb093358c13e6ae1111a55717e895fd15f99f07	72
t-v1-bit-43-4	t	3d4017c3e843895a92b70aa74d1b7ebc9c982ccf2ec4968cc0cd55f12af4660c	ae5b66bdf04b4c010bfe32b2fc126ead2107b697634f6f7337b9bff8785ee111200095ece87dde4dbe87342f6df3b107d91798c8a7eb1245d3bb9c5aafb093358c13e6ae1111a55717e895fd15f99f07	72
t-v1-bit-43-5	t	3d4017c3e843895a92b70aa74d1b7ebc9c982ccf2ec4968cc0cd55f12af4660c	ae5b66bdf04b4c010bfe32b2fc126ead2107b697634f6f7337b9bff8785ee111200095ece87dde4dbe87341f6df3b107d91798c8a7eb1245d3bb9c5aafb093358c13e6ae1111a55717e895fd15f99f07	72
t-v1-bit-43-6	t	3d4017c3e843895a92b70aa74d1b7ebc9c982ccf2ec4968cc0cd55f12af4660c	ae5b66bdf04b4c010bfe32b2fc126ead2107b697634f6f7337b9bff8785ee111200095ece87dde4dbe87347f6df3b107d91798c8a7eb1245d3bb9c5aafb093358c13e6ae1111a55717e895fd15f99f07	72
t-v1-bit-43-7	t	3d4017c3e843895a92b70aa74d1b7ebc9c982ccf2ec4968cc0cd55f12af4660c	ae5b66bdf04b4c010bfe32b2fc126ead2107b697634f6f7337b9bff8785ee111200095ece87dde4dbe8734bf6df3b107d91798c8a7eb1245d3bb9c5aafb093358c13e6ae1111a55717e895fd15f99f07	72
t-v1-bit-44-0	t	3d4017c3e843895a92b70aa74d1b7ebc9c982ccf2ec4968cc0cd55f12af4660c	ae5b66bdf04b4c010bfe32b2fc126ead2107b697634f6f7337b9bff8785ee111200095ece87dde4dbe87343f6cf3b107d91798c8a7eb1245d3bb9c5aafb093358c13e6ae1111a55717e895fd15f99f07	72
t-v1-bit-44-1	t	3d4017c3e843895a92b70aa74d1b7ebc9c982ccf2ec4968cc0cd55f12af4660c	ae5b66bdf04b4c010bfe32b2fc126ead2107b697634f6f7337b9bff8785ee111200095ece87dde4dbe87343f6ff3b107d91798c8a7eb1245d3bb9c5aafb093358c13e6ae1111a55717e895fd15f99f07	72
t-v1-bit-44-2	t	3d4017c3e843895a92b70aa74d1b7ebc9c982ccf2ec4968cc0cd55f12af4660c	ae5b66bdf04b4c010bfe32b2fc126ead2107b697634f6f7337b9bff8785ee111200095ece87dde4dbe87343f69f3b107d91798c8a7eb1245d3bb9c5aafb093358c13e6ae1111a55717e895fd15f99f07	72
t-v1-bit-44-3	t	3d4017c3e843895a92b70aa74d1b7ebc9c982ccf2ec4968cc0cd55f12af4660c	ae5b66bdf04b4c010bfe32b2fc126ead2107b697634f6f7337b9bff8785ee111200095ece87dde4dbe87343f65f3b107d91798c8a7eb1245d3bb9c5aafb093358c13e6ae1111a55717e895fd15f99f07	72
t-v1-bit-44-4	t	3d4017c3e843895a92b70aa74d1b7ebc9c982ccf2ec4968cc0cd55f12af4660c	ae5b66bdf04b4c010bfe32b2fc126ead2107b697634f6f7337b9bff8785ee111200095ece87dde4dbe87343f7df3b107d91798c8a7eb1245d3bb9c5aafb093358c13e6ae1111a55717e895fd15f99f07	72
t-v1-bit-44-5	t	3d4017c3e843895a92b70aa74d1b7ebc9c982ccf2ec4968cc0cd55f12af4660c	ae5b66bdf04b4c010bfe32b2fc126ead2107b697634f6f7337b9bff8785ee111200095ece87dde4dbe87343f4df3b107d91798c8a7eb1245d3bb9c5aafb093358c13e6ae1111a55717e895fd15f99f07	72
t-v1-bit-44-6	t	3d4017c3e843895a92b70aa74d1b7ebc9c982ccf2ec4968cc0cd55f12af4660c	ae5b66bdf04b4c010bfe32b2fc126ead2107b697634f6f7337b9bff8785ee111200095ece87dde4dbe87343f2df3b107d91798c8a7eb1245d3bb9c5aafb093358c13e6ae1111a55717e895fd15f99f07	72
t-v1-bit-44-7	t	3d4017c3e843895a92b70aa74d1b7ebc9c982ccf2ec4968cc0cd55f12af4660c	ae5b66bdf04b4c010bfe32b2fc126ead2107b697634f6f7337b9bff8785ee111200095ece87dde4dbe87343fedf3b107d91798c8a7eb1245d3bb9c5aafb093358c13e6ae1111a55717e895fd15f99f07	72
t-v1-bit-45-0	t	3d4017c3e843895a92b70aa74d1b7ebc9c982ccf2ec4968cc0cd55f12af4660c	ae5b66bdf04b4c010bfe32b2fc126ead2107b697634f6f7337b9bff8785ee111200095ece87dde4dbe87343f6df2b107d91798c8a7eb1245d3bb9c5aafb093358c13e6ae1111a55717e895fd15f99f07	72
t-v1-bit-45-1	t	3d4017c3e843895a92b70aa74d1b7ebc9c982ccf2ec4968cc0cd55f12af4660c	ae5b66bdf04b4c010bfe32b2fc126ead2107b697634f6f7337b9bff8785ee111200095ece87dde4dbe87343f6df1b107d91798c8a7eb1245d3bb9c5aafb093358c13e6ae1111a55717e895fd15f99f07	72
t-v1-bit-45-2	t	3d4017c3e843895a92b70aa74d1b7ebc9c982ccf2ec4968cc0cd55f12af4660c	ae5b66bdf04b4c010bfe32b2fc126ead2107b697634f6f7337b9bff8785ee111200095ece87dde4dbe87343f6df7b107d91798c8a7eb1245d3bb9c5aafb093358c13e6ae1111a55717e895fd15f99f07	72
t-v1-bit-45-3	t	3d4017c3e843895a92b70aa74d1b7ebc9c982ccf2ec4968cc0cd55f12af4660c	ae5b66bdf04b4c010bfe32b2fc126ead2107b697634f6f7337b9bff8785ee111200095ece87dde4dbe87343f6dfbb107d91798c8a7eb1245d3bb9c5aafb093358c13e6ae1111a55717e895fd15f99f07	72
t-v1-bit-45-4	t	3d4017c3e843895a92b70aa74d1b7ebc9c982ccf2ec4968cc0cd55f12af4660c	ae5b66bdf04b4c010bfe32b2fc126ead2107b697634f6f7337b9bff8785ee111200095ece87dde4dbe87343f6de3b107d91798c8a7eb1245d3bb9c5aafb093358c13e6ae1111a55717e895fd15f99f07	72
t-v1-bit-45-5	t	3d4017c3e843895a92b70aa74d1b7ebc9c982ccf2ec4968cc0cd55f12af4660c	ae5b66bdf04b4c010bfe32b2fc126ead2107b697634f6f7337b9bff8785ee111200095ece87dde4dbe87343f6dd3b107d91798c8a7eb1245d3bb9c5aafb093358c13e6ae1111a55717e895fd15f99f07	72
t-v1-bit-45-6	t	3d4017c3e843895a92b70aa74d1b7ebc9c982ccf2ec4968cc0cd55f12af4660c	ae5b66bdf04b4c010bfe32b2fc126ead2107b697634f6f7337b9bff8785ee111200095ece87dde4dbe87343f6db3b107d91798c8a7eb1245d3bb9c5aafb093358c13e6ae1111a55717e895fd15f99f07	72
t-v1-bit-45-7	t	3d4017c3e843895a92b70aa74d1b7ebc9c982ccf2ec4968cc0cd55f12af4660c	ae5b66bdf04b4c010bfe32b2fc126ead2107b697634f6f7337b9bff8785ee111200095ece87dde4dbe87343f6d73b107d91798c8a7eb1245d3bb9c5aafb093358c13e6ae1111a55717e895fd15f99f07	72
t-v1-bit-46-0	t	3d4017c3e843895a92b70aa74d1b7ebc9c982ccf2ec4968cc0cd55f12af4660c	ae5b66bdf04b4c010bfe32b2fc126ead2107b697634f6f7337b9bff8785ee111200095ece87dde4dbe87343f6df3b007d91798c8a7eb1245d3bb9c5aafb093358c13e6ae1111a55717e895fd15f99f07	72
t-v1-bit-46-1	t	3d4017c3e843895a92b70aa74d1b7ebc9c982ccf2ec4968cc0cd55f12af4660c	ae5b66bdf04b4c010bfe32b2fc126ead2107b697634f6f7337b9bff8785ee111200095ece87dde4dbe87343f6df3b307d91798c8a7eb1245d3bb9c5aafb093358c13e6ae1111a55717e895fd15f99f07	72
t-v1-bit-46-2	t	3d4017c3e843895a92b70aa74d1b7ebc9c982ccf2ec4968cc0cd55f12af4660c	ae5b66bdf04b4c010bfe32b2fc126ead2107b697634f6f7337b9bff8785ee111200095ece87dde4dbe87343f6df3b507d91798c8a7eb1245d3bb9c5aafb093358c13e6ae1111a55717e895fd15f99f07	72
t-v1-bit-46-3	t	3d4017c3e843895a92b70aa74d1b7ebc9c982ccf2ec4968cc0cd55f12af4660c	ae5b66bdf04b4c010bfe32b2fc126ead2107b697634f6f7337b9bff8785ee111200095ece87dde4dbe87343f6df3b907d91798c8a7eb1245d3bb9c5aafb093358c13e6ae1111a55717e895fd15f99f07	72
t-v1-bit-46-4	t	3d4017c3e843895a92b70aa74d1b7ebc9c982ccf2ec4968cc0cd55f12af4660c	ae5b66bdf04b4c010bfe32b2fc126ead2107b697634f6f7337b9bff8785ee111200095ece87dde4dbe87343f6df3a107d91798c8a7eb1245d3bb9c5aafb093358c13e6ae1111a55717e895fd15f99f07	72
t-v1-bit-46-5	t	3d4017c3e843895a92b70aa74d1b7ebc9c982ccf2ec4968cc0cd55f12af4660c	ae5b66bdf04b4c010bfe32b2fc126ead2107b697634f6f7337b9bff8785ee111200095ece87dde4dbe87343f6df39107d91798c8a7eb1245d3bb9c5aafb093358c13e6ae1111a55717e895fd15f99f07	72
t-v1-bit-46-6	t	3d4017c3e843895a92b70aa74d1b7ebc9c982ccf2ec4968cc0cd55f12af4660c	ae5b66bdf04b4c010bfe32b2fc126ead2107b697634f6f7337b9bff8785ee111200095ece87dde4dbe87343f6df3f107d91798c8a7eb1245d3bb9c5aafb093358c13e6ae1111a55717e895fd15f99f07	72
t-v1-bit-46-7	t	3d4017c3e843895a92b70aa74d1b7ebc9c982ccf2ec4968cc0cd55f12af4660c	ae5b66bdf04b4c010bfe32b2fc126ead2107b697634f6f7337b9bff8785ee111200095ece87dde4dbe87343f6df33107d91798c8a7eb1245d3bb9c5aafb093358c13e6ae1111a55717e895fd15f99f07	72
t-v1-bit-47-0	t	3d4017c3e843895a92b70aa74d1b7ebc9c982ccf2ec4968cc0cd55f12af4660c	ae5b66bdf04b4c010bfe32b2fc126ead2107b697634f6f7337b9bff8785ee111200095ece87dde4dbe87343f6df3b106d91798c8a7eb1245d3bb9c5aafb093358c13e6ae1111a55717e895fd15f99f07	72
t-v1-bit-47-1	t	3d4017c3e843895a92b70aa74d1b7ebc9c982ccf2ec4968cc0cd55f12af4660c	ae5b66bdf04b4c010bfe32b2fc126ead2107b697634f6f7337b9bff8785ee111200095ece87dde4dbe87343f6df3b105d91798c8a7eb1245d3bb9c5aafb093358c13e6ae1111a55717e895fd15f99f07	72
t-v1-bit-47-2	t	3d4017c3e843895a92b70aa74d1b7ebc9c982ccf2ec4968cc0cd55f12af4660c	ae5b66bdf04b4c010bfe32b2fc126ead2107b697634f6f7337b9bff8785ee111200095ece87dde4dbe87343f6df3b103d91798c8a7eb1245d3bb9c5aafb093358c13e6ae1111a55717e895fd15f99f07	72
t-v1-bit-47-3	t	3d4017c3e843895a92b70aa74d1b7ebc9c982ccf2ec4968cc0cd55f12af4660c	ae5b66bdf04b4c010bfe32b2fc126ead2107b697634f6f7337b9bff8785ee111200095ece87dde4dbe87343f6df3b10fd91798c8a7eb1245d3bb9c5aafb093358c13e6ae1111a55717e895fd15f99f07	72
t-v1-bit-47-4	t	3d4017c3e843895a92b70aa74d1b7ebc9c982ccf2ec4968cc0cd55f12af4660c	ae5b66bdf04b4c010bfe32b2fc126ead2107b697634f6f7337b9bff8785ee111200095ece87dde4dbe87343f6df3b117d91798c8a7eb1245d3bb9c5aafb093358c13e6ae1111a55717e895fd15f99f07	72
t-v1-bit-47-5	t	3d4017c3e843895a92b70aa74d1b7ebc9c982ccf2ec4968cc0cd55f12af4660c	ae5b66bdf04b4c010bfe32b2fc126ead2107b697634f6f7337b9bff8785ee111200095ece87dde4dbe87343f6df3b127d91798c8a7eb1245d3bb9c5aafb093358c13e6ae1111a55717e895fd15f99f07	72
t-v1-bit-47-6	t	3d4017c3e843895a92b70aa74d1b7ebc9c982ccf2ec4968cc0cd55f12af4660c	ae5b66bdf04b4c010bfe32b2fc126ead2107b697634f6f7337b9bff8785ee111200095ece87dde4dbe87343f6df3b147d91798c8a7eb1245d3bb9c5aafb093358c13e6ae1111a55717e895fd15f99f07	72
t-v1-bit-47-7	t	3d4017c3e843895a92b70aa74d1b7ebc9c982ccf2ec4968cc0cd55f12af4660c	ae5b66bdf04b4c010bfe32b2fc126ead2107b697634f6f7337b9bff8785ee111200095ece87dde4dbe87343f6df3b187d91798c8a7eb1245d3bb9c5aafb093358c13e6ae1111a55717e895fd15f99f07	72
t-v1-bit-48-0	t	3d4017c3e843895a92b70aa74d1b7ebc9c982ccf2ec4968cc0cd55f12af4660c	ae5b66bdf04b4c010bfe32b2fc126ead2107b697634f6f7337b9bff8785ee111200095ece87dde4dbe87343f6df3b107d81798c8a7eb1245d3bb9c5aafb093358c13e6ae1111a55717e895fd15f99f07	72
t-v1-bit-48-1	t	3d4017c3e843895a92b70aa74d1b7ebc9c982ccf2ec4968cc0cd55f12af4660c	ae5b66bdf04b4c010bfe32b2fc126ead2107b697634f6f7337b9bff8785ee111200095ece87dde4dbe87343f6df3b107db1798c8a7eb1245d3bb9c5aafb093358c13e6ae1111a55717e895fd15f99f07	72
t-v1-bit-48-2	t	3d4017c3e843895a92b70aa74d1b7ebc9c982ccf2ec4968cc0cd55f12af4660c	ae5b66bdf04b4c010bfe32b2fc126ead2107b697634f6f7337b9bff8785ee111200095ece87dde4dbe87343f6df3b107dd1798c8a7eb1245d3bb9c5aafb093358c13e6ae1111a55717e895fd15f99f07	72
t-v1-bit-48-3	t	3d4017c3e843895a92b70aa74d1b7ebc9c982ccf2ec4968cc0cd55f12af4660c	ae5b66bdf04b4c010bfe32b2fc126ead2107b697634f6f7337b9bff8785ee111200095ece87dde4dbe87343f6df3b107d11798c8a7eb1245d3bb9c5aafb093358c13e6ae1111a55717e895fd15f99f07	72
t-v1-bit-48-4	t	3d4017c3e843895a92b70aa74d1b7ebc9c982ccf2ec4968cc0cd55f12af4660c	ae5b66bdf04b4c010bfe32b2fc126ead2107b697634f6f7337b9bff8785ee111200095ece87dde4dbe87343f6df3b107c91798c8a7eb1245d3bb9c5aafb093358c13e6ae1111a55717e895fd15f99f07	72
t-v1-bit-48-5	t	3d4017c3e843895a92b70aa74d1b7ebc9c982ccf2ec4968cc0cd55f12af4660c	ae5b66bdf04b4c010bfe32b2fc126ead2107b697634f6f7337b9bff8785ee111200095ece87dde4dbe87343f6df3b107f91798c8a7eb1245d3bb9c5aafb093358c13e6ae1111a55717e895fd15f99f07	72
t-v1-bit-48-6	t	3d4017c3e843895a92b70aa74d1b7ebc9c982ccf2ec4968cc0cd55f12af4660c	ae5b66bdf04b4c010bfe32b2fc126ead2107b697634f6f7337b9bff8785ee111200095ece87dde4dbe87343f6df3b107991798c8a7eb1245d3bb9c5aafb093358c13e6ae1111a55717e895fd15f99f07	72
t-v1-bit-48-7	t	3d4017c3e843895a92b70aa74d1b7ebc9c982ccf2ec4968cc0cd55f12af4660c	ae5b66bdf04b4c010bfe32b2fc126ead2107b697634f6f7337b9bff8785ee111200095ece87dde4dbe87343f6df3b107591798c8a7eb1245d3bb9c5aafb093358c13e6ae1111a55717e895fd15f99f07	72
t-v1-bit-49-0	t	3d4017c3e843895a92b70aa74d1b7ebc9c982ccf2ec4968cc0cd55f12af4660c	ae5b66bdf04b4c010bfe32b2fc126ead2107b697634f6f7337b9bff8785ee111200095ece87dde4dbe87343f6df3b107d91698c8a7eb1245d3bb9c5aafb093358c13e6ae1111a55717e895fd15f99f07	72
t-v1-bit-49-1	t	3d4017c3e843895a92b70aa74d1b7ebc9c982ccf2ec4968cc0cd55f12af4660c	ae5b66bdf04b4c010bfe32b2fc126ead2107b697634f6f7337b9bff8785ee111200095ece87dde4dbe87343f6df3b107d91598c8a7eb1245d3bb9c5aafb093358c13e6ae1111a55717e895fd15f99f07	72
t-v1-bit-49-2	t	3d4017c3e843895a92b70aa74d1b7ebc9c982ccf2ec4968cc0cd55f12af4660c	ae5b66bdf04b4c010bfe32b2fc126ead2107b697634f6f7337b9bff8785ee111200095ece87dde4dbe87343f6df3b107d91398c8a7eb1245d3bb9c5aafb093358c13e6ae1111a55717e895fd15f99f07	72
t-v1-bit-49-3	t	3d4017c3e843895a92b70aa74d1b7ebc9c982ccf2ec4968cc0cd55f12af4660c	ae5b66bdf04b4c010bfe32b2fc126ead2107b697634f6f7337b9bff8785ee111200095ece87dde4dbe87343f6df3b107d91f98c8a7eb1245d3bb9c5aafb093358c13e6ae1111a55717e895fd15f99f07	72
t-v1-bit-49-4	t	3d4017c3e843895a92b70aa74d1b7ebc9c982ccf2ec4968cc0cd55f12af4660c	ae5b66bdf04b4c010bfe32b2fc126ead2107b697634f6f7337b9bff8785ee111200095ece87dde4dbe87343f6df3b107d90798c8a7eb1245d3bb9c5aafb093358c13e6ae1111a55717e895fd15f99f07	72
t-v1-bit-49-5	t	3d4017c3e843895a92b70aa74d1b7ebc9c982ccf2ec4968cc0cd55f12af4660c	ae5b66bdf04b4c010bfe32b2fc126ead2107b697634f6f7337b9bff8785ee111200095ece87dde4dbe87343f6df3b107d93798c8a7eb1245d3bb9c5aafb093358c13e6ae1111a55717e895fd15f99f07	72
t-v1-bit-49-6	t	3d4017c3e843895a92b70aa74d1b7ebc9c982ccf2ec4968cc0cd55f12af4660c	ae5b66bdf04b4c010bfe32b2fc126ead2107b697634f6f7337b9bff8785ee111200095ece87dde4dbe87343f6df3b107d95798c8a7eb1245d3bb9c5aafb093358c13e6ae1111a55717e895fd15f99f07	72
t-v1-bit-49-7	t	3d4017c3e843895a92b70aa74d1b7ebc9c982ccf2ec4968cc0cd55f12af4660c	ae5b66bdf04b4c010bfe32b2fc126ead2107b697634f6f7337b9bff8785ee111200095ece87dde4dbe87343f6df3b107d99798c8a7eb1245d3bb9c5aafb093358c13e6ae1111a55717e895fd15f99f07	72
t-v1-bit-50-0	t	3d4017c3e843895a92b70aa74d1b7ebc9c982ccf2ec4968cc0cd55f12af4660c	ae5b66bdf04b4c010bfe32b2fc126ead2107b697634f6f7337b9bff8785ee111200095ece87dde4dbe87343f6df3b107d91799c8a7eb1245d3bb9c5aafb093358c13e6ae1111a55717e895fd15f99f07	72
t-v1-bit-50-1	t	3d4017c3e843895a92b70aa74d1b7ebc9c982ccf2ec4968cc0cd55f12af4660c	ae5b66bdf04b4c010bfe32b2fc126ead2107b697634f6f7337b9bff8785ee111200095ece87dde4dbe87343f6df3b107d9179ac8a7eb1245d3bb9c5aafb093358c13e6ae1111a55717e895fd15f99f07	72
t-v1-bit-50-2	t	3d4017c3e843895a92b70aa74d1b7ebc9c982ccf2ec4968cc0cd55f12af4660c	ae5b66bdf04b4c010bfe32b2fc126ead2107b697634f6f7337b9bff8785ee111200095ece87dde4dbe87343f6df3b107d9179cc8a7eb1245d3bb9c5aafb093358c13e6ae1111a55717e895fd15f99f07	72
t-v1-bit-50-3	t	3d4017c3e843895a92b70aa74d1b7ebc9c982ccf2ec4968cc0cd55f12af4660c	ae5b66bdf04b4c010bfe32b2fc126ead2107b697634f6f7337b9bff8785ee111200095ece87dde4dbe87343f6df3b107d91790c8a7eb1245d3bb9c5aafb093358c13e6ae1111a55717e895fd15f99f07	72
t-v1-bit-50-4	t	3d4017c3e843895a92b70aa74d1b7ebc9c982ccf2ec4968cc0cd55f12af4660c	ae5b66bdf04b4c010bfe32b2fc126ead2107b697634f6f7337b9bff8785ee111200095ece87dde4dbe87343f6df3b107d91788c8a7eb1245d3bb9c5aafb093358c13e6ae1111a55717e895fd15f99f07	72
t-v1-bit-50-5	t	3d4017c3e843895a92b70aa74d1b7ebc9c982ccf2ec4968cc0cd55f12af4660c	ae5b66bdf04b4c010bfe32b2fc126ead2107b697634f6f7337b9bff8785ee111200095ece87dde4dbe87343f6df3b107d917b8c8a7eb1245d3bb9c5aafb093358c13e6ae1111a55717e895fd15f99f07	72
t-v1-bit-50-6	t	3d4017c3e843895a92b70aa74d1b7ebc9c982ccf2ec4968cc0cd55f12af4660c	ae5b66bdf04b4c010bfe32b2fc126ead2107b697634f6f7337b9bff8785ee111200095ece87dde4dbe87343f6df3b107d917d8c8a7eb1245d3bb9c5aafb093358c13e6ae1111a55717e895fd15f99f07	72
t-v1-bit-50-7	t	3d4017c3e843895a92b70aa74d1b7ebc9c982ccf2ec4968cc0cd55f12af4660c	ae5b66bdf04b4c010bfe32b2fc126ead2107b697634f6f7337b9bff8785ee111200095ece87dde4dbe87343f6df3b107d91718c8a7eb1245d3bb9c5aafb093358c13e6ae1111a55717e895fd15f99f07	72
t-v1-bit-51-0	t	3d4017c3e843895a92b70aa74d1b7ebc9c982ccf2ec4968cc0cd55f12af4660c	ae5b66bdf04b4c010bfe32b2fc126ead2107b697634f6f7337b9bff8785ee111200095ece87dde4dbe87343f6df3b107d91798c9a7eb1245d3bb9c5aafb093358c13e6ae1111a55717e895fd15f99f07	72
t-v1-bit-51-1	t	3d4017c3e843895a92b70aa74d1b7ebc9c982ccf2ec4968cc0cd55f12af4660c	ae5b66bdf04b4c010bfe32b2fc126ead2107b697634f6f7337b9bff8785ee111200095ece87dde4dbe87343f6df3b107d91798caa7eb1245d3bb9c5aafb093358c13e6ae1111a55717e895fd15f99f07	72
t-v1-bit-51-2	t	3d4017c3e843895a92b70aa74d1b7ebc9c982ccf2ec4968cc0cd55f12af4660c	ae5b66bdf04b4c010bfe32b2fc126ead2107b697634f6f7337b9bff8785ee111200095ece87dde4dbe87343f6df3b107d91798cca7eb1245d3bb9c5aafb093358c13e6ae1111a55717e895fd15f99f07	72
t-v1-bit-51-3	t	3d4017c3e843895a92b70aa74d1b7ebc9c982ccf2ec4968cc0cd55f12af4660c	ae5b66bdf04b4c010bfe32b2fc126ead2107b697634f6f7337b9bff8785ee111200095ece87dde4dbe87343f6df3b107d91798c0a7eb1245d3bb9c5aafb093358c13e6ae1111a55717e895fd15f99f07	72
t-v1-bit-51-4	t	3d4017c3e843895a92b70aa74d1b7ebc9c982ccf2ec4968cc0cd55f12af4660c	ae5b66bdf04b4c010bfe32b2fc126ead2107b697634f6f7337b9bff8785ee111200095ece87dde4dbe87343f6df3b107d91798d8a7eb1245d3bb9c5aafb093358c13e6ae1111a55717e895fd15f99f07	72
t-v1-bit-51-5	t	3d4017c3e843895a92b70aa74d1b7ebc9c982ccf2ec4968cc0cd55f12af4660c	ae5b66bdf04b4c010bfe32b2fc126ead2107b697634f6f7337b9bff8785ee111200095ece87dde4dbe87343f6df3b107d91798e8a7eb1245d3bb9c5aafb093358c13e6ae1111a55717e895fd15f99f07	72
t-v1-bit-51-6	t	3d4017c3e843895a92b70aa74d1b7ebc9c982ccf2ec4968cc0cd55f12af4660c	ae5b66bdf04b4c010bfe32b2fc126ead2107b697634f6f7337b9bff8785ee111200095ece87dde4dbe87343f6df3b107d9179888a7eb1245d3bb9c5aafb093358c13e6ae1111a55717e895fd15f99f07	72
t-v1-bit-51-7	t	3d4017c3e843895a92b70aa74d1b7ebc9c982ccf2ec4968cc0cd55f12af4660c	ae5b66bdf04b4c010bfe32b2fc126ead2107b697634f6f7337b9bff8785ee111200095ece87dde4dbe87343f6df3b107d9179848a7eb1245d3bb9c5aafb093358c13e6ae1111a55717e895fd15f99f07	72
t-v1-bit-52-0	t	3d4017c3e843895a92b70aa74d1b7ebc9c982ccf2ec4968cc0cd55f12af4660c	ae5b66bdf04b4c010bfe32b2fc126ead2107b697634f6f7337b9bff8785ee111200095ece87dde4dbe87343f6df3b107d91798c8a6eb1245d3bb9c5aafb093358c13e6ae1111a55717e895fd15f99f07	72
t-v1-bit-52-1	t	3d4017c3e843895a92b70aa74d1b7ebc9c982ccf2ec4968cc0cd55f12af4660c	ae5b66bdf04b4c010bfe32b2fc126ead2107b697634f6f7337b9bff8785ee111200095ece87dde4dbe87343f6df3b107d91798c8a5eb1245d3bb9c5aafb093358c13e6ae1111a55717e895fd15f99f07	72
t-v1-bit-52-2	t	3d4017c3e843895a92b70aa74d1b7ebc9c982ccf2ec4968cc0cd55f12af4660c	ae5b66bdf04b4c010bfe32b2fc126ead2107b697634f6f7337b9bff8785ee111200095ece87dde4dbe87343f6df3b107d91798c8a3eb1245d3bb9c5aafb093358c13e6ae1111a55717e895fd15f99f07	72
t-v1-bit-52-3	t	3d4017c3e843895a92b70aa74d1b7ebc9c982ccf2ec4968cc0cd55f12af4660c	ae5b66bdf04b4c010bfe32b2fc126ead2107b697634f6f7337b9bff8785ee111200095ece87dde4dbe87343f6df3b107d91798c8afeb1245d3bb9c5aafb093358c13e6ae1111a55717e895fd15f99f07	72
t-v1-bit-52-4	t	3d4017c3e843895a92b70aa74d1b7ebc9c982ccf2ec4968cc0cd55f12af4660c	ae5b66bdf04b4c010bfe32b2fc126ead2107b697634f6f7337b9bff8785ee111200095ece87dde4dbe87343f6df3b107d91798c8b7eb1245d3bb9c5aafb093358c13e6ae1111a55717e895fd15f99f07	72
t-v1-bit-52-5	t	3d4017c3e843895a92b70aa74d1b7ebc9c982ccf2ec4968cc0cd55f12af4660c	ae5b66bdf04b4c010bfe32b2fc126ead2107b697634f6f7337b9bff8785ee111200095ece87dde4dbe87343f6df3b107d91798c887eb1245d3bb9c5aafb093358c13e6ae1111a55717e895fd15f99f07	72
t-v1-bit-52-6	t	3d4017c3e843895a92b70aa74d1b7ebc9c982ccf2ec4968cc0cd55f12af4660c	ae5b66bdf04b4c010bfe32b2fc126ead2107b697634f6f7337b9bff8785ee111200095ece87dde4dbe87343f6df3b107d91798c8e7eb1245d3bb9c5aafb093358c13e6ae1111a55717e895fd15f99f07	72
t-v1-bit-52-7	t	3d4017c3e843895a92b70aa74d1b7ebc9c982ccf2ec4968cc0cd55f12af4660c	ae5b66bdf04b4c010bfe32b2fc126ead2107b697634f6f7337b9bff8785ee111200095ece87dde4dbe87343f6df3b107d91798c827eb1245d3bb9c5aafb093358c13e6ae1111a55717e895fd15f99f07	72
t-v1-bit-53-0	t	3d4017c3e843895a92b70aa74d1b7ebc9c982ccf2ec4968cc0cd55f12af4660c	ae5b66bdf04b4c010bfe32b2fc126ead2107b697634f6f7337b9bff8785ee111200095ece87dde4dbe87343f6df3b107d91798c8a7ea1245d3bb9c5aafb093358c13e6ae1111a55717e895fd15f99f07	72
t-v1-bit-53-1	t	3d4017c3e843895a92b70aa74d1b7ebc9c982ccf2ec4968cc0cd55f12af4660c	ae5b66bdf04b4c010bfe32b2fc126ead2107b697634f6f7337b9bff8785ee111200095ece87dde4dbe87343f6df3b107d91798c8a7e91245d3bb9c5aafb093358c13e6ae1111a55717e895fd15f99f07	72
t-v1-bit-53-2	t	3d4017c3e843895a92b70aa74d1b7ebc9c982ccf2ec4968cc0cd55f12af4660c	ae5b66bdf04b4c010bfe32b2fc126ead2107b697634f6f7337b9bff8785ee111200095ece87dde4dbe87343f6df3b107d91798c8a7ef1245d3bb9c5aafb093358c13e6ae1111a55717e895fd15f99f07	72
t-v1-bit-53-3	t	3d4017c3e843895a92b70aa74d1b7ebc9c982ccf2ec4968cc0cd55f12af4660c	ae5b66bdf04b4c010bfe32b2fc126ead2107b697634f6f7337b9bff8785ee111200095ece87dde4dbe87343f6df3b107d91798c8a7e31245d3bb9c5aafb093358c13e6ae1111a55717e895fd15f99f07	72
t-v1-bit-53-4	t	3d4017c3e843895a92b70aa74d1b7ebc9c982ccf2ec4968cc0cd55f12af4660c	ae5b66bdf04b4c010bfe32b2fc126ead2107b697634f6f7337b9bff8785ee111200095ece87dde4dbe87343f6df3b107d91798c8a7fb1245d3bb9c5aafb093358c13e6ae1111a55717e895fd15f99f07	72
t-v1-bit-53-5	t	3d4017c3e843895a92b70aa74d1b7ebc9c982ccf2ec4968cc0cd55f12af4660c	ae5b66bdf04b4c010bfe32b2fc126ead2107b697634f6f7337b9bff8785ee111200095ece87dde4dbe87343f6df3b107d91798c8a7cb1245d3bb9c5aafb093358c13e6ae1111a55717e895fd15f99f07	72
t-v1-bit-53-6	t	3d4017c3e843895a92b70aa74d1b7ebc9c982ccf2ec4968cc0cd55f12af4660c	ae5b66bdf04b4c010bfe32b2fc126ead2107b697634f6f7337b9bff8785ee111200095ece87dde4dbe87343f6df3b107d91798c8a7ab1245d3bb9c5aafb093358c13e6ae1111a55717e895fd15f99f07	72
t-v1-bit-53-7	t	3d4017c3e843895a92b70aa74d1b7ebc9c982ccf2ec4968cc0cd55f12af4660c	ae5b66bdf04b4c010bfe32b2fc126ead2107b697634f6f7337b9bff8785ee111200095ece87dde4dbe87343f6df3b107d91798c8a76b1245d3bb9c5aafb093358c13e6ae1111a55717e895fd15f99f07	72
t-v1-bit-54-0	t	3d4017c3e843895a92b70aa74d1b7ebc9c982ccf2ec4968cc0cd55f12af4660c	ae5b66bdf04b4c010bfe32b2fc126ead2107b697634f6f7337b9bff8785ee111200095ece87dde4dbe87343f6df3b107d91798c8a7eb1345d3bb9c5aafb093358c13e6ae1111a55717e895fd15f99f07	72
t-v1-bit-54-1	t	3d4017c3e843895a92b70aa74d1b7ebc9c982ccf2ec4968cc0cd55f12af4660c	ae5b66bdf04b4c010bfe32b2fc126ead2107b697634f6f7337b9bff8785ee111200095ece87dde4dbe87343f6df3b107d91798c8a7eb1045d3bb9c5aafb093358c13e6ae1111a55717e895fd15f99f07	72
t-v1-bit-54-2	t	3d4017c3e843895a92b70aa74d1b7ebc9c982ccf2ec4968cc0cd55f12af4660c	ae5b66bdf04b4c010bfe32b2fc126ead2107b697634f6f7337b9bff8785ee111200095ece87dde4dbe87343f6df3b107d91798c8a7eb1645d3bb9c5aafb093358c13e6ae1111a55717e895fd15f99f07	72
t-v1-bit-54-3	t	3d4017c3e843895a92b70aa74d1b7ebc9c982ccf2ec4968cc0cd55f12af4660c	ae5b66bdf04b4c010bfe32b2fc126ead2107b697634f6f7337b9bff8785ee111200095ece87dde4dbe87343f6df3b107d91798c8a7eb1a45d3bb9c5aafb093358c13e6ae1111a55717e895fd15f99f07	72
t-v1-bit-54-4	t	3d4017c3e843895a92b70aa74d1b7ebc9c982ccf2ec4968cc0cd55f12af4660c	ae5b66bdf04b4c010bfe32b2fc126ead2107b697634f6f7337b9bff8785ee111200095ece87dde4dbe87343f6df3b107d91798c8a7eb0245d3bb9c5aafb093358c13e6ae1111a55717e895fd15f99f07	72
t-v1-bit-54-5	t	3d4017c3e843895a92b70aa74d1b7ebc9c982ccf2ec4968cc0cd55f12af4660c	ae5b66bdf04b4c010bfe32b2fc126ead2107b697634f6f7337b9bff8785ee111200095ece87dde4dbe87343f6df3b107d91798c8a7eb3245d3bb9c5aafb093358c13e6ae1111a55717e895fd15f99f07	72
t-v1-bit-54-6	t	3d4017c3e843895a92b70aa74d1b7ebc9c982ccf2ec4968cc0cd55f12af4660c	ae5b66bdf04b4c010bfe32b2fc126ead2107b697634f6f7337b9bff8785ee111200095ece87dde4dbe87343f6df3b107d91798c8a7eb5245d3bb9c5aafb093358c13e6ae1111a55717e895fd15f99f07	72
t-v1-bit-54-7	t	3d4017c3e843895a92b70aa74d1b7ebc9c982ccf2ec4968cc0cd55f12af4660c	ae5b66bdf04b4c010bfe32b2fc126ead2107b697634f6f7337b9bff8785ee111200095ece87dde4dbe87343f6df3b107d91798c8a7eb9245d3bb9c5aafb093358c13e6ae1111a55717e895fd15f99f07	72
t-v1-bit-55-0	t	3d4017c3e843895a92b70aa74d1b7ebc9c982ccf2ec4968cc0cd55f12af4660c	ae5b66bdf04b4c010bfe32b2fc126ead2107b697634f6f7337b9bff8785ee111200095ece87dde4dbe87343f6df3b107d91798c8a7eb1244d3bb9c5aafb093358c13e6ae1111a55717e895fd15f99f07	72
t-v1-bit-55-1	t	3d4017c3e843895a92b70aa74d1b7ebc9c982ccf2ec4968cc0cd55f12af4660c	ae5b66bdf04b4c010bfe32b2fc126ead2107b697634f6f7337b9bff8785ee111200095ece87dde4dbe87343f6df3b107d91798c8a7eb1247d3bb9c5aafb093358c13e6ae1111a55717e895fd15f99f07	72
t-v1-bit-55-2	t	3d4017c3e843895a92b70aa74d1b7ebc9c982ccf2ec4968cc0cd55f12af4660c	ae5b66bdf04b4c010bfe32b2fc126ead2107b697634f6f7337b9bff8785ee111200095ece87dde4dbe87343f6df3b107d91798c8a7eb1241d3bb9c5aafb093358c13e6ae1111a55717e895fd15f99f07	72
t-v1-bit-55-3	t	3d4017c3e843895a92b70aa74d1b7ebc9c982ccf2ec4968cc0cd55f12af4660c	ae5b66bdf04b4c010bfe32b2fc126ead2107b697634f6f7337b9bff8785ee111200095ece87dde4dbe87343f6df3b107d91798c8a7eb124dd3bb9c5aafb093358c13e6ae1111a55717e895fd15f99f07	72
t-v1-bit-55-4	t	3d4017c3e843895a92b70aa74d1b7ebc9c982ccf2ec4968cc0cd55f12af4660c	ae5b66bdf04b4c010bfe32b2fc126ead2107b697634f6f7337b9bff8785ee111200095ece87dde4dbe87343f6df3b107d91798c8a7eb1255d3bb9c5aafb093358c13e6ae1111a55717e895fd15f99f07	72
t-v1-bit-55-5	t	3d4017c3e843895a92b70aa74d1b7ebc9c982ccf2ec4968cc0cd55f12af4660c	ae5b66bdf04b4c010bfe32b2fc126ead2107b697634f6f7337b9bff8785ee111200095ece87dde4dbe87343f6df3b107d91798c8a7eb1265d3bb9c5aafb093358c13e6ae1111a55717e895fd15f99f07	72
t-v1-bit-55-6	t	3d4017c3e843895a92b70aa74d1b7ebc9c982ccf2ec4968cc0cd55f12af4660c	ae5b66bdf04b4c010bfe32b2fc126ead2107b697634f6f7337b9bff8785ee111200095ece87dde4dbe87343f6df3b107d91798c8a7eb1205d3bb9c5aafb093358c13e6ae1111a55717e895fd15f99f07	72
t-v1-bit-55-7	t	3d4017c3e843895a92b70aa74d1b7ebc9c982ccf2ec4968cc0cd55f12af4660c	ae5b66bdf04b4c010bfe32b2fc126ead2107b697634f6f7337b9bff8785ee111200095ece87dde4dbe87343f6df3b107d91798c8a7eb12c5d3bb9c5aafb093358c13e6ae1111a55717e895fd15f99f07	72
t-v1-bit-56-0	t	3d4017c3e843895a92b70aa74d1b7ebc9c982ccf2ec4968cc0cd55f12af4660c	ae5b66bdf04b4c010bfe32b2fc126ead2107b697634f6f7337b9bff8785ee111200095ece87dde4dbe87343f6df3b107d91798c8a7eb1245d2bb9c5aafb093358c13e6ae1111a55717e895fd15f99f07	72
t-v1-bit-56-1	t	3d4017c3e843895a92b70aa74d1b7ebc9c982ccf2ec4968cc0cd55f12af4660c	ae5b66bdf04b4c010bfe32b2fc126ead2107b697634f6f7337b9bff8785ee111200095ece87dde4dbe87343f6df3b107d91798c8a7eb1245d1bb9c5aafb093358c13e6ae1111a55717e895fd15f99f07	72
t-v1-bit-56-2	t	3d4017c3e843895a92b70aa74d1b7ebc9c982ccf2ec4968cc0cd55f12af4660c	ae5b66bdf04b4c010bfe32b2fc126ead2107b697634f6f7337b9bff8785ee111200095ece87dde4dbe87343f6df3b107d91798c8a7eb1245d7bb9c5aafb093358c13e6ae1111a55717e895fd15f99f07	72
t-v1-bit-56-3	t	3d4017c3e843895a92b70aa74d1b7ebc9c982ccf2ec4968cc0cd55f12af4660c	ae5b66bdf04b4c010bfe32b2fc126ead2107b697634f6f7337b9bff8785ee111200095ece87dde4dbe87343f6df3b107d91798c8a7eb1245dbbb9c5aafb093358c13e6ae1111a55717e895fd15f99f07	72
t-v1-bit-56-4	t	3d4017c3e843895a92b70aa74d1b7ebc9c982ccf2ec4968cc0cd55f12af4660c	ae5b66bdf04b4c010bfe32b2fc126ead2107b697634f6f7337b9bff8785ee111200095ece87dde4dbe87343f6df3b107d91798c8a7eb1245c3bb9c5aafb093358c13e6ae1111a55717e895fd15f99f07	72
t-v1-bit-56-5	t	3d4017c3e843895a92b70aa74d1b7ebc9c982ccf2ec4968cc0cd55f12af4660c	ae5b66bdf04b4c010bfe32b2fc126ead2107b697634f6f7337b9bff8785ee111200095ece87dde4dbe87343f6df3b107d91798c8a7eb1245f3bb9c5aafb093358c13e6ae1111a55717e895fd15f99f07	72
t-v1-bit-56-6	t	3d4017c3e843895a92b70aa74d1b7ebc9c982ccf2ec4968cc0cd55f12af4660c	ae5b66bdf04b4c010bfe32b2fc126ead2107b697634f6f7337b9bff8785ee111200095ece87dde4dbe87343f6df3b107d91798c8a7eb124593bb9c5aafb093358c13e6ae1111a55717e895fd15f99f07	72
t-v1-bit-56-7	t	3d4017c3e843895a92b70aa74d1b7ebc9c982ccf2ec4968cc0cd55f12af4660c	ae5b66bdf04b4c010bfe32b2fc126ead2107b697634f6f7337b9bff8785ee111200095ece87dde4dbe87343f6df3b107d91798c8a7eb124553bb9c5aafb093358c13e6ae1111a55717e895fd15f99f07	72
t-v1-bit-57-0	t	3d4017c3e843895a92b70aa74d1b7ebc9c982ccf2ec4968cc0cd55f12af4660c	ae5b66bdf04b4c010bfe32b2fc126ead2107b697634f6f7337b9bff8785ee111200095ece87dde4dbe87343f6df3b107d91798c8a7eb1245d3ba9c5aafb093358c13e6ae1111a55717e895fd15f99f07	72
t-v1-bit-57-1	t	3d4017c3e843895a92b70aa74d1b7ebc9c982ccf2ec4968cc0cd55f12af4660c	ae5b66bdf04b4c010bfe32b2fc126ead2107b697634f6f7337b9bff8785ee111200095ece87dde4dbe87343f6df3b107d91798c8a7eb1245d3b99c5aafb093358c13e6ae1111a55717e895fd15f99f07	72
t-v1-bit-57-2	t	3d4017c3e843895a92b70aa74d1b7ebc9c982ccf2ec4968cc0cd55f12af4660c	ae5b66bdf04b4c010bfe32b2fc126ead2107b697634f6f7337b9bff8785ee111200095ece87dde4dbe87343f6df3b107d91798c8a7eb1245d3bf9c5aafb093358c13e6ae1111a55717e895fd15f99f07	72
t-v1-bit-57-3	t	3d4017c3e843895a92b70aa74d1b7ebc9c982ccf2ec4968cc0cd55f12af4660c	ae5b66bdf04b4c010bfe32b2fc126ead2107b697634f6f7337b9bff8785ee111200095ece87dde4dbe87343f6df3b107d91798c8a7eb1245d3b39c5aafb093358c13e6ae1111a55717e895fd15f99f07	72
t-v1-bit-57-4	t	3d4017c3e843895a92b70aa74d1b7ebc9c982ccf2ec4968cc0cd55f12af4660c	ae5b66bdf04b4c010bfe32b2fc126ead2107b697634f6f7337b9bff8785ee111200095ece87dde4dbe87343f6df3b107d91798c8a7eb1245d3ab9c5aafb093358c13e6ae1111a55717e895fd15f99f07	72
t-v1-bit-57-5	t	3d4017c3e843895a92b70aa74d1b7ebc9c982ccf2ec4968cc0cd55f12af4660c	ae5b66bdf04b4c010bfe32b2fc126ead2107b697634f6f7337b9bff8785ee111200095ece87dde4dbe87343f6df3b107d91798c8a7eb1245d39b9c5aafb093358c13e6ae1111a55717e895fd15f99f07	72
t-v1-bit-57-6	t	3d4017c3e843895a92b70aa74d1b7ebc9c982ccf2ec4968cc0cd55f12af4660c	ae5b66bdf04b4c010bfe32b2fc126ead2107b697634f6f7337b9bff8785ee111200095ece87dde4dbe87343f6df3b107d91798c8a7eb1245d3fb9c5aafb093358c13e6ae1111a55717e895fd15f99f07	72
t-v1-bit-57-7	t	3d4017c3e843895a92b70aa74d1b7ebc9c982ccf2ec4968cc0cd55f12af4660c	ae5b66bdf04b4c010bfe32b2fc126ead2107b697634f6f7337b9bff8785ee111200095ece87dde4dbe87343f6df3b107d91798c8a7eb1245d33b9c5aafb093358c13e6ae1111a55717e895fd15f99f07	72
t-v1-bit-58-0	t	3d4017c3e843895a92b70aa74d1b7ebc9c982ccf2ec4968cc0cd55f12af4660c	ae5b66bdf04b4c010bfe32b2fc126ead2107b697634f6f7337b9bff8785ee111200095ece87dde4dbe87343f6df3b107d91798c8a7eb1245d3bb9d5aafb093358c13e6ae1111a55717e895fd15f99f07	72
t-v1-bit-58-1	t	3d4017c3e843895a92b70aa74d1b7ebc9c982ccf2ec4968cc0cd55f12af4660c	ae5b66bdf04b4c010bfe32b2fc126ead2107b697634f6f7337b9bff8785ee111200095ece87dde4dbe87343f6df3b107d91798c8a7eb1245d3bb9e5aafb093358c13e6ae1111a55717e895fd15f99f07	72
t-v1-bit-58-2	t	3d4017c3e843895a92b70aa74d1b7ebc9c982ccf2ec4968cc0cd55f12af4660c	ae5b66bdf04b4c010bfe32b2fc126ead2107b697634f6f7337b9bff8785ee111200095ece87dde4dbe87343f6df3b107d91798c8a7eb1245d3bb985aafb093358c13e6ae1111a55717e895fd15f99f07	72
t-v1-bit-58-3	t	3d4017c3e843895a92b70aa74d1b7ebc9c982ccf2ec4968cc0cd55f12af4660c	ae5b66bdf04b4c010bfe32b2fc126ead2107b697634f6f7337b9bff8785ee111200095ece87dde4dbe87343f6df3b107d91798c8a7eb1245d3bb945aafb093358c13e6ae1111a55717e895fd15f99f07	72
t-v1-bit-58-4	t	3d4017c3e843895a92b70aa74d1b7ebc9c982ccf2ec4968cc0cd55f12af4660c	ae5b66bdf04b4c010bfe32b2fc126ead2107b697634f6f7337b9bff8785ee111200095ece87dde4dbe87343f6df3b107d91798c8a7eb1245d3bb8c5aafb093358c13e6ae1111a55717e895fd15f99f07	72
t-v1-bit-58-5	t	3d4017c3e843895a92b70aa74d1b7ebc9c982ccf2ec4968cc0cd55f12af4660c	ae5b66bdf04b4c010bfe32b2fc126ead2107b697634f6f7337b9bff8785ee111200095ece87dde4dbe87343f6df3b107d91798c8a7eb1245d3bbbc5aafb093358c13e6ae1111a55717e895fd15f99f07	72
t-v1-bit-58-6	t	3d4017c3e843895a92b70aa74d1b7ebc9c982ccf2ec4968cc0cd55f12af4660c	ae5b66bdf04b4c010bfe32b2fc126ead2107b697634f6f7337b9bff8785ee111200095ece87dde4dbe87343f6df3b107d91798c8a7eb1245d3bbdc5aafb093358c13e6ae1111a55717e895fd15f99f07	72
t-v1-bit-58-7	t	3d4017c3e843895a92b70aa74d1b7ebc9c982ccf2ec4968cc0cd55f12af4660c	ae5b66bdf04b4c010bfe32b2fc126ead2107b697634f6f7337b9bff8785ee111200095ece87dde4dbe87343f6df3b107d91798c8a7eb1245d3bb1c5aafb093358c13e6ae1111a55717e895fd15f99f07	72
t-v1-bit-59-0	t	3d4017c3e843895a92b70aa74d1b7ebc9c982ccf2ec4968cc0cd55f12af4660c	ae5b66bdf04b4c010bfe32b2fc126ead2107b697634f6f7337b9bff8785ee111200095ece87dde4dbe87343f6df3b107d91798c8a7eb1245d3bb9c5bafb093358c13e6ae1111a55717e895fd15f99f07	72
t-v1-bit-59-1	t	3d4017c3e843895a92b70aa74d1b7ebc9c982ccf2ec4968cc0cd55f12af4660c	ae5b66bdf04b4c010bfe32b2fc126ead2107b697634f6f7337b9bff8785ee111200095ece87dde4dbe87343f6df3b107d91798c8a7eb1245d3bb9c58afb093358c13e6ae1111a55717e895fd15f99f07	72
t-v1-bit-59-2	t	3d4017c3e843895a92b70aa74d1b7ebc9c982ccf2ec4968cc0cd55f12af4660c	ae5b66bdf04b4c010bfe32b2fc126ead2107b697634f6f7337b9bff8785ee111200095ece87dde4dbe87343f6df3b107d91798c8a7eb1245d3bb9c5eafb093358c13e6ae1111a55717e895fd15f99f07	72
t-v1-bit-59-3	t	3d4017c3e843895a92b70aa74d1b7ebc9c982ccf2ec4968cc0cd55f12af4660c	ae5b66bdf04b4c010bfe32b2fc126ead2107b697634f6f7337b9bff8785ee111200095ece87dde4dbe87343f6df3b107d91798c8a7eb1245d3bb9c52afb093358c13e6ae1111a55717e895fd15f99f07	72
t-v1-bit-59-4	t	3d4017c3e843895a92b70aa74d1b7ebc9c982ccf2ec4968cc0cd55f12af4660c	ae5b66bdf04b4c010bfe32b2fc126ead2107b697634f6f7337b9bff8785ee111200095ece87dde4dbe87343f6df3b107d91798c8a7eb1245d3bb9c4aafb093358c13e6ae1111a55717e895fd15f99f07	72
t-v1-bit-59-5	t	3d4017c3e843895a92b70aa74d1b7ebc9c982ccf2ec4968cc0cd55f12af4660c	ae5b66bdf04b4c010bfe32b2fc126ead2107b697634f6f7337b9bff8785ee111200095ece87dde4dbe87343f6df3b107d91798c8a7eb1245d3bb9c7aafb093358c13e6ae1111a55717e895fd15f99f07	72
t-v1-bit-59-6	t	3d4017c3e843895a92b70aa74d1b7ebc9c982ccf2ec4968cc0cd55f12af4660c	ae5b66bdf04b4c010bfe32b2fc126ead2107b697634f6f7337b9bff8785ee111200095ece87dde4dbe87343f6df3b107d91798c8a7eb1245d3bb9c1aafb093358c13e6ae1111a55717e895fd15f99f07	72
t-v1-bit-59-7	t	3d4017c3e843895a92b70aa74d1b7ebc9c982ccf2ec4968cc0cd55f12af4660c	ae5b66bdf04b4c010bfe32b2fc126ead2107b697634f6f7337b9bff8785ee111200095ece87dde4dbe87343f6df3b107d91798c8a7eb1245d3bb9cdaafb093358c13e6ae1111a55717e895fd15f99f07	72
t-v1-bit-60-0	t	3d4017c3e843895a92b70aa74d1b7ebc9c982ccf2ec4968cc0cd55f12af4660c	ae5b66bdf04b4c010bfe32b2fc126ead2107b697634f6f7337b9bff8785ee111200095ece87dde4dbe87343f6df3b107d91798c8a7eb1245d3bb9c5aaeb093358c13e6ae1111a55717e895fd15f99f07	72
t-v1-bit-60-1	t	3d4017c3e843895a92b70aa74d1b7ebc9c982ccf2ec4968cc0cd55f12af4660c	ae5b66bdf04b4c010bfe32b2fc126ead2107b697634f6f7337b9bff8785ee111200095ece87dde4dbe87343f6df3b107d91798c8a7eb1245d3bb9c5aadb093358c13e6ae1111a55717e895fd15f99f07	72
t-v1-bit-60-2	t	3d4017c3e843895a92b70aa74d1b7ebc9c982ccf2ec4968cc0cd55f12af4660c	ae5b66bdf04b4c010bfe32b2fc126ead2107b697634f6f7337b9bff8785ee111200095ece87dde4dbe87343f6df3b107d91798c8a7eb1245d3bb9c5aabb093358c13e6ae1111a55717e895fd15f99f07	72
t-v1-bit-60-3	t	3d4017c3e843895a92b70aa74d1b7ebc9c982ccf2ec4968cc0cd55f12af4660c	ae5b66bdf04b4c010bfe32b2fc126ead2107b697634f6f7337b9bff8785ee111200095ece87dde4dbe87343f6df3b107d91798c8a7eb1245d3bb9c5aa7b093358c13e6ae1111a55717e895fd15f99f07	72
t-v1-bit-60-4	t	3d4017c3e843895a92b70aa74d1b7ebc9c982ccf2ec4968cc0cd55f12af4660c	ae5b66bdf04b4c010bfe32b2fc126ead2107b697634f6f7337b9bff8785ee111200095ece87dde4dbe87343f6df3b107d91798c8a7eb1245d3bb9c5abfb093358c13e6ae1111a55717e895fd15f99f07	72
t-v1-bit-60-5	t	3d4017c3e843895a92b70aa74d1b7ebc9c982ccf2ec4968cc0cd55f12af4660c	ae5b66bdf04b4c010bfe32b2fc126ead2107b697634f6f7337b9bff8785ee111200095ece87dde4dbe87343f6df3b107d91798c8a7eb1245d3bb9c5a8fb093358c13e6ae1111a55717e895fd15f99f07	72
t-v1-bit-60-6	t	3d4017c3e843895a92b70aa74d1b7ebc9c982ccf2ec4968cc0cd55f12af4660c	ae5b66bdf04b4c010bfe32b2fc126ead2107b697634f6f7337b9bff8785ee111200095ece87dde4dbe87343f6df3b107d91798c8a7eb1245d3bb9c5aefb093358c13e6ae1111a55717e895fd15f99f07	72
t-v1-bit-60-7	t	3d4017c3e843895a92b70aa74d1b7ebc9c982ccf2ec4968cc0cd55f12af4660c	ae5b66bdf04b4c010bfe32b2fc126ead2107b697634f6f7337b9bff8785ee111200095ece87dde4dbe87343f6df3b107d91798c8a7eb1245d3bb9c5a2fb093358c13e6ae1111a55717e895fd15f99f07	72
t-v1-bit-61-0	t	3d4017c3e843895a92b70aa74d1b7ebc9c982ccf2ec4968cc0cd55f12af4660c	ae5b66bdf04b4c010bfe32b2fc126ead2107b697634f6f7337b9bff8785ee111200095ece87dde4dbe87343f6df3b107d91798c8a7eb1245d3bb9c5aafb193358c13e6ae1111a55717e895fd15f99f07	72
t-v1-bit-61-1	t	3d4017c3e843895a92b70aa74d1b7ebc9c982ccf2ec4968cc0cd55f12af4660c	ae5b66bdf04b4c010bfe32b2fc126ead2107b697634f6f7337b9bff8785ee111200095ece87dde4dbe87343f6df3b107d91798c8a7eb1245d3bb9c5aafb293358c13e6ae1111a55717e895fd15f99f07	72
t-v1-bit-61-2	t	3d4017c3e843895a92b70aa74d1b7ebc9c982ccf2ec4968cc0cd55f12af4660c	ae5b66bdf04b4c010bfe32b2fc126ead2107b697634f6f7337b9bff8785ee111200095ece87dde4dbe87343f6df3b107d91798c8a7eb1245d3bb9c5aafb493358c13e6ae1111a55717e895fd15f99f07	72
t-v1-bit-61-3	t	3d4017c3e843895a92b70aa74d1b7ebc9c982ccf2ec4968cc0cd55f12af4660c	ae5b66bdf04b4c010bfe32b2fc126ead2107b697634f6f7337b9bff8785ee111200095ece87dde4dbe87343f6df3b107d91798c8a7eb1245d3bb9c5aafb893358c13e6ae1111a55717e895fd15f99f07	72
t-v1-bit-61-4	t	3d4017c3e843895a92b70aa74d1b7ebc9c982ccf2ec4968cc0cd55f12af4660c	ae5b66bdf04b4c010bfe32b2fc126ead2107b697634f6f7337b9bff8785ee111200095ece87dde4dbe87343f6df3b107d91798c8a7eb1245d3bb9c5aafa093358c13e6ae1111a55717e895fd15f99f07	72
t-v1-bit-61-5	t	3d4017c3e843895a92b70aa74d1b7ebc9c982ccf2ec4968cc0cd55f12af4660c	ae5b66bdf04b4c010bfe32b2fc126ead2107b697634f6f7337b9bff8785ee111200095ece87dde4dbe87343f6df3b107d91798c8a7eb1245d3bb9c5aaf9093358c13e6ae1111a55717e895fd15f99f07	72
t-v1-bit-61-6	t	3d4017c3e843895a92b70aa74d1b7ebc9c982ccf2ec4968cc0cd55f12af4660c	ae5b66bdf04b4c010bfe32b2fc126ead2107b697634f6f7337b9bff8785ee111200095ece87dde4dbe87343f6df3b107d91798c8a7eb1245d3bb9c5aaff093358c13e6ae1111a55717e895fd15f99f07	72
t-v1-bit-61-7	t	3d4017c3e843895a92b70aa74d1b7ebc9c982ccf2ec4968cc0cd55f12af4660c	ae5b66bdf04b4c010bfe32b2fc126ead2107b697634f6f7337b9bff8785ee111200095ece87dde4dbe87343f6df3b107d91798c8a7eb1245d3bb9c5aaf3093358c13e6ae1111a55717e895fd15f99f07	72
t-v1-bit-62-0	t	3d4017c3e843895a92b70aa74d1b7ebc9c982ccf2ec4968cc0cd55f12af4660c	ae5b66bdf04b4c010bfe32b2fc126ead2107b697634f6f7337b9bff8785ee111200095ece87dde4dbe87343f6df3b107d91798c8a7eb1245d3bb9c5aafb092358c13e6ae1111a55717e895fd15f99f07	72
t-v1-bit-62-1	t	3d4017c3e843895a92b70aa74d1b7ebc9c982ccf2ec4968cc0cd55f12af4660c	ae5b66bdf04b4c010bfe32b2fc126ead2107b697634f6f7337b9bff8785ee111200095ece87dde4dbe87343f6df3b107d91798c8a7eb1245d3bb9c5aafb091358c13e6ae1111a55717e895fd15f99f07	72
t-v1-bit-62-2	t	3d4017c3e843895a92b70aa74d1b7ebc9c982ccf2ec4968cc0cd55f12af4660c	ae5b66bdf04b4c010bfe32b2fc126ead2107b697634f6f7337b9bff8785ee111200095ece87dde4dbe87343f6df3b107d91798c8a7eb1245d3bb9c5aafb097358c13e6ae1111a55717e895fd15f99f07	72
t-v1-bit-62-3	t	3d4017c3e843895a92b70aa74d1b7ebc9c982ccf2ec4968cc0cd55f12af4660c	ae5b66bdf04b4c010bfe32b2fc126ead2107b697634f6f7337b9bff8785ee111200095ece87dde4dbe87343f6df3b107d91798c8a7eb1245d3bb9c5aafb09b358c13e6ae1111a55717e895fd15f99f07	72
t-v1-bit-62-4	t	3d4017c3e843895a92b70aa74d1b7ebc9c982ccf2ec4968cc0cd55f12af4660c	ae5b66bdf04b4c010bfe32b2fc126ead2107b697634f6f7337b9bff8785ee111200095ece87dde4dbe87343f6df3b107d91798c8a7eb1245d3bb9c5aafb083358c13e6ae1111a55717e895fd15f99f07	72
t-v1-bit-62-5	t	3d4017c3e843895a92b70aa74d1b7ebc9c982ccf2ec4968cc0cd55f12af4660c	ae5b66bdf04b4c010bfe32b2fc126ead2107b697634f6f7337b9bff8785ee111200095ece87dde4dbe87343f6df3b107d91798c8a7eb1245d3bb9c5aafb0b3358c13e6ae1111a55717e895fd15f99f07	72
t-v1-bit-62-6	t	3d4017c3e843895a92b70aa74d1b7ebc9c982ccf2ec4968cc0cd55f12af4660c	ae5b66bdf04b4c010bfe32b2fc126ead2107b697634f6f7337b9bff8785ee111200095ece87dde4dbe87343f6df3b107d91798c8a7eb1245d3bb9c5aafb0d3358c13e6ae1111a55717e895fd15f99f07	72
t-v1-bit-62-7	t	3d4017c3e843895a92b70aa74d1b7ebc9c982ccf2ec4968cc0cd55f12af4660c	ae5b66bdf04b4c010bfe32b2fc126ead2107b697634f6f7337b9bff8785ee111200095ece87dde4dbe87343f6df3b107d91798c8a7eb1245d3bb9c5aafb013358c13e6ae1111a55717e895fd15f99f07	72
t-v1-bit-63-0	t	3d4017c3e843895a92b70aa74d1b7ebc9c982ccf2ec4968cc0cd55f12af4660c	ae5b66bdf04b4c010bfe32b2fc126ead2107b697634f6f7337b9bff8785ee111200095ece87dde4dbe87343f6df3b107d91798c8a7eb1245d3bb9c5aafb093348c13e6ae1111a55717e895fd15f99f07	72
t-v1-bit-63-1	t	3d4017c3e843895a92b70aa74d1b7ebc9c982ccf2ec4968cc0cd55f12af4660c	ae5b66bdf04b4c010bfe32b2fc126ead2107b697634f6f7337b9bff8785ee111200095ece87dde4dbe87343f6df3b107d91798c8a7eb1245d3bb9c5aafb093378c13e6ae1111a55717e895fd15f99f07	72
t-v1-bit-63-2	t	3d4017c3e843895a92b70aa74d1b7ebc9c982ccf2ec4968cc0cd55f12af4660c	ae5b66bdf04b4c010bfe32b2fc126ead2107b697634f6f7337b9bff8785ee111200095ece87dde4dbe87343f6df3b107d91798c8a7eb1245d3bb9c5aafb093318c13e6ae1111a55717e895fd15f99f07	72
t-v1-bit-63-3	t	3d4017c3e843895a92b70aa74d1b7ebc9c982ccf2ec4968cc0cd55f12af4660c	ae5b66bdf04b4c010bfe32b2fc126ead2107b697634f6f7337b9bff8785ee111200095ece87dde4dbe87343f6df3b107d91798c8a7eb1245d3bb9c5aafb0933d8c13e6ae1111a55717e895fd15f99f07	72
t-v1-bit-63-4	t	3d4017c3e843895a92b70aa74d1b7ebc9c982ccf2ec4968cc0cd55f12af4660c	ae5b66bdf04b4c010bfe32b2fc126ead2107b697634f6f7337b9bff8785ee111200095ece87dde4dbe87343f6df3b107d91798c8a7eb1245d3bb9c5aafb093258c13e6ae1111a55717e895fd15f99f07	72
t-v1-bit-63-5	t	3d4017c3e843895a92b70aa74d1b7ebc9c982ccf2ec4968cc0cd55f12af4660c	ae5b66bdf04b4c010bfe32b2fc126ead2107b697634f6f7337b9bff8785ee111200095ece87dde4dbe87343f6df3b107d91798c8a7eb1245d3bb9c5aafb093158c13e6ae1111a55717e895fd15f99f07	72
t-v1-bit-63-6	t	3d4017c3e843895a92b70aa74d1b7ebc9c982ccf2ec4968cc0cd55f12af4660c	ae5b66bdf04b4c010bfe32b2fc126ead2107b697634f6f7337b9bff8785ee111200095ece87dde4dbe87343f6df3b107d91798c8a7eb1245d3bb9c5aafb093758c13e6ae1111a55717e895fd15f99f07	72
t-v1-bit-63-7	t	3d4017c3e843895a92b70aa74d1b7ebc9c982ccf2ec4968cc0cd55f12af4660c	ae5b66bdf04b4c010bfe32b2fc126ead2107b697634f6f7337b9bff8785ee111200095ece87dde4dbe87343f6df3b107d91798c8a7eb1245d3bb9c5aafb093b58c13e6ae1111a55717e895fd15f99f07	72
t-v1-bit-64-0	t	3d4017c3e843895a92b70aa74d1b7ebc9c982ccf2ec4968cc0cd55f12af4660c	ae5b66bdf04b4c010bfe32b2fc126ead2107b697634f6f7337b9bff8785ee111200095ece87dde4dbe87343f6df3b107d91798c8a7eb1245d3bb9c5aafb093358d13e6ae1111a55717e895fd15f99f07	72
t-v1-bit-64-1	t	3d4017c3e843895a92b70aa74d1b7ebc9c982ccf2ec4968cc0cd55f12af4660c	ae5b66bdf04b4c010bfe32b2fc126ead2107b697634f6f7337b9bff8785ee111200095ece87dde4dbe87343f6df3b107d91798c8a7eb1245d3bb9c5aafb093358e13e6ae1111a55717e895fd15f99f07	72
t-v1-bit-64-2	t	3d4017c3e843895a92b70aa74d1b7ebc9c982ccf2ec4968cc0cd55f12af4660c	ae5b66bdf04b4c010bfe32b2fc126ead2107b697634f6f7337b9bff8785ee111200095ece87dde4dbe87343f6df3b107d91798c8a7eb1245d3bb9c5aafb093358813e6ae1111a55717e895fd15f99f07	72
t-v1-bit-64-3	t	3d4017c3e843895a92b70aa74d1b7ebc9c982ccf2ec4968cc0cd55f12af4660c	ae5b66bdf04b4c010bfe32b2fc126ead2107b697634f6f7337b9bff8785ee111200095ece87dde4dbe87343f6df3b107d91798c8a7eb1245d3bb9c5aafb093358413e6ae1111a55717e895fd15f99f07	72
t-v1-bit-64-4	t	3d4017c3e843895a92b70aa74d1b7ebc9c982ccf2ec4968cc0cd55f12af4660c	ae5b66bdf04b4c010bfe32b2fc126ead2107b697634f6f7337b9bff8785ee111200095ece87dde4dbe87343f6df3b107d91798c8a7eb1245d3bb9c5aafb093359c13e6ae1111a55717e895fd15f99f07	72
t-v1-bit-64-5	t	3d4017c3e843895a92b70aa74d1b7ebc9c982ccf2ec4968cc0cd55f12af4660c	ae5b66bdf04b4c010bfe32b2fc126ead2107b697634f6f7337b9bff8785ee111200095ece87dde4dbe87343f6df3b107d91798c8a7eb1245d3bb9c5aafb09335ac13e6ae1111a55717e895fd15f99f07	72
t-v1-bit-64-6	t	3d4017c3e843895a92b70aa74d1b7ebc9c982ccf2ec4968cc0cd55f12af4660c	ae5b66bdf04b4c010bfe32b2fc126ead2107b697634f6f7337b9bff8785ee111200095ece87dde4dbe87343f6df3b107d91798c8a7eb1245d3bb9c5aafb09335cc13e6ae1111a55717e895fd15f99f07	72
t-v1-bit-64-7	t	3d4017c3e843895a92b70aa74d1b7ebc9c982ccf2ec4968cc0cd55f12af4660c	ae5b66bdf04b4c010bfe32b2fc126ead2107b697634f6f7337b9bff8785ee111200095ece87dde4dbe87343f6df3b107d91798c8a7eb1245d3bb9c5aafb093350c13e6ae1111a55717e895fd15f99f07	72
t-v1-bit-65-0	t	3d4017c3e843895a92b70aa74d1b7ebc9c982ccf2ec4968cc0cd55f12af4660c	ae5b66bdf04b4c010bfe32b2fc126ead2107b697634f6f7337b9bff8785ee111200095ece87dde4dbe87343f6df3b107d91798c8a7eb1245d3bb9c5aafb093358c12e6ae1111a55717e895fd15f99f07	72
t-v1-bit-65-1	t	3d4017c3e843895a92b70aa74d1b7ebc9c982ccf2ec4968cc0cd55f12af4660c	ae5b66bdf04b4c010bfe32b2fc126ead2107b697634f6f7337b9bff8785ee111200095ece87dde4dbe87343f6df3b107d91798c8a7eb1245d3bb9c5aafb093358c11e6ae1111a55717e895fd15f99f07	72
t-v1-bit-65-2	t	3d4017c3e843895a92b70aa74d1b7ebc9c982ccf2ec4968cc0cd55f12af4660c	ae5b66bdf04b4c010bfe32b2fc126ead2107b697634f6f7337b9bff8785ee111200095ece87dde4dbe87343f6df3b107d91798c8a7eb1245d3bb9c5aafb093358c17e6ae1111a55717e895fd15f99f07	72
t-v1-bit-65-3	t	3d4017c3e843895a92b70aa74d1b7ebc9c982ccf2ec4968cc0cd55f12af4660c	ae5b66bdf04b4c010bfe32b2fc126ead2107b697634f6f7337b9bff8785ee111200095ece87dde4dbe87343f6df3b107d91798c8a7eb1245d3bb9c5aafb093358c1be6ae1111a55717e895fd15f99f07	72
t-v1-bit-65-4	t	3d4017c3e843895a92b70aa74d1b7ebc9c982ccf2ec4968cc0cd55f12af4660c	ae5b66bdf04b4c010bfe32b2fc126ead2107b697634f6f7337b9bff8785ee111200095ece87dde4dbe87343f6df3b107d91798c8a7eb1245d3bb9c5aafb093358c03e6ae1111a55717e895fd15f99f07	72
t-v1-bit-65-5	t	3d4017c3e843895a92b70aa74d1b7ebc9c982ccf2ec4968cc0cd55f12af4660c	ae5b66bdf04b4c010bfe32b2fc126ead2107b697634f6f7337b9bff8785ee111200095ece87dde4dbe87343f6df3b107d91798c8a7eb1245d3bb9c5aafb093358c33e6ae1111a55717e895fd15f99f07	72
t-v1-bit-65-6	t	3d4017c3e843895a92b70aa74d1b7ebc9c982ccf2ec4968cc0cd55f12af4660c	ae5b66bdf04b4c010bfe32b2fc126ead2107b697634f6f7337b9bff8785ee111200095ece87dde4dbe87343f6df3b107d91798c8a7eb1245d3bb9c5aafb093358c53e6ae1111a55717e895fd15f99f07	72
t-v1-bit-65-7	t	3d4017c3e843895a92b70aa74d1b7ebc9c982ccf2ec4968cc0cd55f12af4660c	ae5b66bdf04b4c010bfe32b2fc126ead2107b697634f6f7337b9bff8785ee111200095ece87dde4dbe87343f6df3b107d91798c8a7eb1245d3bb9c5aafb093358c93e6ae1111a55717e895fd15f99f07	72
t-v1-bit-66-0	t	3d4017c3e843895a92b70aa74d1b7ebc9c982ccf2ec4968cc0cd55f12af4660c	ae5b66bdf04b4c010bfe32b2fc126ead2107b697634f6f7337b9bff8785ee111200095ece87dde4dbe87343f6df3b107d91798c8a7eb1245d3bb9c5aafb093358c13e7ae1111a55717e895fd15f99f07	72
t-v1-bit-66-1	t	3d4017c3e843895a92b70aa74d1b7ebc9c982ccf2ec4968cc0cd55f12af4660c	ae5b66bdf04b4c010bfe32b2fc126ead2107b697634f6f7337b9bff8785ee111200095ece87dde4dbe87343f6df3b107d91798c8a7eb1245d3bb9c5aafb093358c13e4ae1111a55717e895fd15f99f07	72
t-v1-bit-66-2	t	3d4017c3e843895a92b70aa74d1b7ebc9c982ccf2ec4968cc0cd55f12af4660c	ae5b66bdf04b4c010bfe32b2fc126ead2107b697634f6f7337b9bff8785ee111200095ece87dde4dbe87343f6df3b107d91798c8a7eb1245d3bb9c5aafb093358c13e2ae1111a55717e895fd15f99f07	72
t-v1-bit-66-3	t	3d4017c3e843895a92b70aa74d1b7ebc9c982ccf2ec4968cc0cd55f12af4660c	ae5b66bdf04b4c010bfe32b2fc126ead2107b697634f6f7337b9bff8785ee111200095ece87dde4dbe87343f6df3b107d91798c8a7eb1245d3bb9c5aafb093358c13eeae1111a55717e895fd15f99f07	72
t-v1-bit-66-4	t	3d4017c3e843895a92b70aa74d1b7ebc9c982ccf2ec4968cc0cd55f12af4660c	ae5b66bdf04b4c010bfe32b2fc126ead2107b697634f6f7337b9bff8785ee111200095ece87dde4dbe87343f6df3b107d91798c8a7eb1245d3bb9c5aafb093358c13f6ae1111a55717e895fd15f99f07	72
t-v1-bit-66-5	t	3d4017c3e843895a92b70aa74d1b7ebc9c982ccf2ec4968cc0cd55f12af4660c	ae5b66bdf04b4c010bfe32b2fc126ead2107b697634f6f7337b9bff8785ee111200095ece87dde4dbe87343f6df3b107d91798c8a7eb1245d3bb9c5aafb093358c13c6ae1111a55717e895fd15f99f07	72
t-v1-bit-66-6	t	3d4017c3e843895a92b70aa74d1b7ebc9c982ccf2ec4968cc0cd55f12af4660c	ae5b66bdf04b4c010bfe32b2fc126ead2107b697634f6f7337b9bff8785ee111200095ece87dde4dbe87343f6df3b107d91798c8a7eb1245d3bb9c5aafb093358c13a6ae1111a55717e895fd15f99f07	72
t-v1-bit-66-7	t	3d4017c3e843895a92b70aa74d1b7ebc9c982ccf2ec4968cc0cd55f12af4660c	ae5b66bdf04b4c010bfe32b2fc126ead2107b697634f6f7337b9bff8785ee111200095ece87dde4dbe87343f6df3b107d91798c8a7eb1245d3bb9c5aafb093358c1366ae1111a55717e895fd15f99f07	72
t-v1-bit-67-0	t	3d4017c3e843895a92b70aa74d1b7ebc9c982ccf2ec4968cc0cd55f12af4660c	ae5b66bdf04b4c010bfe32b2fc126ead2107b697634f6f7337b9bff8785ee111200095ece87dde4dbe87343f6df3b107d91798c8a7eb1245d3bb9c5aafb093358c13e6af1111a55717e895fd15f99f07	72
t-v1-bit-67-1	t	3d4017c3e843895a92b70aa74d1b7ebc9c982ccf2ec4968cc0cd55f12af4660c	ae5b66bdf04b4c010bfe32b2fc126ead2107b697634f6f7337b9bff8785ee111200095ece87dde4dbe87343f6df3b107d91798c8a7eb1245d3bb9c5aafb093358c13e6ac1111a55717e895fd15f99f07	72
t-v1-bit-67-2	t	3d4017c3e843895a92b70aa74d1b7ebc9c982ccf2ec4968cc0cd55f12af4660c	ae5b66bdf04b4c010bfe32b2fc126ead2107b697634f6f7337b9bff8785ee111200095ece87dde4dbe87343f6df3b107d91798c8a7eb1245d3bb9c5aafb093358c13e6aa1111a55717e895fd15f99f07	72
t-v1-bit-67-3	t	3d4017c3e843895a92b70aa74d1b7ebc9c982ccf2ec4968cc0cd55f12af4660c	ae5b66bdf04b4c010bfe32b2fc126ead2107b697634f6f7337b9bff8785ee111200095ece87dde4dbe87343f6df3b107d91798c8a7eb1245d3bb9c5aafb093358c13e6a61111a55717e895fd15f99f07	72
t-v1-bit-67-4	t	3d4017c3e843895a92b70aa74d1b7ebc9c982ccf2ec4968cc0cd55f12af4660c	ae5b66bdf04b4c010bfe32b2fc126ead2107b697634f6f7337b9bff8785ee111200095ece87dde4dbe87343f6df3b107d91798c8a7eb1245d3bb9c5aafb093358c13e6be1111a55717e895fd15f99f07	72
t-v1-bit-67-5	t	3d4017c3e843895a92b70aa74d1b7ebc9c982ccf2ec4968cc0cd55f12af4660c	ae5b66bdf04b4c010bfe32b2fc126ead2107b697634f6f7337b9bff8785ee111200095ece87dde4dbe87343f6df3b107d91798c8a7eb1245d3bb9c5aafb093358c13e68e1111a55717e895fd15f99f07	72
t-v1-bit-67-6	t	3d4017c3e843895a92b70aa74d1b7ebc9c982ccf2ec4968cc0cd55f12af4660c	ae5b66bdf04b4c010bfe32b2fc126ead2107b697634f6f7337b9bff8785ee111200095ece87dde4dbe87343f6df3b107d91798c8a7eb1245d3bb9c5aafb093358c13e6ee1111a55717e895fd15f99f07	72
t-v1-bit-67-7	t	3d4017c3e843895a92b70aa74d1b7ebc9c982ccf2ec4968cc0cd55f12af4660c	ae5b66bdf04b4c010bfe32b2fc126ead2107b697634f6f7337b9bff8785ee111200095ece87dde4dbe87343f6df3b107d91798c8a7eb1245d3bb9c5aafb093358c13e62e1111a55717e895fd15f99f07	72
t-v1-bit-68-0	t	3d4017c3e843895a92b70aa74d1b7ebc9c982ccf2ec4968cc0cd55f12af4660c	ae5b66bdf04b4c010bfe32b2fc126ead2107b697634f6f7337b9bff8785ee111200095ece87dde4dbe87343f6df3b107d91798c8a7eb1245d3bb9c5aafb093358c13e6ae1011a55717e895fd15f99f07	72
t-v1-bit-68-1	t	3d4017c3e843895a92b70aa74d1b7ebc9c982ccf2ec4968cc0cd55f12af4660c	ae5b66bdf04b4c010bfe32b2fc126ead2107b697634f6f7337b9bff8785ee111200095ece87dde4dbe87343f6df3b107d91798c8a7eb1245d3bb9c5aafb093358c13e6ae1311a55717e895fd15f99f07	72
t-v1-bit-68-2	t	3d4017c3e843895a92b70aa74d1b7ebc9c982ccf2ec4968cc0cd55f12af4660c	ae5b66bdf04b4c010bfe32b2fc126ead2107b697634f6f7337b9bff8785ee111200095ece87dde4dbe87343f6df3b107d91798c8a7eb1245d3bb9c5aafb093358c13e6ae1511a55717e895fd15f99f07	72
t-v1-bit-68-3	t	3d4017c3e843895a92b70aa74d1b7ebc9c982ccf2ec4968cc0cd55f12af4660c	ae5b66bdf04b4c010bfe32b2fc126ead2107b697634f6f7337b9bff8785ee111200095ece87dde4dbe87343f6df3b107d91798c8a7eb1245d3bb9c5aafb093358c13e6ae1911a55717e895fd15f99f07	72
t-v1-bit-68-4	t	3d4017c3e843895a92b70aa74d1b7ebc9c982ccf2ec4968cc0cd55f12af4660c	ae5b66bdf04b4c010bfe32b2fc126ead2107b697634f6f7337b9bff8785ee111200095ece87dde4dbe87343f6df3b107d91798c8a7eb1245d3bb9c5aafb093358c13e6ae0111a55717e895fd15f99f07	72
t-v1-bit-68-5	t	3d4017c3e843895a92b70aa74d1b7ebc9c982ccf2ec4968cc0cd55f12af4660c	ae5b66bdf04b4c010bfe32b2fc126ead2107b697634f6f7337b9bff8785ee111200095ece87dde4dbe87343f6df3b107d91798c8a7eb1245d3bb9c5aafb093358c13e6ae3111a55717e895fd15f99f07	72
t-v1-bit-68-6	t	3d4017c3e843895a92b70aa74d1b7ebc9c982ccf2ec4968cc0cd55f12af4660c	ae5b66bdf04b4c010bfe32b2fc126ead2107b697634f6f7337b9bff8785ee111200095ece87dde4dbe87343f6df3b107d91798c8a7eb1245d3bb9c5aafb093358c13e6ae5111a55717e895fd15f99f07	72
t-v1-bit-68-7	t	3d4017c3e843895a92b70aa74d1b7ebc9c982ccf2ec4968cc0cd55f12af4660c	ae5b66bdf04b4c010bfe32b2fc126ead2107b697634f6f7337b9bff8785ee111200095ece87dde4dbe87343f6df3b107d91798c8a7eb1245d3bb9c5aafb093358c13e6ae9111a55717e895fd15f99f07	72
t-v1-bit-69-0	t	3d4017c3e843895a92b70aa74d1b7ebc9c982ccf2ec4968cc0cd55f12af4660c	ae5b66bdf04b4c010bfe32b2fc126ead2107b697634f6f7337b9bff8785ee111200095ece87dde4dbe87343f6df3b107d91798c8a7eb1245d3bb9c5aafb093358c13e6ae1110a55717e895fd15f99f07	72
t-v1-bit-69-1	t	3d4017c3e843895a92b70aa74d1b7ebc9c982ccf2ec4968cc0cd55f12af4660c	ae5b66bdf04b4c010bfe32b2fc126ead2107b697634f6f7337b9bff8785ee111200095ece87dde4dbe87343f6df3b107d91798c8a7eb1245d3bb9c5aafb093358c13e6ae1113a55717e895fd15f99f07	72
t-v1-bit-69-2	t	3d4017c3e843895a92b70aa74d1b7ebc9c982ccf2ec4968cc0cd55f12af4660c	ae5b66bdf04b4c010bfe32b2fc126ead2107b697634f6f7337b9bff8785ee111200095ece87dde4dbe87343f6df3b107d91798c8a7eb1245d3bb9c5aafb093358c13e6ae1115a55717e895fd15f99f07	72
t-v1-bit-69-3	t	3d4017c3e843895a92b70aa74d1b7ebc9c982ccf2ec4968cc0cd55f12af4660c	ae5b66bdf04b4c010bfe32b2fc126ead2107b697634f6f7337b9bff8785ee111200095ece87dde4dbe87343f6df3b107d91798c8a7eb1245d3bb9c5aafb093358c13e6ae1119a55717e895fd15f99f07	72
t-v1-bit-69-4	t	3d4017c3e843895a92b70aa74d1b7ebc9c982ccf2ec4968cc0cd55f12af4660c	ae5b66bdf04b4c010bfe32b2fc126ead2107b697634f6f7337b9bff8785ee111200095ece87dde4dbe87343f6df3b107d91798c8a7eb1245d3bb9c5aafb093358c13e6ae1101a55717e895fd15f99f07	72
t-v1-bit-69-5	t	3d4017c3e843895a92b70aa74d1b7ebc9c982ccf2ec4968cc0cd55f12af4660c	ae5b66bdf04b4c010bfe32b2fc126ead2107b697634f6f7337b9bff8785ee111200095ece87dde4dbe87343f6df3b107d91798c8a7eb1245d3bb9c5aafb093358c13e6ae1131a55717e895fd15f99f07	72
t-v1-bit-69-6	t	3d4017c3e843895a92b70aa74d1b7ebc9c982ccf2ec4968cc0cd55f12af4660c	ae5b66bdf04b4c010bfe32b2fc126ead2107b697634f6f7337b9bff8785ee111200095ece87dde4dbe87343f6df3b107d91798c8a7eb1245d3bb9c5aafb093358c13e6ae1151a55717e895fd15f99f07	72
t-v1-bit-69-7	t	3d4017c3e843895a92b70aa74d1b7ebc9c982ccf2ec4968cc0cd55f12af4660c	ae5b66bdf04b4c010bfe32b2fc126ead2107b697634f6f7337b9bff8785ee111200095ece87dde4dbe87343f6df3b107d91798c8a7eb1245d3bb9c5aafb093358c13e6ae1191a55717e895fd15f99f07	72
t-v1-bit-70-0	t	3d4017c3e843895a92b70aa74d1b7ebc9c982ccf2ec4968cc0cd55f12af4660c	ae5b66bdf04b4c010bfe32b2fc126ead2107b697634f6f7337b9bff8785ee111200095ece87dde4dbe87343f6df3b107d91798c8a7eb1245d3bb9c5aafb093358c13e6ae1111a45717e895fd15f99f07	72
t-v1-bit-70-1	t	3d4017c3e843895a92b70aa74d1b7ebc9c982ccf2ec4968cc0cd55f12af4660c	ae5b66bdf04b4c010bfe32b2fc126ead2107b697634f6f7337b9bff8785ee111200095ece87dde4dbe87343f6df3b107d91798c8a7eb1245d3bb9c5aafb093358c13e6ae1111a75717e895fd15f99f07	72
t-v1-bit-70-2	t	3d4017c3e843895a92b70aa74d1b7ebc9c982ccf2ec4968cc0cd55f12af4660c	ae5b66bdf04b4c010bfe32b2fc126ead2107b697634f6f7337b9bff8785ee111200095ece87dde4dbe87343f6df3b107d91798c8a7eb1245d3bb9c5aafb093358c13e6ae1111a15717e895fd15f99f07	72
t-v1-bit-70-3	t	3d4017c3e843895a92b70aa74d1b7ebc9c982ccf2ec4968cc0cd55f12af4660c	ae5b66bdf04b4c010bfe32b2fc126ead2107b697634f6f7337b9bff8785ee111200095ece87dde4dbe87343f6df3b107d91798c8a7eb1245d3bb9c5aafb093358c13e6ae1111ad5717e895fd15f99f07	72
t-v1-bit-70-4	t	3d4017c3e843895a92b70aa74d1b7ebc9c982ccf2ec4968cc0cd55f12af4660c	ae5b66bdf04b4c010bfe32b2fc126ead2107b697634f6f7337b9bff8785ee111200095ece87dde4dbe87343f6df3b107d91798c8a7eb1245d3bb9c5aafb093358c13e6ae1111b55717e895fd15f99f07	72
t-v1-bit-70-5	t	3d4017c3e843895a92b70aa74d1b7ebc9c982ccf2ec4968cc0cd55f12af4660c	ae5b66bdf04b4c010bfe32b2fc126ead2107b697634f6f7337b9bff8785ee111200095ece87dde4dbe87343f6df3b107d91798c8a7eb1245d3bb9c5aafb093358c13e6ae1111855717e895fd15f99f07	72
t-v1-bit-70-6	t	3d4017c3e843895a92b70aa74d1b7ebc9c982ccf2ec4968cc0cd55f12af4660c	ae5b66bdf04b4c010bfe32b2fc126ead2107b697634f6f7337b9bff8785ee111200095ece87dde4dbe87343f6df3b107d91798c8a7eb1245d3bb9c5aafb093358c13e6ae1111e55717e895fd15f99f07	72
t-v1-bit-70-7	t	3d4017c3e843895a92b70aa74d1b7ebc9c982ccf2ec4968cc0cd55f12af4660c	ae5b66bdf04b4c010bfe32b2fc126ead2107b697634f6f7337b9bff8785ee111200095ece87dde4dbe87343f6df3b107d91798c8a7eb1245d3bb9c5aafb093358c13e6ae1111255717e895fd15f99f07	72
t-v1-bit-71-0	t	3d4017c3e843895a92b70aa74d1b7ebc9c982ccf2ec4968cc0cd55f12af4660c	ae5b66bdf04b4c010bfe32b2fc126ead2107b697634f6f7337b9bff8785ee111200095ece87dde4dbe87343f6df3b107d91798c8a7eb1245d3bb9c5aafb093358c13e6ae1111a55617e895fd15f99f07	72
t-v1-bit-71-1	t	3d4017c3e843895a92b70aa74d1b7ebc9c982ccf2ec4968cc0cd55f12af4660c	ae5b66bdf04b4c010bfe32b2fc126ead2107b697634f6f7337b9bff8785ee111200095ece87dde4dbe87343f6df3b107d91798c8a7eb1245d3bb9c5aafb093358c13e6ae1111a55517e895fd15f99f07	72
t-v1-bit-71-2	t	3d4017c3e843895a92b70aa74d1b7ebc9c982ccf2ec4968cc0cd55f12af4660c	ae5b66bdf04b4c010bfe32b2fc126ead2107b697634f6f7337b9bff8785ee111200095ece87dde4dbe87343f6df3b107d91798c8a7eb1245d3bb9c5aafb093358c13e6ae1111a55317e895fd15f99f07	72
t-v1-bit-71-3	t	3d4017c3e843895a92b70aa74d1b7ebc9c982ccf2ec4968cc0cd55f12af4660c	ae5b66bdf04b4c010bfe32b2fc126ead2107b697634f6f7337b9bff8785ee111200095ece87dde4dbe87343f6df3b107d91798c8a7eb1245d3bb9c5aafb093358c13e6ae1111a55f17e895fd15f99f07	72
t-v1-bit-71-4	t	3d4017c3e843895a92b70aa74d1b7ebc9c982ccf2ec4968cc0cd55f12af4660c	ae5b66bdf04b4c010bfe32b2fc126ead2107b697634f6f7337b9bff8785ee111200095ece87dde4dbe87343f6df3b107d91798c8a7eb1245d3bb9c5aafb093358c13e6ae1111a54717e895fd15f99f07	72
t-v1-bit-71-5	t	3d4017c3e843895a92b70aa74d1b7ebc9c982ccf2ec4968cc0cd55f12af4660c	ae5b66bdf04b4c010bfe32b2fc126ead2107b697634f6f7337b9bff8785ee111200095ece87dde4dbe87343f6df3b107d91798c8a7eb1245d3bb9c5aafb093358c13e6ae1111a57717e895fd15f99f07	72
t-v1-bit-71-6	t	3d4017c3e843895a92b70aa74d1b7ebc9c982ccf2ec4968cc0cd55f12af4660c	ae5b66bdf04b4c010bfe32b2fc126ead2107b697634f6f7337b9bff8785ee111200095ece87dde4dbe87343f6df3b107d91798c8a7eb1245d3bb9c5aafb093358c13e6ae1111a51717e895fd15f99f07	72
t-v1-bit-71-7	t	3d4017c3e843895a92b70aa74d1b7ebc9c982ccf2ec4968cc0cd55f12af4660c	ae5b66bdf04b4c010bfe32b2fc126ead2107b697634f6f7337b9bff8785ee111200095ece87dde4dbe87343f6df3b107d91798c8a7eb1245d3bb9c5aafb093358c13e6ae1111a5d717e895fd15f99f07	72
t-v1-bit-72-0	t	3d4017c3e843895a92b70aa74d1b7ebc9c982ccf2ec4968cc0cd55f12af4660c	ae5b66bdf04b4c010bfe32b2fc126ead2107b697634f6f7337b9bff8785ee111200095ece87dde4dbe87343f6df3b107d91798c8a7eb1245d3bb9c5aafb093358c13e6ae1111a55716e895fd15f99f07	72
t-v1-bit-72-1	t	3d4017c3e843895a92b70aa74d1b7ebc9c982ccf2ec4968cc0cd55f12af4660c	ae5b66bdf04b4c010bfe32b2fc126ead2107b697634f6f7337b9bff8785ee111200095ece87dde4dbe87343f6df3b107d91798c8a7eb1245d3bb9c5aafb093358c13e6ae1111a55715e895fd15f99f07	72
t-v1-bit-72-2	t	3d4017c3e843895a92b70aa74d1b7ebc9c982ccf2ec4968cc0cd55f12af4660c	ae5b66bdf04b4c010bfe32b2fc126ead2107b697634f6f7337b9bff8785ee111200095ece87dde4dbe87343f6df3b107d91798c8a7eb1245d3bb9c5aafb093358c13e6ae1111a55713e895fd15f99f07	72
t-v1-bit-72-3	t	3d4017c3e843895a92b70aa74d1b7ebc9c982ccf2ec4968cc0cd55f12af4660c	ae5b66bdf04b4c010bfe32b2fc126ead2107b697634f6f7337b9bff8785ee111200095ece87dde4dbe87343f6df3b107d91798c8a7eb1245d3bb9c5aafb093358c13e6ae1111a5571fe895fd15f99f07	72
t-v1-bit-72-4	t	3d4017c3e843895a92b70aa74d1b7ebc9c982ccf2ec4968cc0cd55f12af4660c	ae5b66bdf04b4c010bfe32b2fc126ead2107b697634f6f7337b9bff8785ee111200095ece87dde4dbe87343f6df3b107d91798c8a7eb1245d3bb9c5aafb093358c13e6ae1111a55707e895fd15f99f07	72
t-v1-bit-72-5	t	3d4017c3e843895a92b70aa74d1b7ebc9c982ccf2ec4968cc0cd55f12af4660c	ae5b66bdf04b4c010bfe32b2fc126ead2107b697634f6f7337b9bff8785ee111200095ece87dde4dbe87343f6df3b107d91798c8a7eb1245d3bb9c5aafb093358c13e6ae1111a55737e895fd15f99f07	72
t-v1-bit-72-6	t	3d4017c3e843895a92b70aa74d1b7ebc9c982ccf2ec4968cc0cd55f12af4660c	ae5b66bdf04b4c010bfe32b2fc126ead2107b697634f6f7337b9bff8785ee111200095ece87dde4dbe87343f6df3b107d91798c8a7eb1245d3bb9c5aafb093358c13e6ae1111a55757e895fd15f99f07	72
t-v1-bit-72-7	t	3d4017c3e843895a92b70aa74d1b7ebc9c982ccf2ec4968cc0cd55f12af4660c	ae5b66bdf04b4c010bfe32b2fc126ead2107b697634f6f7337b9bff8785ee111200095ece87dde4dbe87343f6df3b107d91798c8a7eb1245d3bb9c5aafb093358c13e6ae1111a55797e895fd15f99f07	72
t-v1-bit-73-0	t	3d4017c3e843895a92b70aa74d1b7ebc9c982ccf2ec4968cc0cd55f12af4660c	ae5b66bdf04b4c010bfe32b2fc126ead2107b697634f6f7337b9bff8785ee111200095ece87dde4dbe87343f6df3b107d91798c8a7eb1245d3bb9c5aafb093358c13e6ae1111a55717e995fd15f99f07	72
t-v1-bit-73-1	t	3d4017c3e843895a92b70aa74d1b7ebc9c982ccf2ec4968cc0cd55f12af4660c	ae5b66bdf04b4c010bfe32b2fc126ead2107b697634f6f7337b9bff8785ee111200095ece87dde4dbe87343f6df3b107d91798c8a7eb1245d3bb9c5aafb093358c13e6ae1111a55717ea95fd15f99f07	72
t-v1-bit-73-2	t	3d4017c3e843895a92b70aa74d1b7ebc9c982ccf2ec4968cc0cd55f12af4660c	ae5b66bdf04b4c010bfe32b2fc126ead2107b697634f6f7337b9bff8785ee111200095ece87dde4dbe87343f6df3b107d91798c8a7eb1245d3bb9c5aafb093358c13e6ae1111a55717ec95fd15f99f07	72
t-v1-bit-73-3	t	3d4017c3e843895a92b70aa74d1b7ebc9c982ccf2ec4968cc0cd55f12af4660c	ae5b66bdf04b4c010bfe32b2fc126ead2107b697634f6f7337b9bff8785ee111200095ece87dde4dbe87343f6df3b107d91798c8a7eb1245d3bb9c5aafb093358c13e6ae1111a55717e095fd15f99f07	72
t-v1-bit-73-4	t	3d4017c3e843895a92b70aa74d1b7ebc9c982ccf2ec4968cc0cd55f12af4660c	ae5b66bdf04b4c010bfe32b2fc126ead2107b697634f6f7337b9bff8785ee111200095ece87dde4dbe87343f6df3b107d91798c8a7eb1245d3bb9c5aafb093358c13e6ae1111a55717f895fd15f99f07	72
t-v1-bit-73-5	t	3d4017c3e843895a92b70aa74d1b7ebc9c982ccf2ec4968cc0cd55f12af4660c	ae5b66bdf04b4c010bfe32b2fc126ead2107b697634f6f7337b9bff8785ee111200095ece87dde4dbe87343f6df3b107d91798c8a7eb1245d3bb9c5aafb093358c13e6ae1111a55717c895fd15f99f07	72
t-v1-bit-73-6	t	3d4017c3e843895a92b70aa74d1b7ebc9c982ccf2ec4968cc0cd55f12af4660c	ae5b66bdf04b4c010bfe32b2fc126ead2107b697634f6f7337b9bff8785ee111200095ece87dde4dbe87343f6df3b107d91798c8a7eb1245d3bb9c5aafb093358c13e6ae1111a55717a895fd15f99f07	72
t-v1-bit-73-7	t	3d4017c3e843895a92b70aa74d1b7ebc9c982ccf2ec4968cc0cd55f12af4660c	ae5b66bdf04b4c010bfe32b2fc126ead2107b697634f6f7337b9bff8785ee111200095ece87dde4dbe87343f6df3b107d91798c8a7eb1245d3bb9c5aafb093358c13e6ae1111a557176895fd15f99f07	72
t-v1-bit-74-0	t	3d4017c3e843895a92b70aa74d1b7ebc9c982ccf2ec4968cc0cd55f12af4660c	ae5b66bdf04b4c010bfe32b2fc126ead2107b697634f6f7337b9bff8785ee111200095ece87dde4dbe87343f6df3b107d91798c8a7eb1245d3bb9c5aafb093358c13e6ae1111a55717e894fd15f99f07	72
t-v1-bit-74-1	t	3d4017c3e843895a92b70aa74d1b7ebc9c982ccf2ec4968cc0cd55f12af4660c	ae5b66bdf04b4c010bfe32b2fc126ead2107b697634f6f7337b9bff8785ee111200095ece87dde4dbe87343f6df3b107d91798c8a7eb1245d3bb9c5aafb093358c13e6ae1111a55717e897fd15f99f07	72
t-v1-bit-74-2	t	3d4017c3e843895a92b70aa74d1b7ebc9c982ccf2ec4968cc0cd55f12af4660c	ae5b66bdf04b4c010bfe32b2fc126ead2107b697634f6f7337b9bff8785ee111200095ece87dde4dbe87343f6df3b107d91798c8a7eb1245d3bb9c5aafb093358c13e6ae1111a55717e891fd15f99f07	72
t-v1-bit-74-3	t	3d4017c3e843895a92b70aa74d1b7ebc9c982ccf2ec4968cc0cd55f12af4660c	ae5b66bdf04b4c010bfe32b2fc126ead2107b697634f6f7337b9bff8785ee111200095ece87dde4dbe87343f6df3b107d91798c8a7eb1245d3bb9c5aafb093358c13e6ae1111a55717e89dfd15f99f07	72
t-v1-bit-74-4	t	3d4017c3e843895a92b70aa74d1b7ebc9c982ccf2ec4968cc0cd55f12af4660c	ae5b66bdf04b4c010bfe32b2fc126ead2107b697634f6f7337b9bff8785ee111200095ece87dde4dbe87343f6df3b107d91798c8a7eb1245d3bb9c5aafb093358c13e6ae1111a55717e885fd15f99f07	72
t-v1-bit-74-5	t	3d4017c3e843895a92b70aa74d1b7ebc9c982ccf2ec4968cc0cd55f12af4660c	ae5b66bdf04b4c010bfe32b2fc126ead2107b697634f6f7337b9bff8785ee111200095ece87dde4dbe87343f6df3b107d91798c8a7eb1245d3bb9c5aafb093358c13e6ae1111a55717e8b5fd15f99f07	72
t-v1-bit-74-6	t	3d4017c3e843895a92b70aa74d1b7ebc9c982ccf2ec4968cc0cd55f12af4660c	ae5b66bdf04b4c010bfe32b2fc126ead2107b697634f6f7337b9bff8785ee111200095ece87dde4dbe87343f6df3b107d91798c8a7eb1245d3bb9c5aafb093358c13e6ae1111a55717e8d5fd15f99f07	72
t-v1-bit-74-7	t	3d4017c3e843895a92b70aa74d1b7ebc9c982ccf2ec4968cc0cd55f12af4660c	ae5b66bdf04b4c010bfe32b2fc126ead2107b697634f6f7337b9bff8785ee111200095ece87dde4dbe87343f6df3b107d91798c8a7eb1245d3bb9c5aafb093358c13e6ae1111a55717e815fd15f99f07	72
t-v1-bit-75-0	t	3d4017c3e843895a92b70aa74d1b7ebc9c982ccf2ec4968cc0cd55f12af4660c	ae5b66bdf04b4c010bfe32b2fc126ead2107b697634f6f7337b9bff8785ee111200095ece87dde4dbe87343f6df3b107d91798c8a7eb1245d3bb9c5aafb093358c13e6ae1111a55717e895fc15f99f07	72
t-v1-bit-75-1	t	3d4017c3e843895a92b70aa74d1b7ebc9c982ccf2ec4968cc0cd55f12af4660c	ae5b66bdf04b4c010bfe32b2fc126ead2107b697634f6f7337b9bff8785ee111200095ece87dde4dbe87343f6df3b107d91798c8a7eb1245d3bb9c5aafb093358c13e6ae1111a55717e895ff15f99f07	72
t-v1-bit-75-2	t	3d4017c3e843895a92b70aa74d1b7ebc9c982ccf2ec4968cc0cd55f12af4660c	ae5b66bdf04b4c010bfe32b2fc126ead2107b697634f6f7337b9bff8785ee111200095ece87dde4dbe87343f6df3b107d91798c8a7eb1245d3bb9c5aafb093358c13e6ae1111a55717e895f915f99f07	72
t-v1-bit-75-3	t	3d4017c3e843895a92b70aa74d1b7ebc9c982ccf2ec4968cc0cd55f12af4660c	ae5b66bdf04b4c010bfe32b2fc126ead2107b697634f6f7337b9bff8785ee111200095ece87dde4dbe87343f6df3b107d91798c8a7eb1245d3bb9c5aafb093358c13e6ae1111a55717e895f515f99f07	72
t-v1-bit-75-4	t	3d4017c3e843895a92b70aa74d1b7ebc9c982ccf2ec4968cc0cd55f12af4660c	ae5b66bdf04b4c010bfe32b2fc126ead2107b697634f6f7337b9bff8785ee111200095ece87dde4dbe87343f6df3b107d91798c8a7eb1245d3bb9c5aafb093358c13e6ae1111a55717e895ed15f99f07	72
t-v1-bit-75-5	t	3d4017c3e843895a92b70aa74d1b7ebc9c982ccf2ec4968cc0cd55f12af4660c	ae5b66bdf04b4c010bfe32b2fc126ead2107b697634f6f7337b9bff8785ee111200095ece87dde4dbe87343f6df3b107d91798c8a7eb1245d3bb9c5aafb093358c13e6ae1111a55717e895dd15f99f07	72
t-v1-bit-75-6	t	3d4017c3e843895a92b70aa74d1b7ebc9c982ccf2ec4968cc0cd55f12af4660c	ae5b66bdf04b4c010bfe32b2fc126ead2107b697634f6f7337b9bff8785ee111200095ece87dde4dbe87343f6df3b107d91798c8a7eb1245d3bb9c5aafb093358c13e6ae1111a55717e895bd15f99f07	72
t-v1-bit-75-7	t	3d4017c3e843895a92b70aa74d1b7ebc9c982ccf2ec4968cc0cd55f12af4660c	ae5b66bdf04b4c010bfe32b2fc126ead2107b697634f6f7337b9bff8785ee111200095ece87dde4dbe87343f6df3b107d91798c8a7eb1245d3bb9c5aafb093358c13e6ae1111a55717e8957d15f99f07	72
t-v1-bit-76-0	t	3d4017c3e843895a92b70aa74d1b7ebc9c982ccf2ec4968cc0cd55f12af4660c	ae5b66bdf04b4c010bfe32b2fc126ead2107b697634f6f7337b9bff8785ee111200095ece87dde4dbe87343f6df3b107d91798c8a7eb1245d3bb9c5aafb093358c13e6ae1111a55717e895fd14f99f07	72
t-v1-bit-76-1	t	3d4017c3e843895a92b70aa74d1b7ebc9c982ccf2ec4968cc0cd55f12af4660c	ae5b66bdf04b4c010bfe32b2fc126ead2107b697634f6f7337b9bff8785ee111200095ece87dde4dbe87343f6df3b107d91798c8a7eb1245d3bb9c5aafb093358c13e6ae1111a55717e895fd17f99f07	72
t-v1-bit-76-2	t	3d4017c3e843895a92b70aa74d1b7ebc9c982ccf2ec4968cc0cd55f12af4660c	ae5b66bdf04b4c010bfe32b2fc126ead2107b697634f6f7337b9bff8785ee111200095ece87dde4dbe87343f6df3b107d91798c8a7eb1245d3bb9c5aafb093358c13e6ae1111a55717e895fd11f99f07	72
t-v1-bit-76-3	t	3d4017c3e843895a92b70aa74d1b7ebc9c982ccf2ec4968cc0cd55f12af4660c	ae5b66bdf04b4c010bfe32b2fc126ead2107b697634f6f7337b9bff8785ee111200095ece87dde4dbe87343f6df3b107d91798c8a7eb1245d3bb9c5aafb093358c13e6ae1111a55717e895fd1df99f07	72
t-v1-bit-76-4	t	3d4017c3e843895a92b70aa74d1b7ebc9c982ccf2ec4968cc0cd55f12af4660c	ae5b66bdf04b4c010bfe32b2fc126ead2107b697634f6f7337b9bff8785ee111200095ece87dde4dbe87343f6df3b107d91798c8a7eb1245d3bb9c5aafb093358c13e6ae1111a55717e895fd05f99f07	72
t-v1-bit-76-5	t	3d4017c3e843895a92b70aa74d1b7ebc9c982ccf2ec4968cc0cd55f12af4660c	ae5b66bdf04b4c010bfe32b2fc126ead2107b697634f6f7337b9bff8785ee111200095ece87dde4dbe87343f6df3b107d91798c8a7eb1245d3bb9c5aafb093358c13e6ae1111a55717e895fd35f99f07	72
t-v1-bit-76-6	t	3d4017c3e843895a92b70aa74d1b7ebc9c982ccf2ec4968cc0cd55f12af4660c	ae5b66bdf04b4c010bfe32b2fc126ead2107b697634f6f7337b9bff8785ee111200095ece87dde4dbe87343f6df3b107d91798c8a7eb1245d3bb9c5aafb093358c13e6ae1111a55717e895fd55f99f07	72
t-v1-bit-76-7	t	3d4017c3e843895a92b70aa74d1b7ebc9c982ccf2ec4968cc0cd55f12af4660c	ae5b66bdf04b4c010bfe32b2fc126ead2107b697634f6f7337b9bff8785ee111200095ece87dde4dbe87343f6df3b107d91798c8a7eb1245d3bb9c5aafb093358c13e6ae1111a55717e895fd95f99f07	72
t-v1-bit-77-0	t	3d4017c3e843895a92b70aa74d1b7ebc9c982ccf2ec4968cc0cd55f12af4660c	ae5b66bdf04b4c010bfe32b2fc126ead2107b697634f6f7337b9bff8785ee111200095ece87dde4dbe87343f6df3b107d91798c8a7eb1245d3bb9c5aafb093358c13e6ae1111a55717e895fd15f89f07	72
t-v1-bit-77-1	t	3d4017c3e843895a92b70aa74d1b7ebc9c982ccf2ec4968cc0cd55f12af4660c	ae5b66bdf04b4c010bfe32b2fc126ead2107b697634f6f7337b9bff8785ee111200095ece87dde4dbe87343f6df3b107d91798c8a7eb1245d3bb9c5aafb093358c13e6ae1111a55717e895fd15fb9f07	72
t-v1-bit-77-2	t	3d4017c3e843895a92b70aa74d1b7ebc9c982ccf2ec4968cc0cd55f12af4660c	ae5b66bdf04b4c010bfe32b2fc126ead2107b697634f6f7337b9bff8785ee111200095ece87dde4dbe87343f6df3b107d91798c8a7eb1245d3bb9c5aafb093358c13e6ae1111a55717e895fd15fd9f07	72
t-v1-bit-77-3	t	3d4017c3e843895a92b70aa74d1b7ebc9c982ccf2ec4968cc0cd55f12af4660c	ae5b66bdf04b4c010bfe32b2fc126ead2107b697634f6f7337b9bff8785ee111200095ece87dde4dbe87343f6df3b107d91798c8a7eb1245d3bb9c5aafb093358c13e6ae1111a55717e895fd15f19f07	72
t-v1-bit-77-4	t	3d4017c3e843895a92b70aa74d1b7ebc9c982ccf2ec4968cc0cd55f12af4660c	ae5b66bdf04b4c010bfe32b2fc126ead2107b697634f6f7337b9bff8785ee111200095ece87dde4dbe87343f6df3b107d91798c8a7eb1245d3bb9c5aafb093358c13e6ae1111a55717e895fd15e99f07	72
t-v1-bit-77-5	t	3d4017c3e843895a92b70aa74d1b7ebc9c982ccf2ec4968cc0cd55f12af4660c	ae5b66bdf04b4c010bfe32b2fc126ead2107b697634f6f7337b9bff8785ee111200095ece87dde4dbe87343f6df3b107d91798c8a7eb1245d3bb9c5aafb093358c13e6ae1111a55717e895fd15d99f07	72
t-v1-bit-77-6	t	3d4017c3e843895a92b70aa74d1b7ebc9c982ccf2ec4968cc0cd55f12af4660c	ae5b66bdf04b4c010bfe32b2fc126ead2107b697634f6f7337b9bff8785ee111200095ece87dde4dbe87343f6df3b107d91798c8a7eb1245d3bb9c5aafb093358c13e6ae1111a55717e895fd15b99f07	72
t-v1-bit-77-7	t	3d4017c3e843895a92b70aa74d1b7ebc9c982ccf2ec4968cc0cd55f12af4660c	ae5b66bdf04b4c010bfe32b2fc126ead2107b697634f6f7337b9bff8785ee111200095ece87dde4dbe87343f6df3b107d91798c8a7eb1245d3bb9c5aafb093358c13e6ae1111a55717e895fd15799f07	72
t-v1-bit-78-0	t	3d4017c3e843895a92b70aa74d1b7ebc9c982ccf2ec4968cc0cd55f12af4660c	ae5b66bdf04b4c010bfe32b2fc126ead2107b697634f6f7337b9bff8785ee111200095ece87dde4dbe87343f6df3b107d91798c8a7eb1245d3bb9c5aafb093358c13e6ae1111a55717e895fd15f99e07	72
t-v1-bit-78-1	t	3d4017c3e843895a92b70aa74d1b7ebc9c982ccf2ec4968cc0cd55f12af4660c	ae5b66bdf04b4c010bfe32b2fc126ead2107b697634f6f7337b9bff8785ee111200095ece87dde4dbe87343f6df3b107d91798c8a7eb1245d3bb9c5aafb093358c13e6ae1111a55717e895fd15f99d07	72
t-v1-bit-78-2	t	3d4017c3e843895a92b70aa74d1b7ebc9c982ccf2ec4968cc0cd55f12af4660c	ae5b66bdf04b4c010bfe32b2fc126ead2107b697634f6f7337b9bff8785ee111200095ece87dde4dbe87343f6df3b107d91798c8a7eb1245d3bb9c5aafb093358c13e6ae1111a55717e895fd15f99b07	72
t-v1-bit-78-3	t	3d4017c3e843895a92b70aa74d1b7ebc9c982ccf2ec4968cc0cd55f12af4660c	ae5b66bdf04b4c010bfe32b2fc126ead2107b697634f6f7337b9bff8785ee111200095ece87dde4dbe87343f6df3b107d91798c8a7eb1245d3bb9c5aafb093358c13e6ae1111a55717e895fd15f99707	72
t-v1-bit-78-4	t	3d4017c3e843895a92b70aa74d1b7ebc9c982ccf2ec4968cc0cd55f12af4660c	ae5b66bdf04b4c010bfe32b2fc126ead2107b697634f6f7337b9bff8785ee111200095ece87dde4dbe87343f6df3b107d91798c8a7eb1245d3bb9c5aafb093358c13e6ae1111a55717e895fd15f98f07	72
t-v1-bit-78-5	t	3d4017c3e843895a92b70aa74d1b7ebc9c982ccf2ec4968cc0cd55f12af4660c	ae5b66bdf04b4c010bfe32b2fc126ead2107b697634f6f7337b9bff8785ee111200095ece87dde4dbe87343f6df3b107d91798c8a7eb1245d3bb9c5aafb093358c13e6ae1111a55717e895fd15f9bf07	72
t-v1-bit-78-6	t	3d4017c3e843895a92b70aa74d1b7ebc9c982ccf2ec4968cc0cd55f12af4660c	ae5b66bdf04b4c010bfe32b2fc126ead2107b697634f6f7337b9bff8785ee111200095ece87dde4dbe87343f6df3b107d91798c8a7eb1245d3bb9c5aafb093358c13e6ae1111a55717e895fd15f9df07	72
t-v1-bit-78-7	t	3d4017c3e843895a92b70aa74d1b7ebc9c982ccf2ec4968cc0cd55f12af4660c	ae5b66bdf04b4c010bfe32b2fc126ead2107b697634f6f7337b9bff8785ee111200095ece87dde4dbe87343f6df3b107d91798c8a7eb1245d3bb9c5aafb093358c13e6ae1111a55717e895fd15f91f07	72
t-v1-bit-79-0	t	3d4017c3e843895a92b70aa74d1b7ebc9c982ccf2ec4968cc0cd55f12af4660c	ae5b66bdf04b4c010bfe32b2fc126ead2107b697634f6f7337b9bff8785ee111200095ece87dde4dbe87343f6df3b107d91798c8a7eb1245d3bb9c5aafb093358c13e6ae1111a55717e895fd15f99f06	72
t-v1-bit-79-1	t	3d4017c3e843895a92b70aa74d1b7ebc9c982ccf2ec4968cc0cd55f12af4660c	ae5b66bdf04b4c010bfe32b2fc126ead2107b697634f6f7337b9bff8785ee111200095ece87dde4dbe87343f6df3b107d91798c8a7eb1245d3bb9c5aafb093358c13e6ae1111a55717e895fd15f99f05	72
t-v1-bit-79-2	t	3d4017c3e843895a92b70aa74d1b7ebc9c982ccf2ec4968cc0cd55f12af4660c	ae5b66bdf04b4c010bfe32b2fc126ead2107b697634f6f7337b9bff8785ee111200095ece87dde4dbe87343f6df3b107d91798c8a7eb1245d3bb9c5aafb093358c13e6ae1111a55717e895fd15f99f03	72
t-v1-bit-79-3	t	3d4017c3e843895a92b70aa74d1b7ebc9c982ccf2ec4968cc0cd55f12af4660c	ae5b66bdf04b4c010bfe32b2fc126ead2107b697634f6f7337b9bff8785ee111200095ece87dde4dbe87343f6df3b107d91798c8a7eb1245d3bb9c5aafb093358c13e6ae1111a55717e895fd15f99f0f	72
t-v1-bit-79-4	t	3d4017c3e843895a92b70aa74d1b7ebc9c982ccf2ec4968cc0cd55f12af4660c	ae5b66bdf04b4c010bfe32b2fc126ead2107b697634f6f7337b9bff8785ee111200095ece87dde4dbe87343f6df3b107d91798c8a7eb1245d3bb9c5aafb093358c13e6ae1111a55717e895fd15f99f17	72
t-v1-bit-79-5	t	3d4017c3e843895a92b70aa74d1b7ebc9c982ccf2ec4968cc0cd55f12af4660c	ae5b66bdf04b4c010bfe32b2fc126ead2107b697634f6f7337b9bff8785ee111200095ece87dde4dbe87343f6df3b107d91798c8a7eb1245d3bb9c5aafb093358c13e6ae1111a55717e895fd15f99f27	72
t-v1-bit-79-6	t	3d4017c3e843895a92b70aa74d1b7ebc9c982ccf2ec4968cc0cd55f12af4660c	ae5b66bdf04b4c010bfe32b2fc126ead2107b697634f6f7337b9bff8785ee111200095ece87dde4dbe87343f6df3b107d91798c8a7eb1245d3bb9c5aafb093358c13e6ae1111a55717e895fd15f99f47	72
t-v1-bit-79-7	t	3d4017c3e843895a92b70aa74d1b7ebc9c982ccf2ec4968cc0cd55f12af4660c	ae5b66bdf04b4c010bfe32b2fc126ead2107b697634f6f7337b9bff8785ee111200095ece87dde4dbe87343f6df3b107d91798c8a7eb1245d3bb9c5aafb093358c13e6ae1111a55717e895fd15f99f87	72
t-v1-s-plus-1L	t	3d4017c3e843895a92b70aa74d1b7ebc9c982ccf2ec4968cc0cd55f12af4660c	ae5b66bdf04b4c010bfe32b2fc126ead2107b697634f6f7337b9bff8785ee111200095ece87dde4dbe87343f6df3b107c6eb8d25c24e259da95894fd8daa724a8c13e6ae1111a55717e895fd15f99f17	72
t-v1-s-plus-2L	t	3d4017c3e843895a92b70aa74d1b7ebc9c982ccf2ec4968cc0cd55f12af4660c	ae5b66bdf04b4c010bfe32b2fc126ead2107b697634f6f7337b9bff8785ee111200095ece87dde4dbe87343f6df3b107b3bf8382dcb137f57ff58ba06ca4515f8c13e6ae1111a55717e895fd15f99f27	72
t-v1-s-plus-3L	t	3d4017c3e843895a92b70aa74d1b7ebc9c982ccf2ec4968cc0cd55f12af4660c	ae5b66bdf04b4c010bfe32b2fc126ead2107b697634f6f7337b9bff8785ee111200095ece87dde4dbe87343f6df3b107a09379dff6144a4d569283434b9e30748c13e6ae1111a55717e895fd15f99f37	72
t-v1-s-plus-4L	t	3d4017c3e843895a92b70aa74d1b7ebc9c982ccf2ec4968cc0cd55f12af4660c	ae5b66bdf04b4c010bfe32b2fc126ead2107b697634f6f7337b9bff8785ee111200095ece87dde4dbe87343f6df3b1078d676f3c11785ca52c2f7be629980f898c13e6ae1111a55717e895fd15f99f47	72
t-v1-s-plus-5L	t	3d4017c3e843895a92b70aa74d1b7ebc9c982ccf2ec4968cc0cd55f12af4660c	ae5b66bdf04b4c010bfe32b2fc126ead2107b697634f6f7337b9bff8785ee111200095ece87dde4dbe87343f6df3b1077a3b65992bdb6efd02cc72890892ee9d8c13e6ae1111a55717e895fd15f99f57	72
t-v1-s-plus-6L	t	3d4017c3e843895a92b70aa74d1b7ebc9c982ccf2ec4968cc0cd55f12af4660c	ae5b66bdf04b4c010bfe32b2fc126ead2107b697634f6f7337b9bff8785ee111200095ece87dde4dbe87343f6df3b107670f5bf6453e8155d9686a2ce78bcdb28c13e6ae1111a55717e895fd15f99f67	72
t-v1-s-plus-7L	t	3d4017c3e843895a92b70aa74d1b7ebc9c982ccf2ec4968cc0cd55f12af4660c	ae5b66bdf04b4c010bfe32b2fc126ead2107b697634f6f7337b9bff8785ee111200095ece87dde4dbe87343f6df3b10754e3505360a193adaf0562cfc585acc78c13e6ae1111a55717e895fd15f99f77	72
t-v1-s-plus-8L	t	3d4017c3e843895a92b70aa74d1b7ebc9c982ccf2ec4968cc0cd55f12af4660c	ae5b66bdf04b4c010bfe32b2fc126ead2107b697634f6f7337b9bff8785ee111200095ece87dde4dbe87343f6df3b10741b746b07a04a60586a25972a47f8bdc8c13e6ae1111a55717e895fd15f99f87	72
t-v1-s-plus-9L	t	3d4017c3e843895a92b70aa74d1b7ebc9c982ccf2ec4968cc0cd55f12af4660c	ae5b66bdf04b4c010bfe32b2fc126ead2107b697634f6f7337b9bff8785ee111200095ece87dde4dbe87343f6df3b1072e8b3c0d9567b85d5c3f511583796af18c13e6ae1111a55717e895fd15f99f97	72
t-v1-s-plus-10L	t	3d4017c3e843895a92b70aa74d1b7ebc9c982ccf2ec4968cc0cd55f12af4660c	ae5b66bdf04b4c010bfe32b2fc126ead2107b697634f6f7337b9bff8785ee111200095ece87dde4dbe87343f6df3b1071b5f326aafcacab532dc48b8617349068d13e6ae1111a55717e895fd15f99fa7	72
t-v1-s-plus-11L	t	3d4017c3e843895a92b70aa74d1b7ebc9c982ccf2ec4968cc0cd55f12af4660c	ae5b66bdf04b4c010bfe32b2fc126ead2107b697634f6f7337b9bff8785ee111200095ece87dde4dbe87343f6df3b107083328c7c92ddd0d0979405b406d281b8d13e6ae1111a55717e895fd15f99fb7	72
t-v1-s-plus-12L	t	3d4017c3e843895a92b70aa74d1b7ebc9c982ccf2ec4968cc0cd55f12af4660c	ae5b66bdf04b4c010bfe32b2fc126ead2107b697634f6f7337b9bff8785ee111200095ece87dde4dbe87343f6df3b107f5061e24e490ef65df1538fe1e6707308d13e6ae1111a55717e895fd15f99fc7	72
t-v1-s-plus-13L	t	3d4017c3e843895a92b70aa74d1b7ebc9c982ccf2ec4968cc0cd55f12af4660c	ae5b66bdf04b4c010bfe32b2fc126ead2107b697634f6f7337b9bff8785ee111200095ece87dde4dbe87343f6df3b107e2da1381fef301beb5b22fa1fd60e6448d13e6ae1111a55717e895fd15f99fd7	72
t-v1-s-plus-14L	t	3d4017c3e843895a92b70aa74d1b7ebc9c982ccf2ec4968cc0cd55f12af4660c	ae5b66bdf04b4c010bfe32b2fc126ead2107b697634f6f7337b9bff8785ee111200095ece87dde4dbe87343f6df3b107cfae09de185714168c4f2744dc5ac5598d13e6ae1111a55717e895fd15f99fe7	72
t-v1-s-plus-15L	t	3d4017c3e843895a92b70aa74d1b7ebc9c982ccf2ec4968cc0cd55f12af4660c	ae5b66bdf04b4c010bfe32b2fc126ead2107b697634f6f7337b9bff8785ee111200095ece87dde4dbe87343f6df3b107bc82ff3a33ba266e62ec1ee7ba54a46e8d13e6ae1111a55717e895fd15f99ff7	72
t-v1-pk-zero	t	0000000000000000000000000000000000000000000000000000000000000000	ae5b66bdf04b4c010bfe32b2fc126ead2107b697634f6f7337b9bff8785ee111200095ece87dde4dbe87343f6df3b107d91798c8a7eb1245d3bb9c5aafb093358c13e6ae1111a55717e895fd15f99f07	72
t-v1-gamma-zero	t	3d4017c3e843895a92b70aa74d1b7ebc9c982ccf2ec4968cc0cd55f12af4660c	0000000000000000000000000000000000000000000000000000000000000000200095ece87dde4dbe87343f6df3b107d91798c8a7eb1245d3bb9c5aafb093358c13e6ae1111a55717e895fd15f99f07	72
t-v1-pk-identity	t	0100000000000000000000000000000000000000000000000000000000000000	ae5b66bdf04b4c010bfe32b2fc126ead2107b697634f6f7337b9bff8785ee111200095ece87dde4dbe87343f6df3b107d91798c8a7eb1245d3bb9c5aafb093358c13e6ae1111a55717e895fd15f99f07	72
t-v1-gamma-identity	t	3d4017c3e843895a92b70aa74d1b7ebc9c982ccf2ec4968cc0cd55f12af4660c	0100000000000000000000000000000000000000000000000000000000000000200095ece87dde4dbe87343f6df3b107d91798c8a7eb1245d3bb9c5aafb093358c13e6ae1111a55717e895fd15f99f07	72
t-v1-pk-minus-one	t	ecffffffffffffffffffffffffffffffffffffffffffffffffffffffffffff7f	ae5b66bdf04b4c010bfe32b2fc126ead2107b697634f6f7337b9bff8785ee111200095ece87dde4dbe87343f6df3b107d91798c8a7eb1245d3bb9c5aafb093358c13e6ae1111a55717e895fd15f99f07	72
t-v1-gamma-minus-one	t	3d4017c3e843895a92b70aa74d1b7ebc9c982ccf2ec4968cc0cd55f12af4660c	ecffffffffffffffffffffffffffffffffffffffffffffffffffffffffffff7f200095ece87dde4dbe87343f6df3b107d91798c8a7eb1245d3bb9c5aafb093358c13e6ae1111a55717e895fd15f99f07	72
t-v1-pk-p	t	edffffffffffffffffffffffffffffffffffffffffffffffffffffffffffff7f	ae5b66bdf04b4c010bfe32b2fc126ead2107b697634f6f7337b9bff8785ee111200095ece87dde4dbe87343f6df3b107d91798c8a7eb1245d3bb9c5aafb093358c13e6ae1111a55717e895fd15f99f07	72
t-v1-gamma-p	t	3d4017c3e843895a92b70aa74d1b7ebc9c982ccf2ec4968cc0cd55f12af4660c	edffffffffffffffffffffffffffffffffffffffffffffffffffffffffffff7f200095ece87dde4dbe87343f6df3b107d91798c8a7eb1245d3bb9c5aafb093358c13e6ae1111a55717e895fd15f99f07	72
t-v1-pk-p-plus-one	t	eeffffffffffffffffffffffffffffffffffffffffffffffffffffffffffff7f	ae5b66bdf04b4c010bfe32b2fc126ead2107b697634f6f7337b9bff8785ee111200095ece87dde4dbe87343f6df3b107d91798c8a7eb1245d3bb9c5aafb093358c13e6ae1111a55717e895fd15f99f07	72
t-v1-gamma-p-plus-one	t	3d4017c3e843895a92b70aa74d1b7ebc9c982ccf2ec4968cc0cd55f12af4660c	eeffffffffffffffffffffffffffffffffffffffffffffffffffffffffffff7f200095ece87dde4dbe87343f6df3b107d91798c8a7eb1245d3bb9c5aafb093358c13e6ae1111a55717e895fd15f99f07	72
t-v1-pk-negative-zero	t	0100000000000000000000000000000000000000000000000000000000000080	ae5b66bdf04b4c010bfe32b2fc126ead2107b697634f6f7337b9bff8785ee111200095ece87dde4dbe87343f6df3b107d91798c8a7eb1245d3bb9c5aafb093358c13e6ae1111a55717e895fd15f99f07	72
t-v1-gamma-negative-zero	t	3d4017c3e843895a92b70aa74d1b7ebc9c982ccf2ec4968cc0cd55f12af4660c	0100000000000000000000000000000000000000000000000000000000000080200095ece87dde4dbe87343f6df3b107d91798c8a7eb1245d3bb9c5aafb093358c13e6ae1111a55717e895fd15f99f07	72
t-v1-wrong-message	t	3d4017c3e843895a92b70aa74d1b7ebc9c982ccf2ec4968cc0cd55f12af4660c	ae5b66bdf04b4c010bfe32b2fc126ead2107b697634f6f7337b9bff8785ee111200095ece87dde4dbe87343f6df3b107d91798c8a7eb1245d3bb9c5aafb093358c13e6ae1111a55717e895fd15f99f07	7200
t-v1-truncated-message	t	3d4017c3e843895a92b70aa74d1b7ebc9c982ccf2ec4968cc0cd55f12af4660c	ae5b66bdf04b4c010bfe32b2fc126ead2107b697634f6f7337b9bff8785ee111200095ece87dde4dbe87343f6df3b107d91798c8a7eb1245d3bb9c5aafb093358c13e6ae1111a55717e895fd15f99f07	
t-v2	t	fc51cd8e6218a1a38da47ed00230f0580816ed13ba3303ac5deb911548908025	dfa2cba34b611cc8c833a6ea83b8eb1bb5e2ef2dd1b0c481bc42ff36ae7847f6ab52b976cfd5def172fa412defde270c8b8bdfbaae1c7ece17d9833b1bcf31064fff78ef493f820055b561ece45e1009	af82
t-v2-upstream-bitflip-0	t	fc51cd8e6218a1a38da47ed00230f0580816ed13ba3303ac5deb911548908025	dea2cba34b611cc8c833a6ea83b8eb1bb5e2ef2dd1b0c481bc42ff36ae7847f6ab52b976cfd5def172fa412defde270c8b8bdfbaae1c7ece17d9833b1bcf31064fff78ef493f820055b561ece45e1009	af82
t-v2-upstream-bitflip-32	t	fc51cd8e6218a1a38da47ed00230f0580816ed13ba3303ac5deb911548908025	dfa2cba34b611cc8c833a6ea83b8eb1bb5e2ef2dd1b0c481bc42ff36ae7847f6aa52b976cfd5def172fa412defde270c8b8bdfbaae1c7ece17d9833b1bcf31064fff78ef493f820055b561ece45e1009	af82
t-v2-upstream-bitflip-48	t	fc51cd8e6218a1a38da47ed00230f0580816ed13ba3303ac5deb911548908025	dfa2cba34b611cc8c833a6ea83b8eb1bb5e2ef2dd1b0c481bc42ff36ae7847f6ab52b976cfd5def172fa412defde270c8a8bdfbaae1c7ece17d9833b1bcf31064fff78ef493f820055b561ece45e1009	af82
t-v2-upstream-bitflip-79	t	fc51cd8e6218a1a38da47ed00230f0580816ed13ba3303ac5deb911548908025	dfa2cba34b611cc8c833a6ea83b8eb1bb5e2ef2dd1b0c481bc42ff36ae7847f6ab52b976cfd5def172fa412defde270c8b8bdfbaae1c7ece17d9833b1bcf31064fff78ef493f820055b561ece45e1089	af82
t-v2-bit-0-0	t	fc51cd8e6218a1a38da47ed00230f0580816ed13ba3303ac5deb911548908025	dea2cba34b611cc8c833a6ea83b8eb1bb5e2ef2dd1b0c481bc42ff36ae7847f6ab52b976cfd5def172fa412defde270c8b8bdfbaae1c7ece17d9833b1bcf31064fff78ef493f820055b561ece45e1009	af82
t-v2-bit-0-1	t	fc51cd8e6218a1a38da47ed00230f0580816ed13ba3303ac5deb911548908025	dda2cba34b611cc8c833a6ea83b8eb1bb5e2ef2dd1b0c481bc42ff36ae7847f6ab52b976cfd5def172fa412defde270c8b8bdfbaae1c7ece17d9833b1bcf31064fff78ef493f820055b561ece45e1009	af82
t-v2-bit-0-2	t	fc51cd8e6218a1a38da47ed00230f0580816ed13ba3303ac5deb911548908025	dba2cba34b611cc8c833a6ea83b8eb1bb5e2ef2dd1b0c481bc42ff36ae7847f6ab52b976cfd5def172fa412defde270c8b8bdfbaae1c7ece17d9833b1bcf31064fff78ef493f820055b561ece45e1009	af82
t-v2-bit-0-3	t	fc51cd8e6218a1a38da47ed00230f0580816ed13ba3303ac5deb911548908025	d7a2cba34b611cc8c833a6ea83b8eb1bb5e2ef2dd1b0c481bc42ff36ae7847f6ab52b976cfd5def172fa412defde270c8b8bdfbaae1c7ece17d9833b1bcf31064fff78ef493f820055b561ece45e1009	af82
t-v2-bit-0-4	t	fc51cd8e6218a1a38da47ed00230f0580816ed13ba3303ac5deb911548908025	cfa2cba34b611cc8c833a6ea83b8eb1bb5e2ef2dd1b0c481bc42ff36ae7847f6ab52b976cfd5def172fa412defde270c8b8bdfbaae1c7ece17d9833b1bcf31064fff78ef493f820055b561ece45e1009	af82
t-v2-bit-0-5	t	fc51cd8e6218a1a38da47ed00230f0580816ed13ba3303ac5deb911548908025	ffa2cba34b611cc8c833a6ea83b8eb1bb5e2ef2dd1b0c481bc42ff36ae7847f6ab52b976cfd5def172fa412defde270c8b8bdfbaae1c7ece17d9833b1bcf31064fff78ef493f820055b561ece45e1009	af82
t-v2-bit-0-6	t	fc51cd8e6218a1a38da47ed00230f0580816ed13ba3303ac5deb911548908025	9fa2cba34b611cc8c833a6ea83b8eb1bb5e2ef2dd1b0c481bc42ff36ae7847f6ab52b976cfd5def172fa412defde270c8b8bdfbaae1c7ece17d9833b1bcf31064fff78ef493f820055b561ece45e1009	af82
t-v2-bit-0-7	t	fc51cd8e6218a1a38da47ed00230f0580816ed13ba3303ac5deb911548908025	5fa2cba34b611cc8c833a6ea83b8eb1bb5e2ef2dd1b0c481bc42ff36ae7847f6ab52b976cfd5def172fa412defde270c8b8bdfbaae1c7ece17d9833b1bcf31064fff78ef493f820055b561ece45e1009	af82
t-v2-bit-1-0	t	fc51cd8e6218a1a38da47ed00230f0580816ed13ba3303ac5deb911548908025	dfa3cba34b611cc8c833a6ea83b8eb1bb5e2ef2dd1b0c481bc42ff36ae7847f6ab52b976cfd5def172fa412defde270c8b8bdfbaae1c7ece17d9833b1bcf31064fff78ef493f820055b561ece45e1009	af82
t-v2-bit-1-1	t	fc51cd8e6218a1a38da47ed00230f0580816ed13ba3303ac5deb911548908025	dfa0cba34b611cc8c833a6ea83b8eb1bb5e2ef2dd1b0c481bc42ff36ae7847f6ab52b976cfd5def172fa412defde270c8b8bdfbaae1c7ece17d9833b1bcf31064fff78ef493f820055b561ece45e1009	af82
t-v2-bit-1-2	t	fc51cd8e6218a1a38da47ed00230f0580816ed13ba3303ac5deb911548908025	dfa6cba34b611cc8c833a6ea83b8eb1bb5e2ef2dd1b0c481bc42ff36ae7847f6ab52b976cfd5def172fa412defde270c8b8bdfbaae1c7ece17d9833b1bcf31064fff78ef493f820055b561ece45e1009	af82
t-v2-bit-1-3	t	fc51cd8e6218a1a38da47ed00230f0580816ed13ba3303ac5deb911548908025	dfaacba34b611cc8c833a6ea83b8eb1bb5e2ef2dd1b0c481bc42ff36ae7847f6ab52b976cfd5def172fa412defde270c8b8bdfbaae1c7ece17d9833b1bcf31064fff78ef493f820055b561ece45e1009	af82
t-v2-bit-1-4	t	fc51cd8e6218a1a38da47ed00230f0580816ed13ba3303ac5deb911548908025	dfb2cba34b611cc8c833a6ea83b8eb1bb5e2ef2dd1b0c481bc42ff36ae7847f6ab52b976cfd5def172fa412defde270c8b8bdfbaae1c7ece17d9833b1bcf31064fff78ef493f820055b561ece45e1009	af82
t-v2-bit-1-5	t	fc51cd8e6218a1a38da47ed00230f0580816ed13ba3303ac5deb911548908025	df82cba34b611cc8c833a6ea83b8eb1bb5e2ef2dd1b0c481bc42ff36ae7847f6ab52b976cfd5def172fa412defde270c8b8bdfbaae1c7ece17d9833b1bcf31064fff78ef493f820055b561ece45e1009	af82
t-v2-bit-1-6	t	fc51cd8e6218a1a38da47ed00230f0580816ed13ba3303ac5deb911548908025	dfe2cba34b611cc8c833a6ea83b8eb1bb5e2ef2dd1b0c481bc42ff36ae7847f6ab52b976cfd5def172fa412defde270c8b8bdfbaae1c7ece17d9833b1bcf31064fff78ef493f820055b561ece45e1009	af82
t-v2-bit-1-7	t	fc51cd8e6218a1a38da47ed00230f0580816ed13ba3303ac5deb911548908025	df22cba34b611cc8c833a6ea83b8eb1bb5e2ef2dd1b0c481bc42ff36ae7847f6ab52b976cfd5def172fa412defde270c8b8bdfbaae1c7ece17d9833b1bcf31064fff78ef493f820055b561ece45e1009	af82
t-v2-bit-2-0	t	fc51cd8e6218a1a38da47ed00230f0580816ed13ba3303ac5deb911548908025	dfa2caa34b611cc8c833a6ea83b8eb1bb5e2ef2dd1b0c481bc42ff36ae7847f6ab52b976cfd5def172fa412defde270c8b8bdfbaae1c7ece17d9833b1bcf31064fff78ef493f820055b561ece45e1009	af82
t-v2-bit-2-1	t	fc51cd8e6218a1a38da47ed00230f0580816ed13ba3303ac5deb911548908025	dfa2c9a34b611cc8c833a6ea83b8eb1bb5e2ef2dd1b0c481bc42ff36ae7847f6ab52b976cfd5def172fa412defde270c8b8bdfbaae1c7ece17d9833b1bcf31064fff78ef493f820055b561ece45e1009	af82
t-v2-bit-2-2	t	fc51cd8e6218a1a38da47ed00230f0580816ed13ba3303ac5deb911548908025	dfa2cfa34b611cc8c833a6ea83b8eb1bb5e2ef2dd1b0c481bc42ff36ae7847f6ab52b976cfd5def172fa412defde270c8b8bdfbaae1c7ece17d9833b1bcf31064fff78ef493f820055b561ece45e1009	af82
t-v2-bit-2-3	t	fc51cd8e6218a1a38da47ed00230f0580816ed13ba3303ac5deb911548908025	dfa2c3a34b611cc8c833a6ea83b8eb1bb5e2ef2dd1b0c481bc42ff36ae7847f6ab52b976cfd5def172fa412defde270c8b8bdfbaae1c7ece17d9833b1bcf31064fff78ef493f820055b561ece45e1009	af82
t-v2-bit-2-4	t	fc51cd8e6218a1a38da47ed00230f0580816ed13ba3303ac5deb911548908025	dfa2dba34b611cc8c833a6ea83b8eb1bb5e2ef2dd1b0c481bc42ff36ae7847f6ab52b976cfd5def172fa412defde270c8b8bdfbaae1c7ece17d9833b1bcf31064fff78ef493f820055b561ece45e1009	af82
t-v2-bit-2-5	t	fc51cd8e6218a1a38da47ed00230f0580816ed13ba3303ac5deb911548908025	dfa2eba34b611cc8c833a6ea83b8eb1bb5e2ef2dd1b0c481bc42ff36ae7847f6ab52b976cfd5def172fa412defde270c8b8bdfbaae1c7ece17d9833b1bcf31064fff78ef493f820055b561ece45e1009	af82
t-v2-bit-2-6	t	fc51cd8e6218a1a38da47ed00230f0580816ed13ba3303ac5deb911548908025	dfa28ba34b611cc8c833a6ea83b8eb1bb5e2ef2dd1b0c481bc42ff36ae7847f6ab52b976cfd5def172fa412defde270c8b8bdfbaae1c7ece17d9833b1bcf31064fff78ef493f820055b561ece45e1009	af82
t-v2-bit-2-7	t	fc51cd8e6218a1a38da47ed00230f0580816ed13ba3303ac5deb911548908025	dfa24ba34b611cc8c833a6ea83b8eb1bb5e2ef2dd1b0c481bc42ff36ae7847f6ab52b976cfd5def172fa412defde270c8b8bdfbaae1c7ece17d9833b1bcf31064fff78ef493f820055b561ece45e1009	af82
t-v2-bit-3-0	t	fc51cd8e6218a1a38da47ed00230f0580816ed13ba3303ac5deb911548908025	dfa2cba24b611cc8c833a6ea83b8eb1bb5e2ef2dd1b0c481bc42ff36ae7847f6ab52b976cfd5def172fa412defde270c8b8bdfbaae1c7ece17d9833b1bcf31064fff78ef493f820055b561ece45e1009	af82
t-v2-bit-3-1	t	fc51cd8e6218a1a38da47ed00230f0580816ed13ba3303ac5deb911548908025	dfa2cba14b611cc8c833a6ea83b8eb1bb5e2ef2dd1b0c481bc42ff36ae7847f6ab52b976cfd5def172fa412defde270c8b8bdfbaae1c7ece17d9833b1bcf31064fff78ef493f820055b561ece45e1009	af82
t-v2-bit-3-2	t	fc51cd8e6218a1a38da47ed00230f0580816ed13ba3303ac5deb911548908025	dfa2cba74b611cc8c833a6ea83b8eb1bb5e2ef2dd1b0c481bc42ff36ae7847f6ab52b976cfd5def172fa412defde270c8b8bdfbaae1c7ece17d9833b1bcf31064fff78ef493f820055b561ece45e1009	af82
t-v2-bit-3-3	t	fc51cd8e6218a1a38da47ed00230f0580816ed13ba3303ac5deb911548908025	dfa2cbab4b611cc8c833a6ea83b8eb1bb5e2ef2dd1b0c481bc42ff36ae7847f6ab52b976cfd5def172fa412defde270c8b8bdfbaae1c7ece17d9833b1bcf31064fff78ef493f820055b561ece45e1009	af82
t-v2-bit-3-4	t	fc51cd8e6218a1a38da47ed00230f0580816ed13ba3303ac5deb911548908025	dfa2cbb34b611cc8c833a6ea83b8eb1bb5e2ef2dd1b0c481bc42ff36ae7847f6ab52b976cfd5def172fa412defde270c8b8bdfbaae1c7ece17d9833b1bcf31064fff78ef493f820055b561ece45e1009	af82
t-v2-bit-3-5	t	fc51cd8e6218a1a38da47ed00230f0580816ed13ba3303ac5deb911548908025	dfa2cb834b611cc8c833a6ea83b8eb1bb5e2ef2dd1b0c481bc42ff36ae7847f6ab52b976cfd5def172fa412defde270c8b8bdfbaae1c7ece17d9833b1bcf31064fff78ef493f820055b561ece45e1009	af82
t-v2-bit-3-6	t	fc51cd8e6218a1a38da47ed00230f0580816ed13ba3303ac5deb911548908025	dfa2cbe34b611cc8c833a6ea83b8eb1bb5e2ef2dd1b0c481bc42ff36ae7847f6ab52b976cfd5def172fa412defde270c8b8bdfbaae1c7ece17d9833b1bcf31064fff78ef493f820055b561ece45e1009	af82
t-v2-bit-3-7	t	fc51cd8e6218a1a38da47ed00230f0580816ed13ba3303ac5deb911548908025	dfa2cb234b611cc8c833a6ea83b8eb1bb5e2ef2dd1b0c481bc42ff36ae7847f6ab52b976cfd5def172fa412defde270c8b8bdfbaae1c7ece17d9833b1bcf31064fff78ef493f820055b561ece45e1009	af82
t-v2-bit-4-0	t	fc51cd8e6218a1a38da47ed00230f0580816ed13ba3303ac5deb911548908025	dfa2cba34a611cc8c833a6ea83b8eb1bb5e2ef2dd1b0c481bc42ff36ae7847f6ab52b976cfd5def172fa412defde270c8b8bdfbaae1c7ece17d9833b1bcf31064fff78ef493f820055b561ece45e1009	af82
t-v2-bit-4-1	t	fc51cd8e6218a1a38da47ed00230f0580816ed13ba3303ac5deb911548908025	dfa2cba349611cc8c833a6ea83b8eb1bb5e2ef2dd1b0c481bc42ff36ae7847f6ab52b976cfd5def172fa412defde270c8b8bdfbaae1c7ece17d9833b1bcf31064fff78ef493f820055b561ece45e1009	af82
t-v2-bit-4-2	t	fc51cd8e6218a1a38da47ed00230f0580816ed13ba3303ac5deb911548908025	dfa2cba34f611cc8c833a6ea83b8eb1bb5e2ef2dd1b0c481bc42ff36ae7847f6ab52b976cfd5def172fa412defde270c8b8bdfbaae1c7ece17d9833b1bcf31064fff78ef493f820055b561ece45e1009	af82
t-v2-bit-4-3	t	fc51cd8e6218a1a38da47ed00230f0580816ed13ba3303ac5deb911548908025	dfa2cba343611cc8c833a6ea83b8eb1bb5e2ef2dd1b0c481bc42ff36ae7847f6ab52b976cfd5def172fa412defde270c8b8bdfbaae1c7ece17d9833b1bcf31064fff78ef493f820055b561ece45e1009	af82
t-v2-bit-4-4	t	fc51cd8e6218a1a38da47ed00230f0580816ed13ba3303ac5deb911548908025	dfa2cba35b611cc8c833a6ea83b8eb1bb5e2ef2dd1b0c481bc42ff36ae7847f6ab52b976cfd5def172fa412defde270c8b8bdfbaae1c7ece17d9833b1bcf31064fff78ef493f820055b561ece45e1009	af82
t-v2-bit-4-5	t	fc51cd8e6218a1a38da47ed00230f0580816ed13ba3303ac5deb911548908025	dfa2cba36b611cc8c833a6ea83b8eb1bb5e2ef2dd1b0c481bc42ff36ae7847f6ab52b976cfd5def172fa412defde270c8b8bdfbaae1c7ece17d9833b1bcf31064fff78ef493f820055b561ece45e1009	af82
t-v2-bit-4-6	t	fc51cd8e6218a1a38da47ed00230f0580816ed13ba3303ac5deb911548908025	dfa2cba30b611cc8c833a6ea83b8eb1bb5e2ef2dd1b0c481bc42ff36ae7847f6ab52b976cfd5def172fa412defde270c8b8bdfbaae1c7ece17d9833b1bcf31064fff78ef493f820055b561ece45e1009	af82
t-v2-bit-4-7	t	fc51cd8e6218a1a38da47ed00230f0580816ed13ba3303ac5deb911548908025	dfa2cba3cb611cc8c833a6ea83b8eb1bb5e2ef2dd1b0c481bc42ff36ae7847f6ab52b976cfd5def172fa412defde270c8b8bdfbaae1c7ece17d9833b1bcf31064fff78ef493f820055b561ece45e1009	af82
t-v2-bit-5-0	t	fc51cd8e6218a1a38da47ed00230f0580816ed13ba3303ac5deb911548908025	dfa2cba34b601cc8c833a6ea83b8eb1bb5e2ef2dd1b0c481bc42ff36ae7847f6ab52b976cfd5def172fa412defde270c8b8bdfbaae1c7ece17d9833b1bcf31064fff78ef493f820055b561ece45e1009	af82
t-v2-bit-5-1	t	fc51cd8e6218a1a38da47ed00230f0580816ed13ba3303ac5deb911548908025	dfa2cba34b631cc8c833a6ea83b8eb1bb5e2ef2dd1b0c481bc42ff36ae7847f6ab52b976cfd5def172fa412defde270c8b8bdfbaae1c7ece17d9833b1bcf31064fff78ef493f820055b561ece45e1009	af82
t-v2-bit-5-2	t	fc51cd8e6218a1a38da47ed00230f0580816ed13ba3303ac5deb911548908025	dfa2cba34b651cc8c833a6ea83b8eb1bb5e2ef2dd1b0c481bc42ff36ae7847f6ab52b976cfd5def172fa412defde270c8b8bdfbaae1c7ece17d9833b1bcf31064fff78ef493f820055b561ece45e1009	af82
t-v2-bit-5-3	t	fc51cd8e6218a1a38da47ed00230f0580816ed13ba3303ac5deb911548908025	dfa2cba34b691cc8c833a6ea83b8eb1bb5e2ef2dd1b0c481bc42ff36ae7847f6ab52b976cfd5def172fa412defde270c8b8bdfbaae1c7ece17d9833b1bcf31064fff78ef493f820055b561ece45e1009	af82
t-v2-bit-5-4	t	fc51cd8e6218a1a38da47ed00230f0580816ed13ba3303ac5deb911548908025	dfa2cba34b711cc8c833a6ea83b8eb1bb5e2ef2dd1b0c481bc42ff36ae7847f6ab52b976cfd5def172fa412defde270c8b8bdfbaae1c7ece17d9833b1bcf31064fff78ef493f820055b561ece45e1009	af82
t-v2-bit-5-5	t	fc51cd8e6218a1a38da47ed00230f0580816ed13ba3303ac5deb911548908025	dfa2cba34b411cc8c833a6ea83b8eb1bb5e2ef2dd1b0c481bc42ff36ae7847f6ab52b976cfd5def172fa412defde270c8b8bdfbaae1c7ece17d9833b1bcf31064fff78ef493f820055b561ece45e1009	af82
t-v2-bit-5-6	t	fc51cd8e6218a1a38da47ed00230f0580816ed13ba3303ac5deb911548908025	dfa2cba34b211cc8c833a6ea83b8eb1bb5e2ef2dd1b0c481bc42ff36ae7847f6ab52b976cfd5def172fa412defde270c8b8bdfbaae1c7ece17d9833b1bcf31064fff78ef493f820055b561ece45e1009	af82
t-v2-bit-5-7	t	fc51cd8e6218a1a38da47ed00230f0580816ed13ba3303ac5deb911548908025	dfa2cba34be11cc8c833a6ea83b8eb1bb5e2ef2dd1b0c481bc42ff36ae7847f6ab52b976cfd5def172fa412defde270c8b8bdfbaae1c7ece17d9833b1bcf31064fff78ef493f820055b561ece45e1009	af82
t-v2-bit-6-0	t	fc51cd8e6218a1a38da47ed00230f0580816ed13ba3303ac5deb911548908025	dfa2cba34b611dc8c833a6ea83b8eb1bb5e2ef2dd1b0c481bc42ff36ae7847f6ab52b976cfd5def172fa412defde270c8b8bdfbaae1c7ece17d9833b1bcf31064fff78ef493f820055b561ece45e1009	af82
t-v2-bit-6-1	t	fc51cd8e6218a1a38da47ed00230f0580816ed13ba3303ac5deb911548908025	dfa2cba34b611ec8c833a6ea83b8eb1bb5e2ef2dd1b0c481bc42ff36ae7847f6ab52b976cfd5def172fa412defde270c8b8bdfbaae1c7ece17d9833b1bcf31064fff78ef493f820055b561ece45e1009	af82
t-v2-bit-6-2	t	fc51cd8e6218a1a38da47ed00230f0580816ed13ba3303ac5deb911548908025	dfa2cba34b6118c8c833a6ea83b8eb1bb5e2ef2dd1b0c481bc42ff36ae7847f6ab52b976cfd5def172fa412defde270c8b8bdfbaae1c7ece17d9833b1bcf31064fff78ef493f820055b561ece45e1009	af82
t-v2-bit-6-3	t	fc51cd8e6218a1a38da47ed00230f0580816ed13ba3303ac5deb911548908025	dfa2cba34b6114c8c833a6ea83b8eb1bb5e2ef2dd1b0c481bc42ff36ae7847f6ab52b976cfd5def172fa412defde270c8b8bdfbaae1c7ece17d9833b1bcf31064fff78ef493f820055b561ece45e1009	af82
t-v2-bit-6-4	t	fc51cd8e6218a1a38da47ed00230f0580816ed13ba3303ac5deb911548908025	dfa2cba34b610cc8c833a6ea83b8eb1bb5e2ef2dd1b0c481bc42ff36ae7847f6ab52b976cfd5def172fa412defde270c8b8bdfbaae1c7ece17d9833b1bcf31064fff78ef493f820055b561ece45e1009	af82
t-v2-bit-6-5	t	fc51cd8e6218a1a38da47ed00230f0580816ed13ba3303ac5deb911548908025	dfa2cba34b613cc8c833a6ea83b8eb1bb5e2ef2dd1b0c481bc42ff36ae7847f6ab52b976cfd5def172fa412defde270c8b8bdfbaae1c7ece17d9833b1bcf31064fff78ef493f820055b561ece45e1009	af82
t-v2-bit-6-6	t	fc51cd8e6218a1a38da47ed00230f0580816ed13ba3303ac5deb911548908025	dfa2cba34b615cc8c833a6ea83b8eb1bb5e2ef2dd1b0c481bc42ff36ae7847f6ab52b976cfd5def172fa412defde270c8b8bdfbaae1c7ece17d9833b1bcf31064fff78ef493f820055b561ece45e1009	af82
t-v2-bit-6-7	t	fc51cd8e6218a1a38da47ed00230f0580816ed13ba3303ac5deb911548908025	dfa2cba34b619cc8c833a6ea83b8eb1bb5e2ef2dd1b0c481bc42ff36ae7847f6ab52b976cfd5def172fa412defde270c8b8bdfbaae1c7ece17d9833b1bcf31064fff78ef493f820055b561ece45e1009	af82
t-v2-bit-7-0	t	fc51cd8e6218a1a38da47ed00230f0580816ed13ba3303ac5deb911548908025	dfa2cba34b611cc9c833a6ea83b8eb1bb5e2ef2dd1b0c481bc42ff36ae7847f6ab52b976cfd5def172fa412defde270c8b8bdfbaae1c7ece17d9833b1bcf31064fff78ef493f820055b561ece45e1009	af82
t-v2-bit-7-1	t	fc51cd8e6218a1a38da47ed00230f0580816ed13ba3303ac5deb911548908025	dfa2cba34b611ccac833a6ea83b8eb1bb5e2ef2dd1b0c481bc42ff36ae7847f6ab52b976cfd5def172fa412defde270c8b8bdfbaae1c7ece17d9833b1bcf31064fff78ef493f820055b561ece45e1009	af82
t-v2-bit-7-2	t	fc51cd8e6218a1a38da47ed00230f0580816ed13ba3303ac5deb911548908025	dfa2cba34b611cccc833a6ea83b8eb1bb5e2ef2dd1b0c481bc42ff36ae7847f6ab52b976cfd5def172fa412defde270c8b8bdfbaae1c7ece17d9833b1bcf31064fff78ef493f820055b561ece45e1009	af82
t-v2-bit-7-3	t	fc51cd8e6218a1a38da47ed00230f0580816ed13ba3303ac5deb911548908025	dfa2cba34b611cc0c833a6ea83b8eb1bb5e2ef2dd1b0c481bc42ff36ae7847f6ab52b976cfd5def172fa412defde270c8b8bdfbaae1c7ece17d9833b1bcf31064fff78ef493f820055b561ece45e1009	af82
t-v2-bit-7-4	t	fc51cd8e6218a1a38da47ed00230f0580816ed13ba3303ac5deb911548908025	dfa2cba34b611cd8c833a6ea83b8eb1bb5e2ef2dd1b0c481bc42ff36ae7847f6ab52b976cfd5def172fa412defde270c8b8bdfbaae1c7ece17d9833b1bcf31064fff78ef493f820055b561ece45e1009	af82
t-v2-bit-7-5	t	fc51cd8e6218a1a38da47ed00230f0580816ed13ba3303ac5deb911548908025	dfa2cba34b611ce8c833a6ea83b8eb1bb5e2ef2dd1b0c481bc42ff36ae7847f6ab52b976cfd5def172fa412defde270c8b8bdfbaae1c7ece17d9833b1bcf31064fff78ef493f820055b561ece45e1009	af82
t-v2-bit-7-6	t	fc51cd8e6218a1a38da47ed00230f0580816ed13ba3303ac5deb911548908025	dfa2cba34b611c88c833a6ea83b8eb1bb5e2ef2dd1b0c481bc42ff36ae7847f6ab52b976cfd5def172fa412defde270c8b8bdfbaae1c7ece17d9833b1bcf31064fff78ef493f820055b561ece45e1009	af82
t-v2-bit-7-7	t	fc51cd8e6218a1a38da47ed00230f0580816ed13ba3303ac5deb911548908025	dfa2cba34b611c48c833a6ea83b8eb1bb5e2ef2dd1b0c481bc42ff36ae7847f6ab52b976cfd5def172fa412defde270c8b8bdfbaae1c7ece17d9833b1bcf31064fff78ef493f820055b561ece45e1009	af82
t-v2-bit-8-0	t	fc51cd8e6218a1a38da47ed00230f0580816ed13ba3303ac5deb911548908025	dfa2cba34b611cc8c933a6ea83b8eb1bb5e2ef2dd1b0c481bc42ff36ae7847f6ab52b976cfd5def172fa412defde270c8b8bdfbaae1c7ece17d9833b1bcf31064fff78ef493f820055b561ece45e1009	af82
t-v2-bit-8-1	t	fc51cd8e6218a1a38da47ed00230f0580816ed13ba3303ac5deb911548908025	dfa2cba34b611cc8ca33a6ea83b8eb1bb5e2ef2dd1b0c481bc42ff36ae7847f6ab52b976cfd5def172fa412defde270c8b8bdfbaae1c7ece17d9833b1bcf31064fff78ef493f820055b561ece45e1009	af82
t-v2-bit-8-2	t	fc51cd8e6218a1a38da47ed00230f0580816ed13ba3303ac5deb911548908025	dfa2cba34b611cc8cc33a6ea83b8eb1bb5e2ef2dd1b0c481bc42ff36ae7847f6ab52b976cfd5def172fa412defde270c8b8bdfbaae1c7ece17d9833b1bcf31064fff78ef493f820055b561ece45e1009	af82
t-v2-bit-8-3	t	fc51cd8e6218a1a38da47ed00230f0580816ed13ba3303ac5deb911548908025	dfa2cba34b611cc8c033a6ea83b8eb1bb5e2ef2dd1b0c481bc42ff36ae7847f6ab52b976cfd5def172fa412defde270c8b8bdfbaae1c7ece17d9833b1bcf31064fff78ef493f820055b561ece45e1009	af82
t-v2-bit-8-4	t	fc51cd8e6218a1a38da47ed00230f0580816ed13ba3303ac5deb911548908025	dfa2cba34b611cc8d833a6ea83b8eb1bb5e2ef2dd1b0c481bc42ff36ae7847f6ab52b976cfd5def172fa412defde270c8b8bdfbaae1c7ece17d9833b1bcf31064fff78ef493f820055b561ece45e1009	af82
t-v2-bit-8-5	t	fc51cd8e6218a1a38da47ed00230f0580816ed13ba3303ac5deb911548908025	dfa2cba34b611cc8e833a6ea83b8eb1bb5e2ef2dd1b0c481bc42ff36ae7847f6ab52b976cfd5def172fa412defde270c8b8bdfbaae1c7ece17d9833b1bcf31064fff78ef493f820055b561ece45e1009	af82
t-v2-bit-8-6	t	fc51cd8e6218a1a38da47ed00230f0580816ed13ba3303ac5deb911548908025	dfa2cba34b611cc88833a6ea83b8eb1bb5e2ef2dd1b0c481bc42ff36ae7847f6ab52b976cfd5def172fa412defde270c8b8bdfbaae1c7ece17d9833b1bcf31064fff78ef493f820055b561ece45e1009	af82
t-v2-bit-8-7	t	fc51cd8e6218a1a38da47ed00230f0580816ed13ba3303ac5deb911548908025	dfa2cba34b611cc84833a6ea83b8eb1bb5e2ef2dd1b0c481bc42ff36ae7847f6ab52b976cfd5def172fa412defde270c8b8bdfbaae1c7ece17d9833b1bcf31064fff78ef493f820055b561ece45e1009	af82
t-v2-bit-9-0	t	fc51cd8e6218a1a38da47ed00230f0580816ed13ba3303ac5deb911548908025	dfa2cba34b611cc8c832a6ea83b8eb1bb5e2ef2dd1b0c481bc42ff36ae7847f6ab52b976cfd5def172fa412defde270c8b8bdfbaae1c7ece17d9833b1bcf31064fff78ef493f820055b561ece45e1009	af82
t-v2-bit-9-1	t	fc51cd8e6218a1a38da47ed00230f0580816ed13ba3303ac5deb911548908025	dfa2cba34b611cc8c831a6ea83b8eb1bb5e2ef2dd1b0c481bc42ff36ae7847f6ab52b976cfd5def172fa412defde270c8b8bdfbaae1c7ece17d9833b1bcf31064fff78ef493f820055b561ece45e1009	af82
t-v2-bit-9-2	t	fc51cd8e6218a1a38da47ed00230f0580816ed13ba3303ac5deb911548908025	dfa2cba34b611cc8c837a6ea83b8eb1bb5e2ef2dd1b0c481bc42ff36ae7847f6ab52b976cfd5def172fa412defde270c8b8bdfbaae1c7ece17d9833b1bcf31064fff78ef493f820055b561ece45e1009	af82
t-v2-bit-9-3	t	fc51cd8e6218a1a38da47ed00230f0580816ed13ba3303ac5deb911548908025	dfa2cba34b611cc8c83ba6ea83b8eb1bb5e2ef2dd1b0c481bc42ff36ae7847f6ab52b976cfd5def172fa412defde270c8b8bdfbaae1c7ece17d9833b1bcf31064fff78ef493f820055b561ece45e1009	af82
t-v2-bit-9-4	t	fc51cd8e6218a1a38da47ed00230f0580816ed13ba3303ac5deb911548908025	dfa2cba34b611cc8c823a6ea83b8eb1bb5e2ef2dd1b0c481bc42ff36ae7847f6ab52b976cfd5def172fa412defde270c8b8bdfbaae1c7ece17d9833b1bcf31064fff78ef493f820055b561ece45e1009	af82
t-v2-bit-9-5	t	fc51cd8e6218a1a38da47ed00230f0580816ed13ba3303ac5deb911548908025	dfa2cba34b611cc8c813a6ea83b8eb1bb5e2ef2dd1b0c481bc42ff36ae7847f6ab52b976cfd5def172fa412defde270c8b8bdfbaae1c7ece17d9833b1bcf31064fff78ef493f820055b561ece45e1009	af82
t-v2-bit-9-6	t	fc51cd8e6218a1a38da47ed00230f0580816ed13ba3303ac5deb911548908025	dfa2cba34b611cc8c873a6ea83b8eb1bb5e2ef2dd1b0c481bc42ff36ae7847f6ab52b976cfd5def172fa412defde270c8b8bdfbaae1c7ece17d9833b1bcf31064fff78ef493f820055b561ece45e1009	af82
t-v2-bit-9-7	t	fc51cd8e6218a1a38da47ed00230f0580816ed13ba3303ac5deb911548908025	dfa2cba34b611cc8c8b3a6ea83b8eb1bb5e2ef2dd1b0c481bc42ff36ae7847f6ab52b976cfd5def172fa412defde270c8b8bdfbaae1c7ece17d9833b1bcf31064fff78ef493f820055b561ece45e1009	af82
t-v2-bit-10-0	t	fc51cd8e6218a1a38da47ed00230f0580816ed13ba3303ac5deb911548908025	dfa2cba34b611cc8c833a7ea83b8eb1bb5e2ef2dd1b0c481bc42ff36ae7847f6ab52b976cfd5def172fa412defde270c8b8bdfbaae1c7ece17d9833b1bcf31064fff78ef493f820055b561ece45e1009	af82
t-v2-bit-10-1	t	fc51cd8e6218a1a38da47ed00230f0580816ed13ba3303ac5deb911548908025	dfa2cba34b611cc8c833a4ea83b8eb1bb5e2ef2dd1b0c481bc42ff36ae7847f6ab52b976cfd5def172fa412defde270c8b8bdfbaae1c7ece17d9833b1bcf31064fff78ef493f820055b561ece45e1009	af82
t-v2-bit-10-2	t	fc51cd8e6218a1a38da47ed00230f0580816ed13ba3303ac5deb911548908025	dfa2cba34b611cc8c833a2ea83b8eb1bb5e2ef2dd1b0c481bc42ff36ae7847f6ab52b976cfd5def172fa412defde270c8b8bdfbaae1c7ece17d9833b1bcf31064fff78ef493f820055b561ece45e1009	af82
t-v2-bit-10-3	t	fc51cd8e6218a1a38da47ed00230f0580816ed13ba3303ac5deb911548908025	dfa2cba34b611cc8c833aeea83b8eb1bb5e2ef2dd1b0c481bc42ff36ae7847f6ab52b976cfd5def172fa412defde270c8b8bdfbaae1c7ece17d9833b1bcf31064fff78ef493f820055b561ece45e1009	af82
t-v2-bit-10-4	t	fc51cd8e6218a1a38da47ed00230f0580816ed13ba3303ac5deb911548908025	dfa2cba34b611cc8c833b6ea83b8eb1bb5e2ef2dd1b0c481bc42ff36ae7847f6ab52b976cfd5def172fa412defde270c8b8bdfbaae1c7ece17d9833b1bcf31064fff78ef493f820055b561ece45e1009	af82
t-v2-bit-10-5	t	fc51cd8e6218a1a38da47ed00230f0580816ed13ba3303ac5deb911548908025	dfa2cba34b611cc8c83386ea83b8eb1bb5e2ef2dd1b0c481bc42ff36ae7847f6ab52b976cfd5def172fa412defde270c8b8bdfbaae1c7ece17d9833b1bcf31064fff78ef493f820055b561ece45e1009	af82
t-v2-bit-10-6	t	fc51cd8e6218a1a38da47ed00230f0580816ed13ba3303ac5deb911548908025	dfa2cba34b611cc8c833e6ea83b8eb1bb5e2ef2dd1b0c481bc42ff36ae7847f6ab52b976cfd5def172fa412defde270c8b8bdfbaae1c7ece17d9833b1bcf31064fff78ef493f820055b561ece45e1009	af82
t-v2-bit-10-7	t	fc51cd8e6218a1a38da47ed00230f0580816ed13ba3303ac5deb911548908025	dfa2cba34b611cc8c83326ea83b8eb1bb5e2ef2dd1b0c481bc42ff36ae7847f6ab52b976cfd5def172fa412defde270c8b8bdfbaae1c7ece17d9833b1bcf31064fff78ef493f820055b561ece45e1009	af82
t-v2-bit-11-0	t	fc51cd8e6218a1a38da47ed00230f0580816ed13ba3303ac5deb911548908025	dfa2cba34b611cc8c833a6eb83b8eb1bb5e2ef2dd1b0c481bc42ff36ae7847f6ab52b976cfd5def172fa412defde270c8b8bdfbaae1c7ece17d9833b1bcf31064fff78ef493f820055b561ece45e1009	af82
t-v2-bit-11-1	t	fc51cd8e6218a1a38da47ed00230f0580816ed13ba3303ac5deb911548908025	dfa2cba34b611cc8c833a6e883b8eb1bb5e2ef2dd1b0c481bc42ff36ae7847f6ab52b976cfd5def172fa412defde270c8b8bdfbaae1c7ece17d9833b1bcf31064fff78ef493f820055b561ece45e1009	af82
t-v2-bit-11-2	t	fc51cd8e6218a1a38da47ed00230f0580816ed13ba3303ac5deb911548908025	dfa2cba34b611cc8c833a6ee83b8eb1bb5e2ef2dd1b0c481bc42ff36ae7847f6ab52b976cfd5def172fa412defde270c8b8bdfbaae1c7ece17d9833b1bcf31064fff78ef493f820055b561ece45e1009	af82
t-v2-bit-11-3	t	fc51cd8e6218a1a38da47ed00230f0580816ed13ba3303ac5deb911548908025	dfa2cba34b611cc8c833a6e283b8eb1bb5e2ef2dd1b0c481bc42ff36ae7847f6ab52b976cfd5def172fa412defde270c8b8bdfbaae1c7ece17d9833b1bcf31064fff78ef493f820055b561ece45e1009	af82
t-v2-bit-11-4	t	fc51cd8e6218a1a38da47ed00230f0580816ed13ba3303ac5deb911548908025	dfa2cba34b611cc8c833a6fa83b8eb1bb5e2ef2dd1b0c481bc42ff36ae7847f6ab52b976cfd5def172fa412defde270c8b8bdfbaae1c7ece17d9833b1bcf31064fff78ef493f820055b561ece45e1009	af82
t-v2-bit-11-5	t	fc51cd8e6218a1a38da47ed00230f0580816ed13ba3303ac5deb911548908025	dfa2cba34b611cc8c833a6ca83b8eb1bb5e2ef2dd1b0c481bc42ff36ae7847f6ab52b976cfd5def172fa412defde270c8b8bdfbaae1c7ece17d9833b1bcf31064fff78ef493f820055b561ece45e1009	af82
t-v2-bit-11-6	t	fc51cd8e6218a1a38da47ed00230f0580816ed13ba3303ac5deb911548908025	dfa2cba34b611cc8c833a6aa83b8eb1bb5e2ef2dd1b0c481bc42ff36ae7847f6ab52b976cfd5def172fa412defde270c8b8bdfbaae1c7ece17d9833b1bcf31064fff78ef493f820055b561ece45e1009	af82
t-v2-bit-11-7	t	fc51cd8e6218a1a38da47ed00230f0580816ed13ba3303ac5deb911548908025	dfa2cba34b611cc8c833a66a83b8eb1bb5e2ef2dd1b0c481bc42ff36ae7847f6ab52b976cfd5def172fa412defde270c8b8bdfbaae1c7ece17d9833b1bcf31064fff78ef493f820055b561ece45e1009	af82
t-v2-bit-12-0	t	fc51cd8e6218a1a38da47ed00230f0580816ed13ba3303ac5deb911548908025	dfa2cba34b611cc8c833a6ea82b8eb1bb5e2ef2dd1b0c481bc42ff36ae7847f6ab52b976cfd5def172fa412defde270c8b8bdfbaae1c7ece17d9833b1bcf31064fff78ef493f820055b561ece45e1009	af82
t-v2-bit-12-1	t	fc51cd8e6218a1a38da47ed00230f0580816ed13ba3303ac5deb911548908025	dfa2cba34b611cc8c833a6ea81b8eb1bb5e2ef2dd1b0c481bc42ff36ae7847f6ab52b976cfd5def172fa412defde270c8b8bdfbaae1c7ece17d9833b1bcf31064fff78ef493f820055b561ece45e1009	af82
t-v2-bit-12-2	t	fc51cd8e6218a1a38da47ed00230f0580816ed13ba3303ac5deb911548908025	dfa2cba34b611cc8c833a6ea87b8eb1bb5e2ef2dd1b0c481bc42ff36ae7847f6ab52b976cfd5def172fa412defde270c8b8bdfbaae1c7ece17d9833b1bcf31064fff78ef493f820055b561ece45e1009	af82
t-v2-bit-12-3	t	fc51cd8e6218a1a38da47ed00230f0580816ed13ba3303ac5deb911548908025	dfa2cba34b611cc8c833a6ea8bb8eb1bb5e2ef2dd1b0c481bc42ff36ae7847f6ab52b976cfd5def172fa412defde270c8b8bdfbaae1c7ece17d9833b1bcf31064fff78ef493f820055b561ece45e1009	af82
t-v2-bit-12-4	t	fc51cd8e6218a1a38da47ed00230f0580816ed13ba3303ac5deb911548908025	dfa2cba34b611cc8c833a6ea93b8eb1bb5e2ef2dd1b0c481bc42ff36ae7847f6ab52b976cfd5def172fa412defde270c8b8bdfbaae1c7ece17d9833b1bcf31064fff78ef493f820055b561ece45e1009	af82
t-v2-bit-12-5	t	fc51cd8e6218a1a38da47ed00230f0580816ed13ba3303ac5deb911548908025	dfa2cba34b611cc8c833a6eaa3b8eb1bb5e2ef2dd1b0c481bc42ff36ae7847f6ab52b976cfd5def172fa412defde270c8b8bdfbaae1c7ece17d9833b1bcf31064fff78ef493f820055b561ece45e1009	af82
t-v2-bit-12-6	t	fc51cd8e6218a1a38da47ed00230f0580816ed13ba3303ac5deb911548908025	dfa2cba34b611cc8c833a6eac3b8eb1bb5e2ef2dd1b0c481bc42ff36ae7847f6ab52b976cfd5def172fa412defde270c8b8bdfbaae1c7ece17d9833b1bcf31064fff78ef493f820055b561ece45e1009	af82
t-v2-bit-12-7	t	fc51cd8e6218a1a38da47ed00230f0580816ed13ba3303ac5deb911548908025	dfa2cba34b611cc8c833a6ea03b8eb1bb5e2ef2dd1b0c481bc42ff36ae7847f6ab52b976cfd5def172fa412defde270c8b8bdfbaae1c7ece17d9833b1bcf31064fff78ef493f820055b561ece45e1009	af82
t-v2-bit-13-0	t	fc51cd8e6218a1a38da47ed00230f0580816ed13ba3303ac5deb911548908025	dfa2cba34b611cc8c833a6ea83b9eb1bb5e2ef2dd1b0c481bc42ff36ae7847f6ab52b976cfd5def172fa412defde270c8b8bdfbaae1c7ece17d9833b1bcf31064fff78ef493f820055b561ece45e1009	af82
t-v2-bit-13-1	t	fc51cd8e6218a1a38da47ed00230f0580816ed13ba3303ac5deb911548908025	dfa2cba34b611cc8c833a6ea83baeb1bb5e2ef2dd1b0c481bc42ff36ae7847f6ab52b976cfd5def172fa412defde270c8b8bdfbaae1c7ece17d9833b1bcf31064fff78ef493f820055b561ece45e1009	af82
t-v2-bit-13-2	t	fc51cd8e6218a1a38da47ed00230f0580816ed13ba3303ac5deb911548908025	dfa2cba34b611cc8c833a6ea83bceb1bb5e2ef2dd1b0c481bc42ff36ae7847f6ab52b976cfd5def172fa412defde270c8b8bdfbaae1c7ece17d9833b1bcf31064fff78ef493f820055b561ece45e1009	af82
t-v2-bit-13-3	t	fc51cd8e6218a1a38da47ed00230f0580816ed13ba3303ac5deb911548908025	dfa2cba34b611cc8c833a6ea83b0eb1bb5e2ef2dd1b0c481bc42ff36ae7847f6ab52b976cfd5def172fa412defde270c8b8bdfbaae1c7ece17d9833b1bcf31064fff78ef493f820055b561ece45e1009	af82
t-v2-bit-13-4	t	fc51cd8e6218a1a38da47ed00230f0580816ed13ba3303ac5deb911548908025	dfa2cba34b611cc8c833a6ea83a8eb1bb5e2ef2dd1b0c481bc42ff36ae7847f6ab52b976cfd5def172fa412defde270c8b8bdfbaae1c7ece17d9833b1bcf31064fff78ef493f820055b561ece45e1009	af82
t-v2-bit-13-5	t	fc51cd8e6218a1a38da47ed00230f0580816ed13ba3303ac5deb911548908025	dfa2cba34b611cc8c833a6ea8398eb1bb5e2ef2dd1b0c481bc42ff36ae7847f6ab52b976cfd5def172fa412defde270c8b8bdfbaae1c7ece17d9833b1bcf31064fff78ef493f820055b561ece45e1009	af82
t-v2-bit-13-6	t	fc51cd8e6218a1a38da47ed00230f0580816ed13ba3303ac5deb911548908025	dfa2cba34b611cc8c833a6ea83f8eb1bb5e2ef2dd1b0c481bc42ff36ae7847f6ab52b976cfd5def172fa412defde270c8b8bdfbaae1c7ece17d9833b1bcf31064fff78ef493f820055b561ece45e1009	af82
t-v2-bit-13-7	t	fc51cd8e6218a1a38da47ed00230f0580816ed13ba3303ac5deb911548908025	dfa2cba34b611cc8c833a6ea8338eb1bb5e2ef2dd1b0c481bc42ff36ae7847f6ab52b976cfd5def172fa412defde270c8b8bdfbaae1c7ece17d9833b1bcf31064fff78ef493f820055b561ece45e1009	af82
t-v2-bit-14-0	t	fc51cd8e6218a1a38da47ed00230f0580816ed13ba3303ac5deb911548908025	dfa2cba34b611cc8c833a6ea83b8ea1bb5e2ef2dd1b0c481bc42ff36ae7847f6ab52b976cfd5def172fa412defde270c8b8bdfbaae1c7ece17d9833b1bcf31064fff78ef493f820055b561ece45e1009	af82
t-v2-bit-14-1	t	fc51cd8e6218a1a38da47ed00230f0580816ed13ba3303ac5deb911548908025	dfa2cba34b611cc8c833a6ea83b8e91bb5e2ef2dd1b0c481bc42ff36ae7847f6ab52b976cfd5def172fa412defde270c8b8bdfbaae1c7ece17d9833b1bcf31064fff78ef493f820055b561ece45e1009	af82
t-v2-bit-14-2	t	fc51cd8e6218a1a38da47ed00230f0580816ed13ba3303ac5deb911548908025	dfa2cba34b611cc8c833a6ea83b8ef1bb5e2ef2dd1b0c481bc42ff36ae7847f6ab52b976cfd5def172fa412defde270c8b8bdfbaae1c7ece17d9833b1bcf31064fff78ef493f820055b561ece45e1009	af82
t-v2-bit-14-3	t	fc51cd8e6218a1a38da47ed00230f0580816ed13ba3303ac5deb911548908025	dfa2cba34b611cc8c833a6ea83b8e31bb5e2ef2dd1b0c481bc42ff36ae7847f6ab52b976cfd5def172fa412defde270c8b8bdfbaae1c7ece17d9833b1bcf31064fff78ef493f820055b561ece45e1009	af82
t-v2-bit-14-4	t	fc51cd8e6218a1a38da47ed00230f0580816ed13ba3303ac5deb911548908025	dfa2cba34b611cc8c833a6ea83b8fb1bb5e2ef2dd1b0c481bc42ff36ae7847f6ab52b976cfd5def172fa412defde270c8b8bdfbaae1c7ece17d9833b1bcf31064fff78ef493f820055b561ece45e1009	af82
t-v2-bit-14-5	t	fc51cd8e6218a1a38da47ed00230f0580816ed13ba3303ac5deb911548908025	dfa2cba34b611cc8c833a6ea83b8cb1bb5e2ef2dd1b0c481bc42ff36ae7847f6ab52b976cfd5def172fa412defde270c8b8bdfbaae1c7ece17d9833b1bcf31064fff78ef493f820055b561ece45e1009	af82
t-v2-bit-14-6	t	fc51cd8e6218a1a38da47ed00230f0580816ed13ba3303ac5deb911548908025	dfa2cba34b611cc8c833a6ea83b8ab1bb5e2ef2dd1b0c481bc42ff36ae7847f6ab52b976cfd5def172fa412defde270c8b8bdfbaae1c7ece17d9833b1bcf31064fff78ef493f820055b561ece45e1009	af82
t-v2-bit-14-7	t	fc51cd8e6218a1a38da47ed00230f0580816ed13ba3303ac5deb911548908025	dfa2cba34b611cc8c833a6ea83b86b1bb5e2ef2dd1b0c481bc42ff36ae7847f6ab52b976cfd5def172fa412defde270c8b8bdfbaae1c7ece17d9833b1bcf31064fff78ef493f820055b561ece45e1009	af82
t-v2-bit-15-0	t	fc51cd8e6218a1a38da47ed00230f0580816ed13ba3303ac5deb911548908025	dfa2cba34b611cc8c833a6ea83b8eb1ab5e2ef2dd1b0c481bc42ff36ae7847f6ab52b976cfd5def172fa412defde270c8b8bdfbaae1c7ece17d9833b1bcf31064fff78ef493f820055b561ece45e1009	af82
t-v2-bit-15-1	t	fc51cd8e6218a1a38da47ed00230f0580816ed13ba3303ac5deb911548908025	dfa2cba34b611cc8c833a6ea83b8eb19b5e2ef2dd1b0c481bc42ff36ae7847f6ab52b976cfd5def172fa412defde270c8b8bdfbaae1c7ece17d9833b1bcf31064fff78ef493f820055b561ece45e1009	af82
t-v2-bit-15-2	t	fc51cd8e6218a1a38da47ed00230f0580816ed13ba3303ac5deb911548908025	dfa2cba34b611cc8c833a6ea83b8eb1fb5e2ef2dd1b0c481bc42ff36ae7847f6ab52b976cfd5def172fa412defde270c8b8bdfbaae1c7ece17d9833b1bcf31064fff78ef493f820055b561ece45e1009	af82
t-v2-bit-15-3	t	fc51cd8e6218a1a38da47ed00230f0580816ed13ba3303ac5deb911548908025	dfa2cba34b611cc8c833a6ea83b8eb13b5e2ef2dd1b0c481bc42ff36ae7847f6ab52b976cfd5def172fa412defde270c8b8bdfbaae1c7ece17d9833b1bcf31064fff78ef493f820055b561ece45e1009	af82
t-v2-bit-15-4	t	fc51cd8e6218a1a38da47ed00230f0580816ed13ba3303ac5deb911548908025	dfa2cba34b611cc8c833a6ea83b8eb0bb5e2ef2dd1b0c481bc42ff36ae7847f6ab52b976cfd5def172fa412defde270c8b8bdfbaae1c7ece17d9833b1bcf31064fff78ef493f820055b561ece45e1009	af82
t-v2-bit-15-5	t	fc51cd8e6218a1a38da47ed00230f0580816ed13ba3303ac5deb911548908025	dfa2cba34b611cc8c833a6ea83b8eb3bb5e2ef2dd1b0c481bc42ff36ae7847f6ab52b976cfd5def172fa412defde270c8b8bdfbaae1c7ece17d9833b1bcf31064fff78ef493f820055b561ece45e1009	af82
t-v2-bit-15-6	t	fc51cd8e6218a1a38da47ed00230f0580816ed13ba3303ac5deb911548908025	dfa2cba34b611cc8c833a6ea83b8eb5bb5e2ef2dd1b0c481bc42ff36ae7847f6ab52b976cfd5def172fa412defde270c8b8bdfbaae1c7ece17d9833b1bcf31064fff78ef493f820055b561ece45e1009	af82
t-v2-bit-15-7	t	fc51cd8e6218a1a38da47ed00230f0580816ed13ba3303ac5deb911548908025	dfa2cba34b611cc8c833a6ea83b8eb9bb5e2ef2dd1b0c481bc42ff36ae7847f6ab52b976cfd5def172fa412defde270c8b8bdfbaae1c7ece17d9833b1bcf31064fff78ef493f820055b561ece45e1009	af82
t-v2-bit-16-0	t	fc51cd8e6218a1a38da47ed00230f0580816ed13ba3303ac5deb911548908025	dfa2cba34b611cc8c833a6ea83b8eb1bb4e2ef2dd1b0c481bc42ff36ae7847f6ab52b976cfd5def172fa412defde270c8b8bdfbaae1c7ece17d9833b1bcf31064fff78ef493f820055b561ece45e1009	af82
t-v2-bit-16-1	t	fc51cd8e6218a1a38da47ed00230f0580816ed13ba3303ac5deb911548908025	dfa2cba34b611cc8c833a6ea83b8eb1bb7e2ef2dd1b0c481bc42ff36ae7847f6ab52b976cfd5def172fa412defde270c8b8bdfbaae1c7ece17d9833b1bcf31064fff78ef493f820055b561ece45e1009	af82
t-v2-bit-16-2	t	fc51cd8e6218a1a38da47ed00230f0580816ed13ba3303ac5deb911548908025	dfa2cba34b611cc8c833a6ea83b8eb1bb1e2ef2dd1b0c481bc42ff36ae7847f6ab52b976cfd5def172fa412defde270c8b8bdfbaae1c7ece17d9833b1bcf31064fff78ef493f820055b561ece45e1009	af82
t-v2-bit-16-3	t	fc51cd8e6218a1a38da47ed00230f0580816ed13ba3303ac5deb911548908025	dfa2cba34b611cc8c833a6ea83b8eb1bbde2ef2dd1b0c481bc42ff36ae7847f6ab52b976cfd5def172fa412defde270c8b8bdfbaae1c7ece17d9833b1bcf31064fff78ef493f820055b561ece45e1009	af82
t-v2-bit-16-4	t	fc51cd8e6218a1a38da47ed00230f0580816ed13ba3303ac5deb911548908025	dfa2cba34b611cc8c833a6ea83b8eb1ba5e2ef2dd1b0c481bc42ff36ae7847f6ab52b976cfd5def172fa412defde270c8b8bdfbaae1c7ece17d9833b1bcf31064fff78ef493f820055b561ece45e1009	af82
t-v2-bit-16-5	t	fc51cd8e6218a1a38da47ed00230f0580816ed13ba3303ac5deb911548908025	dfa2cba34b611cc8c833a6ea83b8eb1b95e2ef2dd1b0c481bc42ff36ae7847f6ab52b976cfd5def172fa412defde270c8b8bdfbaae1c7ece17d9833b1bcf31064fff78ef493f820055b561ece45e1009	af82
t-v2-bit-16-6	t	fc51cd8e6218a1a38da47ed00230f0580816ed13ba3303ac5deb911548908025	dfa2cba34b611cc8c833a6ea83b8eb1bf5e2ef2dd1b0c481bc42ff36ae7847f6ab52b976cfd5def172fa412defde270c8b8bdfbaae1c7ece17d9833b1bcf31064fff78ef493f820055b561ece45e1009	af82
t-v2-bit-16-7	t	fc51cd8e6218a1a38da47ed00230f0580816ed13ba3303ac5deb911548908025	dfa2cba34b611cc8c833a6ea83b8eb1b35e2ef2dd1b0c481bc42ff36ae7847f6ab52b976cfd5def172fa412defde270c8b8bdfbaae1c7ece17d9833b1bcf31064fff78ef493f820055b561ece45e1009	af82
t-v2-bit-17-0	t	fc51cd8e6218a1a38da47ed00230f0580816ed13ba3303ac5deb911548908025	dfa2cba34b611cc8c833a6ea83b8eb1bb5e3ef2dd1b0c481bc42ff36ae7847f6ab52b976cfd5def172fa412defde270c8b8bdfbaae1c7ece17d9833b1bcf31064fff78ef493f820055b561ece45e1009	af82
t-v2-bit-17-1	t	fc51cd8e6218a1a38da47ed00230f0580816ed13ba3303ac5deb911548908025	dfa2cba34b611cc8c833a6ea83b8eb1bb5e0ef2dd1b0c481bc42ff36ae7847f6ab52b976cfd5def172fa412defde270c8b8bdfbaae1c7ece17d9833b1bcf31064fff78ef493f820055b561ece45e1009	af82
t-v2-bit-17-2	t	fc51cd8e6218a1a38da47ed00230f0580816ed13ba3303ac5deb911548908025	dfa2cba34b611cc8c833a6ea83b8eb1bb5e6ef2dd1b0c481bc42ff36ae7847f6ab52b976cfd5def172fa412defde270c8b8bdfbaae1c7ece17d9833b1bcf31064fff78ef493f820055b561ece45e1009	af82
t-v2-bit-17-3	t	fc51cd8e6218a1a38da47ed00230f0580816ed13ba3303ac5deb911548908025	dfa2cba34b611cc8c833a6ea83b8eb1bb5eaef2dd1b0c481bc42ff36ae7847f6ab52b976cfd5def172fa412defde270c8b8bdfbaae1c7ece17d9833b1bcf31064fff78ef493f820055b561ece45e1009	af82
t-v2-bit-17-4	t	fc51cd8e6218a1a38da47ed00230f0580816ed13ba3303ac5deb911548908025	dfa2cba34b611cc8c833a6ea83b8eb1bb5f2ef2dd1b0c481bc42ff36ae7847f6ab52b976cfd5def172fa412defde270c8b8bdfbaae1c7ece17d9833b1bcf31064fff78ef493f820055b561ece45e1009	af82
t-v2-bit-17-5	t	fc51cd8e6218a1a38da47ed00230f0580816ed13ba3303ac5deb911548908025	dfa2cba34b611cc8c833a6ea83b8eb1bb5c2ef2dd1b0c481bc42ff36ae7847f6ab52b976cfd5def172fa412defde270c8b8bdfbaae1c7ece17d9833b1bcf31064fff78ef493f820055b561ece45e1009	af82
t-v2-bit-17-6	t	fc51cd8e6218a1a38da47ed00230f0580816ed13ba3303ac5deb911548908025	dfa2cba34b611cc8c833a6ea83b8eb1bb5a2ef2dd1b0c481bc42ff36ae7847f6ab52b976cfd5def172fa412defde270c8b8bdfbaae1c7ece17d9833b1bcf31064fff78ef493f820055b561ece45e1009	af82
t-v2-bit-17-7	t	fc51cd8e6218a1a38da47ed00230f0580816ed13ba3303ac5deb911548908025	dfa2cba34b611cc8c833a6ea83b8eb1bb562ef2dd1b0c481bc42ff36ae7847f6ab52b976cfd5def172fa412defde270c8b8bdfbaae1c7ece17d9833b1bcf31064fff78ef493f820055b561ece45e1009	af82
t-v2-bit-18-0	t	fc51cd8e6218a1a38da47ed00230f0580816ed13ba3303ac5deb911548908025	dfa2cba34b611cc8c833a6ea83b8eb1bb5e2ee2dd1b0c481bc42ff36ae7847f6ab52b976cfd5def172fa412defde270c8b8bdfbaae1c7ece17d9833b1bcf31064fff78ef493f820055b561ece45e1009	af82
t-v2-bit-18-1	t	fc51cd8e6218a1a38da47ed00230f0580816ed13ba3303ac5deb911548908025	dfa2cba34b611cc8c833a6ea83b8eb1bb5e2ed2dd1b0c481bc42ff36ae7847f6ab52b976cfd5def172fa412defde270c8b8bdfbaae1c7ece17d9833b1bcf31064fff78ef493f820055b561ece45e1009	af82
t-v2-bit-18-2	t	fc51cd8e6218a1a38da47ed00230f0580816ed13ba3303ac5deb911548908025	dfa2cba34b611cc8c833a6ea83b8eb1bb5e2eb2dd1b0c481bc42ff36ae7847f6ab52b976cfd5def172fa412defde270c8b8bdfbaae1c7ece17d9833b1bcf31064fff78ef493f820055b561ece45e1009	af82
t-v2-bit-18-3	t	fc51cd8e6218a1a38da47ed00230f0580816ed13ba3303ac5deb911548908025	dfa2cba34b611cc8c833a6ea83b8eb1bb5e2e72dd1b0c481bc42ff36ae7847f6ab52b976cfd5def172fa412defde270c8b8bdfbaae1c7ece17d9833b1bcf31064fff78ef493f820055b561ece45e1009	af82
t-v2-bit-18-4	t	fc51cd8e6218a1a38da47ed00230f0580816ed13ba3303ac5deb911548908025	dfa2cba34b611cc8c833a6ea83b8eb1bb5e2ff2dd1b0c481bc42ff36ae7847f6ab52b976cfd5def172fa412defde270c8b8bdfbaae1c7ece17d9833b1bcf31064fff78ef493f820055b561ece45e1009	af82
t-v2-bit-18-5	t	fc51cd8e6218a1a38da47ed00230f0580816ed13ba3303ac5deb911548908025	dfa2cba34b611cc8c833a6ea83b8eb1bb5e2cf2dd1b0c481bc42ff36ae7847f6ab52b976cfd5def172fa412defde270c8b8bdfbaae1c7ece17d9833b1bcf31064fff78ef493f820055b561ece45e1009	af82
t-v2-bit-18-6	t	fc51cd8e6218a1a38da47ed00230f0580816ed13ba3303ac5deb911548908025	dfa2cba34b611cc8c833a6ea83b8eb1bb5e2af2dd1b0c481bc42ff36ae7847f6ab52b976cfd5def172fa412defde270c8b8bdfbaae1c7ece17d9833b1bcf31064fff78ef493f820055b561ece45e1009	af82
t-v2-bit-18-7	t	fc51cd8e6218a1a38da47ed00230f0580816ed13ba3303ac5deb911548908025	dfa2cba34b611cc8c833a6ea83b8eb1bb5e26f2dd1b0c481bc42ff36ae7847f6ab52b976cfd5def172fa412defde270c8b8bdfbaae1c7ece17d9833b1bcf31064fff78ef493f820055b561ece45e1009	af82
t-v2-bit-19-0	t	fc51cd8e6218a1a38da47ed00230f0580816ed13ba3303ac5deb911548908025	dfa2cba34b611cc8c833a6ea83b8eb1bb5e2ef2cd1b0c481bc42ff36ae7847f6ab52b976cfd5def172fa412defde270c8b8bdfbaae1c7ece17d9833b1bcf31064fff78ef493f820055b561ece45e1009	af82
t-v2-bit-19-1	t	fc51cd8e6218a1a38da47ed00230f0580816ed13ba3303ac5deb911548908025	dfa2cba34b611cc8c833a6ea83b8eb1bb5e2ef2fd1b0c481bc42ff36ae7847f6ab52b976cfd5def172fa412defde270c8b8bdfbaae1c7ece17d9833b1bcf31064fff78ef493f820055b561ece45e1009	af82
t-v2-bit-19-2	t	fc51cd8e6218a1a38da47ed00230f0580816ed13ba3303ac5deb911548908025	dfa2cba34b611cc8c833a6ea83b8eb1bb5e2ef29d1b0c481bc42ff36ae7847f6ab52b976cfd5def172fa412defde270c8b8bdfbaae1c7ece17d9833b1bcf31064fff78ef493f820055b561ece45e1009	af82
t-v2-bit-19-3	t	fc51cd8e6218a1a38da47ed00230f0580816ed13ba3303ac5deb911548908025	dfa2cba34b611cc8c833a6ea83b8eb1bb5e2ef25d1b0c481bc42ff36ae7847f6ab52b976cfd5def172fa412defde270c8b8bdfbaae1c7ece17d9833b1bcf31064fff78ef493f820055b561ece45e1009	af82
t-v2-bit-19-4	t	fc51cd8e6218a1a38da47ed00230f0580816ed13ba3303ac5deb911548908025	dfa2cba34b611cc8c833a6ea83b8eb1bb5e2ef3dd1b0c481bc42ff36ae7847f6ab52b976cfd5def172fa412defde270c8b8bdfbaae1c7ece17d9833b1bcf31064fff78ef493f820055b561ece45e1009	af82
t-v2-bit-19-5	t	fc51cd8e6218a1a38da47ed00230f0580816ed13ba3303ac5deb911548908025	dfa2cba34b611cc8c833a6ea83b8eb1bb5e2ef0dd1b0c481bc42ff36ae7847f6ab52b976cfd5def172fa412defde270c8b8bdfbaae1c7ece17d9833b1bcf31064fff78ef493f820055b561ece45e1009	af82
t-v2-bit-19-6	t	fc51cd8e6218a1a38da47ed00230f0580816ed13ba3303ac5deb911548908025	dfa2cba34b611cc8c833a6ea83b8eb1bb5e2ef6dd1b0c481bc42ff36ae7847f6ab52b976cfd5def172fa412defde270c8b8bdfbaae1c7ece17d9833b1bcf31064fff78ef493f820055b561ece45e1009	af82
t-v2-bit-19-7	t	fc51cd8e6218a1a38da47ed00230f0580816ed13ba3303ac5deb911548908025	dfa2cba34b611cc8c833a6ea83b8eb1bb5e2efadd1b0c481bc42ff36ae7847f6ab52b976cfd5def172fa412defde270c8b8bdfbaae1c7ece17d9833b1bcf31064fff78ef493f820055b561ece45e1009	af82
t-v2-bit-20-0	t	fc51cd8e6218a1a38da47ed00230f0580816ed13ba3303ac5deb911548908025	dfa2cba34b611cc8c833a6ea83b8eb1bb5e2ef2dd0b0c481bc42ff36ae7847f6ab52b976cfd5def172fa412defde270c8b8bdfbaae1c7ece17d9833b1bcf31064fff78ef493f820055b561ece45e1009	af82
t-v2-bit-20-1	t	fc51cd8e6218a1a38da47ed00230f0580816ed13ba3303ac5deb911548908025	dfa2cba34b611cc8c833a6ea83b8eb1bb5e2ef2dd3b0c481bc42ff36ae7847f6ab52b976cfd5def172fa412defde270c8b8bdfbaae1c7ece17d9833b1bcf31064fff78ef493f820055b561ece45e1009	af82
t-v2-bit-20-2	t	fc51cd8e6218a1a38da47ed00230f0580816ed13ba3303ac5deb911548908025	dfa2cba34b611cc8c833a6ea83b8eb1bb5e2ef2dd5b0c481bc42ff36ae7847f6ab52b976cfd5def172fa412defde270c8b8bdfbaae1c7ece17d9833b1bcf31064fff78ef493f820055b561ece45e1009	af82
t-v2-bit-20-3	t	fc51cd8e6218a1a38da47ed00230f0580816ed13ba3303ac5deb911548908025	dfa2cba34b611cc8c833a6ea83b8eb1bb5e2ef2dd9b0c481bc42ff36ae7847f6ab52b976cfd5def172fa412defde270c8b8bdfbaae1c7ece17d9833b1bcf31064fff78ef493f820055b561ece45e1009	af82
t-v2-bit-20-4	t	fc51cd8e6218a1a38da47ed00230f0580816ed13ba3303ac5deb911548908025	dfa2cba34b611cc8c833a6ea83b8eb1bb5e2ef2dc1b0c481bc42ff36ae7847f6ab52b976cfd5def172fa412defde270c8b8bdfbaae1c7ece17d9833b1bcf31064fff78ef493f820055b561ece45e1009	af82
t-v2-bit-20-5	t	fc51cd8e6218a1a38da47ed00230f0580816ed13ba3303ac5deb911548908025	dfa2cba34b611cc8c833a6ea83b8eb1bb5e2ef2df1b0c481bc42ff36ae7847f6ab52b976cfd5def172fa412defde270c8b8bdfbaae1c7ece17d9833b1bcf31064fff78ef493f820055b561ece45e1009	af82
t-v2-bit-20-6	t	fc51cd8e6218a1a38da47ed00230f0580816ed13ba3303ac5deb911548908025	dfa2cba34b611cc8c833a6ea83b8eb1bb5e2ef2d91b0c481bc42ff36ae7847f6ab52b976cfd5def172fa412defde270c8b8bdfbaae1c7ece17d9833b1bcf31064fff78ef493f820055b561ece45e1009	af82
t-v2-bit-20-7	t	fc51cd8e6218a1a38da47ed00230f0580816ed13ba3303ac5deb911548908025	dfa2cba34b611cc8c833a6ea83b8eb1bb5e2ef2d51b0c481bc42ff36ae7847f6ab52b976cfd5def172fa412defde270c8b8bdfbaae1c7ece17d9833b1bcf31064fff78ef493f820055b561ece45e1009	af82
t-v2-bit-21-0	t	fc51cd8e6218a1a38da47ed00230f0580816ed13ba3303ac5deb911548908025	dfa2cba34b611cc8c833a6ea83b8eb1bb5e2ef2dd1b1c481bc42ff36ae7847f6ab52b976cfd5def172fa412defde270c8b8bdfbaae1c7ece17d9833b1bcf31064fff78ef493f820055b561ece45e1009	af82
t-v2-bit-21-1	t	fc51cd8e6218a1a38da47ed00230f0580816ed13ba3303ac5deb911548908025	dfa2cba34b611cc8c833a6ea83b8eb1bb5e2ef2dd1b2c481bc42ff36ae7847f6ab52b976cfd5def172fa412defde270c8b8bdfbaae1c7ece17d9833b1bcf31064fff78ef493f820055b561ece45e1009	af82
t-v2-bit-21-2	t	fc51cd8e6218a1a38da47ed00230f0580816ed13ba3303ac5deb911548908025	dfa2cba34b611cc8c833a6ea83b8eb1bb5e2ef2dd1b4c481bc42ff36ae7847f6ab52b976cfd5def172fa412defde270c8b8bdfbaae1c7ece17d9833b1bcf31064fff78ef493f820055b561ece45e1009	af82
t-v2-bit-21-3	t	fc51cd8e6218a1a38da47ed00230f0580816ed13ba3303ac5deb911548908025	dfa2cba34b611cc8c833a6ea83b8eb1bb5e2ef2dd1b8c481bc42ff36ae7847f6ab52b976cfd5def172fa412defde270c8b8bdfbaae1c7ece17d9833b1bcf31064fff78ef493f820055b561ece45e1009	af82
t-v2-bit-21-4	t	fc51cd8e6218a1a38da47ed00230f0580816ed13ba3303ac5deb911548908025	dfa2cba34b611cc8c833a6ea83b8eb1bb5e2ef2dd1a0c481bc42ff36ae7847f6ab52b976cfd5def172fa412defde270c8b8bdfbaae1c7ece17d9833b1bcf31064fff78ef493f820055b561ece45e1009	af82
t-v2-bit-21-5	t	fc51cd8e6218a1a38da47ed00230f0580816ed13ba3303ac5deb911548908025	dfa2cba34b611cc8c833a6ea83b8eb1bb5e2ef2dd190c481bc42ff36ae7847f6ab52b976cfd5def172fa412defde270c8b8bdfbaae1c7ece17d9833b1bcf31064fff78ef493f820055b561ece45e1009	af82
t-v2-bit-21-6	t	fc51cd8e6218a1a38da47ed00230f0580816ed13ba3303ac5deb911548908025	dfa2cba34b611cc8c833a6ea83b8eb1bb5e2ef2dd1f0c481bc42ff36ae7847f6ab52b976cfd5def172fa412defde270c8b8bdfbaae1c7ece17d9833b1bcf31064fff78ef493f820055b561ece45e1009	af82
t-v2-bit-21-7	t	fc51cd8e6218a1a38da47ed00230f0580816ed13ba3303ac5deb911548908025	dfa2cba34b611cc8c833a6ea83b8eb1bb5e2ef2dd130c481bc42ff36ae7847f6ab52b976cfd5def172fa412defde270c8b8bdfbaae1c7ece17d9833b1bcf31064fff78ef493f820055b561ece45e1009	af82
t-v2-bit-22-0	t	fc51cd8e6218a1a38da47ed00230f0580816ed13ba3303ac5deb911548908025	dfa2cba34b611cc8c833a6ea83b8eb1bb5e2ef2dd1b0c581bc42ff36ae7847f6ab52b976cfd5def172fa412defde270c8b8bdfbaae1c7ece17d9833b1bcf31064fff78ef493f820055b561ece45e1009	af82
t-v2-bit-22-1	t	fc51cd8e6218a1a38da47ed00230f0580816ed13ba3303ac5deb911548908025	dfa2cba34b611cc8c833a6ea83b8eb1bb5e2ef2dd1b0c681bc42ff36ae7847f6ab52b976cfd5def172fa412defde270c8b8bdfbaae1c7ece17d9833b1bcf31064fff78ef493f820055b561ece45e1009	af82
t-v2-bit-22-2	t	fc51cd8e6218a1a38da47ed00230f0580816ed13ba3303ac5deb911548908025	dfa2cba34b611cc8c833a6ea83b8eb1bb5e2ef2dd1b0c081bc42ff36ae7847f6ab52b976cfd5def172fa412defde270c8b8bdfbaae1c7ece17d9833b1bcf31064fff78ef493f820055b561ece45e1009	af82
t-v2-bit-22-3	t	fc51cd8e6218a1a38da47ed00230f0580816ed13ba3303ac5deb911548908025	dfa2cba34b611cc8c833a6ea83b8eb1bb5e2ef2dd1b0cc81bc42ff36ae7847f6ab52b976cfd5def172fa412defde270c8b8bdfbaae1c7ece17d9833b1bcf31064fff78ef493f820055b561ece45e1009	af82
t-v2-bit-22-4	t	fc51cd8e6218a1a38da47ed00230f0580816ed13ba3303ac5deb911548908025	dfa2cba34b611cc8c833a6ea83b8eb1bb5e2ef2dd1b0d481bc42ff36ae7847f6ab52b976cfd5def172fa412defde270c8b8bdfbaae1c7ece17d9833b1bcf31064fff78ef493f820055b561ece45e1009	af82
t-v2-bit-22-5	t	fc51cd8e6218a1a38da47ed00230f0580816ed13ba3303ac5deb911548908025	dfa2cba34b611cc8c833a6ea83b8eb1bb5e2ef2dd1b0e481bc42ff36ae7847f6ab52b976cfd5def172fa412defde270c8b8bdfbaae1c7ece17d9833b1bcf31064fff78ef493f820055b561ece45e1009	af82
t-v2-bit-22-6	t	fc51cd8e6218a1a38da47ed00230f0580816ed13ba3303ac5deb911548908025	dfa2cba34b611cc8c833a6ea83b8eb1bb5e2ef2dd1b08481bc42ff36ae7847f6ab52b976cfd5def172fa412defde270c8b8bdfbaae1c7ece17d9833b1bcf31064fff78ef493f820055b561ece45e1009	af82
t-v2-bit-22-7	t	fc51cd8e6218a1a38da47ed00230f0580816ed13ba3303ac5deb911548908025	dfa2cba34b611cc8c833a6ea83b8eb1bb5e2ef2dd1b04481bc42ff36ae7847f6ab52b976cfd5def172fa412defde270c8b8bdfbaae1c7ece17d9833b1bcf31064fff78ef493f820055b561ece45e1009	af82
t-v2-bit-23-0	t	fc51cd8e6218a1a38da47ed00230f0580816ed13ba3303ac5deb911548908025	dfa2cba34b611cc8c833a6ea83b8eb1bb5e2ef2dd1b0c480bc42ff36ae7847f6ab52b976cfd5def172fa412defde270c8b8bdfbaae1c7ece17d9833b1bcf31064fff78ef493f820055b561ece45e1009	af82
t-v2-bit-23-1	t	fc51cd8e6218a1a38da47ed00230f0580816ed13ba3303ac5deb911548908025	dfa2cba34b611cc8c833a6ea83b8eb1bb5e2ef2dd1b0c483bc42ff36ae7847f6ab52b976cfd5def172fa412defde270c8b8bdfbaae1c7ece17d9833b1bcf31064fff78ef493f820055b561ece45e1009	af82
t-v2-bit-23-2	t	fc51cd8e6218a1a38da47ed00230f0580816ed13ba3303ac5deb911548908025	dfa2cba34b611cc8c833a6ea83b8eb1bb5e2ef2dd1b0c485bc42ff36ae7847f6ab52b976cfd5def172fa412defde270c8b8bdfbaae1c7ece17d9833b1bcf31064fff78ef493f820055b561ece45e1009	af82
t-v2-bit-23-3	t	fc51cd8e6218a1a38da47ed00230f0580816ed13ba3303ac5deb911548908025	dfa2cba34b611cc8c833a6ea83b8eb1bb5e2ef2dd1b0c489bc42ff36ae7847f6ab52b976cfd5def172fa412defde270c8b8bdfbaae1c7ece17d9833b1bcf31064fff78ef493f820055b561ece45e1009	af82
t-v2-bit-23-4	t	fc51cd8e6218a1a38da47ed00230f0580816ed13ba3303ac5deb911548908025	dfa2cba34b611cc8c833a6ea83b8eb1bb5e2ef2dd1b0c491bc42ff36ae7847f6ab52b976cfd5def172fa412defde270c8b8bdfbaae1c7ece17d9833b1bcf31064fff78ef493f820055b561ece45e1009	af82
t-v2-bit-23-5	t	fc51cd8e6218a1a38da47ed00230f0580816ed13ba3303ac5deb911548908025	dfa2cba34b611cc8c833a6ea83b8eb1bb5e2ef2dd1b0c4a1bc42ff36ae7847f6ab52b976cfd5def172fa412defde270c8b8bdfbaae1c7ece17d9833b1bcf31064fff78ef493f820055b561ece45e1009	af82
t-v2-bit-23-6	t	fc51cd8e6218a1a38da47ed00230f0580816ed13ba3303ac5deb911548908025	dfa2cba34b611cc8c833a6ea83b8eb1bb5e2ef2dd1b0c4c1bc42ff36ae7847f6ab52b976cfd5def172fa412defde270c8b8bdfbaae1c7ece17d9833b1bcf31064fff78ef493f820055b561ece45e1009	af82
t-v2-bit-23-7	t	fc51cd8e6218a1a38da47ed00230f0580816ed13ba3303ac5deb911548908025	dfa2cba34b611cc8c833a6ea83b8eb1bb5e2ef2dd1b0c401bc42ff36ae7847f6ab52b976cfd5def172fa412defde270c8b8bdfbaae1c7ece17d9833b1bcf31064fff78ef493f820055b561ece45e1009	af82
t-v2-bit-24-0	t	fc51cd8e6218a1a38da47ed00230f0580816ed13ba3303ac5deb911548908025	dfa2cba34b611cc8c833a6ea83b8eb1bb5e2ef2dd1b0c481bd42ff36ae7847f6ab52b976cfd5def172fa412defde270c8b8bdfbaae1c7ece17d9833b1bcf31064fff78ef493f820055b561ece45e1009	af82
t-v2-bit-24-1	t	fc51cd8e6218a1a38da47ed00230f0580816ed13ba3303ac5deb911548908025	dfa2cba34b611cc8c833a6ea83b8eb1bb5e2ef2dd1b0c481be42ff36ae7847f6ab52b976cfd5def172fa412defde270c8b8bdfbaae1c7ece17d9833b1bcf31064fff78ef493f820055b561ece45e1009	af82
t-v2-bit-24-2	t	fc51cd8e6218a1a38da47ed00230f0580816ed13ba3303ac5deb911548908025	dfa2cba34b611cc8c833a6ea83b8eb1bb5e2ef2dd1b0c481b842ff36ae7847f6ab52b976cfd5def172fa412defde270c8b8bdfbaae1c7ece17d9833b1bcf31064fff78ef493f820055b561ece45e1009	af82
t-v2-bit-24-3	t	fc51cd8e6218a1a38da47ed00230f0580816ed13ba3303ac5deb911548908025	dfa2cba34b611cc8c833a6ea83b8eb1bb5e2ef2dd1b0c481b442ff36ae7847f6ab52b976cfd5def172fa412defde270c8b8bdfbaae1c7ece17d9833b1bcf31064fff78ef493f820055b561ece45e1009	af82
t-v2-bit-24-4	t	fc51cd8e6218a1a38da47ed00230f0580816ed13ba3303ac5deb911548908025	dfa2cba34b611cc8c833a6ea83b8eb1bb5e2ef2dd1b0c481ac42ff36ae7847f6ab52b976cfd5def172fa412defde270c8b8bdfbaae1c7ece17d9833b1bcf31064fff78ef493f820055b561ece45e1009	af82
t-v2-bit-24-5	t	fc51cd8e6218a1a38da47ed00230f0580816ed13ba3303ac5deb911548908025	dfa2cba34b611cc8c833a6ea83b8eb1bb5e2ef2dd1b0c4819c42ff36ae7847f6ab52b976cfd5def172fa412defde270c8b8bdfbaae1c7ece17d9833b1bcf31064fff78ef493f820055b561ece45e1009	af82
t-v2-bit-24-6	t	fc51cd8e6218a1a38da47ed00230f0580816ed13ba3303ac5deb911548908025	dfa2cba34b611cc8c833a6ea83b8eb1bb5e2ef2dd1b0c481fc42ff36ae7847f6ab52b976cfd5def172fa412defde270c8b8bdfbaae1c7ece17d9833b1bcf31064fff78ef493f820055b561ece45e1009	af82
t-v2-bit-24-7	t	fc51cd8e6218a1a38da47ed00230f0580816ed13ba3303ac5deb911548908025	dfa2cba34b611cc8c833a6ea83b8eb1bb5e2ef2dd1b0c4813c42ff36ae7847f6ab52b976cfd5def172fa412defde270c8b8bdfbaae1c7ece17d9833b1bcf31064fff78ef493f820055b561ece45e1009	af82
t-v2-bit-25-0	t	fc51cd8e6218a1a38da47ed00230f0580816ed13ba3303ac5deb911548908025	dfa2cba34b611cc8c833a6ea83b8eb1bb5e2ef2dd1b0c481bc43ff36ae7847f6ab52b976cfd5def172fa412defde270c8b8bdfbaae1c7ece17d9833b1bcf31064fff78ef493f820055b561ece45e1009	af82
t-v2-bit-25-1	t	fc51cd8e6218a1a38da47ed00230f0580816ed13ba3303ac5deb911548908025	dfa2cba34b611cc8c833a6ea83b8eb1bb5e2ef2dd1b0c481bc40ff36ae7847f6ab52b976cfd5def172fa412defde270c8b8bdfbaae1c7ece17d9833b1bcf31064fff78ef493f820055b561ece45e1009	af82
t-v2-bit-25-2	t	fc51cd8e6218a1a38da47ed00230f0580816ed13ba3303ac5deb911548908025	dfa2cba34b611cc8c833a6ea83b8eb1bb5e2ef2dd1b0c481bc46ff36ae7847f6ab52b976cfd5def172fa412defde270c8b8bdfbaae1c7ece17d9833b1bcf31064fff78ef493f820055b561ece45e1009	af82
t-v2-bit-25-3	t	fc51cd8e6218a1a38da47ed00230f0580816ed13ba3303ac5deb911548908025	dfa2cba34b611cc8c833a6ea83b8eb1bb5e2ef2dd1b0c481bc4aff36ae7847f6ab52b976cfd5def172fa412defde270c8b8bdfbaae1c7ece17d9833b1bcf31064fff78ef493f820055b561ece45e1009	af82
t-v2-bit-25-4	t	fc51cd8e6218a1a38da47ed00230f0580816ed13ba3303ac5deb911548908025	dfa2cba34b611cc8c833a6ea83b8eb1bb5e2ef2dd1b0c481bc52ff36ae7847f6ab52b976cfd5def172fa412defde270c8b8bdfbaae1c7ece17d9833b1bcf31064fff78ef493f820055b561ece45e1009	af82
t-v2-bit-25-5	t	fc51cd8e6218a1a38da47ed00230f0580816ed13ba3303ac5deb911548908025	dfa2cba34b611cc8c833a6ea83b8eb1bb5e2ef2dd1b0c481bc62ff36ae7847f6ab52b976cfd5def172fa412defde270c8b8bdfbaae1c7ece17d9833b1bcf31064fff78ef493f820055b561ece45e1009	af82
t-v2-bit-25-6	t	fc51cd8e6218a1a38da47ed00230f0580816ed13ba3303ac5deb911548908025	dfa2cba34b611cc8c833a6ea83b8eb1bb5e2ef2dd1b0c481bc02ff36ae7847f6ab52b976cfd5def172fa412defde270c8b8bdfbaae1c7ece17d9833b1bcf31064fff78ef493f820055b561ece45e1009	af82
t-v2-bit-25-7	t	fc51cd8e6218a1a38da47ed00230f0580816ed13ba3303ac5deb911548908025	dfa2cba34b611cc8c833a6ea83b8eb1bb5e2ef2dd1b0c481bcc2ff36ae7847f6ab52b976cfd5def172fa412defde270c8b8bdfbaae1c7ece17d9833b1bcf31064fff78ef493f820055b561ece45e1009	af82
t-v2-bit-26-0	t	fc51cd8e6218a1a38da47ed00230f0580816ed13ba3303ac5deb911548908025	dfa2cba34b611cc8c833a6ea83b8eb1bb5e2ef2dd1b0c481bc42fe36ae7847f6ab52b976cfd5def172fa412defde270c8b8bdfbaae1c7ece17d9833b1bcf31064fff78ef493f820055b561ece45e1009	af82
t-v2-bit-26-1	t	fc51cd8e6218a1a38da47ed00230f0580816ed13ba3303ac5deb911548908025	dfa2cba34b611cc8c833a6ea83b8eb1bb5e2ef2dd1b0c481bc42fd36ae7847f6ab52b976cfd5def172fa412defde270c8b8bdfbaae1c7ece17d9833b1bcf31064fff78ef493f820055b561ece45e1009	af82
t-v2-bit-26-2	t	fc51cd8e6218a1a38da47ed00230f0580816ed13ba3303ac5deb911548908025	dfa2cba34b611cc8c833a6ea83b8eb1bb5e2ef2dd1b0c481bc42fb36ae7847f6ab52b976cfd5def172fa412defde270c8b8bdfbaae1c7ece17d9833b1bcf31064fff78ef493f820055b561ece45e1009	af82
t-v2-bit-26-3	t	fc51cd8e6218a1a38da47ed00230f0580816ed13ba3303ac5deb911548908025	dfa2cba34b611cc8c833a6ea83b8eb1bb5e2ef2dd1b0c481bc42f736ae7847f6ab52b976cfd5def172fa412defde270c8b8bdfbaae1c7ece17d9833b1bcf31064fff78ef493f820055b561ece45e1009	af82
t-v2-bit-26-4	t	fc51cd8e6218a1a38da47ed00230f0580816ed13ba3303ac5deb911548908025	dfa2cba34b611cc8c833a6ea83b8eb1bb5e2ef2dd1b0c481bc42ef36ae7847f6ab52b976cfd5def172fa412defde270c8b8bdfbaae1c7ece17d9833b1bcf31064fff78ef493f820055b561ece45e1009	af82
t-v2-bit-26-5	t	fc51cd8e6218a1a38da47ed00230f0580816ed13ba3303ac5deb911548908025	dfa2cba34b611cc8c833a6ea83b8eb1bb5e2ef2dd1b0c481bc42df36ae7847f6ab52b976cfd5def172fa412defde270c8b8bdfbaae1c7ece17d9833b1bcf31064fff78ef493f820055b561ece45e1009	af82
t-v2-bit-26-6	t	fc51cd8e6218a1a38da47ed00230f0580816ed13ba3303ac5deb911548908025	dfa2cba34b611cc8c833a6ea83b8eb1bb5e2ef2dd1b0c481bc42bf36ae7847f6ab52b976cfd5def172fa412defde270c8b8bdfbaae1c7ece17d9833b1bcf31064fff78ef493f820055b561ece45e1009	af82
t-v2-bit-26-7	t	fc51cd8e6218a1a38da47ed00230f0580816ed13ba3303ac5deb911548908025	dfa2cba34b611cc8c833a6ea83b8eb1bb5e2ef2dd1b0c481bc427f36ae7847f6ab52b976cfd5def172fa412defde270c8b8bdfbaae1c7ece17d9833b1bcf31064fff78ef493f820055b561ece45e1009	af82
t-v2-bit-27-0	t	fc51cd8e6218a1a38da47ed00230f0580816ed13ba3303ac5deb911548908025	dfa2cba34b611cc8c833a6ea83b8eb1bb5e2ef2dd1b0c481bc42ff37ae7847f6ab52b976cfd5def172fa412defde270c8b8bdfbaae1c7ece17d9833b1bcf31064fff78ef493f820055b561ece45e1009	af82
t-v2-bit-27-1	t	fc51cd8e6218a1a38da47ed00230f0580816ed13ba3303ac5deb911548908025	dfa2cba34b611cc8c833a6ea83b8eb1bb5e2ef2dd1b0c481bc42ff34ae7847f6ab52b976cfd5def172fa412defde270c8b8bdfbaae1c7ece17d9833b1bcf31064fff78ef493f820055b561ece45e1009	af82
t-v2-bit-27-2	t	fc51cd8e6218a1a38da47ed00230f0580816ed13ba3303ac5deb911548908025	dfa2cba34b611cc8c833a6ea83b8eb1bb5e2ef2dd1b0c481bc42ff32ae7847f6ab52b976cfd5def172fa412defde270c8b8bdfbaae1c7ece17d9833b1bcf31064fff78ef493f820055b561ece45e1009	af82
t-v2-bit-27-3	t	fc51cd8e6218a1a38da47ed00230f0580816ed13ba3303ac5deb911548908025	dfa2cba34b611cc8c833a6ea83b8eb1bb5e2ef2dd1b0c481bc42ff3eae7847f6ab52b976cfd5def172fa412defde270c8b8bdfbaae1c7ece17d9833b1bcf31064fff78ef493f820055b561ece45e1009	af82
t-v2-bit-27-4	t	fc51cd8e6218a1a38da47ed00230f0580816ed13ba3303ac5deb911548908025	dfa2cba34b611cc8c833a6ea83b8eb1bb5e2ef2dd1b0c481bc42ff26ae7847f6ab52b976cfd5def172fa412defde270c8b8bdfbaae1c7ece17d9833b1bcf31064fff78ef493f820055b561ece45e1009	af82
t-v2-bit-27-5	t	fc51cd8e6218a1a38da47ed00230f0580816ed13ba3303ac5deb911548908025	dfa2cba34b611cc8c833a6ea83b8eb1bb5e2ef2dd1b0c481bc42ff16ae7847f6ab52b976cfd5def172fa412defde270c8b8bdfbaae1c7ece17d9833b1bcf31064fff78ef493f820055b561ece45e1009	af82
t-v2-bit-27-6	t	fc51cd8e6218a1a38da47ed00230f0580816ed13ba3303ac5deb911548908025	dfa2cba34b611cc8c833a6ea83b8eb1bb5e2ef2dd1b0c481bc42ff76ae7847f6ab52b976cfd5def172fa412defde270c8b8bdfbaae1c7ece17d9833b1bcf31064fff78ef493f820055b561ece45e1009	af82
t-v2-bit-27-7	t	fc51cd8e6218a1a38da47ed00230f0580816ed13ba3303ac5deb911548908025	dfa2cba34b611cc8c833a6ea83b8eb1bb5e2ef2dd1b0c481bc42ffb6ae7847f6ab52b976cfd5def172fa412defde270c8b8bdfbaae1c7ece17d9833b1bcf31064fff78ef493f820055b561ece45e1009	af82
t-v2-bit-28-0	t	fc51cd8e6218a1a38da47ed00230f0580816ed13ba3303ac5deb911548908025	dfa2cba34b611cc8c833a6ea83b8eb1bb5e2ef2dd1b0c481bc42ff36af7847f6ab52b976cfd5def172fa412defde270c8b8bdfbaae1c7ece17d9833b1bcf31064fff78ef493f820055b561ece45e1009	af82
t-v2-bit-28-1	t	fc51cd8e6218a1a38da47ed00230f0580816ed13ba3303ac5deb911548908025	dfa2cba34b611cc8c833a6ea83b8eb1bb5e2ef2dd1b0c481bc42ff36ac7847f6ab52b976cfd5def172fa412defde270c8b8bdfbaae1c7ece17d9833b1bcf31064fff78ef493f820055b561ece45e1009	af82
t-v2-bit-28-2	t	fc51cd8e6218a1a38da47ed00230f0580816ed13ba3303ac5deb911548908025	dfa2cba34b611cc8c833a6ea83b8eb1bb5e2ef2dd1b0c481bc42ff36aa7847f6ab52b976cfd5def172fa412defde270c8b8bdfbaae1c7ece17d9833b1bcf31064fff78ef493f820055b561ece45e1009	af82
t-v2-bit-28-3	t	fc51cd8e6218a1a38da47ed00230f0580816ed13ba3303ac5deb911548908025	dfa2cba34b611cc8c833a6ea83b8eb1bb5e2ef2dd1b0c481bc42ff36a67847f6ab52b976cfd5def172fa412defde270c8b8bdfbaae1c7ece17d9833b1bcf31064fff78ef493f820055b561ece45e1009	af82
t-v2-bit-28-4	t	fc51cd8e6218a1a38da47ed00230f0580816ed13ba3303ac5deb911548908025	dfa2cba34b611cc8c833a6ea83b8eb1bb5e2ef2dd1b0c481bc42ff36be7847f6ab52b976cfd5def172fa412defde270c8b8bdfbaae1c7ece17d9833b1bcf31064fff78ef493f820055b561ece45e1009	af82
t-v2-bit-28-5	t	fc51cd8e6218a1a38da47ed00230f0580816ed13ba3303ac5deb911548908025	dfa2cba34b611cc8c833a6ea83b8eb1bb5e2ef2dd1b0c481bc42ff368e7847f6ab52b976cfd5def172fa412defde270c8b8bdfbaae1c7ece17d9833b1bcf31064fff78ef493f820055b561ece45e1009	af82
t-v2-bit-28-6	t	fc51cd8e6218a1a38da47ed00230f0580816ed13ba3303ac5deb911548908025	dfa2cba34b611cc8c833a6ea83b8eb1bb5e2ef2dd1b0c481bc42ff36ee7847f6ab52b976cfd5def172fa412defde270c8b8bdfbaae1c7ece17d9833b1bcf31064fff78ef493f820055b561ece45e1009	af82
t-v2-bit-28-7	t	fc51cd8e6218a1a38da47ed00230f0580816ed13ba3303ac5deb911548908025	dfa2cba34b611cc8c833a6ea83b8eb1bb5e2ef2dd1b0c481bc42ff362e7847f6ab52b976cfd5def172fa412defde270c8b8bdfbaae1c7ece17d9833b1bcf31064fff78ef493f820055b561ece45e1009	af82
t-v2-bit-29-0	t	fc51cd8e6218a1a38da47ed00230f0580816ed13ba3303ac5deb911548908025	dfa2cba34b611cc8c833a6ea83b8eb1bb5e2ef2dd1b0c481bc42ff36ae7947f6ab52b976cfd5def172fa412defde270c8b8bdfbaae1c7ece17d9833b1bcf31064fff78ef493f820055b561ece45e1009	af82
t-v2-bit-29-1	t	fc51cd8e6218a1a38da47ed00230f0580816ed13ba3303ac5deb911548908025	dfa2cba34b611cc8c833a6ea83b8eb1bb5e2ef2dd1b0c481bc42ff36ae7a47f6ab52b976cfd5def172fa412defde270c8b8bdfbaae1c7ece17d9833b1bcf31064fff78ef493f820055b561ece45e1009	af82
t-v2-bit-29-2	t	fc51cd8e6218a1a38da47ed00230f0580816ed13ba3303ac5deb911548908025	dfa2cba34b611cc8c833a6ea83b8eb1bb5e2ef2dd1b0c481bc42ff36ae7c47f6ab52b976cfd5def172fa412defde270c8b8bdfbaae1c7ece17d9833b1bcf31064fff78ef493f820055b561ece45e1009	af82
t-v2-bit-29-3	t	fc51cd8e6218a1a38da47ed00230f0580816ed13ba3303ac5deb911548908025	dfa2cba34b611cc8c833a6ea83b8eb1bb5e2ef2dd1b0c481bc42ff36ae7047f6ab52b976cfd5def172fa412defde270c8b8bdfbaae1c7ece17d9833b1bcf31064fff78ef493f820055b561ece45e1009	af82
t-v2-bit-29-4	t	fc51cd8e6218a1a38da47ed00230f0580816ed13ba3303ac5deb911548908025	dfa2cba34b611cc8c833a6ea83b8eb1bb5e2ef2dd1b0c481bc42ff36ae6847f6ab52b976cfd5def172fa412defde270c8b8bdfbaae1c7ece17d9833b1bcf31064fff78ef493f820055b561ece45e1009	af82
t-v2-bit-29-5	t	fc51cd8e6218a1a38da47ed00230f0580816ed13ba3303ac5deb911548908025	dfa2cba34b611cc8c833a6ea83b8eb1bb5e2ef2dd1b0c481bc42ff36ae5847f6ab52b976cfd5def172fa412defde270c8b8bdfbaae1c7ece17d9833b1bcf31064fff78ef493f820055b561ece45e1009	af82
t-v2-bit-29-6	t	fc51cd8e6218a1a38da47ed00230f0580816ed13ba3303ac5deb911548908025	dfa2cba34b611cc8c833a6ea83b8eb1bb5e2ef2dd1b0c481bc42ff36ae3847f6ab52b976cfd5def172fa412defde270c8b8bdfbaae1c7ece17d9833b1bcf31064fff78ef493f820055b561ece45e1009	af82
t-v2-bit-29-7	t	fc51cd8e6218a1a38da47ed00230f0580816ed13ba3303ac5deb911548908025	dfa2cba34b611cc8c833a6ea83b8eb1bb5e2ef2dd1b0c481bc42ff36aef847f6ab52b976cfd5def172fa412defde270c8b8bdfbaae1c7ece17d9833b1bcf31064fff78ef493f820055b561ece45e1009	af82
t-v2-bit-30-0	t	fc51cd8e6218a1a38da47ed00230f0580816ed13ba3303ac5deb911548908025	dfa2cba34b611cc8c833a6ea83b8eb1bb5e2ef2dd1b0c481bc42ff36ae7846f6ab52b976cfd5def172fa412defde270c8b8bdfbaae1c7ece17d9833b1bcf31064fff78ef493f820055b561ece45e1009	af82
t-v2-bit-30-1	t	fc51cd8e6218a1a38da47ed00230f0580816ed13ba3303ac5deb911548908025	dfa2cba34b611cc8c833a6ea83b8eb1bb5e2ef2dd1b0c481bc42ff36ae7845f6ab52b976cfd5def172fa412defde270c8b8bdfbaae1c7ece17d9833b1bcf31064fff78ef493f820055b561ece45e1009	af82
t-v2-bit-30-2	t	fc51cd8e6218a1a38da47ed00230f0580816ed13ba3303ac5deb911548908025	dfa2cba34b611cc8c833a6ea83b8eb1bb5e2ef2dd1b0c481bc42ff36ae7843f6ab52b976cfd5def172fa412defde270c8b8bdfbaae1c7ece17d9833b1bcf31064fff78ef493f820055b561ece45e1009	af82
t-v2-bit-30-3	t	fc51cd8e6218a1a38da47ed00230f0580816ed13ba3303ac5deb911548908025	dfa2cba34b611cc8c833a6ea83b8eb1bb5e2ef2dd1b0c481bc42ff36ae784ff6ab52b976cfd5def172fa412defde270c8b8bdfbaae1c7ece17d9833b1bcf31064fff78ef493f820055b561ece45e1009	af82
t-v2-bit-30-4	t	fc51cd8e6218a1a38da47ed00230f0580816ed13ba3303ac5deb911548908025	dfa2cba34b611cc8c833a6ea83b8eb1bb5e2ef2dd1b0c481bc42ff36ae7857f6ab52b976cfd5def172fa412defde270c8b8bdfbaae1c7ece17d9833b1bcf31064fff78ef493f820055b561ece45e1009	af82
t-v2-bit-30-5	t	fc51cd8e6218a1a38da47ed00230f0580816ed13ba3303ac5deb911548908025	dfa2cba34b611cc8c833a6ea83b8eb1bb5e2ef2dd1b0c481bc42ff36ae7867f6ab52b976cfd5def172fa412defde270c8b8bdfbaae1c7ece17d9833b1bcf31064fff78ef493f820055b561ece45e1009	af82
t-v2-bit-30-6	t	fc51cd8e6218a1a38da47ed00230f0580816ed13ba3303ac5deb911548908025	dfa2cba34b611cc8c833a6ea83b8eb1bb5e2ef2dd1b0c481bc42ff36ae7807f6ab52b976cfd5def172fa412defde270c8b8bdfbaae1c7ece17d9833b1bcf31064fff78ef493f820055b561ece45e1009	af82
t-v2-bit-30-7	t	fc51cd8e6218a1a38da47ed00230f0580816ed13ba3303ac5deb911548908025	dfa2cba34b611cc8c833a6ea83b8eb1bb5e2ef2dd1b0c481bc42ff36ae78c7f6ab52b976cfd5def172fa412defde270c8b8bdfbaae1c7ece17d9833b1bcf31064fff78ef493f820055b561ece45e1009	af82
t-v2-bit-31-0	t	fc51cd8e6218a1a38da47ed00230f0580816ed13ba3303ac5deb911548908025	dfa2cba34b611cc8c833a6ea83b8eb1bb5e2ef2dd1b0c481bc42ff36ae7847f7ab52b976cfd5def172fa412defde270c8b8bdfbaae1c7ece17d9833b1bcf31064fff78ef493f820055b561ece45e1009	af82
t-v2-bit-31-1	t	fc51cd8e6218a1a38da47ed00230f0580816ed13ba3303ac5deb911548908025	dfa2cba34b611cc8c833a6ea83b8eb1bb5e2ef2dd1b0c481bc42ff36ae7847f4ab52b976cfd5def172fa412defde270c8b8bdfbaae1c7ece17d9833b1bcf31064fff78ef493f820055b561ece45e1009	af82
t-v2-bit-31-2	t	fc51cd8e6218a1a38da47ed00230f0580816ed13ba3303ac5deb911548908025	dfa2cba34b611cc8c833a6ea83b8eb1bb5e2ef2dd1b0c481bc42ff36ae7847f2ab52b976cfd5def172fa412defde270c8b8bdfbaae1c7ece17d9833b1bcf31064fff78ef493f820055b561ece45e1009	af82
t-v2-bit-31-3	t	fc51cd8e6218a1a38da47ed00230f0580816ed13ba3303ac5deb911548908025	dfa2cba34b611cc8c833a6ea83b8eb1bb5e2ef2dd1b0c481bc42ff36ae7847feab52b976cfd5def172fa412defde270c8b8bdfbaae1c7ece17d9833b1bcf31064fff78ef493f820055b561ece45e1009	af82
t-v2-bit-31-4	t	fc51cd8e6218a1a38da47ed00230f0580816ed13ba3303ac5deb911548908025	dfa2cba34b611cc8c833a6ea83b8eb1bb5e2ef2dd1b0c481bc42ff36ae7847e6ab52b976cfd5def172fa412defde270c8b8bdfbaae1c7ece17d9833b1bcf31064fff78ef493f820055b561ece45e1009	af82
t-v2-bit-31-5	t	fc51cd8e6218a1a38da47ed00230f0580816ed13ba3303ac5deb911548908025	dfa2cba34b611cc8c833a6ea83b8eb1bb5e2ef2dd1b0c481bc42ff36ae7847d6ab52b976cfd5def172fa412defde270c8b8bdfbaae1c7ece17d9833b1bcf31064fff78ef493f820055b561ece45e1009	af82
t-v2-bit-31-6	t	fc51cd8e6218a1a38da47ed00230f0580816ed13ba3303ac5deb911548908025	dfa2cba34b611cc8c833a6ea83b8eb1bb5e2ef2dd1b0c481bc42ff36ae7847b6ab52b976cfd5def172fa412defde270c8b8bdfbaae1c7ece17d9833b1bcf31064fff78ef493f820055b561ece45e1009	af82
t-v2-bit-31-7	t	fc51cd8e6218a1a38da47ed00230f0580816ed13ba3303ac5deb911548908025	dfa2cba34b611cc8c833a6ea83b8eb1bb5e2ef2dd1b0c481bc42ff36ae784776ab52b976cfd5def172fa412defde270c8b8bdfbaae1c7ece17d9833b1bcf31064fff78ef493f820055b561ece45e1009	af82
t-v2-bit-32-0	t	fc51cd8e6218a1a38da47ed00230f0580816ed13ba3303ac5deb911548908025	dfa2cba34b611cc8c833a6ea83b8eb1bb5e2ef2dd1b0c481bc42ff36ae7847f6aa52b976cfd5def172fa412defde270c8b8bdfbaae1c7ece17d9833b1bcf31064fff78ef493f820055b561ece45e1009	af82
t-v2-bit-32-1	t	fc51cd8e6218a1a38da47ed00230f0580816ed13ba3303ac5deb911548908025	dfa2cba34b611cc8c833a6ea83b8eb1bb5e2ef2dd1b0c481bc42ff36ae7847f6a952b976cfd5def172fa412defde270c8b8bdfbaae1c7ece17d9833b1bcf31064fff78ef493f820055b561ece45e1009	af82
t-v2-bit-32-2	t	fc51cd8e6218a1a38da47ed00230f0580816ed13ba3303ac5deb911548908025	dfa2cba34b611cc8c833a6ea83b8eb1bb5e2ef2dd1b0c481bc42ff36ae7847f6af52b976cfd5def172fa412defde270c8b8bdfbaae1c7ece17d9833b1bcf31064fff78ef493f820055b561ece45e1009	af82
t-v2-bit-32-3	t	fc51cd8e6218a1a38da47ed00230f0580816ed13ba3303ac5deb911548908025	dfa2cba34b611cc8c833a6ea83b8eb1bb5e2ef2dd1b0c481bc42ff36ae7847f6a352b976cfd5def172fa412defde270c8b8bdfbaae1c7ece17d9833b1bcf31064fff78ef493f820055b561ece45e1009	af82
t-v2-bit-32-4	t	fc51cd8e6218a1a38da47ed00230f0580816ed13ba3303ac5deb911548908025	dfa2cba34b611cc8c833a6ea83b8eb1bb5e2ef2dd1b0c481bc42ff36ae7847f6bb52b976cfd5def172fa412defde270c8b8bdfbaae1c7ece17d9833b1bcf31064fff78ef493f820055b561ece45e1009	af82
t-v2-bit-32-5	t	fc51cd8e6218a1a38da47ed00230f0580816ed13ba3303ac5deb911548908025	dfa2cba34b611cc8c833a6ea83b8eb1bb5e2ef2dd1b0c481bc42ff36ae7847f68b52b976cfd5def172fa412defde270c8b8bdfbaae1c7ece17d9833b1bcf31064fff78ef493f820055b561ece45e1009	af82
t-v2-bit-32-6	t	fc51cd8e6218a1a38da47ed00230f0580816ed13ba3303ac5deb911548908025	dfa2cba34b611cc8c833a6ea83b8eb1bb5e2ef2dd1b0c481bc42ff36ae7847f6eb52b976cfd5def172fa412defde270c8b8bdfbaae1c7ece17d9833b1bcf31064fff78ef493f820055b561ece45e1009	af82
t-v2-bit-32-7	t	fc51cd8e6218a1a38da47ed00230f0580816ed13ba3303ac5deb911548908025	dfa2cba34b611cc8c833a6ea83b8eb1bb5e2ef2dd1b0c481bc42ff36ae7847f62b52b976cfd5def172fa412defde270c8b8bdfbaae1c7ece17d9833b1bcf31064fff78ef493f820055b561ece45e1009	af82
t-v2-bit-33-0	t	fc51cd8e6218a1a38da47ed00230f0580816ed13ba3303ac5deb911548908025	dfa2cba34b611cc8c833a6ea83b8eb1bb5e2ef2dd1b0c481bc42ff36ae7847f6ab53b976cfd5def172fa412defde270c8b8bdfbaae1c7ece17d9833b1bcf31064fff78ef493f820055b561ece45e1009	af82
t-v2-bit-33-1	t	fc51cd8e6218a1a38da47ed00230f0580816ed13ba3303ac5deb911548908025	dfa2cba34b611cc8c833a6ea83b8eb1bb5e2ef2dd1b0c481bc42ff36ae7847f6ab50b976cfd5def172fa412defde270c8b8bdfbaae1c7ece17d9833b1bcf31064fff78ef493f820055b561ece45e1009	af82
t-v2-bit-33-2	t	fc51cd8e6218a1a38da47ed00230f0580816ed13ba3303ac5deb911548908025	dfa2cba34b611cc8c833a6ea83b8eb1bb5e2ef2dd1b0c481bc42ff36ae7847f6ab56b976cfd5def172fa412defde270c8b8bdfbaae1c7ece17d9833b1bcf31064fff78ef493f820055b561ece45e1009	af82
t-v2-bit-33-3	t	fc51cd8e6218a1a38da47ed00230f0580816ed13ba3303ac5deb911548908025	dfa2cba34b611cc8c833a6ea83b8eb1bb5e2ef2dd1b0c481bc42ff36ae7847f6ab5ab976cfd5def172fa412defde270c8b8bdfbaae1c7ece17d9833b1bcf31064fff78ef493f820055b561ece45e1009	af82
t-v2-bit-33-4	t	fc51cd8e6218a1a38da47ed00230f0580816ed13ba3303ac5deb911548908025	dfa2cba34b611cc8c833a6ea83b8eb1bb5e2ef2dd1b0c481bc42ff36ae7847f6ab42b976cfd5def172fa412defde270c8b8bdfbaae1c7ece17d9833b1bcf31064fff78ef493f820055b561ece45e1009	af82
t-v2-bit-33-5	t	fc51cd8e6218a1a38da47ed00230f0580816ed13ba3303ac5deb911548908025	dfa2cba34b611cc8c833a6ea83b8eb1bb5e2ef2dd1b0c481bc42ff36ae7847f6ab72b976cfd5def172fa412defde270c8b8bdfbaae1c7ece17d9833b1bcf31064fff78ef493f820055b561ece45e1009	af82
t-v2-bit-33-6	t	fc51cd8e6218a1a38da47ed00230f0580816ed13ba3303ac5deb911548908025	dfa2cba34b611cc8c833a6ea83b8eb1bb5e2ef2dd1b0c481bc42ff36ae7847f6ab12b976cfd5def172fa412defde270c8b8bdfbaae1c7ece17d9833b1bcf31064fff78ef493f820055b561ece45e1009	af82
t-v2-bit-33-7	t	fc51cd8e6218a1a38da47ed00230f0580816ed13ba3303ac5deb911548908025	dfa2cba34b611cc8c833a6ea83b8eb1bb5e2ef2dd1b0c481bc42ff36ae7847f6abd2b976cfd5def172fa412defde270c8b8bdfbaae1c7ece17d9833b1bcf31064fff78ef493f820055b561ece45e1009	af82
t-v2-bit-34-0	t	fc51cd8e6218a1a38da47ed00230f0580816ed13ba3303ac5deb911548908025	dfa2cba34b611cc8c833a6ea83b8eb1bb5e2ef2dd1b0c481bc42ff36ae7847f6ab52b876cfd5def172fa412defde270c8b8bdfbaae1c7ece17d9833b1bcf31064fff78ef493f820055b561ece45e1009	af82
t-v2-bit-34-1	t	fc51cd8e6218a1a38da47ed00230f0580816ed13ba3303ac5deb911548908025	dfa2cba34b611cc8c833a6ea83b8eb1bb5e2ef2dd1b0c481bc42ff36ae7847f6ab52bb76cfd5def172fa412defde270c8b8bdfbaae1c7ece17d9833b1bcf31064fff78ef493f820055b561ece45e1009	af82
t-v2-bit-34-2	t	fc51cd8e6218a1a38da47ed00230f0580816ed13ba3303ac5deb911548908025	dfa2cba34b611cc8c833a6ea83b8eb1bb5e2ef2dd1b0c481bc42ff36ae7847f6ab52bd76cfd5def172fa412defde270c8b8bdfbaae1c7ece17d9833b1bcf31064fff78ef493f820055b561ece45e1009	af82
t-v2-bit-34-3	t	fc51cd8e6218a1a38da47ed00230f0580816ed13ba3303ac5deb911548908025	dfa2cba34b611cc8c833a6ea83b8eb1bb5e2ef2dd1b0c481bc42ff36ae7847f6ab52b176cfd5def172fa412defde270c8b8bdfbaae1c7ece17d9833b1bcf31064fff78ef493f820055b561ece45e1009	af82
t-v2-bit-34-4	t	fc51cd8e6218a1a38da47ed00230f0580816ed13ba3303ac5deb911548908025	dfa2cba34b611cc8c833a6ea83b8eb1bb5e2ef2dd1b0c481bc42ff36ae7847f6ab52a976cfd5def172fa412defde270c8b8bdfbaae1c7ece17d9833b1bcf31064fff78ef493f820055b561ece45e1009	af82
t-v2-bit-34-5	t	fc51cd8e6218a1a38da47ed00230f0580816ed13ba3303ac5deb911548908025	dfa2cba34b611cc8c833a6ea83b8eb1bb5e2ef2dd1b0c481bc42ff36ae7847f6ab529976cfd5def172fa412defde270c8b8bdfbaae1c7ece17d9833b1bcf31064fff78ef493f820055b561ece45e1009	af82
t-v2-bit-34-6	t	fc51cd8e6218a1a38da47ed00230f0580816ed13ba3303ac5deb911548908025	dfa2cba34b611cc8c833a6ea83b8eb1bb5e2ef2dd1b0c481bc42ff36ae7847f6ab52f976cfd5def172fa412defde270c8b8bdfbaae1c7ece17d9833b1bcf31064fff78ef493f820055b561ece45e1009	af82
t-v2-bit-34-7	t	fc51cd8e6218a1a38da47ed00230f0580816ed13ba3303ac5deb911548908025	dfa2cba34b611cc8c833a6ea83b8eb1bb5e2ef2dd1b0c481bc42ff36ae7847f6ab523976cfd5def172fa412defde270c8b8bdfbaae1c7ece17d9833b1bcf31064fff78ef493f820055b561ece45e1009	af82
t-v2-bit-35-0	t	fc51cd8e6218a1a38da47ed00230f0580816ed13ba3303ac5deb911548908025	dfa2cba34b611cc8c833a6ea83b8eb1bb5e2ef2dd1b0c481bc42ff36ae7847f6ab52b977cfd5def172fa412defde270c8b8bdfbaae1c7ece17d9833b1bcf31064fff78ef493f820055b561ece45e1009	af82
t-v2-bit-35-1	t	fc51cd8e6218a1a38da47ed00230f0580816ed13ba3303ac5deb911548908025	dfa2cba34b611cc8c833a6ea83b8eb1bb5e2ef2dd1b0c481bc42ff36ae7847f6ab52b974cfd5def172fa412defde270c8b8bdfbaae1c7ece17d9833b1bcf31064fff78ef493f820055b561ece45e1009	af82
t-v2-bit-35-2	t	fc51cd8e6218a1a38da47ed00230f0580816ed13ba3303ac5deb911548908025	dfa2cba34b611cc8c833a6ea83b8eb1bb5e2ef2dd1b0c481bc42ff36ae7847f6ab52b972cfd5def172fa412defde270c8b8bdfbaae1c7ece17d9833b1bcf31064fff78ef493f820055b561ece45e1009	af82
t-v2-bit-35-3	t	fc51cd8e6218a1a38da47ed00230f0580816ed13ba3303ac5deb911548908025	dfa2cba34b611cc8c833a6ea83b8eb1bb5e2ef2dd1b0c481bc42ff36ae7847f6ab52b97ecfd5def172fa412defde270c8b8bdfbaae1c7ece17d9833b1bcf31064fff78ef493f820055b561ece45e1009	af82
t-v2-bit-35-4	t	fc51cd8e6218a1a38da47ed00230f0580816ed13ba3303ac5deb911548908025	dfa2cba34b611cc8c833a6ea83b8eb1bb5e2ef2dd1b0c481bc42ff36ae7847f6ab52b966cfd5def172fa412defde270c8b8bdfbaae1c7ece17d9833b1bcf31064fff78ef493f820055b561ece45e1009	af82
t-v2-bit-35-5	t	fc51cd8e6218a1a38da47ed00230f0580816ed13ba3303ac5deb911548908025	dfa2cba34b611cc8c833a6ea83b8eb1bb5e2ef2dd1b0c481bc42ff36ae7847f6ab52b956cfd5def172fa412defde270c8b8bdfbaae1c7ece17d9833b1bcf31064fff78ef493f820055b561ece45e1009	af82
t-v2-bit-35-6	t	fc51cd8e6218a1a38da47ed00230f0580816ed13ba3303ac5deb911548908025	dfa2cba34b611cc8c833a6ea83b8eb1bb5e2ef2dd1b0c481bc42ff36ae7847f6ab52b936cfd5def172fa412defde270c8b8bdfbaae1c7ece17d9833b1bcf31064fff78ef493f820055b561ece45e1009	af82
t-v2-bit-35-7	t	fc51cd8e6218a1a38da47ed00230f0580816ed13ba3303ac5deb911548908025	dfa2cba34b611cc8c833a6ea83b8eb1bb5e2ef2dd1b0c481bc42ff36ae7847f6ab52b9f6cfd5def172fa412defde270c8b8bdfbaae1c7ece17d9833b1bcf31064fff78ef493f820055b561ece45e1009	af82
t-v2-bit-36-0	t	fc51cd8e6218a1a38da47ed00230f0580816ed13ba3303ac5deb911548908025	dfa2cba34b611cc8c833a6ea83b8eb1bb5e2ef2dd1b0c481bc42ff36ae7847f6ab52b976ced5def172fa412defde270c8b8bdfbaae1c7ece17d9833b1bcf31064fff78ef493f820055b561ece45e1009	af82
t-v2-bit-36-1	t	fc51cd8e6218a1a38da47ed00230f0580816ed13ba3303ac5deb911548908025	dfa2cba34b611cc8c833a6ea83b8eb1bb5e2ef2dd1b0c481bc42ff36ae7847f6ab52b976cdd5def172fa412defde270c8b8bdfbaae1c7ece17d9833b1bcf31064fff78ef493f820055b561ece45e1009	af82
t-v2-bit-36-2	t	fc51cd8e6218a1a38da47ed00230f0580816ed13ba3303ac5deb911548908025	dfa2cba34b611cc8c833a6ea83b8eb1bb5e2ef2dd1b0c481bc42ff36ae7847f6ab52b976cbd5def172fa412defde270c8b8bdfbaae1c7ece17d9833b1bcf31064fff78ef493f820055b561ece45e1009	af82
t-v2-bit-36-3	t	fc51cd8e6218a1a38da47ed00230f0580816ed13ba3303ac5deb911548908025	dfa2cba34b611cc8c833a6ea83b8eb1bb5e2ef2dd1b0c481bc42ff36ae7847f6ab52b976c7d5def172fa412defde270c8b8bdfbaae1c7ece17d9833b1bcf31064fff78ef493f820055b561ece45e1009	af82
t-v2-bit-36-4	t	fc51cd8e6218a1a38da47ed00230f0580816ed13ba3303ac5deb911548908025	dfa2cba34b611cc8c833a6ea83b8eb1bb5e2ef2dd1b0c481bc42ff36ae7847f6ab52b976dfd5def172fa412defde270c8b8bdfbaae1c7ece17d9833b1bcf31064fff78ef493f820055b561ece45e1009	af82
t-v2-bit-36-5	t	fc51cd8e6218a1a38da47ed00230f0580816ed13ba3303ac5deb911548908025	dfa2cba34b611cc8c833a6ea83b8eb1bb5e2ef2dd1b0c481bc42ff36ae7847f6ab52b976efd5def172fa412defde270c8b8bdfbaae1c7ece17d9833b1bcf31064fff78ef493f820055b561ece45e1009	af82
t-v2-bit-36-6	t	fc51cd8e6218a1a38da47ed00230f0580816ed13ba3303ac5deb911548908025	dfa2cba34b611cc8c833a6ea83b8eb1bb5e2ef2dd1b0c481bc42ff36ae7847f6ab52b9768fd5def172fa412defde270c8b8bdfbaae1c7ece17d9833b1bcf31064fff78ef493f820055b561ece45e1009	af82
t-v2-bit-36-7	t	fc51cd8e6218a1a38da47ed00230f0580816ed13ba3303ac5deb911548908025	dfa2cba34b611cc8c833a6ea83b8eb1bb5e2ef2dd1b0c481bc42ff36ae7847f6ab52b9764fd5def172fa412defde270c8b8bdfbaae1c7ece17d9833b1bcf31064fff78ef493f820055b561ece45e1009	af82
t-v2-bit-37-0	t	fc51cd8e6218a1a38da47ed00230f0580816ed13ba3303ac5deb911548908025	dfa2cba34b611cc8c833a6ea83b8eb1bb5e2ef2dd1b0c481bc42ff36ae7847f6ab52b976cfd4def172fa412defde270c8b8bdfbaae1c7ece17d9833b1bcf31064fff78ef493f820055b561ece45e1009	af82
t-v2-bit-37-1	t	fc51cd8e6218a1a38da47ed00230f0580816ed13ba3303ac5deb911548908025	dfa2cba34b611cc8c833a6ea83b8eb1bb5e2ef2dd1b0c481bc42ff36ae7847f6ab52b976cfd7def172fa412defde270c8b8bdfbaae1c7ece17d9833b1bcf31064fff78ef493f820055b561ece45e1009	af82
t-v2-bit-37-2	t	fc51cd8e6218a1a38da47ed00230f0580816ed13ba3303ac5deb911548908025	dfa2cba34b611cc8c833a6ea83b8eb1bb5e2ef2dd1b0c481bc42ff36ae7847f6ab52b976cfd1def172fa412defde270c8b8bdfbaae1c7ece17d9833b1bcf31064fff78ef493f820055b561ece45e1009	af82
t-v2-bit-37-3	t	fc51cd8e6218a1a38da47ed00230f0580816ed13ba3303ac5deb911548908025	dfa2cba34b611cc8c833a6ea83b8eb1bb5e2ef2dd1b0c481bc42ff36ae7847f6ab52b976cfdddef172fa412defde270c8b8bdfbaae1c7ece17d9833b1bcf31064fff78ef493f820055b561ece45e1009	af82
t-v2-bit-37-4	t	fc51cd8e6218a1a38da47ed00230f0580816ed13ba3303ac5deb911548908025	dfa2cba34b611cc8c833a6ea83b8eb1bb5e2ef2dd1b0c481bc42ff36ae7847f6ab52b976cfc5def172fa412defde270c8b8bdfbaae1c7ece17d9833b1bcf31064fff78ef493f820055b561ece45e1009	af82
t-v2-bit-37-5	t	fc51cd8e6218a1a38da47ed00230f0580816ed13ba3303ac5deb911548908025	dfa2cba34b611cc8c833a6ea83b8eb1bb5e2ef2dd1b0c481bc42ff36ae7847f6ab52b976cff5def172fa412defde270c8b8bdfbaae1c7ece17d9833b1bcf31064fff78ef493f820055b561ece45e1009	af82
t-v2-bit-37-6	t	fc51cd8e6218a1a38da47ed00230f0580816ed13ba3303ac5deb911548908025	dfa2cba34b611cc8c833a6ea83b8eb1bb5e2ef2dd1b0c481bc42ff36ae7847f6ab52b976cf95def172fa412defde270c8b8bdfbaae1c7ece17d9833b1bcf31064fff78ef493f820055b561ece45e1009	af82
t-v2-bit-37-7	t	fc51cd8e6218a1a38da47ed00230f0580816ed13ba3303ac5deb911548908025	dfa2cba34b611cc8c833a6ea83b8eb1bb5e2ef2dd1b0c481bc42ff36ae7847f6ab52b976cf55def172fa412defde270c8b8bdfbaae1c7ece17d9833b1bcf31064fff78ef493f820055b561ece45e1009	af82
t-v2-bit-38-0	t	fc51cd8e6218a1a38da47ed00230f0580816ed13ba3303ac5deb911548908025	dfa2cba34b611cc8c833a6ea83b8eb1bb5e2ef2dd1b0c481bc42ff36ae7847f6ab52b976cfd5dff172fa412defde270c8b8bdfbaae1c7ece17d9833b1bcf31064fff78ef493f820055b561ece45e1009	af82
t-v2-bit-38-1	t	fc51cd8e6218a1a38da47ed00230f0580816ed13ba3303ac5deb911548908025	dfa2cba34b611cc8c833a6ea83b8eb1bb5e2ef2dd1b0c481bc42ff36ae7847f6ab52b976cfd5dcf172fa412defde270c8b8bdfbaae1c7ece17d9833b1bcf31064fff78ef493f820055b561ece45e1009	af82
t-v2-bit-38-2	t	fc51cd8e6218a1a38da47ed00230f0580816ed13ba3303ac5deb911548908025	dfa2cba34b611cc8c833a6ea83b8eb1bb5e2ef2dd1b0c481bc42ff36ae7847f6ab52b976cfd5daf172fa412defde270c8b8bdfbaae1c7ece17d9833b1bcf31064fff78ef493f820055b561ece45e1009	af82
t-v2-bit-38-3	t	fc51cd8e6218a1a38da47ed00230f0580816ed13ba3303ac5deb911548908025	dfa2cba34b611cc8c833a6ea83b8eb1bb5e2ef2dd1b0c481bc42ff36ae7847f6ab52b976cfd5d6f172fa412defde270c8b8bdfbaae1c7ece17d9833b1bcf31064fff78ef493f820055b561ece45e1009	af82
t-v2-bit-38-4	t	fc51cd8e6218a1a38da47ed00230f0580816ed13ba3303ac5deb911548908025	dfa2cba34b611cc8c833a6ea83b8eb1bb5e2ef2dd1b0c481bc42ff36ae7847f6ab52b976cfd5cef172fa412defde270c8b8bdfbaae1c7ece17d9833b1bcf31064fff78ef493f820055b561ece45e1009	af82
t-v2-bit-38-5	t	fc51cd8e6218a1a38da47ed00230f0580816ed13ba3303ac5deb911548908025	dfa2cba34b611cc8c833a6ea83b8eb1bb5e2ef2dd1b0c481bc42ff36ae7847f6ab52b976cfd5fef172fa412defde270c8b8bdfbaae1c7ece17d9833b1bcf31064fff78ef493f820055b561ece45e1009	af82
t-v2-bit-38-6	t	fc51cd8e6218a1a38da47ed00230f0580816ed13ba3303ac5deb911548908025	dfa2cba34b611cc8c833a6ea83b8eb1bb5e2ef2dd1b0c481bc42ff36ae7847f6ab52b976cfd59ef172fa412defde270c8b8bdfbaae1c7ece17d9833b1bcf31064fff78ef493f820055b561ece45e1009	af82
t-v2-bit-38-7	t	fc51cd8e6218a1a38da47ed00230f0580816ed13ba3303ac5deb911548908025	dfa2cba34b611cc8c833a6ea83b8eb1bb5e2ef2dd1b0c481bc42ff36ae7847f6ab52b976cfd55ef172fa412defde270c8b8bdfbaae1c7ece17d9833b1bcf31064fff78ef493f820055b561ece45e1009	af82
t-v2-bit-39-0	t	fc51cd8e6218a1a38da47ed00230f0580816ed13ba3303ac5deb911548908025	dfa2cba34b611cc8c833a6ea83b8eb1bb5e2ef2dd1b0c481bc42ff36ae7847f6ab52b976cfd5def072fa412defde270c8b8bdfbaae1c7ece17d9833b1bcf31064fff78ef493f820055b561ece45e1009	af82
t-v2-bit-39-1	t	fc51cd8e6218a1a38da47ed00230f0580816ed13ba3303ac5deb911548908025	dfa2cba34b611cc8c833a6ea83b8eb1bb5e2ef2dd1b0c481bc42ff36ae7847f6ab52b976cfd5def372fa412defde270c8b8bdfbaae1c7ece17d9833b1bcf31064fff78ef493f820055b561ece45e1009	af82
t-v2-bit-39-2	t	fc51cd8e6218a1a38da47ed00230f0580816ed13ba3303ac5deb911548908025	dfa2cba34b611cc8c833a6ea83b8eb1bb5e2ef2dd1b0c481bc42ff36ae7847f6ab52b976cfd5def572fa412defde270c8b8bdfbaae1c7ece17d9833b1bcf31064fff78ef493f820055b561ece45e1009	af82
t-v2-bit-39-3	t	fc51cd8e6218a1a38da47ed00230f0580816ed13ba3303ac5deb911548908025	dfa2cba34b611cc8c833a6ea83b8eb1bb5e2ef2dd1b0c481bc42ff36ae7847f6ab52b976cfd5def972fa412defde270c8b8bdfbaae1c7ece17d9833b1bcf31064fff78ef493f820055b561ece45e1009	af82
t-v2-bit-39-4	t	fc51cd8e6218a1a38da47ed00230f0580816ed13ba3303ac5deb911548908025	dfa2cba34b611cc8c833a6ea83b8eb1bb5e2ef2dd1b0c481bc42ff36ae7847f6ab52b976cfd5dee172fa412defde270c8b8bdfbaae1c7ece17d9833b1bcf31064fff78ef493f820055b561ece45e1009	af82
t-v2-bit-39-5	t	fc51cd8e6218a1a38da47ed00230f0580816ed13ba3303ac5deb911548908025	dfa2cba34b611cc8c833a6ea83b8eb1bb5e2ef2dd1b0c481bc42ff36ae7847f6ab52b976cfd5ded172fa412defde270c8b8bdfbaae1c7ece17d9833b1bcf31064fff78ef493f820055b561ece45e1009	af82
t-v2-bit-39-6	t	fc51cd8e6218a1a38da47ed00230f0580816ed13ba3303ac5deb911548908025	dfa2cba34b611cc8c833a6ea83b8eb1bb5e2ef2dd1b0c481bc42ff36ae7847f6ab52b976cfd5deb172fa412defde270c8b8bdfbaae1c7ece17d9833b1bcf31064fff78ef493f820055b561ece45e1009	af82
t-v2-bit-39-7	t	fc51cd8e6218a1a38da47ed00230f0580816ed13ba3303ac5deb911548908025	dfa2cba34b611cc8c833a6ea83b8eb1bb5e2ef2dd1b0c481bc42ff36ae7847f6ab52b976cfd5de7172fa412defde270c8b8bdfbaae1c7ece17d9833b1bcf31064fff78ef493f820055b561ece45e1009	af82
t-v2-bit-40-0	t	fc51cd8e6218a1a38da47ed00230f0580816ed13ba3303ac5deb911548908025	dfa2cba34b611cc8c833a6ea83b8eb1bb5e2ef2dd1b0c481bc42ff36ae7847f6ab52b976cfd5def173fa412defde270c8b8bdfbaae1c7ece17d9833b1bcf31064fff78ef493f820055b561ece45e1009	af82
t-v2-bit-40-1	t	fc51cd8e6218a1a38da47ed00230f0580816ed13ba3303ac5deb911548908025	dfa2cba34b611cc8c833a6ea83b8eb1bb5e2ef2dd1b0c481bc42ff36ae7847f6ab52b976cfd5def170fa412defde270c8b8bdfbaae1c7ece17d9833b1bcf31064fff78ef493f820055b561ece45e1009	af82
t-v2-bit-40-2	t	fc51cd8e6218a1a38da47ed00230f0580816ed13ba3303ac5deb911548908025	dfa2cba34b611cc8c833a6ea83b8eb1bb5e2ef2dd1b0c481bc42ff36ae7847f6ab52b976cfd5def176fa412defde270c8b8bdfbaae1c7ece17d9833b1bcf31064fff78ef493f820055b561ece45e1009	af82
t-v2-bit-40-3	t	fc51cd8e6218a1a38da47ed00230f0580816ed13ba3303ac5deb911548908025	dfa2cba34b611cc8c833a6ea83b8eb1bb5e2ef2dd1b0c481bc42ff36ae7847f6ab52b976cfd5def17afa412defde270c8b8bdfbaae1c7ece17d9833b1bcf31064fff78ef493f820055b561ece45e1009	af82
t-v2-bit-40-4	t	fc51cd8e6218a1a38da47ed00230f0580816ed13ba3303ac5deb911548908025	dfa2cba34b611cc8c833a6ea83b8eb1bb5e2ef2dd1b0c481bc42ff36ae7847f6ab52b976cfd5def162fa412defde270c8b8bdfbaae1c7ece17d9833b1bcf31064fff78ef493f820055b561ece45e1009	af82
t-v2-bit-40-5	t	fc51cd8e6218a1a38da47ed00230f0580816ed13ba3303ac5deb911548908025	dfa2cba34b611cc8c833a6ea83b8eb1bb5e2ef2dd1b0c481bc42ff36ae7847f6ab52b976cfd5def152fa412defde270c8b8bdfbaae1c7ece17d9833b1bcf31064fff78ef493f820055b561ece45e1009	af82
t-v2-bit-40-6	t	fc51cd8e6218a1a38da47ed00230f0580816ed13ba3303ac5deb911548908025	dfa2cba34b611cc8c833a6ea83b8eb1bb5e2ef2dd1b0c481bc42ff36ae7847f6ab52b976cfd5def132fa412defde270c8b8bdfbaae1c7ece17d9833b1bcf31064fff78ef493f820055b561ece45e1009	af82
t-v2-bit-40-7	t	fc51cd8e6218a1a38da47ed00230f0580816ed13ba3303ac5deb911548908025	dfa2cba34b611cc8c833a6ea83b8eb1bb5e2ef2dd1b0c481bc42ff36ae7847f6ab52b976cfd5def1f2fa412defde270c8b8bdfbaae1c7ece17d9833b1bcf31064fff78ef493f820055b561ece45e1009	af82
t-v2-bit-41-0	t	fc51cd8e6218a1a38da47ed00230f0580816ed13ba3303ac5deb911548908025	dfa2cba34b611cc8c833a6ea83b8eb1bb5e2ef2dd1b0c481bc42ff36ae7847f6ab52b976cfd5def172fb412defde270c8b8bdfbaae1c7ece17d9833b1bcf31064fff78ef493f820055b561ece45e1009	af82
t-v2-bit-41-1	t	fc51cd8e6218a1a38da47ed00230f0580816ed13ba3303ac5deb911548908025	dfa2cba34b611cc8c833a6ea83b8eb1bb5e2ef2dd1b0c481bc42ff36ae7847f6ab52b976cfd5def172f8412defde270c8b8bdfbaae1c7ece17d9833b1bcf31064fff78ef493f820055b561ece45e1009	af82
t-v2-bit-41-2	t	fc51cd8e6218a1a38da47ed00230f0580816ed13ba3303ac5deb911548908025	dfa2cba34b611cc8c833a6ea83b8eb1bb5e2ef2dd1b0c481bc42ff36ae7847f6ab52b976cfd5def172fe412defde270c8b8bdfbaae1c7ece17d9833b1bcf31064fff78ef493f820055b561ece45e1009	af82
t-v2-bit-41-3	t	fc51cd8e6218a1a38da47ed00230f0580816ed13ba3303ac5deb911548908025	dfa2cba34b611cc8c833a6ea83b8eb1bb5e2ef2dd1b0c481bc42ff36ae7847f6ab52b976cfd5def172f2412defde270c8b8bdfbaae1c7ece17d9833b1bcf31064fff78ef493f820055b561ece45e1009	af82
t-v2-bit-41-4	t	fc51cd8e6218a1a38da47ed00230f0580816ed13ba3303ac5deb911548908025	dfa2cba34b611cc8c833a6ea83b8eb1bb5e2ef2dd1b0c481bc42ff36ae7847f6ab52b976cfd5def172ea412defde270c8b8bdfbaae1c7ece17d9833b1bcf31064fff78ef493f820055b561ece45e1009	af82
t-v2-bit-41-5	t	fc51cd8e6218a1a38da47ed00230f0580816ed13ba3303ac5deb911548908025	dfa2cba34b611cc8c833a6ea83b8eb1bb5e2ef2dd1b0c481bc42ff36ae7847f6ab52b976cfd5def172da412defde270c8b8bdfbaae1c7ece17d9833b1bcf31064fff78ef493f820055b561ece45e1009	af82
t-v2-bit-41-6	t	fc51cd8e6218a1a38da47ed00230f0580816ed13ba3303ac5deb911548908025	dfa2cba34b611cc8c833a6ea83b8eb1bb5e2ef2dd1b0c481bc42ff36ae7847f6ab52b976cfd5def172ba412defde270c8b8bdfbaae1c7ece17d9833b1bcf31064fff78ef493f820055b561ece45e1009	af82
t-v2-bit-41-7	t	fc51cd8e6218a1a38da47ed00230f0580816ed13ba3303ac5deb911548908025	dfa2cba34b611cc8c833a6ea83b8eb1bb5e2ef2dd1b0c481bc42ff36ae7847f6ab52b976cfd5def1727a412defde270c8b8bdfbaae1c7ece17d9833b1bcf31064fff78ef493f820055b561ece45e1009	af82
t-v2-bit-42-0	t	fc51cd8e6218a1a38da47ed00230f0580816ed13ba3303ac5deb911548908025	dfa2cba34b611cc8c833a6ea83b8eb1bb5e2ef2dd1b0c481bc42ff36ae7847f6ab52b976cfd5def172fa402defde270c8b8bdfbaae1c7ece17d9833b1bcf31064fff78ef493f820055b561ece45e1009	af82
t-v2-bit-42-1	t	fc51cd8e6218a1a38da47ed00230f0580816ed13ba3303ac5deb911548908025	dfa2cba34b611cc8c833a6ea83b8eb1bb5e2ef2dd1b0c481bc42ff36ae7847f6ab52b976cfd5def172fa432defde270c8b8bdfbaae1c7ece17d9833b1bcf31064fff78ef493f820055b561ece45e1009	af82
t-v2-bit-42-2	t	fc51cd8e6218a1a38da47ed00230f0580816ed13ba3303ac5deb911548908025	dfa2cba34b611cc8c833a6ea83b8eb1bb5e2ef2dd1b0c481bc42ff36ae7847f6ab52b976cfd5def172fa452defde270c8b8bdfbaae1c7ece17d9833b1bcf31064fff78ef493f820055b561ece45e1009	af82
t-v2-bit-42-3	t	fc51cd8e6218a1a38da47ed00230f0580816ed13ba3303ac5deb911548908025	dfa2cba34b611cc8c833a6ea83b8eb1bb5e2ef2dd1b0c481bc42ff36ae7847f6ab52b976cfd5def172fa492defde270c8b8bdfbaae1c7ece17d9833b1bcf31064fff78ef493f820055b561ece45e1009	af82
t-v2-bit-42-4	t	fc51cd8e6218a1a38da47ed00230f0580816ed13ba3303ac5deb911548908025	dfa2cba34b611cc8c833a6ea83b8eb1bb5e2ef2dd1b0c481bc42ff36ae7847f6ab52b976cfd5def172fa512defde270c8b8bdfbaae1c7ece17d9833b1bcf31064fff78ef493f820055b561ece45e1009	af82
t-v2-bit-42-5	t	fc51cd8e6218a1a38da47ed00230f0580816ed13ba3303ac5deb911548908025	dfa2cba34b611cc8c833a6ea83b8eb1bb5e2ef2dd1b0c481bc42ff36ae7847f6ab52b976cfd5def172fa612defde270c8b8bdfbaae1c7ece17d9833b1bcf31064fff78ef493f820055b561ece45e1009	af82
t-v2-bit-42-6	t	fc51cd8e6218a1a38da47ed00230f0580816ed13ba3303ac5deb911548908025	dfa2cba34b611cc8c833a6ea83b8eb1bb5e2ef2dd1b0c481bc42ff36ae7847f6ab52b976cfd5def172fa012defde270c8b8bdfbaae1c7ece17d9833b1bcf31064fff78ef493f820055b561ece45e1009	af82
t-v2-bit-42-7	t	fc51cd8e6218a1a38da47ed00230f0580816ed13ba3303ac5deb911548908025	dfa2cba34b611cc8c833a6ea83b8eb1bb5e2ef2dd1b0c481bc42ff36ae7847f6ab52b976cfd5def172fac12defde270c8b8bdfbaae1c7ece17d9833b1bcf31064fff78ef493f820055b561ece45e1009	af82
t-v2-bit-43-0	t	fc51cd8e6218a1a38da47ed00230f0580816ed13ba3303ac5deb911548908025	dfa2cba34b611cc8c833a6ea83b8eb1bb5e2ef2dd1b0c481bc42ff36ae7847f6ab52b976cfd5def172fa412cefde270c8b8bdfbaae1c7ece17d9833b1bcf31064fff78ef493f820055b561ece45e1009	af82
t-v2-bit-43-1	t	fc51cd8e6218a1a38da47ed00230f0580816ed13ba3303ac5deb911548908025	dfa2cba34b611cc8c833a6ea83b8eb1bb5e2ef2dd1b0c481bc42ff36ae7847f6ab52b976cfd5def172fa412fefde270c8b8bdfbaae1c7ece17d9833b1bcf31064fff78ef493f820055b561ece45e1009	af82
t-v2-bit-43-2	t	fc51cd8e6218a1a38da47ed00230f0580816ed13ba3303ac5deb911548908025	dfa2cba34b611cc8c833a6ea83b8eb1bb5e2ef2dd1b0c481bc42ff36ae7847f6ab52b976cfd5def172fa4129efde270c8b8bdfbaae1c7ece17d9833b1bcf31064fff78ef493f820055b561ece45e1009	af82
t-v2-bit-43-3	t	fc51cd8e6218a1a38da47ed00230f0580816ed13ba3303ac5deb911548908025	dfa2cba34b611cc8c833a6ea83b8eb1bb5e2ef2dd1b0c481bc42ff36ae7847f6ab52b976cfd5def172fa4125efde270c8b8bdfbaae1c7ece17d9833b1bcf31064fff78ef493f820055b561ece45e1009	af82
t-v2-bit-43-4	t	fc51cd8e6218a1a38da47ed00230f0580816ed13ba3303ac5deb911548908025	dfa2cba34b611cc8c833a6ea83b8eb1bb5e2ef2dd1b0c481bc42ff36ae7847f6ab52b976cfd5def172fa413defde270c8b8bdfbaae1c7ece17d9833b1bcf31064fff78ef493f820055b561ece45e1009	af82
t-v2-bit-43-5	t	fc51cd8e6218a1a38da47ed00230f0580816ed13ba3303ac5deb911548908025	dfa2cba34b611cc8c833a6ea83b8eb1bb5e2ef2dd1b0c481bc42ff36ae7847f6ab52b976cfd5def172fa410defde270c8b8bdfbaae1c7ece17d9833b1bcf31064fff78ef493f820055b561ece45e1009	af82
t-v2-bit-43-6	t	fc51cd8e6218a1a38da47ed00230f0580816ed13ba3303ac5deb911548908025	dfa2cba34b611cc8c833a6ea83b8eb1bb5e2ef2dd1b0c481bc42ff36ae7847f6ab52b976cfd5def172fa416defde270c8b8bdfbaae1c7ece17d9833b1bcf31064fff78ef493f820055b561ece45e1009	af82
t-v2-bit-43-7	t	fc51cd8e6218a1a38da47ed00230f0580816ed13ba3303ac5deb911548908025	dfa2cba34b611cc8c833a6ea83b8eb1bb5e2ef2dd1b0c481bc42ff36ae7847f6ab52b976cfd5def172fa41adefde270c8b8bdfbaae1c7ece17d9833b1bcf31064fff78ef493f820055b561ece45e1009	af82
t-v2-bit-44-0	t	fc51cd8e6218a1a38da47ed00230f0580816ed13ba3303ac5deb911548908025	dfa2cba34b611cc8c833a6ea83b8eb1bb5e2ef2dd1b0c481bc42ff36ae7847f6ab52b976cfd5def172fa412deede270c8b8bdfbaae1c7ece17d9833b1bcf31064fff78ef493f820055b561ece45e1009	af82
t-v2-bit-44-1	t	fc51cd8e6218a1a38da47ed00230f0580816ed13ba3303ac5deb911548908025	dfa2cba34b611cc8c833a6ea83b8eb1bb5e2ef2dd1b0c481bc42ff36ae7847f6ab52b976cfd5def172fa412dedde270c8b8bdfbaae1c7ece17d9833b1bcf31064fff78ef493f820055b561ece45e1009	af82
t-v2-bit-44-2	t	fc51cd8e6218a1a38da47ed00230f0580816ed13ba3303ac5deb911548908025	dfa2cba34b611cc8c833a6ea83b8eb1bb5e2ef2dd1b0c481bc42ff36ae7847f6ab52b976cfd5def172fa412debde270c8b8bdfbaae1c7ece17d9833b1bcf31064fff78ef493f820055b561ece45e1009	af82
t-v2-bit-44-3	t	fc51cd8e6218a1a38da47ed00230f0580816ed13ba3303ac5deb911548908025	dfa2cba34b611cc8c833a6ea83b8eb1bb5e2ef2dd1b0c481bc42ff36ae7847f6ab52b976cfd5def172fa412de7de270c8b8bdfbaae1c7ece17d9833b1bcf31064fff78ef493f820055b561ece45e1009	af82
t-v2-bit-44-4	t	fc51cd8e6218a1a38da47ed00230f0580816ed13ba3303ac5deb911548908025	dfa2cba34b611cc8c833a6ea83b8eb1bb5e2ef2dd1b0c481bc42ff36ae7847f6ab52b976cfd5def172fa412dffde270c8b8bdfbaae1c7ece17d9833b1bcf31064fff78ef493f820055b561ece45e1009	af82
t-v2-bit-44-5	t	fc51cd8e6218a1a38da47ed00230f0580816ed13ba3303ac5deb911548908025	dfa2cba34b611cc8c833a6ea83b8eb1bb5e2ef2dd1b0c481bc42ff36ae7847f6ab52b976cfd5def172fa412dcfde270c8b8bdfbaae1c7ece17d9833b1bcf31064fff78ef493f820055b561ece45e1009	af82
t-v2-bit-44-6	t	fc51cd8e6218a1a38da47ed00230f0580816ed13ba3303ac5deb911548908025	dfa2cba34b611cc8c833a6ea83b8eb1bb5e2ef2dd1b0c481bc42ff36ae7847f6ab52b976cfd5def172fa412dafde270c8b8bdfbaae1c7ece17d9833b1bcf31064fff78ef493f820055b561ece45e1009	af82
t-v2-bit-44-7	t	fc51cd8e6218a1a38da47ed00230f0580816ed13ba3303ac5deb911548908025	dfa2cba34b611cc8c833a6ea83b8eb1bb5e2ef2dd1b0c481bc42ff36ae7847f6ab52b976cfd5def172fa412d6fde270c8b8bdfbaae1c7ece17d9833b1bcf31064fff78ef493f820055b561ece45e1009	af82
t-v2-bit-45-0	t	fc51cd8e6218a1a38da47ed00230f0580816ed13ba3303ac5deb911548908025	dfa2cba34b611cc8c833a6ea83b8eb1bb5e2ef2dd1b0c481bc42ff36ae7847f6ab52b976cfd5def172fa412defdf270c8b8bdfbaae1c7ece17d9833b1bcf31064fff78ef493f820055b561ece45e1009	af82
t-v2-bit-45-1	t	fc51cd8e6218a1a38da47ed00230f0580816ed13ba3303ac5deb911548908025	dfa2cba34b611cc8c833a6ea83b8eb1bb5e2ef2dd1b0c481bc42ff36ae7847f6ab52b976cfd5def172fa412defdc270c8b8bdfbaae1c7ece17d9833b1bcf31064fff78ef493f820055b561ece45e1009	af82
t-v2-bit-45-2	t	fc51cd8e6218a1a38da47ed00230f0580816ed13ba3303ac5deb911548908025	dfa2cba34b611cc8c833a6ea83b8eb1bb5e2ef2dd1b0c481bc42ff36ae7847f6ab52b976cfd5def172fa412defda270c8b8bdfbaae1c7ece17d9833b1bcf31064fff78ef493f820055b561ece45e1009	af82
t-v2-bit-45-3	t	fc51cd8e6218a1a38da47ed00230f0580816ed13ba3303ac5deb911548908025	dfa2cba34b611cc8c833a6ea83b8eb1bb5e2ef2dd1b0c481bc42ff36ae7847f6ab52b976cfd5def172fa412defd6270c8b8bdfbaae1c7ece17d9833b1bcf31064fff78ef493f820055b561ece45e1009	af82
t-v2-bit-45-4	t	fc51cd8e6218a1a38da47ed00230f0580816ed13ba3303ac5deb911548908025	dfa2cba34b611cc8c833a6ea83b8eb1bb5e2ef2dd1b0c481bc42ff36ae7847f6ab52b976cfd5def172fa412defce270c8b8bdfbaae1c7ece17d9833b1bcf31064fff78ef493f820055b561ece45e1009	af82
t-v2-bit-45-5	t	fc51cd8e6218a1a38da47ed00230f0580816ed13ba3303ac5deb911548908025	dfa2cba34b611cc8c833a6ea83b8eb1bb5e2ef2dd1b0c481bc42ff36ae7847f6ab52b976cfd5def172fa412deffe270c8b8bdfbaae1c7ece17d9833b1bcf31064fff78ef493f820055b561ece45e1009	af82
t-v2-bit-45-6	t	fc51cd8e6218a1a38da47ed00230f0580816ed13ba3303ac5deb911548908025	dfa2cba34b611cc8c833a6ea83b8eb1bb5e2ef2dd1b0c481bc42ff36ae7847f6ab52b976cfd5def172fa412def9e270c8b8bdfbaae1c7ece17d9833b1bcf31064fff78ef493f820055b561ece45e1009	af82
t-v2-bit-45-7	t	fc51cd8e6218a1a38da47ed00230f0580816ed13ba3303ac5deb911548908025	dfa2cba34b611cc8c833a6ea83b8eb1bb5e2ef2dd1b0c481bc42ff36ae7847f6ab52b976cfd5def172fa412def5e270c8b8bdfbaae1c7ece17d9833b1bcf31064fff78ef493f820055b561ece45e1009	af82
t-v2-bit-46-0	t	fc51cd8e6218a1a38da47ed00230f0580816ed13ba3303ac5deb911548908025	dfa2cba34b611cc8c833a6ea83b8eb1bb5e2ef2dd1b0c481bc42ff36ae7847f6ab52b976cfd5def172fa412defde260c8b8bdfbaae1c7ece17d9833b1bcf31064fff78ef493f820055b561ece45e1009	af82
t-v2-bit-46-1	t	fc51cd8e6218a1a38da47ed00230f0580816ed13ba3303ac5deb911548908025	dfa2cba34b611cc8c833a6ea83b8eb1bb5e2ef2dd1b0c481bc42ff36ae7847f6ab52b976cfd5def172fa412defde250c8b8bdfbaae1c7ece17d9833b1bcf31064fff78ef493f820055b561ece45e1009	af82
t-v2-bit-46-2	t	fc51cd8e6218a1a38da47ed00230f0580816ed13ba3303ac5deb911548908025	dfa2cba34b611cc8c833a6ea83b8eb1bb5e2ef2dd1b0c481bc42ff36ae7847f6ab52b976cfd5def172fa412defde230c8b8bdfbaae1c7ece17d9833b1bcf31064fff78ef493f820055b561ece45e1009	af82
t-v2-bit-46-3	t	fc51cd8e6218a1a38da47ed00230f0580816ed13ba3303ac5deb911548908025	dfa2cba34b611cc8c833a6ea83b8eb1bb5e2ef2dd1b0c481bc42ff36ae7847f6ab52b976cfd5def172fa412defde2f0c8b8bdfbaae1c7ece17d9833b1bcf31064fff78ef493f820055b561ece45e1009	af82
t-v2-bit-46-4	t	fc51cd8e6218a1a38da47ed00230f0580816ed13ba3303ac5deb911548908025	dfa2cba34b611cc8c833a6ea83b8eb1bb5e2ef2dd1b0c481bc42ff36ae7847f6ab52b976cfd5def172fa412defde370c8b8bdfbaae1c7ece17d9833b1bcf31064fff78ef493f820055b561ece45e1009	af82
t-v2-bit-46-5	t	fc51cd8e6218a1a38da47ed00230f0580816ed13ba3303ac5deb911548908025	dfa2cba34b611cc8c833a6ea83b8eb1bb5e2ef2dd1b0c481bc42ff36ae7847f6ab52b976cfd5def172fa412defde070c8b8bdfbaae1c7ece17d9833b1bcf31064fff78ef493f820055b561ece45e1009	af82
t-v2-bit-46-6	t	fc51cd8e6218a1a38da47ed00230f0580816ed13ba3303ac5deb911548908025	dfa2cba34b611cc8c833a6ea83b8eb1bb5e2ef2dd1b0c481bc42ff36ae7847f6ab52b976cfd5def172fa412defde670c8b8bdfbaae1c7ece17d9833b1bcf31064fff78ef493f820055b561ece45e1009	af82
t-v2-bit-46-7	t	fc51cd8e6218a1a38da47ed00230f0580816ed13ba3303ac5deb911548908025	dfa2cba34b611cc8c833a6ea83b8eb1bb5e2ef2dd1b0c481bc42ff36ae7847f6ab52b976cfd5def172fa412defdea70c8b8bdfbaae1c7ece17d9833b1bcf31064fff78ef493f820055b561ece45e1009	af82
t-v2-bit-47-0	t	fc51cd8e6218a1a38da47ed00230f0580816ed13ba3303ac5deb911548908025	dfa2cba34b611cc8c833a6ea83b8eb1bb5e2ef2dd1b0c481bc42ff36ae7847f6ab52b976cfd5def172fa412defde270d8b8bdfbaae1c7ece17d9833b1bcf31064fff78ef493f820055b561ece45e1009	af82
t-v2-bit-47-1	t	fc51cd8e6218a1a38da47ed00230f0580816ed13ba3303ac5deb911548908025	dfa2cba34b611cc8c833a6ea83b8eb1bb5e2ef2dd1b0c481bc42ff36ae7847f6ab52b976cfd5def172fa412defde270e8b8bdfbaae1c7ece17d9833b1bcf31064fff78ef493f820055b561ece45e1009	af82
t-v2-bit-47-2	t	fc51cd8e6218a1a38da47ed00230f0580816ed13ba3303ac5deb911548908025	dfa2cba34b611cc8c833a6ea83b8eb1bb5e2ef2dd1b0c481bc42ff36ae7847f6ab52b976cfd5def172fa412defde27088b8bdfbaae1c7ece17d9833b1bcf31064fff78ef493f820055b561ece45e1009	af82
t-v2-bit-47-3	t	fc51cd8e6218a1a38da47ed00230f0580816ed13ba3303ac5deb911548908025	dfa2cba34b611cc8c833a6ea83b8eb1bb5e2ef2dd1b0c481bc42ff36ae7847f6ab52b976cfd5def172fa412defde27048b8bdfbaae1c7ece17d9833b1bcf31064fff78ef493f820055b561ece45e1009	af82
t-v2-bit-47-4	t	fc51cd8e6218a1a38da47ed00230f0580816ed13ba3303ac5deb911548908025	dfa2cba34b611cc8c833a6ea83b8eb1bb5e2ef2dd1b0c481bc42ff36ae7847f6ab52b976cfd5def172fa412defde271c8b8bdfbaae1c7ece17d9833b1bcf31064fff78ef493f820055b561ece45e1009	af82
t-v2-bit-47-5	t	fc51cd8e6218a1a38da47ed00230f0580816ed13ba3303ac5deb911548908025	dfa2cba34b611cc8c833a6ea83b8eb1bb5e2ef2dd1b0c481bc42ff36ae7847f6ab52b976cfd5def172fa412defde272c8b8bdfbaae1c7ece17d9833b1bcf31064fff78ef493f820055b561ece45e1009	af82
t-v2-bit-47-6	t	fc51cd8e6218a1a38da47ed00230f0580816ed13ba3303ac5deb911548908025	dfa2cba34b611cc8c833a6ea83b8eb1bb5e2ef2dd1b0c481bc42ff36ae7847f6ab52b976cfd5def172fa412defde274c8b8bdfbaae1c7ece17d9833b1bcf31064fff78ef493f820055b561ece45e1009	af82
t-v2-bit-47-7	t	fc51cd8e6218a1a38da47ed00230f0580816ed13ba3303ac5deb911548908025	dfa2cba34b611cc8c833a6ea83b8eb1bb5e2ef2dd1b0c481bc42ff36ae7847f6ab52b976cfd5def172fa412defde278c8b8bdfbaae1c7ece17d9833b1bcf31064fff78ef493f820055b561ece45e1009	af82
t-v2-bit-48-0	t	fc51cd8e6218a1a38da47ed00230f0580816ed13ba3303ac5deb911548908025	dfa2cba34b611cc8c833a6ea83b8eb1bb5e2ef2dd1b0c481bc42ff36ae7847f6ab52b976cfd5def172fa412defde270c8a8bdfbaae1c7ece17d9833b1bcf31064fff78ef493f820055b561ece45e1009	af82
t-v2-bit-48-1	t	fc51cd8e6218a1a38da47ed00230f0580816ed13ba3303ac5deb911548908025	dfa2cba34b611cc8c833a6ea83b8eb1bb5e2ef2dd1b0c481bc42ff36ae7847f6ab52b976cfd5def172fa412defde270c898bdfbaae1c7ece17d9833b1bcf31064fff78ef493f820055b561ece45e1009	af82
t-v2-bit-48-2	t	fc51cd8e6218a1a38da47ed00230f0580816ed13ba3303ac5deb911548908025	dfa2cba34b611cc8c833a6ea83b8eb1bb5e2ef2dd1b0c481bc42ff36ae7847f6ab52b976cfd5def172fa412defde270c8f8bdfbaae1c7ece17d9833b1bcf31064fff78ef493f820055b561ece45e1009	af82
t-v2-bit-48-3	t	fc51cd8e6218a1a38da47ed00230f0580816ed13ba3303ac5deb911548908025	dfa2cba34b611cc8c833a6ea83b8eb1bb5e2ef2dd1b0c481bc42ff36ae7847f6ab52b976cfd5def172fa412defde270c838bdfbaae1c7ece17d9833b1bcf31064fff78ef493f820055b561ece45e1009	af82
t-v2-bit-48-4	t	fc51cd8e6218a1a38da47ed00230f0580816ed13ba3303ac5deb911548908025	dfa2cba34b611cc8c833a6ea83b8eb1bb5e2ef2dd1b0c481bc42ff36ae7847f6ab52b976cfd5def172fa412defde270c9b8bdfbaae1c7ece17d9833b1bcf31064fff78ef493f820055b561ece45e1009	af82
t-v2-bit-48-5	t	fc51cd8e6218a1a38da47ed00230f0580816ed13ba3303ac5deb911548908025	dfa2cba34b611cc8c833a6ea83b8eb1bb5e2ef2dd1b0c481bc42ff36ae7847f6ab52b976cfd5def172fa412defde270cab8bdfbaae1c7ece17d9833b1bcf31064fff78ef493f820055b561ece45e1009	af82
t-v2-bit-48-6	t	fc51cd8e6218a1a38da47ed00230f0580816ed13ba3303ac5deb911548908025	dfa2cba34b611cc8c833a6ea83b8eb1bb5e2ef2dd1b0c481bc42ff36ae7847f6ab52b976cfd5def172fa412defde270ccb8bdfbaae1c7ece17d9833b1bcf31064fff78ef493f820055b561ece45e1009	af82
t-v2-bit-48-7	t	fc51cd8e6218a1a38da47ed00230f0580816ed13ba3303ac5deb911548908025	dfa2cba34b611cc8c833a6ea83b8eb1bb5e2ef2dd1b0c481bc42ff36ae7847f6ab52b976cfd5def172fa412defde270c0b8bdfbaae1c7ece17d9833b1bcf31064fff78ef493f820055b561ece45e1009	af82
t-v2-bit-49-0	t	fc51cd8e6218a1a38da47ed00230f0580816ed13ba3303ac5deb911548908025	dfa2cba34b611cc8c833a6ea83b8eb1bb5e2ef2dd1b0c481bc42ff36ae7847f6ab52b976cfd5def172fa412defde270c8b8adfbaae1c7ece17d9833b1bcf31064fff78ef493f820055b561ece45e1009	af82
t-v2-bit-49-1	t	fc51cd8e6218a1a38da47ed00230f0580816ed13ba3303ac5deb911548908025	dfa2cba34b611cc8c833a6ea83b8eb1bb5e2ef2dd1b0c481bc42ff36ae7847f6ab52b976cfd5def172fa412defde270c8b89dfbaae1c7ece17d9833b1bcf31064fff78ef493f820055b561ece45e1009	af82
t-v2-bit-49-2	t	fc51cd8e6218a1a38da47ed00230f0580816ed13ba3303ac5deb911548908025	dfa2cba34b611cc8c833a6ea83b8eb1bb5e2ef2dd1b0c481bc42ff36ae7847f6ab52b976cfd5def172fa412defde270c8b8fdfbaae1c7ece17d9833b1bcf31064fff78ef493f820055b561ece45e1009	af82
t-v2-bit-49-3	t	fc51cd8e6218a1a38da47ed00230f0580816ed13ba3303ac5deb911548908025	dfa2cba34b611cc8c833a6ea83b8eb1bb5e2ef2dd1b0c481bc42ff36ae7847f6ab52b976cfd5def172fa412defde270c8b83dfbaae1c7ece17d9833b1bcf31064fff78ef493f820055b561ece45e1009	af82
t-v2-bit-49-4	t	fc51cd8e6218a1a38da47ed00230f0580816ed13ba3303ac5deb911548908025	dfa2cba34b611cc8c833a6ea83b8eb1bb5e2ef2dd1b0c481bc42ff36ae7847f6ab52b976cfd5def172fa412defde270c8b9bdfbaae1c7ece17d9833b1bcf31064fff78ef493f820055b561ece45e1009	af82
t-v2-bit-49-5	t	fc51cd8e6218a1a38da47ed00230f0580816ed13ba3303ac5deb911548908025	dfa2cba34b611cc8c833a6ea83b8eb1bb5e2ef2dd1b0c481bc42ff36ae7847f6ab52b976cfd5def172fa412defde270c8babdfbaae1c7ece17d9833b1bcf31064fff78ef493f820055b561ece45e1009	af82
t-v2-bit-49-6	t	fc51cd8e6218a1a38da47ed00230f0580816ed13ba3303ac5deb911548908025	dfa2cba34b611cc8c833a6ea83b8eb1bb5e2ef2dd1b0c481bc42ff36ae7847f6ab52b976cfd5def172fa412defde270c8bcbdfbaae1c7ece17d9833b1bcf31064fff78ef493f820055b561ece45e1009	af82
t-v2-bit-49-7	t	fc51cd8e6218a1a38da47ed00230f0580816ed13ba3303ac5deb911548908025	dfa2cba34b611cc8c833a6ea83b8eb1bb5e2ef2dd1b0c481bc42ff36ae7847f6ab52b976cfd5def172fa412defde270c8b0bdfbaae1c7ece17d9833b1bcf31064fff78ef493f820055b561ece45e1009	af82
t-v2-bit-50-0	t	fc51cd8e6218a1a38da47ed00230f0580816ed13ba3303ac5deb911548908025	dfa2cba34b611cc8c833a6ea83b8eb1bb5e2ef2dd1b0c481bc42ff36ae7847f6ab52b976cfd5def172fa412defde270c8b8bdebaae1c7ece17d9833b1bcf31064fff78ef493f820055b561ece45e1009	af82
t-v2-bit-50-1	t	fc51cd8e6218a1a38da47ed00230f0580816ed13ba3303ac5deb911548908025	dfa2cba34b611cc8c833a6ea83b8eb1bb5e2ef2dd1b0c481bc42ff36ae7847f6ab52b976cfd5def172fa412defde270c8b8bddbaae1c7ece17d9833b1bcf31064fff78ef493f820055b561ece45e1009	af82
t-v2-bit-50-2	t	fc51cd8e6218a1a38da47ed00230f0580816ed13ba3303ac5deb911548908025	dfa2cba34b611cc8c833a6ea83b8eb1bb5e2ef2dd1b0c481bc42ff36ae7847f6ab52b976cfd5def172fa412defde270c8b8bdbbaae1c7ece17d9833b1bcf31064fff78ef493f820055b561ece45e1009	af82
t-v2-bit-50-3	t	fc51cd8e6218a1a38da47ed00230f0580816ed13ba3303ac5deb911548908025	dfa2cba34b611cc8c833a6ea83b8eb1bb5e2ef2dd1b0c481bc42ff36ae7847f6ab52b976cfd5def172fa412defde270c8b8bd7baae1c7ece17d9833b1bcf31064fff78ef493f820055b561ece45e1009	af82
t-v2-bit-50-4	t	fc51cd8e6218a1a38da47ed00230f0580816ed13ba3303ac5deb911548908025	dfa2cba34b611cc8c833a6ea83b8eb1bb5e2ef2dd1b0c481bc42ff36ae7847f6ab52b976cfd5def172fa412defde270c8b8bcfbaae1c7ece17d9833b1bcf31064fff78ef493f820055b561ece45e1009	af82
t-v2-bit-50-5	t	fc51cd8e6218a1a38da47ed00230f0580816ed13ba3303ac5deb911548908025	dfa2cba34b611cc8c833a6ea83b8eb1bb5e2ef2dd1b0c481bc42ff36ae7847f6ab52b976cfd5def172fa412defde270c8b8bffbaae1c7ece17d9833b1bcf31064fff78ef493f820055b561ece45e1009	af82
t-v2-bit-50-6	t	fc51cd8e6218a1a38da47ed00230f0580816ed13ba3303ac5deb911548908025	dfa2cba34b611cc8c833a6ea83b8eb1bb5e2ef2dd1b0c481bc42ff36ae7847f6ab52b976cfd5def172fa412defde270c8b8b9fbaae1c7ece17d9833b1bcf31064fff78ef493f820055b561ece45e1009	af82
t-v2-bit-50-7	t	fc51cd8e6218a1a38da47ed00230f0580816ed13ba3303ac5deb911548908025	dfa2cba34b611cc8c833a6ea83b8eb1bb5e2ef2dd1b0c481bc42ff36ae7847f6ab52b976cfd5def172fa412defde270c8b8b5fbaae1c7ece17d9833b1bcf31064fff78ef493f820055b561ece45e1009	af82
t-v2-bit-51-0	t	fc51cd8e6218a1a38da47ed00230f0580816ed13ba3303ac5deb911548908025	dfa2cba34b611cc8c833a6ea83b8eb1bb5e2ef2dd1b0c481bc42ff36ae7847f6ab52b976cfd5def172fa412defde270c8b8bdfbbae1c7ece17d9833b1bcf31064fff78ef493f820055b561ece45e1009	af82
t-v2-bit-51-1	t	fc51cd8e6218a1a38da47ed00230f0580816ed13ba3303ac5deb911548908025	dfa2cba34b611cc8c833a6ea83b8eb1bb5e2ef2dd1b0c481bc42ff36ae7847f6ab52b976cfd5def172fa412defde270c8b8bdfb8ae1c7ece17d9833b1bcf31064fff78ef493f820055b561ece45e1009	af82
t-v2-bit-51-2	t	fc51cd8e6218a1a38da47ed00230f0580816ed13ba3303ac5deb911548908025	dfa2cba34b611cc8c833a6ea83b8eb1bb5e2ef2dd1b0c481bc42ff36ae7847f6ab52b976cfd5def172fa412defde270c8b8bdfbeae1c7ece17d9833b1bcf31064fff78ef493f820055b561ece45e1009	af82
t-v2-bit-51-3	t	fc51cd8e6218a1a38da47ed00230f0580816ed13ba3303ac5deb911548908025	dfa2cba34b611cc8c833a6ea83b8eb1bb5e2ef2dd1b0c481bc42ff36ae7847f6ab52b976cfd5def172fa412defde270c8b8bdfb2ae1c7ece17d9833b1bcf31064fff78ef493f820055b561ece45e1009	af82
t-v2-bit-51-4	t	fc51cd8e6218a1a38da47ed00230f0580816ed13ba3303ac5deb911548908025	dfa2cba34b611cc8c833a6ea83b8eb1bb5e2ef2dd1b0c481bc42ff36ae7847f6ab52b976cfd5def172fa412defde270c8b8bdfaaae1c7ece17d9833b1bcf31064fff78ef493f820055b561ece45e1009	af82
t-v2-bit-51-5	t	fc51cd8e6218a1a38da47ed00230f0580816ed13ba3303ac5deb911548908025	dfa2cba34b611cc8c833a6ea83b8eb1bb5e2ef2dd1b0c481bc42ff36ae7847f6ab52b976cfd5def172fa412defde270c8b8bdf9aae1c7ece17d9833b1bcf31064fff78ef493f820055b561ece45e1009	af82
t-v2-bit-51-6	t	fc51cd8e6218a1a38da47ed00230f0580816ed13ba3303ac5deb911548908025	dfa2cba34b611cc8c833a6ea83b8eb1bb5e2ef2dd1b0c481bc42ff36ae7847f6ab52b976cfd5def172fa412defde270c8b8bdffaae1c7ece17d9833b1bcf31064fff78ef493f820055b561ece45e1009	af82
t-v2-bit-51-7	t	fc51cd8e6218a1a38da47ed00230f0580816ed13ba3303ac5deb911548908025	dfa2cba34b611cc8c833a6ea83b8eb1bb5e2ef2dd1b0c481bc42ff36ae7847f6ab52b976cfd5def172fa412defde270c8b8bdf3aae1c7ece17d9833b1bcf31064fff78ef493f820055b561ece45e1009	af82
t-v2-bit-52-0	t	fc51cd8e6218a1a38da47ed00230f0580816ed13ba3303ac5deb911548908025	dfa2cba34b611cc8c833a6ea83b8eb1bb5e2ef2dd1b0c481bc42ff36ae7847f6ab52b976cfd5def172fa412defde270c8b8bdfbaaf1c7ece17d9833b1bcf31064fff78ef493f820055b561ece45e1009	af82
t-v2-bit-52-1	t	fc51cd8e6218a1a38da47ed00230f0580816ed13ba3303ac5deb911548908025	dfa2cba34b611cc8c833a6ea83b8eb1bb5e2ef2dd1b0c481bc42ff36ae7847f6ab52b976cfd5def172fa412defde270c8b8bdfbaac1c7ece17d9833b1bcf31064fff78ef493f820055b561ece45e1009	af82
t-v2-bit-52-2	t	fc51cd8e6218a1a38da47ed00230f0580816ed13ba3303ac5deb911548908025	dfa2cba34b611cc8c833a6ea83b8eb1bb5e2ef2dd1b0c481bc42ff36ae7847f6ab52b976cfd5def172fa412defde270c8b8bdfbaaa1c7ece17d9833b1bcf31064fff78ef493f820055b561ece45e1009	af82
t-v2-bit-52-3	t	fc51cd8e6218a1a38da47ed00230f0580816ed13ba3303ac5deb911548908025	dfa2cba34b611cc8c833a6ea83b8eb1bb5e2ef2dd1b0c481bc42ff36ae7847f6ab52b976cfd5def172fa412defde270c8b8bdfbaa61c7ece17d9833b1bcf31064fff78ef493f820055b561ece45e1009	af82
t-v2-bit-52-4	t	fc51cd8e6218a1a38da47ed00230f0580816ed13ba3303ac5deb911548908025	dfa2cba34b611cc8c833a6ea83b8eb1bb5e2ef2dd1b0c481bc42ff36ae7847f6ab52b976cfd5def172fa412defde270c8b8bdfbabe1c7ece17d9833b1bcf31064fff78ef493f820055b561ece45e1009	af82
t-v2-bit-52-5	t	fc51cd8e6218a1a38da47ed00230f0580816ed13ba3303ac5deb911548908025	dfa2cba34b611cc8c833a6ea83b8eb1bb5e2ef2dd1b0c481bc42ff36ae7847f6ab52b976cfd5def172fa412defde270c8b8bdfba8e1c7ece17d9833b1bcf31064fff78ef493f820055b561ece45e1009	af82
t-v2-bit-52-6	t	fc51cd8e6218a1a38da47ed00230f0580816ed13ba3303ac5deb911548908025	dfa2cba34b611cc8c833a6ea83b8eb1bb5e2ef2dd1b0c481bc42ff36ae7847f6ab52b976cfd5def172fa412defde270c8b8bdfbaee1c7ece17d9833b1bcf31064fff78ef493f820055b561ece45e1009	af82
t-v2-bit-52-7	t	fc51cd8e6218a1a38da47ed00230f0580816ed13ba3303ac5deb911548908025	dfa2cba34b611cc8c833a6ea83b8eb1bb5e2ef2dd1b0c481bc42ff36ae7847f6ab52b976cfd5def172fa412defde270c8b8bdfba2e1c7ece17d9833b1bcf31064fff78ef493f820055b561ece45e1009	af82
t-v2-bit-53-0	t	fc51cd8e6218a1a38da47ed00230f0580816ed13ba3303ac5deb911548908025	dfa2cba34b611cc8c833a6ea83b8eb1bb5e2ef2dd1b0c481bc42ff36ae7847f6ab52b976cfd5def172fa412defde270c8b8bdfbaae1d7ece17d9833b1bcf31064fff78ef493f820055b561ece45e1009	af82
t-v2-bit-53-1	t	fc51cd8e6218a1a38da47ed00230f0580816ed13ba3303ac5deb911548908025	dfa2cba34b611cc8c833a6ea83b8eb1bb5e2ef2dd1b0c481bc42ff36ae7847f6ab52b976cfd5def172fa412defde270c8b8bdfbaae1e7ece17d9833b1bcf31064fff78ef493f820055b561ece45e1009	af82
t-v2-bit-53-2	t	fc51cd8e6218a1a38da47ed00230f0580816ed13ba3303ac5deb911548908025	dfa2cba34b611cc8c833a6ea83b8eb1bb5e2ef2dd1b0c481bc42ff36ae7847f6ab52b976cfd5def172fa412defde270c8b8bdfbaae187ece17d9833b1bcf31064fff78ef493f820055b561ece45e1009	af82
t-v2-bit-53-3	t	fc51cd8e6218a1a38da47ed00230f0580816ed13ba3303ac5deb911548908025	dfa2cba34b611cc8c833a6ea83b8eb1bb5e2ef2dd1b0c481bc42ff36ae7847f6ab52b976cfd5def172fa412defde270c8b8bdfbaae147ece17d9833b1bcf31064fff78ef493f820055b561ece45e1009	af82
t-v2-bit-53-4	t	fc51cd8e6218a1a38da47ed00230f0580816ed13ba3303ac5deb911548908025	dfa2cba34b611cc8c833a6ea83b8eb1bb5e2ef2dd1b0c481bc42ff36ae7847f6ab52b976cfd5def172fa412defde270c8b8bdfbaae0c7ece17d9833b1bcf31064fff78ef493f820055b561ece45e1009	af82
t-v2-bit-53-5	t	fc51cd8e6218a1a38da47ed00230f0580816ed13ba3303ac5deb911548908025	dfa2cba34b611cc8c833a6ea83b8eb1bb5e2ef2dd1b0c481bc42ff36ae7847f6ab52b976cfd5def172fa412defde270c8b8bdfbaae3c7ece17d9833b1bcf31064fff78ef493f820055b561ece45e1009	af82
t-v2-bit-53-6	t	fc51cd8e6218a1a38da47ed00230f0580816ed13ba3303ac5deb911548908025	dfa2cba34b611cc8c833a6ea83b8eb1bb5e2ef2dd1b0c481bc42ff36ae7847f6ab52b976cfd5def172fa412defde270c8b8bdfbaae5c7ece17d9833b1bcf31064fff78ef493f820055b561ece45e1009	af82
t-v2-bit-53-7	t	fc51cd8e6218a1a38da47ed00230f0580816ed13ba3303ac5deb911548908025	dfa2cba34b611cc8c833a6ea83b8eb1bb5e2ef2dd1b0c481bc42ff36ae7847f6ab52b976cfd5def172fa412defde270c8b8bdfbaae9c7ece17d9833b1bcf31064fff78ef493f820055b561ece45e1009	af82
t-v2-bit-54-0	t	fc51cd8e6218a1a38da47ed00230f0580816ed13ba3303ac5deb911548908025	dfa2cba34b611cc8c833a6ea83b8eb1bb5e2ef2dd1b0c481bc42ff36ae7847f6ab52b976cfd5def172fa412defde270c8b8bdfbaae1c7fce17d9833b1bcf31064fff78ef493f820055b561ece45e1009	af82
t-v2-bit-54-1	t	fc51cd8e6218a1a38da47ed00230f0580816ed13ba3303ac5deb911548908025	dfa2cba34b611cc8c833a6ea83b8eb1bb5e2ef2dd1b0c481bc42ff36ae7847f6ab52b976cfd5def172fa412defde270c8b8bdfbaae1c7cce17d9833b1bcf31064fff78ef493f820055b561ece45e1009	af82
t-v2-bit-54-2	t	fc51cd8e6218a1a38da47ed00230f0580816ed13ba3303ac5deb911548908025	dfa2cba34b611cc8c833a6ea83b8eb1bb5e2ef2dd1b0c481bc42ff36ae7847f6ab52b976cfd5def172fa412defde270c8b8bdfbaae1c7ace17d9833b1bcf31064fff78ef493f820055b561ece45e1009	af82
t-v2-bit-54-3	t	fc51cd8e6218a1a38da47ed00230f0580816ed13ba3303ac5deb911548908025	dfa2cba34b611cc8c833a6ea83b8eb1bb5e2ef2dd1b0c481bc42ff36ae7847f6ab52b976cfd5def172fa412defde270c8b8bdfbaae1c76ce17d9833b1bcf31064fff78ef493f820055b561ece45e1009	af82
t-v2-bit-54-4	t	fc51cd8e6218a1a38da47ed00230f0580816ed13ba3303ac5deb911548908025	dfa2cba34b611cc8c833a6ea83b8eb1bb5e2ef2dd1b0c481bc42ff36ae7847f6ab52b976cfd5def172fa412defde270c8b8bdfbaae1c6ece17d9833b1bcf31064fff78ef493f820055b561ece45e1009	af82
t-v2-bit-54-5	t	fc51cd8e6218a1a38da47ed00230f0580816ed13ba3303ac5deb911548908025	dfa2cba34b611cc8c833a6ea83b8eb1bb5e2ef2dd1b0c481bc42ff36ae7847f6ab52b976cfd5def172fa412defde270c8b8bdfbaae1c5ece17d9833b1bcf31064fff78ef493f820055b561ece45e1009	af82
t-v2-bit-54-6	t	fc51cd8e6218a1a38da47ed00230f0580816ed13ba3303ac5deb911548908025	dfa2cba34b611cc8c833a6ea83b8eb1bb5e2ef2dd1b0c481bc42ff36ae7847f6ab52b976cfd5def172fa412defde270c8b8bdfbaae1c3ece17d9833b1bcf31064fff78ef493f820055b561ece45e1009	af82
t-v2-bit-54-7	t	fc51cd8e6218a1a38da47ed00230f0580816ed13ba3303ac5deb911548908025	dfa2cba34b611cc8c833a6ea83b8eb1bb5e2ef2dd1b0c481bc42ff36ae7847f6ab52b976cfd5def172fa412defde270c8b8bdfbaae1cfece17d9833b1bcf31064fff78ef493f820055b561ece45e1009	af82
t-v2-bit-55-0	t	fc51cd8e6218a1a38da47ed00230f0580816ed13ba3303ac5deb911548908025	dfa2cba34b611cc8c833a6ea83b8eb1bb5e2ef2dd1b0c481bc42ff36ae7847f6ab52b976cfd5def172fa412defde270c8b8bdfbaae1c7ecf17d9833b1bcf31064fff78ef493f820055b561ece45e1009	af82
t-v2-bit-55-1	t	fc51cd8e6218a1a38da47ed00230f0580816ed13ba3303ac5deb911548908025	dfa2cba34b611cc8c833a6ea83b8eb1bb5e2ef2dd1b0c481bc42ff36ae7847f6ab52b976cfd5def172fa412defde270c8b8bdfbaae1c7ecc17d9833b1bcf31064fff78ef493f820055b561ece45e1009	af82
t-v2-bit-55-2	t	fc51cd8e6218a1a38da47ed00230f0580816ed13ba3303ac5deb911548908025	dfa2cba34b611cc8c833a6ea83b8eb1bb5e2ef2dd1b0c481bc42ff36ae7847f6ab52b976cfd5def172fa412defde270c8b8bdfbaae1c7eca17d9833b1bcf31064fff78ef493f820055b561ece45e1009	af82
t-v2-bit-55-3	t	fc51cd8e6218a1a38da47ed00230f0580816ed13ba3303ac5deb911548908025	dfa2cba34b611cc8c833a6ea83b8eb1bb5e2ef2dd1b0c481bc42ff36ae7847f6ab52b976cfd5def172fa412defde270c8b8bdfbaae1c7ec617d9833b1bcf31064fff78ef493f820055b561ece45e1009	af82
t-v2-bit-55-4	t	fc51cd8e6218a1a38da47ed00230f0580816ed13ba3303ac5deb911548908025	dfa2cba34b611cc8c833a6ea83b8eb1bb5e2ef2dd1b0c481bc42ff36ae7847f6ab52b976cfd5def172fa412defde270c8b8bdfbaae1c7ede17d9833b1bcf31064fff78ef493f820055b561ece45e1009	af82
t-v2-bit-55-5	t	fc51cd8e6218a1a38da47ed00230f0580816ed13ba3303ac5deb911548908025	dfa2cba34b611cc8c833a6ea83b8eb1bb5e2ef2dd1b0c481bc42ff36ae7847f6ab52b976cfd5def172fa412defde270c8b8bdfbaae1c7eee17d9833b1bcf31064fff78ef493f820055b561ece45e1009	af82
t-v2-bit-55-6	t	fc51cd8e6218a1a38da47ed00230f0580816ed13ba3303ac5deb911548908025	dfa2cba34b611cc8c833a6ea83b8eb1bb5e2ef2dd1b0c481bc42ff36ae7847f6ab52b976cfd5def172fa412defde270c8b8bdfbaae1c7e8e17d9833b1bcf31064fff78ef493f820055b561ece45e1009	af82
t-v2-bit-55-7	t	fc51cd8e6218a1a38da47ed00230f0580816ed13ba3303ac5deb911548908025	dfa2cba34b611cc8c833a6ea83b8eb1bb5e2ef2dd1b0c481bc42ff36ae7847f6ab52b976cfd5def172fa412defde270c8b8bdfbaae1c7e4e17d9833b1bcf31064fff78ef493f820055b561ece45e1009	af82
t-v2-bit-56-0	t	fc51cd8e6218a1a38da47ed00230f0580816ed13ba3303ac5deb911548908025	dfa2cba34b611cc8c833a6ea83b8eb1bb5e2ef2dd1b0c481bc42ff36ae7847f6ab52b976cfd5def172fa412defde270c8b8bdfbaae1c7ece16d9833b1bcf31064fff78ef493f820055b561ece45e1009	af82
t-v2-bit-56-1	t	fc51cd8e6218a1a38da47ed00230f0580816ed13ba3303ac5deb911548908025	dfa2cba34b611cc8c833a6ea83b8eb1bb5e2ef2dd1b0c481bc42ff36ae7847f6ab52b976cfd5def172fa412defde270c8b8bdfbaae1c7ece15d9833b1bcf31064fff78ef493f820055b561ece45e1009	af82
t-v2-bit-56-2	t	fc51cd8e6218a1a38da47ed00230f0580816ed13ba3303ac5deb911548908025	dfa2cba34b611cc8c833a6ea83b8eb1bb5e2ef2dd1b0c481bc42ff36ae7847f6ab52b976cfd5def172fa412defde270c8b8bdfbaae1c7ece13d9833b1bcf31064fff78ef493f820055b561ece45e1009	af82
t-v2-bit-56-3	t	fc51cd8e6218a1a38da47ed00230f0580816ed13ba3303ac5deb911548908025	dfa2cba34b611cc8c833a6ea83b8eb1bb5e2ef2dd1b0c481bc42ff36ae7847f6ab52b976cfd5def172fa412defde270c8b8bdfbaae1c7ece1fd9833b1bcf31064fff78ef493f820055b561ece45e1009	af82
t-v2-bit-56-4	t	fc51cd8e6218a1a38da47ed00230f0580816ed13ba3303ac5deb911548908025	dfa2cba34b611cc8c833a6ea83b8eb1bb5e2ef2dd1b0c481bc42ff36ae7847f6ab52b976cfd5def172fa412defde270c8b8bdfbaae1c7ece07d9833b1bcf31064fff78ef493f820055b561ece45e1009	af82
t-v2-bit-56-5	t	fc51cd8e6218a1a38da47ed00230f0580816ed13ba3303ac5deb911548908025	dfa2cba34b611cc8c833a6ea83b8eb1bb5e2ef2dd1b0c481bc42ff36ae7847f6ab52b976cfd5def172fa412defde270c8b8bdfbaae1c7ece37d9833b1bcf31064fff78ef493f820055b561ece45e1009	af82
t-v2-bit-56-6	t	fc51cd8e6218a1a38da47ed00230f0580816ed13ba3303ac5deb911548908025	dfa2cba34b611cc8c833a6ea83b8eb1bb5e2ef2dd1b0c481bc42ff36ae7847f6ab52b976cfd5def172fa412defde270c8b8bdfbaae1c7ece57d9833b1bcf31064fff78ef493f820055b561ece45e1009	af82
t-v2-bit-56-7	t	fc51cd8e6218a1a38da47ed00230f0580816ed13ba3303ac5deb911548908025	dfa2cba34b611cc8c833a6ea83b8eb1bb5e2ef2dd1b0c481bc42ff36ae7847f6ab52b976cfd5def172fa412defde270c8b8bdfbaae1c7ece97d9833b1bcf31064fff78ef493f820055b561ece45e1009	af82
t-v2-bit-57-0	t	fc51cd8e6218a1a38da47ed00230f0580816ed13ba3303ac5deb911548908025	dfa2cba34b611cc8c833a6ea83b8eb1bb5e2ef2dd1b0c481bc42ff36ae7847f6ab52b976cfd5def172fa412defde270c8b8bdfbaae1c7ece17d8833b1bcf31064fff78ef493f820055b561ece45e1009	af82
t-v2-bit-57-1	t	fc51cd8e6218a1a38da47ed00230f0580816ed13ba3303ac5deb911548908025	dfa2cba34b611cc8c833a6ea83b8eb1bb5e2ef2dd1b0c481bc42ff36ae7847f6ab52b976cfd5def172fa412defde270c8b8bdfbaae1c7ece17db833b1bcf31064fff78ef493f820055b561ece45e1009	af82
t-v2-bit-57-2	t	fc51cd8e6218a1a38da47ed00230f0580816ed13ba3303ac5deb911548908025	dfa2cba34b611cc8c833a6ea83b8eb1bb5e2ef2dd1b0c481bc42ff36ae7847f6ab52b976cfd5def172fa412defde270c8b8bdfbaae1c7ece17dd833b1bcf31064fff78ef493f820055b561ece45e1009	af82
t-v2-bit-57-3	t	fc51cd8e6218a1a38da47ed00230f0580816ed13ba3303ac5deb911548908025	dfa2cba34b611cc8c833a6ea83b8eb1bb5e2ef2dd1b0c481bc42ff36ae7847f6ab52b976cfd5def172fa412defde270c8b8bdfbaae1c7ece17d1833b1bcf31064fff78ef493f820055b561ece45e1009	af82
t-v2-bit-57-4	t	fc51cd8e6218a1a38da47ed00230f0580816ed13ba3303ac5deb911548908025	dfa2cba34b611cc8c833a6ea83b8eb1bb5e2ef2dd1b0c481bc42ff36ae7847f6ab52b976cfd5def172fa412defde270c8b8bdfbaae1c7ece17c9833b1bcf31064fff78ef493f820055b561ece45e1009	af82
t-v2-bit-57-5	t	fc51cd8e6218a1a38da47ed00230f0580816ed13ba3303ac5deb911548908025	dfa2cba34b611cc8c833a6ea83b8eb1bb5e2ef2dd1b0c481bc42ff36ae7847f6ab52b976cfd5def172fa412defde270c8b8bdfbaae1c7ece17f9833b1bcf31064fff78ef493f820055b561ece45e1009	af82
t-v2-bit-57-6	t	fc51cd8e6218a1a38da47ed00230f0580816ed13ba3303ac5deb911548908025	dfa2cba34b611cc8c833a6ea83b8eb1bb5e2ef2dd1b0c481bc42ff36ae7847f6ab52b976cfd5def172fa412defde270c8b8bdfbaae1c7ece1799833b1bcf31064fff78ef493f820055b561ece45e1009	af82
t-v2-bit-57-7	t	fc51cd8e6218a1a38da47ed00230f0580816ed13ba3303ac5deb911548908025	dfa2cba34b611cc8c833a6ea83b8eb1bb5e2ef2dd1b0c481bc42ff36ae7847f6ab52b976cfd5def172fa412defde270c8b8bdfbaae1c7ece1759833b1bcf31064fff78ef493f820055b561ece45e1009	af82
t-v2-bit-58-0	t	fc51cd8e6218a1a38da47ed00230f0580816ed13ba3303ac5deb911548908025	dfa2cba34b611cc8c833a6ea83b8eb1bb5e2ef2dd1b0c481bc42ff36ae7847f6ab52b976cfd5def172fa412defde270c8b8bdfbaae1c7ece17d9823b1bcf31064fff78ef493f820055b561ece45e1009	af82
t-v2-bit-58-1	t	fc51cd8e6218a1a38da47ed00230f0580816ed13ba3303ac5deb911548908025	dfa2cba34b611cc8c833a6ea83b8eb1bb5e2ef2dd1b0c481bc42ff36ae7847f6ab52b976cfd5def172fa412defde270c8b8bdfbaae1c7ece17d9813b1bcf31064fff78ef493f820055b561ece45e1009	af82
t-v2-bit-58-2	t	fc51cd8e6218a1a38da47ed00230f0580816ed13ba3303ac5deb911548908025	dfa2cba34b611cc8c833a6ea83b8eb1bb5e2ef2dd1b0c481bc42ff36ae7847f6ab52b976cfd5def172fa412defde270c8b8bdfbaae1c7ece17d9873b1bcf31064fff78ef493f820055b561ece45e1009	af82
t-v2-bit-58-3	t	fc51cd8e6218a1a38da47ed00230f0580816ed13ba3303ac5deb911548908025	dfa2cba34b611cc8c833a6ea83b8eb1bb5e2ef2dd1b0c481bc42ff36ae7847f6ab52b976cfd5def172fa412defde270c8b8bdfbaae1c7ece17d98b3b1bcf31064fff78ef493f820055b561ece45e1009	af82
t-v2-bit-58-4	t	fc51cd8e6218a1a38da47ed00230f0580816ed13ba3303ac5deb911548908025	dfa2cba34b611cc8c833a6ea83b8eb1bb5e2ef2dd1b0c481bc42ff36ae7847f6ab52b976cfd5def172fa412defde270c8b8bdfbaae1c7ece17d9933b1bcf31064fff78ef493f820055b561ece45e1009	af82
t-v2-bit-58-5	t	fc51cd8e6218a1a38da47ed00230f0580816ed13ba3303ac5deb911548908025	dfa2cba34b611cc8c833a6ea83b8eb1bb5e2ef2dd1b0c481bc42ff36ae7847f6ab52b976cfd5def172fa412defde270c8b8bdfbaae1c7ece17d9a33b1bcf31064fff78ef493f820055b561ece45e1009	af82
t-v2-bit-58-6	t	fc51cd8e6218a1a38da47ed00230f0580816ed13ba3303ac5deb911548908025	dfa2cba34b611cc8c833a6ea83b8eb1bb5e2ef2dd1b0c481bc42ff36ae7847f6ab52b976cfd5def172fa412defde270c8b8bdfbaae1c7ece17d9c33b1bcf31064fff78ef493f820055b561ece45e1009	af82
t-v2-bit-58-7	t	fc51cd8e6218a1a38da47ed00230f0580816ed13ba3303ac5deb911548908025	dfa2cba34b611cc8c833a6ea83b8eb1bb5e2ef2dd1b0c481bc42ff36ae7847f6ab52b976cfd5def172fa412defde270c8b8bdfbaae1c7ece17d9033b1bcf31064fff78ef493f820055b561ece45e1009	af82
t-v2-bit-59-0	t	fc51cd8e6218a1a38da47ed00230f0580816ed13ba3303ac5deb911548908025	dfa2cba34b611cc8c833a6ea83b8eb1bb5e2ef2dd1b0c481bc42ff36ae7847f6ab52b976cfd5def172fa412defde270c8b8bdfbaae1c7ece17d9833a1bcf31064fff78ef493f820055b561ece45e1009	af82
t-v2-bit-59-1	t	fc51cd8e6218a1a38da47ed00230f0580816ed13ba3303ac5deb911548908025	dfa2cba34b611cc8c833a6ea83b8eb1bb5e2ef2dd1b0c481bc42ff36ae7847f6ab52b976cfd5def172fa412defde270c8b8bdfbaae1c7ece17d983391bcf31064fff78ef493f820055b561ece45e1009	af82
t-v2-bit-59-2	t	fc51cd8e6218a1a38da47ed00230f0580816ed13ba3303ac5deb911548908025	dfa2cba34b611cc8c833a6ea83b8eb1bb5e2ef2dd1b0c481bc42ff36ae7847f6ab52b976cfd5def172fa412defde270c8b8bdfbaae1c7ece17d9833f1bcf31064fff78ef493f820055b561ece45e1009	af82
t-v2-bit-59-3	t	fc51cd8e6218a1a38da47ed00230f0580816ed13ba3303ac5deb911548908025	dfa2cba34b611cc8c833a6ea83b8eb1bb5e2ef2dd1b0c481bc42ff36ae7847f6ab52b976cfd5def172fa412defde270c8b8bdfbaae1c7ece17d983331bcf31064fff78ef493f820055b561ece45e1009	af82
t-v2-bit-59-4	t	fc51cd8e6218a1a38da47ed00230f0580816ed13ba3303ac5deb911548908025	dfa2cba34b611cc8c833a6ea83b8eb1bb5e2ef2dd1b0c481bc42ff36ae7847f6ab52b976cfd5def172fa412defde270c8b8bdfbaae1c7ece17d9832b1bcf31064fff78ef493f820055b561ece45e1009	af82
t-v2-bit-59-5	t	fc51cd8e6218a1a38da47ed00230f0580816ed13ba3303ac5deb911548908025	dfa2cba34b611cc8c833a6ea83b8eb1bb5e2ef2dd1b0c481bc42ff36ae7847f6ab52b976cfd5def172fa412defde270c8b8bdfbaae1c7ece17d9831b1bcf31064fff78ef493f820055b561ece45e1009	af82
t-v2-bit-59-6	t	fc51cd8e6218a1a38da47ed00230f0580816ed13ba3303ac5deb911548908025	dfa2cba34b611cc8c833a6ea83b8eb1bb5e2ef2dd1b0c481bc42ff36ae7847f6ab52b976cfd5def172fa412defde270c8b8bdfbaae1c7ece17d9837b1bcf31064fff78ef493f820055b561ece45e1009	af82
t-v2-bit-59-7	t	fc51cd8e6218a1a38da47ed00230f0580816ed13ba3303ac5deb911548908025	dfa2cba34b611cc8c833a6ea83b8eb1bb5e2ef2dd1b0c481bc42ff36ae7847f6ab52b976cfd5def172fa412defde270c8b8bdfbaae1c7ece17d983bb1bcf31064fff78ef493f820055b561ece45e1009	af82
t-v2-bit-60-0	t	fc51cd8e6218a1a38da47ed00230f0580816ed13ba3303ac5deb911548908025	dfa2cba34b611cc8c833a6ea83b8eb1bb5e2ef2dd1b0c481bc42ff36ae7847f6ab52b976cfd5def172fa412defde270c8b8bdfbaae1c7ece17d9833b1acf31064fff78ef493f820055b561ece45e1009	af82
t-v2-bit-60-1	t	fc51cd8e6218a1a38da47ed00230f0580816ed13ba3303ac5deb911548908025	dfa2cba34b611cc8c833a6ea83b8eb1bb5e2ef2dd1b0c481bc42ff36ae7847f6ab52b976cfd5def172fa412defde270c8b8bdfbaae1c7ece17d9833b19cf31064fff78ef493f820055b561ece45e1009	af82
t-v2-bit-60-2	t	fc51cd8e6218a1a38da47ed00230f0580816ed13ba3303ac5deb911548908025	dfa2cba34b611cc8c833a6ea83b8eb1bb5e2ef2dd1b0c481bc42ff36ae7847f6ab52b976cfd5def172fa412defde270c8b8bdfbaae1c7ece17d9833b1fcf31064fff78ef493f820055b561ece45e1009	af82
t-v2-bit-60-3	t	fc51cd8e6218a1a38da47ed00230f0580816ed13ba3303ac5deb911548908025	dfa2cba34b611cc8c833a6ea83b8eb1bb5e2ef2dd1b0c481bc42ff36ae7847f6ab52b976cfd5def172fa412defde270c8b8bdfbaae1c7ece17d9833b13cf31064fff78ef493f820055b561ece45e1009	af82
t-v2-bit-60-4	t	fc51cd8e6218a1a38da47ed00230f0580816ed13ba3303ac5deb911548908025	dfa2cba34b611cc8c833a6ea83b8eb1bb5e2ef2dd1b0c481bc42ff36ae7847f6ab52b976cfd5def172fa412defde270c8b8bdfbaae1c7ece17d9833b0bcf31064fff78ef493f820055b561ece45e1009	af82
t-v2-bit-60-5	t	fc51cd8e6218a1a38da47ed00230f0580816ed13ba3303ac5deb911548908025	dfa2cba34b611cc8c833a6ea83b8eb1bb5e2ef2dd1b0c481bc42ff36ae7847f6ab52b976cfd5def172fa412defde270c8b8bdfbaae1c7ece17d9833b3bcf31064fff78ef493f820055b561ece45e1009	af82
t-v2-bit-60-6	t	fc51cd8e6218a1a38da47ed00230f0580816ed13ba3303ac5deb911548908025	dfa2cba34b611cc8c833a6ea83b8eb1bb5e2ef2dd1b0c481bc42ff36ae7847f6ab52b976cfd5def172fa412defde270c8b8bdfbaae1c7ece17d9833b5bcf31064fff78ef493f820055b561ece45e1009	af82
t-v2-bit-60-7	t	fc51cd8e6218a1a38da47ed00230f0580816ed13ba3303ac5deb911548908025	dfa2cba34b611cc8c833a6ea83b8eb1bb5e2ef2dd1b0c481bc42ff36ae7847f6ab52b976cfd5def172fa412defde270c8b8bdfbaae1c7ece17d9833b9bcf31064fff78ef493f820055b561ece45e1009	af82
t-v2-bit-61-0	t	fc51cd8e6218a1a38da47ed00230f0580816ed13ba3303ac5deb911548908025	dfa2cba34b611cc8c833a6ea83b8eb1bb5e2ef2dd1b0c481bc42ff36ae7847f6ab52b976cfd5def172fa412defde270c8b8bdfbaae1c7ece17d9833b1bce31064fff78ef493f820055b561ece45e1009	af82
t-v2-bit-61-1	t	fc51cd8e6218a1a38da47ed00230f0580816ed13ba3303ac5deb911548908025	dfa2cba34b611cc8c833a6ea83b8eb1bb5e2ef2dd1b0c481bc42ff36ae7847f6ab52b976cfd5def172fa412defde270c8b8bdfbaae1c7ece17d9833b1bcd31064fff78ef493f820055b561ece45e1009	af82
t-v2-bit-61-2	t	fc51cd8e6218a1a38da47ed00230f0580816ed13ba3303ac5deb911548908025	dfa2cba34b611cc8c833a6ea83b8eb1bb5e2ef2dd1b0c481bc42ff36ae7847f6ab52b976cfd5def172fa412defde270c8b8bdfbaae1c7ece17d9833b1bcb31064fff78ef493f820055b561ece45e1009	af82
t-v2-bit-61-3	t	fc51cd8e6218a1a38da47ed00230f0580816ed13ba3303ac5deb911548908025	dfa2cba34b611cc8c833a6ea83b8eb1bb5e2ef2dd1b0c481bc42ff36ae7847f6ab52b976cfd5def172fa412defde270c8b8bdfbaae1c7ece17d9833b1bc731064fff78ef493f820055b561ece45e1009	af82
t-v2-bit-61-4	t	fc51cd8e6218a1a38da47ed00230f0580816ed13ba3303ac5deb911548908025	dfa2cba34b611cc8c833a6ea83b8eb1bb5e2ef2dd1b0c481bc42ff36ae7847f6ab52b976cfd5def172fa412defde270c8b8bdfbaae1c7ece17d9833b1bdf31064fff78ef493f820055b561ece45e1009	af82
t-v2-bit-61-5	t	fc51cd8e6218a1a38da47ed00230f0580816ed13ba3303ac5deb911548908025	dfa2cba34b611cc8c833a6ea83b8eb1bb5e2ef2dd1b0c481bc42ff36ae7847f6ab52b976cfd5def172fa412defde270c8b8bdfbaae1c7ece17d9833b1bef31064fff78ef493f820055b561ece45e1009	af82
t-v2-bit-61-6	t	fc51cd8e6218a1a38da47ed00230f0580816ed13ba3303ac5deb911548908025	dfa2cba34b611cc8c833a6ea83b8eb1bb5e2ef2dd1b0c481bc42ff36ae7847f6ab52b976cfd5def172fa412defde270c8b8bdfbaae1c7ece17d9833b1b8f31064fff78ef493f820055b561ece45e1009	af82
t-v2-bit-61-7	t	fc51cd8e6218a1a38da47ed00230f0580816ed13ba3303ac5deb911548908025	dfa2cba34b611cc8c833a6ea83b8eb1bb5e2ef2dd1b0c481bc42ff36ae7847f6ab52b976cfd5def172fa412defde270c8b8bdfbaae1c7ece17d9833b1b4f31064fff78ef493f820055b561ece45e1009	af82
t-v2-bit-62-0	t	fc51cd8e6218a1a38da47ed00230f0580816ed13ba3303ac5deb911548908025	dfa2cba34b611cc8c833a6ea83b8eb1bb5e2ef2dd1b0c481bc42ff36ae7847f6ab52b976cfd5def172fa412defde270c8b8bdfbaae1c7ece17d9833b1bcf30064fff78ef493f820055b561ece45e1009	af82
t-v2-bit-62-1	t	fc51cd8e6218a1a38da47ed00230f0580816ed13ba3303ac5deb911548908025	dfa2cba34b611cc8c833a6ea83b8eb1bb5e2ef2dd1b0c481bc42ff36ae7847f6ab52b976cfd5def172fa412defde270c8b8bdfbaae1c7ece17d9833b1bcf33064fff78ef493f820055b561ece45e1009	af82
t-v2-bit-62-2	t	fc51cd8e6218a1a38da47ed00230f0580816ed13ba3303ac5deb911548908025	dfa2cba34b611cc8c833a6ea83b8eb1bb5e2ef2dd1b0c481bc42ff36ae7847f6ab52b976cfd5def172fa412defde270c8b8bdfbaae1c7ece17d9833b1bcf35064fff78ef493f820055b561ece45e1009	af82
t-v2-bit-62-3	t	fc51cd8e6218a1a38da47ed00230f0580816ed13ba3303ac5deb911548908025	dfa2cba34b611cc8c833a6ea83b8eb1bb5e2ef2dd1b0c481bc42ff36ae7847f6ab52b976cfd5def172fa412defde270c8b8bdfbaae1c7ece17d9833b1bcf39064fff78ef493f820055b561ece45e1009	af82
t-v2-bit-62-4	t	fc51cd8e6218a1a38da47ed00230f0580816ed13ba3303ac5deb911548908025	dfa2cba34b611cc8c833a6ea83b8eb1bb5e2ef2dd1b0c481bc42ff36ae7847f6ab52b976cfd5def172fa412defde270c8b8bdfbaae1c7ece17d9833b1bcf21064fff78ef493f820055b561ece45e1009	af82
t-v2-bit-62-5	t	fc51cd8e6218a1a38da47ed00230f0580816ed13ba3303ac5deb911548908025	dfa2cba34b611cc8c833a6ea83b8eb1bb5e2ef2dd1b0c481bc42ff36ae7847f6ab52b976cfd5def172fa412defde270c8b8bdfbaae1c7ece17d9833b1bcf11064fff78ef493f820055b561ece45e1009	af82
t-v2-bit-62-6	t	fc51cd8e6218a1a38da47ed00230f0580816ed13ba3303ac5deb911548908025	dfa2cba34b611cc8c833a6ea83b8eb1bb5e2ef2dd1b0c481bc42ff36ae7847f6ab52b976cfd5def172fa412defde270c8b8bdfbaae1c7ece17d9833b1bcf71064fff78ef493f820055b561ece45e1009	af82
t-v2-bit-62-7	t	fc51cd8e6218a1a38da47ed00230f0580816ed13ba3303ac5deb911548908025	dfa2cba34b611cc8c833a6ea83b8eb1bb5e2ef2dd1b0c481bc42ff36ae7847f6ab52b976cfd5def172fa412defde270c8b8bdfbaae1c7ece17d9833b1bcfb1064fff78ef493f820055b561ece45e1009	af82
t-v2-bit-63-0	t	fc51cd8e6218a1a38da47ed00230f0580816ed13ba3303ac5deb911548908025	dfa2cba34b611cc8c833a6ea83b8eb1bb5e2ef2dd1b0c481bc42ff36ae7847f6ab52b976cfd5def172fa412defde270c8b8bdfbaae1c7ece17d9833b1bcf31074fff78ef493f820055b561ece45e1009	af82
t-v2-bit-63-1	t	fc51cd8e6218a1a38da47ed00230f0580816ed13ba3303ac5deb911548908025	dfa2cba34b611cc8c833a6ea83b8eb1bb5e2ef2dd1b0c481bc42ff36ae7847f6ab52b976cfd5def172fa412defde270c8b8bdfbaae1c7ece17d9833b1bcf31044fff78ef493f820055b561ece45e1009	af82
t-v2-bit-63-2	t	fc51cd8e6218a1a38da47ed00230f0580816ed13ba3303ac5deb911548908025	dfa2cba34b611cc8c833a6ea83b8eb1bb5e2ef2dd1b0c481bc42ff36ae7847f6ab52b976cfd5def172fa412defde270c8b8bdfbaae1c7ece17d9833b1bcf31024fff78ef493f820055b561ece45e1009	af82
t-v2-bit-63-3	t	fc51cd8e6218a1a38da47ed00230f0580816ed13ba3303ac5deb911548908025	dfa2cba34b611cc8c833a6ea83b8eb1bb5e2ef2dd1b0c481bc42ff36ae7847f6ab52b976cfd5def172fa412defde270c8b8bdfbaae1c7ece17d9833b1bcf310e4fff78ef493f820055b561ece45e1009	af82
t-v2-bit-63-4	t	fc51cd8e6218a1a38da47ed00230f0580816ed13ba3303ac5deb911548908025	dfa2cba34b611cc8c833a6ea83b8eb1bb5e2ef2dd1b0c481bc42ff36ae7847f6ab52b976cfd5def172fa412defde270c8b8bdfbaae1c7ece17d9833b1bcf31164fff78ef493f820055b561ece45e1009	af82
t-v2-bit-63-5	t	fc51cd8e6218a1a38da47ed00230f0580816ed13ba3303ac5deb911548908025	dfa2cba34b611cc8c833a6ea83b8eb1bb5e2ef2dd1b0c481bc42ff36ae7847f6ab52b976cfd5def172fa412defde270c8b8bdfbaae1c7ece17d9833b1bcf31264fff78ef493f820055b561ece45e1009	af82
t-v2-bit-63-6	t	fc51cd8e6218a1a38da47ed00230f0580816ed13ba3303ac5deb911548908025	dfa2cba34b611cc8c833a6ea83b8eb1bb5e2ef2dd1b0c481bc42ff36ae7847f6ab52b976cfd5def172fa412defde270c8b8bdfbaae1c7ece17d9833b1bcf31464fff78ef493f820055b561ece45e1009	af82
t-v2-bit-63-7	t	fc51cd8e6218a1a38da47ed00230f0580816ed13ba3303ac5deb911548908025	dfa2cba34b611cc8c833a6ea83b8eb1bb5e2ef2dd1b0c481bc42ff36ae7847f6ab52b976cfd5def172fa412defde270c8b8bdfbaae1c7ece17d9833b1bcf31864fff78ef493f820055b561ece45e1009	af82
t-v2-bit-64-0	t	fc51cd8e6218a1a38da47ed00230f0580816ed13ba3303ac5deb911548908025	dfa2cba34b611cc8c833a6ea83b8eb1bb5e2ef2dd1b0c481bc42ff36ae7847f6ab52b976cfd5def172fa412defde270c8b8bdfbaae1c7ece17d9833b1bcf31064eff78ef493f820055b561ece45e1009	af82
t-v2-bit-64-1	t	fc51cd8e6218a1a38da47ed00230f0580816ed13ba3303ac5deb911548908025	dfa2cba34b611cc8c833a6ea83b8eb1bb5e2ef2dd1b0c481bc42ff36ae7847f6ab52b976cfd5def172fa412defde270c8b8bdfbaae1c7ece17d9833b1bcf31064dff78ef493f820055b561ece45e1009	af82
t-v2-bit-64-2	t	fc51cd8e6218a1a38da47ed00230f0580816ed13ba3303ac5deb911548908025	dfa2cba34b611cc8c833a6ea83b8eb1bb5e2ef2dd1b0c481bc42ff36ae7847f6ab52b976cfd5def172fa412defde270c8b8bdfbaae1c7ece17d9833b1bcf31064bff78ef493f820055b561ece45e1009	af82
t-v2-bit-64-3	t	fc51cd8e6218a1a38da47ed00230f0580816ed13ba3303ac5deb911548908025	dfa2cba34b611cc8c833a6ea83b8eb1bb5e2ef2dd1b0c481bc42ff36ae7847f6ab52b976cfd5def172fa412defde270c8b8bdfbaae1c7ece17d9833b1bcf310647ff78ef493f820055b561ece45e1009	af82
t-v2-bit-64-4	t	fc51cd8e6218a1a38da47ed00230f0580816ed13ba3303ac5deb911548908025	dfa2cba34b611cc8c833a6ea83b8eb1bb5e2ef2dd1b0c481bc42ff36ae7847f6ab52b976cfd5def172fa412defde270c8b8bdfbaae1c7ece17d9833b1bcf31065fff78ef493f820055b561ece45e1009	af82
t-v2-bit-64-5	t	fc51cd8e6218a1a38da47ed00230f0580816ed13ba3303ac5deb911548908025	dfa2cba34b611cc8c833a6ea83b8eb1bb5e2ef2dd1b0c481bc42ff36ae7847f6ab52b976cfd5def172fa412defde270c8b8bdfbaae1c7ece17d9833b1bcf31066fff78ef493f820055b561ece45e1009	af82
t-v2-bit-64-6	t	fc51cd8e6218a1a38da47ed00230f0580816ed13ba3303ac5deb911548908025	dfa2cba34b611cc8c833a6ea83b8eb1bb5e2ef2dd1b0c481bc42ff36ae7847f6ab52b976cfd5def172fa412defde270c8b8bdfbaae1c7ece17d9833b1bcf31060fff78ef493f820055b561ece45e1009	af82
t-v2-bit-64-7	t	fc51cd8e6218a1a38da47ed00230f0580816ed13ba3303ac5deb911548908025	dfa2cba34b611cc8c833a6ea83b8eb1bb5e2ef2dd1b0c481bc42ff36ae7847f6ab52b976cfd5def172fa412defde270c8b8bdfbaae1c7ece17d9833b1bcf3106cfff78ef493f820055b561ece45e1009	af82
t-v2-bit-65-0	t	fc51cd8e6218a1a38da47ed00230f0580816ed13ba3303ac5deb911548908025	dfa2cba34b611cc8c833a6ea83b8eb1bb5e2ef2dd1b0c481bc42ff36ae7847f6ab52b976cfd5def172fa412defde270c8b8bdfbaae1c7ece17d9833b1bcf31064ffe78ef493f820055b561ece45e1009	af82
t-v2-bit-65-1	t	fc51cd8e6218a1a38da47ed00230f0580816ed13ba3303ac5deb911548908025	dfa2cba34b611cc8c833a6ea83b8eb1bb5e2ef2dd1b0c481bc42ff36ae7847f6ab52b976cfd5def172fa412defde270c8b8bdfbaae1c7ece17d9833b1bcf31064ffd78ef493f820055b561ece45e1009	af82
t-v2-bit-65-2	t	fc51cd8e6218a1a38da47ed00230f0580816ed13ba3303ac5deb911548908025	dfa2cba34b611cc8c833a6ea83b8eb1bb5e2ef2dd1b0c481bc42ff36ae7847f6ab52b976cfd5def172fa412defde270c8b8bdfbaae1c7ece17d9833b1bcf31064ffb78ef493f820055b561ece45e1009	af82
t-v2-bit-65-3	t	fc51cd8e6218a1a38da47ed00230f0580816ed13ba3303ac5deb911548908025	dfa2cba34b611cc8c833a6ea83b8eb1bb5e2ef2dd1b0c481bc42ff36ae7847f6ab52b976cfd5def172fa412defde270c8b8bdfbaae1c7ece17d9833b1bcf31064ff778ef493f820055b561ece45e1009	af82
t-v2-bit-65-4	t	fc51cd8e6218a1a38da47ed00230f0580816ed13ba3303ac5deb911548908025	dfa2cba34b611cc8c833a6ea83b8eb1bb5e2ef2dd1b0c481bc42ff36ae7847f6ab52b976cfd5def172fa412defde270c8b8bdfbaae1c7ece17d9833b1bcf31064fef78ef493f820055b561ece45e1009	af82
t-v2-bit-65-5	t	fc51cd8e6218a1a38da47ed00230f0580816ed13ba3303ac5deb911548908025	dfa2cba34b611cc8c833a6ea83b8eb1bb5e2ef2dd1b0c481bc42ff36ae7847f6ab52b976cfd5def172fa412defde270c8b8bdfbaae1c7ece17d9833b1bcf31064fdf78ef493f820055b561ece45e1009	af82
t-v2-bit-65-6	t	fc51cd8e6218a1a38da47ed00230f0580816ed13ba3303ac5deb911548908025	dfa2cba34b611cc8c833a6ea83b8eb1bb5e2ef2dd1b0c481bc42ff36ae7847f6ab52b976cfd5def172fa412defde270c8b8bdfbaae1c7ece17d9833b1bcf31064fbf78ef493f820055b561ece45e1009	af82
t-v2-bit-65-7	t	fc51cd8e6218a1a38da47ed00230f0580816ed13ba3303ac5deb911548908025	dfa2cba34b611cc8c833a6ea83b8eb1bb5e2ef2dd1b0c481bc42ff36ae7847f6ab52b976cfd5def172fa412defde270c8b8bdfbaae1c7ece17d9833b1bcf31064f7f78ef493f820055b561ece45e1009	af82
t-v2-bit-66-0	t	fc51cd8e6218a1a38da47ed00230f0580816ed13ba3303ac5deb911548908025	dfa2cba34b611cc8c833a6ea83b8eb1bb5e2ef2dd1b0c481bc42ff36ae7847f6ab52b976cfd5def172fa412defde270c8b8bdfbaae1c7ece17d9833b1bcf31064fff79ef493f820055b561ece45e1009	af82
t-v2-bit-66-1	t	fc51cd8e6218a1a38da47ed00230f0580816ed13ba3303ac5deb911548908025	dfa2cba34b611cc8c833a6ea83b8eb1bb5e2ef2dd1b0c481bc42ff36ae7847f6ab52b976cfd5def172fa412defde270c8b8bdfbaae1c7ece17d9833b1bcf31064fff7aef493f820055b561ece45e1009	af82
t-v2-bit-66-2	t	fc51cd8e6218a1a38da47ed00230f0580816ed13ba3303ac5deb911548908025	dfa2cba34b611cc8c833a6ea83b8eb1bb5e2ef2dd1b0c481bc42ff36ae7847f6ab52b976cfd5def172fa412defde270c8b8bdfbaae1c7ece17d9833b1bcf31064fff7cef493f820055b561ece45e1009	af82
t-v2-bit-66-3	t	fc51cd8e6218a1a38da47ed00230f0580816ed13ba3303ac5deb911548908025	dfa2cba34b611cc8c833a6ea83b8eb1bb5e2ef2dd1b0c481bc42ff36ae7847f6ab52b976cfd5def172fa412defde270c8b8bdfbaae1c7ece17d9833b1bcf31064fff70ef493f820055b561ece45e1009	af82
t-v2-bit-66-4	t	fc51cd8e6218a1a38da47ed00230f0580816ed13ba3303ac5deb911548908025	dfa2cba34b611cc8c833a6ea83b8eb1bb5e2ef2dd1b0c481bc42ff36ae7847f6ab52b976cfd5def172fa412defde270c8b8bdfbaae1c7ece17d9833b1bcf31064fff68ef493f820055b561ece45e1009	af82
t-v2-bit-66-5	t	fc51cd8e6218a1a38da47ed00230f0580816ed13ba3303ac5deb911548908025	dfa2cba34b611cc8c833a6ea83b8eb1bb5e2ef2dd1b0c481bc42ff36ae7847f6ab52b976cfd5def172fa412defde270c8b8bdfbaae1c7ece17d9833b1bcf31064fff58ef493f820055b561ece45e1009	af82
t-v2-bit-66-6	t	fc51cd8e6218a1a38da47ed00230f0580816ed13ba3303ac5deb911548908025	dfa2cba34b611cc8c833a6ea83b8eb1bb5e2ef2dd1b0c481bc42ff36ae7847f6ab52b976cfd5def172fa412defde270c8b8bdfbaae1c7ece17d9833b1bcf31064fff38ef493f820055b561ece45e1009	af82
t-v2-bit-66-7	t	fc51cd8e6218a1a38da47ed00230f0580816ed13ba3303ac5deb911548908025	dfa2cba34b611cc8c833a6ea83b8eb1bb5e2ef2dd1b0c481bc42ff36ae7847f6ab52b976cfd5def172fa412defde270c8b8bdfbaae1c7ece17d9833b1bcf31064ffff8ef493f820055b561ece45e1009	af82
t-v2-bit-67-0	t	fc51cd8e6218a1a38da47ed00230f0580816ed13ba3303ac5deb911548908025	dfa2cba34b611cc8c833a6ea83b8eb1bb5e2ef2dd1b0c481bc42ff36ae7847f6ab52b976cfd5def172fa412defde270c8b8bdfbaae1c7ece17d9833b1bcf31064fff78ee493f820055b561ece45e1009	af82
t-v2-bit-67-1	t	fc51cd8e6218a1a38da47ed00230f0580816ed13ba3303ac5deb911548908025	dfa2cba34b611cc8c833a6ea83b8eb1bb5e2ef2dd1b0c481bc42ff36ae7847f6ab52b976cfd5def172fa412defde270c8b8bdfbaae1c7ece17d9833b1bcf31064fff78ed493f820055b561ece45e1009	af82
t-v2-bit-67-2	t	fc51cd8e6218a1a38da47ed00230f0580816ed13ba3303ac5deb911548908025	dfa2cba34b611cc8c833a6ea83b8eb1bb5e2ef2dd1b0c481bc42ff36ae7847f6ab52b976cfd5def172fa412defde270c8b8bdfbaae1c7ece17d9833b1bcf31064fff78eb493f820055b561ece45e1009	af82
t-v2-bit-67-3	t	fc51cd8e6218a1a38da47ed00230f0580816ed13ba3303ac5deb911548908025	dfa2cba34b611cc8c833a6ea83b8eb1bb5e2ef2dd1b0c481bc42ff36ae7847f6ab52b976cfd5def172fa412defde270c8b8bdfbaae1c7ece17d9833b1bcf31064fff78e7493f820055b561ece45e1009	af82
t-v2-bit-67-4	t	fc51cd8e6218a1a38da47ed00230f0580816ed13ba3303ac5deb911548908025	dfa2cba34b611cc8c833a6ea83b8eb1bb5e2ef2dd1b0c481bc42ff36ae7847f6ab52b976cfd5def172fa412defde270c8b8bdfbaae1c7ece17d9833b1bcf31064fff78ff493f820055b561ece45e1009	af82
t-v2-bit-67-5	t	fc51cd8e6218a1a38da47ed00230f0580816ed13ba3303ac5deb911548908025	dfa2cba34b611cc8c833a6ea83b8eb1bb5e2ef2dd1b0c481bc42ff36ae7847f6ab52b976cfd5def172fa412defde270c8b8bdfbaae1c7ece17d9833b1bcf31064fff78cf493f820055b561ece45e1009	af82
t-v2-bit-67-6	t	fc51cd8e6218a1a38da47ed00230f0580816ed13ba3303ac5deb911548908025	dfa2cba34b611cc8c833a6ea83b8eb1bb5e2ef2dd1b0c481bc42ff36ae7847f6ab52b976cfd5def172fa412defde270c8b8bdfbaae1c7ece17d9833b1bcf31064fff78af493f820055b561ece45e1009	af82
t-v2-bit-67-7	t	fc51cd8e6218a1a38da47ed00230f0580816ed13ba3303ac5deb911548908025	dfa2cba34b611cc8c833a6ea83b8eb1bb5e2ef2dd1b0c481bc42ff36ae7847f6ab52b976cfd5def172fa412defde270c8b8bdfbaae1c7ece17d9833b1bcf31064fff786f493f820055b561ece45e1009	af82
t-v2-bit-68-0	t	fc51cd8e6218a1a38da47ed00230f0580816ed13ba3303ac5deb911548908025	dfa2cba34b611cc8c833a6ea83b8eb1bb5e2ef2dd1b0c481bc42ff36ae7847f6ab52b976cfd5def172fa412defde270c8b8bdfbaae1c7ece17d9833b1bcf31064fff78ef483f820055b561ece45e1009	af82
t-v2-bit-68-1	t	fc51cd8e6218a1a38da47ed00230f0580816ed13ba3303ac5deb911548908025	dfa2cba34b611cc8c833a6ea83b8eb1bb5e2ef2dd1b0c481bc42ff36ae7847f6ab52b976cfd5def172fa412defde270c8b8bdfbaae1c7ece17d9833b1bcf31064fff78ef4b3f820055b561ece45e1009	af82
t-v2-bit-68-2	t	fc51cd8e6218a1a38da47ed00230f0580816ed13ba3303ac5deb911548908025	dfa2cba34b611cc8c833a6ea83b8eb1bb5e2ef2dd1b0c481bc42ff36ae7847f6ab52b976cfd5def172fa412defde270c8b8bdfbaae1c7ece17d9833b1bcf31064fff78ef4d3f820055b561ece45e1009	af82
t-v2-bit-68-3	t	fc51cd8e6218a1a38da47ed00230f0580816ed13ba3303ac5deb911548908025	dfa2cba34b611cc8c833a6ea83b8eb1bb5e2ef2dd1b0c481bc42ff36ae7847f6ab52b976cfd5def172fa412defde270c8b8bdfbaae1c7ece17d9833b1bcf31064fff78ef413f820055b561ece45e1009	af82
t-v2-bit-68-4	t	fc51cd8e6218a1a38da47ed00230f0580816ed13ba3303ac5deb911548908025	dfa2cba34b611cc8c833a6ea83b8eb1bb5e2ef2dd1b0c481bc42ff36ae7847f6ab52b976cfd5def172fa412defde270c8b8bdfbaae1c7ece17d9833b1bcf31064fff78ef593f820055b561ece45e1009	af82
t-v2-bit-68-5	t	fc51cd8e6218a1a38da47ed00230f0580816ed13ba3303ac5deb911548908025	dfa2cba34b611cc8c833a6ea83b8eb1bb5e2ef2dd1b0c481bc42ff36ae7847f6ab52b976cfd5def172fa412defde270c8b8bdfbaae1c7ece17d9833b1bcf31064fff78ef693f820055b561ece45e1009	af82
t-v2-bit-68-6	t	fc51cd8e6218a1a38da47ed00230f0580816ed13ba3303ac5deb911548908025	dfa2cba34b611cc8c833a6ea83b8eb1bb5e2ef2dd1b0c481bc42ff36ae7847f6ab52b976cfd5def172fa412defde270c8b8bdfbaae1c7ece17d9833b1bcf31064fff78ef093f820055b561ece45e1009	af82
t-v2-bit-68-7	t	fc51cd8e6218a1a38da47ed00230f0580816ed13ba3303ac5deb911548908025	dfa2cba34b611cc8c833a6ea83b8eb1bb5e2ef2dd1b0c481bc42ff36ae7847f6ab52b976cfd5def172fa412defde270c8b8bdfbaae1c7ece17d9833b1bcf31064fff78efc93f820055b561ece45e1009	af82
t-v2-bit-69-0	t	fc51cd8e6218a1a38da47ed00230f0580816ed13ba3303ac5deb911548908025	dfa2cba34b611cc8c833a6ea83b8eb1bb5e2ef2dd1b0c481bc42ff36ae7847f6ab52b976cfd5def172fa412defde270c8b8bdfbaae1c7ece17d9833b1bcf31064fff78ef493e820055b561ece45e1009	af82
t-v2-bit-69-1	t	fc51cd8e6218a1a38da47ed00230f0580816ed13ba3303ac5deb911548908025	dfa2cba34b611cc8c833a6ea83b8eb1bb5e2ef2dd1b0c481bc42ff36ae7847f6ab52b976cfd5def172fa412defde270c8b8bdfbaae1c7ece17d9833b1bcf31064fff78ef493d820055b561ece45e1009	af82
t-v2-bit-69-2	t	fc51cd8e6218a1a38da47ed00230f0580816ed13ba3303ac5deb911548908025	dfa2cba34b611cc8c833a6ea83b8eb1bb5e2ef2dd1b0c481bc42ff36ae7847f6ab52b976cfd5def172fa412defde270c8b8bdfbaae1c7ece17d9833b1bcf31064fff78ef493b820055b561ece45e1009	af82
t-v2-bit-69-3	t	fc51cd8e6218a1a38da47ed00230f0580816ed13ba3303ac5deb911548908025	dfa2cba34b611cc8c833a6ea83b8eb1bb5e2ef2dd1b0c481bc42ff36ae7847f6ab52b976cfd5def172fa412defde270c8b8bdfbaae1c7ece17d9833b1bcf31064fff78ef4937820055b561ece45e1009	af82
t-v2-bit-69-4	t	fc51cd8e6218a1a38da47ed00230f0580816ed13ba3303ac5deb911548908025	dfa2cba34b611cc8c833a6ea83b8eb1bb5e2ef2dd1b0c481bc42ff36ae7847f6ab52b976cfd5def172fa412defde270c8b8bdfbaae1c7ece17d9833b1bcf31064fff78ef492f820055b561ece45e1009	af82
t-v2-bit-69-5	t	fc51cd8e6218a1a38da47ed00230f0580816ed13ba3303ac5deb911548908025	dfa2cba34b611cc8c833a6ea83b8eb1bb5e2ef2dd1b0c481bc42ff36ae7847f6ab52b976cfd5def172fa412defde270c8b8bdfbaae1c7ece17d9833b1bcf31064fff78ef491f820055b561ece45e1009	af82
t-v2-bit-69-6	t	fc51cd8e6218a1a38da47ed00230f0580816ed13ba3303ac5deb911548908025	dfa2cba34b611cc8c833a6ea83b8eb1bb5e2ef2dd1b0c481bc42ff36ae7847f6ab52b976cfd5def172fa412defde270c8b8bdfbaae1c7ece17d9833b1bcf31064fff78ef497f820055b561ece45e1009	af82
t-v2-bit-69-7	t	fc51cd8e6218a1a38da47ed00230f0580816ed13ba3303ac5deb911548908025	dfa2cba34b611cc8c833a6ea83b8eb1bb5e2ef2dd1b0c481bc42ff36ae7847f6ab52b976cfd5def172fa412defde270c8b8bdfbaae1c7ece17d9833b1bcf31064fff78ef49bf820055b561ece45e1009	af82
t-v2-bit-70-0	t	fc51cd8e6218a1a38da47ed00230f0580816ed13ba3303ac5deb911548908025	dfa2cba34b611cc8c833a6ea83b8eb1bb5e2ef2dd1b0c481bc42ff36ae7847f6ab52b976cfd5def172fa412defde270c8b8bdfbaae1c7ece17d9833b1bcf31064fff78ef493f830055b561ece45e1009	af82
t-v2-bit-70-1	t	fc51cd8e6218a1a38da47ed00230f0580816ed13ba3303ac5deb911548908025	dfa2cba34b611cc8c833a6ea83b8eb1bb5e2ef2dd1b0c481bc42ff36ae7847f6ab52b976cfd5def172fa412defde270c8b8bdfbaae1c7ece17d9833b1bcf31064fff78ef493f800055b561ece45e1009	af82
t-v2-bit-70-2	t	fc51cd8e6218a1a38da47ed00230f0580816ed13ba3303ac5deb911548908025	dfa2cba34b611cc8c833a6ea83b8eb1bb5e2ef2dd1b0c481bc42ff36ae7847f6ab52b976cfd5def172fa412defde270c8b8bdfbaae1c7ece17d9833b1bcf31064fff78ef493f860055b561ece45e1009	af82
t-v2-bit-70-3	t	fc51cd8e6218a1a38da47ed00230f0580816ed13ba3303ac5deb911548908025	dfa2cba34b611cc8c833a6ea83b8eb1bb5e2ef2dd1b0c481bc42ff36ae7847f6ab52b976cfd5def172fa412defde270c8b8bdfbaae1c7ece17d9833b1bcf31064fff78ef493f8a0055b561ece45e1009	af82
t-v2-bit-70-4	t	fc51cd8e6218a1a38da47ed00230f0580816ed13ba3303ac5deb911548908025	dfa2cba34b611cc8c833a6ea83b8eb1bb5e2ef2dd1b0c481bc42ff36ae7847f6ab52b976cfd5def172fa412defde270c8b8bdfbaae1c7ece17d9833b1bcf31064fff78ef493f920055b561ece45e1009	af82
t-v2-bit-70-5	t	fc51cd8e6218a1a38da47ed00230f0580816ed13ba3303ac5deb911548908025	dfa2cba34b611cc8c833a6ea83b8eb1bb5e2ef2dd1b0c481bc42ff36ae7847f6ab52b976cfd5def172fa412defde270c8b8bdfbaae1c7ece17d9833b1bcf31064fff78ef493fa20055b561ece45e1009	af82
t-v2-bit-70-6	t	fc51cd8e6218a1a38da47ed00230f0580816ed13ba3303ac5deb911548908025	dfa2cba34b611cc8c833a6ea83b8eb1bb5e2ef2dd1b0c481bc42ff36ae7847f6ab52b976cfd5def172fa412defde270c8b8bdfbaae1c7ece17d9833b1bcf31064fff78ef493fc20055b561ece45e1009	af82
t-v2-bit-70-7	t	fc51cd8e6218a1a38da47ed00230f0580816ed13ba3303ac5deb911548908025	dfa2cba34b611cc8c833a6ea83b8eb1bb5e2ef2dd1b0c481bc42ff36ae7847f6ab52b976cfd5def172fa412defde270c8b8bdfbaae1c7ece17d9833b1bcf31064fff78ef493f020055b561ece45e1009	af82
t-v2-bit-71-0	t	fc51cd8e6218a1a38da47ed00230f0580816ed13ba3303ac5deb911548908025	dfa2cba34b611cc8c833a6ea83b8eb1bb5e2ef2dd1b0c481bc42ff36ae7847f6ab52b976cfd5def172fa412defde270c8b8bdfbaae1c7ece17d9833b1bcf31064fff78ef493f820155b561ece45e1009	af82
t-v2-bit-71-1	t	fc51cd8e6218a1a38da47ed00230f0580816ed13ba3303ac5deb911548908025	dfa2cba34b611cc8c833a6ea83b8eb1bb5e2ef2dd1b0c481bc42ff36ae7847f6ab52b976cfd5def172fa412defde270c8b8bdfbaae1c7ece17d9833b1bcf31064fff78ef493f820255b561ece45e1009	af82
t-v2-bit-71-2	t	fc51cd8e6218a1a38da47ed00230f0580816ed13ba3303ac5deb911548908025	dfa2cba34b611cc8c833a6ea83b8eb1bb5e2ef2dd1b0c481bc42ff36ae7847f6ab52b976cfd5def172fa412defde270c8b8bdfbaae1c7ece17d9833b1bcf31064fff78ef493f820455b561ece45e1009	af82
t-v2-bit-71-3	t	fc51cd8e6218a1a38da47ed00230f0580816ed13ba3303ac5deb911548908025	dfa2cba34b611cc8c833a6ea83b8eb1bb5e2ef2dd1b0c481bc42ff36ae7847f6ab52b976cfd5def172fa412defde270c8b8bdfbaae1c7ece17d9833b1bcf31064fff78ef493f820855b561ece45e1009	af82
t-v2-bit-71-4	t	fc51cd8e6218a1a38da47ed00230f0580816ed13ba3303ac5deb911548908025	dfa2cba34b611cc8c833a6ea83b8eb1bb5e2ef2dd1b0c481bc42ff36ae7847f6ab52b976cfd5def172fa412defde270c8b8bdfbaae1c7ece17d9833b1bcf31064fff78ef493f821055b561ece45e1009	af82
t-v2-bit-71-5	t	fc51cd8e6218a1a38da47ed00230f0580816ed13ba3303ac5deb911548908025	dfa2cba34b611cc8c833a6ea83b8eb1bb5e2ef2dd1b0c481bc42ff36ae7847f6ab52b976cfd5def172fa412defde270c8b8bdfbaae1c7ece17d9833b1bcf31064fff78ef493f822055b561ece45e1009	af82
t-v2-bit-71-6	t	fc51cd8e6218a1a38da47ed00230f0580816ed13ba3303ac5deb911548908025	dfa2cba34b611cc8c833a6ea83b8eb1bb5e2ef2dd1b0c481bc42ff36ae7847f6ab52b976cfd5def172fa412defde270c8b8bdfbaae1c7ece17d9833b1bcf31064fff78ef493f824055b561ece45e1009	af82
t-v2-bit-71-7	t	fc51cd8e6218a1a38da47ed00230f0580816ed13ba3303ac5deb911548908025	dfa2cba34b611cc8c833a6ea83b8eb1bb5e2ef2dd1b0c481bc42ff36ae7847f6ab52b976cfd5def172fa412defde270c8b8bdfbaae1c7ece17d9833b1bcf31064fff78ef493f828055b561ece45e1009	af82
t-v2-bit-72-0	t	fc51cd8e6218a1a38da47ed00230f0580816ed13ba3303ac5deb911548908025	dfa2cba34b611cc8c833a6ea83b8eb1bb5e2ef2dd1b0c481bc42ff36ae7847f6ab52b976cfd5def172fa412defde270c8b8bdfbaae1c7ece17d9833b1bcf31064fff78ef493f820054b561ece45e1009	af82
t-v2-bit-72-1	t	fc51cd8e6218a1a38da47ed00230f0580816ed13ba3303ac5deb911548908025	dfa2cba34b611cc8c833a6ea83b8eb1bb5e2ef2dd1b0c481bc42ff36ae7847f6ab52b976cfd5def172fa412defde270c8b8bdfbaae1c7ece17d9833b1bcf31064fff78ef493f820057b561ece45e1009	af82
t-v2-bit-72-2	t	fc51cd8e6218a1a38da47ed00230f0580816ed13ba3303ac5deb911548908025	dfa2cba34b611cc8c833a6ea83b8eb1bb5e2ef2dd1b0c481bc42ff36ae7847f6ab52b976cfd5def172fa412defde270c8b8bdfbaae1c7ece17d9833b1bcf31064fff78ef493f820051b561ece45e1009	af82
t-v2-bit-72-3	t	fc51cd8e6218a1a38da47ed00230f0580816ed13ba3303ac5deb911548908025	dfa2cba34b611cc8c833a6ea83b8eb1bb5e2ef2dd1b0c481bc42ff36ae7847f6ab52b976cfd5def172fa412defde270c8b8bdfbaae1c7ece17d9833b1bcf31064fff78ef493f82005db561ece45e1009	af82
t-v2-bit-72-4	t	fc51cd8e6218a1a38da47ed00230f0580816ed13ba3303ac5deb911548908025	dfa2cba34b611cc8c833a6ea83b8eb1bb5e2ef2dd1b0c481bc42ff36ae7847f6ab52b976cfd5def172fa412defde270c8b8bdfbaae1c7ece17d9833b1bcf31064fff78ef493f820045b561ece45e1009	af82
t-v2-bit-72-5	t	fc51cd8e6218a1a38da47ed00230f0580816ed13ba3303ac5deb911548908025	dfa2cba34b611cc8c833a6ea83b8eb1bb5e2ef2dd1b0c481bc42ff36ae7847f6ab52b976cfd5def172fa412defde270c8b8bdfbaae1c7ece17d9833b1bcf31064fff78ef493f820075b561ece45e1009	af82
t-v2-bit-72-6	t	fc51cd8e6218a1a38da47ed00230f0580816ed13ba3303ac5deb911548908025	dfa2cba34b611cc8c833a6ea83b8eb1bb5e2ef2dd1b0c481bc42ff36ae7847f6ab52b976cfd5def172fa412defde270c8b8bdfbaae1c7ece17d9833b1bcf31064fff78ef493f820015b561ece45e1009	af82
t-v2-bit-72-7	t	fc51cd8e6218a1a38da47ed00230f0580816ed13ba3303ac5deb911548908025	dfa2cba34b611cc8c833a6ea83b8eb1bb5e2ef2dd1b0c481bc42ff36ae7847f6ab52b976cfd5def172fa412defde270c8b8bdfbaae1c7ece17d9833b1bcf31064fff78ef493f8200d5b561ece45e1009	af82
t-v2-bit-73-0	t	fc51cd8e6218a1a38da47ed00230f0580816ed13ba3303ac5deb911548908025	dfa2cba34b611cc8c833a6ea83b8eb1bb5e2ef2dd1b0c481bc42ff36ae7847f6ab52b976cfd5def172fa412defde270c8b8bdfbaae1c7ece17d9833b1bcf31064fff78ef493f820055b461ece45e1009	af82
t-v2-bit-73-1	t	fc51cd8e6218a1a38da47ed00230f0580816ed13ba3303ac5deb911548908025	dfa2cba34b611cc8c833a6ea83b8eb1bb5e2ef2dd1b0c481bc42ff36ae7847f6ab52b976cfd5def172fa412defde270c8b8bdfbaae1c7ece17d9833b1bcf31064fff78ef493f820055b761ece45e1009	af82
t-v2-bit-73-2	t	fc51cd8e6218a1a38da47ed00230f0580816ed13ba3303ac5deb911548908025	dfa2cba34b611cc8c833a6ea83b8eb1bb5e2ef2dd1b0c481bc42ff36ae7847f6ab52b976cfd5def172fa412defde270c8b8bdfbaae1c7ece17d9833b1bcf31064fff78ef493f820055b161ece45e1009	af82
t-v2-bit-73-3	t	fc51cd8e6218a1a38da47ed00230f0580816ed13ba3303ac5deb911548908025	dfa2cba34b611cc8c833a6ea83b8eb1bb5e2ef2dd1b0c481bc42ff36ae7847f6ab52b976cfd5def172fa412defde270c8b8bdfbaae1c7ece17d9833b1bcf31064fff78ef493f820055bd61ece45e1009	af82
t-v2-bit-73-4	t	fc51cd8e6218a1a38da47ed00230f0580816ed13ba3303ac5deb911548908025	dfa2cba34b611cc8c833a6ea83b8eb1bb5e2ef2dd1b0c481bc42ff36ae7847f6ab52b976cfd5def172fa412defde270c8b8bdfbaae1c7ece17d9833b1bcf31064fff78ef493f820055a561ece45e1009	af82
t-v2-bit-73-5	t	fc51cd8e6218a1a38da47ed00230f0580816ed13ba3303ac5deb911548908025	dfa2cba34b611cc8c833a6ea83b8eb1bb5e2ef2dd1b0c481bc42ff36ae7847f6ab52b976cfd5def172fa412defde270c8b8bdfbaae1c7ece17d9833b1bcf31064fff78ef493f8200559561ece45e1009	af82
t-v2-bit-73-6	t	fc51cd8e6218a1a38da47ed00230f0580816ed13ba3303ac5deb911548908025	dfa2cba34b611cc8c833a6ea83b8eb1bb5e2ef2dd1b0c481bc42ff36ae7847f6ab52b976cfd5def172fa412defde270c8b8bdfbaae1c7ece17d9833b1bcf31064fff78ef493f820055f561ece45e1009	af82
t-v2-bit-73-7	t	fc51cd8e6218a1a38da47ed00230f0580816ed13ba3303ac5deb911548908025	dfa2cba34b611cc8c833a6ea83b8eb1bb5e2ef2dd1b0c481bc42ff36ae7847f6ab52b976cfd5def172fa412defde270c8b8bdfbaae1c7ece17d9833b1bcf31064fff78ef493f8200553561ece45e1009	af82
t-v2-bit-74-0	t	fc51cd8e6218a1a38da47ed00230f0580816ed13ba3303ac5deb911548908025	dfa2cba34b611cc8c833a6ea83b8eb1bb5e2ef2dd1b0c481bc42ff36ae7847f6ab52b976cfd5def172fa412defde270c8b8bdfbaae1c7ece17d9833b1bcf31064fff78ef493f820055b560ece45e1009	af82
t-v2-bit-74-1	t	fc51cd8e6218a1a38da47ed00230f0580816ed13ba3303ac5deb911548908025	dfa2cba34b611cc8c833a6ea83b8eb1bb5e2ef2dd1b0c481bc42ff36ae7847f6ab52b976cfd5def172fa412defde270c8b8bdfbaae1c7ece17d9833b1bcf31064fff78ef493f820055b563ece45e1009	af82
t-v2-bit-74-2	t	fc51cd8e6218a1a38da47ed00230f0580816ed13ba3303ac5deb911548908025	dfa2cba34b611cc8c833a6ea83b8eb1bb5e2ef2dd1b0c481bc42ff36ae7847f6ab52b976cfd5def172fa412defde270c8b8bdfbaae1c7ece17d9833b1bcf31064fff78ef493f820055b565ece45e1009	af82
t-v2-bit-74-3	t	fc51cd8e6218a1a38da47ed00230f0580816ed13ba3303ac5deb911548908025	dfa2cba34b611cc8c833a6ea83b8eb1bb5e2ef2dd1b0c481bc42ff36ae7847f6ab52b976cfd5def172fa412defde270c8b8bdfbaae1c7ece17d9833b1bcf31064fff78ef493f820055b569ece45e1009	af82
t-v2-bit-74-4	t	fc51cd8e6218a1a38da47ed00230f0580816ed13ba3303ac5deb911548908025	dfa2cba34b611cc8c833a6ea83b8eb1bb5e2ef2dd1b0c481bc42ff36ae7847f6ab52b976cfd5def172fa412defde270c8b8bdfbaae1c7ece17d9833b1bcf31064fff78ef493f820055b571ece45e1009	af82
t-v2-bit-74-5	t	fc51cd8e6218a1a38da47ed00230f0580816ed13ba3303ac5deb911548908025	dfa2cba34b611cc8c833a6ea83b8eb1bb5e2ef2dd1b0c481bc42ff36ae7847f6ab52b976cfd5def172fa412defde270c8b8bdfbaae1c7ece17d9833b1bcf31064fff78ef493f820055b541ece45e1009	af82
t-v2-bit-74-6	t	fc51cd8e6218a1a38da47ed00230f0580816ed13ba3303ac5deb911548908025	dfa2cba34b611cc8c833a6ea83b8eb1bb5e2ef2dd1b0c481bc42ff36ae7847f6ab52b976cfd5def172fa412defde270c8b8bdfbaae1c7ece17d9833b1bcf31064fff78ef493f820055b521ece45e1009	af82
t-v2-bit-74-7	t	fc51cd8e6218a1a38da47ed00230f0580816ed13ba3303ac5deb911548908025	dfa2cba34b611cc8c833a6ea83b8eb1bb5e2ef2dd1b0c481bc42ff36ae7847f6ab52b976cfd5def172fa412defde270c8b8bdfbaae1c7ece17d9833b1bcf31064fff78ef493f820055b5e1ece45e1009	af82
t-v2-bit-75-0	t	fc51cd8e6218a1a38da47ed00230f0580816ed13ba3303ac5deb911548908025	dfa2cba34b611cc8c833a6ea83b8eb1bb5e2ef2dd1b0c481bc42ff36ae7847f6ab52b976cfd5def172fa412defde270c8b8bdfbaae1c7ece17d9833b1bcf31064fff78ef493f820055b561ede45e1009	af82
t-v2-bit-75-1	t	fc51cd8e6218a1a38da47ed00230f0580816ed13ba3303ac5deb911548908025	dfa2cba34b611cc8c833a6ea83b8eb1bb5e2ef2dd1b0c481bc42ff36ae7847f6ab52b976cfd5def172fa412defde270c8b8bdfbaae1c7ece17d9833b1bcf31064fff78ef493f820055b561eee45e1009	af82
t-v2-bit-75-2	t	fc51cd8e6218a1a38da47ed00230f0580816ed13ba3303ac5deb911548908025	dfa2cba34b611cc8c833a6ea83b8eb1bb5e2ef2dd1b0c481bc42ff36ae7847f6ab52b976cfd5def172fa412defde270c8b8bdfbaae1c7ece17d9833b1bcf31064fff78ef493f820055b561e8e45e1009	af82
t-v2-bit-75-3	t	fc51cd8e6218a1a38da47ed00230f0580816ed13ba3303ac5deb911548908025	dfa2cba34b611cc8c833a6ea83b8eb1bb5e2ef2dd1b0c481bc42ff36ae7847f6ab52b976cfd5def172fa412defde270c8b8bdfbaae1c7ece17d9833b1bcf31064fff78ef493f820055b561e4e45e1009	af82
t-v2-bit-75-4	t	fc51cd8e6218a1a38da47ed00230f0580816ed13ba3303ac5deb911548908025	dfa2cba34b611cc8c833a6ea83b8eb1bb5e2ef2dd1b0c481bc42ff36ae7847f6ab52b976cfd5def172fa412defde270c8b8bdfbaae1c7ece17d9833b1bcf31064fff78ef493f820055b561fce45e1009	af82
t-v2-bit-75-5	t	fc51cd8e6218a1a38da47ed00230f0580816ed13ba3303ac5deb911548908025	dfa2cba34b611cc8c833a6ea83b8eb1bb5e2ef2dd1b0c481bc42ff36ae7847f6ab52b976cfd5def172fa412defde270c8b8bdfbaae1c7ece17d9833b1bcf31064fff78ef493f820055b561cce45e1009	af82
t-v2-bit-75-6	t	fc51cd8e6218a1a38da47ed00230f0580816ed13ba3303ac5deb911548908025	dfa2cba34b611cc8c833a6ea83b8eb1bb5e2ef2dd1b0c481bc42ff36ae7847f6ab52b976cfd5def172fa412defde270c8b8bdfbaae1c7ece17d9833b1bcf31064fff78ef493f820055b561ace45e1009	af82
t-v2-bit-75-7	t	fc51cd8e6218a1a38da47ed00230f0580816ed13ba3303ac5deb911548908025	dfa2cba34b611cc8c833a6ea83b8eb1bb5e2ef2dd1b0c481bc42ff36ae7847f6ab52b976cfd5def172fa412defde270c8b8bdfbaae1c7ece17d9833b1bcf31064fff78ef493f820055b5616ce45e1009	af82
t-v2-bit-76-0	t	fc51cd8e6218a1a38da47ed00230f0580816ed13ba3303ac5deb911548908025	dfa2cba34b611cc8c833a6ea83b8eb1bb5e2ef2dd1b0c481bc42ff36ae7847f6ab52b976cfd5def172fa412defde270c8b8bdfbaae1c7ece17d9833b1bcf31064fff78ef493f820055b561ece55e1009	af82
t-v2-bit-76-1	t	fc51cd8e6218a1a38da47ed00230f0580816ed13ba3303ac5deb911548908025	dfa2cba34b611cc8c833a6ea83b8eb1bb5e2ef2dd1b0c481bc42ff36ae7847f6ab52b976cfd5def172fa412defde270c8b8bdfbaae1c7ece17d9833b1bcf31064fff78ef493f820055b561ece65e1009	af82
t-v2-bit-76-2	t	fc51cd8e6218a1a38da47ed00230f0580816ed13ba3303ac5deb911548908025	dfa2cba34b611cc8c833a6ea83b8eb1bb5e2ef2dd1b0c481bc42ff36ae7847f6ab52b976cfd5def172fa412defde270c8b8bdfbaae1c7ece17d9833b1bcf31064fff78ef493f820055b561ece05e1009	af82
t-v2-bit-76-3	t	fc51cd8e6218a1a38da47ed00230f0580816ed13ba3303ac5deb911548908025	dfa2cba34b611cc8c833a6ea83b8eb1bb5e2ef2dd1b0c481bc42ff36ae7847f6ab52b976cfd5def172fa412defde270c8b8bdfbaae1c7ece17d9833b1bcf31064fff78ef493f820055b561ecec5e1009	af82
t-v2-bit-76-4	t	fc51cd8e6218a1a38da47ed00230f0580816ed13ba3303ac5deb911548908025	dfa2cba34b611cc8c833a6ea83b8eb1bb5e2ef2dd1b0c481bc42ff36ae7847f6ab52b976cfd5def172fa412defde270c8b8bdfbaae1c7ece17d9833b1bcf31064fff78ef493f820055b561ecf45e1009	af82
t-v2-bit-76-5	t	fc51cd8e6218a1a38da47ed00230f0580816ed13ba3303ac5deb911548908025	dfa2cba34b611cc8c833a6ea83b8eb1bb5e2ef2dd1b0c481bc42ff36ae7847f6ab52b976cfd5def172fa412defde270c8b8bdfbaae1c7ece17d9833b1bcf31064fff78ef493f820055b561ecc45e1009	af82
t-v2-bit-76-6	t	fc51cd8e6218a1a38da47ed00230f0580816ed13ba3303ac5deb911548908025	dfa2cba34b611cc8c833a6ea83b8eb1bb5e2ef2dd1b0c481bc42ff36ae7847f6ab52b976cfd5def172fa412defde270c8b8bdfbaae1c7ece17d9833b1bcf31064fff78ef493f820055b561eca45e1009	af82
t-v2-bit-76-7	t	fc51cd8e6218a1a38da47ed00230f0580816ed13ba3303ac5deb911548908025	dfa2cba34b611cc8c833a6ea83b8eb1bb5e2ef2dd1b0c481bc42ff36ae7847f6ab52b976cfd5def172fa412defde270c8b8bdfbaae1c7ece17d9833b1bcf31064fff78ef493f820055b561ec645e1009	af82
t-v2-bit-77-0	t	fc51cd8e6218a1a38da47ed00230f0580816ed13ba3303ac5deb911548908025	dfa2cba34b611cc8c833a6ea83b8eb1bb5e2ef2dd1b0c481bc42ff36ae7847f6ab52b976cfd5def172fa412defde270c8b8bdfbaae1c7ece17d9833b1bcf31064fff78ef493f820055b561ece45f1009	af82
t-v2-bit-77-1	t	fc51cd8e6218a1a38da47ed00230f0580816ed13ba3303ac5deb911548908025	dfa2cba34b611cc8c833a6ea83b8eb1bb5e2ef2dd1b0c481bc42ff36ae7847f6ab52b976cfd5def172fa412defde270c8b8bdfbaae1c7ece17d9833b1bcf31064fff78ef493f820055b561ece45c1009	af82
t-v2-bit-77-2	t	fc51cd8e6218a1a38da47ed00230f0580816ed13ba3303ac5deb911548908025	dfa2cba34b611cc8c833a6ea83b8eb1bb5e2ef2dd1b0c481bc42ff36ae7847f6ab52b976cfd5def172fa412defde270c8b8bdfbaae1c7ece17d9833b1bcf31064fff78ef493f820055b561ece45a1009	af82
t-v2-bit-77-3	t	fc51cd8e6218a1a38da47ed00230f0580816ed13ba3303ac5deb911548908025	dfa2cba34b611cc8c833a6ea83b8eb1bb5e2ef2dd1b0c481bc42ff36ae7847f6ab52b976cfd5def172fa412defde270c8b8bdfbaae1c7ece17d9833b1bcf31064fff78ef493f820055b561ece4561009	af82
t-v2-bit-77-4	t	fc51cd8e6218a1a38da47ed00230f0580816ed13ba3303ac5deb911548908025	dfa2cba34b611cc8c833a6ea83b8eb1bb5e2ef2dd1b0c481bc42ff36ae7847f6ab52b976cfd5def172fa412defde270c8b8bdfbaae1c7ece17d9833b1bcf31064fff78ef493f820055b561ece44e1009	af82
t-v2-bit-77-5	t	fc51cd8e6218a1a38da47ed00230f0580816ed13ba3303ac5deb911548908025	dfa2cba34b611cc8c833a6ea83b8eb1bb5e2ef2dd1b0c481bc42ff36ae7847f6ab52b976cfd5def172fa412defde270c8b8bdfbaae1c7ece17d9833b1bcf31064fff78ef493f820055b561ece47e1009	af82
t-v2-bit-77-6	t	fc51cd8e6218a1a38da47ed00230f0580816ed13ba3303ac5deb911548908025	dfa2cba34b611cc8c833a6ea83b8eb1bb5e2ef2dd1b0c481bc42ff36ae7847f6ab52b976cfd5def172fa412defde270c8b8bdfbaae1c7ece17d9833b1bcf31064fff78ef493f820055b561ece41e1009	af82
t-v2-bit-77-7	t	fc51cd8e6218a1a38da47ed00230f0580816ed13ba3303ac5deb911548908025	dfa2cba34b611cc8c833a6ea83b8eb1bb5e2ef2dd1b0c481bc42ff36ae7847f6ab52b976cfd5def172fa412defde270c8b8bdfbaae1c7ece17d9833b1bcf31064fff78ef493f820055b561ece4de1009	af82
t-v2-bit-78-0	t	fc51cd8e6218a1a38da47ed00230f0580816ed13ba3303ac5deb911548908025	dfa2cba34b611cc8c833a6ea83b8eb1bb5e2ef2dd1b0c481bc42ff36ae7847f6ab52b976cfd5def172fa412defde270c8b8bdfbaae1c7ece17d9833b1bcf31064fff78ef493f820055b561ece45e1109	af82
t-v2-bit-78-1	t	fc51cd8e6218a1a38da47ed00230f0580816ed13ba3303ac5deb911548908025	dfa2cba34b611cc8c833a6ea83b8eb1bb5e2ef2dd1b0c481bc42ff36ae7847f6ab52b976cfd5def172fa412defde270c8b8bdfbaae1c7ece17d9833b1bcf31064fff78ef493f820055b561ece45e1209	af82
t-v2-bit-78-2	t	fc51cd8e6218a1a38da47ed00230f0580816ed13ba3303ac5deb911548908025	dfa2cba34b611cc8c833a6ea83b8eb1bb5e2ef2dd1b0c481bc42ff36ae7847f6ab52b976cfd5def172fa412defde270c8b8bdfbaae1c7ece17d9833b1bcf31064fff78ef493f820055b561ece45e1409	af82
t-v2-bit-78-3	t	fc51cd8e6218a1a38da47ed00230f0580816ed13ba3303ac5deb911548908025	dfa2cba34b611cc8c833a6ea83b8eb1bb5e2ef2dd1b0c481bc42ff36ae7847f6ab52b976cfd5def172fa412defde270c8b8bdfbaae1c7ece17d9833b1bcf31064fff78ef493f820055b561ece45e1809	af82
t-v2-bit-78-4	t	fc51cd8e6218a1a38da47ed00230f0580816ed13ba3303ac5deb911548908025	dfa2cba34b611cc8c833a6ea83b8eb1bb5e2ef2dd1b0c481bc42ff36ae7847f6ab52b976cfd5def172fa412defde270c8b8bdfbaae1c7ece17d9833b1bcf31064fff78ef493f820055b561ece45e0009	af82
t-v2-bit-78-5	t	fc51cd8e6218a1a38da47ed00230f0580816ed13ba3303ac5deb911548908025	dfa2cba34b611cc8c833a6ea83b8eb1bb5e2ef2dd1b0c481bc42ff36ae7847f6ab52b976cfd5def172fa412defde270c8b8bdfbaae1c7ece17d9833b1bcf31064fff78ef493f820055b561ece45e3009	af82
t-v2-bit-78-6	t	fc51cd8e6218a1a38da47ed00230f0580816ed13ba3303ac5deb911548908025	dfa2cba34b611cc8c833a6ea83b8eb1bb5e2ef2dd1b0c481bc42ff36ae7847f6ab52b976cfd5def172fa412defde270c8b8bdfbaae1c7ece17d9833b1bcf31064fff78ef493f820055b561ece45e5009	af82
t-v2-bit-78-7	t	fc51cd8e6218a1a38da47ed00230f0580816ed13ba3303ac5deb911548908025	dfa2cba34b611cc8c833a6ea83b8eb1bb5e2ef2dd1b0c481bc42ff36ae7847f6ab52b976cfd5def172fa412defde270c8b8bdfbaae1c7ece17d9833b1bcf31064fff78ef493f820055b561ece45e9009	af82
t-v2-bit-79-0	t	fc51cd8e6218a1a38da47ed00230f0580816ed13ba3303ac5deb911548908025	dfa2cba34b611cc8c833a6ea83b8eb1bb5e2ef2dd1b0c481bc42ff36ae7847f6ab52b976cfd5def172fa412defde270c8b8bdfbaae1c7ece17d9833b1bcf31064fff78ef493f820055b561ece45e1008	af82
t-v2-bit-79-1	t	fc51cd8e6218a1a38da47ed00230f0580816ed13ba3303ac5deb911548908025	dfa2cba34b611cc8c833a6ea83b8eb1bb5e2ef2dd1b0c481bc42ff36ae7847f6ab52b976cfd5def172fa412defde270c8b8bdfbaae1c7ece17d9833b1bcf31064fff78ef493f820055b561ece45e100b	af82
t-v2-bit-79-2	t	fc51cd8e6218a1a38da47ed00230f0580816ed13ba3303ac5deb911548908025	dfa2cba34b611cc8c833a6ea83b8eb1bb5e2ef2dd1b0c481bc42ff36ae7847f6ab52b976cfd5def172fa412defde270c8b8bdfbaae1c7ece17d9833b1bcf31064fff78ef493f820055b561ece45e100d	af82
t-v2-bit-79-3	t	fc51cd8e6218a1a38da47ed00230f0580816ed13ba3303ac5deb911548908025	dfa2cba34b611cc8c833a6ea83b8eb1bb5e2ef2dd1b0c481bc42ff36ae7847f6ab52b976cfd5def172fa412defde270c8b8bdfbaae1c7ece17d9833b1bcf31064fff78ef493f820055b561ece45e1001	af82
t-v2-bit-79-4	t	fc51cd8e6218a1a38da47ed00230f0580816ed13ba3303ac5deb911548908025	dfa2cba34b611cc8c833a6ea83b8eb1bb5e2ef2dd1b0c481bc42ff36ae7847f6ab52b976cfd5def172fa412defde270c8b8bdfbaae1c7ece17d9833b1bcf31064fff78ef493f820055b561ece45e1019	af82
t-v2-bit-79-5	t	fc51cd8e6218a1a38da47ed00230f0580816ed13ba3303ac5deb911548908025	dfa2cba34b611cc8c833a6ea83b8eb1bb5e2ef2dd1b0c481bc42ff36ae7847f6ab52b976cfd5def172fa412defde270c8b8bdfbaae1c7ece17d9833b1bcf31064fff78ef493f820055b561ece45e1029	af82
t-v2-bit-79-6	t	fc51cd8e6218a1a38da47ed00230f0580816ed13ba3303ac5deb911548908025	dfa2cba34b611cc8c833a6ea83b8eb1bb5e2ef2dd1b0c481bc42ff36ae7847f6ab52b976cfd5def172fa412defde270c8b8bdfbaae1c7ece17d9833b1bcf31064fff78ef493f820055b561ece45e1049	af82
t-v2-bit-79-7	t	fc51cd8e6218a1a38da47ed00230f0580816ed13ba3303ac5deb911548908025	dfa2cba34b611cc8c833a6ea83b8eb1bb5e2ef2dd1b0c481bc42ff36ae7847f6ab52b976cfd5def172fa412defde270c8b8bdfbaae1c7ece17d9833b1bcf31064fff78ef493f820055b561ece45e1089	af82
t-v2-s-plus-1L	t	fc51cd8e6218a1a38da47ed00230f0580816ed13ba3303ac5deb911548908025	dfa2cba34b611cc8c833a6ea83b8eb1bb5e2ef2dd1b0c481bc42ff36ae7847f6ab52b976cfd5def172fa412defde270c785fd517c97f9026ee757bdef9c8101b4fff78ef493f820055b561ece45e1019	af82
t-v2-s-plus-2L	t	fc51cd8e6218a1a38da47ed00230f0580816ed13ba3303ac5deb911548908025	dfa2cba34b611cc8c833a6ea83b8eb1bb5e2ef2dd1b0c481bc42ff36ae7847f6ab52b976cfd5def172fa412defde270c6533cb74e3e2a27ec4127381d8c2ef2f4fff78ef493f820055b561ece45e1029	af82
t-v2-s-plus-3L	t	fc51cd8e6218a1a38da47ed00230f0580816ed13ba3303ac5deb911548908025	dfa2cba34b611cc8c833a6ea83b8eb1bb5e2ef2dd1b0c481bc42ff36ae7847f6ab52b976cfd5def172fa412defde270c5207c1d1fd45b5d69aaf6a24b7bcce444fff78ef493f820055b561ece45e1039	af82
t-v2-s-plus-4L	t	fc51cd8e6218a1a38da47ed00230f0580816ed13ba3303ac5deb911548908025	dfa2cba34b611cc8c833a6ea83b8eb1bb5e2ef2dd1b0c481bc42ff36ae7847f6ab52b976cfd5def172fa412defde270c3fdbb62e18a9c72e714c62c795b6ad594fff78ef493f820055b561ece45e1049	af82
t-v2-s-plus-5L	t	fc51cd8e6218a1a38da47ed00230f0580816ed13ba3303ac5deb911548908025	dfa2cba34b611cc8c833a6ea83b8eb1bb5e2ef2dd1b0c481bc42ff36ae7847f6ab52b976cfd5def172fa412defde270c2cafac8b320cda8647e9596a74b08c6e4fff78ef493f820055b561ece45e1059	af82
t-v2-s-plus-6L	t	fc51cd8e6218a1a38da47ed00230f0580816ed13ba3303ac5deb911548908025	dfa2cba34b611cc8c833a6ea83b8eb1bb5e2ef2dd1b0c481bc42ff36ae7847f6ab52b976cfd5def172fa412defde270c1983a2e84c6fecde1d86510d53aa6b834fff78ef493f820055b561ece45e1069	af82
t-v2-s-plus-7L	t	fc51cd8e6218a1a38da47ed00230f0580816ed13ba3303ac5deb911548908025	dfa2cba34b611cc8c833a6ea83b8eb1bb5e2ef2dd1b0c481bc42ff36ae7847f6ab52b976cfd5def172fa412defde270c0657984567d2fe36f42249b031a44a984fff78ef493f820055b561ece45e1079	af82
t-v2-s-plus-8L	t	fc51cd8e6218a1a38da47ed00230f0580816ed13ba3303ac5deb911548908025	dfa2cba34b611cc8c833a6ea83b8eb1bb5e2ef2dd1b0c481bc42ff36ae7847f6ab52b976cfd5def172fa412defde270cf32a8ea28135118fcabf4053109e29ad4fff78ef493f820055b561ece45e1089	af82
t-v2-s-plus-9L	t	fc51cd8e6218a1a38da47ed00230f0580816ed13ba3303ac5deb911548908025	dfa2cba34b611cc8c833a6ea83b8eb1bb5e2ef2dd1b0c481bc42ff36ae7847f6ab52b976cfd5def172fa412defde270ce0fe83ff9b9823e7a05c38f6ee9708c24fff78ef493f820055b561ece45e1099	af82
t-v2-s-plus-10L	t	fc51cd8e6218a1a38da47ed00230f0580816ed13ba3303ac5deb911548908025	dfa2cba34b611cc8c833a6ea83b8eb1bb5e2ef2dd1b0c481bc42ff36ae7847f6ab52b976cfd5def172fa412defde270ccdd2795cb6fb353f77f92f99cd91e7d64fff78ef493f820055b561ece45e10a9	af82
t-v2-s-plus-11L	t	fc51cd8e6218a1a38da47ed00230f0580816ed13ba3303ac5deb911548908025	dfa2cba34b611cc8c833a6ea83b8eb1bb5e2ef2dd1b0c481bc42ff36ae7847f6ab52b976cfd5def172fa412defde270cbaa66fb9d05e48974d96273cac8bc6eb4fff78ef493f820055b561ece45e10b9	af82
t-v2-s-plus-12L	t	fc51cd8e6218a1a38da47ed00230f0580816ed13ba3303ac5deb911548908025	dfa2cba34b611cc8c833a6ea83b8eb1bb5e2ef2dd1b0c481bc42ff36ae7847f6ab52b976cfd5def172fa412defde270ca77a6516ebc15aef23331fdf8a85a50050ff78ef493f820055b561ece45e10c9	af82
t-v2-s-plus-13L	t	fc51cd8e6218a1a38da47ed00230f0580816ed13ba3303ac5deb911548908025	dfa2cba34b611cc8c833a6ea83b8eb1bb5e2ef2dd1b0c481bc42ff36ae7847f6ab52b976cfd5def172fa412defde270c944e5b7305256d47facf1682697f841550ff78ef493f820055b561ece45e10d9	af82
t-v2-s-plus-14L	t	fc51cd8e6218a1a38da47ed00230f0580816ed13ba3303ac5deb911548908025	dfa2cba34b611cc8c833a6ea83b8eb1bb5e2ef2dd1b0c481bc42ff36ae7847f6ab52b976cfd5def172fa412defde270c812251d01f887f9fd06c0e254879632a50ff78ef493f820055b561ece45e10e9	af82
t-v2-s-plus-15L	t	fc51cd8e6218a1a38da47ed00230f0580816ed13ba3303ac5deb911548908025	dfa2cba34b611cc8c833a6ea83b8eb1bb5e2ef2dd1b0c481bc42ff36ae7847f6ab52b976cfd5def172fa412defde270c6ef6462d3aeb91f7a60906c82673423f50ff78ef493f820055b561ece45e10f9	af82
t-v2-pk-zero	t	0000000000000000000000000000000000000000000000000000000000000000	dfa2cba34b611cc8c833a6ea83b8eb1bb5e2ef2dd1b0c481bc42ff36ae7847f6ab52b976cfd5def172fa412defde270c8b8bdfbaae1c7ece17d9833b1bcf31064fff78ef493f820055b561ece45e1009	af82
t-v2-gamma-zero	t	fc51cd8e6218a1a38da47ed00230f0580816ed13ba3303ac5deb911548908025	0000000000000000000000000000000000000000000000000000000000000000ab52b976cfd5def172fa412defde270c8b8bdfbaae1c7ece17d9833b1bcf31064fff78ef493f820055b561ece45e1009	af82
t-v2-pk-identity	t	0100000000000000000000000000000000000000000000000000000000000000	dfa2cba34b611cc8c833a6ea83b8eb1bb5e2ef2dd1b0c481bc42ff36ae7847f6ab52b976cfd5def172fa412defde270c8b8bdfbaae1c7ece17d9833b1bcf31064fff78ef493f820055b561ece45e1009	af82
t-v2-gamma-identity	t	fc51cd8e6218a1a38da47ed00230f0580816ed13ba3303ac5deb911548908025	0100000000000000000000000000000000000000000000000000000000000000ab52b976cfd5def172fa412defde270c8b8bdfbaae1c7ece17d9833b1bcf31064fff78ef493f820055b561ece45e1009	af82
t-v2-pk-minus-one	t	ecffffffffffffffffffffffffffffffffffffffffffffffffffffffffffff7f	dfa2cba34b611cc8c833a6ea83b8eb1bb5e2ef2dd1b0c481bc42ff36ae7847f6ab52b976cfd5def172fa412defde270c8b8bdfbaae1c7ece17d9833b1bcf31064fff78ef493f820055b561ece45e1009	af82
t-v2-gamma-minus-one	t	fc51cd8e6218a1a38da47ed00230f0580816ed13ba3303ac5deb911548908025	ecffffffffffffffffffffffffffffffffffffffffffffffffffffffffffff7fab52b976cfd5def172fa412defde270c8b8bdfbaae1c7ece17d9833b1bcf31064fff78ef493f820055b561ece45e1009	af82
t-v2-pk-p	t	edffffffffffffffffffffffffffffffffffffffffffffffffffffffffffff7f	dfa2cba34b611cc8c833a6ea83b8eb1bb5e2ef2dd1b0c481bc42ff36ae7847f6ab52b976cfd5def172fa412defde270c8b8bdfbaae1c7ece17d9833b1bcf31064fff78ef493f820055b561ece45e1009	af82
t-v2-gamma-p	t	fc51cd8e6218a1a38da47ed00230f0580816ed13ba3303ac5deb911548908025	edffffffffffffffffffffffffffffffffffffffffffffffffffffffffffff7fab52b976cfd5def172fa412defde270c8b8bdfbaae1c7ece17d9833b1bcf31064fff78ef493f820055b561ece45e1009	af82
t-v2-pk-p-plus-one	t	eeffffffffffffffffffffffffffffffffffffffffffffffffffffffffffff7f	dfa2cba34b611cc8c833a6ea83b8eb1bb5e2ef2dd1b0c481bc42ff36ae7847f6ab52b976cfd5def172fa412defde270c8b8bdfbaae1c7ece17d9833b1bcf31064fff78ef493f820055b561ece45e1009	af82
t-v2-gamma-p-plus-one	t	fc51cd8e6218a1a38da47ed00230f0580816ed13ba3303ac5deb911548908025	eeffffffffffffffffffffffffffffffffffffffffffffffffffffffffffff7fab52b976cfd5def172fa412defde270c8b8bdfbaae1c7ece17d9833b1bcf31064fff78ef493f820055b561ece45e1009	af82
t-v2-pk-negative-zero	t	0100000000000000000000000000000000000000000000000000000000000080	dfa2cba34b611cc8c833a6ea83b8eb1bb5e2ef2dd1b0c481bc42ff36ae7847f6ab52b976cfd5def172fa412defde270c8b8bdfbaae1c7ece17d9833b1bcf31064fff78ef493f820055b561ece45e1009	af82
t-v2-gamma-negative-zero	t	fc51cd8e6218a1a38da47ed00230f0580816ed13ba3303ac5deb911548908025	0100000000000000000000000000000000000000000000000000000000000080ab52b976cfd5def172fa412defde270c8b8bdfbaae1c7ece17d9833b1bcf31064fff78ef493f820055b561ece45e1009	af82
t-v2-wrong-message	t	fc51cd8e6218a1a38da47ed00230f0580816ed13ba3303ac5deb911548908025	dfa2cba34b611cc8c833a6ea83b8eb1bb5e2ef2dd1b0c481bc42ff36ae7847f6ab52b976cfd5def172fa412defde270c8b8bdfbaae1c7ece17d9833b1bcf31064fff78ef493f820055b561ece45e1009	af8200
t-v2-truncated-message	t	fc51cd8e6218a1a38da47ed00230f0580816ed13ba3303ac5deb911548908025	dfa2cba34b611cc8c833a6ea83b8eb1bb5e2ef2dd1b0c481bc42ff36ae7847f6ab52b976cfd5def172fa412defde270c8b8bdfbaae1c7ece17d9833b1bcf31064fff78ef493f820055b561ece45e1009	af
t-mixed-y-0	t	0100000000000000000000000000000000000000000000000000000000000000	b6b4699f87d56126c9117a7da55bd0085246f4c56dbc95d20172612e9d38e8d7ca65e573a126ed88d4e30a46f80a666854d675cf3ba81de0de043c3774f061560f55edc256a787afe701677c0f602900	
t-mixed-gamma-0	t	d75a980182b10ab7d54bfed3c964073a0ee172f3daa62325af021a68f707511a	0100000000000000000000000000000000000000000000000000000000000000ca65e573a126ed88d4e30a46f80a666854d675cf3ba81de0de043c3774f061560f55edc256a787afe701677c0f602900	
t-mixed-y-1	t	5866666666666666666666666666666666666666666666666666666666666666	b6b4699f87d56126c9117a7da55bd0085246f4c56dbc95d20172612e9d38e8d7ca65e573a126ed88d4e30a46f80a666854d675cf3ba81de0de043c3774f061560f55edc256a787afe701677c0f602900	
t-mixed-gamma-1	t	d75a980182b10ab7d54bfed3c964073a0ee172f3daa62325af021a68f707511a	5866666666666666666666666666666666666666666666666666666666666666ca65e573a126ed88d4e30a46f80a666854d675cf3ba81de0de043c3774f061560f55edc256a787afe701677c0f602900	
t-mixed-y-2	t	26e8958fc2b227b045c3f489f2ef98f0d5dfac05d3c63339b13802886d53fc05	b6b4699f87d56126c9117a7da55bd0085246f4c56dbc95d20172612e9d38e8d7ca65e573a126ed88d4e30a46f80a666854d675cf3ba81de0de043c3774f061560f55edc256a787afe701677c0f602900	
t-mixed-gamma-2	t	d75a980182b10ab7d54bfed3c964073a0ee172f3daa62325af021a68f707511a	26e8958fc2b227b045c3f489f2ef98f0d5dfac05d3c63339b13802886d53fc05ca65e573a126ed88d4e30a46f80a666854d675cf3ba81de0de043c3774f061560f55edc256a787afe701677c0f602900	
t-mixed-y-3	t	da99e28ba529cdde35a25fba9059e78ecaee239f99755b9b1aa4f65df00803e2	b6b4699f87d56126c9117a7da55bd0085246f4c56dbc95d20172612e9d38e8d7ca65e573a126ed88d4e30a46f80a666854d675cf3ba81de0de043c3774f061560f55edc256a787afe701677c0f602900	
t-mixed-gamma-3	t	d75a980182b10ab7d54bfed3c964073a0ee172f3daa62325af021a68f707511a	da99e28ba529cdde35a25fba9059e78ecaee239f99755b9b1aa4f65df00803e2ca65e573a126ed88d4e30a46f80a666854d675cf3ba81de0de043c3774f061560f55edc256a787afe701677c0f602900	
t-mixed-y-4	t	0000000000000000000000000000000000000000000000000000000000000000	b6b4699f87d56126c9117a7da55bd0085246f4c56dbc95d20172612e9d38e8d7ca65e573a126ed88d4e30a46f80a666854d675cf3ba81de0de043c3774f061560f55edc256a787afe701677c0f602900	
t-mixed-gamma-4	t	d75a980182b10ab7d54bfed3c964073a0ee172f3daa62325af021a68f707511a	0000000000000000000000000000000000000000000000000000000000000000ca65e573a126ed88d4e30a46f80a666854d675cf3ba81de0de043c3774f061560f55edc256a787afe701677c0f602900	
t-mixed-y-5	t	5252cc0a7f208133b620acbd4537eba2a4123bf0a8c2e4f980c3b31bb69765ea	b6b4699f87d56126c9117a7da55bd0085246f4c56dbc95d20172612e9d38e8d7ca65e573a126ed88d4e30a46f80a666854d675cf3ba81de0de043c3774f061560f55edc256a787afe701677c0f602900	
t-mixed-gamma-5	t	d75a980182b10ab7d54bfed3c964073a0ee172f3daa62325af021a68f707511a	5252cc0a7f208133b620acbd4537eba2a4123bf0a8c2e4f980c3b31bb69765eaca65e573a126ed88d4e30a46f80a666854d675cf3ba81de0de043c3774f061560f55edc256a787afe701677c0f602900	
t-mixed-y-6	t	c7176a703d4dd84fba3c0b760d10670f2a2053fa2c39ccc64ec7fd7792ac037a	b6b4699f87d56126c9117a7da55bd0085246f4c56dbc95d20172612e9d38e8d7ca65e573a126ed88d4e30a46f80a666854d675cf3ba81de0de043c3774f061560f55edc256a787afe701677c0f602900	
t-mixed-gamma-6	t	d75a980182b10ab7d54bfed3c964073a0ee172f3daa62325af021a68f707511a	c7176a703d4dd84fba3c0b760d10670f2a2053fa2c39ccc64ec7fd7792ac037aca65e573a126ed88d4e30a46f80a666854d675cf3ba81de0de043c3774f061560f55edc256a787afe701677c0f602900	
t-mixed-y-7	t	98519eadf35b995233b51b5cd23e9cc5a28b639b5a4af0ec903cb960d81b7819	b6b4699f87d56126c9117a7da55bd0085246f4c56dbc95d20172612e9d38e8d7ca65e573a126ed88d4e30a46f80a666854d675cf3ba81de0de043c3774f061560f55edc256a787afe701677c0f602900	
t-mixed-gamma-7	t	d75a980182b10ab7d54bfed3c964073a0ee172f3daa62325af021a68f707511a	98519eadf35b995233b51b5cd23e9cc5a28b639b5a4af0ec903cb960d81b7819ca65e573a126ed88d4e30a46f80a666854d675cf3ba81de0de043c3774f061560f55edc256a787afe701677c0f602900	
t-mixed-y-8	t	ecffffffffffffffffffffffffffffffffffffffffffffffffffffffffffff7f	b6b4699f87d56126c9117a7da55bd0085246f4c56dbc95d20172612e9d38e8d7ca65e573a126ed88d4e30a46f80a666854d675cf3ba81de0de043c3774f061560f55edc256a787afe701677c0f602900	
t-mixed-gamma-8	t	d75a980182b10ab7d54bfed3c964073a0ee172f3daa62325af021a68f707511a	ecffffffffffffffffffffffffffffffffffffffffffffffffffffffffffff7fca65e573a126ed88d4e30a46f80a666854d675cf3ba81de0de043c3774f061560f55edc256a787afe701677c0f602900	
t-mixed-y-9	t	9599999999999999999999999999999999999999999999999999999999999999	b6b4699f87d56126c9117a7da55bd0085246f4c56dbc95d20172612e9d38e8d7ca65e573a126ed88d4e30a46f80a666854d675cf3ba81de0de043c3774f061560f55edc256a787afe701677c0f602900	
t-mixed-gamma-9	t	d75a980182b10ab7d54bfed3c964073a0ee172f3daa62325af021a68f707511a	9599999999999999999999999999999999999999999999999999999999999999ca65e573a126ed88d4e30a46f80a666854d675cf3ba81de0de043c3774f061560f55edc256a787afe701677c0f602900	
t-mixed-y-10	t	c7176a703d4dd84fba3c0b760d10670f2a2053fa2c39ccc64ec7fd7792ac03fa	b6b4699f87d56126c9117a7da55bd0085246f4c56dbc95d20172612e9d38e8d7ca65e573a126ed88d4e30a46f80a666854d675cf3ba81de0de043c3774f061560f55edc256a787afe701677c0f602900	
t-mixed-gamma-10	t	d75a980182b10ab7d54bfed3c964073a0ee172f3daa62325af021a68f707511a	c7176a703d4dd84fba3c0b760d10670f2a2053fa2c39ccc64ec7fd7792ac03faca65e573a126ed88d4e30a46f80a666854d675cf3ba81de0de043c3774f061560f55edc256a787afe701677c0f602900	
t-mixed-y-11	t	13661d745ad63221ca5da0456fa618713511dc60668aa464e55b09a20ff7fc1d	b6b4699f87d56126c9117a7da55bd0085246f4c56dbc95d20172612e9d38e8d7ca65e573a126ed88d4e30a46f80a666854d675cf3ba81de0de043c3774f061560f55edc256a787afe701677c0f602900	
t-mixed-gamma-11	t	d75a980182b10ab7d54bfed3c964073a0ee172f3daa62325af021a68f707511a	13661d745ad63221ca5da0456fa618713511dc60668aa464e55b09a20ff7fc1dca65e573a126ed88d4e30a46f80a666854d675cf3ba81de0de043c3774f061560f55edc256a787afe701677c0f602900	
t-mixed-y-12	t	0000000000000000000000000000000000000000000000000000000000000080	b6b4699f87d56126c9117a7da55bd0085246f4c56dbc95d20172612e9d38e8d7ca65e573a126ed88d4e30a46f80a666854d675cf3ba81de0de043c3774f061560f55edc256a787afe701677c0f602900	
t-mixed-gamma-12	t	d75a980182b10ab7d54bfed3c964073a0ee172f3daa62325af021a68f707511a	0000000000000000000000000000000000000000000000000000000000000080ca65e573a126ed88d4e30a46f80a666854d675cf3ba81de0de043c3774f061560f55edc256a787afe701677c0f602900	
t-mixed-y-13	t	9bad33f580df7ecc49df5342bac8145d5bedc40f573d1b067f3c4ce449689a15	b6b4699f87d56126c9117a7da55bd0085246f4c56dbc95d20172612e9d38e8d7ca65e573a126ed88d4e30a46f80a666854d675cf3ba81de0de043c3774f061560f55edc256a787afe701677c0f602900	
t-mixed-gamma-13	t	d75a980182b10ab7d54bfed3c964073a0ee172f3daa62325af021a68f707511a	9bad33f580df7ecc49df5342bac8145d5bedc40f573d1b067f3c4ce449689a15ca65e573a126ed88d4e30a46f80a666854d675cf3ba81de0de043c3774f061560f55edc256a787afe701677c0f602900	
t-mixed-y-14	t	26e8958fc2b227b045c3f489f2ef98f0d5dfac05d3c63339b13802886d53fc85	b6b4699f87d56126c9117a7da55bd0085246f4c56dbc95d20172612e9d38e8d7ca65e573a126ed88d4e30a46f80a666854d675cf3ba81de0de043c3774f061560f55edc256a787afe701677c0f602900	
t-mixed-gamma-14	t	d75a980182b10ab7d54bfed3c964073a0ee172f3daa62325af021a68f707511a	26e8958fc2b227b045c3f489f2ef98f0d5dfac05d3c63339b13802886d53fc85ca65e573a126ed88d4e30a46f80a666854d675cf3ba81de0de043c3774f061560f55edc256a787afe701677c0f602900	
t-mixed-y-15	t	55ae61520ca466adcc4ae4a32dc1633a5d749c64a5b50f136fc3469f27e487e6	b6b4699f87d56126c9117a7da55bd0085246f4c56dbc95d20172612e9d38e8d7ca65e573a126ed88d4e30a46f80a666854d675cf3ba81de0de043c3774f061560f55edc256a787afe701677c0f602900	
t-mixed-gamma-15	t	d75a980182b10ab7d54bfed3c964073a0ee172f3daa62325af021a68f707511a	55ae61520ca466adcc4ae4a32dc1633a5d749c64a5b50f136fc3469f27e487e6ca65e573a126ed88d4e30a46f80a666854d675cf3ba81de0de043c3774f061560f55edc256a787afe701677c0f602900	
t-negative-zero-1	t	d75a980182b10ab7d54bfed3c964073a0ee172f3daa62325af021a68f707511a	0100000000000000000000000000000000000000000000000000000000000080ca65e573a126ed88d4e30a46f80a666854d675cf3ba81de0de043c3774f061560f55edc256a787afe701677c0f602900	
t-negative-zero-57896044618658097711785492504343953926634992332820282019728792003956564819948	t	d75a980182b10ab7d54bfed3c964073a0ee172f3daa62325af021a68f707511a	ecffffffffffffffffffffffffffffffffffffffffffffffffffffffffffffffca65e573a126ed88d4e30a46f80a666854d675cf3ba81de0de043c3774f061560f55edc256a787afe701677c0f602900	
