d-0-0	SMALL:0000000000000000000000000000000000000000000000000000000000000000
d-0-1	SMALL:0000000000000000000000000000000000000000000000000000000000000080
d-1-0	SMALL:0100000000000000000000000000000000000000000000000000000000000000
d-1-1	SMALL:0100000000000000000000000000000000000000000000000000000000000000
d-2-0	INVALID
d-2-1	INVALID
d-3-0	POINT:0300000000000000000000000000000000000000000000000000000000000000
d-3-1	POINT:0300000000000000000000000000000000000000000000000000000000000080
d-4-0	POINT:0400000000000000000000000000000000000000000000000000000000000000
d-4-1	POINT:0400000000000000000000000000000000000000000000000000000000000080
d-5-0	POINT:0500000000000000000000000000000000000000000000000000000000000000
d-5-1	POINT:0500000000000000000000000000000000000000000000000000000000000080
d-6-0	POINT:0600000000000000000000000000000000000000000000000000000000000000
d-6-1	POINT:0600000000000000000000000000000000000000000000000000000000000080
d-7-0	INVALID
d-7-1	INVALID
d-8-0	INVALID
d-8-1	INVALID
d-9-0	POINT:0900000000000000000000000000000000000000000000000000000000000000
d-9-1	POINT:0900000000000000000000000000000000000000000000000000000000000080
d-10-0	POINT:0a00000000000000000000000000000000000000000000000000000000000000
d-10-1	POINT:0a00000000000000000000000000000000000000000000000000000000000080
d-11-0	INVALID
d-11-1	INVALID
d-12-0	INVALID
d-12-1	INVALID
d-13-0	INVALID
d-13-1	INVALID
d-14-0	POINT:0e00000000000000000000000000000000000000000000000000000000000000
d-14-1	POINT:0e00000000000000000000000000000000000000000000000000000000000080
d-15-0	POINT:0f00000000000000000000000000000000000000000000000000000000000000
d-15-1	POINT:0f00000000000000000000000000000000000000000000000000000000000080
d-16-0	POINT:1000000000000000000000000000000000000000000000000000000000000000
d-16-1	POINT:1000000000000000000000000000000000000000000000000000000000000080
d-17-0	INVALID
d-17-1	INVALID
d-18-0	POINT:1200000000000000000000000000000000000000000000000000000000000000
d-18-1	POINT:1200000000000000000000000000000000000000000000000000000000000080
d-19-0	POINT:1300000000000000000000000000000000000000000000000000000000000000
d-19-1	POINT:1300000000000000000000000000000000000000000000000000000000000080
d-57896044618658097711785492504343953926634992332820282019728792003956564819951-0	INVALID
d-57896044618658097711785492504343953926634992332820282019728792003956564819951-1	INVALID
d-57896044618658097711785492504343953926634992332820282019728792003956564819950-0	INVALID
d-57896044618658097711785492504343953926634992332820282019728792003956564819950-1	INVALID
d-57896044618658097711785492504343953926634992332820282019728792003956564819949-0	INVALID
d-57896044618658097711785492504343953926634992332820282019728792003956564819949-1	INVALID
d-57896044618658097711785492504343953926634992332820282019728792003956564819948-0	SMALL:ecffffffffffffffffffffffffffffffffffffffffffffffffffffffffffff7f
d-57896044618658097711785492504343953926634992332820282019728792003956564819948-1	SMALL:ecffffffffffffffffffffffffffffffffffffffffffffffffffffffffffff7f
d-57896044618658097711785492504343953926634992332820282019728792003956564819947-0	INVALID
d-57896044618658097711785492504343953926634992332820282019728792003956564819947-1	INVALID
d-57896044618658097711785492504343953926634992332820282019728792003956564819946-0	POINT:eaffffffffffffffffffffffffffffffffffffffffffffffffffffffffffff7f
d-57896044618658097711785492504343953926634992332820282019728792003956564819946-1	POINT:eaffffffffffffffffffffffffffffffffffffffffffffffffffffffffffffff
d-57896044618658097711785492504343953926634992332820282019728792003956564819945-0	POINT:e9ffffffffffffffffffffffffffffffffffffffffffffffffffffffffffff7f
d-57896044618658097711785492504343953926634992332820282019728792003956564819945-1	POINT:e9ffffffffffffffffffffffffffffffffffffffffffffffffffffffffffffff
d-57896044618658097711785492504343953926634992332820282019728792003956564819944-0	POINT:e8ffffffffffffffffffffffffffffffffffffffffffffffffffffffffffff7f
d-57896044618658097711785492504343953926634992332820282019728792003956564819944-1	POINT:e8ffffffffffffffffffffffffffffffffffffffffffffffffffffffffffffff
d-57896044618658097711785492504343953926634992332820282019728792003956564819943-0	POINT:e7ffffffffffffffffffffffffffffffffffffffffffffffffffffffffffff7f
d-57896044618658097711785492504343953926634992332820282019728792003956564819943-1	POINT:e7ffffffffffffffffffffffffffffffffffffffffffffffffffffffffffffff
d-57896044618658097711785492504343953926634992332820282019728792003956564819942-0	INVALID
d-57896044618658097711785492504343953926634992332820282019728792003956564819942-1	INVALID
d-57896044618658097711785492504343953926634992332820282019728792003956564819941-0	INVALID
d-57896044618658097711785492504343953926634992332820282019728792003956564819941-1	INVALID
d-57896044618658097711785492504343953926634992332820282019728792003956564819940-0	POINT:e4ffffffffffffffffffffffffffffffffffffffffffffffffffffffffffff7f
d-57896044618658097711785492504343953926634992332820282019728792003956564819940-1	POINT:e4ffffffffffffffffffffffffffffffffffffffffffffffffffffffffffffff
d-57896044618658097711785492504343953926634992332820282019728792003956564819939-0	POINT:e3ffffffffffffffffffffffffffffffffffffffffffffffffffffffffffff7f
d-57896044618658097711785492504343953926634992332820282019728792003956564819939-1	POINT:e3ffffffffffffffffffffffffffffffffffffffffffffffffffffffffffffff
d-57896044618658097711785492504343953926634992332820282019728792003956564819938-0	INVALID
d-57896044618658097711785492504343953926634992332820282019728792003956564819938-1	INVALID
d-57896044618658097711785492504343953926634992332820282019728792003956564819937-0	INVALID
d-57896044618658097711785492504343953926634992332820282019728792003956564819937-1	INVALID
d-57896044618658097711785492504343953926634992332820282019728792003956564819936-0	INVALID
d-57896044618658097711785492504343953926634992332820282019728792003956564819936-1	INVALID
d-57896044618658097711785492504343953926634992332820282019728792003956564819935-0	POINT:dfffffffffffffffffffffffffffffffffffffffffffffffffffffffffffff7f
d-57896044618658097711785492504343953926634992332820282019728792003956564819935-1	POINT:dfffffffffffffffffffffffffffffffffffffffffffffffffffffffffffffff
d-57896044618658097711785492504343953926634992332820282019728792003956564819934-0	POINT:deffffffffffffffffffffffffffffffffffffffffffffffffffffffffffff7f
d-57896044618658097711785492504343953926634992332820282019728792003956564819934-1	POINT:deffffffffffffffffffffffffffffffffffffffffffffffffffffffffffffff
d-57896044618658097711785492504343953926634992332820282019728792003956564819933-0	POINT:ddffffffffffffffffffffffffffffffffffffffffffffffffffffffffffff7f
d-57896044618658097711785492504343953926634992332820282019728792003956564819933-1	POINT:ddffffffffffffffffffffffffffffffffffffffffffffffffffffffffffffff
d-57896044618658097711785492504343953926634992332820282019728792003956564819932-0	INVALID
d-57896044618658097711785492504343953926634992332820282019728792003956564819932-1	INVALID
d-57896044618658097711785492504343953926634992332820282019728792003956564819931-0	POINT:dbffffffffffffffffffffffffffffffffffffffffffffffffffffffffffff7f
d-57896044618658097711785492504343953926634992332820282019728792003956564819931-1	POINT:dbffffffffffffffffffffffffffffffffffffffffffffffffffffffffffffff
d-57896044618658097711785492504343953926634992332820282019728792003956564819930-0	POINT:daffffffffffffffffffffffffffffffffffffffffffffffffffffffffffff7f
d-57896044618658097711785492504343953926634992332820282019728792003956564819930-1	POINT:daffffffffffffffffffffffffffffffffffffffffffffffffffffffffffffff
d-hash-0	INVALID
d-hash-1	INVALID
d-hash-2	INVALID
d-hash-3	POINT:bd1024ef5833b67287be546f7eae8687ae9cd37b2cd57c0ee17f2d95c0dbfcb7
d-hash-4	POINT:59b43a29332db58ca15e89acbbc62b9e7b6726c85dc64e28bf1ad06a6e895d3c
d-hash-5	INVALID
d-hash-6	POINT:48bc48efb576e0080fe2437a91800f3c5949db3bb0d5b45359829a133a45bb2a
d-hash-7	POINT:f6046f414740db7db5e3374d72abfeb6fd41c1644fe58303d68f7b006c1dc396
d-hash-8	POINT:b0ac8d755038f28746b62414f41e2d5ee10cffac33a688f6309e4e955afea363
d-hash-9	INVALID
d-hash-10	POINT:574f299cd7752448b55b3e656635da85154df3a3cb9550e64950398761934e14
d-hash-11	POINT:0428daa413d6430acc2a6c9d3a098776318a55500317fcb7d237ab845f3c351a
d-hash-12	INVALID
d-hash-13	POINT:42d31ab52018369be5db174869262413739acf5a1561db507cb585712f50dde3
d-hash-14	POINT:7d23e14ff611031f8c7bdd60e6fb92ae08db0185d5cf67fe0bd7fe52c468fc0d
d-hash-15	INVALID
d-hash-16	POINT:2b03feadacb2b919bff0a7f2ea92446b46e9a156989a68b96095ae52d07c7d5f
d-hash-17	POINT:c359696ceebc72f25c045cfa4bef4c45362f94b4297745f53630bcdf00c3ebb1
d-hash-18	POINT:a0f75d342e9f112e839a4477bbe957ea6ea71a1526c71ed4ecba87123dd0bc11
d-hash-19	POINT:acfc9ccdb9c9fd6fe504c5369779252d4a3557eae07f9dd5c23fc40d6421b3e7
d-hash-20	INVALID
d-hash-21	INVALID
d-hash-22	INVALID
d-hash-23	INVALID
d-hash-24	INVALID
d-hash-25	POINT:cbfeff66a062cf05ee31c3052bbff99b2015092b9b4ed4f9b9e9bb8adf3040eb
d-hash-26	POINT:714787b28f44d1bc871c6db460df30198675f768bd35186a5afdbcdfcd9370d4
d-hash-27	INVALID
d-hash-28	INVALID
d-hash-29	POINT:81a073241b4953d11a0168a972ce173278b63d1788fbd5e58e79e0b0e732bcb3
d-hash-30	POINT:946b87f04784aa449b938669c0e457b39f12c35087ca8f3bfb6bffb479bcfb83
d-hash-31	POINT:fc81123935737fefe91a7b86a30b5b57f8e44a7dd3d576c0aeb2408a992d0202
d-hash-32	POINT:c261dda331049c77fa717e0d19d756268f4c4dd49dbc854525aecdeae620b1ba
d-hash-33	INVALID
d-hash-34	INVALID
d-hash-35	INVALID
d-hash-36	POINT:3e96e5c095c8ae0a34073d36f7bb26eeaebf94efdc9e795d7540457b288aba85
d-hash-37	POINT:f07a0ea41625e70bb16a06b1ff8233703c46a2cd84e37547273e760c79182753
d-hash-38	INVALID
d-hash-39	INVALID
d-hash-40	POINT:54816d873774fe9df07263cd079abf50601f2fdf657cc907d339ace83f6ed07c
d-hash-41	INVALID
d-hash-42	INVALID
d-hash-43	INVALID
d-hash-44	INVALID
d-hash-45	INVALID
d-hash-46	INVALID
d-hash-47	INVALID
d-hash-48	POINT:9490cef0ecda9569b47cfc26cceb463e57ae453c0f3bff4f015ba99db76d96b5
d-hash-49	INVALID
d-hash-50	INVALID
d-hash-51	POINT:afa41d78676a195370c201e94de045a417ca3538e274fa2814d3de8575e6a055
d-hash-52	POINT:1c44bb96cd29f539afb5b73aa93298f99d048996c08bb201fa0b432526d90575
d-hash-53	INVALID
d-hash-54	INVALID
d-hash-55	POINT:3d35f5c0652a0dce240162ea8c6e290d05d78e4267e451590af1c1fdc60fd0c8
d-hash-56	POINT:407bc52b3dfdf829740fb3755920f7560ac59c5a7eaa16a86cc692e80f3d94a1
d-hash-57	INVALID
d-hash-58	INVALID
d-hash-59	POINT:f5baf6a9346688064f4d1f86bef65bcf51a5c614a1eae4c2c802c07bfa948145
d-hash-60	POINT:f14128d33a6ab20d09fe11b2d7664bea77938a355e34a57b3349256512c4fbea
d-hash-61	INVALID
d-hash-62	INVALID
d-hash-63	POINT:bea4963952e67de4ac8ae3c216e03792cc1b3624da691066aef398f082fbb1e0
d-hash-64	POINT:68cc0c0f1c8b266b5756d2ed53343779f5830ae0e0ce097e444c92ced75df95b
d-hash-65	POINT:33969badd9af2286bcd91916c87fa18f391dc639e4fdc7ecdad1efdd725f1a18
d-hash-66	INVALID
d-hash-67	INVALID
d-hash-68	INVALID
d-hash-69	POINT:a13afd2ca62c54a1810b71d9faef32b8c03eb80dc9590e81d1063f17edf2e1ea
d-hash-70	POINT:a53b646eed79a836f8282b1081dc6bbb053495ecda2ba3975e03cc92644f15a0
d-hash-71	POINT:c52c9f654ce1778c41ae32ba66d20436760868e22dd45674cffc4daf4225bc14
d-hash-72	POINT:ecca39146935aedf6536e6f90ec868f18ebee29bbbc12aacc7178ec79c1418a3
d-hash-73	POINT:f10fc71334c48e01c65a97f5546e7659503ce42684a895525ff668953c10aeff
d-hash-74	INVALID
d-hash-75	POINT:4d40be73a3cb6c21c5cdec0f9a1e5739bf9f4c65850c0d8701983342c7984a1f
d-hash-76	INVALID
d-hash-77	INVALID
d-hash-78	INVALID
d-hash-79	INVALID
d-hash-80	INVALID
d-hash-81	INVALID
d-hash-82	POINT:183c06f90a26fae04ff1259a6ecadf38fbb28e8d1f5b9d6bcff48f475cb5c5a8
d-hash-83	INVALID
d-hash-84	POINT:7149798b6208c01d7f30c3b63b8698dfe6ad43b4517fe71735f915b1b53d81de
d-hash-85	INVALID
d-hash-86	INVALID
d-hash-87	INVALID
d-hash-88	POINT:3417337b54f2b07441e290b645558f3ac4dc237f82ed14808681e14f5ee42440
d-hash-89	INVALID
d-hash-90	INVALID
d-hash-91	POINT:103b55ad94bb9e6f8f7a3aaa595471dd3ff3434d4fa979e9a8812d738623f571
d-hash-92	POINT:f6dca69824a52a59bd44b836f1eb259b10cf70af3c85b11027de557bb27eec1c
d-hash-93	INVALID
d-hash-94	POINT:c443b301ffa7dcf3e78a170d56c4500aec83983bfccd4a51d52098efce826f74
d-hash-95	INVALID
d-hash-96	INVALID
d-hash-97	INVALID
d-hash-98	POINT:68e401fa2990f39cefede1dfd9794f7642b19c62c48b902efe250a439cac68d5
d-hash-99	INVALID
d-hash-100	POINT:9522d992659b6049a805d222ee1e4b666dc1d10606998beedaaf392a3dd8c435
d-hash-101	INVALID
d-hash-102	POINT:b606b8015a37ee02690c32c005e06c282e619eebf609a5d54476411c8e24443d
d-hash-103	POINT:c783434ef876fb3c90c5f54a9d40f6623028b21ce70306340936790ed78facbf
d-hash-104	INVALID
d-hash-105	POINT:6816573d2c061f4b3f512709be9e93b33c0380b4360e10ebb6226e74459cc39f
d-hash-106	POINT:4ee93736a6e01630bce6d3411fcf2d658fea302fd7a4b7e55208167367bdd623
d-hash-107	INVALID
d-hash-108	POINT:4d853a90d58c45157af713d799846c6ab59a04026f3bd67aec4159f5d95a8a05
d-hash-109	POINT:ef0664fdd1fff5b60680951c15a44a9e81ad79f8116caffa71571d1d2e75a20a
d-hash-110	POINT:b4637434e923139d8c20e82decbfefba0ca6affe139356a4a2b8b7abcf26a12c
d-hash-111	POINT:cffe3778a2016c3b88659826c17ec292b46ed02d4dfddcc1202ce6f1811e160f
d-hash-112	POINT:a28ba2b23ae0f02fee4267ba1cb69f78dbde4b9ffaa81e224ba5a2c3e6a56eeb
d-hash-113	POINT:66d9f2e40cbe56ca115aa7685b86154d392bb4af386d8f4d2af48be1e77c8bf3
d-hash-114	POINT:bd33549901834e709afba480a4f291ae82c5e28217029bd6d664dddac228368d
d-hash-115	INVALID
d-hash-116	INVALID
d-hash-117	POINT:0f0342f73c43919aaf441a2519cc08834d2fe13a304405e2f8254ed6bf572be7
d-hash-118	POINT:4fe45e9faf12be9059856f7fe8edfa08f86b3d787f23bd849b8aae03d00331b1
d-hash-119	POINT:f736410db890b70907de586b82a2333c328cde14f70c4795eefb0b38ab166026
d-hash-120	INVALID
d-hash-121	POINT:1910afe3a397671994752816ccf54cc1e111cee49f33460a874331c323538c4b
d-hash-122	POINT:509f7c9da342ae6421420a3782c6e9d49fdd184dac1d7a0f0c7c5321d22f8efa
d-hash-123	POINT:ae537c7433a2f9a691ef205a0e784dbd0c57793899149de20ff87ab9d1d4863b
d-hash-124	INVALID
d-hash-125	POINT:7dbe43e01361407b0455f3e4bb12336fe9d37d22a656633a89b8793bdf7acffa
d-hash-126	POINT:e6a0f0cf0db2dcc69ad4010db0997ad9c76d98c93cae6aa9d80db899c90cd850
d-hash-127	POINT:4cdd2d67e21902d7c0d728248062a40d9e0575b51c3c516bce9101bacf6d6874
d-hash-128	INVALID
d-hash-129	POINT:bd363f26bd7f269567ca6fcfddfa2dcb24c191e61357fbb512db461f18fa8d53
d-hash-130	POINT:30924d480674eaa473b4e7d43327da4b72479c64ba5c996ec4e0baea54b128b1
d-hash-131	POINT:962b573bcb5d84fc8d37f6d0ac3888816a981eb75af5a8e6c29a2ea64cc109ff
d-hash-132	INVALID
d-hash-133	POINT:3c720d066e6bba1b8f4ecb101695e0376f460fcc73abbd2b0428c72b1e250725
d-hash-134	POINT:de74aca5faa4d3fb34eadff4536983f90505854f17ec8c38d7b2fb124c335138
d-hash-135	POINT:7f12104d687cb7ca7f0e77b2cc1beff26d038f6e5c8e1607f65c7378f0234fe7
d-hash-136	INVALID
d-hash-137	POINT:352256cde27394a2e377d43ff8ba869a84ecf630a436f46f994967c369f49f62
d-hash-138	INVALID
d-hash-139	INVALID
d-hash-140	POINT:3bcd6e8bb8e02ea96545adb2b6be01850255cea1f6be20000ae1c89fb186695f
d-hash-141	INVALID
d-hash-142	POINT:003e3152a385ed0945e03f50d72b31a890ef3a35e4dfeaa982502f616453d658
d-hash-143	POINT:1ebb89c083a88dd93960e5b2644ae3177dba1ff928d53b0af7df87beef0740f5
d-hash-144	INVALID
d-hash-145	POINT:25472cb0ac6748bdb4f33d88f1caa55fd0c8e21fa543dfa7dab2e4163557b18f
d-hash-146	INVALID
d-hash-147	INVALID
d-hash-148	INVALID
d-hash-149	INVALID
d-hash-150	INVALID
d-hash-151	POINT:b27bd2cb6993c76ae0891f88b75169e654e0c76a87ee54bf3a41ed725a79973c
d-hash-152	POINT:eea7b9a7e97994d01806a7b6c0bd77a32498e29eb07d1be3ab0a1150e2cb44ac
d-hash-153	INVALID
d-hash-154	INVALID
d-hash-155	POINT:2ea35c0c2d95081dd6ed7cb268f0f4ad4ee6b5bf5efcab6be0592278f9ff5195
d-hash-156	POINT:c19f03a29f8ea245103dd862ea1e9350185b5c2f56b8a967f2770e56878bef7e
d-hash-157	INVALID
d-hash-158	INVALID
d-hash-159	POINT:504885f419b945fc43cc9e86f323b9ef8b21baa27c534f4ffa125c564a4b6ba5
d-hash-160	INVALID
d-hash-161	POINT:29119c9f5f7ff147269ac96e9ce7b0c5b3b5d652ae942c034000f34d42b29403
d-hash-162	POINT:0fabe19fd78a89121f84a752ed54dac518f4b32f793eac318ca0bf4211a7ecda
d-hash-163	POINT:d3b5a07eabadbb1237fe1a2c0d090bfefcb6af652a7a70e084ef4d2bd8cacb1b
d-hash-164	INVALID
d-hash-165	INVALID
d-hash-166	POINT:272ad4d2abb090289ef12fba1e858b4719414cdd6e9c9ee76cadca5d4ec642db
d-hash-167	POINT:692f129e821109be18f6a262f1a41a4e04f0be02b1803d7be4c6059556feaf94
d-hash-168	INVALID
d-hash-169	POINT:3d10e6ab8d9f1a0d76dbc183e46e066aba84d381762608a03297d7693c18611d
d-hash-170	INVALID
d-hash-171	INVALID
d-hash-172	POINT:9439246a1f47d861d9942811353752d1e9dd6f918044f50b2ea1e0b9c465b82e
d-hash-173	INVALID
d-hash-174	POINT:49596847c75ea59a60fd5cb6512dc768ce477ab42a1b91ca44a9315487d468c1
d-hash-175	INVALID
d-hash-176	POINT:13d9045a3f13b82bce3bd281c7fe917885442f74cae42c88abed9910b95c4299
d-hash-177	POINT:ae45812ff721361f99a9c868eb81d27c0052ced55915237cf91b776c3000508d
d-hash-178	POINT:1196fc0f2fc4f615e28465bde33fa25c330c759d260b225774e7aafbdb792c1a
d-hash-179	POINT:b0cb929ed3fd3bf4ad4ab2c4f6ea46ef7a29fd742cf9f92526dcbde1f601dbeb
d-hash-180	INVALID
d-hash-181	POINT:1d8d9a8e520f1b7fade5f5de13798b07b75bd79199d42331e35f524a5d5480a5
d-hash-182	POINT:2dde74840f74335ae9c3efa10c9f2f723ee51b69bb20f3ff41fe29bba6244fd3
d-hash-183	POINT:c867617a1cd30d23b9c2ae0b092645261e08e93e1070f5f056729440fe95a2f9
d-hash-184	POINT:953a6d0409627a0d9cdf84a7b276ef4160191d8b01681aa4615fea85858128ba
d-hash-185	POINT:b20a5251a7d0aa52fd9ed73ca907c7b6c70e7a7b2f7e28e88a0ccbfa43e8006c
d-hash-186	INVALID
d-hash-187	POINT:4fcc03c649c85dd250710c6900ede1f08112e7b8075403f2d57f4288c0ef4899
d-hash-188	POINT:1427a720d58219c4060d9d497a7399c42b383585cb8e1b9e1787296e9eefeaea
d-hash-189	POINT:3a4758b0e6c02705044a389628bd8b8d186f3839bac02c27f4a5338bfdd5d387
d-hash-190	INVALID
d-hash-191	POINT:15fbbe4afb47facb4928840ba4849de6e9e2d3722d2f9b3888e71beb79497450
d-hash-192	POINT:95447317b373f4f1f95ef086a8599dd4bf2c9c8ef41331b05bd41f6ee5bc41c7
d-hash-193	INVALID
d-hash-194	INVALID
d-hash-195	POINT:2640097d88e72b1393d268b9e86175353839a32d26557f7b02d81c4ff02226e1
d-hash-196	POINT:45a77c3db8450f6a93552bc7981389d13973795b2e2664625205548d48afc564
d-hash-197	POINT:c2fc14c1974a40c30c7c1333fc824b05dcff7a4ab3779974953bf4e485a81bd9
d-hash-198	INVALID
d-hash-199	POINT:b97faab1b2f410f09a7960058391303457de04fa23e0d8bac06dba42ed7b12a1
d-hash-200	INVALID
d-hash-201	INVALID
d-hash-202	INVALID
d-hash-203	POINT:568e88dd6f301ef4be184810d845b3195d86b6ad801efd86ae38ff977ae5bf6c
d-hash-204	INVALID
d-hash-205	INVALID
d-hash-206	INVALID
d-hash-207	INVALID
d-hash-208	INVALID
d-hash-209	POINT:4735abe1e9294bba2244b0a44a145ac5ffc58fcde9fa62439d88b4f3c83bd6af
d-hash-210	INVALID
d-hash-211	INVALID
d-hash-212	POINT:0fb6c411b3e1814137f6adbd6b66248fce29fccade8ed4c39209b9fe15b8ca4a
d-hash-213	POINT:ab997dacdd5d0702598394cbd351e643acf671d6134b40728d8cb993c2900a5b
d-hash-214	POINT:03bbaa9ac0031b83c7826fce91740814690858f5e95caf81cef6ae78bde462b4
d-hash-215	POINT:8cf72a15cd88b0b2f27cde52a6541e056c385942de8973119daa0e17281b50d1
d-hash-216	INVALID
d-hash-217	INVALID
d-hash-218	INVALID
d-hash-219	POINT:47b032a2eb31d8c11a283a0724f3fb56a98038ee0195c398eb91771204da662d
d-hash-220	INVALID
d-hash-221	POINT:ed726a9b6a37bb88897280417bdd5b181c2af1d30615564216bb8ccfe06682a8
d-hash-222	INVALID
d-hash-223	INVALID
d-hash-224	INVALID
d-hash-225	INVALID
d-hash-226	INVALID
d-hash-227	INVALID
d-hash-228	POINT:073504077684b3ebaf8ec004385be572ee100cd4eb649537379943e21cc72881
d-hash-229	INVALID
d-hash-230	INVALID
d-hash-231	POINT:dcb8f293a06b28144d575ceaa2316a57746532a816fbd4e837556f02ece1f84b
d-hash-232	INVALID
d-hash-233	INVALID
d-hash-234	POINT:1d31dee7c06de6f5b243194949569da879c46459b73104f4dfd34423d1a44a66
d-hash-235	INVALID
d-hash-236	INVALID
d-hash-237	POINT:afdefea48dbff4a5f337d8f5a0230f614acd849ba4496cf1b227953152723b5c
d-hash-238	POINT:4807bad22ca108472a43e4092896d0f6cb34c0847f4057d6bd5462ad77668e5f
d-hash-239	POINT:1bcecfe2890b1a318ab147320890305dfce4d94ef3e44d5f77295154573e860e
d-hash-240	POINT:fcaf6b105384b249f29c13ae90928759e1e3f63f5548bbec6782dfbc09845f41
d-hash-241	POINT:f0acc30680e4c7be1bb9f32cf90e6c51f72dae31bd970d8382280a75e1b77bd7
d-hash-242	POINT:0ebc51b236900991b109ab714f9cb9ec7e52684c322bf069339bad9c8e8a0a3a
d-hash-243	INVALID
d-hash-244	INVALID
d-hash-245	POINT:1d7063c3fcbdce98347a25798cfa5b595fdd1b689cb8b9291e6f01ee5c851977
d-hash-246	POINT:c95517569509dde79d20f761a476b645ffb7903899b356e801b7470440d1a781
d-hash-247	POINT:1b4bc679e8f8a67793d0b14607f92be5293171dedb9a2516b818e22f443549a7
d-hash-248	INVALID
d-hash-249	POINT:899a0b079e7860cd65124097cb520b57126cf217dc7373fc4f6d98d81524b9c1
d-hash-250	INVALID
d-hash-251	INVALID
d-hash-252	POINT:254f50284f7d605c8efc55361b6e505cf062f8813e5ea05a92fc2b6eaa64e9af
d-hash-253	INVALID
d-hash-254	POINT:a9478f3b392614aea3eb89ac0237145bd3bd6501055968175306c0736477b0d4
d-hash-255	INVALID
d-hash-256	INVALID
d-hash-257	POINT:a8cd58e5ec279259bdfe0cd961f047204c6351e02d8b9fe915af1807b198bb5f
d-hash-258	POINT:673310604853f6dcd17fb2b4096622b6d6ac98d5e37ed14bf4928ed53b58e062
d-hash-259	POINT:b96a5ec953081d8af0cff206915c1947f1acee9c4980f06bb705a1e530263ce0
d-hash-260	POINT:c01818d6a9edc69fccc44206ffd348f44b26a93478c4b012fc45b43736a7da4a
d-hash-261	POINT:7ab4d47dd3cae010384e712a8c4d8410c97275b44a921fab72e70528ccd8faa8
d-hash-262	POINT:acaa6a0efb0b4991de312f53eb4aa832a4971e7832ea9b64002cb9d651bbb7b5
d-hash-263	INVALID
d-hash-264	POINT:278e4fb161ed290293ad2b92ad6421e7fb80ce1b336a0a6df986918897860bd5
d-hash-265	POINT:0c6e295994dcd1dea69aa2e4fdfa308164586298d42ea3a366e6bd0f81a0ede7
d-hash-266	INVALID
d-hash-267	INVALID
d-hash-268	POINT:8df0c35601c7c56cd3cb01a48ff5b5759182689fd696f8530530375da8c366db
d-hash-269	INVALID
d-hash-270	POINT:3339156aed4638baf3b13640f855d2ffb7ae91ff2994ef6ea443850ce2df8425
d-hash-271	POINT:2db6a4f0ed053fbae2e494cd2fe8b0f925f3bb4ff22bad92288d1079a72b4b5f
d-hash-272	INVALID
d-hash-273	INVALID
d-hash-274	INVALID
d-hash-275	INVALID
d-hash-276	INVALID
d-hash-277	POINT:34ba6be3455ffaf397869b32a4eaa2c5ca0b8ce694bfd4f5e69378d3c7fe0fe8
d-hash-278	INVALID
d-hash-279	INVALID
d-hash-280	INVALID
d-hash-281	INVALID
d-hash-282	POINT:9985103d06b25a3c44f6d020f3cefe36bf6358d38aa0f34a4f3202de8f339733
d-hash-283	POINT:b9d2948c10dda9f8cbb0b4d2b99fb25326a4dd3eadcb437e2202e7e008978687
d-hash-284	INVALID
d-hash-285	POINT:bc30fdc4960a4ed840a8d16c694a984b3f1f965cf5603a729a99552b0248b04c
d-hash-286	INVALID
d-hash-287	POINT:13540013fabd26a465258c715baf0064360c3dd663324cb622b64736823a4ae6
d-hash-288	POINT:4283f532d544ae5c46f1a6c00453d4557c87c3afe9017adf08fa314923917e4f
d-hash-289	POINT:b8b068e5c1a5b4ed332a754efd77b66a0eb1b66d55a2f45e06c426fb300d510e
d-hash-290	POINT:96242646e3318d2894e24d9e6a6a90ae73647fb5f8ec91f27132c0749aa9fe96
d-hash-291	POINT:a5825b11151cb6d93e7c61f4b4603b9382cfa713eca601617fe9574cd4f17f8e
d-hash-292	POINT:a6693efa5d6dfe7bd6dd2aa5c5326edc1dc050cbe89bdcd301641a841758e24f
d-hash-293	INVALID
d-hash-294	INVALID
d-hash-295	POINT:8bed6d72f098d9b81ee115625db484b0c0b86e234aa0f4b0efcec53ed41817e8
d-hash-296	POINT:33ba2f6408aaf9d28bc0c95423707e6690130d81fa32878242dbcb77d7b258f6
d-hash-297	INVALID
d-hash-298	POINT:f27d2e63631cfe07718a15d55ffbfd3de5d350cde776119126f9974606a44bb8
d-hash-299	INVALID
d-hash-300	INVALID
d-hash-301	POINT:8b68789b2e011e8d4dfba924f76104536055c1c2765af652cb6a852e29ee8dd6
d-hash-302	POINT:92a8b71a66318229dd5023bf150e24e4e9f7e4dd8498e45c7b7d943bf292148d
d-hash-303	POINT:003ae1fd981ccadc59bfb4912e3a22f5e6c70af21de55e4444533185ad0f542a
d-hash-304	INVALID
d-hash-305	POINT:ae40271c9bfa1ca9e7c4c884d4e869651c5236714504b6ed3e604ac7e0107e0c
d-hash-306	POINT:49368a474f78cdf922aea478e94d88e8eb60c83a55a63ec9cc36f5112aafd2b5
d-hash-307	POINT:3b4df447b5ce66644fd4d82e0170dd3c4c778e2358e2152ca7f2a5000cec6f69
d-hash-308	POINT:2660e09c0c7b03d48a9a388e8dae3987320f39fa45f0f78416c8815ce14daab4
d-hash-309	POINT:47333549decab5f9aa1e1ee6b269660aa51af6258691b461ad214d520146ed19
d-hash-310	POINT:42f8c5b70d561aec8414e7f72f7a4c46165bce9b29712e44406c2b542602e474
d-hash-311	INVALID
d-hash-312	INVALID
d-hash-313	POINT:8e1d5865a30621baf0db0bb9834c21ee638b6832ef65fe63b3afc7112a7644b4
d-hash-314	POINT:6d172e4fba20e5b39f0aab8dd2d3a9a3efb85200d6b78268acd9520e1c3e642c
d-hash-315	POINT:6766108fbad7877c4a8a2d972555b742878b53084a021f300c6d76408e10bbf2
d-hash-316	INVALID
d-hash-317	POINT:d1a340c4832e5d3494c3ca6753a44a9547a1d45449c76759f899383e9e02d898
d-hash-318	POINT:743e54e7012447fb4110076fa76f012b52a4af1bc7369ffe855c6b3dee32902d
d-hash-319	POINT:94902edc47977e81cb636361c126f893cc12728c4d5b97ca5303abeccbb2a73e
d-hash-320	POINT:a6706f8025c669411f77874c421333a0742339460be8bae521980cc90b877598
d-hash-321	POINT:8401729b839d70d5ce7fe11bc3a388ccd864dd192abdd19e823e241e1419dab9
d-hash-322	POINT:cb7928483f86e196c85ce12b276e00aa89cb8f6c30542187c609128f30f040e1
d-hash-323	POINT:ab9a27b9a8b9603d49589eef8096ee6b1e2e9014b71f16a97d350bbaac509782
d-hash-324	POINT:144556037c981eef8694b43f1a63758aaa171fb363793d03d62c61e70ec4c51c
d-hash-325	INVALID
d-hash-326	POINT:48f2e3285b5dc9d370a273bb0fae738e8f8e4ccbe369a606a17de8ab8c26f93c
d-hash-327	INVALID
d-hash-328	INVALID
d-hash-329	POINT:220ae672140757ea69ac336f7ea080c0eae94e96cae3dce4f9292b2b2ed378f7
d-hash-330	INVALID
d-hash-331	INVALID
d-hash-332	INVALID
d-hash-333	INVALID
d-hash-334	INVALID
d-hash-335	INVALID
d-hash-336	INVALID
d-hash-337	INVALID
d-hash-338	INVALID
d-hash-339	POINT:b3d462384e23f99127bf0600489da0c74f4d1853c1062ae87afc6543292ddf0f
d-hash-340	POINT:09b4bf76b6c1ba298f5d7208f655246c37ec7d2e654c96fac7ac1d02549c5b6c
d-hash-341	INVALID
d-hash-342	INVALID
d-hash-343	POINT:003f05a13c2aebdc8e5ca471bc276c497347c4a623b8e42743c061511c312a4b
d-hash-344	POINT:ac13fbe773cb0c3744d710bfc071176649b16d4ba548be707d0128f0ead6da7f
d-hash-345	POINT:d1a8eca22bcc2c5187f802a314afba5269a18a4c3ce58b004fa6e6d352577210
d-hash-346	INVALID
d-hash-347	INVALID
d-hash-348	INVALID
d-hash-349	POINT:5de417de39d37fbe200000d3721655f6290c7bbb47e5521945d2abecaa0cf2e0
d-hash-350	POINT:b6f9f53bf38a268916c0d5564aa0138b561b2ff65bb9b414fb10b72e31c1c298
d-hash-351	INVALID
d-hash-352	INVALID
d-hash-353	POINT:0458a8d97b222b060c92de0e52805b39c33a0a79740832866a4850edb1c2da32
d-hash-354	POINT:69e1a1cc7afab151846a2a0a0c035f929b493543cf34f89d599debf7edc0bcc5
d-hash-355	INVALID
d-hash-356	INVALID
d-hash-357	POINT:fb56ab3847ff0d46e52036aab7d64f4bcef62fa6aac46efbffdc7ec680c52ce6
d-hash-358	INVALID
d-hash-359	INVALID
d-hash-360	POINT:4f3efa28717ac9ece1a2a28f1d59a4c5cbb35345cc7bebbbb9fa8f22e9c1e8aa
d-hash-361	INVALID
d-hash-362	INVALID
d-hash-363	POINT:9b0079af0f6c96cf93baf704022ec31a2e97faa19bdeb9f55f82a627b1a50c71
d-hash-364	INVALID
d-hash-365	POINT:682be3f8c366eb43eee79c3108af21cb8845f8a4bd0441537342136c40ffa17f
d-hash-366	INVALID
d-hash-367	INVALID
d-hash-368	POINT:18c03106a3426d71a3463ab717c05cf4fa4adffed1054c8a5f868211eb33445d
d-hash-369	POINT:26c7014c57e37b15bb3627ff5b3480c58255d47820bd2770a7ef4f8bb494b53d
d-hash-370	INVALID
d-hash-371	POINT:e8d16b5e6c382c7d6ae899d4a82cc2bf834abc12c8a7a40c0b24d3a59c6a38e4
d-hash-372	POINT:59de7f1a4b12b926e357a5b6756c50157e0948ebcd68229a8899cd8e39b489f4
d-hash-373	INVALID
d-hash-374	INVALID
d-hash-375	POINT:df7cb3a9bd83e5be285838efa180f8ebe613b75fd5bcc59f1a5375a8dc18717b
d-hash-376	INVALID
d-hash-377	POINT:5dd07e6f2490d2d92c7dcbf555b9d2700cc40c50a40e7b70bd14ee52fe796a84
d-hash-378	POINT:1822aa69dd4c608916b42fd14688f4a8291271de357ccc8c364eb64c0c8b0c8b
d-hash-379	INVALID
d-hash-380	POINT:a2769b13e979cb321162354ea86f9079cd32ed2ccd593a405c874e703b9879fe
d-hash-381	INVALID
d-hash-382	POINT:827c7cd52b95af36115a8338ccc4d5a73831f93235bb7b3d9cc8652bfc7616db
d-hash-383	INVALID
d-hash-384	POINT:76b025fb024f203c8276518874a222ac1824a4b6b386469d9ecdf2f5c16de772
d-hash-385	POINT:968bbc15eef54ac3878b2a3627e906bf38524795e1cb96216535069ae42ad7ef
d-hash-386	POINT:7289f427a0040562f2f410a349682266bc180b73e3d41f8e23c6b7451bb533bd
d-hash-387	POINT:ef4510aaa6235ad15a671b1fcd3c6026e7c439d951fc38f37f82e552c50c2d34
d-hash-388	INVALID
d-hash-389	INVALID
d-hash-390	POINT:3d4116c48593e274236cae60441b83aefbf9174cef7982c894e93de53e2dd73c
d-hash-391	POINT:4ee13be9d4968894066c11585670b5669e4b59875b9d2b05897fe894346c9013
d-hash-392	INVALID
d-hash-393	POINT:b71bcb3a9e34d7ecb8b035266ffac120504363a7effe775955f369839661eb15
d-hash-394	POINT:be7a37cb3901b815b5a07e35babefe4e66d2f00f03a25379cdbec5145b7ec54e
d-hash-395	INVALID
d-hash-396	INVALID
d-hash-397	POINT:5b717bfd5d72a30a62591c180d948a1b46b8cc11d333e267c5310280eac8deb0
d-hash-398	INVALID
d-hash-399	INVALID
d-hash-400	INVALID
d-hash-401	POINT:a458c75abd95c4b5bae34efd6dd458ba1d1af8a7fcb676c9e4c5c3a4f21748d3
d-hash-402	POINT:1049912858adb9aa888cd58535f1386025d0b0145568b0dd4222f7d43d604489
d-hash-403	INVALID
d-hash-404	POINT:0d3a3faa8eb1ced2ddd4faa9607440b0861bbfd239e8a2bf3f70a4736983968b
d-hash-405	POINT:02b1675ee714edaa6a2c7ae53737f6ea2b1c3fc97430f35daa3646919f25b238
d-hash-406	INVALID
d-hash-407	POINT:25329c0e9ec794a03147b9f4fbb0fdd791f563f7afb43851651a4c46dd6093bd
d-hash-408	INVALID
d-hash-409	POINT:17f31ccc8dabdb4af0aa5a4c5bdb04cb5ac884e53daca81efce408af09dd0980
d-hash-410	INVALID
d-hash-411	INVALID
d-hash-412	POINT:9c1bd4c9c6913765f08faa90487b4092d444dfbbb55b02b530b59ec76e1ff570
d-hash-413	INVALID
d-hash-414	INVALID
d-hash-415	POINT:7a0c0e02670a3009e7918ef760cb2429f187de90c8134035cbc1cc2648f6e796
d-hash-416	POINT:4c5be7f5c4711306d571765d471ebe5f25637e5b24469e985fd3898b559e6602
d-hash-417	INVALID
d-hash-418	POINT:5b3629171dd7f08a081d1d51bf12871fedfa241377bad0d89cacd4b90b10e65d
d-hash-419	POINT:75c0a65e4c6ed7e4803e7cdccbfb535e44475eec0c444841fa6c39efe2d91732
d-hash-420	POINT:75a8e0565fdcdfb5f8be7109c91001fc17c15f39e51b478428f330b344b13628
d-hash-421	POINT:eb4435425e441e8fd99c2b3f44fe2f13f2cb98204587429954f025c1f31da7ab
d-hash-422	INVALID
d-hash-423	POINT:1221ec157ef6281cb59e3b3521b9c7ee12dfe312c5790e7889576873059ca7fa
d-hash-424	INVALID
d-hash-425	INVALID
d-hash-426	INVALID
d-hash-427	POINT:4f98fc673f2bb75d9d916a88a87a6845c13e29dfef629b99a5398abc25f5f4cd
d-hash-428	INVALID
d-hash-429	POINT:5dfc2c5199d72edce0c2852e7d022f3974e8d65d0f9047b3795c8f5c8917c9e1
d-hash-430	POINT:59e4e0b2692b765560bae893bf5e6684cce104df31aa183b141d3f9141268a58
d-hash-431	INVALID
d-hash-432	POINT:5b5aa44e22dcf536b49e9f00c84e0106843d11eb2b38ac9d423b88e0ad7429f0
d-hash-433	INVALID
d-hash-434	INVALID
d-hash-435	POINT:eefa4c282efe8fde9e46c083bf5f50c7994c356fc989c8c41c2d1589b5adeb83
d-hash-436	INVALID
d-hash-437	POINT:ca2a468c6deda860b6badb8e5dcaf2c726f3db65211542894f80549041b0f7f1
d-hash-438	INVALID
d-hash-439	POINT:debfbf42d10aa36e91972471a01cdfec2dff1c1150e5cf4cebbe87dacd0f54d7
d-hash-440	POINT:fa843ace2a45aa521358b96008b24f66b5a7887cd3df7c4c86aa0c452943db18
d-hash-441	INVALID
d-hash-442	INVALID
d-hash-443	INVALID
d-hash-444	POINT:8f60e17a09d7482a5cafdaa6def3a44ea0af91ce019716ffb94a7cc61707da60
d-hash-445	POINT:44a5a2587340ee1509b842946035209ae95b6a1743bdb9f0c60579dbbffa0546
d-hash-446	INVALID
d-hash-447	POINT:bf0944452761a01579142ecbf997a91df92400c54d116cce210cbde2fb18ef70
d-hash-448	POINT:dc0caae10bb2c86b9580d0102eca192a0ba915d6ae004892b9ec9b02954c09d5
d-hash-449	INVALID
d-hash-450	INVALID
d-hash-451	INVALID
d-hash-452	INVALID
d-hash-453	INVALID
d-hash-454	POINT:f35e93aed2ab53927c74df3e2e0de090135372f971eecf4da1c672aa500076b9
d-hash-455	POINT:61c0be32483d49b8aee13e9a8c8c5c91106a953a97419c0ae427fee15af8d425
d-hash-456	POINT:30b903ab020e548c7bd226d12496923369abed0f67c3b37efef62e10b1e8264a
d-hash-457	POINT:1ea764ec55427140528c84861bbdfd0359b263d6921f5f3a072668ce1448cabc
d-hash-458	POINT:70977636b6173842ae4ef5c4f9d3b7af0daff0036f12a76f3c8b09833284313c
d-hash-459	INVALID
d-hash-460	POINT:0f04221011134e318c059553d450bad6479479c8cb8f422b6cbfe8a08e51c2d4
d-hash-461	POINT:49b8c677e89155b5379ff6dc9b3993b8c4b457bf415c41f43e7c25cecc128b1b
d-hash-462	POINT:2b8cbc61071c51dc196b0d7d4354af53358191a271f1933f5568fbff6d1fb7ac
d-hash-463	INVALID
d-hash-464	POINT:e1e0c62db0908bfb39dce12d3c94eb847ae9bdfa58b18a58dd436b4fffa1bb39
d-hash-465	POINT:bdb9b446219818e2d857fcdf24658f5fe5c935976d84f3f40959ac4df99a6f94
d-hash-466	POINT:c726de9351b5e968f4dc98e5e7b456fee938239d21a73a2d45bc96f9eaa967e6
d-hash-467	POINT:7a90dfbd0c48c05309e74eb6b907c3d3a270cb15f1329ba1babfa2694623199b
d-hash-468	POINT:ed88841ce037c160d01a30516669252ea988de556d2fbec3c667dcbba0a00929
d-hash-469	INVALID
d-hash-470	POINT:9b283872c9f4d50c16dccad33bddeef28949a4225f159e5727c50ad91d891f0f
d-hash-471	POINT:f07f026862d19dbc3df41b72d83ee2af2dbc53c474092a1fa5a2b9f0cc7b35b8
d-hash-472	POINT:6a9419d47939e827040a354c71dc0c84879b13969ed9e3db8181ec07d8363b94
d-hash-473	POINT:9338d2a257db7a24d4c43fa865e82e2bcd3706d13913dd8d90cd0a1bfde26859
d-hash-474	POINT:4041ae00b677d840fdb534ce2609ba1b0aea419611ebf315c0bd2e5d7043a0ec
d-hash-475	POINT:4936248dd315e0355a7cdd457535dad0df4aae3f7abd434a0f621df4f1cb7b7d
d-hash-476	INVALID
d-hash-477	INVALID
d-hash-478	INVALID
d-hash-479	INVALID
d-hash-480	POINT:90ff9a57be92edc048b82eea3229d4f79e13bab2f55afa276487f51cff051be9
d-hash-481	INVALID
d-hash-482	POINT:d10bdb7fabb9e775d0359dc36930eff5a9104b1c04901434e2c84222d426fe4e
d-hash-483	INVALID
d-hash-484	INVALID
d-hash-485	POINT:7c4d4e98be7b7a49f0bf78ad40f205d94d3866690c488679baf0f2b22187e4d2
d-hash-486	POINT:7d4200564592da38309edd90dc196e42bac498d7ec1fdc331b6c87ffeedacdbc
d-hash-487	INVALID
d-hash-488	INVALID
d-hash-489	POINT:9b60ce2a34c62bda19e293807d50988e7328d262451566ce3c8917d0b5014371
d-hash-490	INVALID
d-hash-491	INVALID
d-hash-492	INVALID
d-hash-493	INVALID
d-hash-494	INVALID
d-hash-495	INVALID
d-hash-496	INVALID
d-hash-497	INVALID
d-hash-498	INVALID
d-hash-499	INVALID
d-hash-500	POINT:11da711590126942cd9d291e6fa28c6b9658ebfac558b41fae292b8d83f540e2
d-hash-501	INVALID
d-hash-502	INVALID
d-hash-503	INVALID
d-hash-504	INVALID
d-hash-505	INVALID
d-hash-506	INVALID
d-hash-507	POINT:31d63dcb4866d3f2b85ad5fe9f475a7e563b366ff4422ab266bc6adebd500337
d-hash-508	INVALID
d-hash-509	INVALID
d-hash-510	INVALID
d-hash-511	INVALID
u-0	0100000000000000000000000000000000000000000000000000000000000000
u-1	7c317e7a16c0ffe160a9d82197b462a0ee52f0dedc8d064350196b16f2677f59
u-2	daf772089ebee374475ef92a03e3ae5c25f5977bf6cace54798cfb6ee9b018ec
u-3	7c317e7a16c0ffe160a9d82197b462a0ee52f0dedc8d064350196b16f2677f59
u-4	0100000000000000000000000000000000000000000000000000000000000000
u-5	7c317e7a16c0ffe160a9d82197b462a0ee52f0dedc8d064350196b16f2677f59
u-6	a154a939b79807aa59969afafe4e544a11a06eb2142b9adb249caec9c9825076
u-7	e9c0107e91dbd5544137aa39e271af2e10043fc178eef493be13c2f103988ae6
u-8	fa3e794d007f2e4e0a470d903c8b7bf5e4d7553f2c71796edb90a5020ef06b4e
u-9	9022729d38ad092ca1c04a8333be4cdb7e5c8b6465464c0d0517200b69030980
u-10	53bcc8bd954550338333dbb12188b66021ae4e124186278bd0d5705b2d1f1eba
u-11	3ee458f77c859d8cfcc26387e7b045122bc9510a561ce303a7e973a9cf871eda
u-12	c8c968c4c4f254a35ee7263d37f9489b9dbd552fdce4859bf2b7ee088ac600fc
u-13	4402edd71d03e9a50dcde58ee11b288001613b8a97dec763c5a71c72c69c90c0
u-14	f2c4d55ea94595216fd6d4c8ec846d7bb6333d066e7e5c6bd9d0d9bae3b58759
u-15	554e52635f31c451e605deb01397b6b1932523b1a0a34584d92a230436afa100
u-16	ec7104cd0373a7f600bb6fce3579a97a7511de7322c3aec345a5dc73bdcebcb1
u-17	79613fdb8be149d5a11ffc830d579a64bc14c2f83bb4830653e7022072fe7c22
u-18	442a663e6372ce1e1f064cf9e66b9ac1c896289937fc679283754e88ba56e966
u-19	52092244492a411933f3412cb13a82e8c9686d1e855b6f21cfffd2a32cec3520
u-20	502d3727b6b2cde6a781ad17a113b93f24f77c602351ee505aec58feee6a310e
u-21	4d9b42f08389db0c4cad5f5736da8ecd8d5d58a134b783d7491bcaef9189c6e4
u-22	a991d7c090f0e2e25644f0fbcdd3c5db9d5c0fd735261f982b5adf2a56a12672
u-23	936ef2dd811c0ee3e3ae5b003a87c5951dd53339eded9329533d242ef8a1af1d
u-24	ddf60d657a8133b99903927ed222a7bccedc3371e2ad73e8a19c1dbda5371e63
u-25	07c7aa1f7f2e732b6233a5e78d4d0b88da9596b778aeec8556ec75b2282acdcf
u-26	2ad9c0bf198bb5f157e8a5e6278df87371c40a92db5ef00d7c880c112f105c53
u-27	625cd8f66a546a09995f53e08f2b0a3ced4777245636f0eefd195185a9308783
u-28	aec951d6a7b002863986b0636595081bda12cf10b161189ce067792da2abc304
u-29	b5f97eda9e9420a5b2fae2b4e40835f32c61e5cbae945256c9e9680ec3ed36e9
u-30	cea1a89d735081a2c2eba8b879eefd7fc7a8ff9f39be070d4f2cd296e1a34a5c
u-31	4b5b3c2ed51a19934a56c27bcaa10e597ec465e54e6bde5db45524b59199f328
u-32	addc5a4d0a26813543c960e413aa476b63b705243a0eb785ef7b9a41eb7408f7
u-33	42bc3dbdf9a76a35e43376cd8857cebfee04901a583d1f866643096fcb495b1d
u-34	1d2c12023265a0364e2f27087af36e4dbc658d33790f88d7cfcb44f26b82cb29
u-35	86e45d8dc22609940478a4f982b9ae892749d04f07816b64c31a223428f825b3
u-36	cc86b5f23d0ed6b2dff625ae19fd1d66ab1a8b4ddfb760c07c8dc8918f22a19a
u-37	ad97a2df8f70ad1b68866f5fe44f4dd781d93bd48f91043bc6a4bc6fa6229b82
u-38	a7ea97f4ebddd5461e0ec730a1b4447b3f97a4e1cbd6c7e82f2d72b77c3c75e9
u-39	633243dbefd5ebb9d7cfa6b4bdcf7aa6edc67b2011cf60d9037cd34460260184
u-40	d6f5e3a6d17870dcaec7da8495f04fa5c8f2bcd431c67a62d03819dfdbc93fc3
u-41	885714091dd1860448f794872a664afed9f39837f28d1d9a7401648e8dd0b2a4
u-42	3367a35dea33bbd4e425631c562fbc0361d0583faf33843284509a1b4b316587
u-43	f0c93e8b1521be2905a75900337a114a5017fdd77f3471798f66dcf7832c7ec6
u-44	32ece308e37bec7dcf59580c462d31c1fe877edef06b8bb6be739dbdb0c9ba8d
u-45	80ee15dca7d7ea9b5daa20fd3fadfa199e625c3cffd1c0c2e0ddf282fccb70bf
u-46	87d97e744bfea45632f25afd26bffe5319a373890d496448e6af8d0e72baaf95
u-47	3655070bb1c231a12f4cca54d28bedefa37ceb4e3a92eec66ebed687ea40ded1
u-48	b3143d724fcdf826ebacb3fd566dc0155824775a7e93110f2adc6c2fc057b5f6
u-49	4fbd1ae8b42520bb1493cfd02bee088fbe57c557b090fa9db7dbd91562f93728
u-50	2c50e39a1c50de41e0b1b0bc07ecf4e53bab744b031f6e959f2e91b5652fec3e
u-51	76636f070cc35477778797d22b52066b8c8d247b36e3e167b1a6e6d9cf6a719a
u-52	63a78b8b8c1e9f4d2039f2adde6d11a0bdc2b2f2ce3813c6d8a1ac8fe7abb86c
u-53	a544c9c1c665e08c655d0128d62f5745c48ec16e9d323a220ccde75dac739f53
u-54	8c156d7d668787ee1010cb71788af53afa5621295fc4ae39d372a27ad64e9021
u-55	07bcca5daf844082bd2082408832a40df5418ea95f830ea470e8c4ef0eb5bf3e
u-56	7809afbbb3673cc8958bea684829c605f054a620714d3a5c05a9c6ccee47f93b
u-57	4b72eaca7c6bbb1af5f4f2d273b6777e335de1f51727ccb96e3f89ffc8f87351
u-58	c4355151108e4525f4fb823c18a262a2e2a3119b490e70884082c897e0daf200
u-59	a145aa7ce13b8e5c8fb6197a11e5b98640d92947aad60b868c38a848ba873f53
u-60	dfeab03a684c4c3fdfc3bfc8ddb3bbe7dd14de1aae9a1a6dc5472ccfd78bb295
u-61	2bcbe8f7b2ac9bb62a40bc5674333eaaddd56322f65f22ab9551becadbe5a297
u-62	6ff74ce236188aaa6aed1e319e98a442625862c0b099b505a859beeb8cd310c6
u-63	154d2aa38dbc6fea6622c84069cf5a95e0c2ca2546ac9449b7f88d3cfef0e732
u-64	747de256e57f8829f6f7f6dd070be458c36b834bd443c3d01c9874e2cd4db506
u-65	bd33b51254c8df11011f251b47b87cbde86769929753969a5a0cef69bacddccc
u-66	ae369b0c1644750ccae6a5531c9cc13331b30e0abe5c2f0b77fb35f773874f97
u-67	dc974f2405f9f10da822bd4d63ff22669524529e1cf5a0d6eba86f762201cbe2
u-68	ffe8da362d89ffb19c09f3cc87ea4e92697953a49375716a31bbcf7d6e096d66
u-69	3babf0abd4318b48701d010535c952d92eb88db7ffae4c62e575e3ce7a526017
u-70	b349d5a7e7cc7156e906c9c289874efe444b3c4809e646b4d004f9b06ec691f7
u-71	09508b5af0b37eb9fe9d042787f190905b3984ff6d53c8c8b58e2bb29ef19366
u-72	1642b6ca326153d9f4e39690823b392af64d8ffa21e7e0bbc3ca1d8093987938
u-73	e47e5bf484cadf10d9b6c36ac5d3cf1385a1083948f5b2c365e0cf6199692e49
u-74	18dbc8754de8d3cf28bc0636d5d6801ec9e9f30b78e4a562fda72b1186fadbc9
u-75	2169c86fc13bff791d6d52c8c058d07e590cdb67cb6aec882e6606a0af53ab2b
u-76	0ea3783f6e87e08a72230bb3db4e727dc3715a79bc5a2e11061d64af8e851bd7
u-77	783dabfcf4663cebe3239f90706e6be6921cab12a22c882f4b2ab39a6558d8f9
u-78	c7d1ca404f5f83f0e9902345147d26e698f93e2f9d0b6dee576cf21405b56aea
u-79	29e27b227c94246a44acb8e4d2721b7737579fb52f4a0f8d57bbb7828eafb5a2
u-80	ff05d54d659793c59ac14a7ed5585ef3fbc4a7fc029030e953c57e1831925fdc
u-81	a0c047e894b47f297e4eb8d0114bf85d609b9d9022e2e77d5570be905bcef3b1
u-82	7ba6fd771fa0bd888852df1f22fcb9de3b7096f1742ef466fb88e1f7fa2e79f8
u-83	804d1bb683aa3a285f7a455a9d4d99efe68db56df17592e0329d34aa2bdf7ce0
u-84	169f6dd97daa25b5cf32fcbe62ae3b2ee54172fbb489f1fa2818dea14e7b1b2a
u-85	3455d3ca82bd789d4c2430fb77cfa2bb53875e9234b5fc31460b5d9afb1d2d8a
u-86	56bf019bffde31b4d39dc21d22b23e1b5686c29c98315a1b852d4c48bb1c72f6
u-87	ff9926ae26c85026e2dcce591ee5056c78116b433f519b451a00d29a222b8544
u-88	f47d40b8ecc3e32e60e1837e66e0a9d644d53804956f59c105ca1c7a24a07b8c
u-89	46e39459ed3cc1aa3d85ce5e45b30230e385d95a3f49f7c2983dded3cdf41b18
u-90	32fc61ce84a4185b2435d2ca18dba14421516795476b11973219def49889adb6
u-91	d7e4a18e1f7a7f7067095a47105547797a4c35a7867838a17c1f5e58bb1366df
u-92	52ae5b6e47e6057b1e22efbf72a0667b6a33d39ff39dffa3a7659dcaa24a264e
u-93	4658434c8bc26308970a4bb574dcabead418613e9df737c1ccd797b49f358fc9
u-94	7cc8e3b0c2abd9ec05ddb5df20b3aa0757df6756567b29552908e302c585061c
u-95	24dd449f000ff35c96c0ebc6d7dd585fb95da36a52551a5c5de1f0f5a424ee71
u-96	ae3d20c70113482a126226eb662f9a8677020612b8dea7c2750ad5dfa3f3c488
u-97	20e7538831753d1b676103d31431226279ab3660f24d88d33f496284d8b4fe23
u-98	e82f1a9a520bef860fa1a3c809a9e7f6a3d892d4b93b2e1869abb399f63e4e71
u-99	eb425002d7fc4d366c09122c12dab57e03153901dd951f8cb4a307ae9c0c1c48
u-100	61308e52f957846b52163b10c520bcad7c48e356ed183f2e35acc507b38c8b84
u-101	c5f44d3e045381d9ba1551d4bf1ff9a0039dcae23557d6b030d4da9468490e12
u-102	c05eb0ed9334e27a7a93d665df09c615cfc1e49382a5d645efa1e57ff56d94ff
u-103	2cca7f7d314bf137f089812405468cc06548a3de1d4d6f35451c047a16b5b7ed
u-104	5138605f033e1eb72fd6407508a34ea2d37433897340bfdf172880d0d6893104
u-105	8b29e1c3c5dc8e082ee0afc86a7ad79ad4a4fbae413483cfe300e0f067388d7e
u-106	bcaf3a278290200bb5726cf8356b78d0a7b1163dba70bc0e2abed4224147619c
u-107	0299f56a52461d4b4afc22bbb526656d9cf4f7ac4c0147f1c543ffeb0b1b75a8
u-108	fe60874ff2a7edc69de5d1b78f6b3ab0f7b8608d7a0917bcba895640d7a71730
u-109	6f561ba92791f5442a6e931f143ba4b3e68e8e237aa170c03bf27c3ca8db90c1
u-110	bd139fdabd23fece0b4cededca0e8a2056fa035b7a8958b79b5be9175ab20123
u-111	655acd1a1837bb2a9e6ef847640a1fe01927ae407861b6487a07e40fb3ea99b9
u-112	8480255278d61ac48488d932ef9b9e0d5f7d671e72f9903cd0fc99ef4eb4cc17
u-113	78a0c0c7f655f577d33931bfceebbfeeac3a18d994ee723852314b134d91ba95
u-114	a58007141087a61026f6610fd4c2a99e5d0421cf8a420078e3af9b4205bb1b87
u-115	5f61c547f607dfa7b4b8744c7e77f0d2613f908dc1439a98613b282aa0139007
u-116	a719ef8d5102d16f2881b979cf6faa1bb7b4225347b5488a4160ac60447fb7bd
u-117	77164db7150f69b24aea233e111b40c9d7da5f0b876a8455899a6fa795e2962b
u-118	f50f13c129f284c47db22577acfbd0316f6d58820f4526df659034e9fb5f1e6d
u-119	9b48fd5046bc2c410877ec9ccbd5b7ae27b01e4ef6645b569322dde464e78a7b
u-120	cab4c19ad65db596fb4fbddd2ce881f95f200e6ed69876fe8a5ce5e3eacdbb3f
u-121	16a42594219089c63eadb38bb37c2f72699ebc835de2d22930b0c95e5af618dc
u-122	9d94a162e0dde3d387e2f834e49417dc623447f58fc04ed736bb472bf55e5522
u-123	18cff707be43e4f0d2c703fd1d73279454f060bc652534f5c2a5377415b8d3d7
u-124	fb999bbb2b33ad6a459223ece8d6fbcbfa4fb0e73ab6a4fc9b1982404b4347df
u-125	6147ade65b1ec1eba6bebd2901b822e1ca22793bd48eeb607e030e2df090f9d9
u-126	1f15f0d8b2c2ba662208e541d14771d33b6f5f78677fed97838e627dd0e7c683
u-127	ba0b150adfb867caa82daa9a71b1dec19999b52bb0a2d6daedca598db512d2c2
u-128	0a9e8a73fa515c02b60454647d370c9c93ed7705325acde5ea2d32f68f1db457
u-129	092cb2e996b71a56b3af6fc2268f8a1797cac722aae7996f7b338bd5012d4a13
u-130	76b988d95a7cb53635bd04f8752de4cb1db04895d5ad715cb6ba216e986314f5
u-131	b0b2523a3b1d71099d00d7a5e574e93e5ea4a2803b57dc4c5ecb5790c3211606
u-132	6075114b9ee24420a14980a430ca31811ef3279ec247212b7aa2e2d8a592ca13
u-133	ead3d55576322f4a7780a970e6f8621de95031ca94a59d7e820e15195ec986c7
u-134	4ffee1e19d826fce9634a106d7ce7bd95a649f62f6235b0eda20da893b331d80
u-135	f66aeb7da1691e4d53ce864ef654f4ac0bd9fff49d5f27af504ccdf65b028bb7
u-136	3b98a0b0f0c26fdc0ab2efacedbe543ad13cc2d0347462b6175b6ef69ed36109
u-137	61f894ef351fd388602532ed918e2a3d624b6e21259b9c05bbf069acd9c778a3
u-138	2e7451b21599a8de142b5d00ff270b367c341bb378cf04704e42752b1c3f5228
u-139	4a163f8992654b21cb4b982f27e48c50c546911b34a02636c555ad250ecbf4f8
u-140	bd42a57ded9035205ba9d3660901943158f47528d667c255be3377af2e50a4de
u-141	c8f7fa53afca5988395346010324410f4e32db21badcba2f690dd0744eb87a3c
u-142	a5ffa7b77ab108dee4b31475ba5cbd18f98e1ce7f45058e6fbfd5d49583155e4
u-143	0a67e1045cfbc93b39721b8c776568944d370cf108cc897e50e7ee11e9c1c5ac
u-144	11290b0fddb06313666b27637d95f06dc09161c5f0ddcd470d387d8c9490d26f
u-145	5829046e6eebcd9e443b370ce935c828a027bac8cb272ad3a9515428780bf007
u-146	2ab2ca1f946aa38a63a6b756021c7a77604f63aea18df04608165b524f28cfb7
u-147	7d3c6171964231f88f16ce9d3361c5a873f9a72fe1ce3955e578c445f44ab172
u-148	ccc07848ab730ca810903a0771156cb594b70d37928c4f4366af16f519b2d625
u-149	b79c48f76f4b255c321a44212592a98cff17a61f735ad453f868efbc615cfb82
u-150	4dab7b1e65d5517b46523ec845ef7a6885d6090f2fbea341b946e57f84f10490
u-151	55879ff7d7e1c0b829b65ec5f94c1ed624e872e294f863c2a0f22da7e9dc5245
u-152	6552e2be5e9c2cb204bbb150376f8cd1b01d7ab921ee900a3c1fc868c319c430
u-153	925e5a8b2b7ba5d5ee1cda2291f37a7e51a76dda9e966b68bb8bf1bee7d21a37
u-154	b2421d805b31ed76cef787276a283f93c1e1e0b4d5e9bf8f53cde51203e255e7
u-155	a0f19c5491c5fd44286ecf4daa01f80f41f89099a97beba594a48d14a0d06c0f
u-156	37f3f4fe24161fd4396c708c3fb000c130a233c22e108684da4e04482af0e3f4
u-157	13a49d968ba7b117b848b062b9cdf5414eb94891303def36c984600384e871c8
u-158	ff8aec13373d368af6bed050b02362ad45a001f57da584c17ad5d114707c6450
u-159	9b66f68a5339dccb126f46138bb63c50cdabc34c5a9a50ef42a94028e306ce32
u-160	c3ceb67028cc3426bc9fa98d77b6f296d1d0de54da1270765c6918abd18af3bd
u-161	68392b2761b2f4008d6423268fdcbe1b949aa6b0a6f630e418bad02160b3f9c2
u-162	06318aa9a903ba79fad9df8665c93d9176a5b86c070681687cc9472cd81d7e4b
u-163	ab14571518cc75d3b0b089f2fca9d01aae9c83f7131634767dfa53717483d6a4
u-164	5f5dd38563a3573d5ef737f24bc416d6f53b9e02f6bb1e16f0b9d911d100d84b
u-165	549006e79d01b557cb3ce0cfea57078051527f61aeb3458f6a3192d6671c86d8
u-166	91282b2aed3b3478a385a4c0b5d7f888545540042a0279a9f5245736fd214b82
u-167	4efcf12df5a1ffdbfce739e7548dbd3944ad4dd9620cf7b4bb782f76eecbcc50
u-168	b9e44995dbcb5a099e8005d336a40629ce0685c6978d54489dfbd2c3db989859
u-169	93369aead7448e37cc7bd2a37dcdafce7dc83046620e79a44b65bd822677e7b1
u-170	6ac4648d31638c8a78b0ee2ca98ffa8fc355af1214d2397b5c3e9cacf01edb38
u-171	318ab8a3426eeee329cdabadb453fa83390fd239abbe2b9f3d8db5ccb372efa4
u-172	64aba16db376e6080c42b465e5c14d8224f9a918895e066c2fee2bbf0da426e5
u-173	a46e9c00b56b18246f800f891b0eefe09b1fa8be5514b63fc556d5929d5aa25d
u-174	a39cda24eb50271dbe4d8e2a3301d95685b49a608e7ed836f475f9e6da2fc15f
u-175	f334b16a7290c3beefe44c9fda845c1b7508c5673990032f9f6522527761cb38
u-176	00499b21fb2e746fac6e37a5b52eff65bf3c524a76310479aaf1dd794b1a2fa8
u-177	9cf24228820a170383aa8fd38e32222e99e64e1ef1e94526786e0ea93cc469d8
u-178	24fb4f201ca26f98c8b4aeca66077e7fbce7320cb36949400635217801e478a8
u-179	76741e44ec37c993caa199b2bd32a9d0a5723530a3fe2c976c8e6b4abd9863c2
u-180	ddc58ddd8b734a03de6d0a9e4b46c5043c15ca34fd64de2ee13579b5962531ab
u-181	4792ba6edd4415be5cd8c90714211fb9c6ea443fbcb2673e870c8fdea3ad34e0
u-182	ebe602d672f3b1544d32623ef1987842012f5b488c81bf05dd0d8631a05954f0
u-183	6697dde25b0def8d49c0d2b2d0169928908785b895163ed526c48d515325ad11
u-184	87e6d293644d9df2cbac39b5430ad57bb785ba14f4ee7c455b717128ca0ae3d1
u-185	0d8526812b64af312298d7a25503af2bb0289f7931443e2fa21eb43c88342f66
u-186	53d50db7614eeef829a003476781f6f77324f0a8a837a24f7453bfd48010bca2
u-187	a2af64a71e3c522bcff62091228c62b307fc78716f2782d53fc8429ab7d0ac89
u-188	9ed82c829baf2f01940bd9fa3a0d4367dd483586d3db1515cec0ca527e46960d
u-189	50274a6745ddf2ed1796707b5c244489049ce66748f837cb7b6d58f619929d6d
u-190	4308fc0a90dbc2dcb95f19677f7701d1a521b8afc52c2d86a2c9528921397688
u-191	400f8de8ed86b53c1b13b16f5c9a5025c99ed5b9ed3a297c6b9504feff3b377d
u-192	0d4a944eecefbfedc4bc3a4aa45922f4354e7ef840f2089dfa78069b948ff5de
u-193	cf7ce158499e07b2e8c800adbf6120e2af646305e4e59a39f2ff2e7592964598
u-194	c5f9891b17d9f5cab2e16522d13dd35b9ec81682cdc975b9c3094f1d785d9140
u-195	b4565f50489ceec300409f392c0280b12e7b036b2ca7c7eafc25d6eb9459bb8d
u-196	80695de6458c5dfd75e6fdaeaf9f0c2569fc9baf6c7ea054d48952391270cb2e
u-197	438e5fbacfea2d84ef52710dc24189157ba49cc0039adaeadf9e73839338acf5
u-198	eee8beaa45b007f34ad21fcfff4c8068685d3ac536e1dc97dcecc3507445051f
u-199	6d1a36b01ca08b91841535aa6405db59ea8e5581bc4ecd487daf4786fe782407
u-200	166692bb65661a47ac51c9681fd66e37db4ec53d12faea1a73cea8a4d3839d28
u-201	63515a4b82d4df5e1fd22cd0517747073fb8d59274aa46d92965e20e10fdb983
u-202	99a69984a19852a27266983ba2369477dcee4865a4d36038bd1c0d879e37737b
u-203	43de95be9aef0aee7cec8a42ee20e6a9689bb68ee74c72a78685aa3fafac893d
u-204	89892fc20455e1912a514643d77fff8c6c09ef063fe2fe8479363aefebc98621
u-205	bf33de29400964a17d6511b328c11f628fb51c104f27939d90b2de97ce69e8b4
u-206	2933dd3ec2faee665e0c4311443fff6adb4090109590b891ce8fce469637802a
u-207	aa476ededcf2b7335b6927e47117737b5828a6bce8a4d510bc02965a33980ab6
u-208	554bd0d6ac1336d10e333e5d3cee7d27de5e816168f570d51398dcd351647bd6
u-209	f70ec521ae58c777462754fbee39ab9f472b93ab1cf76360ff21fee78c956875
u-210	cad5ad286b087267f66328a27aa2f1e6da12d99f465db21704635c0dbb3c288a
u-211	196c6c919ce7b04c14d970f3e8f3104fec861a74e4df191828de3bdf03b0fb7a
u-212	fd89d94e5c5a9ed2419ace9fadb9d06ef65e3ce9f9855c41a9e118784c797921
u-213	1ff8875fb7d4f3f51dab0909e2bc8680c940891b0df6da1b6b155fbb348ba3bb
u-214	0ba2f5509826062e23ed6ec1c90e90b7f0e8d5de597a347e3d7a73105f03ef63
u-215	87e19de1942787214b7f59ef4dcaf1fc1e26e4f03ac61e130cf32513cccc195c
u-216	507548c37a5c4819152e82172121cde25aca699a3b508ddebbc21afd743162c2
u-217	ae4a7509da802e26c05f949b32b4c9d673a7f8a5791ea6c6052b7399545308be
u-218	409d2c4affd8ab7031c7e792b99973db83ce6feae22a54340c298a3052066bd2
u-219	55b1bb55c5dfc0c682e2ed2a216d4c71b3e4b997b915f4557a35732c08bb428f
u-220	8f76533ff6bedf295093d27f289fbaa48855141311f354d8b6989c38cbf18d7f
u-221	6a9a1af058e709e7ab9f61ada1f84c0c31e117f9283318d5a0d8fb1194cf5c6b
u-222	5127eb4950bec5a1d255a6667d939a6ae281d18eaa28d1ce9bad78a3dcabdf5a
u-223	5b831b08adf3d19d9c6c697dfe33caac044ec31cd00ac09203ce4947cce4472e
u-224	b58d2cdee4bd6fd870d627165a1642024d6f23d65af430353621cc2e4fc20e41
u-225	b4e18cf415e739f62018f038489b1611f3d2b57a0c89f4610bd8f86471ba314b
u-226	51f05c1c89560433e021dd989d164f41868ba6866f3d3a502aa0c81fc6d639f3
u-227	08ff7b91df3074f19c96ed9b6ecf679e3a100fa881b06c40b6df19c696bda3fb
u-228	fe7bcb3285a0509d1d448f796cc107255146b707cc101cc9f1350353f9822964
u-229	f5a7089bb3895b5a8f40cfb46e3f9882cedde8bfe89ee5be89c8c284b3b150f2
u-230	8cb28971381dbf589490b65a1f206d5ce94af43d0d882c3d506355206c99c23a
u-231	0f55f25af22728513a3e2441b27135ae3532c91eaafecf6feebd8bbdde9b68be
u-232	4bdb6b2d911638f516a4a43fe4dae72d616db869110d9446b4e54c7ac982c326
u-233	aff92ec9ea490d66ffb57184421dc8b86f4385dc7594b4c31ed07ba3593563bb
u-234	2d278433a09de5d86f9fae860d101a381767a77671d53d9cbc46a434c06cabfb
u-235	f0cf67fa1c52521301dfffa93df174646feaae40c1db4735ffd881cafc815f45
u-236	04dc9ef62ea5db2bbfc003b03485939758fb430fe68d7c75fb1adf75b2783ecd
u-237	c3d3788bcbb7c22727f47e9c1ba5c086f7a75e2e71a4cf5094e65bf192016615
u-238	b5700f3d95e36d4aac6aafdc6f3016ee5bfedc4f504629dcf7432010136192a8
u-239	83cfcff0ffad60299294ee24008afb61daae6f9d35a04256bd93865e1208f864
u-240	a8bfa4b770a4e01fd24b8e764c0c6ab5f823e49c815ff65e1091c53ad56915ad
u-241	842030ca96f32bce19bf9aa0c516277fce9d59d32aa45d8e2003a8aca49ba78b
u-242	0fc5b918c0a8b51c088f19895e54a9e0e510531e543638505b70a3c0d8011fde
u-243	82d56bb3e99446f82bf3cc7f79aac63e525db5cb76dccb58ed0ac1ab37f9aaa8
u-244	7cc036fb59ce87021f11fa7b4e36487f39c596de58c6c8752fe7c6b2a2f4ccd3
u-245	ce1501f670ded5730fc744b6ddcb575d548ac9799fdcfd00c173b2e60732c3c5
u-246	ac18142cbad8ceb1db6f18c4cb15fad0b325ad7496dbf6e953e9ca884a2bac2f
u-247	dd7550144c9c85c7b306e6615bbf52da3ab9243a557b0c5b7591b203ee15c1e1
u-248	edbcaf3989c54f36ae5d3d52be20c9f679fcdd877c67346a39d0ad72c75d40fb
u-249	dc6514d528387ebc4fe30b40d5c30b1ce7d9e02fff50bb2157a8750e759aa29e
u-250	93a37dd162c66474c8951a4a4f381a8d05b0e3f572e788690f7ebf8fa546a336
u-251	08364091c527194398a808e201c59cf1f81540e9ca81c61534e34f50839873d7
u-252	a5d7b655d98c1ce780b8d7a09a506bcdc2432b3b9ff82e5f5a14f5d0cfc20030
u-253	c10e76d784176719c788888954a8bb380854d1791f2eea729510f78cb29cab55
u-254	1efa17b79a75b75eab77d66a08570915db5a31cdeaacb150540462af5da6162b
u-255	5cf823703116df33e7bc49eaa8a067c0d940f02d5303edae3dda827ed15d21c8
u-256	596cedd1559ba34df36a3d5fabaa5bb4d149e52036e3dc85e33ba3249cbefb71
u-257	fb7a43beeee0940f0c8933d7171171f6f00803a120c50681b53804a15aa16055
u-258	ec45ddcd18208b02ae5ae1c3b93dfd5c01d148edc6efd798eac9b13b74b89415
u-259	fd7d405ef9bed4847418743eaf69c64d2014efc8026393d690c073294b09694e
u-260	85411092a05c2f931c9cd8bbadaedcee446e36c12c70d858c07c46e5b07345f1
u-261	3b909f61952abd3026cf37d3ab6705f3555be08c755a4afb3ae834bf406bd0e3
u-262	c24b7cfa3a9b2ffc0e005e763667ce97fc4a2fa14642ad9c8a4f3e8326def5a9
u-263	c56c112a143b0a795cda50130099c0eb18595265fcceb99d50a857f7b25460c5
u-264	ae950b58d1799467d65f3bbd0eb5dd3256aab11b3ac8143a5306697570351f54
u-265	541a47d76c99b8bbc4c785f6861a09ef484953b8061d5eb2a78783f20a5abf83
u-266	959aa7b9f3d226f8097526b3781c62ec94e029c862d19f961aff02052fdc9b6e
u-267	1f6cb38007e6cf7402d99699644d220756ae26c5e286282e91d2ca8ee767f6e9
u-268	5eab2082d9b49fdf857eb56f8f1c127da3ae2a5a197d6e5c8c5d3594fe450d6f
u-269	1d421746b1bd51009380be12354c079ea62bfe477e17283a57a8496bf465a2b8
u-270	bbb94c9ee66bb919d75e82d6d199267e38013861f27fdc9abaed4a4bb053b311
u-271	84c51ac35d61f773876f581b33411787138098cfd8160a226f8d022b5be2682d
u-272	407009467cab912d83faff645588d3d63700273e05071e692021242be26f90ae
u-273	79c9d1012816090e2bd8f6567964a40afebc1743f098f2917c48d1969f2a0a1a
u-274	7173788e8ed0fd24659b8123ac7dcdf4fc225174a2deda3782dee1392c8a4463
u-275	eceae5afc371e7b18be0bc06cad87317af05c2d2d7cb4a1f083a65ffbb1f98ba
u-276	cefb4ba46165539df9c1261aa71ef1bbad08386996cc62fd0009bb9b681563df
u-277	10bc0a3818a7f547f1c2bc9b83e9aa219be3958c3e0a16852aea0e46a8c623f9
u-278	b039afc5e051507775d40c555cd4f7b4f13a191b072d8c40a8ef39574cb2af1f
u-279	b86c8e0ebb81f89b1352b8c1c4d854e322a459c4bebdd2bc26e4c5094c24a1f7
u-280	a4129a2815e0a7ac62606d01ceead23897bd27aeb0950dc95a864d07732284ac
u-281	310139c71ac1461e69ff03bf7422f10bc076d5f0690c7f75109ab3c7a44c7862
u-282	23eba0e9ec0c6318901ce35d9a487279d9a023f31b98b9649b6cc1b4c198fa4c
u-283	a357a749349e6ab0f62809c9068037c089da7fc77eacbdb5c0c400d5143a2336
u-284	c33c4bfdb645913408e3d4622db2c7c4e955bcfa03bba88121345325f93bbdb9
u-285	19cde6bb68a3967898fd866d7e3319912fa480ff6c69625af39d6d893a87af24
u-286	12d03e51de78a29aa4a61853b926e26349b02d1ae40ab128dfc46add6cd82a67
u-287	2c88134a1de91afe108792a22c8ed9485eb8fcef027162b6318132369b492be7
u-288	88d410803f30268c360fd35d7a6dc6fcb09bce2a1cd106667264d161c5bab53e
u-289	4d37e9be7f4b471b6161648f224625bbd2716833ab00fc848755a4d8aa499a7d
u-290	f3bb2c065d9ba5424f88b87dda3025d74d35435a0978930f90048bfdcfdc0319
u-291	adc62efd356953b9ed086c6d1a2ead6009a53f25a1947c0b46193d9628663aed
u-292	0a328053ba5145602532296cf0386403da5f16351715a6ade4d6a1abdf866b4c
u-293	ae9c3e57cfe7233eb0af6ef550f82bb04836869dd68f7ac8f6558778d9eb169f
u-294	ecda5636469054194a9644d80494042251b44c34e6bd94c8a307415b7826a5ee
u-295	7f6a909a7ff536fd8c2082d65694fe2161da1bd68d5683b0bfcc92d96483aa13
u-296	d786eadd51a4ca21c7ca8de100b15f7f9dd09fc87cf838d0199fe4d8a03c9548
u-297	77249d5ac754fc912c8137f3cc0b60004c77a93cd1c78cb9b06f7f7d4f34007d
u-298	b46c99e5021b04e3cf75bceecbdf05476de4b9102295967c3d216a07964be65d
u-299	47d8148e348765acb3703136a8255c0929ea3002f54bc9542b4f667b528f5183
u-300	fc9e7b3bf8b8474de33e4f981e88964f4aa18ad0a79c5d42abf50560bdb1612a
u-301	94a286353b4f1c8aa1ef9168d0d7134ac7b46058d44e61df97d657c52e33e9ca
u-302	26ff052af148d18cff5887cc915dbef8cf56e618b555c095015294415d900569
u-303	4ca109b11da74611a3ee1b879ca9fe7660469617f3af1cef5662477b51d5513a
u-304	a05fc61d2525914ee54ba58691bd1a9e31d91b14a9007818d6ed8389c2c3949e
u-305	6cc38a67fe9d458513578a748e825d36368a2b9a86e3d482172af25d88860b3b
u-306	6f842312e5c3a0ef306d083eafcc1debb70159e679e32afe072906dc3d240dd7
u-307	cd16989e2569139bee80a7c04cd8f6519d0eb02f54054f97724c237677d4ca98
u-308	158f937e2630dd8e4567878143edebbe57833449780c2fdedd0181e0ae89429a
u-309	0fb3c5ed0256c300ac1b9d69852b490eb8f880a75e0c22b1a7fd84150136b878
u-310	0bd68abb20468b9cf393732e38633b3a8342fe50e8f7bb1f2f88886847ad04ed
u-311	6764babfe2b57bbdb52409ee986ed308fc0686947ba568c785604be19f2544f8
u-312	77c211e6f2394a081afc34f037733828ae00b668dd8873a5e30f670c98d29359
u-313	b80088cede60a92c374d596aa6b331ad4de828baa532a84ca82e62a87d6e2b06
u-314	b27cf9f53f827bc53c6b208ae2b7328c525cf6587cbf58f4a2e8bfda3d4f9d04
u-315	81693b3f3f864962029011cfd3d5d518b258d95dace238dc1816e08020249f1f
u-316	47f20e8733a48d55b7807341ebb5cd36d29e2674a7e368ba2a01aab72565dbc1
u-317	3c1d25abad916b1954b39c4eeb20415b277e3286191b2e53e70ec24cbc2b6cce
u-318	494e9a6d1b59ad36b99b65a67c1d10fa9aa39e63b5d16f5fddc32f30450ae009
u-319	140c865f43ee6a66431d4ba79fd6c1e1a642d904e7e476c724057ebd2acd1699
u-320	db4c6e4def25e6e30b7f8ea32f949afc96a3514b13b88111cf8cf64a07ba4688
u-321	aeb8dd809862dd870152a657bf80eb723fd665dc41fc1383994c0d1197ffe995
u-322	6e4a9ab82cd8279465185e6f28314123717d128578a4c97c93110ea11c817910
u-323	c61d1e515c8194981ba92c0eaccbc14cda1199e67f9f56251753e0f3c3e28378
u-324	a29dfae1f10f9fba2188775c656550b24936c117c1cbec67e9cfa4edb1884f88
u-325	940a640da3876539f3e9ddf1cbf273713ed9869b49087f126d3fa0e5f75d1abb
u-326	05c06e85c71a1cfb79f6a7ca344eec96d8ea0734ff9a23a04e5501b08bf695da
u-327	a50ab64b0af7917ba1c4eee6e0a7daeb253db3bb55162c00994156b27f855f12
u-328	3838dd3a2cea5d4a4c8a56330900d35a597cb9fc1767a5b7007cff079b8bdcbf
u-329	730e389c8d7cf9b520156ac5d581f25edca011d8f3072dea80290170419ef77e
u-330	d5f72d868531598ef6736405c8b0702b334f2cfa39865805d9fb4cb2de148a0c
u-331	4cbba3df0a5b86a5d4e3f5f34b7c60b3ab2b0cff91c0f4d2fb301c015e25f2b8
u-332	caa2758539b8af95dda4f131b52129136684e2aae41a80dbbad6b8456262afff
u-333	d305dfc54c27dd78fa6b97a97228e2eab5c5e22ff67ff7fbda5563677ad6e8d1
u-334	dae96d24d72a12c302b212f25409d010688a7dfae8d4eca80f999618e352100f
u-335	1f7ef418a2bcf4f6f9f95006e6db214683850232f83b7f2b518ca02854a2b30a
u-336	e87e60aa7cd0c358ca465566fdee59e721f496a986469017302c469c7c93e1f5
u-337	808ef3ba9226cfbe61057c8768beed2a94cec115d1e970bc3d24445ac4abe44b
u-338	facda557f836fa06df3e5624cb3f15d8909bf065d108bff51e3c0983b4edf2ee
u-339	7299d1a786c1105eeb298647aa1281ca5c6d5405e58d0d0385fffb856c79fb69
u-340	58d7b56c340951efdc4117d7e2f8d413fc935d476ed91eee7dc1c57876feecf2
u-341	0f4267b077d817e1d822f3f4e3d939a377ff292c6ec3632651f454d3cd09dfb0
u-342	b6a42622191d29b698311052e8b8ecf03e7a0039c4d82f542a08bd7973ff4b05
u-343	bbdce8f9235adec13c738e937e39c164fa87ad01f0fb51aeb28d3b5cf6f5d0c7
u-344	d2d81950074c47589b173d0fb533b74b127e3c2bb2a64a9d3362dfb510f6e18c
u-345	2b2634a52e8b3dcae050024785e9a419c6d6af16be1138043cde2df8b4bae26e
u-346	4147e86d8b3366dfae5af3391a29a092ad57c35c6edb9721c03ef683c5e3969f
u-347	5e80024e8b2af8635b6f154b2e76b9154c4d109a009a7ab2f49fce7785ef0cc6
u-348	93d6713eab5bbca10e9d193da62c6582a2a7b71863a05ff6342f102769f7a829
u-349	1c67786de1d714ba94fb10b798bc7404f975826404434db5163086a9ce11b6cb
u-350	03e031c21b97f10834284248849586ea2782c8943b23058cd5d03a02002ad5a4
u-351	753a6023b18c7055069043f45a637a4e903260b9a977e860f09f0770588ad171
u-352	fcbe40092ddd90565c4b032d27c991fd4ae554739da651fdfe61e6727df5013b
u-353	dcd039d00173cfc6616e6d5a4fa7fa75006053f8ad57e0db12c1eb7a6039c0d9
u-354	b0a404819b0beec79b516bb08e950be7811ae438002b51be9842461ee5c830a9
u-355	5004082509d7a7743dd37fbf2f41de1884425d8a54cdb3f6515f16bf41516963
u-356	4ed76c754fb746fc407c9b20af88fdbe7e4c05bf9573db52ca1d1d71f0f6915a
u-357	7dc5e530a555e5846c644f3b640aa502d65511afdac8e3856be0420cc79f0ce8
u-358	30c4005e58ddb1f62975a286995fd4c8d365d4e360ec730541df2ba1eeced700
u-359	3548f32f1e6427a8e798a2a1389dd1fbd2300cc1b90693cdb1254515c125bbb7
u-360	84394797728e0a6c87f1e87292370315e1f29ade942b55232719a0c4019060c9
u-361	078f95ad219888c444178e0d1962e82fce6bd480ed515bbd18f170403cd08e6d
u-362	525e36ccfbb75721c81adeacb95ac5406de05eac76b0a62e6cbc9f053f66839e
u-363	6ec4564fffdf5ea41ac0399f2c719b2b5bb5bbb41b88dd69361ae3ce4bc0acec
u-364	d986d498efc830cf84607e7ddacffb89b3a71f7545089ffc8dc3919360552844
u-365	fc8730db1c5a0e3790325c970541f459488600d2715fb432354274c13dba53fe
u-366	8a67f188379e084efe4a26f0fa6ca7aba573f2e1e39fcb90d044347d9606808c
u-367	a71ffc31191ce314607e13b4a663dae0cfc3ff789c040280253f18c46fd6f73d
u-368	a019203b25b9c377f08ad240bd45908597316efd55eac0f9743044dc917c462d
u-369	6ccac6640c1a9449375d875a668936d9bcef359dfa1b17703168adfaf0d0178f
u-370	bd823ae99374ac2c6db7f951589c43fcc526ae5a73abd6a88374c65a33130d63
u-371	4bc2218e106ada07286bd9ebe4b122e0b4aa22b92504f2fe1c7d1a9219625dde
u-372	23db583c67a434fa87f7bf5876e4e01bf1624b7786e6cb3b494a71413c0cfe36
u-373	18821ccdb03842e75c9e79b84ab43538d447d8fa525bd265886c0e0344e157ce
u-374	f67fdd3748310b28fb20f9f6a49f44a9ae41be5d00423e768ebb9860fd153d59
u-375	8622198e92b9d50a3a525628f17eb1bbabef41e989f88f5807ee64d445acfc3a
u-376	8dacc3d8ce4dfcdeec1d7bba44dd77f7ce85416c64f67f76479439a584604a9e
u-377	9144b4a0996d6028ac96876665f9b23ac3c795a9364d0bd0c38eecaf985e9fd5
u-378	6c18a6c9129b8386b48721df5b3d25e31d6135c1b98e902abedfb3e651155a83
u-379	49e566783c2caa4a20786f30969bca39d005ac0f8df28bfed989fb76002fff67
u-380	c98d77dbe3aa42404da83a212701c0380e42863836b87e746f567c7f85072a4e
u-381	345c2856e1f21334838625c558bf2cfd79f0f84bbcf88d585f6cbd56fc60456e
u-382	827f82d9ed07538804e1ed2aa6e618372c2b2b067556963c7089c4d3711c3d93
u-383	1a71314d8aa1deea65d1995ec176c92794f94d9ca7c7b115723dee26d89ad6b7
u-384	d7c20efe6050e4573297f55d14d53e859338fcf12e8d24651ef3eccc04f447b9
u-385	2c97ecdbf69f561688cbcc2a0565e73fb47128761f71435ae03f904fc3d23a48
u-386	33fd9272b18387aefc76ed5d70a6f2f494df4a75f5ef2d5624a54b6b568a86ce
u-387	cb5d72e3c21ca2c22c416892ca00e63259d704a5dbca34cb81d1f819a14da64c
u-388	c470a6fb9db88d6f4ccdc7220fce2444d352d1fc2dd4904bebbb02650c16405a
u-389	6918428885ea6abea1a7a64cdbb4d6c6b3ee3765663be251420c1bb86a0feaa4
u-390	c722babe8f802151f80491c8a0d39e7174e38011fc5277586c328b7a78f07586
u-391	b9d45ee9d84e5c6471b957d28a933f18ddb075d7f2b7cb2969521f01523c9e2a
u-392	3b0024e68aa94534179c648fa6799d7c12fb328b656336d8a2159c3348892d01
u-393	899994b0acc79f08cad68a67ab93dd32ee415f0801c59044bdd8767af262a787
u-394	15e61dbd627d97e97b3ec2b5701fee21f4f9818e3be382b5f8a8b14eeea7ee9e
u-395	8caec1444bf552594afd0c8851f0b1a7a1610a131eee2c86aa25286834ec6362
u-396	e77694874752d0291a681ace5314a10fd573e1cac40bcc297522ac5122b0ce57
u-397	8ab402e8ab7e17cce6c14306338dceaf4a675654ee834ae67b3524825b8d78b0
u-398	0d376135a6f840499d6416921b17e4b3eb67f0b067aea5546e884b553b314cc3
u-399	754fa663581bfcaf998bbd05e810282e9386cf648993e25ebbfc91a5c00243ff
u-400	d7d5d98872c9d9746a68be2e1cf5d2b3cbeac952633b5819c67bea3e10959a32
u-401	37cefc98c45f97fbc117c5da1174c2935ead7e712b7029a54c22149e3edfb683
u-402	0b597f6d8b9e8c68345213e29768ad91f090b1bcf68b2f72f7ac0eaeeaf87439
u-403	8ef6e97d99ebdecf5ca7296c3966714ffd445bc3986b0caa74fdf2e0439d7050
u-404	b0f9e28a7f6e83b1d0632d7031b349420f4329f952209d49fdf80a7197be66da
u-405	1743a8730bacd9b52998e8a87fce313745ae16c95608dfea9c467ef6b07d886c
u-406	3fcf992d78b73c4999230a094574cf99806c7096d2568bceca5d6107538de68a
u-407	9ea206303e2212b50e6d365c3aa8fa0d671338a10ac7b63b03fe0f10e1a2e197
u-408	d690e1528a02c21285b0e947812e1d2e55c35fe8ed7616130fc4f4f9ac10761d
u-409	4c1c1fe6ec3e1d35fcd9644e45148bbefa2073d87b9040453ac7e79cc4547db4
u-410	3746ffc6f2720ab791b7c852fc500a8336dbdc5c51141f22370886aff947a8ce
u-411	dc8e24828d572745a601908a0d8be469035edc80960222ba808d352695fe4c11
u-412	8cbce8ecc1efb41f4743bb8a3d39d6461bc2fdf02d9cb61068b7d55b0bfc55dd
u-413	4d560ea18b7ec64a4f5bda481572fc343a719d698fc0a4b36d62cee192cc6beb
u-414	7b932c57796fac39c9fc39bf4087d576e53559a8e69de2f3f91186be0ca0937e
u-415	9116528471fef2914367c52e7c1036a4817a5f686dfd9f202f4c6b4c6ae3d96d
u-416	6e12b4aaf74e646dff6293122e3bebb5e7e59c624162b9b7abbd03e5b1e94a96
u-417	b0e1b8ad727a139a38df0462e78e44ba509256b6f1dae5939101fb115c66a53c
u-418	061fb8e46d9898638e3e95e9f0631597e0ef95aef3548c785505363e1a90a924
u-419	aaf4583672ccafe519ba3655612a3c55612110d502fb50f2245ef3ff24b75d60
u-420	6726e62d57c6bf0e4b48e3756463ba18632c27f72ec2ed21c1f894606e4cae50
u-421	f55736f54a48baaa76f6231c8567f6a891463c3faf9f88008336d8de30105737
u-422	5b5a0654fe4e91b795e6f94fca0be984e1ad279bc7b60ed59c1cefe7f14bb402
u-423	afc2b9abc52ebb9aa22f2db82329f692378675ffbc7442115f716959552970ae
u-424	952af20c387ccf1cc84daa74e554f703b17553d458579a0e47027ab5fd09d6ff
u-425	87c50cf3f0a6f48e56d8676a49613171f213ca826d508935f3c14296c81575d9
u-426	7b100dcde95979f14f8e40432699a931bab7a9d0356b6512fef999e21d3cd7d3
u-427	c1d08724d146a90783a160d6f08a129bc8f3f8824d1895d95a7a3d84b4a22ef1
u-428	f05884a4377ed72270c5ab77843be5e017eeb492f352ff68875ef2218849affe
u-429	8f51898f71f0cf2e4bce40a35e5a9cca06724dcf71a2735001b4e07577b4a9bd
u-430	0d810958569dbfad631aa85daf752f884b26aaa90dc938b3427c16d47174be0c
u-431	dd3802ec29146567ab7322e25403b6ec69de84a296e4ef06c6c8149b575b1db7
u-432	3119ce678125f1591d85277cb8be3d8a4410495151a3307eaf9ce0e17b0d2c18
u-433	12953b5d6ec4aea1890c4c41aba630d5952f570655a1a2661fba03d7e3f47ce7
u-434	a741de8af143333613f43dcce7a39d03ec9ad988752ef1f5d576d9c8066ae7be
u-435	da2971d9b35ec7f6006b776a4c97e5d060740a50355ba02e247172b6c8f0c61a
u-436	2bfa0b0fe1f8d9b2ff78029ade98171b0867dc41d8f5c82c3717a5a514bbba75
u-437	0be129f9aed2a7f9616117974fbb2d9d8397e06a2dd6adea98824a37ef67fe5d
u-438	7ff72fab789ad7ecaa901aca6050464252019bba88e55d6bc634d56b827bba30
u-439	1a0a37d5170419b3ce70114aeffc7e9255d085c2f2362906c0f2dc1c455b0730
u-440	9eadab6ce0865800235900ce157a8804ef42241fd243c83fbff06a12b5b25fe9
u-441	f197f9d8c1789de6a3cc593cb3061ebbd8267950d4823049a7d1bd78a99d93d3
u-442	7398e83d242c0f3c13ea25c9608ef52751ab03a149b843a512f358eb0d120d35
u-443	04076a49343a7325c69f954d95b077d38e286313ea31c3ed6d1c54a31f2341ee
u-444	4d2db2c343d04adcfa30819260bdd30636d4f92fcb0f8f2dc5a1d5995160497b
u-445	47294d295eb007390898628baa9ca8bfa3a218003dd524bd4ad5dee7cfd708b0
u-446	65684851426629c8d965ce3eef483ae15ac20f654ded1abb60bbc8294e33135c
u-447	ce16aeb0c64397a684f23a3ad7058188ced3204dbc2d78aa0ae0d61e4d0abe03
u-448	627c0d6fb5e78e8b9a0c6f543cc197733533ed9dd49f5bfb295c6ec9612e424c
u-449	ad3797ff044ff361a39f8f2b915843fee4285744a94d9768816f670de8bbc32c
u-450	fa6778d3d1a7824bdac8614611a238f7d9ec8f8afa7a39ea550995c340e15c32
u-451	352408a5458e98b826e71e7feb20ab487839293a47f135e2f15959d7c8d07c74
u-452	ee420089ec6f47ff783690f4d433e367680cbcd0bd02304b6f4a512880922140
u-453	2009799c0d065098a6fc89fe7a9f9f57fcfa50b4f2434fa33d1eb7d8c75fc2c9
u-454	7a25eb73a3108b63dcb0b2df05abf03ca1846bad50aa13661261d7ee27c65e69
u-455	9108f0b67a8412eb3e7c301ce36fc9e7df1d548dc73d283ffc60b6b86da2b18c
u-456	4429bbbbcc886b88bf75884ccfd8160bc9c53e7132c91d00f2eabc8cd9f6da5c
u-457	2a220e0695292563e45d7f4ca2e7c0f1e026591e8545341dcedfbbcf39e7825b
u-458	dc205f041e8eeff42a0a1ed969f54c6c6de963647144f25650b34ab6f3d52da4
u-459	ac8785ce5c3bc62e5a9e72f8b01bba7d06767079ad5a6279f2c7ff8c65b51410
u-460	340c478f7f4d6f6fefec64b7b49a70c1fc97fe9d195623a425a42fa3f26257de
u-461	3642807b936d107a20bbf4a13695e015f4092822915041f3360559b4f3aa1414
u-462	b3949df5a6961ac880e0ce870e523f5a64890ac61d3e240b5230d94a7f8b36b2
u-463	9f181f9becdbdad9e2fbf38e2eabd272946fa331e3bdbc422622fa5762deeb89
u-464	2b76aebc7b2dd47dc4c705e66ec83a2ee02cb753274a319733a85e5aa0b0416d
u-465	74c26c920ae8cb748904f0bec27cf7141a1d846f6ab923da4994eb4f954f468e
u-466	7cd732bb8215dbeecc07de4c57781b10cfb2972db64cb2dff6dfa5cac31dfc20
u-467	b5ad8aacaf43f568c1e8db38145c178576e73198a9e1e7552639fa81f58d0e74
u-468	b9eeaba5c1a02d1f8df28025a7231c17a70673b76e883586929d25abfa36cf64
u-469	a9708a45eeaddf426c8eca1553fd83d9cc2f6f7bee343f6478b4c25d83b1aaab
u-470	bd9b2327a2553271b5ee1ad6650faf2b47367a70119dd30796c1a09de80f73fb
u-471	60d22ff9547bbc2abf93ddcb47b1db7607b63d5ee888654aefe7a9ce4bea81c3
u-472	b8057f7b967ecb3e857feab998177063bcd257fd8866be92b6c32d7ac30e6e93
u-473	76cd3777eeb7722ed1c6e8edea77578c4f5f970bbc3f70b7a0cefc0f65b77e3a
u-474	59e8aeaea57c9d745f851ff5c4ca2ed827fee6b8d5727782d4411c63eed1f824
u-475	52563af2831b80e8c6b35e4268c89ac3b3c105afc4b8ed6265a0b0efe55fee78
u-476	0e1d96d62793db10b48e8071316e68fd1743cdc05be6f89d1c43bf50a377602a
u-477	fd78903d94da0d5544524c629b496c5c4669b642e63be9f046502497805d2ca6
u-478	26cb4a2f0454d9070a0997fc9d6b533f385be5443457f9f4b3205bcd8a0145b0
u-479	c885e598d12f68fcfb49b80d7596ab47f4942a903f07eddf5921726476bb118e
u-480	a7e7b6b1582920a9b1ba28fcbd0496030ff7c8dc42e63251fb75ff2021ac47df
u-481	8a241070f0eadb368535c2f7dd79972a0feb0f7b24b35b0c0c62d672777b7e0c
u-482	843d31dcb3341f83abea757b5a94c7464a6dc669e6bfff5e87045ab42692c214
u-483	11f4da94f098a9cb98879f1a5521bd3f7bf626b56087bcaeb087de6eb0ffe483
u-484	f21ddbe84240085dd929ebc5368b023642e1e9a1bf0975914a8070985f9d1477
u-485	82e5676a7b5c4d2c1fe19f8c064920b90275f3e668689161a13e4ad3269ca6aa
u-486	3a61184336f8464264c1ca6c93de6992a55c7f81503f901ce9e0bded0b4a6358
u-487	b16fa6c4006b3f4bf2203f38975c87adeffe28c2a61fb558afe595307fe9013e
u-488	6a090fd7ffca0e9a8cda283eb31514e99b88b5b4e85807d39635fc26ef812713
u-489	bc4150c9558236c169c5097a3a4c1cbc8e2b11b717b0c754abdbd2c54a956b6f
u-490	aa93cb61083d7220ec921673b7608e5a23a57c410889dc074afbf3cdfc1ccc5d
u-491	74156edf180c1d6efcb16b116e0b90ba92935e4418e490722904dec7e7a00f5d
u-492	b2e46c88b67b165403ef66dac4cebd6156ff158f6879bdaec3b8c8a32a6377f3
u-493	53ceecfe4c08f73014705d495a2fed096ef8f81d3f3e8776e98993849b911685
u-494	f3fd9a8d00cc351cc966cb0925b73f40343c04cef2706915cf94924f86b0a596
u-495	c28f6e0069958f10c7c327c90f91f43d38dde2ef178569841211f79e02be6cf9
u-496	ea7e5c7babdd8bcbcb967a09c420e3f2e4f7c32646aa7bd89e199b7c98b5972f
u-497	170f9c49b599363a49189ea2e879f62d58e5d9303cfdb085d1209fbbdbb29fe7
u-498	228563e1cf991ec189c0db701d226846733f3338774284789cae736cf9a2c63b
u-499	44fd9844156f5a83fc3baa38aa4816d7a44260695a9db36f39b3d2c4b493492a
u-500	0e7a527e441d0332c026c2bdfdde0574f0c95fd64d4d524d3d6f7fbe441bd87d
u-501	8c15e56742a1e3299d2a25272040b28c40adf4de1196c4931428d6c29e7a19ef
u-502	0be4a3d4dc4d04e4b101e2c527c64fe2797a20f3c17ccb28212dfdd85d1701ee
u-503	6299dc512bb7a5deb70cdf2970d93d853a26d70fcae53ef0d501403b74a1d99c
u-504	a0fa6f6c9254ae10eb26d77a8b6b166d5f706dede247aa5113b02ea89d169b0a
u-505	92bf1806c48cb1c47d694891824a98a788013a3c7ca9ae202fb90d7d9acb51d7
u-506	98c0e938a8a48291e7efa81c051ef85706ef4b5ef692033a0b97999ae12d3ee3
u-507	b0f8d31145f1300d1d9e68c7d1f8ae3b4ed04e664274efad45a89a9425ae1fe6
u-508	295add2e89cedf7337ddc1247d022d4ae393be0afcf410935c30abe798ef51f9
u-509	12b0464f9cbf16e8fb23d63011e90042ef62418a8797095bd4a8d18358746b41
u-510	9e654012efd60b2a7fc333402d0394231ee75c1d04e4877662b4c4bff2c96d9f
u-511	8107946df83a64b1400c3f4a7631b2f8dfeae20a0cc12b3a404b0747ac99db6d
u-512	d342a590a5280e5bf8a73216fa9f7cafa7d602d4119a7cddc12bee211d00bf5a
u-513	890aa850dd85af8b33944e6ec3ce17d482e850fa154c575894d7079fd6e24200
u-514	bc493af13eac94438d6df2c6d0cdbe785eb2f7f01cf47b3ea27d28628c255197
u-515	1b18614a7f85024fdc8d73258c5c9dcca2c4cd364f43044ebc359c6c914d36b2
u-516	7a03976db22e8f72a46bdf770d530ba35a09ea913fbc7662da646ac6adb6e2d9
u-517	6dcd8974b2215799123408600a0690698e1a7f1b86c9bd282b45bf33928ae195
u-518	af39bfe16816b61c173078ea34251b7bbe439444bd9ba59d5019f2bb7ab4c3bc
torsion-0	SMALL:0100000000000000000000000000000000000000000000000000000000000000
mixed-0	POINT:5866666666666666666666666666666666666666666666666666666666666666
torsion-1	SMALL:26e8958fc2b227b045c3f489f2ef98f0d5dfac05d3c63339b13802886d53fc05
mixed-1	POINT:da99e28ba529cdde35a25fba9059e78ecaee239f99755b9b1aa4f65df00803e2
torsion-2	SMALL:0000000000000000000000000000000000000000000000000000000000000000
mixed-2	POINT:5252cc0a7f208133b620acbd4537eba2a4123bf0a8c2e4f980c3b31bb69765ea
torsion-3	SMALL:c7176a703d4dd84fba3c0b760d10670f2a2053fa2c39ccc64ec7fd7792ac037a
mixed-3	POINT:98519eadf35b995233b51b5cd23e9cc5a28b639b5a4af0ec903cb960d81b7819
torsion-4	SMALL:ecffffffffffffffffffffffffffffffffffffffffffffffffffffffffffff7f
mixed-4	POINT:9599999999999999999999999999999999999999999999999999999999999999
torsion-5	SMALL:c7176a703d4dd84fba3c0b760d10670f2a2053fa2c39ccc64ec7fd7792ac03fa
mixed-5	POINT:13661d745ad63221ca5da0456fa618713511dc60668aa464e55b09a20ff7fc1d
torsion-6	SMALL:0000000000000000000000000000000000000000000000000000000000000080
mixed-6	POINT:9bad33f580df7ecc49df5342bac8145d5bedc40f573d1b067f3c4ce449689a15
torsion-7	SMALL:26e8958fc2b227b045c3f489f2ef98f0d5dfac05d3c63339b13802886d53fc85
mixed-7	POINT:55ae61520ca466adcc4ae4a32dc1633a5d749c64a5b50f136fc3469f27e487e6
e-0-0-0	0100000000000000000000000000000000000000000000000000000000000000
e-0-0-1	5866666666666666666666666666666666666666666666666666666666666666
e-0-0-2	58666666666666666666666666666666666666666666666666666666666666e6
e-0-1-0	0100000000000000000000000000000000000000000000000000000000000000
e-0-1-1	5866666666666666666666666666666666666666666666666666666666666666
e-0-1-2	58666666666666666666666666666666666666666666666666666666666666e6
e-0-2-0	0100000000000000000000000000000000000000000000000000000000000000
e-0-2-1	5866666666666666666666666666666666666666666666666666666666666666
e-0-2-2	58666666666666666666666666666666666666666666666666666666666666e6
e-0-3-0	0100000000000000000000000000000000000000000000000000000000000000
e-0-3-1	5866666666666666666666666666666666666666666666666666666666666666
e-0-3-2	58666666666666666666666666666666666666666666666666666666666666e6
e-0-4-0	0100000000000000000000000000000000000000000000000000000000000000
e-0-4-1	5866666666666666666666666666666666666666666666666666666666666666
e-0-4-2	58666666666666666666666666666666666666666666666666666666666666e6
e-1-0-0	0100000000000000000000000000000000000000000000000000000000000000
e-1-0-1	5866666666666666666666666666666666666666666666666666666666666666
e-1-0-2	58666666666666666666666666666666666666666666666666666666666666e6
e-1-1-0	58666666666666666666666666666666666666666666666666666666666666e6
e-1-1-1	0100000000000000000000000000000000000000000000000000000000000000
e-1-1-2	c9a3f86aae465f0e56513864510f3997561fa2c9e85ea21dc2292309f3cd60a2
e-1-2-0	c9a3f86aae465f0e56513864510f3997561fa2c9e85ea21dc2292309f3cd60a2
e-1-2-1	58666666666666666666666666666666666666666666666666666666666666e6
e-1-2-2	d4b4f5784868c3020403246717ec169ff79e26608ea126a1ab69ee77d1b16792
e-1-3-0	04be97ec9bfe6ccd01f9343b7288b117b79f91cc45c24af2f93e0060ca2b6def
e-1-3-1	eb2767c137ab7ad8279c078eff116ab0786ead3a2e0f989f72c37f82f29696f0
e-1-3-2	4ab075e0903e4e35b096d4d64e0e81bca5c3968aeae8e87d98d80b7e842611ae
e-1-4-0	1976d48fb7b8714d07d10b29782a359ed9734d39eae7308c28c4931a626b56f6
e-1-4-1	be9e355db575c45d812d8e19209faa541c9df6429ba7f6253709ff8c5dce9a7a
e-1-4-2	6ba6f54b11bdba5b9ec4a4511ebed0903a9cc226b61ef1957dc86d52e6992cdf
e-2-0-0	0100000000000000000000000000000000000000000000000000000000000000
e-2-0-1	5866666666666666666666666666666666666666666666666666666666666666
e-2-0-2	58666666666666666666666666666666666666666666666666666666666666e6
e-2-1-0	ecffffffffffffffffffffffffffffffffffffffffffffffffffffffffffff7f
e-2-1-1	9599999999999999999999999999999999999999999999999999999999999999
e-2-1-2	9599999999999999999999999999999999999999999999999999999999999919
e-2-2-0	c7176a703d4dd84fba3c0b760d10670f2a2053fa2c39ccc64ec7fd7792ac037a
e-2-2-1	98519eadf35b995233b51b5cd23e9cc5a28b639b5a4af0ec903cb960d81b7819
e-2-2-2	13661d745ad63221ca5da0456fa618713511dc60668aa464e55b09a20ff7fc9d
e-2-3-0	ecffffffffffffffffffffffffffffffffffffffffffffffffffffffffffff7f
e-2-3-1	9599999999999999999999999999999999999999999999999999999999999999
e-2-3-2	9599999999999999999999999999999999999999999999999999999999999919
e-2-4-0	0000000000000000000000000000000000000000000000000000000000000080
e-2-4-1	9bad33f580df7ecc49df5342bac8145d5bedc40f573d1b067f3c4ce449689a15
e-2-4-2	5252cc0a7f208133b620acbd4537eba2a4123bf0a8c2e4f980c3b31bb697656a
e-3-0-0	0100000000000000000000000000000000000000000000000000000000000000
e-3-0-1	5866666666666666666666666666666666666666666666666666666666666666
e-3-0-2	58666666666666666666666666666666666666666666666666666666666666e6
e-3-1-0	9599999999999999999999999999999999999999999999999999999999999919
e-3-1-1	ecffffffffffffffffffffffffffffffffffffffffffffffffffffffffffff7f
e-3-1-2	245c079551b9a0f1a9aec79baef0c668a9e05d3617a15de23dd6dcf60c329f5d
e-3-2-0	99c536f73568edb54f93554eeaadda81ac545dd5b1994896e8a7dc5e65fbad9f
e-3-2-1	13661d745ad63221ca5da0456fa618713511dc60668aa464e55b09a20ff7fc9d
e-3-2-2	9b74ced16c43f3c8fa3763df2327a9ff1dd652c2978d4e39a92c78c0419d199d
e-3-3-0	e941681364019332fe06cbc48d774ee848606e33ba3db50d06c1ff9f35d49210
e-3-3-1	02d8983ec8548527d863f87100ee954f879152c5d1f067608d3c807d0d69690f
e-3-3-2	a34f8a1f6fc1b1ca4f692b29b1f17e435a3c6975151717826727f4817bd9ee51
e-3-4-0	e19a0dfc8071475c4390158340533b3d27f88f4113ad35509503b898454aeedb
e-3-4-1	d79facfdd91d224b5a718baa19275766430da9dac87b72482c5105df85ac131a
e-3-4-2	bd63255ee1a56f363dfcc426548af42585c71c788d4c9a82e274e32e996070d2
e-4-0-0	0100000000000000000000000000000000000000000000000000000000000000
e-4-0-1	5866666666666666666666666666666666666666666666666666666666666666
e-4-0-2	58666666666666666666666666666666666666666666666666666666666666e6
e-4-1-0	0100000000000000000000000000000000000000000000000000000000000000
e-4-1-1	5866666666666666666666666666666666666666666666666666666666666666
e-4-1-2	58666666666666666666666666666666666666666666666666666666666666e6
e-4-2-0	0000000000000000000000000000000000000000000000000000000000000080
e-4-2-1	9bad33f580df7ecc49df5342bac8145d5bedc40f573d1b067f3c4ce449689a15
e-4-2-2	5252cc0a7f208133b620acbd4537eba2a4123bf0a8c2e4f980c3b31bb697656a
e-4-3-0	0100000000000000000000000000000000000000000000000000000000000000
e-4-3-1	5866666666666666666666666666666666666666666666666666666666666666
e-4-3-2	58666666666666666666666666666666666666666666666666666666666666e6
e-4-4-0	ecffffffffffffffffffffffffffffffffffffffffffffffffffffffffffff7f
e-4-4-1	9599999999999999999999999999999999999999999999999999999999999999
e-4-4-2	9599999999999999999999999999999999999999999999999999999999999919
e-5-0-0	0100000000000000000000000000000000000000000000000000000000000000
e-5-0-1	5866666666666666666666666666666666666666666666666666666666666666
e-5-0-2	58666666666666666666666666666666666666666666666666666666666666e6
e-5-1-0	58666666666666666666666666666666666666666666666666666666666666e6
e-5-1-1	0100000000000000000000000000000000000000000000000000000000000000
e-5-1-2	c9a3f86aae465f0e56513864510f3997561fa2c9e85ea21dc2292309f3cd60a2
e-5-2-0	0922dd887fef4d75ef2f2230ca285ebbde9d66341c945794ce6ad10f5d6be811
e-5-2-1	5252cc0a7f208133b620acbd4537eba2a4123bf0a8c2e4f980c3b31bb697656a
e-5-2-2	508cbc5d261a2ed21c69a3867761071d571f73943cf3fd02b8576e00e5a3c56f
e-5-3-0	04be97ec9bfe6ccd01f9343b7288b117b79f91cc45c24af2f93e0060ca2b6def
e-5-3-1	eb2767c137ab7ad8279c078eff116ab0786ead3a2e0f989f72c37f82f29696f0
e-5-3-2	4ab075e0903e4e35b096d4d64e0e81bca5c3968aeae8e87d98d80b7e842611ae
e-5-4-0	d4892b7048478eb2f82ef4d687d5ca61268cb2c61518cf73d73b6ce59d94a909
e-5-4-1	2f61caa24a8a3ba27ed271e6df6055abe36209bd645809dac8f60073a2316585
e-5-4-2	82590ab4ee4245a4613b5baee1412f6fc5633dd949e10e6a823792ad1966d320
e-6-0-0	0100000000000000000000000000000000000000000000000000000000000000
e-6-0-1	5866666666666666666666666666666666666666666666666666666666666666
e-6-0-2	58666666666666666666666666666666666666666666666666666666666666e6
e-6-1-0	ecffffffffffffffffffffffffffffffffffffffffffffffffffffffffffff7f
e-6-1-1	9599999999999999999999999999999999999999999999999999999999999999
e-6-1-2	9599999999999999999999999999999999999999999999999999999999999919
e-6-2-0	26e8958fc2b227b045c3f489f2ef98f0d5dfac05d3c63339b13802886d53fc05
e-6-2-1	da99e28ba529cdde35a25fba9059e78ecaee239f99755b9b1aa4f65df00803e2
e-6-2-2	55ae61520ca466adcc4ae4a32dc1633a5d749c64a5b50f136fc3469f27e48766
e-6-3-0	ecffffffffffffffffffffffffffffffffffffffffffffffffffffffffffff7f
e-6-3-1	9599999999999999999999999999999999999999999999999999999999999999
e-6-3-2	9599999999999999999999999999999999999999999999999999999999999919
e-6-4-0	0000000000000000000000000000000000000000000000000000000000000000
e-6-4-1	5252cc0a7f208133b620acbd4537eba2a4123bf0a8c2e4f980c3b31bb69765ea
e-6-4-2	9bad33f580df7ecc49df5342bac8145d5bedc40f573d1b067f3c4ce449689a95
e-7-0-0	0100000000000000000000000000000000000000000000000000000000000000
e-7-0-1	5866666666666666666666666666666666666666666666666666666666666666
e-7-0-2	58666666666666666666666666666666666666666666666666666666666666e6
e-7-1-0	9599999999999999999999999999999999999999999999999999999999999919
e-7-1-1	ecffffffffffffffffffffffffffffffffffffffffffffffffffffffffffff7f
e-7-1-2	245c079551b9a0f1a9aec79baef0c668a9e05d3617a15de23dd6dcf60c329f5d
e-7-2-0	0700f1b6aa6da4deff17311442b0016c1902038e3dd94ccbf65a8f26e9dab00d
e-7-2-1	55ae61520ca466adcc4ae4a32dc1633a5d749c64a5b50f136fc3469f27e48766
e-7-2-2	e517b9e45317d4af509abfd00e352c2dc66501ba6abbf69580ef93ab0378a23d
e-7-3-0	e941681364019332fe06cbc48d774ee848606e33ba3db50d06c1ff9f35d49210
e-7-3-1	02d8983ec8548527d863f87100ee954f879152c5d1f067608d3c807d0d69690f
e-7-3-2	a34f8a1f6fc1b1ca4f692b29b1f17e435a3c6975151717826727f4817bd9ee51
e-7-4-0	0c65f2037f8eb8a3bc6fea7cbfacc4c2d80770beec52caaf6afc4767bab51124
e-7-4-1	1660530226e2ddb4a58e7455e6d8a899bcf2562537848db7d3aefa207a53ece5
e-7-4-2	309cdaa11e5a90c9c2033bd9ab750bda7a38e38772b3657d1d8b1cd1669f8f2d
e-8-0-0	0100000000000000000000000000000000000000000000000000000000000000
e-8-0-1	5866666666666666666666666666666666666666666666666666666666666666
e-8-0-2	58666666666666666666666666666666666666666666666666666666666666e6
e-8-1-0	0100000000000000000000000000000000000000000000000000000000000000
e-8-1-1	5866666666666666666666666666666666666666666666666666666666666666
e-8-1-2	58666666666666666666666666666666666666666666666666666666666666e6
e-8-2-0	ecffffffffffffffffffffffffffffffffffffffffffffffffffffffffffff7f
e-8-2-1	9599999999999999999999999999999999999999999999999999999999999999
e-8-2-2	9599999999999999999999999999999999999999999999999999999999999919
e-8-3-0	0100000000000000000000000000000000000000000000000000000000000000
e-8-3-1	5866666666666666666666666666666666666666666666666666666666666666
e-8-3-2	58666666666666666666666666666666666666666666666666666666666666e6
e-8-4-0	0100000000000000000000000000000000000000000000000000000000000000
e-8-4-1	5866666666666666666666666666666666666666666666666666666666666666
e-8-4-2	58666666666666666666666666666666666666666666666666666666666666e6
e-9-0-0	0100000000000000000000000000000000000000000000000000000000000000
e-9-0-1	5866666666666666666666666666666666666666666666666666666666666666
e-9-0-2	58666666666666666666666666666666666666666666666666666666666666e6
e-9-1-0	58666666666666666666666666666666666666666666666666666666666666e6
e-9-1-1	0100000000000000000000000000000000000000000000000000000000000000
e-9-1-2	c9a3f86aae465f0e56513864510f3997561fa2c9e85ea21dc2292309f3cd60a2
e-9-2-0	245c079551b9a0f1a9aec79baef0c668a9e05d3617a15de23dd6dcf60c329f5d
e-9-2-1	9599999999999999999999999999999999999999999999999999999999999919
e-9-2-2	194b0a87b7973cfdfbfcdb98e813e9600861d99f715ed95e549611882e4e986d
e-9-3-0	04be97ec9bfe6ccd01f9343b7288b117b79f91cc45c24af2f93e0060ca2b6def
e-9-3-1	eb2767c137ab7ad8279c078eff116ab0786ead3a2e0f989f72c37f82f29696f0
e-9-3-2	4ab075e0903e4e35b096d4d64e0e81bca5c3968aeae8e87d98d80b7e842611ae
e-9-4-0	1976d48fb7b8714d07d10b29782a359ed9734d39eae7308c28c4931a626b56f6
e-9-4-1	be9e355db575c45d812d8e19209faa541c9df6429ba7f6253709ff8c5dce9a7a
e-9-4-2	6ba6f54b11bdba5b9ec4a4511ebed0903a9cc226b61ef1957dc86d52e6992cdf
e-10-0-0	0100000000000000000000000000000000000000000000000000000000000000
e-10-0-1	5866666666666666666666666666666666666666666666666666666666666666
e-10-0-2	58666666666666666666666666666666666666666666666666666666666666e6
e-10-1-0	ecffffffffffffffffffffffffffffffffffffffffffffffffffffffffffff7f
e-10-1-1	9599999999999999999999999999999999999999999999999999999999999999
e-10-1-2	9599999999999999999999999999999999999999999999999999999999999919
e-10-2-0	26e8958fc2b227b045c3f489f2ef98f0d5dfac05d3c63339b13802886d53fc85
e-10-2-1	55ae61520ca466adcc4ae4a32dc1633a5d749c64a5b50f136fc3469f27e487e6
e-10-2-2	da99e28ba529cdde35a25fba9059e78ecaee239f99755b9b1aa4f65df0080362
e-10-3-0	ecffffffffffffffffffffffffffffffffffffffffffffffffffffffffffff7f
e-10-3-1	9599999999999999999999999999999999999999999999999999999999999999
e-10-3-2	9599999999999999999999999999999999999999999999999999999999999919
e-10-4-0	0000000000000000000000000000000000000000000000000000000000000080
e-10-4-1	9bad33f580df7ecc49df5342bac8145d5bedc40f573d1b067f3c4ce449689a15
e-10-4-2	5252cc0a7f208133b620acbd4537eba2a4123bf0a8c2e4f980c3b31bb697656a
e-11-0-0	0100000000000000000000000000000000000000000000000000000000000000
e-11-0-1	5866666666666666666666666666666666666666666666666666666666666666
e-11-0-2	58666666666666666666666666666666666666666666666666666666666666e6
e-11-1-0	9599999999999999999999999999999999999999999999999999999999999919
e-11-1-1	ecffffffffffffffffffffffffffffffffffffffffffffffffffffffffffff7f
e-11-1-2	245c079551b9a0f1a9aec79baef0c668a9e05d3617a15de23dd6dcf60c329f5d
e-11-2-0	543ac908ca97124ab06caab11552257e53aba22a4e66b769175823a19a045260
e-11-2-1	da99e28ba529cdde35a25fba9059e78ecaee239f99755b9b1aa4f65df0080362
e-11-2-2	528b312e93bc0c3705c89c20dcd85600e229ad3d6872b1c656d3873fbe62e662
e-11-3-0	e941681364019332fe06cbc48d774ee848606e33ba3db50d06c1ff9f35d49210
e-11-3-1	02d8983ec8548527d863f87100ee954f879152c5d1f067608d3c807d0d69690f
e-11-3-2	a34f8a1f6fc1b1ca4f692b29b1f17e435a3c6975151717826727f4817bd9ee51
e-11-4-0	e19a0dfc8071475c4390158340533b3d27f88f4113ad35509503b898454aeedb
e-11-4-1	d79facfdd91d224b5a718baa19275766430da9dac87b72482c5105df85ac131a
e-11-4-2	bd63255ee1a56f363dfcc426548af42585c71c788d4c9a82e274e32e996070d2
e-12-0-0	0100000000000000000000000000000000000000000000000000000000000000
e-12-0-1	5866666666666666666666666666666666666666666666666666666666666666
e-12-0-2	58666666666666666666666666666666666666666666666666666666666666e6
e-12-1-0	0100000000000000000000000000000000000000000000000000000000000000
e-12-1-1	5866666666666666666666666666666666666666666666666666666666666666
e-12-1-2	58666666666666666666666666666666666666666666666666666666666666e6
e-12-2-0	0000000000000000000000000000000000000000000000000000000000000000
e-12-2-1	5252cc0a7f208133b620acbd4537eba2a4123bf0a8c2e4f980c3b31bb69765ea
e-12-2-2	9bad33f580df7ecc49df5342bac8145d5bedc40f573d1b067f3c4ce449689a95
e-12-3-0	0100000000000000000000000000000000000000000000000000000000000000
e-12-3-1	5866666666666666666666666666666666666666666666666666666666666666
e-12-3-2	58666666666666666666666666666666666666666666666666666666666666e6
e-12-4-0	ecffffffffffffffffffffffffffffffffffffffffffffffffffffffffffff7f
e-12-4-1	9599999999999999999999999999999999999999999999999999999999999999
e-12-4-2	9599999999999999999999999999999999999999999999999999999999999919
e-13-0-0	0100000000000000000000000000000000000000000000000000000000000000
e-13-0-1	5866666666666666666666666666666666666666666666666666666666666666
e-13-0-2	58666666666666666666666666666666666666666666666666666666666666e6
e-13-1-0	58666666666666666666666666666666666666666666666666666666666666e6
e-13-1-1	0100000000000000000000000000000000000000000000000000000000000000
e-13-1-2	c9a3f86aae465f0e56513864510f3997561fa2c9e85ea21dc2292309f3cd60a2
e-13-2-0	e4dd22778010b28a10d0ddcf35d7a144216299cbe36ba86b31952ef0a29417ee
e-13-2-1	9bad33f580df7ecc49df5342bac8145d5bedc40f573d1b067f3c4ce449689a95
e-13-2-2	9d7343a2d9e5d12de3965c79889ef8e2a8e08c6bc30c02fd47a891ff1a5c3a90
e-13-3-0	04be97ec9bfe6ccd01f9343b7288b117b79f91cc45c24af2f93e0060ca2b6def
e-13-3-1	eb2767c137ab7ad8279c078eff116ab0786ead3a2e0f989f72c37f82f29696f0
e-13-3-2	4ab075e0903e4e35b096d4d64e0e81bca5c3968aeae8e87d98d80b7e842611ae
e-13-4-0	d4892b7048478eb2f82ef4d687d5ca61268cb2c61518cf73d73b6ce59d94a909
e-13-4-1	2f61caa24a8a3ba27ed271e6df6055abe36209bd645809dac8f60073a2316585
e-13-4-2	82590ab4ee4245a4613b5baee1412f6fc5633dd949e10e6a823792ad1966d320
e-14-0-0	0100000000000000000000000000000000000000000000000000000000000000
e-14-0-1	5866666666666666666666666666666666666666666666666666666666666666
e-14-0-2	58666666666666666666666666666666666666666666666666666666666666e6
e-14-1-0	ecffffffffffffffffffffffffffffffffffffffffffffffffffffffffffff7f
e-14-1-1	9599999999999999999999999999999999999999999999999999999999999999
e-14-1-2	9599999999999999999999999999999999999999999999999999999999999919
e-14-2-0	c7176a703d4dd84fba3c0b760d10670f2a2053fa2c39ccc64ec7fd7792ac03fa
e-14-2-1	13661d745ad63221ca5da0456fa618713511dc60668aa464e55b09a20ff7fc1d
e-14-2-2	98519eadf35b995233b51b5cd23e9cc5a28b639b5a4af0ec903cb960d81b7899
e-14-3-0	ecffffffffffffffffffffffffffffffffffffffffffffffffffffffffffff7f
e-14-3-1	9599999999999999999999999999999999999999999999999999999999999999
e-14-3-2	9599999999999999999999999999999999999999999999999999999999999919
e-14-4-0	0000000000000000000000000000000000000000000000000000000000000000
e-14-4-1	5252cc0a7f208133b620acbd4537eba2a4123bf0a8c2e4f980c3b31bb69765ea
e-14-4-2	9bad33f580df7ecc49df5342bac8145d5bedc40f573d1b067f3c4ce449689a95
e-15-0-0	0100000000000000000000000000000000000000000000000000000000000000
e-15-0-1	5866666666666666666666666666666666666666666666666666666666666666
e-15-0-2	58666666666666666666666666666666666666666666666666666666666666e6
e-15-1-0	9599999999999999999999999999999999999999999999999999999999999919
e-15-1-1	ecffffffffffffffffffffffffffffffffffffffffffffffffffffffffffff7f
e-15-1-2	245c079551b9a0f1a9aec79baef0c668a9e05d3617a15de23dd6dcf60c329f5d
e-15-2-0	e6ff0e4955925b2100e8ceebbd4ffe93e6fdfc71c226b33409a570d916254ff2
e-15-2-1	98519eadf35b995233b51b5cd23e9cc5a28b639b5a4af0ec903cb960d81b7899
e-15-2-2	08e8461bace82b50af65402ff1cad3d2399afe459544096a7f106c54fc875dc2
e-15-3-0	e941681364019332fe06cbc48d774ee848606e33ba3db50d06c1ff9f35d49210
e-15-3-1	02d8983ec8548527d863f87100ee954f879152c5d1f067608d3c807d0d69690f
e-15-3-2	a34f8a1f6fc1b1ca4f692b29b1f17e435a3c6975151717826727f4817bd9ee51
e-15-4-0	0c65f2037f8eb8a3bc6fea7cbfacc4c2d80770beec52caaf6afc4767bab51124
e-15-4-1	1660530226e2ddb4a58e7455e6d8a899bcf2562537848db7d3aefa207a53ece5
e-15-4-2	309cdaa11e5a90c9c2033bd9ab750bda7a38e38772b3657d1d8b1cd1669f8f2d
t-v0	1c5672d919cc0a800970cd7e05cb36ed27ed354c33519948e5a9eaf89aee12b7c4743a22340131a2323174bfc397a6585cbe0cc521bfad09f34b11dd4bcf5936e309cf5272f0af2f54d9dc4a6bad6998a9d097264e17ae6fce2b25dcbdd10e8bca65e573a126ed88d4e30a46f80a66685b49b554d05c0cd5a5325376b3387de59d924fd1e13ded44648ab33c21349a603f25b84ec5ed887995b33da5e3bfcb87cd2f64521c4c62cf825cffabbe5d31cc
t-v0-upstream-bitflip-0	INVALID
t-v0-upstream-bitflip-32	1c5672d919cc0a800970cd7e05cb36ed27ed354c33519948e5a9eaf89aee12b79c10bc0774b4f5d11945a6d3c53c7d1e4c962574ecf06e40f679f36814b0edfce967454f3d6057fe4f3bd4be116bda9f4a9db4167d2bb4ea5f74debc38b00ad92bc36275e350912fa7ed3d3c5ac9e6545b49b554d05c0cd5a5325376b3387de59d924fd1e13ded44648ab33c21349a603f25b84ec5ed887995b33da5e3bfcb87cd2f64521c4c62cf825cffabbe5d31cc
t-v0-upstream-bitflip-48	1c5672d919cc0a800970cd7e05cb36ed27ed354c33519948e5a9eaf89aee12b7e87c31378e1d36700ac9b0e3c7a34a65c9478d94eab227786754790e0a1098abf0f075a8ffc5cc35fc42046f860284ce9f48613badfc6ee9ee62d5ec19f42cd1eb29656d00d400a698351055c7731ce85b49b554d05c0cd5a5325376b3387de59d924fd1e13ded44648ab33c21349a603f25b84ec5ed887995b33da5e3bfcb87cd2f64521c4c62cf825cffabbe5d31cc
t-v0-upstream-bitflip-79	INVALID
t-v0-bit-0-0	INVALID
t-v0-bit-0-1	INVALID
t-v0-bit-0-2	1c5672d919cc0a800970cd7e05cb36ed27ed354c33519948e5a9eaf89aee12b7c4743a22340131a2323174bfc397a6585cbe0cc521bfad09f34b11dd4bcf5936fe2c02c168c1108eb6610c6ad70637d436323fcf9fb9cb62081386f04f057c2e066e27e61e1589a50221ea0a827dd4e0804e0e7a1ee2d384d6971ae6683614aad50ad6ded29137a9cc69a18e2b6dadba6a557e5a103599abfef454d79bcbc3da3dce03867bdf56cc36a0b957a7b9f5c3
t-v0-bit-0-3	1c5672d919cc0a800970cd7e05cb36ed27ed354c33519948e5a9eaf89aee12b7c4743a22340131a2323174bfc397a6585cbe0cc521bfad09f34b11dd4bcf59366c1813a33f501ec7af33179c26b95407f786210ee1eb603bb2bbce25264db1d1dd7a9ed9003ad16bdc0eca751741a7760f9bc34c8c6b3a945fb5368485c5365278e8aac890d04c25f4d96600f58b3d7a6c53520420b94958528f66d2d3986fe246faf8bebfb78e7d16b42b0aa4221fa6
t-v0-bit-0-4	1c5672d919cc0a800970cd7e05cb36ed27ed354c33519948e5a9eaf89aee12b7c4743a22340131a2323174bfc397a6585cbe0cc521bfad09f34b11dd4bcf5936c1c2ccb22c11906f0e9a1fc555ab9c45b2c4a6a15c91dc301aad3c1cf5044a359e470e40a7bbe18494e62a02ec727f95b9dffc8e9ee5859298be8398e085ca310cf52717fcc34d1e77d5c38c93d5c3bb916c5a8a5834a0625463c02ca3d5a046147a31d7ed85d5554290e2577f7fcc27
t-v0-bit-0-5	1c5672d919cc0a800970cd7e05cb36ed27ed354c33519948e5a9eaf89aee12b7c4743a22340131a2323174bfc397a6585cbe0cc521bfad09f34b11dd4bcf59361289683e43e3975cd42dd1d266db681f9d14195a31883bf1004bf4c643fbfd42702f5ba199103420e032be0e59af5fd0adfdc9e2c545a2c77f3d05a1fe56b9f103393759d4ca7aee196b832f9a0d68e6acff4759e2bbb781b14c665e3fad547e0f1e2f688f3cc22016527bba9276e863
t-v0-bit-0-6	1c5672d919cc0a800970cd7e05cb36ed27ed354c33519948e5a9eaf89aee12b7c4743a22340131a2323174bfc397a6585cbe0cc521bfad09f34b11dd4bcf593619356e87ba0e953ad8f452ab9f7e654170aee6741083cec680d793f607ecc360719e2f9bf631e3646a581a88cff6ca1e1d91ffba3e688f20b98963c27a5ca706bb16cd92ed54f39fb6bc08f041506697d364e634f30362f5ba048e868cb2d02ace6b7dee67e2409ed4b22639ab57e0cd
t-v0-bit-0-7	INVALID
t-v0-bit-1-0	1c5672d919cc0a800970cd7e05cb36ed27ed354c33519948e5a9eaf89aee12b7c4743a22340131a2323174bfc397a6585cbe0cc521bfad09f34b11dd4bcf5936599661eb80a0e0a3ed30b830d3a8a548533c0bdcd5e16e5d76d20d300002185d0075fd80710ad7d006345b0a5fef8774500548e9b16525eef791d56355e8f3de5b26d14dde00d0693b48f4d203b7e12b9bd7fef2e70422dd7479a2330dbaa8ee9a88905a418cb4a39474ad8b7f91b6f2
t-v0-bit-1-1	1c5672d919cc0a800970cd7e05cb36ed27ed354c33519948e5a9eaf89aee12b7c4743a22340131a2323174bfc397a6585cbe0cc521bfad09f34b11dd4bcf59366bcb40c3c38b212d40c9c4f19fde17cb98fd13812324f3a67e483cc5ef074ad511d1ad9455b171c59fedb96a2e72828dcf98216ed361b8a37f8ffcea8c6eb1844808f3591200ae9d60dd74d219135433aea89069fd5eb057ada1e313e533fb7fa8996b03f80c65a5558643ec25a0e0d7
t-v0-bit-1-2	1c5672d919cc0a800970cd7e05cb36ed27ed354c33519948e5a9eaf89aee12b7c4743a22340131a2323174bfc397a6585cbe0cc521bfad09f34b11dd4bcf59364a1ba330cfd03247622e809cc6d4d0b989722b7764658e612b7936d53e8867fe938740ed1c3cf6ab36101e9e47c590d0b0c71f7979dda5e507d714e056432b8c2131810858de996d5c74053b388d59e6182ec2bb967a807a162ba22f25c115a7bcf1db8916d44f2a904047a805972269
t-v0-bit-1-3	1c5672d919cc0a800970cd7e05cb36ed27ed354c33519948e5a9eaf89aee12b7c4743a22340131a2323174bfc397a6585cbe0cc521bfad09f34b11dd4bcf5936ae7091d50c3980066e2c0d9e1418894b316ce0c9f98593dd63a7ee85c4e731b4dc02d8e63a4915be3a0b37e6f28857f10de930189dc9d35aa3df9834986d2fc03abfcd12fa9ddfb3ec56154880fd56ae8c37223dfc4d8acfcb20362c0b658e1f1a588af137382eadac2f22b46d34b9ab
t-v0-bit-1-4	1c5672d919cc0a800970cd7e05cb36ed27ed354c33519948e5a9eaf89aee12b7c4743a22340131a2323174bfc397a6585cbe0cc521bfad09f34b11dd4bcf5936253b635e4646e21619292ecf41aa621d17a28b5b85cf240c1177fa4531f1db84d1ee0137908a6875ae608ee715e6d3ec42c8a7e9f2042da9b6c29d074526009f1c0bb76eddd17d98034d170796e1ff56ae23437e4ec6b86a8cdd4fdd5ea22e61610448cb9bc6be9acb882d3c2d5f02ba
t-v0-bit-1-5	INVALID
t-v0-bit-1-6	1c5672d919cc0a800970cd7e05cb36ed27ed354c33519948e5a9eaf89aee12b7c4743a22340131a2323174bfc397a6585cbe0cc521bfad09f34b11dd4bcf5936ca5e2d78c1e86b3712b4f09859b7ea522100d5d564fb0f9588d815a575406c4db9ef2b6e8aa6ca01da2b635642c0b2d89149a2d94c46111f56f6edc9ce8a52891c03443b78a534af160dbd3d2717646ba2c6ca8be79d23d0204ad8a213f4d4ea652c4b737bf8d2bfd559a652f91755e5
t-v0-bit-1-7	INVALID
t-v0-bit-2-0	INVALID
t-v0-bit-2-1	1c5672d919cc0a800970cd7e05cb36ed27ed354c33519948e5a9eaf89aee12b7c4743a22340131a2323174bfc397a6585cbe0cc521bfad09f34b11dd4bcf5936c14f81fac16e0e4369c8699601a1f0d57c23b8f59f89695597e3da1213086f679cfb87e409eb766f649b5f48c8d86d123767a052733be062b2ce1eedc6d047cf07552cf5749bbf5314ae705ce7819c124dde2856e93e27a441e2da62f58354f7f1dfe2cc3eab0d3e5880b722a89b6f36
t-v0-bit-2-2	INVALID
t-v0-bit-2-3	INVALID
t-v0-bit-2-4	1c5672d919cc0a800970cd7e05cb36ed27ed354c33519948e5a9eaf89aee12b7c4743a22340131a2323174bfc397a6585cbe0cc521bfad09f34b11dd4bcf593614a5d64b36814c41f0ab162a727d2c06b095a973f5e200f6297eb319df4fc5173b9120dc4e323e6d1c0170b1a0679b5f7faa3328002dd3e45072871ef92f94304ddbcd42f44958da4dd743c11382bf579887078e6402b3e546ef5c533393c8522334a2a4a9137cce041bc0a753def533
t-v0-bit-2-5	INVALID
t-v0-bit-2-6	1c5672d919cc0a800970cd7e05cb36ed27ed354c33519948e5a9eaf89aee12b7c4743a22340131a2323174bfc397a6585cbe0cc521bfad09f34b11dd4bcf593688b2469e9c1d98ee2a515059ba74ecf7107b22245698c4bd7227819c6cc2a46d3c5afaff91f0a2b818e7452a1a65a5da7f024504eded4fcda391cbcbd1a3af1bf92001aaed690f34b437d9c89627d6bee8f9d922404e0b6463634cb3e280ad260970159d7ddf55b63cc7dc5145df85cc
t-v0-bit-2-7	1c5672d919cc0a800970cd7e05cb36ed27ed354c33519948e5a9eaf89aee12b7c4743a22340131a2323174bfc397a6585cbe0cc521bfad09f34b11dd4bcf5936c8c28eddc83558f733e2e4ce564af027c648a805364e5965a468ee0d014f4ce14489bee3a243abc943d5a1c56b7d88e6f293c48c2a72e036593b3b0f6cfd4a4853eddd37513aa67a3c6e73867c4b7c48f4c9848f74cf9cdfe33cf67c14924750c0607a043f6e1b1beb214675945b6936
t-v0-bit-3-0	INVALID
t-v0-bit-3-1	1c5672d919cc0a800970cd7e05cb36ed27ed354c33519948e5a9eaf89aee12b7c4743a22340131a2323174bfc397a6585cbe0cc521bfad09f34b11dd4bcf593650c21c4effa605a02a8253ee8474b4cb29035207f85a116e12e9ad64397d03ae1187cf0812e097897af23eb6100bebe9fd324e661e7f66093181ca9f8fca56fb2139b3c08686d526a91730f1b23532927768a163a834bc861f07fdb5724acdcfe8bac2b6dad8f16b0f2ef02a6d37cd91
t-v0-bit-3-2	1c5672d919cc0a800970cd7e05cb36ed27ed354c33519948e5a9eaf89aee12b7c4743a22340131a2323174bfc397a6585cbe0cc521bfad09f34b11dd4bcf593685e087eeee0918904c3867df8f3adeada1ad9a0e5f47c977f61fd026f6f74c89aaf0aadfdeb04c38d77bc93420d47b66f5155b93d0465307438dc6357943a782bbe26dcc12c9a1b851218af01786dc5438058c8bdf11bee99fcf72e564bcb170634c6caca1b1d6b0ff16e745c6d3c734
t-v0-bit-3-3	1c5672d919cc0a800970cd7e05cb36ed27ed354c33519948e5a9eaf89aee12b7c4743a22340131a2323174bfc397a6585cbe0cc521bfad09f34b11dd4bcf593646fe1867b71f509b922b06fcad5888edf2dc416931a8280564f47ae927437d6f78000f9c8866a5eca2eedf39c3bce21eb1f1c508dccf260145563b41b8e1333fab54df6637c30079aeebb481509870aabaab7606f71d46c119260b0c76e4b5cc37d03dfe7fcfaf58c141653724975efb
t-v0-bit-3-4	INVALID
t-v0-bit-3-5	1c5672d919cc0a800970cd7e05cb36ed27ed354c33519948e5a9eaf89aee12b7c4743a22340131a2323174bfc397a6585cbe0cc521bfad09f34b11dd4bcf5936e67940d7b43584b5870e492648eed02c0a0dcd52f0ed25a895c7cb98e7dc39b851759d40c469f6a220c86cf06d2167a0aafb0fcdd3ce114c64f7c39b4c7ea154fbfa872bba20560716de228db739ad7d97c434d3840335b1cf31d0159c74a5357ae62079241b3250f069d1724a6ef3ba
t-v0-bit-3-6	INVALID
t-v0-bit-3-7	1c5672d919cc0a800970cd7e05cb36ed27ed354c33519948e5a9eaf89aee12b7c4743a22340131a2323174bfc397a6585cbe0cc521bfad09f34b11dd4bcf59363ad6347c4ae523df6f29bab2ce7e09e22c15e44508bb36d9e63da04cad79e3b9fe0b49aa8944a237099f5c3a9f774760f542f4d9a046e84b0893f4b7ee26f98e9140e175acaf187fc87013ac8c04bd4c084f52a76b5275ef4b32fb353deb285790fe4ca87143281229ab2c46103d341c
t-v0-bit-4-0	INVALID
t-v0-bit-4-1	1c5672d919cc0a800970cd7e05cb36ed27ed354c33519948e5a9eaf89aee12b7c4743a22340131a2323174bfc397a6585cbe0cc521bfad09f34b11dd4bcf5936e9d632f7dfa260f8082459768a9b2204cf8a1a6e3aa1ca94caeebfae9fc843d448e1daed7666819e3650f02658e6afe770b7505fc1413b2ab8574a2b6baf517f3ff31d618722dacd2e1835b6229a2335733ad377ce53f3103aa321e53150342904bda0f7fe09708079153ae768273a6d
t-v0-bit-4-2	1c5672d919cc0a800970cd7e05cb36ed27ed354c33519948e5a9eaf89aee12b7c4743a22340131a2323174bfc397a6585cbe0cc521bfad09f34b11dd4bcf59364162456292471f16c9e5b475c092d81344daa1da4b569c3445d68eddf6e6e6c2ab71eb55d0a76e4d6e38d03f7e4f8192117429c27cfab4c004ab1663deb733522d6b5b58fa2eab8a98b34abb6240ce3ba9dc9171db7dd0cf61515c5af8fcf03d52c9e5a7bb8cf0acb2bbf457681257bb
t-v0-bit-4-3	1c5672d919cc0a800970cd7e05cb36ed27ed354c33519948e5a9eaf89aee12b7c4743a22340131a2323174bfc397a6585cbe0cc521bfad09f34b11dd4bcf5936921bf8988818baa077e076b73ca28689065e28de7690eaa9c57bc47b06a601f30d5ee652bc0c27ee7eff4cd3a20afc28f2f05adc62e10689d4a8db73f02329938491635047d1263a5998e4fcfaa28f47e82ad9a33958cabdb24c47d30851fc2b0478e672d1b29f73df499aa5c1c9ea62
t-v0-bit-4-4	1c5672d919cc0a800970cd7e05cb36ed27ed354c33519948e5a9eaf89aee12b7c4743a22340131a2323174bfc397a6585cbe0cc521bfad09f34b11dd4bcf5936c88c0e663e4a334fcdc96d4d5bb4d29657af63ebe395cbe363d4badace9e2970aefe31ddd04420c7bcccf98524f032b451438cc6ec21fe6aa961cbb8a0ac36e31eb07be800ead9c23c187734c6ea567ea483ca5d455dba2b8ab0352a52d5656f2b1e967b4b4c4b267fc3c6a23ea6284a
t-v0-bit-4-5	INVALID
t-v0-bit-4-6	1c5672d919cc0a800970cd7e05cb36ed27ed354c33519948e5a9eaf89aee12b7c4743a22340131a2323174bfc397a6585cbe0cc521bfad09f34b11dd4bcf5936b90b43597740b55cd07d840a7796d4c225dd9556e3628d3046c6bab38eefc6e4c764391c072b0cbf7e2fbaaaa3fabfd2b48e9292cd5830602c519a04e9ca7c2110aaa8e16b05b06f120a9a4f9382f109a5237155a1ed9bac9ca9fc92a404907678ef7092bca96b634c3919e8d540f67b
t-v0-bit-4-7	INVALID
t-v0-bit-5-0	INVALID
t-v0-bit-5-1	INVALID
t-v0-bit-5-2	1c5672d919cc0a800970cd7e05cb36ed27ed354c33519948e5a9eaf89aee12b7c4743a22340131a2323174bfc397a6585cbe0cc521bfad09f34b11dd4bcf593625c744d3c2e8c906687a98c08125bb36bd014cc8e75584584ea874bfdb4315b7a8ab93f1af9e2454cb9f93ec0e7842b7d7bbb0aaec54542df082340f141c850113cd0849887bb73017f4814fe5daf601e7dba48b3114e5b1bd13df9b108fca3937be20bcd14ff20cb6271559497509f5
t-v0-bit-5-3	1c5672d919cc0a800970cd7e05cb36ed27ed354c33519948e5a9eaf89aee12b7c4743a22340131a2323174bfc397a6585cbe0cc521bfad09f34b11dd4bcf5936e9ce97d7931690e5f04f888f1946e40fc93c264abf01a0b1900208f80598e592db25991c36f3b8364ffb62306224bf86273982f432d095054e9e127ad869aad3a094ac2ac77e0395ac65dc07685dfecda84d1ca90319aee0d515e3cbc59a8459481299b736a6da75e2fd5f693bd79fde
t-v0-bit-5-4	INVALID
t-v0-bit-5-5	1c5672d919cc0a800970cd7e05cb36ed27ed354c33519948e5a9eaf89aee12b7c4743a22340131a2323174bfc397a6585cbe0cc521bfad09f34b11dd4bcf5936be68c5ab0325d3bb537cefffd9c5257963c0af2ab326d99fbaf77951bbad2f64d1c7d3e8763415096411be1b7c4da9f43b22ad0f800f1710fba0a0dd32c3ace82bdb937d76d78166d3bd812667a9c6fdf6de0ada67c37b154c1dd348bb870e0820bf1703637a73030bd4378fc641500e
t-v0-bit-5-6	1c5672d919cc0a800970cd7e05cb36ed27ed354c33519948e5a9eaf89aee12b7c4743a22340131a2323174bfc397a6585cbe0cc521bfad09f34b11dd4bcf5936c42297eda4d1bd5232ed49a3f6c5d42357a30a76118eee0dad01186d6c56aee0ea500cc26f832815319bc3d3005ad09e84f6f74e9341c12e4ae317c0d3b2b097b383ae6d44c719e09568d230eedcc1924d7f7de139b6986bb539bdfb78d21ca3ef096712ad70d7dee660fa7c1e0482a5
t-v0-bit-5-7	INVALID
t-v0-bit-6-0	1c5672d919cc0a800970cd7e05cb36ed27ed354c33519948e5a9eaf89aee12b7c4743a22340131a2323174bfc397a6585cbe0cc521bfad09f34b11dd4bcf59360b63b57b886ae7aaafdc67f7e98a95032459812485f0a48e67eb3ff632b192512ab72686c800ecb22d9b0e3fe6ba6c51e40576b8c7437298dee5ac6df181e233d54f19407c12f64b4b7f47e376fe2dba4cad42818e94e6f53c5390acda130720e1094f3e42d7d79e3ae5e5aead37685a
t-v0-bit-6-1	INVALID
t-v0-bit-6-2	1c5672d919cc0a800970cd7e05cb36ed27ed354c33519948e5a9eaf89aee12b7c4743a22340131a2323174bfc397a6585cbe0cc521bfad09f34b11dd4bcf5936d206f976d3e53a8f590a4eaf7f13247b1399820888fd1ce00eeeb82548e4cd69f27935c6b2ac19c8a073150a0ba641066219a230c1341e86b795d08e14b043105513f12d3e5242c0945ee7f6071ef99a519f99415a84b88fa79232dcc1f3b062d3024668fa82510e38618b13a6c608ab
t-v0-bit-6-3	1c5672d919cc0a800970cd7e05cb36ed27ed354c33519948e5a9eaf89aee12b7c4743a22340131a2323174bfc397a6585cbe0cc521bfad09f34b11dd4bcf5936e7aa6e3dcb76b259e82cad057152728fdaf387cdccf3fb976ea7c143d2793f5f6bb69473ce53ee5aef10f93e45ddfce8e7508f600dc8265333e7c1a7f0d0853ad9e3b8ae960b891eb1d3eee24dc06285c63eb4509822852e5e762c8f2dc0f6b6290255753847c3c9360856743f96d743
t-v0-bit-6-4	INVALID
t-v0-bit-6-5	INVALID
t-v0-bit-6-6	1c5672d919cc0a800970cd7e05cb36ed27ed354c33519948e5a9eaf89aee12b7c4743a22340131a2323174bfc397a6585cbe0cc521bfad09f34b11dd4bcf593683e806613a66db2b2b6481d92c16392a9673a4332c4cd573ebcb69e3399789860a0d42bf139585b0c53b18cac3f5d22e09bfce9f54c1caa3aa2bebdec547dca353a8afa7c28d21a886ab9a6d95480432a83f05d6d1d9c464b8bf7427d4a3560f4fd9c5b688c44f4ca6150e9498e3c628
t-v0-bit-6-7	1c5672d919cc0a800970cd7e05cb36ed27ed354c33519948e5a9eaf89aee12b7c4743a22340131a2323174bfc397a6585cbe0cc521bfad09f34b11dd4bcf59361b0e797f8012d492189ea4e606acd690183b8208c7bf41541c3dc33a584fa6dd7a678fe1c9e0691d9904964bf3a71776962487ff453b6e915638e89b59e2fd9c9b874bb3eed3c158ffd7f983ded8e6fb9e11217ef58acfe5c27bc0507d209d78e146bc96d945362250cea6bcee85bdf5
t-v0-bit-7-0	INVALID
t-v0-bit-7-1	1c5672d919cc0a800970cd7e05cb36ed27ed354c33519948e5a9eaf89aee12b7c4743a22340131a2323174bfc397a6585cbe0cc521bfad09f34b11dd4bcf5936e3d32fa28bb8f27af5c1775fabc2c1fe303305b9f16fff8f7f85884f00e499639341970396f59cc2289063a3ba9f85fd0fb90eccd990a741e5d8c0a06d01af0bc3e9ac1a5286354db18eb4a3aed6b153257394fc141e7ed42f264e10305efc60f312a321e8d626e9beda8f831e7f5fe2
t-v0-bit-7-2	1c5672d919cc0a800970cd7e05cb36ed27ed354c33519948e5a9eaf89aee12b7c4743a22340131a2323174bfc397a6585cbe0cc521bfad09f34b11dd4bcf5936cc226b132c8f11f1480eff31fc7ebf31a6598324b5f66abbb52de10a663ec155a65fd95b5c0ebabc92e5b86c15c6ad64271a17719a2460a25579a4ea7f99f6997f2924505e656d9167144ac9f895326874c9f3b804a877bcb210ef52db3ad6e6ee8094689c92e15f0f91f2da479e3a18
t-v0-bit-7-3	1c5672d919cc0a800970cd7e05cb36ed27ed354c33519948e5a9eaf89aee12b7c4743a22340131a2323174bfc397a6585cbe0cc521bfad09f34b11dd4bcf59366f0dad7896989c60f86ed38d4571314bc097274ed419d8a07ba93f81e239f02379ebc36280c941aca13247d98e92e9ef6cb19119d59a6b2bed10e1be40cc42fb8081c2ff44aefb759db97deeaf4454fbacc2239ebce3031859abf84330a7b7866e6814d9f76a1dce83392a1b475fed9f
t-v0-bit-7-4	INVALID
t-v0-bit-7-5	1c5672d919cc0a800970cd7e05cb36ed27ed354c33519948e5a9eaf89aee12b7c4743a22340131a2323174bfc397a6585cbe0cc521bfad09f34b11dd4bcf5936250ebfe69078efaf23de7f569b6027768fb5d7085189e7a09479a3bea3da0d61c0675c6d21cd931d7561334a370ba826a9b3aad0ca3efdcb21b7d1bd773e962b52e67ef70a285a7496e9b3c51c4fa6d7b73b2f2eaa8a0c57361fa329872b5b283770cf8fbe63ec23ba0dee6c3db92904
t-v0-bit-7-6	INVALID
t-v0-bit-7-7	INVALID
t-v0-bit-8-0	1c5672d919cc0a800970cd7e05cb36ed27ed354c33519948e5a9eaf89aee12b7c4743a22340131a2323174bfc397a6585cbe0cc521bfad09f34b11dd4bcf593659092391ed5c6ec8983848e4830a12af2ac8980d72d64a6f9d2f6f4e5631ca6798a826cc9debff6bb71c1f5e32cddae083d81c5dea169e1f873cb83def12f18fc27d7b903b3f558eeafcbeae61c41b4aebbd3c87e97a0738f10e667abebd6175e3e2c936d758bfbfda0774dc9653cefb
t-v0-bit-8-1	1c5672d919cc0a800970cd7e05cb36ed27ed354c33519948e5a9eaf89aee12b7c4743a22340131a2323174bfc397a6585cbe0cc521bfad09f34b11dd4bcf5936d2da2e1fd5e294e789d7acb51678ea73fada4d12ca388da464e856fcbc01ba076fa10d1377151cb1b3d62f097cbeea92f49908a7f5c93fd355a8f54deaee69c3ae5fdc56caee9cb3dc75e98056c8fa43f3a2bd231373c9f1380203d0cdca3ebe8735fd245322575cc8289224dbd95479
t-v0-bit-8-2	INVALID
t-v0-bit-8-3	INVALID
t-v0-bit-8-4	INVALID
t-v0-bit-8-5	1c5672d919cc0a800970cd7e05cb36ed27ed354c33519948e5a9eaf89aee12b7c4743a22340131a2323174bfc397a6585cbe0cc521bfad09f34b11dd4bcf59364a41f1d2d9841cf3aae79b0ae0303c159bd179a57043ffe27729b104a1911e4f7be7bdb9e8d616611f47348c8a77914454802242b21d9e0bbc5cfbed3bc4bc233387f75b0579a697b07f9418a767801b713a642e4b399d30912354d2f8f06d82a71f43195d3a77dcde3c682285d544a7
t-v0-bit-8-6	INVALID
t-v0-bit-8-7	1c5672d919cc0a800970cd7e05cb36ed27ed354c33519948e5a9eaf89aee12b7c4743a22340131a2323174bfc397a6585cbe0cc521bfad09f34b11dd4bcf593691aa75081337ed2b8ac0148f1923f570dde8d07e9baa6432d8faf0b1f70e45afded1496d9374173a70910cfc312dbdf52608adb2e51648c002a77822ea8e80217d2073e270804e79c00d703246ee57d35e1ac515cb3fddf3f9dfb597fa22b5cab54561bef5c826f1b13d00e3cc13756c
t-v0-bit-9-0	1c5672d919cc0a800970cd7e05cb36ed27ed354c33519948e5a9eaf89aee12b7c4743a22340131a2323174bfc397a6585cbe0cc521bfad09f34b11dd4bcf59366fdfe835323f4daf9c48dabeb7bbb7e7e16821d12cccc55ba3c89840d7eed8f10e8df2380743fa1a540b4a206dc69806898b62f728fe91e85b36bb75008a5931b4462b494d75d662b0836d791fe890c6f6e8b91a5afc031b730bf1544ecf79883ff0d3782df73291b3db8fbdf5834f4d
t-v0-bit-9-1	INVALID
t-v0-bit-9-2	1c5672d919cc0a800970cd7e05cb36ed27ed354c33519948e5a9eaf89aee12b7c4743a22340131a2323174bfc397a6585cbe0cc521bfad09f34b11dd4bcf59363609875064dc242108312cbc5cfa658123b0248c191fb06cd99f02f9c712e8526735d56a1a4bebbe30993a169482bf7395eb665374f8ff510087412d6b7d1abf4a7e663601ae33f6bc0d7f5402373d51e6471c8b6f4181f6b77cca439c4cb0ffd6676eef15e3dea54d5a069d3050ef9f
t-v0-bit-9-3	1c5672d919cc0a800970cd7e05cb36ed27ed354c33519948e5a9eaf89aee12b7c4743a22340131a2323174bfc397a6585cbe0cc521bfad09f34b11dd4bcf59368f6487f3e210cf8302fe7be9fb791f8872b3489ec38e4b41def1243d82f9fe87a14d91be81f1fcb9e033ecd91728b7b646aa375f196145eda3a76d471ed487faff11fce72c720e42d25134add5a3650c1927c6a489a658cf0d332bdb46d5fb78e3f453c0a0d910fa72519be4672a3e3b
t-v0-bit-9-4	INVALID
t-v0-bit-9-5	INVALID
t-v0-bit-9-6	1c5672d919cc0a800970cd7e05cb36ed27ed354c33519948e5a9eaf89aee12b7c4743a22340131a2323174bfc397a6585cbe0cc521bfad09f34b11dd4bcf5936fdede729da611e175639c3672d795b1bd8fe9dee6a21c34fe0f5ba573aacb5956e4e6cda74e7ba077ac6126a23b5cbb62720fd868f69e72f40a781b68f251de4097a273ae318eb499e2aa8a964a856e228708d1a796f27816a6ba21b2789688f88db179fabe415531de4044fd19d97d3
t-v0-bit-9-7	1c5672d919cc0a800970cd7e05cb36ed27ed354c33519948e5a9eaf89aee12b7c4743a22340131a2323174bfc397a6585cbe0cc521bfad09f34b11dd4bcf593648bffab7be7bc4bf65ba0996df2ef24d2b20ee51ae7ce568375cb03a5aa4ab54d6d348d665584f0f9a469cd4e6df53b1a385fa78c9f6d6f3cdc8d4edad1b7fae02e3bab9de0f6fe92d0de4366602ac39f438268228926cfe8ab850526ad44b2c22428d595b0bad0badc19a20d40ccad2
t-v0-bit-10-0	INVALID
t-v0-bit-10-1	INVALID
t-v0-bit-10-2	INVALID
t-v0-bit-10-3	INVALID
t-v0-bit-10-4	1c5672d919cc0a800970cd7e05cb36ed27ed354c33519948e5a9eaf89aee12b7c4743a22340131a2323174bfc397a6585cbe0cc521bfad09f34b11dd4bcf59365d05af203b886b0a5c64d7f25ac1ee39ec80e4f7dc247a7c69db89565bf6ae7a761d747a910cc5b09ea556582610b5302d11689e925d8ab065086e606e2128572f220ccb1e212b44105eb53b19a1edb7eb5cf92519ce4c5092e4de03a96518ab9edc68da26aa1ffa4b336ec07ff897d2
t-v0-bit-10-5	1c5672d919cc0a800970cd7e05cb36ed27ed354c33519948e5a9eaf89aee12b7c4743a22340131a2323174bfc397a6585cbe0cc521bfad09f34b11dd4bcf5936a4c7e9fcfebd622a422a033bef2fbb053c7a2cc19fae5e3ebcb4b96fe91188373b3ec6fd8121d7c198201c1db01258f88eac0aadd30de74e916dad1671b99743bde83bc0bb7358efbb81466ddad978b693c9a0288398044ee2c83a5d53ab8ede680705f5157b13c87a594a9afb6c70a8
t-v0-bit-10-6	INVALID
t-v0-bit-10-7	1c5672d919cc0a800970cd7e05cb36ed27ed354c33519948e5a9eaf89aee12b7c4743a22340131a2323174bfc397a6585cbe0cc521bfad09f34b11dd4bcf5936d887f6e9f9300212133ce908cdf27ddefa9e67acf64481941e09a654359853ead4784a9ab9b0bc330cdfd778848125f938d78d9904052fa1887c4b9bb175c224a18c70e4d2aed5a4fc2a72b8a92b4f41165982063e971756bcb5a489c18c51bab7bb0eced3ccbafb6d73dfe4b384c819
t-v0-bit-11-0	1c5672d919cc0a800970cd7e05cb36ed27ed354c33519948e5a9eaf89aee12b7c4743a22340131a2323174bfc397a6585cbe0cc521bfad09f34b11dd4bcf59362991872392091eb7551daf20163b263576e262f1d0c37c7662557203cf87baf5dac034ced6403f23b564f4cb536a4fe4d098d18e95a782ee0a8596fda987ce766a7c19cfb6cce893e1194be444bd6429b3ff52fd5def55273b4829b7cb3134d19d1bb547fb243b6f493c731b18721830
t-v0-bit-11-1	INVALID
t-v0-bit-11-2	INVALID
t-v0-bit-11-3	INVALID
t-v0-bit-11-4	1c5672d919cc0a800970cd7e05cb36ed27ed354c33519948e5a9eaf89aee12b7c4743a22340131a2323174bfc397a6585cbe0cc521bfad09f34b11dd4bcf593664bdd91bc1ff851f90d85712c8b4b4140120bf92d784613ccb283b757c204108907364787f424c61c8e7456ec67784816412ed0cebae9ed44232341d5c7e57eeb59efbfc0754e42cd602441bc957f939b6b18577bafe47a3237c122ad7e916c870ac5aab8a58f34d2c2d8f79126c7827
t-v0-bit-11-5	INVALID
t-v0-bit-11-6	1c5672d919cc0a800970cd7e05cb36ed27ed354c33519948e5a9eaf89aee12b7c4743a22340131a2323174bfc397a6585cbe0cc521bfad09f34b11dd4bcf593612951ba4b11efc3ba6802cb7aa8ea9adc0c4240ea8adf4b8f496b369bba4ded8d70d5b80ddaff0c3acdcfebb2364f7be71aea1a1e70952ed57f2d8b66a3d9d7dcd8255d349dc16e94bb9063e61738e2f5cac6decac14045f2a588bca5efd93110fb92e3824472067dccbc54609976c33
t-v0-bit-11-7	1c5672d919cc0a800970cd7e05cb36ed27ed354c33519948e5a9eaf89aee12b7c4743a22340131a2323174bfc397a6585cbe0cc521bfad09f34b11dd4bcf59360da63a90f9671b9019b92ba405131806ed530e6ab5f24755b6a169a4399d3c629aa55868a82502b3b569f6d5c0da19c9f2f906d8acdc33342040aa8d0b831a1090fa8d88cdd4e726149c7743aab4d02f483dd10d93cf60be0c9c3978841042e30a15bb4d1ba7ba60f49b4e5c77367ce6
t-v0-bit-12-0	INVALID
t-v0-bit-12-1	INVALID
t-v0-bit-12-2	INVALID
t-v0-bit-12-3	INVALID
t-v0-bit-12-4	1c5672d919cc0a800970cd7e05cb36ed27ed354c33519948e5a9eaf89aee12b7c4743a22340131a2323174bfc397a6585cbe0cc521bfad09f34b11dd4bcf593682f186469a4a8ecac9e763ba24efa1751704d9edc765ceaad3713ec5237e5b8eb6987e889445884c7d89f342bc1f71888ae1116a2557f05a73956eb23374f89b35715c3a1a4a22f26a8bff4fcccf67fbb3e1f10a972855cd0c750f0bb1b05d8fc3788dc0d66001608eb2aa3e5253258c
t-v0-bit-12-5	INVALID
t-v0-bit-12-6	1c5672d919cc0a800970cd7e05cb36ed27ed354c33519948e5a9eaf89aee12b7c4743a22340131a2323174bfc397a6585cbe0cc521bfad09f34b11dd4bcf5936f7d59b36e3dfb8866208b52313ef522f2b6acf9948d4d4e004c8f9d221f1be237be70eafcabe576955762c750aac48cbd22528171a57f6ed9a2e8fe55befbb9fb17d1c6aa85495f4e882d5288720b6e128e570b3dec4caa3d8ccc35f2cc62d2d575ae59219d0ce6e7a4147d3c954bbb5
t-v0-bit-12-7	1c5672d919cc0a800970cd7e05cb36ed27ed354c33519948e5a9eaf89aee12b7c4743a22340131a2323174bfc397a6585cbe0cc521bfad09f34b11dd4bcf59367a675323e90da1f3bb2eb28f5aa431f8bdbdd4a0e2ae951141ec9a1d65804b6d046208731afd83b1caeb8db297d42d43273aaeb554fc07bc6e4a3f5070c3726ebcfab185712f637384268d3d196b97ab646be49c50e5eb7d444d79033fac64a0ddf0e3dcf082f28812feee51fd952291
t-v0-bit-13-0	1c5672d919cc0a800970cd7e05cb36ed27ed354c33519948e5a9eaf89aee12b7c4743a22340131a2323174bfc397a6585cbe0cc521bfad09f34b11dd4bcf5936ef5fe03d32a1c8d5e4f7c202e6c299f474b07c939dac8370174e4f92646e215525d1b295a109fd227eec173187e2839f81a87a691b9ef35c4a1256539ac7babb3ab2e9ec295462ced14a414e0c5e148f3a020f52cc2e1e88feedbefad0bb59bf167ad5edbbde621d77aa09b08ed38b6e
t-v0-bit-13-1	INVALID
t-v0-bit-13-2	1c5672d919cc0a800970cd7e05cb36ed27ed354c33519948e5a9eaf89aee12b7c4743a22340131a2323174bfc397a6585cbe0cc521bfad09f34b11dd4bcf5936478c6ab34391570c1163f2140e71606bb2d0e5a7c44697f2ba7cce21725cd25657a316312d13abdd61d0610dee9ece5cfb5b9c1f8959d7f4ee4eb049239be24e78c9754beb8a4e79f2c048b8871163a8cda2fcd8483992d88106e280ace4b00cbc3aee05e9375d06c7577340f435e819
t-v0-bit-13-3	INVALID
t-v0-bit-13-4	INVALID
t-v0-bit-13-5	1c5672d919cc0a800970cd7e05cb36ed27ed354c33519948e5a9eaf89aee12b7c4743a22340131a2323174bfc397a6585cbe0cc521bfad09f34b11dd4bcf59369cb66a59d5c95f83828b5ae6a8da56c82a7795da95040750e7b3baf3a5da22356ad9779d1fc01f50026debe68437d789a4f08102e44628987d40f630ccd1c6b747ac82d2910151f6cc9e34e0e5e0ced4953d42d692b469dd19c17ce032f96606ee83a3471957862ac74f659ff07c0490
t-v0-bit-13-6	1c5672d919cc0a800970cd7e05cb36ed27ed354c33519948e5a9eaf89aee12b7c4743a22340131a2323174bfc397a6585cbe0cc521bfad09f34b11dd4bcf5936ae0deffd333d13763703d37687548924f11df6abea8cb2d550111874076a5bc749b355ae3a489af2aba61478444ffaf6834ad62a7106abce436a8da157e7c84ba0d15b3304ed4d02d99b68c66b8256115c57e8037dc37bb59b231dddbff64b9ab29f3c4b3ab717f9a28fa8c526d74155
t-v0-bit-13-7	INVALID
t-v0-bit-14-0	INVALID
t-v0-bit-14-1	1c5672d919cc0a800970cd7e05cb36ed27ed354c33519948e5a9eaf89aee12b7c4743a22340131a2323174bfc397a6585cbe0cc521bfad09f34b11dd4bcf5936b35e677b4c4dc88264637a2138368e9fac7a920d17f8e996ab9f71dfd21981be7a5e5fd8e2215d81a5b822aefb5f6d01542c754780d418f93b254af31ba4c8921d0539df6965f50211cab5ea22085d2ca62d97d1c213b86af40bb35bd72894218b1ddb01208490533cd7503e6adb4f78
t-v0-bit-14-2	INVALID
t-v0-bit-14-3	INVALID
t-v0-bit-14-4	INVALID
t-v0-bit-14-5	INVALID
t-v0-bit-14-6	INVALID
t-v0-bit-14-7	INVALID
t-v0-bit-15-0	INVALID
t-v0-bit-15-1	1c5672d919cc0a800970cd7e05cb36ed27ed354c33519948e5a9eaf89aee12b7c4743a22340131a2323174bfc397a6585cbe0cc521bfad09f34b11dd4bcf59366634719c1188049ba2f1f407143b1d6f5a3000a7fff72500652671436b1de567924df63b6b3908b9682bdef6f01f2b024ec89b194430011e4c36d0431a72b5fd2aca6eca5578288de1417a8f341905ec05ca798c2b4b00154bdac061447a13e5c02c499f6184b2334d9e95458f7b5249
t-v0-bit-15-2	INVALID
t-v0-bit-15-3	INVALID
t-v0-bit-15-4	INVALID
t-v0-bit-15-5	INVALID
t-v0-bit-15-6	1c5672d919cc0a800970cd7e05cb36ed27ed354c33519948e5a9eaf89aee12b7c4743a22340131a2323174bfc397a6585cbe0cc521bfad09f34b11dd4bcf5936e21f6e82f3668156324944c834daf22e257d931359600ec0e434063b8fec1301ee5fb2aed3885ab2d9f26fe5294316e7b634ff92febd6cc2b19633afba4591b86460e527b6f4d795b2b06a3d6c505dccaef1e175ed99889c9075e6010bec0e734f764f4856f49ef9aa788071ab71c6ed
t-v0-bit-15-7	1c5672d919cc0a800970cd7e05cb36ed27ed354c33519948e5a9eaf89aee12b7c4743a22340131a2323174bfc397a6585cbe0cc521bfad09f34b11dd4bcf59365aae399f57b7aff8ad2dd37ee5e31645056b1a5ba16d1df12a015893c6de8f32479458423ebbf08093c0bf541340f72fd0c90bd5bacc558e0575fa2cf45d864a73ff7198343707048651aab286deda26f58c098760171de88ff0bd9ee38c6d80f5c798c7db0f818c4e487493acac7375
t-v0-bit-16-0	1c5672d919cc0a800970cd7e05cb36ed27ed354c33519948e5a9eaf89aee12b7c4743a22340131a2323174bfc397a6585cbe0cc521bfad09f34b11dd4bcf593646b23b2a513614acaf59633716ec6d43faf0e6eb7b2350b5ef80ebf2d685588ea18ccb704478aeab2585ddddb79a6c0ffc39f25a989109535aad4f1eb95a0f28f6a94e2e4cf4546b6fcda13fcaa81df6cefce845f04773a5b9d62d04ea6d1e6f53c5ae6a0a9094cac37d5c3ed3ca8abc
t-v0-bit-16-1	1c5672d919cc0a800970cd7e05cb36ed27ed354c33519948e5a9eaf89aee12b7c4743a22340131a2323174bfc397a6585cbe0cc521bfad09f34b11dd4bcf5936e6eb599d962e1f2cfb33501f6fad7ce31b982e02412691f3741cbc7c4d153fb9ffb0f3c0a1bf93e6e723b21b49dd7dbbfea0093f2ee0882291baefb6964920da2f11d91f3eac5265e452acc801a955da2455d35e527e91e865006c7165750062d2b68bb4df1b5973fdcdc2127fe8334f
t-v0-bit-16-2	1c5672d919cc0a800970cd7e05cb36ed27ed354c33519948e5a9eaf89aee12b7c4743a22340131a2323174bfc397a6585cbe0cc521bfad09f34b11dd4bcf59365f102a25af010c253c600de9d08714e5c8e391c2614c8c118cb851aacc46556922160404dab9772dfeea8a9e798d67efff59c46ad1b01e1d307a93d72b64f4b3f12445b21d869b43e8a1e6d8890c80545d8d6da5fceb61aec511939d2caf116aa3d82056f40ef61b2f3bcd4a85313dcf
t-v0-bit-16-3	INVALID
t-v0-bit-16-4	1c5672d919cc0a800970cd7e05cb36ed27ed354c33519948e5a9eaf89aee12b7c4743a22340131a2323174bfc397a6585cbe0cc521bfad09f34b11dd4bcf59369adf27d5e86570d211012a12afcf2c7ec965425039f98273607d6436ce72ca6b9dc72ae097068349be61af5daef46de4446c8a5487c664785286ef53a16350a652bf541a3b44f1c412fbbd295c7f4cbd76ee175851921350fd288697096316ce4ee1e9b57520e3db9e363ed35c995aff
t-v0-bit-16-5	1c5672d919cc0a800970cd7e05cb36ed27ed354c33519948e5a9eaf89aee12b7c4743a22340131a2323174bfc397a6585cbe0cc521bfad09f34b11dd4bcf59362466f08befbecb9870ac264ac97ab8e6e36a4aa3197f6db593bc6086f2dd3057bf56c6bf17f3318e4245231679c87a40b8eb057387d3db204cd019b82caf1d087e8d1c50a667521964dbbe733d4c1a1935cb5abc9e2180e3ea2c9d37834fba7d053917b012fdbf93206ba4a82cf36092
t-v0-bit-16-6	1c5672d919cc0a800970cd7e05cb36ed27ed354c33519948e5a9eaf89aee12b7c4743a22340131a2323174bfc397a6585cbe0cc521bfad09f34b11dd4bcf59360cc473dd17382c7e9f4340d69f078cd86faf80fecdd218f7c04ea08d3527f9445422cffc0c43618584c0de4b3d4bca4e7592d4dd8a18929ffc15ea2a1c6bfbca93494a1e3be4639f72e58de5dd0ba64c7a81ab195fc34f4e8e04e1900c90206f0be5c1d4db115baf118bb60f16eefb35
t-v0-bit-16-7	1c5672d919cc0a800970cd7e05cb36ed27ed354c33519948e5a9eaf89aee12b7c4743a22340131a2323174bfc397a6585cbe0cc521bfad09f34b11dd4bcf5936aba767e2947800b52477aeaf7e286f12ca1f447c813b090446d2fd5346fa35ba0dff622268edbbf848d5f4491665b1366f574e350f531e07d6187e878024e94bc9da3b830c5dbbe59c41e530b19b627aa0ef4998ec58d6e509bc521827238b81928084d32e85a435eeb472bbdcf0abf6
t-v0-bit-17-0	INVALID
t-v0-bit-17-1	1c5672d919cc0a800970cd7e05cb36ed27ed354c33519948e5a9eaf89aee12b7c4743a22340131a2323174bfc397a6585cbe0cc521bfad09f34b11dd4bcf59361193fc7f93158b7aeb2f9403031be5a4ab1fbe5af3072a734dd9a92a5c567f6d6ae5d2fcc17b9e381106446b9bf8b596825902b0be376c908be2c5831720ba3417cb26aa42a4be12cc5aa0bf7479285370982541d98b92bfcb3e9b58c75e151bc6662e97ca19e247457cef3cf14053b5
t-v0-bit-17-2	1c5672d919cc0a800970cd7e05cb36ed27ed354c33519948e5a9eaf89aee12b7c4743a22340131a2323174bfc397a6585cbe0cc521bfad09f34b11dd4bcf5936a95a829dcc3c05b93b4d7ae0f7f04e6e7e5322315cc6f967c0be472010dd6340786ed24518a2f23dc3d0e7543cd03e7a6d05b49a3453b0a512cfd915020b69eac93181506cbd642f3f00a3340d9667631ed00677e8057069750a4013445632c716ea365cf67e871f3db46fad538414b7
t-v0-bit-17-3	1c5672d919cc0a800970cd7e05cb36ed27ed354c33519948e5a9eaf89aee12b7c4743a22340131a2323174bfc397a6585cbe0cc521bfad09f34b11dd4bcf59363b74dd6724aec94e4a44f3b10c4198654257030ac8ad859d4617f490408c6faf9f8a7089ed1ae074f7c76f52c12ef7931b6c3c8e3fdf0a7a64a41b29a923dc16234307bd4dcc0adadf45078bd047898e4b2dbfc5b667f7b8098a09d7264824050b25c271ac67d95eb3e9ff3c13dadd1b
t-v0-bit-17-4	INVALID
t-v0-bit-17-5	1c5672d919cc0a800970cd7e05cb36ed27ed354c33519948e5a9eaf89aee12b7c4743a22340131a2323174bfc397a6585cbe0cc521bfad09f34b11dd4bcf59369917d2cd07a88baacc3d0bcfb0cb213aa3790ed73723660ae4ab5d4df60d54c962733ea5a7d17b3873f1492f9c3bbee18d3f764bfa845061951554f95e13f009b0c8f5059a1f47c17622117848c3ac00e1dcb10b0ea475a84a0f6661695df3027fc3775c4e7d02b7a2b19ba60696b406
t-v0-bit-17-6	1c5672d919cc0a800970cd7e05cb36ed27ed354c33519948e5a9eaf89aee12b7c4743a22340131a2323174bfc397a6585cbe0cc521bfad09f34b11dd4bcf593664c8ec3f4a90ac3fd7fe6460fb117961bc682de878ee1bb9cf7ab6865c2519a2177e59bf1f29f42700ea5272afaf86dadcbbd1fd86f016432b0062dcd1fe3015b8fc2023654f55b41ef45701f6a79306c45a0ec7a73f5392e1216b8c71064c10d930111c7c9567d53e4d7cf38580bae2
t-v0-bit-17-7	1c5672d919cc0a800970cd7e05cb36ed27ed354c33519948e5a9eaf89aee12b7c4743a22340131a2323174bfc397a6585cbe0cc521bfad09f34b11dd4bcf593683d9b4d310dfd2c482cd7a0962ef11408c1c4d75fcd3d46aa7244395e2f42afe55ccb79af1943349e1b30b5b97890a0d2e68552ad7e12c04a069cfe53a146e48b0bc0f7c6dbc59ee8288457afd14744853e23951adcdc550cbe7a116db65423caab54c71820586ea5f901a0ddc2033a5
t-v0-bit-18-0	INVALID
t-v0-bit-18-1	1c5672d919cc0a800970cd7e05cb36ed27ed354c33519948e5a9eaf89aee12b7c4743a22340131a2323174bfc397a6585cbe0cc521bfad09f34b11dd4bcf59365613c43c7d998b571cf6dcfcb1d96b00e6b8785217d4a5a7be9c2e77b5c76dee081a4b8f9789824d6403de10dfa261500580b2ca1afe30597008f1f74cc4751819887468e68f56730f46cb173b5c5149fb3e169caae6cd15dabcf80183da1fd679465b9c4341a1420322029e0e43e8be
t-v0-bit-18-2	INVALID
t-v0-bit-18-3	INVALID
t-v0-bit-18-4	1c5672d919cc0a800970cd7e05cb36ed27ed354c33519948e5a9eaf89aee12b7c4743a22340131a2323174bfc397a6585cbe0cc521bfad09f34b11dd4bcf59364382b4435f5873d03198197ecff56bf018a8a478b322bc5ab35b5fddf4f6251944baa401dfb0664008462d7bdbb7f11ba5b5c25010230f7b4be2d7768a2dfad244a53e6c189fec1e9b74da7abf597dd93f9004f4ea166a526c5a6cc32c040109052bcbf5ac6a97d09d92c77b835d8012
t-v0-bit-18-5	INVALID
t-v0-bit-18-6	1c5672d919cc0a800970cd7e05cb36ed27ed354c33519948e5a9eaf89aee12b7c4743a22340131a2323174bfc397a6585cbe0cc521bfad09f34b11dd4bcf5936068a5801812e198de289d41c1a3b68b795c4318b1a189b267683a56e4fb895f6329be3879e635ea19854b1bf1495824a352d3ca317bd4f3107435aa557e62868913a97b2bb188de944b45abfa83c912c10b6b5ec7c906ff3ad2286c594b61fc7eb173a55e492dab73fe20a199a363f3d
t-v0-bit-18-7	INVALID
t-v0-bit-19-0	INVALID
t-v0-bit-19-1	1c5672d919cc0a800970cd7e05cb36ed27ed354c33519948e5a9eaf89aee12b7c4743a22340131a2323174bfc397a6585cbe0cc521bfad09f34b11dd4bcf5936a401e25257eccd3a226c782058a266c66b18f975838494cb2d5bb959749376200359b2b628069b884484f14b6e9f4d80c0fca1e74cdd5fe911e15175d5e2216e20de08204abd7928bd1c25c794ff19deb5b068ff91bad87522a85c004a79a6dfc6ff7d62886f5deca7323c2a4e534d24
t-v0-bit-19-2	1c5672d919cc0a800970cd7e05cb36ed27ed354c33519948e5a9eaf89aee12b7c4743a22340131a2323174bfc397a6585cbe0cc521bfad09f34b11dd4bcf5936cb0d0f93a12c3af168843629dff15546a746f15104988c9a6bd3ebcf12c0eef93a1df4587810807e76a253f0597f8a1ab3fc0136716251025f9dff8382dcbd9c9a6324e0f63d3401d5e2c25a95e8cc7a9b0a3735be0ea2d92aa339b48e3b77a96d5135e8497f52d2ed27c644b35b0a19
t-v0-bit-19-3	1c5672d919cc0a800970cd7e05cb36ed27ed354c33519948e5a9eaf89aee12b7c4743a22340131a2323174bfc397a6585cbe0cc521bfad09f34b11dd4bcf593625e407ed7b5297a8008815be19a86d341a3057d29019a7f312eb084d70113d6c329030e9f5d0fb4587dae383a895e505ecc1714113473c99e314c5467da653c70dc989e42ccb8e1e3a24561a89baa2e35338de264d799ec6f0bf99240f897ef2933a87b4ed9c324aba9091737b536598
t-v0-bit-19-4	1c5672d919cc0a800970cd7e05cb36ed27ed354c33519948e5a9eaf89aee12b7c4743a22340131a2323174bfc397a6585cbe0cc521bfad09f34b11dd4bcf5936a59b52811ce769e0f055eee808fd2b458b68c9283ce881ebcaac96dd677946fd8119627013d0c4d278a32414ad9e2335727c44d519ec4f42ecf3d913c6ebff8a1a6a18e78a61243daa8ec755b3a1b0d4ccf1cf39e5c1a51cedaed2203640cb37dae668acc02480aad340fa83e01577a4
t-v0-bit-19-5	INVALID
t-v0-bit-19-6	INVALID
t-v0-bit-19-7	1c5672d919cc0a800970cd7e05cb36ed27ed354c33519948e5a9eaf89aee12b7c4743a22340131a2323174bfc397a6585cbe0cc521bfad09f34b11dd4bcf59369973b872d0ff7b32e0493d43ebf0996e25393fdd3bb3165e7fc73bcb8eade75004eb6c048a4842ad30e2219dac02f3d241dfc2382495ee4e24096af837a607feb1c34a6fde2b1d81bac4848fbb6236e844e494cc9c6f7c253204f024e50b3c6e8552f5d733cc14c320962a755850e1d8
t-v0-bit-20-0	INVALID
t-v0-bit-20-1	INVALID
t-v0-bit-20-2	1c5672d919cc0a800970cd7e05cb36ed27ed354c33519948e5a9eaf89aee12b7c4743a22340131a2323174bfc397a6585cbe0cc521bfad09f34b11dd4bcf5936fa25285254176be4ad40291416e4a709350fd1a85a839af85480e3fab9af1a61756fa7a19d6febda5052b723044b7f95c822e5f0c82880089ba02f8b6b9cb524290d3927e607204e335cf6e968a62667ecbff212f0a67b6d26c56c8cdabea126e3955601ca1de0b30bcd78232a8ae6ed
t-v0-bit-20-3	1c5672d919cc0a800970cd7e05cb36ed27ed354c33519948e5a9eaf89aee12b7c4743a22340131a2323174bfc397a6585cbe0cc521bfad09f34b11dd4bcf593601e9a8fc10b9d668beaa13d4cfc5acaaeeab37ad36f1ba44978b7cce83dbe6ccb090f752d5ea8a76ab7fbabf4897c0faabc9abd64b1a494a373c02b49df62adf1b842137387e90be85a3999fdb6e46ef7ae5a6c8db4a8ac70ec41f4bc5c2045d04831b66f616857118032c1a9e852efb
t-v0-bit-20-4	1c5672d919cc0a800970cd7e05cb36ed27ed354c33519948e5a9eaf89aee12b7c4743a22340131a2323174bfc397a6585cbe0cc521bfad09f34b11dd4bcf59366477aaafe0c0a0c0aa42b3d42a8a839ab3899ba67fa885d142ecf69cedf411e173eb9ca022236d397ea214dbdbbfb07ce113d7b6f717019a1e8bb2884ec577fc5cde2037e03c2ff92106b14d7901f8d285b0968e5d51e14f803a5155d57944027ba9a5a3d6b04d8ba39a2202e1d0ae4b
t-v0-bit-20-5	INVALID
t-v0-bit-20-6	INVALID
t-v0-bit-20-7	1c5672d919cc0a800970cd7e05cb36ed27ed354c33519948e5a9eaf89aee12b7c4743a22340131a2323174bfc397a6585cbe0cc521bfad09f34b11dd4bcf593685777bdff631eebb3ff337f4e358cc41ba6ace4fb0b18375fcb5ee7c5706cbb1de929759d3407900c21fc6d99d90b5012579bf0fd3b67ede8067f70ace760be514d390384723941fba64866552a9f50b1bb20884517ebf0f34e0c02d33c2b95f1607d97572623ad4df7e97d2bdebce0f
t-v0-bit-21-0	INVALID
t-v0-bit-21-1	1c5672d919cc0a800970cd7e05cb36ed27ed354c33519948e5a9eaf89aee12b7c4743a22340131a2323174bfc397a6585cbe0cc521bfad09f34b11dd4bcf5936775c8f55d9e8f5a3555058de40bb4ddb0902467e5d4c73e07e450e9c552c8b220b81d7136003d117273a424f2b0ea88e1346939bf5cafe4538c327f67372d202bb22c664b05102fdd0efa7d35bd3fe557ba43614aeb86c8c7246a2cfff9769e50babf79a201ef27364cb7c2af5d5aaa3
t-v0-bit-21-2	INVALID
t-v0-bit-21-3	1c5672d919cc0a800970cd7e05cb36ed27ed354c33519948e5a9eaf89aee12b7c4743a22340131a2323174bfc397a6585cbe0cc521bfad09f34b11dd4bcf5936c22ad60fc91f7d49c95490d82db89b9f24bedd093b100926d40a69927aed65ff31bd380d128242b9d71ba770d3c20ae695ad3a475b0b5dd2dc03978c7d1fb300986ae7fbc8c5f1e30aabe71bd56809413726666f512a20bb27515fa2436c25b67546882533ab6533a8dc46c4c8562b55
t-v0-bit-21-4	1c5672d919cc0a800970cd7e05cb36ed27ed354c33519948e5a9eaf89aee12b7c4743a22340131a2323174bfc397a6585cbe0cc521bfad09f34b11dd4bcf593612f2cef4dbc4cb0f986c296a44f36096307c8eb92fc98b87cae2f0c2607870a1da0c9f5dab9f61d3e43efc84b94d88a73cf41c9cf5dbfcf028c86e592f343b040f5b401f754bb6d976b7d014f706f296fd8703c87e12954d38e3dd0b3ba7b05914fcffcf464e5435ebda29e73fd92412
t-v0-bit-21-5	INVALID
t-v0-bit-21-6	INVALID
t-v0-bit-21-7	INVALID
t-v0-bit-22-0	INVALID
t-v0-bit-22-1	1c5672d919cc0a800970cd7e05cb36ed27ed354c33519948e5a9eaf89aee12b7c4743a22340131a2323174bfc397a6585cbe0cc521bfad09f34b11dd4bcf59369b667c7182b0aa00e0e8bee4c4737e44112a7099331459bc203214f1474bec25b5e3d7cb40c36154da2012c003bd54baf15dfe59e02b58a3202a8c3eea224c041173ac56db2ac7d965a8e4cf8503b86f874764ae836ce841a2119a99687db7f76e6470e7688a4f33a1d11dbb8808f28e
t-v0-bit-22-2	1c5672d919cc0a800970cd7e05cb36ed27ed354c33519948e5a9eaf89aee12b7c4743a22340131a2323174bfc397a6585cbe0cc521bfad09f34b11dd4bcf593637261e9f790bfd0c58a2e0dc279b4eeb35cff302bd9dc8acbaf6cf3e50b71453bf373bdfe7f347829cb3e7385fc668d944f19db4e9386b8439258547fe9d116612d49a2eae2f428c6469ee13a3ce62fa7bd09e93947cf92fa924e07ff899ca3ccadd338fb1f7e56a1ae53288f187814b
t-v0-bit-22-3	1c5672d919cc0a800970cd7e05cb36ed27ed354c33519948e5a9eaf89aee12b7c4743a22340131a2323174bfc397a6585cbe0cc521bfad09f34b11dd4bcf593684351b7a62affa795d5f225068f8839e51920c556426dcb852c8a038fe00f0018ebb428c939770d31bfca628a0cb31d1ba24f392571e4d0db687be6009f424e3deb048edcefffbb6ea3fea8c8f60991b9ea2bb33f3c9d55643de82d1417cab814b8c6c5da9f1dc3fbe863f3f29f036d8
t-v0-bit-22-4	INVALID
t-v0-bit-22-5	1c5672d919cc0a800970cd7e05cb36ed27ed354c33519948e5a9eaf89aee12b7c4743a22340131a2323174bfc397a6585cbe0cc521bfad09f34b11dd4bcf5936721d598652f4091d64e423e8e16264261bd8cfae8579a6226a0f38ed0c57203b4d3dbbd0354e58d34c23b44a9090893ef115832c72032c79ce9bdfceec8e297a007517cab812daa16d23b2f9a0667b4cb28a965cfa0a6bbfe51c87455c7da77d687da20af701de0d5318521fd86e7f43
t-v0-bit-22-6	INVALID
t-v0-bit-22-7	1c5672d919cc0a800970cd7e05cb36ed27ed354c33519948e5a9eaf89aee12b7c4743a22340131a2323174bfc397a6585cbe0cc521bfad09f34b11dd4bcf593670f3e583ed6c53daf5ad5a834ff3223fb0bd4c6ee3b3346ab9174f9a39f772075ad4b8891dea549cd89e21f358ff4b1145d6776d8b1152bf307fa5f0dbeb62be95d95cc8d740db794eb280d2cedfb0389fcc0b1d3722d4d7a892c70c8d9c4fab7cc829a4bbd2d99eb8ed31d41fa7642f
t-v0-bit-23-0	1c5672d919cc0a800970cd7e05cb36ed27ed354c33519948e5a9eaf89aee12b7c4743a22340131a2323174bfc397a6585cbe0cc521bfad09f34b11dd4bcf59367a08e5af21deea5f989d11f0712eefdd165763326af12eece1bb50c09b1526d1e09c584f5605d42045e44713d5484e9112fd426bd609fe5a92ecb548f17d9298b3c1529c28b6db3b0f79f915e3759d895b1d9143db39b4feb6bcb5f388f2dae9150fad3b3246f969b9c401c7d8b9f6ca
t-v0-bit-23-1	INVALID
t-v0-bit-23-2	INVALID
t-v0-bit-23-3	1c5672d919cc0a800970cd7e05cb36ed27ed354c33519948e5a9eaf89aee12b7c4743a22340131a2323174bfc397a6585cbe0cc521bfad09f34b11dd4bcf5936c8b52339810513add3fdfb28d8a58ee9bdca27634297b195c223c650a2cd1a0953ced5e30a48fe708a3a1d482a4d7ab20a7c1ac1a3465d0a79c8dff8b844dd3a6212543c8dc5b8fed8f2274b512232d5559d465d83ec711b86ffa87b4e3358c389c9db4f5efa243f431eaa8dd302dad4
t-v0-bit-23-4	1c5672d919cc0a800970cd7e05cb36ed27ed354c33519948e5a9eaf89aee12b7c4743a22340131a2323174bfc397a6585cbe0cc521bfad09f34b11dd4bcf593624132150fa14c38498158ada894f17f89be7f3ca48610fa90b4a2a055ffc0e2d764c6cfe84050e9e4873938d5b6b504bcda272da3a8bf7e3465427273ac0c857300007ddf796f307a9e236a0aa16c04b24368e3822de5b6e9ce539fd79eb60460e1eae29796a5c8a9ad6fa24314cbeac
t-v0-bit-23-5	1c5672d919cc0a800970cd7e05cb36ed27ed354c33519948e5a9eaf89aee12b7c4743a22340131a2323174bfc397a6585cbe0cc521bfad09f34b11dd4bcf5936eac8a8e6b3eac81fb9a3521c6d4b494295b8a5a3e1f541a68eff4b192896ab89418be6fca39d92b3982115fcbef8cf14f659ab380db95e9672e5d427245a326d024c95f0fa213c0662f5cb3ff7543fcaf295a994fb45943dfd5233a41cbd348fb6fcc14c9bc677d817fb3d1db5711f40
t-v0-bit-23-6	INVALID
t-v0-bit-23-7	INVALID
t-v0-bit-24-0	1c5672d919cc0a800970cd7e05cb36ed27ed354c33519948e5a9eaf89aee12b7c4743a22340131a2323174bfc397a6585cbe0cc521bfad09f34b11dd4bcf5936dce41f38c9fdaaa1a3353b1ee98edfa854ad698b4ea406e6cee7b65b31b8e4e820b8c186826c4e2e89b4c433ca93812b645a5ed88469f03da4e00f892b0436b3d4479fb3d25cf2a271b99d8c9bed3bae0527525cdcb2d71af4ca929127a95039b080cf2c222842b3b1ec907b10e79420
t-v0-bit-24-1	INVALID
t-v0-bit-24-2	INVALID
t-v0-bit-24-3	INVALID
t-v0-bit-24-4	1c5672d919cc0a800970cd7e05cb36ed27ed354c33519948e5a9eaf89aee12b7c4743a22340131a2323174bfc397a6585cbe0cc521bfad09f34b11dd4bcf59363d9be6a0e796c03692199c2f2a5ae5139aa7d34ec246c3ad96f47fbe6d0b45dbc9df99256f861cba45acb5ae85fbc43122452228e3ab47caf6dfc94c0a72aa7cb2150b47960e4f58661ef8107f4e114f78aca3b7a60c37b866659d1f8e5db403a7c6cff8a88c12ab75e14061ecbba839
t-v0-bit-24-5	INVALID
t-v0-bit-24-6	1c5672d919cc0a800970cd7e05cb36ed27ed354c33519948e5a9eaf89aee12b7c4743a22340131a2323174bfc397a6585cbe0cc521bfad09f34b11dd4bcf5936052b50444bd7b44b859573baf13003c7ee33a7173202fd109bb580753cdafbd3b73d4a22a8f2c1c19e0f33959c67ab3ae60493a6c834068be98f87961838f8256f1a2e66fee6ac333d7b7c6e57ad8b54cf47689fd17c2240bdb4754d35f76ede4e8d5414d27dd47520ae2f8a654cc213
t-v0-bit-24-7	1c5672d919cc0a800970cd7e05cb36ed27ed354c33519948e5a9eaf89aee12b7c4743a22340131a2323174bfc397a6585cbe0cc521bfad09f34b11dd4bcf5936d76d0a8e5ec6ea318fea66b49126843d01a4290fac52fe8eaa71eb139967e05f544e144cb25807cba53df4a4fab4610d70f29e598e4a6536e5e43bf35c1dd9857415d08a63064fd9f57a792ec6e5271e48d4b9e3d69c9793694eb1c42938fac92f75dabc3e060f16efefcc202aa33842
t-v0-bit-25-0	INVALID
t-v0-bit-25-1	1c5672d919cc0a800970cd7e05cb36ed27ed354c33519948e5a9eaf89aee12b7c4743a22340131a2323174bfc397a6585cbe0cc521bfad09f34b11dd4bcf5936f0fde90bc4c3faa6e2f24a41949fb6ebb68bd653fb4dbec0741451a2f221323e26d3440fd261b9587d5d412a0d46230cae2684d95d92138a0a8d6fa9c425480d65b595502e4ea4b73fd864eb4a7fbf64e8911d8eab348ab5e9c8765d52b245e9b6179e29a06f551ecf1ec263d5a00b2c
t-v0-bit-25-2	1c5672d919cc0a800970cd7e05cb36ed27ed354c33519948e5a9eaf89aee12b7c4743a22340131a2323174bfc397a6585cbe0cc521bfad09f34b11dd4bcf5936be50deb7dc778270ac76d5189d15e8c7462c25f96aeaed3a0a20aa8d319018f3c2066b14b5e26a33d8b6a83f42d105a536d5ddbc48c399beaa2eef6fca72934253abd369b68c0612fef12c4762a7eaa7cc0d0642c910d82045e4fa86f0b51c7bba53b686d6fb0e4d5c36309ae28529d9
t-v0-bit-25-3	1c5672d919cc0a800970cd7e05cb36ed27ed354c33519948e5a9eaf89aee12b7c4743a22340131a2323174bfc397a6585cbe0cc521bfad09f34b11dd4bcf59369bbf5bfec41210d33ef5a04c08d2c174c22e1791c497310cba0d2427f2a775fec6884b2b073634287689edf63f849dbb01a5ab614cdcd32ab189cbf5eb5f753598fc680157700e4135bc099d6e8fe605eb6215e8c96f6e43c70dd1546c66f7de3d3263e31a5f8dca92a15e99bf51c896
t-v0-bit-25-4	1c5672d919cc0a800970cd7e05cb36ed27ed354c33519948e5a9eaf89aee12b7c4743a22340131a2323174bfc397a6585cbe0cc521bfad09f34b11dd4bcf59368ff4a85b218c5d879591780d3ebb7de5a1558864e921438531fd02f989b2d3ebb056556f9a9f90de148137c3fe57507906671c4bbedfb250d28e1ad472e5d7052d38e5385e31d492014e2fc9b464915137d7923c15a78e4a3c6de5e1f8fd0a27f358e4356f1670a9f124707e2835ac88
t-v0-bit-25-5	INVALID
t-v0-bit-25-6	INVALID
t-v0-bit-25-7	INVALID
t-v0-bit-26-0	INVALID
t-v0-bit-26-1	1c5672d919cc0a800970cd7e05cb36ed27ed354c33519948e5a9eaf89aee12b7c4743a22340131a2323174bfc397a6585cbe0cc521bfad09f34b11dd4bcf5936084715327346208f3ee3fd377a79e85f67888d8dcbff1ae90d2a09993f5dc992ff96d4c88792232a46aea7703f87b263be88e8752e12627747701e4b7ffad15c888c0746d534468bb322e1ed5f55d976e1ab5a389d1596d291c1a54105220b245e1c9dd7000ca1cb333a1fc79f3ea5d9
t-v0-bit-26-2	INVALID
t-v0-bit-26-3	1c5672d919cc0a800970cd7e05cb36ed27ed354c33519948e5a9eaf89aee12b7c4743a22340131a2323174bfc397a6585cbe0cc521bfad09f34b11dd4bcf5936d5f3e8fce1b0f68356e5501d9ed7a0c0ff484e3493b0dfd94a54d7f3d28604fccc023c60701eaa61e95f2ab78436de3f64d0a2629766a21f84842711db444398e7b53ed5292992ff64598a440ee6b53b4fbeaab674e1891abd38ce7d8a94a598e1d893eecd347f3ca0be7e2c929cad9f
t-v0-bit-26-4	1c5672d919cc0a800970cd7e05cb36ed27ed354c33519948e5a9eaf89aee12b7c4743a22340131a2323174bfc397a6585cbe0cc521bfad09f34b11dd4bcf5936330e25f509e0c74c45e853c162e7162305ad2a804ad1164aba3c8d8347e049a7029cc3ae15538bf0e5df46729e1fba93e88bd82f5a6aaccf51f5386b51bafde708004263e0403f8285bf96d90b336a97b91643e23fcc3bcab5f583c277dd34c9b8d1eebe25a093b32238246a7e931a70
t-v0-bit-26-5	1c5672d919cc0a800970cd7e05cb36ed27ed354c33519948e5a9eaf89aee12b7c4743a22340131a2323174bfc397a6585cbe0cc521bfad09f34b11dd4bcf5936836f23214f60c45a1a12056e9eebd941ce88a5e82f3a2bcb93b106db7c776b14f1da310ae2709ac4d9f4038ec247650e50547c5f2ef76144f0790033c7d70d74a56180bb800c3789e748e0573c025b689dfa1110df23609e4ee089f16e709d262d8c34dba518fc7872544fa590339182
t-v0-bit-26-6	1c5672d919cc0a800970cd7e05cb36ed27ed354c33519948e5a9eaf89aee12b7c4743a22340131a2323174bfc397a6585cbe0cc521bfad09f34b11dd4bcf593694859651d5db6272bb5b53a426cb237893f78842f655a814517df9416aa76c6e71366aecf39bb9b525f6ead95f8c8116f3697dc5da47052f28a9953af1248b740b0de3d711b2e62e29d26ecc61fdf22e55e795d80e22b41ed442f0516ec25042a006e7adc9b119228425be21930532c5
t-v0-bit-26-7	1c5672d919cc0a800970cd7e05cb36ed27ed354c33519948e5a9eaf89aee12b7c4743a22340131a2323174bfc397a6585cbe0cc521bfad09f34b11dd4bcf5936455bb212824d4687c45a3d4cfb5cc3a780b5fd03eea465860042f13a77532f5690fec6a9912145a4de385b7f2252371a53d53eba316f0a02490b4467334f8fb4fe024377fc55d3d5040f279a022f330c7814e2645e9b69d2e374bf573dfb8d9d8d0ec943e93c6a95137ed03bfbb72816
t-v0-bit-27-0	INVALID
t-v0-bit-27-1	INVALID
t-v0-bit-27-2	INVALID
t-v0-bit-27-3	1c5672d919cc0a800970cd7e05cb36ed27ed354c33519948e5a9eaf89aee12b7c4743a22340131a2323174bfc397a6585cbe0cc521bfad09f34b11dd4bcf5936b73b8b0bc5803dd5274877d08ef99bdcda78686ede490bf1d7ab384e25b1e1660ba4b45bcb40645c95072a4e9ee02f58a8d3d372beb04b6f06271d9d448aaddf4ac304259a533787cb25031e0c4c6224865688f6a0ec969aa9fb7a24d6c509080a41c4960160c19ec74101beefe65842
t-v0-bit-27-4	INVALID
t-v0-bit-27-5	1c5672d919cc0a800970cd7e05cb36ed27ed354c33519948e5a9eaf89aee12b7c4743a22340131a2323174bfc397a6585cbe0cc521bfad09f34b11dd4bcf5936744f78b5eae54167e2bbc0deb5a5b0e231a3e25f3ea74d508916a2c8a185470fa885259bbfae847fa61ceaa03587ee23e247c94edf1e148e56bd3e7e205ff806def2f40d4f0240cdd24f6468c728dab5b6a2c5368e8da392a391de983af5b1503039c2f95422fb1da5c7a56b3b80b6dc
t-v0-bit-27-6	1c5672d919cc0a800970cd7e05cb36ed27ed354c33519948e5a9eaf89aee12b7c4743a22340131a2323174bfc397a6585cbe0cc521bfad09f34b11dd4bcf5936fe6d99dab1933e75808c6163a40a56161848cd2b29856059ca5cbff8b4c35834b0c71d37548ac83e0efb705b530309166d58ed6ceb8dc5b37006d7a6f772a93c9b8cbf0aa433a4da583592b52542fb62cc859c50aa54d30206033b66c24b6f1f364d6401c1b8a4897a84518e815a8e02
t-v0-bit-27-7	INVALID
t-v0-bit-28-0	INVALID
t-v0-bit-28-1	1c5672d919cc0a800970cd7e05cb36ed27ed354c33519948e5a9eaf89aee12b7c4743a22340131a2323174bfc397a6585cbe0cc521bfad09f34b11dd4bcf593667e42257ad14ea62016e3e753ba237e4ffed6de6409911ba1b12342c25450426721b7f0db2a956c0d1a8dcd4839335f07cd7a3221cf5fd4c7b51cc39acf736e2eff8a3fc7f7114a9756019dfab8a284e3d3ade94e59dec2cd8ed123df1afc3687d9a65669fbaa49e5ef046899a971a55
t-v0-bit-28-2	1c5672d919cc0a800970cd7e05cb36ed27ed354c33519948e5a9eaf89aee12b7c4743a22340131a2323174bfc397a6585cbe0cc521bfad09f34b11dd4bcf593600c09ee016f8cb34e5e0e5e0ceee7bafd284e4d11b4788b32e684b0dd9657f9da39e853a57aa2f4a62c98a9360bff1f3c681d167616ca268bd0f51d90b75bb9ebafe63e7fb6ab6c65ef29d4635bfa48e87d3da2db240957296c1928f0d52cbcde90c6ce891c247235de86944693f9d09
t-v0-bit-28-3	1c5672d919cc0a800970cd7e05cb36ed27ed354c33519948e5a9eaf89aee12b7c4743a22340131a2323174bfc397a6585cbe0cc521bfad09f34b11dd4bcf593699839920f987ff73357acde5d023e7c7ddcd2dc903e263f6585c1672c63056c10c04d7986f05ae0c47426af87c988c222b7a3f7188e15e9679b12c25eaccb6b66e5f2347d493c73c44ac6c4451175fdb34214d40bafcc7564466b1dc15e80144c36a32219550ccde1fbc599a6b735ad9
t-v0-bit-28-4	1c5672d919cc0a800970cd7e05cb36ed27ed354c33519948e5a9eaf89aee12b7c4743a22340131a2323174bfc397a6585cbe0cc521bfad09f34b11dd4bcf5936baac0fe3b4c40cae09e89e179e61c4729887d921f066ca18a220e53882fdd4fae2a5a4c54c9aaa5e715b9835226750107b9081143ea0526c1b03a8919459e129551889c87643e8c41b20f3fb74fa447ef7a3a6bad9555f6a6341f4480a9bc7cc6ea204e864bbf5208281431bea647b6f
t-v0-bit-28-5	1c5672d919cc0a800970cd7e05cb36ed27ed354c33519948e5a9eaf89aee12b7c4743a22340131a2323174bfc397a6585cbe0cc521bfad09f34b11dd4bcf59365fe331f3c2fca25b278b1e510b866f7e07b215bb2bb5e0ee0daccdce4ea965df4c56487e5b563f0c34e2c93d7f5a37a56d5294fbab94447628acfc36eccc8b83178c237dde592ddd2c0a208152075e555f653fd0b2c14497790fd8ba3e5aefbdfc39418bf88d5a4bd4431664bfc26a2a
t-v0-bit-28-6	1c5672d919cc0a800970cd7e05cb36ed27ed354c33519948e5a9eaf89aee12b7c4743a22340131a2323174bfc397a6585cbe0cc521bfad09f34b11dd4bcf5936e32c10d6590bef9436b1e67148a39fabf3d364bdd31a3d14e863aa11755d14147237ea28cc48ff2904856042038c249e39fade632e2e4dd680cba73cfac12d3f213aad718bde11582c830e780930ca7f6011df0e02634320ab124a2fab05ecf7f0570b873d70301154d9bc753149f947
t-v0-bit-28-7	INVALID
t-v0-bit-29-0	1c5672d919cc0a800970cd7e05cb36ed27ed354c33519948e5a9eaf89aee12b7c4743a22340131a2323174bfc397a6585cbe0cc521bfad09f34b11dd4bcf59360c19b4a75f49505d014d096e56e296a53d94e6d5d995c708bdb22ae22ec9cdbdc7b1feb7761971d3c4ce141717819d1ec8b458b2fdbcb611289197827e6120448062d04beb8f9c844086a6681d83fbbe568bcc8770e622084553d543716cd8c0c064caba2a42dcd284599a2b1b9fdfd2
t-v0-bit-29-1	INVALID
t-v0-bit-29-2	INVALID
t-v0-bit-29-3	INVALID
t-v0-bit-29-4	1c5672d919cc0a800970cd7e05cb36ed27ed354c33519948e5a9eaf89aee12b7c4743a22340131a2323174bfc397a6585cbe0cc521bfad09f34b11dd4bcf59366b199e1dd9fa4d3363b8767ef8a012c437dfaa85424c0afaa92f8cb6aebd5aeebad723c42cdf260b9efa6bee040e1fe8ff34037b8f555bb455888ba64c6bab59f5a9fe5c8d3ad1690809ad83920e71aecd5a072acc9b305b9e72dbf3ae82da6b9c95c0055e22140445ed7f7af4bd14d8
t-v0-bit-29-5	1c5672d919cc0a800970cd7e05cb36ed27ed354c33519948e5a9eaf89aee12b7c4743a22340131a2323174bfc397a6585cbe0cc521bfad09f34b11dd4bcf5936b9ad2d8001fd0256ab0383d308bad9059767a60f19185a52644fd262b2e3f6804f2d135f7611a31dec6e04f553a8835548191b35f6d66807d1dca3713ec051f6a32ac530bed595db4b5a9495f3ae00d1ffd69b6ff14f6df3047e0d299511552a91aab4a9b264350dc51d6ac557d3eb1c
t-v0-bit-29-6	INVALID
t-v0-bit-29-7	INVALID
t-v0-bit-30-0	1c5672d919cc0a800970cd7e05cb36ed27ed354c33519948e5a9eaf89aee12b7c4743a22340131a2323174bfc397a6585cbe0cc521bfad09f34b11dd4bcf5936e79b882403de9254a091af7da1166fd33f449558481e878662cfef05d003694e41c18b83798566e4d27fcff7e206ad175133c9616943a7dca776e997a2f6c7f308e24213c63e67acf76ea4af90e541d9553f2f83978940908b4cd4997bd1f9953a13306698357321fb19193cb290b5fc
t-v0-bit-30-1	1c5672d919cc0a800970cd7e05cb36ed27ed354c33519948e5a9eaf89aee12b7c4743a22340131a2323174bfc397a6585cbe0cc521bfad09f34b11dd4bcf5936bd00f33b3b3b327889bb193e0f4e15d8a4f93ca0ce77ea288a05b0396e4a079d9ec7d4ddf0ac8f247e39e9b1e2b76c0d7be6d63fd8be0944b70227260520e3f458505cba5975aca5349133dfa3db4d541d2c381af47a52c0ef7324f3193a2e126c49b8fab734c5747a8737ee1f49eb87
t-v0-bit-30-2	1c5672d919cc0a800970cd7e05cb36ed27ed354c33519948e5a9eaf89aee12b7c4743a22340131a2323174bfc397a6585cbe0cc521bfad09f34b11dd4bcf593651a90f86f1b898840cc4eaf79820d3f61a4ee082994441bf1a6cdcfa5e307996f70891eb7260e04e7c21a9a5e5c665e55af11f0603579a14e48e1b39e228600090576fc26f2d014fb6e0eea34ace50b4d96af741602e9e7a9447cf02a17869e726013ba2c027f2116a34de65e2e88cda
t-v0-bit-30-3	INVALID
t-v0-bit-30-4	1c5672d919cc0a800970cd7e05cb36ed27ed354c33519948e5a9eaf89aee12b7c4743a22340131a2323174bfc397a6585cbe0cc521bfad09f34b11dd4bcf5936002bc9375c4e794813b131afef7c7a106b02f49d8525d0db644813bad260b174779343c5323c74d0801335996938eedf795387557ba554be49e965253b9a3592f0e25f6b826b4e2701e9a53c551270b607bbccfb562fa3d52578419b06de951eda1143508f8efc501e3635f55896cd5a
t-v0-bit-30-5	INVALID
t-v0-bit-30-6	INVALID
t-v0-bit-30-7	1c5672d919cc0a800970cd7e05cb36ed27ed354c33519948e5a9eaf89aee12b7c4743a22340131a2323174bfc397a6585cbe0cc521bfad09f34b11dd4bcf5936b64027b6fe53599217f93379eb6df8b710c06591ac34d46e8cf249f5329cdcb4e265c9ccfc3ddc5322f7d06210a0d14dc95f1f5c9813c51a15b1031231f42afb49fe54006cdb8983cbe5ef68220de77d8137491c4d0c3e4ff6d2cceb6aa782fab44cd20cc6667799220aebfa83faa0a6
t-v0-bit-31-0	INVALID
t-v0-bit-31-1	1c5672d919cc0a800970cd7e05cb36ed27ed354c33519948e5a9eaf89aee12b7c4743a22340131a2323174bfc397a6585cbe0cc521bfad09f34b11dd4bcf5936663ea8a0ce537a2ae5e7f97e6b3b38fa5f35877a862e3de64dc9f5145755ff1a9e38f0768ff923a0ddeda007431e4c89ba64dec1c5265c92b4626d34d328576f23f21582334edf784dff0c9cc28a85e10616274b5f8ff8f1d350c690b137c3464935b62081c09c0df11bc2e6ee60983e
t-v0-bit-31-2	INVALID
t-v0-bit-31-3	INVALID
t-v0-bit-31-4	INVALID
t-v0-bit-31-5	INVALID
t-v0-bit-31-6	INVALID
t-v0-bit-31-7	1c5672d919cc0a800970cd7e05cb36ed27ed354c33519948e5a9eaf89aee12b7c4743a22340131a2323174bfc397a6585cbe0cc521bfad09f34b11dd4bcf59361eecf45647c0937e21b7e5875bc9fb0e7fa5e8a5f0498333eda99793f67c7c64fffea80a3dddef8213bf79ec6b0152a5cf1376a61675e905658de12ec4f7377bfd04cd12cefc300ea905468de6ea6f41ea4bb2d1258498e471754051230ebf1340b031b8ee874bc724313c83beda76af
t-v0-bit-32-0	1c5672d919cc0a800970cd7e05cb36ed27ed354c33519948e5a9eaf89aee12b79c10bc0774b4f5d11945a6d3c53c7d1e4c962574ecf06e40f679f36814b0edfce967454f3d6057fe4f3bd4be116bda9f4a9db4167d2bb4ea5f74debc38b00ad92bc36275e350912fa7ed3d3c5ac9e6545b49b554d05c0cd5a5325376b3387de59d924fd1e13ded44648ab33c21349a603f25b84ec5ed887995b33da5e3bfcb87cd2f64521c4c62cf825cffabbe5d31cc
t-v0-bit-32-1	1c5672d919cc0a800970cd7e05cb36ed27ed354c33519948e5a9eaf89aee12b7c443f9cb2d5af8d27e4ee0cfa3faa9004170007235bf9bb82ee7f2d33bc7589bbeefcb49c0e5dc6d6eb95370d7dba317c0035301a452ce0e6259bf6768dfb0f4976fdec7905adb1fdcec09dc1ec2431c5b49b554d05c0cd5a5325376b3387de59d924fd1e13ded44648ab33c21349a603f25b84ec5ed887995b33da5e3bfcb87cd2f64521c4c62cf825cffabbe5d31cc
t-v0-bit-32-2	1c5672d919cc0a800970cd7e05cb36ed27ed354c33519948e5a9eaf89aee12b7a708c6ddd747535ff31bd50c98ba85078c97cf60348caffaf1d7f5b195dc91998d46bc43cb32ccb4e038c0337cb3490e59a6db643451d468829411184746e5347d8cf9f6fe581e54eec91782c07ef29f5b49b554d05c0cd5a5325376b3387de59d924fd1e13ded44648ab33c21349a603f25b84ec5ed887995b33da5e3bfcb87cd2f64521c4c62cf825cffabbe5d31cc
t-v0-bit-32-3	1c5672d919cc0a800970cd7e05cb36ed27ed354c33519948e5a9eaf89aee12b7c5856366a3179b495f937c97c155d72be6e4c4f1303cf09185d52bbb71c7909bbed5ec52129d76dad185cd54a8cfa3bfe43e3b0bb8d589ccd0d80e790aff315ae325c7f0f1cd39d5dbb6cce5b5b7d9535b49b554d05c0cd5a5325376b3387de59d924fd1e13ded44648ab33c21349a603f25b84ec5ed887995b33da5e3bfcb87cd2f64521c4c62cf825cffabbe5d31cc
t-v0-bit-32-4	1c5672d919cc0a800970cd7e05cb36ed27ed354c33519948e5a9eaf89aee12b713f3e0c3f21dba04f5da686eb7f70d5755f0902b5b66ee573fd1297c66ea42dd4182a775447bab25cdb64194cef6a4a775491ec853b1315924532af23fc9a4377e88bf6ec4a500abdeaaacb8b5211be45b49b554d05c0cd5a5325376b3387de59d924fd1e13ded44648ab33c21349a603f25b84ec5ed887995b33da5e3bfcb87cd2f64521c4c62cf825cffabbe5d31cc
t-v0-bit-32-5	1c5672d919cc0a800970cd7e05cb36ed27ed354c33519948e5a9eaf89aee12b7b3e3150ac869f5d0354454fe570fcb00150f512271ba3fa95a62ffecb48c26168356f4e6b424803f43f1ce191bb031bf0dda5e879eb00d5eed6a7cfb3dbbdc8880486a13c5c7d9b18c6dc11da7e383635b49b554d05c0cd5a5325376b3387de59d924fd1e13ded44648ab33c21349a603f25b84ec5ed887995b33da5e3bfcb87cd2f64521c4c62cf825cffabbe5d31cc
t-v0-bit-32-6	1c5672d919cc0a800970cd7e05cb36ed27ed354c33519948e5a9eaf89aee12b7246165a6b7bd3f3e6b53772db0a9ac46e593a1308201ba8b277d44fa5731568f6da6eec4c0a7d45390c1cd51a1e4256a249a5c1d91c88e1706999aefc2c4ad3978bf80aac568b31f78bd2ff5dde0773f5b49b554d05c0cd5a5325376b3387de59d924fd1e13ded44648ab33c21349a603f25b84ec5ed887995b33da5e3bfcb87cd2f64521c4c62cf825cffabbe5d31cc
t-v0-bit-32-7	1c5672d919cc0a800970cd7e05cb36ed27ed354c33519948e5a9eaf89aee12b7d05d7bdd186c26a7394057af150313237d3cb35731f978267133c2a3d01e33d3f35e1968bb14e78c28f06ddf341f7f8c2c4e783c8712543305ba0ef60a9831b74e30a7537af3fdd7dc59047a0dfa24ce5b49b554d05c0cd5a5325376b3387de59d924fd1e13ded44648ab33c21349a603f25b84ec5ed887995b33da5e3bfcb87cd2f64521c4c62cf825cffabbe5d31cc
t-v0-bit-33-0	1c5672d919cc0a800970cd7e05cb36ed27ed354c33519948e5a9eaf89aee12b7dc82368b0471a1b6aa96af298b5ef11e0d8c793b978bbf02ba3af068deefc815c2475f45cbbbddc0572494398f4ff80b20a0cb2542a3499ffc234e38446d514cdeb32ba6afe8d19692424cb9e53596055b49b554d05c0cd5a5325376b3387de59d924fd1e13ded44648ab33c21349a603f25b84ec5ed887995b33da5e3bfcb87cd2f64521c4c62cf825cffabbe5d31cc
t-v0-bit-33-1	1c5672d919cc0a800970cd7e05cb36ed27ed354c33519948e5a9eaf89aee12b75bbc1653ed8b87cdce8eca9cf72de50365bd0e0d198156632b5748d5e6b9230950a77e9aee4a13a8ef842bbc2cb2ca3e77879cbbb7a049587455896f93a5d24eb5e14a93d23674250d360088cd0ab6905b49b554d05c0cd5a5325376b3387de59d924fd1e13ded44648ab33c21349a603f25b84ec5ed887995b33da5e3bfcb87cd2f64521c4c62cf825cffabbe5d31cc
t-v0-bit-33-2	1c5672d919cc0a800970cd7e05cb36ed27ed354c33519948e5a9eaf89aee12b70887a4addc30ca957f6f85a4b591afdc6fc4f758e3201c2916ef9791c98c91e8ce3663b48c08cd4732bb72a6d212ec05b75e0714f22cd03ab6c93b16be8af067b67c0f63c38e9dd3ae0a851b5ebc60965b49b554d05c0cd5a5325376b3387de59d924fd1e13ded44648ab33c21349a603f25b84ec5ed887995b33da5e3bfcb87cd2f64521c4c62cf825cffabbe5d31cc
t-v0-bit-33-3	1c5672d919cc0a800970cd7e05cb36ed27ed354c33519948e5a9eaf89aee12b7c856f9639f326f3ab11bdd97b78698a468d385888bc474f1bd566e8ba28ade7a5105e1e3f6e53633c8107b9d52c841527822eeda2ee0e10d247ddbc6f5de988c142d4a041a94bdf212a7083184a10ba05b49b554d05c0cd5a5325376b3387de59d924fd1e13ded44648ab33c21349a603f25b84ec5ed887995b33da5e3bfcb87cd2f64521c4c62cf825cffabbe5d31cc
t-v0-bit-33-4	1c5672d919cc0a800970cd7e05cb36ed27ed354c33519948e5a9eaf89aee12b7b6ce73e6c57984c60cf4f8497b4bcbc7bc9b1d7e0e36c83d5999020c71c8f24862dc50b310dfe1fd7c6ddca438a0c6d9bcfdf07aa0a92e6aa190e6426cc9d8e55ffcbb70a59e653c239e46ad74e235115b49b554d05c0cd5a5325376b3387de59d924fd1e13ded44648ab33c21349a603f25b84ec5ed887995b33da5e3bfcb87cd2f64521c4c62cf825cffabbe5d31cc
t-v0-bit-33-5	1c5672d919cc0a800970cd7e05cb36ed27ed354c33519948e5a9eaf89aee12b7054441589ea697a23ed9706ad2a1dea8640f9ccbf57c6927762fcdc58457712034d764ea8b8bd8d10d5cc4ec06dd96d8ba61386ef69ea41986a7dc34943a2871daa62b32cc882711be097ae2915c84605b49b554d05c0cd5a5325376b3387de59d924fd1e13ded44648ab33c21349a603f25b84ec5ed887995b33da5e3bfcb87cd2f64521c4c62cf825cffabbe5d31cc
t-v0-bit-33-6	1c5672d919cc0a800970cd7e05cb36ed27ed354c33519948e5a9eaf89aee12b722dac3882ff4e65d3009b922880b41ff5b9d86b8f7108303fa41918576f57d85fded2065dc5b8d20844c0b878bf3707c86a118d7c94657683af2a60a96dab388831da2b39eef7298daac3e25c63d77585b49b554d05c0cd5a5325376b3387de59d924fd1e13ded44648ab33c21349a603f25b84ec5ed887995b33da5e3bfcb87cd2f64521c4c62cf825cffabbe5d31cc
t-v0-bit-33-7	1c5672d919cc0a800970cd7e05cb36ed27ed354c33519948e5a9eaf89aee12b70b9381709fd7fc420d96b2b9d056d9204e9bd49c6fba5e60838ddfbee6b07b1a5a3bb85f0f8891db05fbbb847827c78439b58ec9518cf218b9a4f1dbe9948a581089e15caac2e18538eb80c90aa3815f5b49b554d05c0cd5a5325376b3387de59d924fd1e13ded44648ab33c21349a603f25b84ec5ed887995b33da5e3bfcb87cd2f64521c4c62cf825cffabbe5d31cc
t-v0-bit-34-0	1c5672d919cc0a800970cd7e05cb36ed27ed354c33519948e5a9eaf89aee12b72cec16fdb42f55fea3bf2cdf17426aed9aee0362adaccc8943dd20ddaadc45da7060b183d5259ffdd66a2b0833f1611e54ff70c592cfc361575a4be18ac79946484a4d1fb38791ec75d4d89cc5ec2ad85b49b554d05c0cd5a5325376b3387de59d924fd1e13ded44648ab33c21349a603f25b84ec5ed887995b33da5e3bfcb87cd2f64521c4c62cf825cffabbe5d31cc
t-v0-bit-34-1	1c5672d919cc0a800970cd7e05cb36ed27ed354c33519948e5a9eaf89aee12b7aced30d91b47234f50d6375faadf34bf4797c49e9329c73e4e12d621401123ce76d2ca062b4093d74d45e5817d7328ce43a50d3820e5eb9c41dd12a9bc8f10bd30b7f0aca77fbd0979bec032ffbbb0925b49b554d05c0cd5a5325376b3387de59d924fd1e13ded44648ab33c21349a603f25b84ec5ed887995b33da5e3bfcb87cd2f64521c4c62cf825cffabbe5d31cc
t-v0-bit-34-2	1c5672d919cc0a800970cd7e05cb36ed27ed354c33519948e5a9eaf89aee12b7c710bce7217e13d98ef26f9314788b608a5df4a98bd8d7d3c4c1c7b9c1fc7d7519e60eea845b14dee878172260ebae1982bddeca47abd834930a5877f02953fe2e5ae6c07d1021d8a18a1cfa4f3307335b49b554d05c0cd5a5325376b3387de59d924fd1e13ded44648ab33c21349a603f25b84ec5ed887995b33da5e3bfcb87cd2f64521c4c62cf825cffabbe5d31cc
t-v0-bit-34-3	1c5672d919cc0a800970cd7e05cb36ed27ed354c33519948e5a9eaf89aee12b7976fa0056aef2a00b69895c7272dfa07ba09ea53e844df3ae7c3091c0654f9da254e00a86509f077d7c5c3e8cbc2261024f4699d34053f54bb14d760f161855bbdfe6ef794634c48d0c38a8c59e751455b49b554d05c0cd5a5325376b3387de59d924fd1e13ded44648ab33c21349a603f25b84ec5ed887995b33da5e3bfcb87cd2f64521c4c62cf825cffabbe5d31cc
t-v0-bit-34-4	1c5672d919cc0a800970cd7e05cb36ed27ed354c33519948e5a9eaf89aee12b7b748635a2ee2b634d45df2e7fddff68f5933bee306f86d3e9c45afd2a31b3d528c981be9675a71cf4a97ebed6acf5108ac6da42defcb9e39f13030b62846e46055dd96d3f23c9f3690d5b97ecf6a6c315b49b554d05c0cd5a5325376b3387de59d924fd1e13ded44648ab33c21349a603f25b84ec5ed887995b33da5e3bfcb87cd2f64521c4c62cf825cffabbe5d31cc
t-v0-bit-34-5	1c5672d919cc0a800970cd7e05cb36ed27ed354c33519948e5a9eaf89aee12b783b310c9df71b8737d7f9eab77ac0e50e5e35eb263314e1b72ae8b6e9013ab331ab81b081c4b622060e296d6fbeefeaeb31e8afe1752b2dbdb02d877feacb72ccec7f4cff51aa1601fa9a7b61a3540e95b49b554d05c0cd5a5325376b3387de59d924fd1e13ded44648ab33c21349a603f25b84ec5ed887995b33da5e3bfcb87cd2f64521c4c62cf825cffabbe5d31cc
t-v0-bit-34-6	1c5672d919cc0a800970cd7e05cb36ed27ed354c33519948e5a9eaf89aee12b7167fa8bdddb4a109457cce7a1f35fe0b24c9f097e9cc0a56e682dad78a569a85035c8adcbb5b8ffe79025b2a5a7471e1f874901e5667587f47799e26297881cacc98df88d6a580f45078c9d1f249ee195b49b554d05c0cd5a5325376b3387de59d924fd1e13ded44648ab33c21349a603f25b84ec5ed887995b33da5e3bfcb87cd2f64521c4c62cf825cffabbe5d31cc
t-v0-bit-34-7	1c5672d919cc0a800970cd7e05cb36ed27ed354c33519948e5a9eaf89aee12b7fa885b5a9c9506400501efbfe570d8afd8035a6af77e415513c9b370a1ba3d66adb5e3f14f2928efe588533f88ee866126dc68d179cd8ef74851f14f3e7cc78c0e4f523a7f989b4af299ca36741b15375b49b554d05c0cd5a5325376b3387de59d924fd1e13ded44648ab33c21349a603f25b84ec5ed887995b33da5e3bfcb87cd2f64521c4c62cf825cffabbe5d31cc
t-v0-bit-35-0	1c5672d919cc0a800970cd7e05cb36ed27ed354c33519948e5a9eaf89aee12b7c4531dbc52a87116bdbe4f2e17849ea984df847f1fe6cdadc2c321dca964a6c506d774d53e018ac37a5785696065dab9081089d62a9dc98387cb8682aa554385e46bcbd1aa1dc6bbe5dc712281be2de75b49b554d05c0cd5a5325376b3387de59d924fd1e13ded44648ab33c21349a603f25b84ec5ed887995b33da5e3bfcb87cd2f64521c4c62cf825cffabbe5d31cc
t-v0-bit-35-1	1c5672d919cc0a800970cd7e05cb36ed27ed354c33519948e5a9eaf89aee12b7dd5f8141bef2f5c2a48c42249e6e016b13bef6f6490fb9ae3266f3bb2106e59ca570770a92a469ab027e2ba6c15c5ce2844fa3e2a37a64cab5b60f32de4c6b63a8439997fd36bf28e325ed10b8ce34875b49b554d05c0cd5a5325376b3387de59d924fd1e13ded44648ab33c21349a603f25b84ec5ed887995b33da5e3bfcb87cd2f64521c4c62cf825cffabbe5d31cc
t-v0-bit-35-2	1c5672d919cc0a800970cd7e05cb36ed27ed354c33519948e5a9eaf89aee12b78645730469f83849b3639e807a7b9408e8ffb27718402db1333119af7c9c085f2d1bf63013a132df546d4539232e361b501c7be0dec3ca4eb779e351a777bbd2f2868c1458e274cd7a17b12f4ef377f95b49b554d05c0cd5a5325376b3387de59d924fd1e13ded44648ab33c21349a603f25b84ec5ed887995b33da5e3bfcb87cd2f64521c4c62cf825cffabbe5d31cc
t-v0-bit-35-3	1c5672d919cc0a800970cd7e05cb36ed27ed354c33519948e5a9eaf89aee12b7c6acaacb05a94a9d1b63111b4967ec302ab672cf0ae0f461416d8b860af7975f34201e6d2d3e9873689fa479ffffcb99c13fb508c6a6215c1cd1e788b5dd30606a6da62e0e2555850c99f52a968a402f5b49b554d05c0cd5a5325376b3387de59d924fd1e13ded44648ab33c21349a603f25b84ec5ed887995b33da5e3bfcb87cd2f64521c4c62cf825cffabbe5d31cc
t-v0-bit-35-4	1c5672d919cc0a800970cd7e05cb36ed27ed354c33519948e5a9eaf89aee12b788bdc93f5d9dece06e04f2ca35eed324e4aa407c3bc4224ac2812d85e150df730a0a5ed95b4cf7578da3d6522d785bb658a2e050f771ac9d4abd762707e3fbfb465c7e59b10691d87b9fb55287b299295b49b554d05c0cd5a5325376b3387de59d924fd1e13ded44648ab33c21349a603f25b84ec5ed887995b33da5e3bfcb87cd2f64521c4c62cf825cffabbe5d31cc
t-v0-bit-35-5	1c5672d919cc0a800970cd7e05cb36ed27ed354c33519948e5a9eaf89aee12b79472720980d7f33baf91bb23d624abb1315cc1ce9847f7ee8f852bce54985b806821ca033c7d6ddc4285bc6a0cdd041b499d5454619c8da87bf402e06e1f88ecbe1490fc91999a6895bf7ac75ccd10515b49b554d05c0cd5a5325376b3387de59d924fd1e13ded44648ab33c21349a603f25b84ec5ed887995b33da5e3bfcb87cd2f64521c4c62cf825cffabbe5d31cc
t-v0-bit-35-6	1c5672d919cc0a800970cd7e05cb36ed27ed354c33519948e5a9eaf89aee12b7b3d4d9445e312fba0c67d6c72385e15b7e9cf8c2c80a348b064c985921a263d1310b0675ebdf9b114150f74eaf63dc45e077da8d3029c884fde8295107120457aa5dcd0ce54c18f82ba3226063e9420c5b49b554d05c0cd5a5325376b3387de59d924fd1e13ded44648ab33c21349a603f25b84ec5ed887995b33da5e3bfcb87cd2f64521c4c62cf825cffabbe5d31cc
t-v0-bit-35-7	1c5672d919cc0a800970cd7e05cb36ed27ed354c33519948e5a9eaf89aee12b7c3c4b6ec37d9bc96af122b887d7cb69e9316a7049f0253267f05c0f55207c0fad93894e520c6c5427ca3d9db9a3a46df8b875eb86cb4c74d0cf48fd3ca9b58ead3ec78b1834ec74f2ffd72c18e7a88e85b49b554d05c0cd5a5325376b3387de59d924fd1e13ded44648ab33c21349a603f25b84ec5ed887995b33da5e3bfcb87cd2f64521c4c62cf825cffabbe5d31cc
t-v0-bit-36-0	1c5672d919cc0a800970cd7e05cb36ed27ed354c33519948e5a9eaf89aee12b70b66d07d0df45faf8d836a7ce65e9209ef7fa8f5102d87a03b666969c98440566cd28276ffa85a338acf89caef027b9c4f1cc008bcaa1baee0454bfed785c6aee697412aeef5c9916f2604f01c7c523c5b49b554d05c0cd5a5325376b3387de59d924fd1e13ded44648ab33c21349a603f25b84ec5ed887995b33da5e3bfcb87cd2f64521c4c62cf825cffabbe5d31cc
t-v0-bit-36-1	1c5672d919cc0a800970cd7e05cb36ed27ed354c33519948e5a9eaf89aee12b7ef03d2412f087b5aec3e2f0431f482275a14098f9fef54b51746170014902e67316a28041de69cd01eddb5256530aa2a048dd75b93734aa2f995537d80e5c707f2e3e5be2bac2b3885347684febbd9105b49b554d05c0cd5a5325376b3387de59d924fd1e13ded44648ab33c21349a603f25b84ec5ed887995b33da5e3bfcb87cd2f64521c4c62cf825cffabbe5d31cc
t-v0-bit-36-2	1c5672d919cc0a800970cd7e05cb36ed27ed354c33519948e5a9eaf89aee12b745c64e488f6bc0f3343f19b4805610112550e6e29963192b63c9d0fa77723ae4d3ed61b313ae7cb5f8dedf82d5425854eb2a33f4d5e3c213043d7fc7d11cf712be96e503660befde03f73d3ef2526aa95b49b554d05c0cd5a5325376b3387de59d924fd1e13ded44648ab33c21349a603f25b84ec5ed887995b33da5e3bfcb87cd2f64521c4c62cf825cffabbe5d31cc
t-v0-bit-36-3	1c5672d919cc0a800970cd7e05cb36ed27ed354c33519948e5a9eaf89aee12b781a4508198c23f2fbc598248568a03c232c6685fe2399ddec4e8d854318ee1b2c0038c2042e0108d2de4cc90c5b207559b265125f8eedac680740c62aee58bceee732c18408d63de29fd41e45b6face05b49b554d05c0cd5a5325376b3387de59d924fd1e13ded44648ab33c21349a603f25b84ec5ed887995b33da5e3bfcb87cd2f64521c4c62cf825cffabbe5d31cc
t-v0-bit-36-4	1c5672d919cc0a800970cd7e05cb36ed27ed354c33519948e5a9eaf89aee12b72bf759e83573e86f8aff4f8d4aa0d93c8e6fc27d2359bb00a2cecfc3879108b1f94007ec70ce0e15ba8aa539afeb03275c448416b3c4974315e67bbeb5ebecfe3a8a12b8bff3870ed57ae6f0481099185b49b554d05c0cd5a5325376b3387de59d924fd1e13ded44648ab33c21349a603f25b84ec5ed887995b33da5e3bfcb87cd2f64521c4c62cf825cffabbe5d31cc
t-v0-bit-36-5	1c5672d919cc0a800970cd7e05cb36ed27ed354c33519948e5a9eaf89aee12b7716573b6c702bac720bbc5005187aa251af2944b32d1e1a73565644c006c847be99ef18ed7d1d1742ac3788ad33a4fc3e84b3ac016e113d0576a2b5812ea36874f0303eaa19e7882ac9aef1c4f189ab05b49b554d05c0cd5a5325376b3387de59d924fd1e13ded44648ab33c21349a603f25b84ec5ed887995b33da5e3bfcb87cd2f64521c4c62cf825cffabbe5d31cc
t-v0-bit-36-6	1c5672d919cc0a800970cd7e05cb36ed27ed354c33519948e5a9eaf89aee12b7efb325b2b15cbaa8cbe7a5fe8dcea601f5ee53bb556519f6ad0e2654616de07a55cea579dac7119c9d1ac692fa8df7feeb68a3b67eb4865f418217b1c2fd8869d5de86ccc3849fcdb6e3f0054b4a7cf65b49b554d05c0cd5a5325376b3387de59d924fd1e13ded44648ab33c21349a603f25b84ec5ed887995b33da5e3bfcb87cd2f64521c4c62cf825cffabbe5d31cc
t-v0-bit-36-7	1c5672d919cc0a800970cd7e05cb36ed27ed354c33519948e5a9eaf89aee12b7a1aac6e7de55edfeecfa9f49fab1f08471169b900aa4b3ea4f2548f463c668f630d4b130cfd7e41054abca21751ccd59a82febce5cad20d19b67246b75a1962c0aebe4a7920ee31c45947daaa945cd405b49b554d05c0cd5a5325376b3387de59d924fd1e13ded44648ab33c21349a603f25b84ec5ed887995b33da5e3bfcb87cd2f64521c4c62cf825cffabbe5d31cc
t-v0-bit-37-0	1c5672d919cc0a800970cd7e05cb36ed27ed354c33519948e5a9eaf89aee12b7a38ba198c81d4d99699f1e62f2fc86f4dc70bb304f2fd68743f4fa9a990ee58c846a1cbcb29099f6e0c9a717c1a9610922cd7127598fd1a05fbed9440a0410163d5cc26008eef08a79406061b70ca9465b49b554d05c0cd5a5325376b3387de59d924fd1e13ded44648ab33c21349a603f25b84ec5ed887995b33da5e3bfcb87cd2f64521c4c62cf825cffabbe5d31cc
t-v0-bit-37-1	1c5672d919cc0a800970cd7e05cb36ed27ed354c33519948e5a9eaf89aee12b73daf2c8e45a05c1899e4e6a8d1731e8507e3f0645662175915807cab6eec6e3ecf7e2255de4fbdb1af9b22d3de12f8a7576a3535c4f963954c51a9d2c270d0c4af17d2924022db53d03de23b289f9eef5b49b554d05c0cd5a5325376b3387de59d924fd1e13ded44648ab33c21349a603f25b84ec5ed887995b33da5e3bfcb87cd2f64521c4c62cf825cffabbe5d31cc
t-v0-bit-37-2	1c5672d919cc0a800970cd7e05cb36ed27ed354c33519948e5a9eaf89aee12b71ad651bf13c2327fc0fd0a035fc5086e82bef9694d46ef7ecdb46c5332ad5cd7350bfe1ab06ec4bab39e8f9783333580be6c0e0a19a6ae8f07bc16c62f285ed95d6553aa706f370156644fda330e65315b49b554d05c0cd5a5325376b3387de59d924fd1e13ded44648ab33c21349a603f25b84ec5ed887995b33da5e3bfcb87cd2f64521c4c62cf825cffabbe5d31cc
t-v0-bit-37-3	1c5672d919cc0a800970cd7e05cb36ed27ed354c33519948e5a9eaf89aee12b73c828771688c6241931ea5ec861115fcdbfaacb6e43de8b3ba2275be811d02b45adc9dcb28589c33cde4c7f1236fa3a516de46f49a7375965e8b40cb808e126cd1e43c19009ca8c47b9bb33dd385a5365b49b554d05c0cd5a5325376b3387de59d924fd1e13ded44648ab33c21349a603f25b84ec5ed887995b33da5e3bfcb87cd2f64521c4c62cf825cffabbe5d31cc
t-v0-bit-37-4	1c5672d919cc0a800970cd7e05cb36ed27ed354c33519948e5a9eaf89aee12b7f2c9374aea2e8db94839a8ad461bf05597ab54a224b12c2b6c43e0a2aeacf9df9279722141f93521e59fea60d13d343b5dc6a5b5fcf5a174701fd1c22cfc83fa553f2aec066c2ccb1ffb39f5b1a9f91b5b49b554d05c0cd5a5325376b3387de59d924fd1e13ded44648ab33c21349a603f25b84ec5ed887995b33da5e3bfcb87cd2f64521c4c62cf825cffabbe5d31cc
t-v0-bit-37-5	1c5672d919cc0a800970cd7e05cb36ed27ed354c33519948e5a9eaf89aee12b733e54c8e4657c8d13d85d02ad685b30a3b0e210b89e39a8e17f8708548761db87d4f74a8617d8113fe265e6e89b86ab7943f6535f47588bbffd1fff5503b6578480a8d1249bafac0e4832d22fd9229cb5b49b554d05c0cd5a5325376b3387de59d924fd1e13ded44648ab33c21349a603f25b84ec5ed887995b33da5e3bfcb87cd2f64521c4c62cf825cffabbe5d31cc
t-v0-bit-37-6	1c5672d919cc0a800970cd7e05cb36ed27ed354c33519948e5a9eaf89aee12b7ed10754a2869a2d58c4a4b6fa6bd9d961a5a6a23b363f096da6bbdf756d49a169056832f9780f3382f0479470d8b0dcced67674d659bc0323e3092d2e2e03d00a45702ec6f45a83ef629409e2ac127505b49b554d05c0cd5a5325376b3387de59d924fd1e13ded44648ab33c21349a603f25b84ec5ed887995b33da5e3bfcb87cd2f64521c4c62cf825cffabbe5d31cc
t-v0-bit-37-7	1c5672d919cc0a800970cd7e05cb36ed27ed354c33519948e5a9eaf89aee12b7f63df7762c0f48e48d9594ad08a16492a28850052bca66b17e3cf1dfa343a0e05c62dbfb29d88a848c8a7929825e757b37681cefe66dad35e27472cced39243b41f024cad49e1540319e9450ddace84d5b49b554d05c0cd5a5325376b3387de59d924fd1e13ded44648ab33c21349a603f25b84ec5ed887995b33da5e3bfcb87cd2f64521c4c62cf825cffabbe5d31cc
t-v0-bit-38-0	1c5672d919cc0a800970cd7e05cb36ed27ed354c33519948e5a9eaf89aee12b72a01b330f3a56a7355804caf973ec57ce20a1820ab13b59130b3598c2f9b521f7dc96c6445874519a1e7a979975472121c8e06a395c4e0de3c3146d7eadf8e0d7fbd925c3794142f92aa98d145d7c8e15b49b554d05c0cd5a5325376b3387de59d924fd1e13ded44648ab33c21349a603f25b84ec5ed887995b33da5e3bfcb87cd2f64521c4c62cf825cffabbe5d31cc
t-v0-bit-38-1	1c5672d919cc0a800970cd7e05cb36ed27ed354c33519948e5a9eaf89aee12b766613e0ca0fdb82fa1b2879fb1f8c9b5b46d36fcdfc9cc2749c4bde51a66ffca7cf7ea53a54936159149c375e156f75c793016a574ccea3dbcaa029b9fa63d73809cec4065bfcb133b5a6d9e8c86deed5b49b554d05c0cd5a5325376b3387de59d924fd1e13ded44648ab33c21349a603f25b84ec5ed887995b33da5e3bfcb87cd2f64521c4c62cf825cffabbe5d31cc
t-v0-bit-38-2	1c5672d919cc0a800970cd7e05cb36ed27ed354c33519948e5a9eaf89aee12b7aa4fac4dc154282dd3b2828d2f783379f399d7fa6e62b232e24a332056173e1f17e33fcd3a8732eda8adf174eb42e65bfe49be0f2179f6764cfee31783bf5e7a57335fa917d0e3d103f9d437bef029855b49b554d05c0cd5a5325376b3387de59d924fd1e13ded44648ab33c21349a603f25b84ec5ed887995b33da5e3bfcb87cd2f64521c4c62cf825cffabbe5d31cc
t-v0-bit-38-3	1c5672d919cc0a800970cd7e05cb36ed27ed354c33519948e5a9eaf89aee12b75dedc7bd4e5f901e3fb67e65cb6f6cded0e5e87480a450f432e751adf2eb08c5c7c0dcb15777d1f53df36e3cde73f1d09a00d302350f090c670abd5c89a14ee7869ece2d247441570d001a73945e819c5b49b554d05c0cd5a5325376b3387de59d924fd1e13ded44648ab33c21349a603f25b84ec5ed887995b33da5e3bfcb87cd2f64521c4c62cf825cffabbe5d31cc
t-v0-bit-38-4	1c5672d919cc0a800970cd7e05cb36ed27ed354c33519948e5a9eaf89aee12b7f69d38a7bce754669424ec4055655ee0db0c55aba1a04fffa13dd96fbed070a4718c04cffcaac54c0e896ef43d47b75344df6bf4e2c2f5d296b39b3c71b750cddc675913cffbd74168ce364a8fa9eb395b49b554d05c0cd5a5325376b3387de59d924fd1e13ded44648ab33c21349a603f25b84ec5ed887995b33da5e3bfcb87cd2f64521c4c62cf825cffabbe5d31cc
t-v0-bit-38-5	1c5672d919cc0a800970cd7e05cb36ed27ed354c33519948e5a9eaf89aee12b7a43a09f3e2de576dede63dab99cb22bb7268bbc398be80380e17045e054cdf34b76af900d6673c3f84fb1be930d83c13ea7f1fb28926b0edc28dd4176fb3814ed23b153eda010c2a0813587fa074c88e5b49b554d05c0cd5a5325376b3387de59d924fd1e13ded44648ab33c21349a603f25b84ec5ed887995b33da5e3bfcb87cd2f64521c4c62cf825cffabbe5d31cc
t-v0-bit-38-6	1c5672d919cc0a800970cd7e05cb36ed27ed354c33519948e5a9eaf89aee12b77890876277e3ebabf5eade00f946b45960609beffae80c3d29f963fe1abbffce05f44887d247ec432212a38708111ddd221a5b8c6d276281677fbd9c7925d21f7d706c16e95ccc23e58e926cd78c08475b49b554d05c0cd5a5325376b3387de59d924fd1e13ded44648ab33c21349a603f25b84ec5ed887995b33da5e3bfcb87cd2f64521c4c62cf825cffabbe5d31cc
t-v0-bit-38-7	1c5672d919cc0a800970cd7e05cb36ed27ed354c33519948e5a9eaf89aee12b7b003b215f1c87867906e505ae42542fe1668064a91faf5d7c638b298e4205ab7a85d2c88ee5f1744f2da598b3ef75d7b18789d2900e51b07fef908d8ada8f81c5f6be50dec2bcf812fdf72eb311a07435b49b554d05c0cd5a5325376b3387de59d924fd1e13ded44648ab33c21349a603f25b84ec5ed887995b33da5e3bfcb87cd2f64521c4c62cf825cffabbe5d31cc
t-v0-bit-39-0	1c5672d919cc0a800970cd7e05cb36ed27ed354c33519948e5a9eaf89aee12b77af63a92a5b4a483211437afe8911751f3ba9b99af4b2688f99521a95b23b396263743d3cd85f78b5a5e3e112e2ecfc1d903537cedf8f40857081f2486e8b6ce33127245c526c36a85fc9db66d59c1725b49b554d05c0cd5a5325376b3387de59d924fd1e13ded44648ab33c21349a603f25b84ec5ed887995b33da5e3bfcb87cd2f64521c4c62cf825cffabbe5d31cc
t-v0-bit-39-1	1c5672d919cc0a800970cd7e05cb36ed27ed354c33519948e5a9eaf89aee12b70b6d58e6e231b025d245b4eb25eaed045e86ab41c675b193a365436485ea49ee3cbbbb1f8ec7229c0713ac866b7ed4fd72cf9429bf1b3c6e36ddaf79a50d346f96e4ca9301638b6ed4a97ed83b6e78ff5b49b554d05c0cd5a5325376b3387de59d924fd1e13ded44648ab33c21349a603f25b84ec5ed887995b33da5e3bfcb87cd2f64521c4c62cf825cffabbe5d31cc
t-v0-bit-39-2	1c5672d919cc0a800970cd7e05cb36ed27ed354c33519948e5a9eaf89aee12b75b8cbd608ca425787df4b903b7082a59c7414f41771eb9f33f6fd415826035bbda83817851b7e343cce0e471636b269fcc075039e1e7114205d4b612d2902d24194d2439d7e0b1f32fe6359c803672085b49b554d05c0cd5a5325376b3387de59d924fd1e13ded44648ab33c21349a603f25b84ec5ed887995b33da5e3bfcb87cd2f64521c4c62cf825cffabbe5d31cc
t-v0-bit-39-3	1c5672d919cc0a800970cd7e05cb36ed27ed354c33519948e5a9eaf89aee12b736b317d32440371765c252ddbf3e372099d81782562e6c79e7fa2a7791c4b66fe706fc5a4a7934cb37a4fe9c7853005196552ea34f69964289fcbef4eb25b58050a38aed13c92dc158ebf683455fee6f5b49b554d05c0cd5a5325376b3387de59d924fd1e13ded44648ab33c21349a603f25b84ec5ed887995b33da5e3bfcb87cd2f64521c4c62cf825cffabbe5d31cc
t-v0-bit-39-4	1c5672d919cc0a800970cd7e05cb36ed27ed354c33519948e5a9eaf89aee12b76ea90a897dee2826e91a6250a2f51d1851d31afd058bd29b08ba61679d15852b7b2a8774a41637f0cdaa679dbb018e845ea1ff7c140f8b8492ff4f8a60d7821b5bdcd8f019988d77936c3f07624ed8835b49b554d05c0cd5a5325376b3387de59d924fd1e13ded44648ab33c21349a603f25b84ec5ed887995b33da5e3bfcb87cd2f64521c4c62cf825cffabbe5d31cc
t-v0-bit-39-5	1c5672d919cc0a800970cd7e05cb36ed27ed354c33519948e5a9eaf89aee12b75199a58127f0d4ef5cb7934cc1e9ead3b55cec9c6b9d81738057357ccd5a6881cb8f5c3b0632e3490d3647d1085abaf4ec367fc99d46f7dc6dfdca57946b2dd7d2e9044ba0321113997dd953a2689ace5b49b554d05c0cd5a5325376b3387de59d924fd1e13ded44648ab33c21349a603f25b84ec5ed887995b33da5e3bfcb87cd2f64521c4c62cf825cffabbe5d31cc
t-v0-bit-39-6	1c5672d919cc0a800970cd7e05cb36ed27ed354c33519948e5a9eaf89aee12b72a6985dcd65f330e480f139bf625e8aec1d5bc65d4b0fcb3eb06eb60e9027df7dd4116d8974f1aa71fcdcb4817c106f2da2603f39e1afd2b14f085dfa0f4d3bbea86cc7a8b54942d690e9569810ad41f5b49b554d05c0cd5a5325376b3387de59d924fd1e13ded44648ab33c21349a603f25b84ec5ed887995b33da5e3bfcb87cd2f64521c4c62cf825cffabbe5d31cc
t-v0-bit-39-7	1c5672d919cc0a800970cd7e05cb36ed27ed354c33519948e5a9eaf89aee12b78b6d718e064b79273ae57d1aaafcb6204f13eb11373b7552d9e4e87d755c2ce567eb26483fffde70e3cd6c766bd502a73963c018ab3dd290279a333cc9f0938807dc3edfc5cad22ff478ca39105d99475b49b554d05c0cd5a5325376b3387de59d924fd1e13ded44648ab33c21349a603f25b84ec5ed887995b33da5e3bfcb87cd2f64521c4c62cf825cffabbe5d31cc
t-v0-bit-40-0	1c5672d919cc0a800970cd7e05cb36ed27ed354c33519948e5a9eaf89aee12b7410c2a3cb0f5823cfec01b283103bfa7f918ba52e98ee73d92005108b49927c4677cd30aaa8b6ef81bf4a1dc770f21401bd0a6d97e095c373c3dae1e39151215ac15906f5aedb70d0e11b89b3e16683e5b49b554d05c0cd5a5325376b3387de59d924fd1e13ded44648ab33c21349a603f25b84ec5ed887995b33da5e3bfcb87cd2f64521c4c62cf825cffabbe5d31cc
t-v0-bit-40-1	1c5672d919cc0a800970cd7e05cb36ed27ed354c33519948e5a9eaf89aee12b760e89d7518249a3cd44d4f0944af914f31d43305d176e7d5cb028f60f07d18569bea527723a739509a22387882e1966db4a41ce1a911e68d3ea9575262b284f2be28f9f4d8b5229eb782f9b899f594955b49b554d05c0cd5a5325376b3387de59d924fd1e13ded44648ab33c21349a603f25b84ec5ed887995b33da5e3bfcb87cd2f64521c4c62cf825cffabbe5d31cc
t-v0-bit-40-2	1c5672d919cc0a800970cd7e05cb36ed27ed354c33519948e5a9eaf89aee12b72100c357932dc926c5b704c0f286050fa8f6a565295533f476e2d59db31a10aad5086578339d547f7f441356243679b7c7b3a1e4c2bfa0b6d104fc50700fc8e29428bbaf7ca904988428b0c805e1d33e5b49b554d05c0cd5a5325376b3387de59d924fd1e13ded44648ab33c21349a603f25b84ec5ed887995b33da5e3bfcb87cd2f64521c4c62cf825cffabbe5d31cc
t-v0-bit-40-3	1c5672d919cc0a800970cd7e05cb36ed27ed354c33519948e5a9eaf89aee12b728b37fc011739982aa0d92715ae7dbff7fe52bb3fe6480bc58abbe677d0031c243c714626e0d340fdc1212bfc98b00c7f5513ce2c9f9bb9b6fe1086c7024e170da57b494bd93a32ea2b2929c584477e55b49b554d05c0cd5a5325376b3387de59d924fd1e13ded44648ab33c21349a603f25b84ec5ed887995b33da5e3bfcb87cd2f64521c4c62cf825cffabbe5d31cc
t-v0-bit-40-4	1c5672d919cc0a800970cd7e05cb36ed27ed354c33519948e5a9eaf89aee12b75c1d972801c8a8d3ac182283b49147cdadbc0b1ef566bd4b138b2c184a6291d5be574b9520688844673d37ede5bbe359f7e28224172cd409bced7c490ecf601b04b940edb6fd1cd3ed52aaeccf4f0b905b49b554d05c0cd5a5325376b3387de59d924fd1e13ded44648ab33c21349a603f25b84ec5ed887995b33da5e3bfcb87cd2f64521c4c62cf825cffabbe5d31cc
t-v0-bit-40-5	1c5672d919cc0a800970cd7e05cb36ed27ed354c33519948e5a9eaf89aee12b79c136ca7f99ab5f133f5d8f6bbfbceb79f09d5f5ca5b24e60d21b182416ce6a5200d9fbc96f919ed96780ecbf56e9e63731725c3a186c650d72fa34bfe3575d701bb62137c4edb7e1fe3f4339b32e7095b49b554d05c0cd5a5325376b3387de59d924fd1e13ded44648ab33c21349a603f25b84ec5ed887995b33da5e3bfcb87cd2f64521c4c62cf825cffabbe5d31cc
t-v0-bit-40-6	1c5672d919cc0a800970cd7e05cb36ed27ed354c33519948e5a9eaf89aee12b74728ae6ca2464b04eacd726bfd1f8e7cb8c98b6f8f88a1f8daf47bbc7723a756f01ba86e09fcbb2ca831bd05d9b881217ad6572163cbd39d7f5baada43927060ffed6cd8a74bffadab3e398e942c6fa35b49b554d05c0cd5a5325376b3387de59d924fd1e13ded44648ab33c21349a603f25b84ec5ed887995b33da5e3bfcb87cd2f64521c4c62cf825cffabbe5d31cc
t-v0-bit-40-7	1c5672d919cc0a800970cd7e05cb36ed27ed354c33519948e5a9eaf89aee12b7a1a5d62bcf558eecdd5b3649dae15bceaeb2eb352eaad3110b1c328efa15f5d9cf63d547a7912835850d4d1eebcae1e451b9a808328508ed1674b0041510835104f91d65bd86a6546d0d8083630c576b5b49b554d05c0cd5a5325376b3387de59d924fd1e13ded44648ab33c21349a603f25b84ec5ed887995b33da5e3bfcb87cd2f64521c4c62cf825cffabbe5d31cc
t-v0-bit-41-0	1c5672d919cc0a800970cd7e05cb36ed27ed354c33519948e5a9eaf89aee12b7da3ee42b21dcf2ca6fc95807cfc27be8cbd64d4dd14be58443538ae88af2002fa644e3eff77ee964d401b55f76b10f7f468e5940dc7b13156768b25c89fb072f816694d7a243fb59e4e704bc0f291c965b49b554d05c0cd5a5325376b3387de59d924fd1e13ded44648ab33c21349a603f25b84ec5ed887995b33da5e3bfcb87cd2f64521c4c62cf825cffabbe5d31cc
t-v0-bit-41-1	1c5672d919cc0a800970cd7e05cb36ed27ed354c33519948e5a9eaf89aee12b7ea81defc291e23e1fc730da476c96147bd68d894805d182947e55f91a7bfa667fe70658756e400ef45ce13a944f2dc74a5a0cfa0d4c31fa742324d01f3119ffed17457fa0bba9c8735634a9e4e68ad925b49b554d05c0cd5a5325376b3387de59d924fd1e13ded44648ab33c21349a603f25b84ec5ed887995b33da5e3bfcb87cd2f64521c4c62cf825cffabbe5d31cc
t-v0-bit-41-2	1c5672d919cc0a800970cd7e05cb36ed27ed354c33519948e5a9eaf89aee12b7f738e0ca6fa2bf0ca6a0980fb54159f636249dd5b8da89c189196b23e978b474b34df5f25c4e4365f10dd7272a986ee2762d2a574de58c07fb86fd7bc1a29510e3534b0f21d4fd81f664dbf9e3c81b6b5b49b554d05c0cd5a5325376b3387de59d924fd1e13ded44648ab33c21349a603f25b84ec5ed887995b33da5e3bfcb87cd2f64521c4c62cf825cffabbe5d31cc
t-v0-bit-41-3	1c5672d919cc0a800970cd7e05cb36ed27ed354c33519948e5a9eaf89aee12b7cb24cf4f2372e3337b68758bc221cd79085601a53e38520b8a0267b4ccd75317e52b6f3ba2189c6938c5afa0bbcb18d872b59b51a3b94e2d77588359d5eb186be188c40de406ce655560bdafb2710e835b49b554d05c0cd5a5325376b3387de59d924fd1e13ded44648ab33c21349a603f25b84ec5ed887995b33da5e3bfcb87cd2f64521c4c62cf825cffabbe5d31cc
t-v0-bit-41-4	1c5672d919cc0a800970cd7e05cb36ed27ed354c33519948e5a9eaf89aee12b728ba037861fded73fe31b638927c795fed8f1693695217a3972212c9ce11bb340dbf688d3f129e732059f92c4d065988f00bbcbde6b8232f253284b032b09204922f1673e885b11fdb56f0019ca435405b49b554d05c0cd5a5325376b3387de59d924fd1e13ded44648ab33c21349a603f25b84ec5ed887995b33da5e3bfcb87cd2f64521c4c62cf825cffabbe5d31cc
t-v0-bit-41-5	1c5672d919cc0a800970cd7e05cb36ed27ed354c33519948e5a9eaf89aee12b75b2a3a9e55057a27e9f5ca37defc806874b161236cc62f05ef3734d1f45db6165ad12068d5c47965f9f27c578474b54402869d6682b00cef82b62da33ae445c2aff02fde2eb7f7b1fcac2dc03bc338e15b49b554d05c0cd5a5325376b3387de59d924fd1e13ded44648ab33c21349a603f25b84ec5ed887995b33da5e3bfcb87cd2f64521c4c62cf825cffabbe5d31cc
t-v0-bit-41-6	1c5672d919cc0a800970cd7e05cb36ed27ed354c33519948e5a9eaf89aee12b7a342be6d1569e7375f16666e91848e74943bdb50cbeecbcd335fa413ab54655791c53d767a877c637902b7e5700f1aad7a7361fac01af793db48217d8f20d371c02f3e5fa6b65f155b98b19ead11e0b85b49b554d05c0cd5a5325376b3387de59d924fd1e13ded44648ab33c21349a603f25b84ec5ed887995b33da5e3bfcb87cd2f64521c4c62cf825cffabbe5d31cc
t-v0-bit-41-7	1c5672d919cc0a800970cd7e05cb36ed27ed354c33519948e5a9eaf89aee12b7b8fa604538af0290b6965bb609c7b7d5f0ae52637263bd7bf138bd2b92f656153044fce00bcd2cfb7970086716be6708835545424d7531077dc35c8767f31ba4c9c8736a12f3b26933a07da11b5157175b49b554d05c0cd5a5325376b3387de59d924fd1e13ded44648ab33c21349a603f25b84ec5ed887995b33da5e3bfcb87cd2f64521c4c62cf825cffabbe5d31cc
t-v0-bit-42-0	1c5672d919cc0a800970cd7e05cb36ed27ed354c33519948e5a9eaf89aee12b79731078c5c99cb3e1f2e2caf8a86994d40f13b97e66e67875d450ca237ce876d1d339142e2b3d58e8910913e8f5474a14c316235ecafede5361447d8d52a378b56ba0547cede9f0adb9131ecd027d0825b49b554d05c0cd5a5325376b3387de59d924fd1e13ded44648ab33c21349a603f25b84ec5ed887995b33da5e3bfcb87cd2f64521c4c62cf825cffabbe5d31cc
t-v0-bit-42-1	1c5672d919cc0a800970cd7e05cb36ed27ed354c33519948e5a9eaf89aee12b73f0b628c058987844023f917bc0d5ecba2ca656ecafc368a863fcd9830eac9ad38bc59e368fb4ffbb6cb6be220c67bc22d332e649c837e37834974968a7f895f0404e52128fb32414452b1fc8dc26b975b49b554d05c0cd5a5325376b3387de59d924fd1e13ded44648ab33c21349a603f25b84ec5ed887995b33da5e3bfcb87cd2f64521c4c62cf825cffabbe5d31cc
t-v0-bit-42-2	1c5672d919cc0a800970cd7e05cb36ed27ed354c33519948e5a9eaf89aee12b7193f6aacce896d14a5be5db6dcfb65bf3db96209f6aa065831c279c6459571c7ad224a3090c5ffe36a14cf6373b8ae91662511c7d4ba3f76074c247d6b52e0734feaf7de98e500a26eb7b50ba3ed1d465b49b554d05c0cd5a5325376b3387de59d924fd1e13ded44648ab33c21349a603f25b84ec5ed887995b33da5e3bfcb87cd2f64521c4c62cf825cffabbe5d31cc
t-v0-bit-42-3	1c5672d919cc0a800970cd7e05cb36ed27ed354c33519948e5a9eaf89aee12b704e9b72912471602b75b61d32126e4cbdda2e9be49f71964979e298c4057dad18e419d375997840827c96c5739026185adc9cc61267d456cda5f6d9391da7055bb3a3d509adedf479b03cd59e6ec80e25b49b554d05c0cd5a5325376b3387de59d924fd1e13ded44648ab33c21349a603f25b84ec5ed887995b33da5e3bfcb87cd2f64521c4c62cf825cffabbe5d31cc
t-v0-bit-42-4	1c5672d919cc0a800970cd7e05cb36ed27ed354c33519948e5a9eaf89aee12b717ba6489cb8cc85c15ef26992940ea3f6c2c16fe714fb37040609119e2a5f465c9bccb0f6fa1a74e4f8c6162f16a913f99f529e32a14bc7591ee92112306436ea225cbb7caea0587b798cb4592fced055b49b554d05c0cd5a5325376b3387de59d924fd1e13ded44648ab33c21349a603f25b84ec5ed887995b33da5e3bfcb87cd2f64521c4c62cf825cffabbe5d31cc
t-v0-bit-42-5	1c5672d919cc0a800970cd7e05cb36ed27ed354c33519948e5a9eaf89aee12b7fb5df6198e360f1eb4144f18f3d746be6141f8c96b37ccdab63c95ed74fe212c8615db31badd7168e740f02fdc833a07e97963805faaaaadf61c55688185a8dd31ff6f65af7b91f6c499f76dbab4b3a35b49b554d05c0cd5a5325376b3387de59d924fd1e13ded44648ab33c21349a603f25b84ec5ed887995b33da5e3bfcb87cd2f64521c4c62cf825cffabbe5d31cc
t-v0-bit-42-6	1c5672d919cc0a800970cd7e05cb36ed27ed354c33519948e5a9eaf89aee12b7c8148eba3173070bcaded70d0f10947f58500086fe986d69367f026a43f9c091741ecf0e010b89c25dc3a900d9b92389f1c2f73bf4b7bfbe4eee4813cf58374566de4116cb5a47efeeae2e26eefce5915b49b554d05c0cd5a5325376b3387de59d924fd1e13ded44648ab33c21349a603f25b84ec5ed887995b33da5e3bfcb87cd2f64521c4c62cf825cffabbe5d31cc
t-v0-bit-42-7	1c5672d919cc0a800970cd7e05cb36ed27ed354c33519948e5a9eaf89aee12b7024560c126037ee832b3004aca1b12736e613dee1fc43a3608fd9b66ae8220bdee656b60ecdfaaf6c4792ffbf965b30ccb799d4d91a6fcc4f57491efa64a9cc836c42471e39425818fe209d6b50721c05b49b554d05c0cd5a5325376b3387de59d924fd1e13ded44648ab33c21349a603f25b84ec5ed887995b33da5e3bfcb87cd2f64521c4c62cf825cffabbe5d31cc
t-v0-bit-43-0	1c5672d919cc0a800970cd7e05cb36ed27ed354c33519948e5a9eaf89aee12b7f38791cff14ea240c0815de57452d8d93c462c3fdca341042a8c127fb21653d8a826d41d5c77783480404441e0ff30f562195b0d610f961a9ebb10881e697111a0ed30ed328971c1f8bfd3175e392bb75b49b554d05c0cd5a5325376b3387de59d924fd1e13ded44648ab33c21349a603f25b84ec5ed887995b33da5e3bfcb87cd2f64521c4c62cf825cffabbe5d31cc
t-v0-bit-43-1	1c5672d919cc0a800970cd7e05cb36ed27ed354c33519948e5a9eaf89aee12b7d3838ec07fd9601552997dd755b6c5ec456554edbbbd3284ec36bc46f5322666cc8f610093e3b471c125d6f879acbbd9cfaf3ab5251c15eaa8b461617b99cb5aece8394045e03df8ae103316a820c5805b49b554d05c0cd5a5325376b3387de59d924fd1e13ded44648ab33c21349a603f25b84ec5ed887995b33da5e3bfcb87cd2f64521c4c62cf825cffabbe5d31cc
t-v0-bit-43-2	1c5672d919cc0a800970cd7e05cb36ed27ed354c33519948e5a9eaf89aee12b7393af7c0fb1f1137a64694137b8688785fd41fc7e984f214fd7c4d8acc95912d7fd15b3a9bc246a41eadd9271080e736f3b8b283addfcb37b6a89fd5be5fdee0e477775acbe8a50b6d20369b5f4c01815b49b554d05c0cd5a5325376b3387de59d924fd1e13ded44648ab33c21349a603f25b84ec5ed887995b33da5e3bfcb87cd2f64521c4c62cf825cffabbe5d31cc
t-v0-bit-43-3	1c5672d919cc0a800970cd7e05cb36ed27ed354c33519948e5a9eaf89aee12b7b3ed3054adaa8308f043231607e630cea770ee95a00decb7ee92e2e54c6c62ecf75adc3a934c11bf74acd411d46d8ecd97d374afd896c7c882910dd2c92da2232a29cfe005d9745a1f90f7b30bb9c0b15b49b554d05c0cd5a5325376b3387de59d924fd1e13ded44648ab33c21349a603f25b84ec5ed887995b33da5e3bfcb87cd2f64521c4c62cf825cffabbe5d31cc
t-v0-bit-43-4	1c5672d919cc0a800970cd7e05cb36ed27ed354c33519948e5a9eaf89aee12b74d08d3e77b1ffaa9867e1d00dbb2a4df96edf8ba1b3eb14ce6acaeff3387f3e0a325ed7a714c69ad8ba5873e92079b824df9aade2be656f11ffed58235fb7b4fd616cf2e0c52e4e4b1c80bbd98c267655b49b554d05c0cd5a5325376b3387de59d924fd1e13ded44648ab33c21349a603f25b84ec5ed887995b33da5e3bfcb87cd2f64521c4c62cf825cffabbe5d31cc
t-v0-bit-43-5	1c5672d919cc0a800970cd7e05cb36ed27ed354c33519948e5a9eaf89aee12b760cdefceb13c42a7a49dd202c58ad202e2f6b438c18e286cb2f8843d3785ff0e8d50afa283e685a885386954032f9cb4a121d135d15905f9f77a948cbfca85a879f45aaf6c7f55c57d151d91d98b415a5b49b554d05c0cd5a5325376b3387de59d924fd1e13ded44648ab33c21349a603f25b84ec5ed887995b33da5e3bfcb87cd2f64521c4c62cf825cffabbe5d31cc
t-v0-bit-43-6	1c5672d919cc0a800970cd7e05cb36ed27ed354c33519948e5a9eaf89aee12b777ef47a517a3cc3d54aef54a059a2d9392c4820c9f592c10c54f2340a3a4b6081bca68d5623d51f5c54e86ff38fafb465c356ee8de9214949cec267eda13b4c0ec90567adc0178180a3b4299ad2582e05b49b554d05c0cd5a5325376b3387de59d924fd1e13ded44648ab33c21349a603f25b84ec5ed887995b33da5e3bfcb87cd2f64521c4c62cf825cffabbe5d31cc
t-v0-bit-43-7	1c5672d919cc0a800970cd7e05cb36ed27ed354c33519948e5a9eaf89aee12b7036835934f1a6fdddf8301758bd67deb4dc8f4a109211c013c1591cc37069a5fed7756b3006d2be0bc891c266ca6c1fa3bfbb58268dc412413f44981f50f4bcf27a18e451698614ee17451384b71afe75b49b554d05c0cd5a5325376b3387de59d924fd1e13ded44648ab33c21349a603f25b84ec5ed887995b33da5e3bfcb87cd2f64521c4c62cf825cffabbe5d31cc
t-v0-bit-44-0	1c5672d919cc0a800970cd7e05cb36ed27ed354c33519948e5a9eaf89aee12b703601dd45584e111014df09d0a315b619694cdaccb46c14f3ef8b19e60a2304ac072b832a7c1fa3750d9caeee6e40b62314d0aa58a89f4491907e5f7e02d574a1754a3bf79d8df888946262e507d86fd5b49b554d05c0cd5a5325376b3387de59d924fd1e13ded44648ab33c21349a603f25b84ec5ed887995b33da5e3bfcb87cd2f64521c4c62cf825cffabbe5d31cc
t-v0-bit-44-1	1c5672d919cc0a800970cd7e05cb36ed27ed354c33519948e5a9eaf89aee12b7378b503be210a2534e6f6b92590fb1d0437d14651e1cb965235b7f5b94f9d7e3a2992fdf69edcbd080a1f1ef030932c358c9345c411260d160b0b655a899126207ac143fb518ac4077f65a1064be3ea95b49b554d05c0cd5a5325376b3387de59d924fd1e13ded44648ab33c21349a603f25b84ec5ed887995b33da5e3bfcb87cd2f64521c4c62cf825cffabbe5d31cc
t-v0-bit-44-2	1c5672d919cc0a800970cd7e05cb36ed27ed354c33519948e5a9eaf89aee12b7d2a440b2f505360de2f0c4ac544e293f81c5504205204bcd33a5ce4c59d9b4c5ce90c2559acb98e43c3341e66dce57f1242acef48ec12973dd338dd61ff3baf9cea7b1446d62e51f32649014347cac405b49b554d05c0cd5a5325376b3387de59d924fd1e13ded44648ab33c21349a603f25b84ec5ed887995b33da5e3bfcb87cd2f64521c4c62cf825cffabbe5d31cc
t-v0-bit-44-3	1c5672d919cc0a800970cd7e05cb36ed27ed354c33519948e5a9eaf89aee12b7338df73b389942c7443bf8f4aa6a0465da43d56b4eb3e41ca5ed08d246fb3cf690ab64591eb9e3403fc5a9c85e891994e57b0a6af0e325ea5106b54830cd637ea9376f58570d7ddd6b28edee990db8355b49b554d05c0cd5a5325376b3387de59d924fd1e13ded44648ab33c21349a603f25b84ec5ed887995b33da5e3bfcb87cd2f64521c4c62cf825cffabbe5d31cc
t-v0-bit-44-4	1c5672d919cc0a800970cd7e05cb36ed27ed354c33519948e5a9eaf89aee12b7b3e199f2fd448e992fb9e7f38db72cb70bcfb52282c0c824e3f013521093009d465f158b1beb5273a9d275fbbfd775e11e8a2b69dc26eea27906108e98bdcadb60122b1ee95afe376d707c96faa29c775b49b554d05c0cd5a5325376b3387de59d924fd1e13ded44648ab33c21349a603f25b84ec5ed887995b33da5e3bfcb87cd2f64521c4c62cf825cffabbe5d31cc
t-v0-bit-44-5	1c5672d919cc0a800970cd7e05cb36ed27ed354c33519948e5a9eaf89aee12b7eca7dbee42fe620a56620a8eb373bbc7d6c18c4512caca09207d1fec91937e226423101263ae184495671175217eb925f6d9fcb6836341f4bc9258b6bab41d1656b0767089bf4677e8f2e2f1a65f14a65b49b554d05c0cd5a5325376b3387de59d924fd1e13ded44648ab33c21349a603f25b84ec5ed887995b33da5e3bfcb87cd2f64521c4c62cf825cffabbe5d31cc
t-v0-bit-44-6	1c5672d919cc0a800970cd7e05cb36ed27ed354c33519948e5a9eaf89aee12b74d27b9483f364c82689bd02081cd8edcc1950ea487f7ae443a09f9226f20c4ab084e8ca84ffebbea2bd428ee1b2f625ebd9359650e644d5a02f189f617e0528b9c8e47c379171a9b8f4c0ad62d2240205b49b554d05c0cd5a5325376b3387de59d924fd1e13ded44648ab33c21349a603f25b84ec5ed887995b33da5e3bfcb87cd2f64521c4c62cf825cffabbe5d31cc
t-v0-bit-44-7	1c5672d919cc0a800970cd7e05cb36ed27ed354c33519948e5a9eaf89aee12b75b22e886bdcce85591d388a171788f2d02d4e0d23da1c5dc4fbfa81b9bde300f1bb3c290c431b5196dac63c239ad391c550ef322331568b71fdab86899e8b9e15196640b3539f38946b85647e29473635b49b554d05c0cd5a5325376b3387de59d924fd1e13ded44648ab33c21349a603f25b84ec5ed887995b33da5e3bfcb87cd2f64521c4c62cf825cffabbe5d31cc
t-v0-bit-45-0	1c5672d919cc0a800970cd7e05cb36ed27ed354c33519948e5a9eaf89aee12b7fe0f28c01ddf6b293d2f7dcda61b8ce9394f09dc31d157fad305b91bf3d0f98e64bc9afe86232cf64fd4edb70ffcc334e7406a9a42bcea3e75fa7c4ee75bfc57d514b38feb333c2b0f893280dcbdb30b5b49b554d05c0cd5a5325376b3387de59d924fd1e13ded44648ab33c21349a603f25b84ec5ed887995b33da5e3bfcb87cd2f64521c4c62cf825cffabbe5d31cc
t-v0-bit-45-1	1c5672d919cc0a800970cd7e05cb36ed27ed354c33519948e5a9eaf89aee12b7d50c9349818e38dfb7e304c8fec4da3f4589e7b9afce9cfd71e4a19b49696b9f7e59f38b2a3841ebeff8b3d74e7a5b74c6310b2984fe8bc1906676523cc60a6dd838cea449ce53e4ded509f0e515fd2c5b49b554d05c0cd5a5325376b3387de59d924fd1e13ded44648ab33c21349a603f25b84ec5ed887995b33da5e3bfcb87cd2f64521c4c62cf825cffabbe5d31cc
t-v0-bit-45-2	1c5672d919cc0a800970cd7e05cb36ed27ed354c33519948e5a9eaf89aee12b78b0c1a6d3f32269b054fbe14587fc00a6f7dcb021f57c44039861035c7b6a86f9f9caefa2f1528422efce61e2aa03ed33095bcab57955cef4f689efaf44aa34eee4eb1cd0316455a4c9850128a3af9345b49b554d05c0cd5a5325376b3387de59d924fd1e13ded44648ab33c21349a603f25b84ec5ed887995b33da5e3bfcb87cd2f64521c4c62cf825cffabbe5d31cc
t-v0-bit-45-3	1c5672d919cc0a800970cd7e05cb36ed27ed354c33519948e5a9eaf89aee12b72594914afe1a19a67bc5db9037d7cce452ab5e751caaeb4199cd510d29df3ae1120f2a83670bc8c431da5be9aa452530ad3ed31ce493cb3673524e1d4ddb7ac73c0add15ad3291417b3f2fe46e4e09025b49b554d05c0cd5a5325376b3387de59d924fd1e13ded44648ab33c21349a603f25b84ec5ed887995b33da5e3bfcb87cd2f64521c4c62cf825cffabbe5d31cc
t-v0-bit-45-4	1c5672d919cc0a800970cd7e05cb36ed27ed354c33519948e5a9eaf89aee12b74e555602f8f62879d234512b9bab445b802770674fff1f03049aa70f694f8cecbe63ca5f0300ff15e48294ff4dfaddfbedcd233e126cc0586c80063d6546fd81f93a16ef7e445f7f85fd6c6e2f0b3dd35b49b554d05c0cd5a5325376b3387de59d924fd1e13ded44648ab33c21349a603f25b84ec5ed887995b33da5e3bfcb87cd2f64521c4c62cf825cffabbe5d31cc
t-v0-bit-45-5	1c5672d919cc0a800970cd7e05cb36ed27ed354c33519948e5a9eaf89aee12b72f06ec1e82cf5a0fae2e6fff5949234dd879c95253df43545e7c76a51ea03c142bac4c087e118e7a71653f820185f5a9412650416e49a48c56c4905ed9b86ee37c4b2b3a51fc2c2aae66c15c194d2ba45b49b554d05c0cd5a5325376b3387de59d924fd1e13ded44648ab33c21349a603f25b84ec5ed887995b33da5e3bfcb87cd2f64521c4c62cf825cffabbe5d31cc
t-v0-bit-45-6	1c5672d919cc0a800970cd7e05cb36ed27ed354c33519948e5a9eaf89aee12b7e1fff9f194de907fd2b66dc5578ab69635ed65c418672fb07a2389f97371ebac94d8bb264a16faaf8a7cd1e5323e054650cec9df6ca26e4e601920a202ef54950efcfea1c05f21deaf5ca8b7808796265b49b554d05c0cd5a5325376b3387de59d924fd1e13ded44648ab33c21349a603f25b84ec5ed887995b33da5e3bfcb87cd2f64521c4c62cf825cffabbe5d31cc
t-v0-bit-45-7	1c5672d919cc0a800970cd7e05cb36ed27ed354c33519948e5a9eaf89aee12b7f3fb6e3f1b008677b6fd1923350eb1a8fc5f3371315eb3ac284eafe66a1a875bb00075d1467b48937c379b9484d416fbea11fb8547b6a2116e54aefad308183eedf20097ca4de740b86133f2b18bbd025b49b554d05c0cd5a5325376b3387de59d924fd1e13ded44648ab33c21349a603f25b84ec5ed887995b33da5e3bfcb87cd2f64521c4c62cf825cffabbe5d31cc
t-v0-bit-46-0	1c5672d919cc0a800970cd7e05cb36ed27ed354c33519948e5a9eaf89aee12b76f5b67d68ba97c27a68155a23e94b99e1c773cba86129794ae4544a514ee012a87d6128264e2de8d4f8fab95b2bd1aab367e9c14d220df21e24e62012b3c5c2062966f178f2d88f4c1221cb3884c6b8a5b49b554d05c0cd5a5325376b3387de59d924fd1e13ded44648ab33c21349a603f25b84ec5ed887995b33da5e3bfcb87cd2f64521c4c62cf825cffabbe5d31cc
t-v0-bit-46-1	1c5672d919cc0a800970cd7e05cb36ed27ed354c33519948e5a9eaf89aee12b7c864fc8c2e9f6a58ab1f8baeb1fccfaa006d59a2f6c49410f4eabeff0f86342a13207a7da767b832669b997e504e201fffd6573c120aaffdff7221fdb94240b42d2f251cfd1b9a49575e8734824610365b49b554d05c0cd5a5325376b3387de59d924fd1e13ded44648ab33c21349a603f25b84ec5ed887995b33da5e3bfcb87cd2f64521c4c62cf825cffabbe5d31cc
t-v0-bit-46-2	1c5672d919cc0a800970cd7e05cb36ed27ed354c33519948e5a9eaf89aee12b725794cff39f9e8ce63aca243db87d1db66e6fae813f1eb2530d44e6f0e8ea7639b544d02cde2f0eeee58d6b75c83900de3f39400e9af520ae3cab00e4ef8eabf50f3a2a9bf6c2adb853e0e5e95a086965b49b554d05c0cd5a5325376b3387de59d924fd1e13ded44648ab33c21349a603f25b84ec5ed887995b33da5e3bfcb87cd2f64521c4c62cf825cffabbe5d31cc
t-v0-bit-46-3	1c5672d919cc0a800970cd7e05cb36ed27ed354c33519948e5a9eaf89aee12b7218748fa071a4a500a0acacfe0c25682312f39d399053fe764adb3b5eb5b9a53f14c0f745b4925a3d4a52c6904f73e8f2b4b90968d15dfadc21639a1d93dae318b42d8ce6bac00c9586b781744877e725b49b554d05c0cd5a5325376b3387de59d924fd1e13ded44648ab33c21349a603f25b84ec5ed887995b33da5e3bfcb87cd2f64521c4c62cf825cffabbe5d31cc
t-v0-bit-46-4	1c5672d919cc0a800970cd7e05cb36ed27ed354c33519948e5a9eaf89aee12b7eaf9bc30b37c6fdcca396624cf0b0d8c4ae398d6e013d4576fdb247996331f1adb6c8da3937ba15015cfedb25b40bb2a874b7aebdd3a67c877edaab1ce4709d70136c4b87aef6225ec7c6a15bf2a938d5b49b554d05c0cd5a5325376b3387de59d924fd1e13ded44648ab33c21349a603f25b84ec5ed887995b33da5e3bfcb87cd2f64521c4c62cf825cffabbe5d31cc
t-v0-bit-46-5	1c5672d919cc0a800970cd7e05cb36ed27ed354c33519948e5a9eaf89aee12b7969109bdb0b700ebbdce8ba9dfcb51e1c52523551294e541aa374df806d844b91206412c40989d855fd9928638834df9fcffc3490c6d9d2e344054ac07836f4235604faa3e4ab9a4b2955dc43599a9f55b49b554d05c0cd5a5325376b3387de59d924fd1e13ded44648ab33c21349a603f25b84ec5ed887995b33da5e3bfcb87cd2f64521c4c62cf825cffabbe5d31cc
t-v0-bit-46-6	1c5672d919cc0a800970cd7e05cb36ed27ed354c33519948e5a9eaf89aee12b75e31eed3dee98b7fc45964fead3a5110a73260440bd8fc16650167076cde38a609fd7c83238358d1c8f706970e548f277bb6e7bf7ef866e7da87127896ce5a4819f69a0329c6197b9eecece3ab9cb8785b49b554d05c0cd5a5325376b3387de59d924fd1e13ded44648ab33c21349a603f25b84ec5ed887995b33da5e3bfcb87cd2f64521c4c62cf825cffabbe5d31cc
t-v0-bit-46-7	1c5672d919cc0a800970cd7e05cb36ed27ed354c33519948e5a9eaf89aee12b712d6707ef82ef408537899b322b2747ced57d6dec690f8180a74c559864f5ba63a5cbebf6476b7af57041231a166802d38d82e4b0b2d87749ba5d44b46e879e5b6ce6cd6ab0e0301bf682cbccbb716255b49b554d05c0cd5a5325376b3387de59d924fd1e13ded44648ab33c21349a603f25b84ec5ed887995b33da5e3bfcb87cd2f64521c4c62cf825cffabbe5d31cc
t-v0-bit-47-0	1c5672d919cc0a800970cd7e05cb36ed27ed354c33519948e5a9eaf89aee12b7c779792de91f129e7cfd730204dcd46ee7e06c1fa50091b7f269b4949834c11842a8aef6d2108ebdda74baf987a324f73f6c19fe7f3f6f507d4db0010fc54309c4b0b2afeeb3805b8275810708cad6f95b49b554d05c0cd5a5325376b3387de59d924fd1e13ded44648ab33c21349a603f25b84ec5ed887995b33da5e3bfcb87cd2f64521c4c62cf825cffabbe5d31cc
t-v0-bit-47-1	1c5672d919cc0a800970cd7e05cb36ed27ed354c33519948e5a9eaf89aee12b70b962ce4fc8c8ca7eec974bb0039e84085419fa6ea968e6b2edb5fd34070381af7315f8048b16b897a509a04c808fcbbf9c63b95822e0c25215e40fedd89e3d206981d6673ea88ca2638f0703738ae0f5b49b554d05c0cd5a5325376b3387de59d924fd1e13ded44648ab33c21349a603f25b84ec5ed887995b33da5e3bfcb87cd2f64521c4c62cf825cffabbe5d31cc
t-v0-bit-47-2	1c5672d919cc0a800970cd7e05cb36ed27ed354c33519948e5a9eaf89aee12b75b6258f55cf2f7970a4c9313d9defb11fd5a1c8831abda2231dfce0dc89b1d7c1326613a3fcbe2e3e921020b08d416b15a8a6d7fa6964cb493ff47a25f3b742be830baf74fe66b71f29c2f8c0aad3a7d5b49b554d05c0cd5a5325376b3387de59d924fd1e13ded44648ab33c21349a603f25b84ec5ed887995b33da5e3bfcb87cd2f64521c4c62cf825cffabbe5d31cc
t-v0-bit-47-3	1c5672d919cc0a800970cd7e05cb36ed27ed354c33519948e5a9eaf89aee12b777ca24d246b0a57edc738a206deb4037f4b44724097a0a33739f70d46fba816cb206d47a0672cf69b50970f9ef4d2bdad7eae575983520047c8af173eac770e5c232d0b25eb49a0e039e35ad78dddc9d5b49b554d05c0cd5a5325376b3387de59d924fd1e13ded44648ab33c21349a603f25b84ec5ed887995b33da5e3bfcb87cd2f64521c4c62cf825cffabbe5d31cc
t-v0-bit-47-4	1c5672d919cc0a800970cd7e05cb36ed27ed354c33519948e5a9eaf89aee12b71c18e5b2f79ae343ca645c15dbadcfb0f8f375f940182814d95095cd00fe9f1fcbea0cccbd0ab4ffdb21e654e79e2ac85404148e7f9bd3229ff9729b0b2a5c3331ad13bc44500e125893d0709bcd24a75b49b554d05c0cd5a5325376b3387de59d924fd1e13ded44648ab33c21349a603f25b84ec5ed887995b33da5e3bfcb87cd2f64521c4c62cf825cffabbe5d31cc
t-v0-bit-47-5	1c5672d919cc0a800970cd7e05cb36ed27ed354c33519948e5a9eaf89aee12b70dbefb435d0bf385da1190f526a760fe1c4822d7bb3974ae72c3154efa36b2b9ab10f9d30e8fe0e763b6f35683f955504ddadaf413eccf431e368ea273f9df30922b519f3bfac0c5198a074b344013ef5b49b554d05c0cd5a5325376b3387de59d924fd1e13ded44648ab33c21349a603f25b84ec5ed887995b33da5e3bfcb87cd2f64521c4c62cf825cffabbe5d31cc
t-v0-bit-47-6	1c5672d919cc0a800970cd7e05cb36ed27ed354c33519948e5a9eaf89aee12b79e4e0a528a040851d1b199b3b585015b396ba6d44a4f7d42033353de17ffb42711d9f9f438f174c42779774c1c36b19cefee1995009764b5e33e3d773988ad1fa4911823c9b6031cbd58b930b8a236b15b49b554d05c0cd5a5325376b3387de59d924fd1e13ded44648ab33c21349a603f25b84ec5ed887995b33da5e3bfcb87cd2f64521c4c62cf825cffabbe5d31cc
t-v0-bit-47-7	1c5672d919cc0a800970cd7e05cb36ed27ed354c33519948e5a9eaf89aee12b7a74dd7ad7573967bb99a457c7b1ed0014b4f2ab4c2be97670da8e25e324376bf573c6ed114b86f08bdafc1ca17f8606d646d2d2c67abe3635b08ee4a63b94aa780e35a817e5ada8a6e0b0b7d03ac21f25b49b554d05c0cd5a5325376b3387de59d924fd1e13ded44648ab33c21349a603f25b84ec5ed887995b33da5e3bfcb87cd2f64521c4c62cf825cffabbe5d31cc
t-v0-bit-48-0	1c5672d919cc0a800970cd7e05cb36ed27ed354c33519948e5a9eaf89aee12b7e87c31378e1d36700ac9b0e3c7a34a65c9478d94eab227786754790e0a1098abf0f075a8ffc5cc35fc42046f860284ce9f48613badfc6ee9ee62d5ec19f42cd1eb29656d00d400a698351055c7731ce85b49b554d05c0cd5a5325376b3387de59d924fd1e13ded44648ab33c21349a603f25b84ec5ed887995b33da5e3bfcb87cd2f64521c4c62cf825cffabbe5d31cc
t-v0-bit-48-1	1c5672d919cc0a800970cd7e05cb36ed27ed354c33519948e5a9eaf89aee12b76a322ed34fad5f9613ccc4b45632793ab689902a4e571fa6440520bc0f7041803f195e8438781140b6bb74bbc80e1dbd243e529f0eac32cd6ea6be25dc3ce43529c6abb66039e14016b7b8b774a280e55b49b554d05c0cd5a5325376b3387de59d924fd1e13ded44648ab33c21349a603f25b84ec5ed887995b33da5e3bfcb87cd2f64521c4c62cf825cffabbe5d31cc
t-v0-bit-48-2	1c5672d919cc0a800970cd7e05cb36ed27ed354c33519948e5a9eaf89aee12b71cb8d4d6d2005f7ce786095e2b7bf98601f6d8eb06749a07518ebf916d113218415ede1d4174cbe4c0c0dedbdb5ef4d3de7108bd4715d75cfff23a31621a1d1fbc65f5d0cdd554d416f6c3d4353b15885b49b554d05c0cd5a5325376b3387de59d924fd1e13ded44648ab33c21349a603f25b84ec5ed887995b33da5e3bfcb87cd2f64521c4c62cf825cffabbe5d31cc
t-v0-bit-48-3	1c5672d919cc0a800970cd7e05cb36ed27ed354c33519948e5a9eaf89aee12b7b60d2e8be7e4b4e38318514e812c250b393b46c9a3f9ea3d10393f262725a846d3450c32a9ad3e570400c8fc8c9fdbc6d21660a14e6028f0c7d5ff5486fd1b3e8274e043885a1b8ea001ef1d99524bc85b49b554d05c0cd5a5325376b3387de59d924fd1e13ded44648ab33c21349a603f25b84ec5ed887995b33da5e3bfcb87cd2f64521c4c62cf825cffabbe5d31cc
t-v0-bit-48-4	1c5672d919cc0a800970cd7e05cb36ed27ed354c33519948e5a9eaf89aee12b78f3699f5af520c2e71e26f09799517cdf4e8857ad11c94b3c44f8fc292824c9bc5b893566d89a41d2569ac726eb9dd4a0dcca49e853afac1b94e13b4e3d9788ab34a6d5728cc5c4b6d2f81574b1ad1d75b49b554d05c0cd5a5325376b3387de59d924fd1e13ded44648ab33c21349a603f25b84ec5ed887995b33da5e3bfcb87cd2f64521c4c62cf825cffabbe5d31cc
t-v0-bit-48-5	1c5672d919cc0a800970cd7e05cb36ed27ed354c33519948e5a9eaf89aee12b77341a07d8ee3d28495b2ac154406df93ff8b387032b4a9ab768188d59c313fa460991a404923b427bde7ab7902fc2dd4c9ea9851f97318a817e871b4cd65a4f51b4b95c5218af77fd785442df2e4848c5b49b554d05c0cd5a5325376b3387de59d924fd1e13ded44648ab33c21349a603f25b84ec5ed887995b33da5e3bfcb87cd2f64521c4c62cf825cffabbe5d31cc
t-v0-bit-48-6	1c5672d919cc0a800970cd7e05cb36ed27ed354c33519948e5a9eaf89aee12b77739935f6bbb3ebec637538519c1f591795b2327e811857f227bc609b712eac04c20e08daca2bd49c0108837ac1d1667f314fae80b31a5fc04dd6b57c9e05d9046091ffee5e89493175a68c9a36723435b49b554d05c0cd5a5325376b3387de59d924fd1e13ded44648ab33c21349a603f25b84ec5ed887995b33da5e3bfcb87cd2f64521c4c62cf825cffabbe5d31cc
t-v0-bit-48-7	1c5672d919cc0a800970cd7e05cb36ed27ed354c33519948e5a9eaf89aee12b78a73cc6fcb6c62a8f02b38bd73fdf09629baa32441f57a19f1e634ca569aa1f5019802d714ef27831ddf8d55ccc75e7f1d958143c6481014b4e869589a5284db702b70dc7f7f40c54415aea29ba6cbe05b49b554d05c0cd5a5325376b3387de59d924fd1e13ded44648ab33c21349a603f25b84ec5ed887995b33da5e3bfcb87cd2f64521c4c62cf825cffabbe5d31cc
t-v0-bit-49-0	1c5672d919cc0a800970cd7e05cb36ed27ed354c33519948e5a9eaf89aee12b7df600b71a8d6426f7231083ca2f767240ad0380d7d076f4e5252e9a00547ebebe95bded68b8146d64f1a7e8fab84f02948a40ad4e02a29256b06d55fece2fc010b938154dadf751564e57748449fe0bb5b49b554d05c0cd5a5325376b3387de59d924fd1e13ded44648ab33c21349a603f25b84ec5ed887995b33da5e3bfcb87cd2f64521c4c62cf825cffabbe5d31cc
t-v0-bit-49-1	1c5672d919cc0a800970cd7e05cb36ed27ed354c33519948e5a9eaf89aee12b7aa68e9274b14234163d97f16548d1b2b3e65a243a7da24cf4592e3e25ef5ecd24bfe96c213342aec9dd94fb8619ae8562f40b087dc4a5fca66deed988dc1262f0ad9ad8cd64a58734ebf14463a2644e75b49b554d05c0cd5a5325376b3387de59d924fd1e13ded44648ab33c21349a603f25b84ec5ed887995b33da5e3bfcb87cd2f64521c4c62cf825cffabbe5d31cc
t-v0-bit-49-2	1c5672d919cc0a800970cd7e05cb36ed27ed354c33519948e5a9eaf89aee12b7a80b7ee170d7386fe93b4180c2a1f021dd819186465b4acb5a5118a6d9a5c0c220e3475f5800997c2d835afcf6af8bcb52ecaea4613b07661a97e0a489db39cd1155d76249959d49402d77329e8262575b49b554d05c0cd5a5325376b3387de59d924fd1e13ded44648ab33c21349a603f25b84ec5ed887995b33da5e3bfcb87cd2f64521c4c62cf825cffabbe5d31cc
t-v0-bit-49-3	1c5672d919cc0a800970cd7e05cb36ed27ed354c33519948e5a9eaf89aee12b783d00bf9de5f0f62282f15ed900636641f1cb8b8ae453004a44cdd0515401ab399a2108840cb2ac7950b96f0e864aa627ef735b67834670b4848bb4f3e9d3c4d87e5c7e713bde94cffae6b099a4835395b49b554d05c0cd5a5325376b3387de59d924fd1e13ded44648ab33c21349a603f25b84ec5ed887995b33da5e3bfcb87cd2f64521c4c62cf825cffabbe5d31cc
t-v0-bit-49-4	1c5672d919cc0a800970cd7e05cb36ed27ed354c33519948e5a9eaf89aee12b76e2aa4eb743a80e1bb45a680e9dde98caa61f2341ae5af946598b977afedf49d5d107bfcb0b474aa053c59c110e5fdde5585c713120fe19b92620c97d105c1860047882fcec128f2396ba45b74838df75b49b554d05c0cd5a5325376b3387de59d924fd1e13ded44648ab33c21349a603f25b84ec5ed887995b33da5e3bfcb87cd2f64521c4c62cf825cffabbe5d31cc
t-v0-bit-49-5	1c5672d919cc0a800970cd7e05cb36ed27ed354c33519948e5a9eaf89aee12b78620cf056cabb7ccaa0ecc3ad88733905a2f9a459ba320e960a6ae4c79588297b868563f4d52f3da3129984ac6c846ad8565a796ab23a11379a422224a7b27e622a038ac4a984f8b8c7dad1b3d564c005b49b554d05c0cd5a5325376b3387de59d924fd1e13ded44648ab33c21349a603f25b84ec5ed887995b33da5e3bfcb87cd2f64521c4c62cf825cffabbe5d31cc
t-v0-bit-49-6	1c5672d919cc0a800970cd7e05cb36ed27ed354c33519948e5a9eaf89aee12b73811b12949a87ca1ef256f9e8317d8e5cb1ce87064be60ce137b227a07e654810e2799ecafd90650d7c27517d57c1f07a68e48646e47a47ed54ebf2632c05030a15a7701e15a06768d31236dfe1e28965b49b554d05c0cd5a5325376b3387de59d924fd1e13ded44648ab33c21349a603f25b84ec5ed887995b33da5e3bfcb87cd2f64521c4c62cf825cffabbe5d31cc
t-v0-bit-49-7	1c5672d919cc0a800970cd7e05cb36ed27ed354c33519948e5a9eaf89aee12b79688c2bccd35ae3eb2a25b65a2d20a6b115c02b3a61734fcbea7bb5bfb344ddd522a4b82be54777cc9656361e98627fd56eec1b4e5e5e913ee5990e1b301512f92d8b48c8c4feb85ccf4c0eca00c5c885b49b554d05c0cd5a5325376b3387de59d924fd1e13ded44648ab33c21349a603f25b84ec5ed887995b33da5e3bfcb87cd2f64521c4c62cf825cffabbe5d31cc
t-v0-bit-50-0	1c5672d919cc0a800970cd7e05cb36ed27ed354c33519948e5a9eaf89aee12b732db6a0b490bd131a365ff096500ad14754ede3e59c668a460e340d086f70aefa4767cf61698656bea55f63c13116d482554c55d1ec66ee1d916302148f482f411e5a3f357e01662113d5596da2c55d75b49b554d05c0cd5a5325376b3387de59d924fd1e13ded44648ab33c21349a603f25b84ec5ed887995b33da5e3bfcb87cd2f64521c4c62cf825cffabbe5d31cc
t-v0-bit-50-1	1c5672d919cc0a800970cd7e05cb36ed27ed354c33519948e5a9eaf89aee12b7e66a02a45874cdea91dcffda4bb91a9a2360ba5245435f59b87d1ba5f716d4ee2b5b88528dd812235aa085c3273671a289172b65596a3027d5028936d0c5fa02fd781b2fffdf252eba7493757b03514f5b49b554d05c0cd5a5325376b3387de59d924fd1e13ded44648ab33c21349a603f25b84ec5ed887995b33da5e3bfcb87cd2f64521c4c62cf825cffabbe5d31cc
t-v0-bit-50-2	1c5672d919cc0a800970cd7e05cb36ed27ed354c33519948e5a9eaf89aee12b7185f16334f1202c3ee18ddb79ce54c415bc563d867da6e0d4f0bddd674cf2a9e738032f14c2508793f5f5bdf0775f48418503333deedfbbc644c9c588424564b661bfe0576ec57a029beeb3ec43575cd5b49b554d05c0cd5a5325376b3387de59d924fd1e13ded44648ab33c21349a603f25b84ec5ed887995b33da5e3bfcb87cd2f64521c4c62cf825cffabbe5d31cc
t-v0-bit-50-3	1c5672d919cc0a800970cd7e05cb36ed27ed354c33519948e5a9eaf89aee12b7dc1fcffe2836241690b4665a20c46f3e1929170989b102e13fc41829ca0c5e96f26aa073cb2aba675aa10ed69618d1dc29a15b6c22932c9e4e778ce950b0b271d1a1b5eec03167a26d79de29b9d0f7905b49b554d05c0cd5a5325376b3387de59d924fd1e13ded44648ab33c21349a603f25b84ec5ed887995b33da5e3bfcb87cd2f64521c4c62cf825cffabbe5d31cc
t-v0-bit-50-4	1c5672d919cc0a800970cd7e05cb36ed27ed354c33519948e5a9eaf89aee12b70c180ce44d8bab2fc46839942a1d07f2b7773a594f0f63ab952e8ef441566c4b68fcb94ee034cffb32904a5fbc2b32452ba2a8323141e634cb97fc6cf4b23d6ea31e1833e172d430f23387b6e7494fc95b49b554d05c0cd5a5325376b3387de59d924fd1e13ded44648ab33c21349a603f25b84ec5ed887995b33da5e3bfcb87cd2f64521c4c62cf825cffabbe5d31cc
t-v0-bit-50-5	1c5672d919cc0a800970cd7e05cb36ed27ed354c33519948e5a9eaf89aee12b74277141798672f644fa84227dd3bc4ce882962484ba97bd88124b0fd729c38110e720230f13d59e8698ce48707d1e530f501c14322f425f0fc746f13953b8dc22a88709aff5bac26a7c2217b6d2509aa5b49b554d05c0cd5a5325376b3387de59d924fd1e13ded44648ab33c21349a603f25b84ec5ed887995b33da5e3bfcb87cd2f64521c4c62cf825cffabbe5d31cc
t-v0-bit-50-6	1c5672d919cc0a800970cd7e05cb36ed27ed354c33519948e5a9eaf89aee12b7d4330f5a32992c78692485b5f186611b7f5f465e1f208087a0a218edac3797f15b9170aaf03e5d71d04d2158d79b77321138d3a518be72ca8bd93807d258dd429cd12e8c03ba161ad9e1d4c9e619fd845b49b554d05c0cd5a5325376b3387de59d924fd1e13ded44648ab33c21349a603f25b84ec5ed887995b33da5e3bfcb87cd2f64521c4c62cf825cffabbe5d31cc
t-v0-bit-50-7	1c5672d919cc0a800970cd7e05cb36ed27ed354c33519948e5a9eaf89aee12b7282994f6e616a4da311d9efe55eaafc2f624f0550150c89c1bd636f7ab69245b373eba4d3a26c23a609781ea471e6b62bda2a283a9a2f5afab8a348c3aa2e2e19a33b0aaf85c8901e471453d0376ad955b49b554d05c0cd5a5325376b3387de59d924fd1e13ded44648ab33c21349a603f25b84ec5ed887995b33da5e3bfcb87cd2f64521c4c62cf825cffabbe5d31cc
t-v0-bit-51-0	1c5672d919cc0a800970cd7e05cb36ed27ed354c33519948e5a9eaf89aee12b74ff6632f9545519224434fdad394ef0f2d33fad259ad5291b3f9113f0ecdc3da8ee645ea53a584509b31f540415d932ee2eceaa010c1305bf07c1e70e29b0f4676791c62ca43deba04756459b5f13ada5b49b554d05c0cd5a5325376b3387de59d924fd1e13ded44648ab33c21349a603f25b84ec5ed887995b33da5e3bfcb87cd2f64521c4c62cf825cffabbe5d31cc
t-v0-bit-51-1	1c5672d919cc0a800970cd7e05cb36ed27ed354c33519948e5a9eaf89aee12b71f859a141816b8de8c9838428dd4f8c60619fff1db49c28d70ff80ec2820756aa6456bb90a8a68f83f7dc938d3d76d43d84357a7c46e5b05218dd4198f03a2efe653f0d8db589de45bb5f03f29b93cd75b49b554d05c0cd5a5325376b3387de59d924fd1e13ded44648ab33c21349a603f25b84ec5ed887995b33da5e3bfcb87cd2f64521c4c62cf825cffabbe5d31cc
t-v0-bit-51-2	1c5672d919cc0a800970cd7e05cb36ed27ed354c33519948e5a9eaf89aee12b73cd7fa8a178aca47c77ed1627e6e87c31d3f1a5f9e996ccae99b6af1829338b296d1c0d2e649071b8147ed0caddaff6e6a81a16a272e108ef71d0ed1b7ef56d81f9b3364a010d28df265c661531400985b49b554d05c0cd5a5325376b3387de59d924fd1e13ded44648ab33c21349a603f25b84ec5ed887995b33da5e3bfcb87cd2f64521c4c62cf825cffabbe5d31cc
t-v0-bit-51-3	1c5672d919cc0a800970cd7e05cb36ed27ed354c33519948e5a9eaf89aee12b74fda4543c8d71190eff3c89ed7898fbe1a23421039bbf676467ed5252fc3de0c30751f2855ba1b78afe67b934ffff5ad068d2a5fa15ba13037b8ba0bbdb5e0ec6cec9042d14e9afca5fe4dd4b0c03fbf5b49b554d05c0cd5a5325376b3387de59d924fd1e13ded44648ab33c21349a603f25b84ec5ed887995b33da5e3bfcb87cd2f64521c4c62cf825cffabbe5d31cc
t-v0-bit-51-4	1c5672d919cc0a800970cd7e05cb36ed27ed354c33519948e5a9eaf89aee12b72542c2893f722772f25a98276297623e60e918afcadb958b75966b7bb28d42a999ca5b62c447a8d16649a43df08ec83856fd9997bffbbf940b371fc96ec1536bd2c74cc0e683944a1eedaaf9f0eacb875b49b554d05c0cd5a5325376b3387de59d924fd1e13ded44648ab33c21349a603f25b84ec5ed887995b33da5e3bfcb87cd2f64521c4c62cf825cffabbe5d31cc
t-v0-bit-51-5	1c5672d919cc0a800970cd7e05cb36ed27ed354c33519948e5a9eaf89aee12b78bbc7aa114722f57e2ebf021f80e19c37f272371a9c6f44428aaf8521abf7db4ecb96e2705bc6ea227e7b55c57ab7b7a49fe44595da189d2a78338156bc80358939647bc38e89583abc5ac4228c179795b49b554d05c0cd5a5325376b3387de59d924fd1e13ded44648ab33c21349a603f25b84ec5ed887995b33da5e3bfcb87cd2f64521c4c62cf825cffabbe5d31cc
t-v0-bit-51-6	1c5672d919cc0a800970cd7e05cb36ed27ed354c33519948e5a9eaf89aee12b772951c0bf40f44f9e687ccbf707ce799791be62a14d2c9ff8ffa8fd5f750461a2fff749fd86268e419433ffa031dd18033f6490c28603c281565fd043cfcd6e62739a1d33bb66cc9af7709cd695c8b135b49b554d05c0cd5a5325376b3387de59d924fd1e13ded44648ab33c21349a603f25b84ec5ed887995b33da5e3bfcb87cd2f64521c4c62cf825cffabbe5d31cc
t-v0-bit-51-7	1c5672d919cc0a800970cd7e05cb36ed27ed354c33519948e5a9eaf89aee12b7a398d37cc806dbcead7d9d7b9da464e2a64176a2ce48d375cdc353780be25e01bceb5031b5a8908dd0ddce2eaddfcb616ea3a14c4b576833f0a67fdb95c0627c5beb2b68df3bd1f7686b96dd9d75b2b15b49b554d05c0cd5a5325376b3387de59d924fd1e13ded44648ab33c21349a603f25b84ec5ed887995b33da5e3bfcb87cd2f64521c4c62cf825cffabbe5d31cc
t-v0-bit-52-0	1c5672d919cc0a800970cd7e05cb36ed27ed354c33519948e5a9eaf89aee12b76527fcfe2f83fe3b3f909002e0fb9b0d063738793534f74a7b0357631e93241803e96f2d329db122d2bd73b6f485c017b8704ad3a0c40bcaefee196d497e56e97f3b9390a6ea890463af6fd02fa65a345b49b554d05c0cd5a5325376b3387de59d924fd1e13ded44648ab33c21349a603f25b84ec5ed887995b33da5e3bfcb87cd2f64521c4c62cf825cffabbe5d31cc
t-v0-bit-52-1	1c5672d919cc0a800970cd7e05cb36ed27ed354c33519948e5a9eaf89aee12b79d1754e3a7653f5ba23b403a428ac186414a31fd89acfede65f2844dd08a4a2fcbd1fa742ecdc7fc473132cdeccbce62d2eca9eb9139bcc946562d4bb4093d8f766d5331d25d9692432941de7f6124cb5b49b554d05c0cd5a5325376b3387de59d924fd1e13ded44648ab33c21349a603f25b84ec5ed887995b33da5e3bfcb87cd2f64521c4c62cf825cffabbe5d31cc
t-v0-bit-52-2	1c5672d919cc0a800970cd7e05cb36ed27ed354c33519948e5a9eaf89aee12b72cc7af34c012b6bb35af6f55029465f7e537e1e4eb6b987de9659a15220e46e32fbe51a9fa6ec0d805103de4b5c564694dc4dda911e8ff03689657f1a0ecfb99d25648f38c52c0800a20367af7c8aaf65b49b554d05c0cd5a5325376b3387de59d924fd1e13ded44648ab33c21349a603f25b84ec5ed887995b33da5e3bfcb87cd2f64521c4c62cf825cffabbe5d31cc
t-v0-bit-52-3	1c5672d919cc0a800970cd7e05cb36ed27ed354c33519948e5a9eaf89aee12b72d86e5484d62d5545ba7e4bab83ba9cdd26fea2a4a5339bef953210cbc1909409ca84774658760814ce9bc9895f591467ff2d15f4e3da2f527248e88f0533b29707b3e570547484b7dfc25a57ada0dfb5b49b554d05c0cd5a5325376b3387de59d924fd1e13ded44648ab33c21349a603f25b84ec5ed887995b33da5e3bfcb87cd2f64521c4c62cf825cffabbe5d31cc
t-v0-bit-52-4	1c5672d919cc0a800970cd7e05cb36ed27ed354c33519948e5a9eaf89aee12b7d91f06886717b3b651a472db6da525b90b4aaa25bfcd9d238a7d1faa6c4be61693d3b221e6a7f4f094640bea73a899b85ea5b1109781b44f5cf2bd279b8ce7a53ebcd19f3cae047a4efab75b13714b4b5b49b554d05c0cd5a5325376b3387de59d924fd1e13ded44648ab33c21349a603f25b84ec5ed887995b33da5e3bfcb87cd2f64521c4c62cf825cffabbe5d31cc
t-v0-bit-52-5	1c5672d919cc0a800970cd7e05cb36ed27ed354c33519948e5a9eaf89aee12b79502ef1c8eaece0b41d448a89717f36c355085318aa3ca8e3a973b07beaaad30a94c625ca9eae8570b0a2aadbd4614dfa6255fbe2a21c47898e2ccefe6021a904aff9d6ced12be7dcfc98441d9e1a0645b49b554d05c0cd5a5325376b3387de59d924fd1e13ded44648ab33c21349a603f25b84ec5ed887995b33da5e3bfcb87cd2f64521c4c62cf825cffabbe5d31cc
t-v0-bit-52-6	1c5672d919cc0a800970cd7e05cb36ed27ed354c33519948e5a9eaf89aee12b76ebb5fff6483da9748156509afd16395178787085b4ee736c67dce3319405cd5db952eb40c3eff43881a5f764e05536e351ce1b91fa073e3c65f51d5290c6aa3a947706ca4bc93b8a13103447640528b5b49b554d05c0cd5a5325376b3387de59d924fd1e13ded44648ab33c21349a603f25b84ec5ed887995b33da5e3bfcb87cd2f64521c4c62cf825cffabbe5d31cc
t-v0-bit-52-7	1c5672d919cc0a800970cd7e05cb36ed27ed354c33519948e5a9eaf89aee12b72295aa426e5e06ec2a7ee21a88e9f4bf70b816ee68cd9dfc07384dfae11f1644bbed6a47417271ac8809fc799e5664a90aeea9a37848dd5ba9fe01ec16c44337e1f5b63cdf857b55c560c416c112d5eb5b49b554d05c0cd5a5325376b3387de59d924fd1e13ded44648ab33c21349a603f25b84ec5ed887995b33da5e3bfcb87cd2f64521c4c62cf825cffabbe5d31cc
t-v0-bit-53-0	1c5672d919cc0a800970cd7e05cb36ed27ed354c33519948e5a9eaf89aee12b7d11a9aa969682a6b2048a25195fdfc7a0cf8f96f59036579d9aaba5a143452644f364b7e152196bcb9d52329b884c28ae493225f813947a5190d71af9baa2e2147f1701a8b31731ccccf4cf6eb52017b5b49b554d05c0cd5a5325376b3387de59d924fd1e13ded44648ab33c21349a603f25b84ec5ed887995b33da5e3bfcb87cd2f64521c4c62cf825cffabbe5d31cc
t-v0-bit-53-1	1c5672d919cc0a800970cd7e05cb36ed27ed354c33519948e5a9eaf89aee12b71ff321844bfd1a13b6af50e62615b5133fbaab6f0f4b7ff06fea1531940a614f2e3fd3025bdd49722f56ec134a7b00432432ccd7fe77e5f5c80fe5074215d2785f3a83e99bf833d5f3019efea00159395b49b554d05c0cd5a5325376b3387de59d924fd1e13ded44648ab33c21349a603f25b84ec5ed887995b33da5e3bfcb87cd2f64521c4c62cf825cffabbe5d31cc
t-v0-bit-53-2	1c5672d919cc0a800970cd7e05cb36ed27ed354c33519948e5a9eaf89aee12b77fc5b507e1cfb9a5a0d1eaeafb59375e238c4dc3405a89419490ee3aa35a3f78b76c0248061956579a7f4615021b95e393d88e63f0ddc33d589a0256cc726fc96613a89ec710a6c34fb399b7a3b19d5b5b49b554d05c0cd5a5325376b3387de59d924fd1e13ded44648ab33c21349a603f25b84ec5ed887995b33da5e3bfcb87cd2f64521c4c62cf825cffabbe5d31cc
t-v0-bit-53-3	1c5672d919cc0a800970cd7e05cb36ed27ed354c33519948e5a9eaf89aee12b795a83cc4b92d017c0f9750bbd80fcb4997fc8b49d73d837fc30ba4a00e536926ab208fddc425345a53df2e031840383bc6ec8180011ce9e5315aec1c10fb36f587dbdf529c73fdb8871f0341bc89db3c5b49b554d05c0cd5a5325376b3387de59d924fd1e13ded44648ab33c21349a603f25b84ec5ed887995b33da5e3bfcb87cd2f64521c4c62cf825cffabbe5d31cc
t-v0-bit-53-4	1c5672d919cc0a800970cd7e05cb36ed27ed354c33519948e5a9eaf89aee12b75ce39791eb019ff3f409fa8f0bc10046ac1bb9081ed32a7c1d390fb70112938003029ffb7ec7a8c16200975d8e9d15e5a484631e0d6a263af0eda98f16c79356fa99b2e4ceb86ad602fe946d3585c4325b49b554d05c0cd5a5325376b3387de59d924fd1e13ded44648ab33c21349a603f25b84ec5ed887995b33da5e3bfcb87cd2f64521c4c62cf825cffabbe5d31cc
t-v0-bit-53-5	1c5672d919cc0a800970cd7e05cb36ed27ed354c33519948e5a9eaf89aee12b70a9d7fe7214daf6b168994b52f08c3739f5e3ebb7357741ba8fe31c2ed6e93e0c9ea849d09ee998bcada8e01802cf2ae4fcba70aabbb164238fddd4e438640e32583e594ef8f56f6553724336750e2a45b49b554d05c0cd5a5325376b3387de59d924fd1e13ded44648ab33c21349a603f25b84ec5ed887995b33da5e3bfcb87cd2f64521c4c62cf825cffabbe5d31cc
t-v0-bit-53-6	1c5672d919cc0a800970cd7e05cb36ed27ed354c33519948e5a9eaf89aee12b79dc7211031535393d6ade3c3c8fbefc8c51b31305f2660588596b978617ac2b25e6f0dac91f644c55f76834a82244dc6c68cab567e8f04422869bf5cd293e779a7d01bc16d49ea0f476c2ca32680542f5b49b554d05c0cd5a5325376b3387de59d924fd1e13ded44648ab33c21349a603f25b84ec5ed887995b33da5e3bfcb87cd2f64521c4c62cf825cffabbe5d31cc
t-v0-bit-53-7	1c5672d919cc0a800970cd7e05cb36ed27ed354c33519948e5a9eaf89aee12b745998611f9a42ab168437fe74b40510a29ea5d40ae2642fcc2d25339b84e33ca3811afe14a7c84cd887a981ba13c78b985e27779c1209bbd4dea4e6b1e2713fd28da492f116aaec90fab7a2032eaabd05b49b554d05c0cd5a5325376b3387de59d924fd1e13ded44648ab33c21349a603f25b84ec5ed887995b33da5e3bfcb87cd2f64521c4c62cf825cffabbe5d31cc
t-v0-bit-54-0	1c5672d919cc0a800970cd7e05cb36ed27ed354c33519948e5a9eaf89aee12b77a1a3f650184788a52b6022c504326846365f03f91ec6fa547af65dc9d1bb40ebbb16f527043571b75fcd25cfe721e767c38c7dd43542ee5adea125a1255021da7f13d3cc26f4dd92ef977857c01ab785b49b554d05c0cd5a5325376b3387de59d924fd1e13ded44648ab33c21349a603f25b84ec5ed887995b33da5e3bfcb87cd2f64521c4c62cf825cffabbe5d31cc
t-v0-bit-54-1	1c5672d919cc0a800970cd7e05cb36ed27ed354c33519948e5a9eaf89aee12b7caf1ecd6e137def1c9f3fedb2310193aa95401a970b2af2e1d595fbc8a1592619c37dc241ecb2a55f97ee052e4d16479b061b4ee0bfd48b5919f09cca370b2a8a1e2be1afd71bb3d431ff65de3f42bc15b49b554d05c0cd5a5325376b3387de59d924fd1e13ded44648ab33c21349a603f25b84ec5ed887995b33da5e3bfcb87cd2f64521c4c62cf825cffabbe5d31cc
t-v0-bit-54-2	1c5672d919cc0a800970cd7e05cb36ed27ed354c33519948e5a9eaf89aee12b7c17efba6a474b8d25745775e00b03f735964c6f1bf3acb27d4a907921db9433598ba5b027eaf5dc599b71e614023b7119070c221f3d1175e1140044be1f003b49f503a5f43ced80acb1e134aaadcdeb95b49b554d05c0cd5a5325376b3387de59d924fd1e13ded44648ab33c21349a603f25b84ec5ed887995b33da5e3bfcb87cd2f64521c4c62cf825cffabbe5d31cc
t-v0-bit-54-3	1c5672d919cc0a800970cd7e05cb36ed27ed354c33519948e5a9eaf89aee12b7676fc8bd3945a337844c94985f0ab9e2a09da96e030cb6918a12bcb233fff927798d1db1b5d1f3caae229d25a14a03d77339138540f3d916617a1ed035431b71d903d83dce6c6c7f6aeb472c6ec2a6de5b49b554d05c0cd5a5325376b3387de59d924fd1e13ded44648ab33c21349a603f25b84ec5ed887995b33da5e3bfcb87cd2f64521c4c62cf825cffabbe5d31cc
t-v0-bit-54-4	1c5672d919cc0a800970cd7e05cb36ed27ed354c33519948e5a9eaf89aee12b75c57ff79a64219b209a95555ffc21dd76c49f21bcd4270d344065070f15f381a24f972ee5fbe07139480838f2b81fc83edeb482dc477dcbc63b6c13037c1eb0ff2770ff18ec08a7d175483a137217e0e5b49b554d05c0cd5a5325376b3387de59d924fd1e13ded44648ab33c21349a603f25b84ec5ed887995b33da5e3bfcb87cd2f64521c4c62cf825cffabbe5d31cc
t-v0-bit-54-5	1c5672d919cc0a800970cd7e05cb36ed27ed354c33519948e5a9eaf89aee12b72b4162ca01a93a1cda7957afe4268427d18f79334451069897d3861721198284a3b8fa9af05bf5fb6b8fe17d14134e1f4a7c9aae82a171f3a09154ba5982a18d5477bff46f0e2eed6f150c669df0e8b75b49b554d05c0cd5a5325376b3387de59d924fd1e13ded44648ab33c21349a603f25b84ec5ed887995b33da5e3bfcb87cd2f64521c4c62cf825cffabbe5d31cc
t-v0-bit-54-6	1c5672d919cc0a800970cd7e05cb36ed27ed354c33519948e5a9eaf89aee12b79745803427826ae4f7d0409bffbbb6d8ee58e2032f644d2eccc00808e6ec881079b7b9c6ebc44820353a8f4e52b0ffcb17f94593f918aa357138f61eddf415c4c9799ba1cab380934ba61665ba7a50505b49b554d05c0cd5a5325376b3387de59d924fd1e13ded44648ab33c21349a603f25b84ec5ed887995b33da5e3bfcb87cd2f64521c4c62cf825cffabbe5d31cc
t-v0-bit-54-7	1c5672d919cc0a800970cd7e05cb36ed27ed354c33519948e5a9eaf89aee12b7fcbc6993217c962de33d1022c3eb9a64fcacde9cedb408f7a68cb8812817c01ed62a258541896a3fafa1ea983809c602240040a761541b7208492a1765a57f0742aaf0336c86e0000d5c35e3223b58675b49b554d05c0cd5a5325376b3387de59d924fd1e13ded44648ab33c21349a603f25b84ec5ed887995b33da5e3bfcb87cd2f64521c4c62cf825cffabbe5d31cc
t-v0-bit-55-0	1c5672d919cc0a800970cd7e05cb36ed27ed354c33519948e5a9eaf89aee12b7f629be595a76d2b62e6dbf79e279ae0505b54f4f4ddb0bbdb7086dc011a956d13d8cb20492012cc598f016f9997cf83c0d40ca276baaf3d4e1b84ca70f34c93fd310830a1f7c53bf0318e78c8d54dfe15b49b554d05c0cd5a5325376b3387de59d924fd1e13ded44648ab33c21349a603f25b84ec5ed887995b33da5e3bfcb87cd2f64521c4c62cf825cffabbe5d31cc
t-v0-bit-55-1	1c5672d919cc0a800970cd7e05cb36ed27ed354c33519948e5a9eaf89aee12b7074d0b312abe050fe7bb0687e3e5f5db139f99598c976c3919420c24686610189baba79b223e1636c50c0750f1467cb242758309c192ee3d214aaedc5b08475c402e1c86b5eb1c2c8f027bd9b943b9b45b49b554d05c0cd5a5325376b3387de59d924fd1e13ded44648ab33c21349a603f25b84ec5ed887995b33da5e3bfcb87cd2f64521c4c62cf825cffabbe5d31cc
t-v0-bit-55-2	1c5672d919cc0a800970cd7e05cb36ed27ed354c33519948e5a9eaf89aee12b7792bddd184f5f3a03005c8823c36bf43e92d4fe2c55612fdf6a97ebaa981fdd8555ef93699417346596d748241cf92a659f32b0a7055248b85d32fa0d46e0b897952390a5abb47da3b59d2896626354f5b49b554d05c0cd5a5325376b3387de59d924fd1e13ded44648ab33c21349a603f25b84ec5ed887995b33da5e3bfcb87cd2f64521c4c62cf825cffabbe5d31cc
t-v0-bit-55-3	1c5672d919cc0a800970cd7e05cb36ed27ed354c33519948e5a9eaf89aee12b71fa33423e6c539ff8ca299d1b741e9d1560823a395c4615c720ba04a38e772778500533711db1fd094c1e895dac6a98c73efb4c66163847a5bfd7a555229f3da3335714aca6959e88a7567e03b775b0e5b49b554d05c0cd5a5325376b3387de59d924fd1e13ded44648ab33c21349a603f25b84ec5ed887995b33da5e3bfcb87cd2f64521c4c62cf825cffabbe5d31cc
t-v0-bit-55-4	1c5672d919cc0a800970cd7e05cb36ed27ed354c33519948e5a9eaf89aee12b7b0b1572ab4c58689642582e1900e89360f863bf9b01041ae41576f92c6c134e7143adee4c27b311f6787f70b9e25b99659974615081d1f2419e5951acfec169256663765b782072b79f32ba6b1aa17805b49b554d05c0cd5a5325376b3387de59d924fd1e13ded44648ab33c21349a603f25b84ec5ed887995b33da5e3bfcb87cd2f64521c4c62cf825cffabbe5d31cc
t-v0-bit-55-5	1c5672d919cc0a800970cd7e05cb36ed27ed354c33519948e5a9eaf89aee12b743bcf2f40f5e05142b3d5b05e8b561e0caf6173f9c69545c7e204ca245d68874143a9c1f3440df819185991fa4d0c10167371b088c72105cb958906b87afc1803f86eaeedb5982056e73309485099dc65b49b554d05c0cd5a5325376b3387de59d924fd1e13ded44648ab33c21349a603f25b84ec5ed887995b33da5e3bfcb87cd2f64521c4c62cf825cffabbe5d31cc
t-v0-bit-55-6	1c5672d919cc0a800970cd7e05cb36ed27ed354c33519948e5a9eaf89aee12b70415962b10408eb7f2968ff9e74bf72ee83b712f7a770b4b4582c69933838b1ab6a56000464ee7b9b356f3ea5f211c0a8f083ce51fda3c73ab87545defaba0f78cf4dcbc447e9ebb4ec95d1d61578f525b49b554d05c0cd5a5325376b3387de59d924fd1e13ded44648ab33c21349a603f25b84ec5ed887995b33da5e3bfcb87cd2f64521c4c62cf825cffabbe5d31cc
t-v0-bit-55-7	1c5672d919cc0a800970cd7e05cb36ed27ed354c33519948e5a9eaf89aee12b776bca970e03a7dbefe4ee9005de8f4a0fc2c3a5d4e646a8a0a7790dee095ecdfa0988d104befe9df6f337a03e5b8d36cd02aaed22d5a8d36e7c98ff3434d97872e338ab0cab4582926ef288b654fd8055b49b554d05c0cd5a5325376b3387de59d924fd1e13ded44648ab33c21349a603f25b84ec5ed887995b33da5e3bfcb87cd2f64521c4c62cf825cffabbe5d31cc
t-v0-bit-56-0	1c5672d919cc0a800970cd7e05cb36ed27ed354c33519948e5a9eaf89aee12b7ec6aa2ca0b1dc7f1422aa805e3e480acd232090cd2294797dc74a76b2707e32c3a8764ad290feefcd82a764938a4962523b09fccf3f593da314bdd73bb59e4cfd592c4dd32f4620e60a1ec9a0273af325b49b554d05c0cd5a5325376b3387de59d924fd1e13ded44648ab33c21349a603f25b84ec5ed887995b33da5e3bfcb87cd2f64521c4c62cf825cffabbe5d31cc
t-v0-bit-56-1	1c5672d919cc0a800970cd7e05cb36ed27ed354c33519948e5a9eaf89aee12b7329f19974b8e439ecc88771e54bc3eb281670654c5b87bcd8c1cd4b6060dd0d6ba2ed3ceeebd7f49a61f876ee14a754a2f3e6e98415f941ace81ce5f0c38366e367ae833c412ef03c2765fd7eb1832ac5b49b554d05c0cd5a5325376b3387de59d924fd1e13ded44648ab33c21349a603f25b84ec5ed887995b33da5e3bfcb87cd2f64521c4c62cf825cffabbe5d31cc
t-v0-bit-56-2	1c5672d919cc0a800970cd7e05cb36ed27ed354c33519948e5a9eaf89aee12b74b2fb9fa59a200ed7f687a5dcc023c88a41487a54f178b3b5a9cc9658877c33203d56c5237c1c8c37f85865d8efde716dc083ea0c910fbadc5913455801804008ae269f57620d09e8761508d31dd19ec5b49b554d05c0cd5a5325376b3387de59d924fd1e13ded44648ab33c21349a603f25b84ec5ed887995b33da5e3bfcb87cd2f64521c4c62cf825cffabbe5d31cc
t-v0-bit-56-3	1c5672d919cc0a800970cd7e05cb36ed27ed354c33519948e5a9eaf89aee12b76109096253eb8f52f88c426c291536a6233bc3401794d88c10352eeea238df329cb7d8cc6ffa47b326d5a3747c250f80885a94ccda9b25811a720c7232e35b3887c7bb66dda8a2299fb222dbdf366a695b49b554d05c0cd5a5325376b3387de59d924fd1e13ded44648ab33c21349a603f25b84ec5ed887995b33da5e3bfcb87cd2f64521c4c62cf825cffabbe5d31cc
t-v0-bit-56-4	1c5672d919cc0a800970cd7e05cb36ed27ed354c33519948e5a9eaf89aee12b7e81abfb2f0a59ae4f462ac107444a92b16a59e27311ebf3787673e0c61cde47435d4405a7ba7e71c14966d7e552acaba9db817ca8dfbda1c7ea8ff9eedf37364a517a909fd1d9ac86c1ae06c41d46fff5b49b554d05c0cd5a5325376b3387de59d924fd1e13ded44648ab33c21349a603f25b84ec5ed887995b33da5e3bfcb87cd2f64521c4c62cf825cffabbe5d31cc
t-v0-bit-56-5	1c5672d919cc0a800970cd7e05cb36ed27ed354c33519948e5a9eaf89aee12b75556c6df7c6c0b344aa2456b05cd0c1fe64714f0c040f2039cf87d77208b9f6deed2490d04cf95dee95565e8f6c533e015bdf561a0bc3bd9cd3f32bdaec50e358710c9bdce556c67683c1443ac5462b45b49b554d05c0cd5a5325376b3387de59d924fd1e13ded44648ab33c21349a603f25b84ec5ed887995b33da5e3bfcb87cd2f64521c4c62cf825cffabbe5d31cc
t-v0-bit-56-6	1c5672d919cc0a800970cd7e05cb36ed27ed354c33519948e5a9eaf89aee12b7577a940c1362d8849aa43890ce23c1cffef3cdacbd2f8200afb4044684411eabbeb5bebcc842f246bbcd8cc2f56d0c64bb61e2030f46b9d49de78169904ca7922f9011b2cfbac39bd647bd5e294dd2245b49b554d05c0cd5a5325376b3387de59d924fd1e13ded44648ab33c21349a603f25b84ec5ed887995b33da5e3bfcb87cd2f64521c4c62cf825cffabbe5d31cc
t-v0-bit-56-7	1c5672d919cc0a800970cd7e05cb36ed27ed354c33519948e5a9eaf89aee12b7c7cc46ae20cc02e53b7ab250e7e2b200c088809063ca853814e68d007ac01f9e04fd1780854f4b3f09adf74f6cb6ed2aa4057b51df71f16077062a43d9ed0af8aa1343f3ea6579b64bbf02e2e3abaf3c5b49b554d05c0cd5a5325376b3387de59d924fd1e13ded44648ab33c21349a603f25b84ec5ed887995b33da5e3bfcb87cd2f64521c4c62cf825cffabbe5d31cc
t-v0-bit-57-0	1c5672d919cc0a800970cd7e05cb36ed27ed354c33519948e5a9eaf89aee12b7a39d7e0e407327772bb984ed9699fb472650e40d1e00d441780c2cc519c1fc762712330a9e9fee4c759ed21e3864f4d3b26641c954405d4e3b7d28b7a178a20104cd864f867d78afbc65b83412219a7b5b49b554d05c0cd5a5325376b3387de59d924fd1e13ded44648ab33c21349a603f25b84ec5ed887995b33da5e3bfcb87cd2f64521c4c62cf825cffabbe5d31cc
t-v0-bit-57-1	1c5672d919cc0a800970cd7e05cb36ed27ed354c33519948e5a9eaf89aee12b74edf2d19e0c7a5f03d2ee9571d28df6aaf0b30850dd638bad8fa400a8260db2d43b18c490ec8e114fd69052cfc8dbb911cc03f8f4ec8bae16a01c7924b8f8d20f989b68884f1badb30e420ea1b5807295b49b554d05c0cd5a5325376b3387de59d924fd1e13ded44648ab33c21349a603f25b84ec5ed887995b33da5e3bfcb87cd2f64521c4c62cf825cffabbe5d31cc
t-v0-bit-57-2	1c5672d919cc0a800970cd7e05cb36ed27ed354c33519948e5a9eaf89aee12b753f94a3546673aac7ec9f97f28683604676732d34a5dbef0bc1326d02a553a656e32b0143f94e88d8f916e1df52d7f817d1e77dbfdd6ae39f1974458a37afb8ee8561e478a15bff704405e444c2e98fb5b49b554d05c0cd5a5325376b3387de59d924fd1e13ded44648ab33c21349a603f25b84ec5ed887995b33da5e3bfcb87cd2f64521c4c62cf825cffabbe5d31cc
t-v0-bit-57-3	1c5672d919cc0a800970cd7e05cb36ed27ed354c33519948e5a9eaf89aee12b7d25fa95b4ede397c5387b09415a5d508b54a569cbd8dcea890995f62ccf29594478bb21464b5fc227ac4ad8531f22017ab113259efb57b1bfc8568e9a3f8462b21d328a5d76bd0c5fbd2d0f8bb5c8a485b49b554d05c0cd5a5325376b3387de59d924fd1e13ded44648ab33c21349a603f25b84ec5ed887995b33da5e3bfcb87cd2f64521c4c62cf825cffabbe5d31cc
t-v0-bit-57-4	1c5672d919cc0a800970cd7e05cb36ed27ed354c33519948e5a9eaf89aee12b735b60dba2d7d054df2e15fd82deec9222343684944d1a5a063ca4e092a747cb7e417c10008c35be119a799475d1bcba1b2992863c710b0289c1149576d9f014bbd8417143399db07a66ddb36a45c76445b49b554d05c0cd5a5325376b3387de59d924fd1e13ded44648ab33c21349a603f25b84ec5ed887995b33da5e3bfcb87cd2f64521c4c62cf825cffabbe5d31cc
t-v0-bit-57-5	1c5672d919cc0a800970cd7e05cb36ed27ed354c33519948e5a9eaf89aee12b78fb3fafe3a3d13c47becac7c7b2cb581906c0edb321c4c6b7f79888066fba809b6c06db61d87d1500af8f9379f5e86f411f46b8ec2270fdb2e3cd941fe8f79b46b6fb9c763c085782977cc732fec19c25b49b554d05c0cd5a5325376b3387de59d924fd1e13ded44648ab33c21349a603f25b84ec5ed887995b33da5e3bfcb87cd2f64521c4c62cf825cffabbe5d31cc
t-v0-bit-57-6	1c5672d919cc0a800970cd7e05cb36ed27ed354c33519948e5a9eaf89aee12b7aaec88e901900bb89704df74d57ca6b7707d6455893e443b4f512cf42690305861ad511f01cbbff5f57224cb55f87ba7942bdf6f5bb6c5e250d23668eb503e929aa6c6a63b8664dc51c5b8b1d1446d535b49b554d05c0cd5a5325376b3387de59d924fd1e13ded44648ab33c21349a603f25b84ec5ed887995b33da5e3bfcb87cd2f64521c4c62cf825cffabbe5d31cc
t-v0-bit-57-7	1c5672d919cc0a800970cd7e05cb36ed27ed354c33519948e5a9eaf89aee12b70308023563fe6230bb553aab72c3679006cf48164fba5a21eefc9a99a055a6258c835c12850f1c6935bd51589689ef1f48fb71fb1316a57020ad0548f0c24ae503a2e3323852d63ec8b69295ad72f39e5b49b554d05c0cd5a5325376b3387de59d924fd1e13ded44648ab33c21349a603f25b84ec5ed887995b33da5e3bfcb87cd2f64521c4c62cf825cffabbe5d31cc
t-v0-bit-58-0	1c5672d919cc0a800970cd7e05cb36ed27ed354c33519948e5a9eaf89aee12b79971a9c53e15a78e8f7aa73f86dcd2aa6195d4bc9442a455db33b11de0c88a80330287258cac1b24998200b1624bbde615ee8e53d9828251b4e4b7524a993767e4d1ce5e7cc0872cf97f9e05ad98180c5b49b554d05c0cd5a5325376b3387de59d924fd1e13ded44648ab33c21349a603f25b84ec5ed887995b33da5e3bfcb87cd2f64521c4c62cf825cffabbe5d31cc
t-v0-bit-58-1	1c5672d919cc0a800970cd7e05cb36ed27ed354c33519948e5a9eaf89aee12b735437914da49c717de97a52b39a79bf2003475d7adfda2375373e179d6cce4427a0e34d4541a089fbc847d4e8a93c8a422faa7d89718a7c82885dbca1f771438a9ece81ab6c3ec0d3db76ae3a80720f75b49b554d05c0cd5a5325376b3387de59d924fd1e13ded44648ab33c21349a603f25b84ec5ed887995b33da5e3bfcb87cd2f64521c4c62cf825cffabbe5d31cc
t-v0-bit-58-2	1c5672d919cc0a800970cd7e05cb36ed27ed354c33519948e5a9eaf89aee12b7a9d7d4c12c472f8f844d56f2e5737b5b2ca88c179e8dc9e4d24684571c3ea2e5b0d2e6d091c1551f9790954a7dc59d6f31d9d43991f103219f8d156726c10beca82a12c2d4703e449f599af3269af05c5b49b554d05c0cd5a5325376b3387de59d924fd1e13ded44648ab33c21349a603f25b84ec5ed887995b33da5e3bfcb87cd2f64521c4c62cf825cffabbe5d31cc
t-v0-bit-58-3	1c5672d919cc0a800970cd7e05cb36ed27ed354c33519948e5a9eaf89aee12b7c194d340f9734a492f36f0b9c4ddd9f3741135b8af39b21040f7b8863fdd7c88f084071db49ba051c723dd39fd04b0d8294c556579cb123ff75f136f602240cbcc1eebf6defb9cac30e927cebc4682ed5b49b554d05c0cd5a5325376b3387de59d924fd1e13ded44648ab33c21349a603f25b84ec5ed887995b33da5e3bfcb87cd2f64521c4c62cf825cffabbe5d31cc
t-v0-bit-58-4	1c5672d919cc0a800970cd7e05cb36ed27ed354c33519948e5a9eaf89aee12b735ba734edeadf75a3ebc91f873e653ba0e5ebcb27b0d531f6fea8cefa0c862222dad055a8baa1911fe6453d4bc6b2dfffdeab700b1a64a8b1a3153e594631012c19f338328c591e152a1d81eb18c2bb75b49b554d05c0cd5a5325376b3387de59d924fd1e13ded44648ab33c21349a603f25b84ec5ed887995b33da5e3bfcb87cd2f64521c4c62cf825cffabbe5d31cc
t-v0-bit-58-5	1c5672d919cc0a800970cd7e05cb36ed27ed354c33519948e5a9eaf89aee12b72e9ce356e70bbf99819d3945d5ba9a80960c59ece80330d46eb3302e5c4ff36ef6bdf96c3e86ffafbed6a093ac11504e7a893b033ae70a748aca5c1c900caf96392f8c4eac4a1fba50116cac7d183aeb5b49b554d05c0cd5a5325376b3387de59d924fd1e13ded44648ab33c21349a603f25b84ec5ed887995b33da5e3bfcb87cd2f64521c4c62cf825cffabbe5d31cc
t-v0-bit-58-6	1c5672d919cc0a800970cd7e05cb36ed27ed354c33519948e5a9eaf89aee12b72588a4afe4189c434b3e75d9630d56aec202180fb8ef0e726d94d4b11080c0bf69cebe21ba6664cea48d77964378d45831ba846d570cfdd5d622ecb5079376830a7b1d2eb0f07f8edafe6ed8e554fbf45b49b554d05c0cd5a5325376b3387de59d924fd1e13ded44648ab33c21349a603f25b84ec5ed887995b33da5e3bfcb87cd2f64521c4c62cf825cffabbe5d31cc
t-v0-bit-58-7	1c5672d919cc0a800970cd7e05cb36ed27ed354c33519948e5a9eaf89aee12b7159e0e71c695a66d59e887adca263854777f39df8b65172b1b9cb5e25e123a64298e8cd8bc354206ab2d014d4d38b91f07b05e67c12c43bea13a4247ddbd6aef15ad998b8ce28f550b27c725bcc3ea995b49b554d05c0cd5a5325376b3387de59d924fd1e13ded44648ab33c21349a603f25b84ec5ed887995b33da5e3bfcb87cd2f64521c4c62cf825cffabbe5d31cc
t-v0-bit-59-0	1c5672d919cc0a800970cd7e05cb36ed27ed354c33519948e5a9eaf89aee12b78cd70f5a5388cdd4bcd5c1d0e1fde46f97e453986e1fa5375b854036c474224db68da12141a37666632d4f72301bacf8e08d8cdfb95a280737daaeebab30bebc80e6965d80ae6e30d79ed8c622c0aff45b49b554d05c0cd5a5325376b3387de59d924fd1e13ded44648ab33c21349a603f25b84ec5ed887995b33da5e3bfcb87cd2f64521c4c62cf825cffabbe5d31cc
t-v0-bit-59-1	1c5672d919cc0a800970cd7e05cb36ed27ed354c33519948e5a9eaf89aee12b7467230d85191e0040fb8d80a0b33aa5926be47b8672093f704b1a1abffb3ee8da3bc3354dbe47492c1d2e570b2a9d4cb45f2d3f40905feccad107849f269e4c60ceb11655d4937c9cdd716aee5f384d95b49b554d05c0cd5a5325376b3387de59d924fd1e13ded44648ab33c21349a603f25b84ec5ed887995b33da5e3bfcb87cd2f64521c4c62cf825cffabbe5d31cc
t-v0-bit-59-2	1c5672d919cc0a800970cd7e05cb36ed27ed354c33519948e5a9eaf89aee12b70d46829dc0797e9f75aaf352a3f1b0c198a413ed7368cc61564d19ed92772d6e1b38f086da15ad8b0103d1a6af2233029464519cac0b3c6b7c10017f45025416d10464b8159c89b8679d5e14c00a3c955b49b554d05c0cd5a5325376b3387de59d924fd1e13ded44648ab33c21349a603f25b84ec5ed887995b33da5e3bfcb87cd2f64521c4c62cf825cffabbe5d31cc
t-v0-bit-59-3	1c5672d919cc0a800970cd7e05cb36ed27ed354c33519948e5a9eaf89aee12b7cb9d58d514d7ffa36e05b4a90b3610d95a4e14d3c9d5822d6318d6640d787548a164e6eba2cee4926841874156f50c0b52ad37cfc4b9de995c82e1ca1efd4057593a7f47050c0557e3af533c541ac7cd5b49b554d05c0cd5a5325376b3387de59d924fd1e13ded44648ab33c21349a603f25b84ec5ed887995b33da5e3bfcb87cd2f64521c4c62cf825cffabbe5d31cc
t-v0-bit-59-4	1c5672d919cc0a800970cd7e05cb36ed27ed354c33519948e5a9eaf89aee12b7fcffb7ba1c2b1dbc3c4c1f84373b0b86d502e3e2a3c11fb95ae0fcddb264ef0b1e17c7b3ef8118fca587be534f54c0d5b88092326bdda48d15186e6da912214a118c961509ea5dc6b26dc35db04e675e5b49b554d05c0cd5a5325376b3387de59d924fd1e13ded44648ab33c21349a603f25b84ec5ed887995b33da5e3bfcb87cd2f64521c4c62cf825cffabbe5d31cc
t-v0-bit-59-5	1c5672d919cc0a800970cd7e05cb36ed27ed354c33519948e5a9eaf89aee12b70181f4d2a93d8bc8e42df48ecbbab93040d24c9123dee533f333be4a07a2df736dab6e011e270d2109aa591e920b4d8067d7119b899dbe3910af7178bc93f964a914bfd5089163f6b5fc8e4a80ee858d5b49b554d05c0cd5a5325376b3387de59d924fd1e13ded44648ab33c21349a603f25b84ec5ed887995b33da5e3bfcb87cd2f64521c4c62cf825cffabbe5d31cc
t-v0-bit-59-6	1c5672d919cc0a800970cd7e05cb36ed27ed354c33519948e5a9eaf89aee12b7374d26c4c22483ee00ffbcbed4add68d20e067b1177abc3f91a33a308f51277d6e1ab318ca0d68ed859117fa1d4c1a36e6cffdea4e2abf3b60faf8f5fae2e644c7aa7f5652d7fd4124420efc214095f75b49b554d05c0cd5a5325376b3387de59d924fd1e13ded44648ab33c21349a603f25b84ec5ed887995b33da5e3bfcb87cd2f64521c4c62cf825cffabbe5d31cc
t-v0-bit-59-7	1c5672d919cc0a800970cd7e05cb36ed27ed354c33519948e5a9eaf89aee12b7bada4977dad78bd12157f2b1f615f7229ce7a946ec595694e3be22cad4316c686f9d0f164311af6b29f175aa7a4c16588f1db43457768c9318c5f54095e1703c3b64944d7aa4e54293db2e86f876551e5b49b554d05c0cd5a5325376b3387de59d924fd1e13ded44648ab33c21349a603f25b84ec5ed887995b33da5e3bfcb87cd2f64521c4c62cf825cffabbe5d31cc
t-v0-bit-60-0	1c5672d919cc0a800970cd7e05cb36ed27ed354c33519948e5a9eaf89aee12b73bcd7adca0f3a44d586eeb061ee233a6f5bf0479c51890ba845ec13f66b6951effd6875fdcbef3a52439958a0f44d91d5d5a036d4845933ed46b26e2d2864ea6a00062013a046f33b7cce7c8127e46b65b49b554d05c0cd5a5325376b3387de59d924fd1e13ded44648ab33c21349a603f25b84ec5ed887995b33da5e3bfcb87cd2f64521c4c62cf825cffabbe5d31cc
t-v0-bit-60-1	1c5672d919cc0a800970cd7e05cb36ed27ed354c33519948e5a9eaf89aee12b71df1b18902432c0d6ce08562cccc037926327d0f9d408b49e534e326dc5eaa5e2856a850fa2dbf7a5f8115a5a9531dcf0d5940b7b756ea9707031db95c704d7214707544ec27e76e452d4f6b5a1f08ea5b49b554d05c0cd5a5325376b3387de59d924fd1e13ded44648ab33c21349a603f25b84ec5ed887995b33da5e3bfcb87cd2f64521c4c62cf825cffabbe5d31cc
t-v0-bit-60-2	1c5672d919cc0a800970cd7e05cb36ed27ed354c33519948e5a9eaf89aee12b78b8b76d23357da25ff844ea947059f2552222e91e3c42f89d4de632d0fd257dd7f35a1445d1fe273a1e6f0487d984c116119f84608af3e182ba6cef24935f68f2463c3ec9352b4ffc9f3fbafc45da1af5b49b554d05c0cd5a5325376b3387de59d924fd1e13ded44648ab33c21349a603f25b84ec5ed887995b33da5e3bfcb87cd2f64521c4c62cf825cffabbe5d31cc
t-v0-bit-60-3	1c5672d919cc0a800970cd7e05cb36ed27ed354c33519948e5a9eaf89aee12b7b96d0e58eee04432aabe55ff906cced292c4ecb4f1fab278218b15af7f86e001a75a06110fff1788207dc06bd68c4aa18fafc3ee5d72a8ba7027c6e0b8cab227151d1524d6123c23c17220a807a8041c5b49b554d05c0cd5a5325376b3387de59d924fd1e13ded44648ab33c21349a603f25b84ec5ed887995b33da5e3bfcb87cd2f64521c4c62cf825cffabbe5d31cc
t-v0-bit-60-4	1c5672d919cc0a800970cd7e05cb36ed27ed354c33519948e5a9eaf89aee12b7850c3671a178e4683249bbdeaa6a7b107f3c8dd1513fe1e798c49d0c8c2e5118aaa59ea3111c7383da709b2af65d6b238f09add3fc618ee8b6f9bf64e87d6b6caccd69c369152137f979370455e77f975b49b554d05c0cd5a5325376b3387de59d924fd1e13ded44648ab33c21349a603f25b84ec5ed887995b33da5e3bfcb87cd2f64521c4c62cf825cffabbe5d31cc
t-v0-bit-60-5	1c5672d919cc0a800970cd7e05cb36ed27ed354c33519948e5a9eaf89aee12b7552731016613b7f53bb0f8c736351991d6b1991ba282ce4d5b164e5ead5b7a20ce865ebb204f6f79a14e6491e32e7d6ab5bc0919878049e9d99551035f9da2a02b17833abc3dff9dd0575f8b9b16d6225b49b554d05c0cd5a5325376b3387de59d924fd1e13ded44648ab33c21349a603f25b84ec5ed887995b33da5e3bfcb87cd2f64521c4c62cf825cffabbe5d31cc
t-v0-bit-60-6	1c5672d919cc0a800970cd7e05cb36ed27ed354c33519948e5a9eaf89aee12b74f1a8cbcce7d502496369cedb5ba72563eba65a9b65f641aefd5926656c18d20998390a9a39b1c6cac51d94c2a7085fe5285c1bb5b41c51911f394a690e63791957faefdeca4997a9f828e12913bbe3a5b49b554d05c0cd5a5325376b3387de59d924fd1e13ded44648ab33c21349a603f25b84ec5ed887995b33da5e3bfcb87cd2f64521c4c62cf825cffabbe5d31cc
t-v0-bit-60-7	1c5672d919cc0a800970cd7e05cb36ed27ed354c33519948e5a9eaf89aee12b7b4885a7bd218a8699e78aa1bec194f7b603e049641aee0f4a5bff324ef3553ff627e1f6634469a22b46c6c2708ed57237d613233620a850db8911093500d546228f9274fa38cdfca550da01be22a56785b49b554d05c0cd5a5325376b3387de59d924fd1e13ded44648ab33c21349a603f25b84ec5ed887995b33da5e3bfcb87cd2f64521c4c62cf825cffabbe5d31cc
t-v0-bit-61-0	1c5672d919cc0a800970cd7e05cb36ed27ed354c33519948e5a9eaf89aee12b7d64059f1d47f83238581e093e79cead2461eaf90b5af8b1b241e72028368b9eeb9f30b0fcec18f71184190aa4b016499a455ce8b1853cb96278d20e0c33d2354ba4de3d8f56d44995fe9781caee4ddeb5b49b554d05c0cd5a5325376b3387de59d924fd1e13ded44648ab33c21349a603f25b84ec5ed887995b33da5e3bfcb87cd2f64521c4c62cf825cffabbe5d31cc
t-v0-bit-61-1	1c5672d919cc0a800970cd7e05cb36ed27ed354c33519948e5a9eaf89aee12b79cde82335153b467fa5c1e0161df3c0b8fa27e409f8bef380b0377314f2916ae2510a30fcf1f27fe56336107cb15a1fba9cfcc2751e3cf0bc98fa7cb38a9a2ba32544bae6ce349f2eeb515d2e0598fc65b49b554d05c0cd5a5325376b3387de59d924fd1e13ded44648ab33c21349a603f25b84ec5ed887995b33da5e3bfcb87cd2f64521c4c62cf825cffabbe5d31cc
t-v0-bit-61-2	1c5672d919cc0a800970cd7e05cb36ed27ed354c33519948e5a9eaf89aee12b720dcd65e6d197a47d5d8700efd14ea0a8f3034734df25093c08d0e71d66cdd0d4ec4506ec6284fa00bd2891a9b1037909cabf8eb41ea089596ec4bb768bc8bed64b0602aad97580e518b22dba171f0275b49b554d05c0cd5a5325376b3387de59d924fd1e13ded44648ab33c21349a603f25b84ec5ed887995b33da5e3bfcb87cd2f64521c4c62cf825cffabbe5d31cc
t-v0-bit-61-3	1c5672d919cc0a800970cd7e05cb36ed27ed354c33519948e5a9eaf89aee12b7870ae808a2c219ecc029650542db860158f583599f88a069c4fb50269a23d9c13860f4317590f54a0a92ea3c4d98aeea94535e553d5be6570765aa0f27a3f46a5b65c27636aa75faad309a6dc3a20e895b49b554d05c0cd5a5325376b3387de59d924fd1e13ded44648ab33c21349a603f25b84ec5ed887995b33da5e3bfcb87cd2f64521c4c62cf825cffabbe5d31cc
t-v0-bit-61-4	1c5672d919cc0a800970cd7e05cb36ed27ed354c33519948e5a9eaf89aee12b7b947765aa1cd495e9ac7f414b4f70e40d63c4e7aa773cac1f6b1ee131edcd44d229998bd0615976bf044bc15472a97fb98e9e8d699f8b120bff082285983f2b887693f4e1ba7911e26d2f68cd92b94675b49b554d05c0cd5a5325376b3387de59d924fd1e13ded44648ab33c21349a603f25b84ec5ed887995b33da5e3bfcb87cd2f64521c4c62cf825cffabbe5d31cc
t-v0-bit-61-5	1c5672d919cc0a800970cd7e05cb36ed27ed354c33519948e5a9eaf89aee12b773ed8f0f797324690ad2afd6c5c6835142f588638ef2720db22e51c3fe35e90457b67e5501f26134aa4c35172644bb011aa7909c21d72b703e40436a9f4c9241fc7353c92f1c31c6f2283fcc8745255e5b49b554d05c0cd5a5325376b3387de59d924fd1e13ded44648ab33c21349a603f25b84ec5ed887995b33da5e3bfcb87cd2f64521c4c62cf825cffabbe5d31cc
t-v0-bit-61-6	1c5672d919cc0a800970cd7e05cb36ed27ed354c33519948e5a9eaf89aee12b7b2e181c557d67b653181662e80fd7da50a21234cb31784aad2770d14d323f39c2480f375e471b1336280ce9ab2eab10ccd70ed689aaa84e19b3002141fe31912f6407e2dfec2f2a13a82f203d87167675b49b554d05c0cd5a5325376b3387de59d924fd1e13ded44648ab33c21349a603f25b84ec5ed887995b33da5e3bfcb87cd2f64521c4c62cf825cffabbe5d31cc
t-v0-bit-61-7	1c5672d919cc0a800970cd7e05cb36ed27ed354c33519948e5a9eaf89aee12b794f5598801bc552697d0914b50d21a8ef13411cdd45afac3c77e64f260ad084f9cc7e7950b1965e4b5f464078dc102b41bfa5314a24a1e8adb76027466e7e28b410a3716dbc63ed0c583b94f65d363e85b49b554d05c0cd5a5325376b3387de59d924fd1e13ded44648ab33c21349a603f25b84ec5ed887995b33da5e3bfcb87cd2f64521c4c62cf825cffabbe5d31cc
t-v0-bit-62-0	1c5672d919cc0a800970cd7e05cb36ed27ed354c33519948e5a9eaf89aee12b7fc3cfbe377699e6df0a9009b024cb80e56b014ac2e97a3b48c2829f897d31320ddc7e838987e55a5d73ee1ded6a675c1909cf4cad659c52a33e397af41db098e30642be1877f8df2f3d94647939ce9755b49b554d05c0cd5a5325376b3387de59d924fd1e13ded44648ab33c21349a603f25b84ec5ed887995b33da5e3bfcb87cd2f64521c4c62cf825cffabbe5d31cc
t-v0-bit-62-1	1c5672d919cc0a800970cd7e05cb36ed27ed354c33519948e5a9eaf89aee12b7c963c14b8898a5aa262f7923ef80f121d4a333511ca1a606043a27a979c5eee7a46a86bfe37f785924648b462650a5f61db0fd9c07986c2e13e5b37033509e57299998df984464aa5cb583e8c6fb94f95b49b554d05c0cd5a5325376b3387de59d924fd1e13ded44648ab33c21349a603f25b84ec5ed887995b33da5e3bfcb87cd2f64521c4c62cf825cffabbe5d31cc
t-v0-bit-62-2	1c5672d919cc0a800970cd7e05cb36ed27ed354c33519948e5a9eaf89aee12b77b337e2d4bdc3e1981ccac328b45de9154424d1fb44b4c47868777789ad87998e1582c1857c1967fe881e24375f496f7248d236cbc35e07bca2f4a42f34104a01f3ebf24c6d40892de48bbdcdd065e295b49b554d05c0cd5a5325376b3387de59d924fd1e13ded44648ab33c21349a603f25b84ec5ed887995b33da5e3bfcb87cd2f64521c4c62cf825cffabbe5d31cc
t-v0-bit-62-3	1c5672d919cc0a800970cd7e05cb36ed27ed354c33519948e5a9eaf89aee12b7c122b0d73fb6c7e18e732741166239ca5afd379cd84a19fd56ec7cb1ac46c3565ffe8e7517e2954fc1e26c407d0b24450325e94199efffb2a26ff93d9388c957db8613cfc8ec349ba3df03ce395ad08d5b49b554d05c0cd5a5325376b3387de59d924fd1e13ded44648ab33c21349a603f25b84ec5ed887995b33da5e3bfcb87cd2f64521c4c62cf825cffabbe5d31cc
t-v0-bit-62-4	1c5672d919cc0a800970cd7e05cb36ed27ed354c33519948e5a9eaf89aee12b7e749e6712190a49968e9e58be2c6a0edc678a66b60b026963fc5e3eba6ade32e98e2c08ca6c7affcf7735b1acd349f628e021823ca7886f7dc709df6b05c9a661e13fa9166bbb0f4150cc364b1dbaeb95b49b554d05c0cd5a5325376b3387de59d924fd1e13ded44648ab33c21349a603f25b84ec5ed887995b33da5e3bfcb87cd2f64521c4c62cf825cffabbe5d31cc
t-v0-bit-62-5	1c5672d919cc0a800970cd7e05cb36ed27ed354c33519948e5a9eaf89aee12b700be53ae2c143dfa2775d905fc59fc6acbb84b20315b1642dc1814bf7cb8a0852ebe84573557e2cc890eb71af5161c9729d91b075dda56d43768fa33aaa9e99ebca642bde50ab4f8ebab960b236582175b49b554d05c0cd5a5325376b3387de59d924fd1e13ded44648ab33c21349a603f25b84ec5ed887995b33da5e3bfcb87cd2f64521c4c62cf825cffabbe5d31cc
t-v0-bit-62-6	1c5672d919cc0a800970cd7e05cb36ed27ed354c33519948e5a9eaf89aee12b7f1e6b685da41b5ff8e7642bd67264da24543ade7a5f3796f66a788afbae80ce50a097aeb2cafc1590638373a81d0f27edd94adf6739d1022c747564b2e69e00dc63d92d477ee24b948cb1bb9f2ecdb465b49b554d05c0cd5a5325376b3387de59d924fd1e13ded44648ab33c21349a603f25b84ec5ed887995b33da5e3bfcb87cd2f64521c4c62cf825cffabbe5d31cc
t-v0-bit-62-7	1c5672d919cc0a800970cd7e05cb36ed27ed354c33519948e5a9eaf89aee12b77c46862fe829cdc8458ab1e52546aaf97ee261f1d9a265cf72cc513da2bf1bb4ebafc46d1588d8c6cb07a73c8fde8c491ec8bac1a2068d77a75dccb8e5c26672aaf972759f10b20f01039da3ec1d44415b49b554d05c0cd5a5325376b3387de59d924fd1e13ded44648ab33c21349a603f25b84ec5ed887995b33da5e3bfcb87cd2f64521c4c62cf825cffabbe5d31cc
t-v0-bit-63-0	1c5672d919cc0a800970cd7e05cb36ed27ed354c33519948e5a9eaf89aee12b733a65664f881306b42ac971e0d73151521aecd7ee6bc957a29743ff807c96c870d7cb18a75566b7b798dbdf6107874e830b387e39237d2b644ef53f75c12a6d5b13fca4ce002fc1e8e7f90f6c6f40c3e5b49b554d05c0cd5a5325376b3387de59d924fd1e13ded44648ab33c21349a603f25b84ec5ed887995b33da5e3bfcb87cd2f64521c4c62cf825cffabbe5d31cc
t-v0-bit-63-1	1c5672d919cc0a800970cd7e05cb36ed27ed354c33519948e5a9eaf89aee12b7f02d544a3d0e25034f603caae209bff32a85da287375bb29a0e2b3bbef340412cee5cd1ef630bbb2738fefc49594e77eeaf238ae7da1d956dcfa469a6564ac78097634c9c36ba37c7a4ca7b77adba2255b49b554d05c0cd5a5325376b3387de59d924fd1e13ded44648ab33c21349a603f25b84ec5ed887995b33da5e3bfcb87cd2f64521c4c62cf825cffabbe5d31cc
t-v0-bit-63-2	1c5672d919cc0a800970cd7e05cb36ed27ed354c33519948e5a9eaf89aee12b739a83e36f1f819843c1c7d0978f0ac31ed82cfbe3dc2e726cc476b4ada8cb5504e300d00c0c584949ff9be0a408f6924ee0ca70cce0949e43e52674cb667e8da68b9080dd092db244ee4c0565275e25f5b49b554d05c0cd5a5325376b3387de59d924fd1e13ded44648ab33c21349a603f25b84ec5ed887995b33da5e3bfcb87cd2f64521c4c62cf825cffabbe5d31cc
t-v0-bit-63-3	1c5672d919cc0a800970cd7e05cb36ed27ed354c33519948e5a9eaf89aee12b7493bbbe84da7dd3c2830a1ce68c64469ba771d3a7aa79db9a90d3d67eb8d0987e4963800034d980e48e9c0d9e1b05d1870434dee2737fa88c9d22b9af2ab89f5264554035e73ac9387181b713286ff795b49b554d05c0cd5a5325376b3387de59d924fd1e13ded44648ab33c21349a603f25b84ec5ed887995b33da5e3bfcb87cd2f64521c4c62cf825cffabbe5d31cc
t-v0-bit-63-4	1c5672d919cc0a800970cd7e05cb36ed27ed354c33519948e5a9eaf89aee12b7e6ec60d2a792b44f12874043a5646ace3378754f88dec3ee35c5310f13afc24d096dc0fedaecb17c7859e682c997408cfad17931340256709a3e9fa08a40e1826b31b29072a0462c8aa844050acfc27f5b49b554d05c0cd5a5325376b3387de59d924fd1e13ded44648ab33c21349a603f25b84ec5ed887995b33da5e3bfcb87cd2f64521c4c62cf825cffabbe5d31cc
t-v0-bit-63-5	1c5672d919cc0a800970cd7e05cb36ed27ed354c33519948e5a9eaf89aee12b74647d687bf3961c015df89c602812f649b344edec3645b53ba25ad87d3eb5fd275925628ffe2a887f90164dff317f33bc2f000ecabb4f5c68eb24e3d87ffc6acffd75c85011f727e186b7f17050890b95b49b554d05c0cd5a5325376b3387de59d924fd1e13ded44648ab33c21349a603f25b84ec5ed887995b33da5e3bfcb87cd2f64521c4c62cf825cffabbe5d31cc
t-v0-bit-63-6	1c5672d919cc0a800970cd7e05cb36ed27ed354c33519948e5a9eaf89aee12b7aed408bf5828a1b626ca19c442a0c119ef20a0fff1f4c18c21fcbfcbd310dff8c9dbdce4cdd7bd24ae3bf5a0030a6e9c47e429d955e5a8c1f2964330c020f7ab8ae4d4d177a0e54687bbb011f8e7bf2b5b49b554d05c0cd5a5325376b3387de59d924fd1e13ded44648ab33c21349a603f25b84ec5ed887995b33da5e3bfcb87cd2f64521c4c62cf825cffabbe5d31cc
t-v0-bit-63-7	1c5672d919cc0a800970cd7e05cb36ed27ed354c33519948e5a9eaf89aee12b7f207b4598ec335dd07dc5f235a4be63813fbefad07a29c12314e145459e93421deddffda085d5ce16630cb8a5588c98a812b7a16767d049519a8ab045d36f774b8db58360cbf18c1d0e9b098054dae065b49b554d05c0cd5a5325376b3387de59d924fd1e13ded44648ab33c21349a603f25b84ec5ed887995b33da5e3bfcb87cd2f64521c4c62cf825cffabbe5d31cc
t-v0-bit-64-0	1c5672d919cc0a800970cd7e05cb36ed27ed354c33519948e5a9eaf89aee12b7239cbd8a35c1f13ac2843cb0640a5b73758369999cf3b61ff1961521150d9b801d73d0521cd2936760b52aa5c78847ae5e0979169ee7eeef695b58ce83873d0aedecd548bd6b19bd90c9e129bebda86c5b49b554d05c0cd5a5325376b3387de59d924fd1e13ded44648ab33c21349a603f25b84ec5ed887995b33da5e3bfcb87cd2f64521c4c62cf825cffabbe5d31cc
t-v0-bit-64-1	1c5672d919cc0a800970cd7e05cb36ed27ed354c33519948e5a9eaf89aee12b7e4804689c49cc7715c6a179de73120777b695be1ef1a83378bede3666d1c3ca03abc895e00774f1bafd22a010c9d62b5256163e755f556bb45c54d7c0e11105ed3cc157f927eaa30c35ddbfce348881d5b49b554d05c0cd5a5325376b3387de59d924fd1e13ded44648ab33c21349a603f25b84ec5ed887995b33da5e3bfcb87cd2f64521c4c62cf825cffabbe5d31cc
t-v0-bit-64-2	1c5672d919cc0a800970cd7e05cb36ed27ed354c33519948e5a9eaf89aee12b7452685f4179bba10dc17f2776d2256adee584a000776feebfe864525024fde58bf55acfe0aafe0347a896148f8a4d8669d62f57d0a1eda144dece7ea8294601ba9475da7f549429aaa00f55ce54d3a955b49b554d05c0cd5a5325376b3387de59d924fd1e13ded44648ab33c21349a603f25b84ec5ed887995b33da5e3bfcb87cd2f64521c4c62cf825cffabbe5d31cc
t-v0-bit-64-3	1c5672d919cc0a800970cd7e05cb36ed27ed354c33519948e5a9eaf89aee12b70f438e0171fc63f1529c544cde82528d0bafa9253a06edac9bc6f48f26a2d834b22e3ecd1aa072bed58a8a17cf822c488f32c8179ab88e31f4b854b4c549ca3c437a54a1194d919026be5d49c976d8395b49b554d05c0cd5a5325376b3387de59d924fd1e13ded44648ab33c21349a603f25b84ec5ed887995b33da5e3bfcb87cd2f64521c4c62cf825cffabbe5d31cc
t-v0-bit-64-4	1c5672d919cc0a800970cd7e05cb36ed27ed354c33519948e5a9eaf89aee12b76e820169404161fba11894ba275af55063c4a7c56b1fee6a47f84291468871e394d86d49d68afb215b534b07f9367b5a2bc9651ee0478689064832d391fe9fb4ae55aa9a641eeb989c100b2cd5991a8e5b49b554d05c0cd5a5325376b3387de59d924fd1e13ded44648ab33c21349a603f25b84ec5ed887995b33da5e3bfcb87cd2f64521c4c62cf825cffabbe5d31cc
t-v0-bit-64-5	1c5672d919cc0a800970cd7e05cb36ed27ed354c33519948e5a9eaf89aee12b76d29b463f639a06d79a28617397d510aefa6f9644bc1a91fb6c689d5d125661161f19c9650de735afb84e580154e829ce11fa00297d73656600fbd1b97965c2ded03da9889a7b9041ccadb9be6770bd45b49b554d05c0cd5a5325376b3387de59d924fd1e13ded44648ab33c21349a603f25b84ec5ed887995b33da5e3bfcb87cd2f64521c4c62cf825cffabbe5d31cc
t-v0-bit-64-6	1c5672d919cc0a800970cd7e05cb36ed27ed354c33519948e5a9eaf89aee12b7a100122463c9b7794297e36ea23df2392a08a84cbd287e535f1930abc8a1959082379b9d9da3da0946008f01e1c42f12dc4e77ea4e85fd76ba491861165c46ae6c656de0490715ea22b431a78d8a11755b49b554d05c0cd5a5325376b3387de59d924fd1e13ded44648ab33c21349a603f25b84ec5ed887995b33da5e3bfcb87cd2f64521c4c62cf825cffabbe5d31cc
t-v0-bit-64-7	1c5672d919cc0a800970cd7e05cb36ed27ed354c33519948e5a9eaf89aee12b7d11db79f69d0fd4f47cb2f0efea3e3b3645b509c75a6ea1e6d6a13621527cff49efb8a3fa66e62fabf64428daed181b7711e4bd55b9e8dc4ad92ae2bacaa7aa51abf1f94ffd9217d9e016629b0695c795b49b554d05c0cd5a5325376b3387de59d924fd1e13ded44648ab33c21349a603f25b84ec5ed887995b33da5e3bfcb87cd2f64521c4c62cf825cffabbe5d31cc
t-v0-bit-65-0	1c5672d919cc0a800970cd7e05cb36ed27ed354c33519948e5a9eaf89aee12b714289768c98517ca53ec14bee1c9b5b2cbeda58aa8516a229897dab232a107b316d00943cbb70ff0ea123cdf8656a9422438b6aa1276b5064141bcf7374fa3d21940451a2b0f9e3520c309495e7489c85b49b554d05c0cd5a5325376b3387de59d924fd1e13ded44648ab33c21349a603f25b84ec5ed887995b33da5e3bfcb87cd2f64521c4c62cf825cffabbe5d31cc
t-v0-bit-65-1	1c5672d919cc0a800970cd7e05cb36ed27ed354c33519948e5a9eaf89aee12b70f029e7975ee27195797c44edda57d22d24a7ce94b2fd2824e1e362fd1225ad4347d45e34f51644c8d09e2dfd9ab95f9dbbd0b6d4958f23e5296f6858067e1fa8bde672ae40ce648259341952425e3285b49b554d05c0cd5a5325376b3387de59d924fd1e13ded44648ab33c21349a603f25b84ec5ed887995b33da5e3bfcb87cd2f64521c4c62cf825cffabbe5d31cc
t-v0-bit-65-2	1c5672d919cc0a800970cd7e05cb36ed27ed354c33519948e5a9eaf89aee12b794448a7e3a0f03971575c8f897b9c9b635840fce36a7cb10edc245aba5bf9b22a12449a0e5fd7589047bad7a38eef5a268fba18f275cb046ebf281ebe31754561a030100fb953e8a545b159983edf3225b49b554d05c0cd5a5325376b3387de59d924fd1e13ded44648ab33c21349a603f25b84ec5ed887995b33da5e3bfcb87cd2f64521c4c62cf825cffabbe5d31cc
t-v0-bit-65-3	1c5672d919cc0a800970cd7e05cb36ed27ed354c33519948e5a9eaf89aee12b7938d9bfb97d16de2135d34aca3e9064d14e473abd7500021c8e6611197a3529dea11f8b9d971294219efa2e3a58c79c90a18e444c4916b82e48880ab45903a0d1d4d8a7de31f5ded994c1b10385311c75b49b554d05c0cd5a5325376b3387de59d924fd1e13ded44648ab33c21349a603f25b84ec5ed887995b33da5e3bfcb87cd2f64521c4c62cf825cffabbe5d31cc
t-v0-bit-65-4	1c5672d919cc0a800970cd7e05cb36ed27ed354c33519948e5a9eaf89aee12b792acde16c1ba1eb044f0fbedd7adb50707503b120112b3358b100aef0e9c1522a43299168d793d04d6f956631733a03350e222facf8b6c7ec938f1393553f113b1487257d5e9504153e81236be11b5f85b49b554d05c0cd5a5325376b3387de59d924fd1e13ded44648ab33c21349a603f25b84ec5ed887995b33da5e3bfcb87cd2f64521c4c62cf825cffabbe5d31cc
t-v0-bit-65-5	1c5672d919cc0a800970cd7e05cb36ed27ed354c33519948e5a9eaf89aee12b7542ee64a82ece4700b678870a83e5f270df048a864ec8277944986312ea85a85f46ad0cad33457b703fc8c0c686dce0141b438b42a282bc28064885b43b55424d179d82e25344be06d4c5a97f5d83ec65b49b554d05c0cd5a5325376b3387de59d924fd1e13ded44648ab33c21349a603f25b84ec5ed887995b33da5e3bfcb87cd2f64521c4c62cf825cffabbe5d31cc
t-v0-bit-65-6	1c5672d919cc0a800970cd7e05cb36ed27ed354c33519948e5a9eaf89aee12b7ad2fe20bc77bdb6888208cdea780f20bf783d98c8d3c15f9c8ea7dab636416ffc2fe77ac5008177bfa38f3effb9eb0dd30f5bb4da184c2ad70d07d0ea136ece77a77316977013f4dde12122dde4c973a5b49b554d05c0cd5a5325376b3387de59d924fd1e13ded44648ab33c21349a603f25b84ec5ed887995b33da5e3bfcb87cd2f64521c4c62cf825cffabbe5d31cc
t-v0-bit-65-7	1c5672d919cc0a800970cd7e05cb36ed27ed354c33519948e5a9eaf89aee12b7f2f5e5365fff86b254223b4633309cd20533381ff9d15fa5da1379a9b0e3207d74c734fb93ff509da520752b9c6f3bc7329481bba0d2cb94bf758eccb70b4d35bbfc11cfc8889826387eea43249c173c5b49b554d05c0cd5a5325376b3387de59d924fd1e13ded44648ab33c21349a603f25b84ec5ed887995b33da5e3bfcb87cd2f64521c4c62cf825cffabbe5d31cc
t-v0-bit-66-0	1c5672d919cc0a800970cd7e05cb36ed27ed354c33519948e5a9eaf89aee12b74ac274d5550a9a33a4d9a3926d51192a9d9d0a8690107480553e53468c00d71bae97ac75a8d2225ab6127c138cddc4b0766a64c09485569e6775fe428ed91bb3b6b7691f6128289908c2be06958a2c415b49b554d05c0cd5a5325376b3387de59d924fd1e13ded44648ab33c21349a603f25b84ec5ed887995b33da5e3bfcb87cd2f64521c4c62cf825cffabbe5d31cc
t-v0-bit-66-1	1c5672d919cc0a800970cd7e05cb36ed27ed354c33519948e5a9eaf89aee12b7c5be07d5f58e50db60d5040e7d7bbe6b7b2865d821f7ff54577a1f16bd6d68e935cf4713f4a3261d87d65749ab80972a645049d060dfb03b7e6e99ce9fdfa4e1a959436174ec3088ae276a13a5ef64a25b49b554d05c0cd5a5325376b3387de59d924fd1e13ded44648ab33c21349a603f25b84ec5ed887995b33da5e3bfcb87cd2f64521c4c62cf825cffabbe5d31cc
t-v0-bit-66-2	1c5672d919cc0a800970cd7e05cb36ed27ed354c33519948e5a9eaf89aee12b7d93e0a30264383f4e054ad821d74e3e9c6d27296041578d3f4a2061e18aa0adf89d97f250ac72421406b378992faaae299f1d54ce9d90e997d440fed3707ceaf03ec57ff3528b81213c7df155df9400d5b49b554d05c0cd5a5325376b3387de59d924fd1e13ded44648ab33c21349a603f25b84ec5ed887995b33da5e3bfcb87cd2f64521c4c62cf825cffabbe5d31cc
t-v0-bit-66-3	1c5672d919cc0a800970cd7e05cb36ed27ed354c33519948e5a9eaf89aee12b7417a150ad16a5a735ce1536cc2f3fcb64557d4c3ab721a46683c2963f24c29722eff6e4a86c64c544bec040aabb4d8526be07d9848f3fccfb19d4c607ec004a891d949b5715c5951a26aeb647c3e91465b49b554d05c0cd5a5325376b3387de59d924fd1e13ded44648ab33c21349a603f25b84ec5ed887995b33da5e3bfcb87cd2f64521c4c62cf825cffabbe5d31cc
t-v0-bit-66-4	1c5672d919cc0a800970cd7e05cb36ed27ed354c33519948e5a9eaf89aee12b770b9a0f13a75b74c65b85513ce5684bc065ad22f2fca949c5cf3b81a093b2f5b76c9044db69f11c43053b33fc266189a4387eabb468da0a601b1d757e34b15467399c18cf2d068730668abab70d08f3d5b49b554d05c0cd5a5325376b3387de59d924fd1e13ded44648ab33c21349a603f25b84ec5ed887995b33da5e3bfcb87cd2f64521c4c62cf825cffabbe5d31cc
t-v0-bit-66-5	1c5672d919cc0a800970cd7e05cb36ed27ed354c33519948e5a9eaf89aee12b7d8ca2f0512098bd18cfab6aac92f756c2e06ea0a2fd73db7d80889082e6959f5a2e1016f461b15eae55f1a155902efb16feb9383bd7b0ce8743e5d8f39e28c7bed22a1169c65575fb9471eac83234b065b49b554d05c0cd5a5325376b3387de59d924fd1e13ded44648ab33c21349a603f25b84ec5ed887995b33da5e3bfcb87cd2f64521c4c62cf825cffabbe5d31cc
t-v0-bit-66-6	1c5672d919cc0a800970cd7e05cb36ed27ed354c33519948e5a9eaf89aee12b7f1b7f8ee14d6777c8786a68d60bd795ea1195c583bc9092e8a20e8613989d53a12257b93cd124c41e63c90a1b5753c63299c884721c9c8c834e7d0abcbb2adda9322871f084cd9b1195e5d3a788e0a285b49b554d05c0cd5a5325376b3387de59d924fd1e13ded44648ab33c21349a603f25b84ec5ed887995b33da5e3bfcb87cd2f64521c4c62cf825cffabbe5d31cc
t-v0-bit-66-7	1c5672d919cc0a800970cd7e05cb36ed27ed354c33519948e5a9eaf89aee12b7c58abb06fa5e7b386feca9f19321c992a5968cbc93aaa99e80efaab0c8454492704a7537ebefef5ffa3d2ce507c7f625272e9f374e2a099d77f0bf02858f135f1072727bbd6e84eb44c69bf5121bf39d5b49b554d05c0cd5a5325376b3387de59d924fd1e13ded44648ab33c21349a603f25b84ec5ed887995b33da5e3bfcb87cd2f64521c4c62cf825cffabbe5d31cc
t-v0-bit-67-0	1c5672d919cc0a800970cd7e05cb36ed27ed354c33519948e5a9eaf89aee12b7fa98076e7529f201de03a83854337e8bcc63b78e9e738b5b41ab4e533684da7ddb2494da103c9f86a0f23a4ada8fdaa920189050f8183e85a4227dedaf5734e6e82e7244fff5a5011e91669aca76d5375b49b554d05c0cd5a5325376b3387de59d924fd1e13ded44648ab33c21349a603f25b84ec5ed887995b33da5e3bfcb87cd2f64521c4c62cf825cffabbe5d31cc
t-v0-bit-67-1	1c5672d919cc0a800970cd7e05cb36ed27ed354c33519948e5a9eaf89aee12b750eba37bef2c1065bf12a4563cec8ca4b1c6eaa659a1a5a942f63f1f1af9406a2eb01973ccfca93c251ac248b3b53525f987a7f64cf4d4e9b60643dffb2d3309cde51691f653a0b476cb3823ec8be0a65b49b554d05c0cd5a5325376b3387de59d924fd1e13ded44648ab33c21349a603f25b84ec5ed887995b33da5e3bfcb87cd2f64521c4c62cf825cffabbe5d31cc
t-v0-bit-67-2	1c5672d919cc0a800970cd7e05cb36ed27ed354c33519948e5a9eaf89aee12b7152b690ca1bc061104bc718475ad2514055b243395c482ff878e9663b8a819ee65b0c10d731ffc82d5bdf6ad8402404d9bdc719ca32ff17ae3ed575ed6a0233826ea0ea211884770eddabbc502970d7a5b49b554d05c0cd5a5325376b3387de59d924fd1e13ded44648ab33c21349a603f25b84ec5ed887995b33da5e3bfcb87cd2f64521c4c62cf825cffabbe5d31cc
t-v0-bit-67-3	1c5672d919cc0a800970cd7e05cb36ed27ed354c33519948e5a9eaf89aee12b7f3b893f719243c96907042c377afc2168dbfd3155ac2e946fbf42210815cf55c89be1f3cc642ba1b5822d3052d4fbd50e3a764e4015cf3282f7ddd5d7bac3756fde68eeee6ce05b42c762ab897a5387e5b49b554d05c0cd5a5325376b3387de59d924fd1e13ded44648ab33c21349a603f25b84ec5ed887995b33da5e3bfcb87cd2f64521c4c62cf825cffabbe5d31cc
t-v0-bit-67-4	1c5672d919cc0a800970cd7e05cb36ed27ed354c33519948e5a9eaf89aee12b7abd79f6c17279e88c442d9660c4b62d4d21f9e2e1ada55fd682ed8d28faee4deac22b220fc943e950ce8fd657a112a22931d5eb38d7d5c364491bed411ae8eea298f1834d411a86b68dcd6b49c1911cc5b49b554d05c0cd5a5325376b3387de59d924fd1e13ded44648ab33c21349a603f25b84ec5ed887995b33da5e3bfcb87cd2f64521c4c62cf825cffabbe5d31cc
t-v0-bit-67-5	1c5672d919cc0a800970cd7e05cb36ed27ed354c33519948e5a9eaf89aee12b7b85e75ffae630847c099d2aea4c08089671fd455157c2514b970cc448d49d170fa1ed7f011e3de0c0f09550556138675fe8cb707b9a34200219609a48ebc055f1346064e3560ddedf4863ee1751199015b49b554d05c0cd5a5325376b3387de59d924fd1e13ded44648ab33c21349a603f25b84ec5ed887995b33da5e3bfcb87cd2f64521c4c62cf825cffabbe5d31cc
t-v0-bit-67-6	1c5672d919cc0a800970cd7e05cb36ed27ed354c33519948e5a9eaf89aee12b79146f7cdad03a48f7671d5ab4565398881e4b24b8c7863c896684c9ca106f135f3d4232774079300b8339ed4b01333d57ca31909501bebb07a28f338c8f531545462701a5a62865112bcbc9ed392c5ce5b49b554d05c0cd5a5325376b3387de59d924fd1e13ded44648ab33c21349a603f25b84ec5ed887995b33da5e3bfcb87cd2f64521c4c62cf825cffabbe5d31cc
t-v0-bit-67-7	1c5672d919cc0a800970cd7e05cb36ed27ed354c33519948e5a9eaf89aee12b711086134b6aaa686a81c705dd277f6f1b3bdaedad7c4367e2ed0406550a682d86624746cf3605f3ee459c89ea988200d08f48eaa6103296970ff8b58a344fee4b17e83a2ae3952ffb9b7a6d2b932af7a5b49b554d05c0cd5a5325376b3387de59d924fd1e13ded44648ab33c21349a603f25b84ec5ed887995b33da5e3bfcb87cd2f64521c4c62cf825cffabbe5d31cc
t-v0-bit-68-0	1c5672d919cc0a800970cd7e05cb36ed27ed354c33519948e5a9eaf89aee12b74d57c5bf1418c3f85d324d3aa1c8b9b838043c6e6310c7017addb40f04605eeb6673fafec57de3d6a242bf5818803c9e0de776bca816164690ead8047cc48c28d812e3fd40459c9bdbe8a1c6322ceb0a5b49b554d05c0cd5a5325376b3387de59d924fd1e13ded44648ab33c21349a603f25b84ec5ed887995b33da5e3bfcb87cd2f64521c4c62cf825cffabbe5d31cc
t-v0-bit-68-1	1c5672d919cc0a800970cd7e05cb36ed27ed354c33519948e5a9eaf89aee12b705a4ee17af95123368f93f892bb2783d76dc83af0a2286a0e353bff7e7e4580cb05176d0423096da4b9a860f743fd0732e2ea2fa7e9240b9757eae8d2e94568b8efb82d65951d8170c38990cb3dc39ac5b49b554d05c0cd5a5325376b3387de59d924fd1e13ded44648ab33c21349a603f25b84ec5ed887995b33da5e3bfcb87cd2f64521c4c62cf825cffabbe5d31cc
t-v0-bit-68-2	1c5672d919cc0a800970cd7e05cb36ed27ed354c33519948e5a9eaf89aee12b7ccf713127a4506fca96710b0258044ae48d076bfa35e6053781c0099f288f2887d8ea31968525f4a23380c839ff4b925785da7bb4637cd24cd949e16dfef4f9d5cd70ba6b2b29b44b1854f27fa3940cb5b49b554d05c0cd5a5325376b3387de59d924fd1e13ded44648ab33c21349a603f25b84ec5ed887995b33da5e3bfcb87cd2f64521c4c62cf825cffabbe5d31cc
t-v0-bit-68-3	1c5672d919cc0a800970cd7e05cb36ed27ed354c33519948e5a9eaf89aee12b7af96869babb5fbc1976c623fec8c594b0a4d9475f92da97708d835a669cd070fb43596e07c459c9eb4c9cc23b5e51d17a90403b5252e42b132ab59d9436d34430ff23136669fed2794c165383f749ea85b49b554d05c0cd5a5325376b3387de59d924fd1e13ded44648ab33c21349a603f25b84ec5ed887995b33da5e3bfcb87cd2f64521c4c62cf825cffabbe5d31cc
t-v0-bit-68-4	1c5672d919cc0a800970cd7e05cb36ed27ed354c33519948e5a9eaf89aee12b707d9d5b71e94f8a9b9c7661d2a9dcc59d3a5d66a2b6306819fb94590e83979866139a906731f2d2f3788f9f5f0427b4c64acb2adcdd1e3fdadd0ad8d863a105bca8342acf0cb0764f6e7af3760c9b3b65b49b554d05c0cd5a5325376b3387de59d924fd1e13ded44648ab33c21349a603f25b84ec5ed887995b33da5e3bfcb87cd2f64521c4c62cf825cffabbe5d31cc
t-v0-bit-68-5	1c5672d919cc0a800970cd7e05cb36ed27ed354c33519948e5a9eaf89aee12b78f73e05ab232bd34c1ae134658be07bb0a8bd2bf5b63c58f958828272c483464b7a564c2ffcef03422c6449f9f1495f79696f1f08f4bde6a4608af9f90c60553f56d0d745f23a8f8ac3786b8e192ac4b5b49b554d05c0cd5a5325376b3387de59d924fd1e13ded44648ab33c21349a603f25b84ec5ed887995b33da5e3bfcb87cd2f64521c4c62cf825cffabbe5d31cc
t-v0-bit-68-6	1c5672d919cc0a800970cd7e05cb36ed27ed354c33519948e5a9eaf89aee12b767338e215f76cb8b191612f8dd6d640b66d3324ef7c55c3bcfe6ad256fb2221d6c6b2a7a23f2b503b524c9d96a3e1031fb66a170e1eafc9bce0c29d95e14ca8fb429d13c2b1ffb3b974413e07f6f4dc45b49b554d05c0cd5a5325376b3387de59d924fd1e13ded44648ab33c21349a603f25b84ec5ed887995b33da5e3bfcb87cd2f64521c4c62cf825cffabbe5d31cc
t-v0-bit-68-7	1c5672d919cc0a800970cd7e05cb36ed27ed354c33519948e5a9eaf89aee12b762d7f2fd08d214705082d5c322a0ba24a9754414fdf2cc0fd8ca20dbe995a821e7de3c79bf8f7685d9068521d7a8a5b64278741172bf0b13f217c11bc5f9f1cc6a52755045f1c3663964238a80f779d05b49b554d05c0cd5a5325376b3387de59d924fd1e13ded44648ab33c21349a603f25b84ec5ed887995b33da5e3bfcb87cd2f64521c4c62cf825cffabbe5d31cc
t-v0-bit-69-0	1c5672d919cc0a800970cd7e05cb36ed27ed354c33519948e5a9eaf89aee12b7202b252d4fb5d6b366feb5ecd36adfe1de3e25df44707569ee4c740e02471845af9628248d75f71d8b65fb78ff6b08ea50529bc0221c21a3ee21867ec0182700b513f2cf5847f4bce2eca1ce87d7dd6b5b49b554d05c0cd5a5325376b3387de59d924fd1e13ded44648ab33c21349a603f25b84ec5ed887995b33da5e3bfcb87cd2f64521c4c62cf825cffabbe5d31cc
t-v0-bit-69-1	1c5672d919cc0a800970cd7e05cb36ed27ed354c33519948e5a9eaf89aee12b751c8074bbe0a565dac728bdd2ec10ba3e2e94057c6dd8eec9b905bf7002eaecf6bfb3a58b949115305103d99dbe6d7a3a2b2f5a25610a93b51cbe3f247429a5253b937ec543a25870951ac44b07c9e3f5b49b554d05c0cd5a5325376b3387de59d924fd1e13ded44648ab33c21349a603f25b84ec5ed887995b33da5e3bfcb87cd2f64521c4c62cf825cffabbe5d31cc
t-v0-bit-69-2	1c5672d919cc0a800970cd7e05cb36ed27ed354c33519948e5a9eaf89aee12b71d26497cfb80884b6e15533cb0f3cb2dc316720bd7782bd14b8b5a2c08c9d2808dcb4a7d95a524b2a6e8909d12c3a5e3989b3eefc8cde66f29867d058c4c87438c708255199038add16e956b82b9cb2f5b49b554d05c0cd5a5325376b3387de59d924fd1e13ded44648ab33c21349a603f25b84ec5ed887995b33da5e3bfcb87cd2f64521c4c62cf825cffabbe5d31cc
t-v0-bit-69-3	1c5672d919cc0a800970cd7e05cb36ed27ed354c33519948e5a9eaf89aee12b7e317f9890dc8ff66ba350dbc2e7d2fa6c87813f4b0230211d2bfcf7cf8bd088302a9e210a7d5aca9e53e0dda85d190a96302a50a80060df9ca4e61c96eebc34282f3cd997859af9fb85a988b84ec52bf5b49b554d05c0cd5a5325376b3387de59d924fd1e13ded44648ab33c21349a603f25b84ec5ed887995b33da5e3bfcb87cd2f64521c4c62cf825cffabbe5d31cc
t-v0-bit-69-4	1c5672d919cc0a800970cd7e05cb36ed27ed354c33519948e5a9eaf89aee12b7f43629d77d97855460c9bff9232dc92c9700037a97431b88582cb1143ff7732f50d8d4b866956d55fcacfb44db70994c7e0e29b3207fd10a336191186aab1a4ece35c113ed2f018ac69e01f0616a39295b49b554d05c0cd5a5325376b3387de59d924fd1e13ded44648ab33c21349a603f25b84ec5ed887995b33da5e3bfcb87cd2f64521c4c62cf825cffabbe5d31cc
t-v0-bit-69-5	1c5672d919cc0a800970cd7e05cb36ed27ed354c33519948e5a9eaf89aee12b74ebb0e84f098e43bc2a89f5ba0cdac00354910c769c5a3eae9306cb4f8b63cf5b4e1652e1acef8cf70eea41667f2fe6552847e6afb2762ed1b0b6b05ae8461ed5a163b95d2279bbb79a386dc751839c95b49b554d05c0cd5a5325376b3387de59d924fd1e13ded44648ab33c21349a603f25b84ec5ed887995b33da5e3bfcb87cd2f64521c4c62cf825cffabbe5d31cc
t-v0-bit-69-6	1c5672d919cc0a800970cd7e05cb36ed27ed354c33519948e5a9eaf89aee12b7803c37163f6af216a7594ed80db1ef6a3a1fb7fd00ba5c8fe6ab7a7d233e7acfbf806f3d97a98d9da829a8c5bfa3a94f49963e260c495990c6322a5c9de8cd739d5f73a412c8d23f74a90387174875535b49b554d05c0cd5a5325376b3387de59d924fd1e13ded44648ab33c21349a603f25b84ec5ed887995b33da5e3bfcb87cd2f64521c4c62cf825cffabbe5d31cc
t-v0-bit-69-7	1c5672d919cc0a800970cd7e05cb36ed27ed354c33519948e5a9eaf89aee12b74856d023d020cbe2b232cc456d47eaeb3af32bc5dfcf668872e2c5b812768b30fce3472c6f4f38ab9798775fcc6b96196ead01b948920a98755c5346ad380a02a88129f7382262bacfdeb5fc2cfe72075b49b554d05c0cd5a5325376b3387de59d924fd1e13ded44648ab33c21349a603f25b84ec5ed887995b33da5e3bfcb87cd2f64521c4c62cf825cffabbe5d31cc
t-v0-bit-70-0	1c5672d919cc0a800970cd7e05cb36ed27ed354c33519948e5a9eaf89aee12b7929713c5ba6752f8aada69dfe7465cc91ea6cf2c2bc818277bf333aea603388d60e5689d96c1dea1cb94d0456ec3f418d6119dfa9482841c844befd294077b11cb82fad2535255eb6bb988bb46e018665b49b554d05c0cd5a5325376b3387de59d924fd1e13ded44648ab33c21349a603f25b84ec5ed887995b33da5e3bfcb87cd2f64521c4c62cf825cffabbe5d31cc
t-v0-bit-70-1	1c5672d919cc0a800970cd7e05cb36ed27ed354c33519948e5a9eaf89aee12b7a254cbf0c17ede9eb2379e923607ee9f0e70fd29b10a973a2bb870456926bcb505180ef89c94cf03fe287a9284732954bc7643ec01322d836aa8036b81c2c653afe460cacb766f55651f550c94e7aaba5b49b554d05c0cd5a5325376b3387de59d924fd1e13ded44648ab33c21349a603f25b84ec5ed887995b33da5e3bfcb87cd2f64521c4c62cf825cffabbe5d31cc
t-v0-bit-70-2	1c5672d919cc0a800970cd7e05cb36ed27ed354c33519948e5a9eaf89aee12b786e24ceba8e625b09bf730a8212c1e562b3f20618c0c383f5cca34eb6f5c1766e3af45ce9d69ee8168d2b618841f1e8c572f44dc45bc63c3860813cb356e6059673a8fa584565122163d52d6f85dfbfc5b49b554d05c0cd5a5325376b3387de59d924fd1e13ded44648ab33c21349a603f25b84ec5ed887995b33da5e3bfcb87cd2f64521c4c62cf825cffabbe5d31cc
t-v0-bit-70-3	1c5672d919cc0a800970cd7e05cb36ed27ed354c33519948e5a9eaf89aee12b77b853330f33ee739b954e29dacf8b3c7fbe42abcda2b48385e0efbf0c32e8f80de90b523904f189d4adaaf67cfcf6c27d3482b766629bc04228f2a2d4810dcaaf4e0552db15635cf5b7f49adb4e9376c5b49b554d05c0cd5a5325376b3387de59d924fd1e13ded44648ab33c21349a603f25b84ec5ed887995b33da5e3bfcb87cd2f64521c4c62cf825cffabbe5d31cc
t-v0-bit-70-4	1c5672d919cc0a800970cd7e05cb36ed27ed354c33519948e5a9eaf89aee12b72e22d088b7e694505042ba5a03134a15788b0636bebf6d0f49f4165ed94f50c3659e941a9bbd8cc78198f5c44ac5516fa8b8e07db209ff97c6ffadafdb115c5d1bf1fc67bbd4321675bd3abb875aad735b49b554d05c0cd5a5325376b3387de59d924fd1e13ded44648ab33c21349a603f25b84ec5ed887995b33da5e3bfcb87cd2f64521c4c62cf825cffabbe5d31cc
t-v0-bit-70-5	1c5672d919cc0a800970cd7e05cb36ed27ed354c33519948e5a9eaf89aee12b74af0334fe0af980c5d83fb6635886259e7a2c86ce7c0e9a1d0e5903bbb7191330ce56d8e0667c8d8ad06c1d67d91ea1ae192196ebdb66f3261c9270ad34e96e82b63f41abb58f40b5baeabc9379e055f5b49b554d05c0cd5a5325376b3387de59d924fd1e13ded44648ab33c21349a603f25b84ec5ed887995b33da5e3bfcb87cd2f64521c4c62cf825cffabbe5d31cc
t-v0-bit-70-6	1c5672d919cc0a800970cd7e05cb36ed27ed354c33519948e5a9eaf89aee12b78f6bb8b2f7fb9171c92fe8c3ed3e9f08ff360a37685a2ad848b80e61dea7f81aa4e0721a4b1632704c27cc4d4e6101ce33cdaddee23e80f76382b517b02dd403ae22a9f7960dc845362945d814b983b75b49b554d05c0cd5a5325376b3387de59d924fd1e13ded44648ab33c21349a603f25b84ec5ed887995b33da5e3bfcb87cd2f64521c4c62cf825cffabbe5d31cc
t-v0-bit-70-7	1c5672d919cc0a800970cd7e05cb36ed27ed354c33519948e5a9eaf89aee12b7a8cf7873bd88994bc4021eec3a083962e59bf0a41c90ffe20054a5c365b014e72bd41241ccec120be78e69b1d130a6ab3f971b1d791fc54226908f242657a5e77255bc1615eea7ea9f27344576094b075b49b554d05c0cd5a5325376b3387de59d924fd1e13ded44648ab33c21349a603f25b84ec5ed887995b33da5e3bfcb87cd2f64521c4c62cf825cffabbe5d31cc
t-v0-bit-71-0	1c5672d919cc0a800970cd7e05cb36ed27ed354c33519948e5a9eaf89aee12b7d420b0634308b71a0a6d778b1247fa34bbd3197c2259121390cc82eb3342d325c2ae98ce815f9ae3ed9fc182f70cc43a52a6cc6ea77e89cf4062fcfc0f1c6c74bfb9fd975139d6ca260a9ac4c06d27825b49b554d05c0cd5a5325376b3387de59d924fd1e13ded44648ab33c21349a603f25b84ec5ed887995b33da5e3bfcb87cd2f64521c4c62cf825cffabbe5d31cc
t-v0-bit-71-1	1c5672d919cc0a800970cd7e05cb36ed27ed354c33519948e5a9eaf89aee12b7db9ef0ad8a89154b24e0b3968b3e4cd6ffc7d564316bc3eab0d0336b48a12e0028048e917bba479272aa42fe8005dd5db04936f986287036341381c7f9f54e86478d959b45782fbc6897843905661ba25b49b554d05c0cd5a5325376b3387de59d924fd1e13ded44648ab33c21349a603f25b84ec5ed887995b33da5e3bfcb87cd2f64521c4c62cf825cffabbe5d31cc
t-v0-bit-71-2	1c5672d919cc0a800970cd7e05cb36ed27ed354c33519948e5a9eaf89aee12b72f235b137200dabe2877e923fe427e6d79433436dda1c3b5e845032f15c117247565dcef05cc4edbab0a8074ef1b8f46829086156c29c18b3f0f98d763af27a704c1040da389c7919335b1d1d4f2255e5b49b554d05c0cd5a5325376b3387de59d924fd1e13ded44648ab33c21349a603f25b84ec5ed887995b33da5e3bfcb87cd2f64521c4c62cf825cffabbe5d31cc
t-v0-bit-71-3	1c5672d919cc0a800970cd7e05cb36ed27ed354c33519948e5a9eaf89aee12b7cdfc15b8c7b5c88d205548e66871f9446054c9fe819292ebef2d13ae0dda8fd074a15ae0192332eae1c32173b4ff315f46dbe1958de1fb520880c1be208d120dc2a21e98e92f786cdb37a73288760f1f5b49b554d05c0cd5a5325376b3387de59d924fd1e13ded44648ab33c21349a603f25b84ec5ed887995b33da5e3bfcb87cd2f64521c4c62cf825cffabbe5d31cc
t-v0-bit-71-4	1c5672d919cc0a800970cd7e05cb36ed27ed354c33519948e5a9eaf89aee12b75965505c6b3977b896a82f08466d71d542c5561afdd1af0cb3d70ede8742741a86c97ececc2b562aa949029467da8a5e260a1eb0e9eef60b7dca228acc5243f4888d42288ddfb7334232cb98940d44425b49b554d05c0cd5a5325376b3387de59d924fd1e13ded44648ab33c21349a603f25b84ec5ed887995b33da5e3bfcb87cd2f64521c4c62cf825cffabbe5d31cc
t-v0-bit-71-5	1c5672d919cc0a800970cd7e05cb36ed27ed354c33519948e5a9eaf89aee12b7a440f9a7d9833dc1de09917b96190a035ac178c803334a641526384f8ab3164d7490d5aad0c7434109d221285df6e1ac67e5a2cfbe6aac4be98f726c611436109554d80d410b6a7f3fdff3c0ebe6c1275b49b554d05c0cd5a5325376b3387de59d924fd1e13ded44648ab33c21349a603f25b84ec5ed887995b33da5e3bfcb87cd2f64521c4c62cf825cffabbe5d31cc
t-v0-bit-71-6	1c5672d919cc0a800970cd7e05cb36ed27ed354c33519948e5a9eaf89aee12b7182c99ca17d1100123716ab89b4a408701a6db1f4abff2f6193842dd4a554169c514ed837b24382161430aed9db727a4f640cd011b0b742c269d14bbab958cfca295dcc8170d62331b9c43441f0c7ee35b49b554d05c0cd5a5325376b3387de59d924fd1e13ded44648ab33c21349a603f25b84ec5ed887995b33da5e3bfcb87cd2f64521c4c62cf825cffabbe5d31cc
t-v0-bit-71-7	1c5672d919cc0a800970cd7e05cb36ed27ed354c33519948e5a9eaf89aee12b7e337b110db0e382a9eb43dc3736df838244f5b636edf4d5486691da50ec215b5678baa341b034a09f68125e01905f47f42d9ba607b5fb090f1351cc3b0b935d3331e4e5fc2803347f48e8dcb665334e75b49b554d05c0cd5a5325376b3387de59d924fd1e13ded44648ab33c21349a603f25b84ec5ed887995b33da5e3bfcb87cd2f64521c4c62cf825cffabbe5d31cc
t-v0-bit-72-0	1c5672d919cc0a800970cd7e05cb36ed27ed354c33519948e5a9eaf89aee12b75d32ddff936b1797c7dc18183fb350910e7cc0cb59ddc885ba3ffd493c8d2a64ed98513645707e1adb19c2c72461de6bb990239b7748b8b5ef32b4b55dfdcc2ba2a6abf90337ccf1faf040d1a24e7bc65b49b554d05c0cd5a5325376b3387de59d924fd1e13ded44648ab33c21349a603f25b84ec5ed887995b33da5e3bfcb87cd2f64521c4c62cf825cffabbe5d31cc
t-v0-bit-72-1	1c5672d919cc0a800970cd7e05cb36ed27ed354c33519948e5a9eaf89aee12b7e530bf386fcc3dcd3129eccf4ba217131a8bc0411e6d68720a31d1dd5cc8216afdf403a0c858f12fc0dbbf00cbff26eeb00dc90f4f7714a4460c144594f14f911b8d38e371f365ddb948e4b2da1f102c5b49b554d05c0cd5a5325376b3387de59d924fd1e13ded44648ab33c21349a603f25b84ec5ed887995b33da5e3bfcb87cd2f64521c4c62cf825cffabbe5d31cc
t-v0-bit-72-2	1c5672d919cc0a800970cd7e05cb36ed27ed354c33519948e5a9eaf89aee12b7876bf8f6aecc5df1d0fda8777ffc3ab1fba51c08f2231fe0f37b9a453491ac7e4922bd2f11ac6e1f207ba60985b9e4d35f0fcc6512076654325f834f5f3a2ba85cd1a4518680467a8f65a999253c03b95b49b554d05c0cd5a5325376b3387de59d924fd1e13ded44648ab33c21349a603f25b84ec5ed887995b33da5e3bfcb87cd2f64521c4c62cf825cffabbe5d31cc
t-v0-bit-72-3	1c5672d919cc0a800970cd7e05cb36ed27ed354c33519948e5a9eaf89aee12b7dd57c6d385343a0116586e3742b986c8563f6f2c25301bb7ec0eed1e0bcac4a6dcbeb1271267f0b1b64e4d4cf1c7685c92230b3c60c2dc44afbebf7099804e554bb7bff643da286c5614e2acc47f652d5b49b554d05c0cd5a5325376b3387de59d924fd1e13ded44648ab33c21349a603f25b84ec5ed887995b33da5e3bfcb87cd2f64521c4c62cf825cffabbe5d31cc
t-v0-bit-72-4	1c5672d919cc0a800970cd7e05cb36ed27ed354c33519948e5a9eaf89aee12b7e9315f22f55d6889c6da8a9508bf98bb240099e8bb69a1311f1cae315bfe43ab1c9dc37bff6d3730b890884faf7f7982b077de43d8b8628d3c605d0cae2343f4131f6cdc4c3f08f69270720b77c9ed0a5b49b554d05c0cd5a5325376b3387de59d924fd1e13ded44648ab33c21349a603f25b84ec5ed887995b33da5e3bfcb87cd2f64521c4c62cf825cffabbe5d31cc
t-v0-bit-72-5	1c5672d919cc0a800970cd7e05cb36ed27ed354c33519948e5a9eaf89aee12b728d224b069829501a46e2fe686265e2e36070deead5210dd5423d8681523fe25c11cae775e298879a30b1dc05d1ade0cd53b3ff6feac6910c135f989f9a9fc53d1abf27d42444f35d6602a1fcbd32c585b49b554d05c0cd5a5325376b3387de59d924fd1e13ded44648ab33c21349a603f25b84ec5ed887995b33da5e3bfcb87cd2f64521c4c62cf825cffabbe5d31cc
t-v0-bit-72-6	1c5672d919cc0a800970cd7e05cb36ed27ed354c33519948e5a9eaf89aee12b704fd2fa19451ffd39829eaa9df1e2b7677c9584e61634ecf5290ef6696e825d37e64991ae3cbf0ec218ce4c64bf243b1e311e7b34818e229993e9b37471993299bcb8f30129f33fbb32dd1b03228544f5b49b554d05c0cd5a5325376b3387de59d924fd1e13ded44648ab33c21349a603f25b84ec5ed887995b33da5e3bfcb87cd2f64521c4c62cf825cffabbe5d31cc
t-v0-bit-72-7	1c5672d919cc0a800970cd7e05cb36ed27ed354c33519948e5a9eaf89aee12b73623293dc1954e7932d417d04b6256ff98bb903600fd4765dbb663eb3a585847ad3dd9af66d30347307e42ca21099b9f5ac36517ab43672eed7a7b24d7a34335ba1de2b747bc8202009b6f81cf769f455b49b554d05c0cd5a5325376b3387de59d924fd1e13ded44648ab33c21349a603f25b84ec5ed887995b33da5e3bfcb87cd2f64521c4c62cf825cffabbe5d31cc
t-v0-bit-73-0	1c5672d919cc0a800970cd7e05cb36ed27ed354c33519948e5a9eaf89aee12b7c9c73c8fa39603eb3bfe92a5326c71403f5242177874e823a10acf2a6d844cfccbd8bde42f987f3f969f633f0e9769f6eb3f33172faeebaf1fbfd0e2da3b37a681f5c5529db8a3d7b0220ab781126eae5b49b554d05c0cd5a5325376b3387de59d924fd1e13ded44648ab33c21349a603f25b84ec5ed887995b33da5e3bfcb87cd2f64521c4c62cf825cffabbe5d31cc
t-v0-bit-73-1	1c5672d919cc0a800970cd7e05cb36ed27ed354c33519948e5a9eaf89aee12b762a8f8b18b6bd320567fc78ac854610000e6a71634ac08206e8ba998ea02554ce4a11f2e61eb8c1c9d76235f6fc7e56d439d3fcb3d934dbcf40f7bcef8c811f52a7e7b7af1cfba77f8377bfea5f0e36e5b49b554d05c0cd5a5325376b3387de59d924fd1e13ded44648ab33c21349a603f25b84ec5ed887995b33da5e3bfcb87cd2f64521c4c62cf825cffabbe5d31cc
t-v0-bit-73-2	1c5672d919cc0a800970cd7e05cb36ed27ed354c33519948e5a9eaf89aee12b7d9dcb11b48998600aee7ad0e76c4f7ca271e28b42f3bd4029c2c2f64ba2218f47f0dfc2f49dd880406dbac31db6e982a6f624598f87efbdde3aeb07f559a9b2586ca46f243197703db09d64847139c6d5b49b554d05c0cd5a5325376b3387de59d924fd1e13ded44648ab33c21349a603f25b84ec5ed887995b33da5e3bfcb87cd2f64521c4c62cf825cffabbe5d31cc
t-v0-bit-73-3	1c5672d919cc0a800970cd7e05cb36ed27ed354c33519948e5a9eaf89aee12b7237588c5ed04326ac19c455cba88d6442beb40c43e262db3e0ec071a09fce4bb5a92f393e8c647336788e0bb857b7c6a32eb89f3aa8c714a439bfb4d87632f92b0e0307d6c941588a132069d6c53dc9e5b49b554d05c0cd5a5325376b3387de59d924fd1e13ded44648ab33c21349a603f25b84ec5ed887995b33da5e3bfcb87cd2f64521c4c62cf825cffabbe5d31cc
t-v0-bit-73-4	1c5672d919cc0a800970cd7e05cb36ed27ed354c33519948e5a9eaf89aee12b7c613475ad615839971cc669b48463a28d1a6a8da7e1be3962fb4673d7e35bc9c93e54a620ea6ac46233cc9e1082015151c116e1a3a62b859febf2e01b36aae47cd61a01326cd27d3049bbd2e7f1922845b49b554d05c0cd5a5325376b3387de59d924fd1e13ded44648ab33c21349a603f25b84ec5ed887995b33da5e3bfcb87cd2f64521c4c62cf825cffabbe5d31cc
t-v0-bit-73-5	1c5672d919cc0a800970cd7e05cb36ed27ed354c33519948e5a9eaf89aee12b7fd29576a5066a3b18d554083971d60269db9b3264ca6246a97fbfaae44a4a0839098d99b053a6f4f74af63761cf11e7907103ff99fed1467c297d7af88ed4cb291846a7eb5770c3bec3c8f82739a3c795b49b554d05c0cd5a5325376b3387de59d924fd1e13ded44648ab33c21349a603f25b84ec5ed887995b33da5e3bfcb87cd2f64521c4c62cf825cffabbe5d31cc
t-v0-bit-73-6	1c5672d919cc0a800970cd7e05cb36ed27ed354c33519948e5a9eaf89aee12b78646112bfdca5678a29349cd233543f2d38514bd8fba9708b7286afd2d059f6145cd1a134568b5527d11a393d401801c1e7df321896c3994146e8d2e32aab6a9cc35a649f32cb85af840378f6a053cea5b49b554d05c0cd5a5325376b3387de59d924fd1e13ded44648ab33c21349a603f25b84ec5ed887995b33da5e3bfcb87cd2f64521c4c62cf825cffabbe5d31cc
t-v0-bit-73-7	1c5672d919cc0a800970cd7e05cb36ed27ed354c33519948e5a9eaf89aee12b7483d7ab9de2b83bedc9456cdf7128055414c25ef8777717c79578c59568273e37afc75ca94448b3ebe67988ccb4af9c698befa9125143352d0c70461f78b8ffd8d1f8acc19c6103230093431caa4be885b49b554d05c0cd5a5325376b3387de59d924fd1e13ded44648ab33c21349a603f25b84ec5ed887995b33da5e3bfcb87cd2f64521c4c62cf825cffabbe5d31cc
t-v0-bit-74-0	1c5672d919cc0a800970cd7e05cb36ed27ed354c33519948e5a9eaf89aee12b796137b47a6ebe9f8eb6b8548908b7ea6ccebbe261db97b47fd597d925f4c6cafac8c2d63e580c6718fbab9ecdd87c160e6108144b569d1d96de9869a210146b1876dfd101eb82f3f6738b8a8018cc31a5b49b554d05c0cd5a5325376b3387de59d924fd1e13ded44648ab33c21349a603f25b84ec5ed887995b33da5e3bfcb87cd2f64521c4c62cf825cffabbe5d31cc
t-v0-bit-74-1	1c5672d919cc0a800970cd7e05cb36ed27ed354c33519948e5a9eaf89aee12b787976142cd4ef2d4f7f66635959aff4f0f7e6c455c4736264451d24f239bc14ef9f7e890ccfa21af7981cbeb9cd683c596428e6a39dbbd8e79a42ff71bf7f0150e09bb51411dcc07bf2e566607cce83d5b49b554d05c0cd5a5325376b3387de59d924fd1e13ded44648ab33c21349a603f25b84ec5ed887995b33da5e3bfcb87cd2f64521c4c62cf825cffabbe5d31cc
t-v0-bit-74-2	1c5672d919cc0a800970cd7e05cb36ed27ed354c33519948e5a9eaf89aee12b7e8ad7363562ad965021c9f88aa04c70f9d70c8823777703fd98bd2fe6e6a4d7311bf38017ebce9da82b6d1a67dfa5434075bb5461e7445a6cb6ab030b77a53b3ee42459b8fb1903dba2dcbd8d5d13a5a5b49b554d05c0cd5a5325376b3387de59d924fd1e13ded44648ab33c21349a603f25b84ec5ed887995b33da5e3bfcb87cd2f64521c4c62cf825cffabbe5d31cc
t-v0-bit-74-3	1c5672d919cc0a800970cd7e05cb36ed27ed354c33519948e5a9eaf89aee12b73f0ccea362bd70cfbf12d263b75ab6f3627956c41a800601413392e6d200e3bc70d832cfdb30425fbaf166191834127ea2962c320627deff98d2aa7c8a62d083115e3a620a4f357de2713dbf670ef5585b49b554d05c0cd5a5325376b3387de59d924fd1e13ded44648ab33c21349a603f25b84ec5ed887995b33da5e3bfcb87cd2f64521c4c62cf825cffabbe5d31cc
t-v0-bit-74-4	1c5672d919cc0a800970cd7e05cb36ed27ed354c33519948e5a9eaf89aee12b7f0362a52bc510e1e2fd3f39f23e9bae06ec041f53df7d1a1dd710e93a3fa1f596f6703ca30fefa6d47ab271b51a4d6e2e7594543c0b172a1e2b204e3bef25163df44d8e1efba22e5c83377d566977bb95b49b554d05c0cd5a5325376b3387de59d924fd1e13ded44648ab33c21349a603f25b84ec5ed887995b33da5e3bfcb87cd2f64521c4c62cf825cffabbe5d31cc
t-v0-bit-74-5	1c5672d919cc0a800970cd7e05cb36ed27ed354c33519948e5a9eaf89aee12b7787cb38d687d50c9df1b0e8858408307dbc33abaaca7dea5c2069fa7c43ae40ae4ab39da343d0f73b6be39b0cf8c0ffb8ff8a4b243612113a65f39c4ea68e832cd4e449e64ead60e9a6c437a97248d8d5b49b554d05c0cd5a5325376b3387de59d924fd1e13ded44648ab33c21349a603f25b84ec5ed887995b33da5e3bfcb87cd2f64521c4c62cf825cffabbe5d31cc
t-v0-bit-74-6	1c5672d919cc0a800970cd7e05cb36ed27ed354c33519948e5a9eaf89aee12b74cc144e61b201dbb8cf8eb7c6acdac622c9dd75c946a473831a2908265d15a03ffad5789844842906d58ec5b0b7901c4183d535aef47cdb403aec7b07dacb21b53ae84e2717e8ebb385827679725f94c5b49b554d05c0cd5a5325376b3387de59d924fd1e13ded44648ab33c21349a603f25b84ec5ed887995b33da5e3bfcb87cd2f64521c4c62cf825cffabbe5d31cc
t-v0-bit-74-7	1c5672d919cc0a800970cd7e05cb36ed27ed354c33519948e5a9eaf89aee12b7698da37c225720c1ccb1f98467fe3f2d9c06ca33aef9a631b5443ce9506cedc4147b766b372f5e757d5f7566f54f8510d3227c81a2d34436b025aa65a16357a4c5aef05dc6fc0795286e2d85605192995b49b554d05c0cd5a5325376b3387de59d924fd1e13ded44648ab33c21349a603f25b84ec5ed887995b33da5e3bfcb87cd2f64521c4c62cf825cffabbe5d31cc
t-v0-bit-75-0	1c5672d919cc0a800970cd7e05cb36ed27ed354c33519948e5a9eaf89aee12b7646025bb47d8c40844f59a85fdd76ab7e61b64e2b3ba45c208d0d2a120650d0b4c56298040052ec7fdc659bf3628f3701096a3f06e86fb41bd94f550ea1188cb25c76fa742f14b97d8933579923dbd1b5b49b554d05c0cd5a5325376b3387de59d924fd1e13ded44648ab33c21349a603f25b84ec5ed887995b33da5e3bfcb87cd2f64521c4c62cf825cffabbe5d31cc
t-v0-bit-75-1	1c5672d919cc0a800970cd7e05cb36ed27ed354c33519948e5a9eaf89aee12b7fd38e4fcc02f8643516a40a11b737ab8ac37c7cb17d11bf5ad86f51f6ceab976bbedda0ddff6c97d5c9dff268bd852fc2d26a84988e301bdf62444db884954edd3247738f74b9f494d3a3a6805958ade5b49b554d05c0cd5a5325376b3387de59d924fd1e13ded44648ab33c21349a603f25b84ec5ed887995b33da5e3bfcb87cd2f64521c4c62cf825cffabbe5d31cc
t-v0-bit-75-2	1c5672d919cc0a800970cd7e05cb36ed27ed354c33519948e5a9eaf89aee12b78948fc7292459d251ac8328e7c4f32ef4142d2cfbe57b60ef0916c1d71c0407a288acabc884fda381239f69e93e2961fbe19dbf8579e4bfc30968e65cda8c083c829cd4dfa3f05ef46081def89057a115b49b554d05c0cd5a5325376b3387de59d924fd1e13ded44648ab33c21349a603f25b84ec5ed887995b33da5e3bfcb87cd2f64521c4c62cf825cffabbe5d31cc
t-v0-bit-75-3	1c5672d919cc0a800970cd7e05cb36ed27ed354c33519948e5a9eaf89aee12b7a695008221889d944f5b051e624371f406f54f3a1655163d519014f9b1f18369c1ecded6d268a1d0e742a5ab26d74bde8d0a580b3af0e3e0bcda9b7ee17ba87d8ce8766ac52be746f238c45de83f0d3d5b49b554d05c0cd5a5325376b3387de59d924fd1e13ded44648ab33c21349a603f25b84ec5ed887995b33da5e3bfcb87cd2f64521c4c62cf825cffabbe5d31cc
t-v0-bit-75-4	1c5672d919cc0a800970cd7e05cb36ed27ed354c33519948e5a9eaf89aee12b794375f0be3901ca66e7202aa26b7caee2dd7c14d963629dbcf3c5423664fe5cd0676a92ec285b7a31f8b47ba764aaff9cd92441f847c0dee75a21821cbc1a3e4677479add2361f36b13d2a29a887cc485b49b554d05c0cd5a5325376b3387de59d924fd1e13ded44648ab33c21349a603f25b84ec5ed887995b33da5e3bfcb87cd2f64521c4c62cf825cffabbe5d31cc
t-v0-bit-75-5	1c5672d919cc0a800970cd7e05cb36ed27ed354c33519948e5a9eaf89aee12b78a4191c319c5c00c78b09215967b9cac4e2d953c655b5c41672f65a04e9b86d19edae7a2d48c0f14da3f002fd3ad2ee07446e285ced4d242c73a66b36278e912e5eb98bf3a47cfdf099c6decd7137d0b5b49b554d05c0cd5a5325376b3387de59d924fd1e13ded44648ab33c21349a603f25b84ec5ed887995b33da5e3bfcb87cd2f64521c4c62cf825cffabbe5d31cc
t-v0-bit-75-6	1c5672d919cc0a800970cd7e05cb36ed27ed354c33519948e5a9eaf89aee12b7a5c105c3b61952d8e2bebf356550596cb2fb744cccf6b96743d30a0dea3bd29ef28c14c69cf0e97d9972056392ab5d8f1059c67125247f0f4b4afd6d368c0ca45b064589775e8380bdb97b77a0195fcc5b49b554d05c0cd5a5325376b3387de59d924fd1e13ded44648ab33c21349a603f25b84ec5ed887995b33da5e3bfcb87cd2f64521c4c62cf825cffabbe5d31cc
t-v0-bit-75-7	1c5672d919cc0a800970cd7e05cb36ed27ed354c33519948e5a9eaf89aee12b7fb06f97426869e04daf8b3a6fa319772362a1f70a96a064e459cdd53054438e3f8e2a8d0b9ee5667324bb1434b32775655c97fd450316e030cd8e5cd66351b850b64ea6c5a6780a0551b87dc8b28d3ac5b49b554d05c0cd5a5325376b3387de59d924fd1e13ded44648ab33c21349a603f25b84ec5ed887995b33da5e3bfcb87cd2f64521c4c62cf825cffabbe5d31cc
t-v0-bit-76-0	1c5672d919cc0a800970cd7e05cb36ed27ed354c33519948e5a9eaf89aee12b75fed2cddb072a5256912066f193b5c4148c70d924fa64e041197ec99715c4a103e4e01fa2541b1afa9045135d87e06c3b88575e39d5e3f25b2e674e51cff88396f6c03da9a8dde4db24c714959df5a415b49b554d05c0cd5a5325376b3387de59d924fd1e13ded44648ab33c21349a603f25b84ec5ed887995b33da5e3bfcb87cd2f64521c4c62cf825cffabbe5d31cc
t-v0-bit-76-1	1c5672d919cc0a800970cd7e05cb36ed27ed354c33519948e5a9eaf89aee12b79a7e41320e1c6a6bcaf8eece94ce7aa92efb1bd02fc228394c2431bfabbaa01afa86751e3df8237f5cf1ea259b52c7193f4b8f1e8fa391cd3a72489bf77e6ebce797e44f8e1397c28a6277e8469974725b49b554d05c0cd5a5325376b3387de59d924fd1e13ded44648ab33c21349a603f25b84ec5ed887995b33da5e3bfcb87cd2f64521c4c62cf825cffabbe5d31cc
t-v0-bit-76-2	1c5672d919cc0a800970cd7e05cb36ed27ed354c33519948e5a9eaf89aee12b7119f1f9748113f896079d6d7a29926e1822fc42ae28d55eded3a5259a2477de77227e37ecbaac8683379fefcbc4b898677700912cf53ba0f897633235bc6e9c2dff36a74c15583ab88be5ba2bbced84d5b49b554d05c0cd5a5325376b3387de59d924fd1e13ded44648ab33c21349a603f25b84ec5ed887995b33da5e3bfcb87cd2f64521c4c62cf825cffabbe5d31cc
t-v0-bit-76-3	1c5672d919cc0a800970cd7e05cb36ed27ed354c33519948e5a9eaf89aee12b77a80f4c8c96c175e25a9609615dc8844f8dfddfed697d8411ed16fca2bb9d3017c56dbd0337d920ad1a8363fb51a1dd33710bc5e54f25f8360ec0361ef77d2251b803e19bbf07601722c5a1cb177e7085b49b554d05c0cd5a5325376b3387de59d924fd1e13ded44648ab33c21349a603f25b84ec5ed887995b33da5e3bfcb87cd2f64521c4c62cf825cffabbe5d31cc
t-v0-bit-76-4	1c5672d919cc0a800970cd7e05cb36ed27ed354c33519948e5a9eaf89aee12b74e6cb1cf00ac0f4ee1cb9ce47809664231a23876b76b4be52ce2730977889f6a1769a69b0c10a527b4ef1754e9aa238b31fc50a333cb83763ef63d1051e7742909d8a194ca9f0ee3f5a3734b67456eda5b49b554d05c0cd5a5325376b3387de59d924fd1e13ded44648ab33c21349a603f25b84ec5ed887995b33da5e3bfcb87cd2f64521c4c62cf825cffabbe5d31cc
t-v0-bit-76-5	1c5672d919cc0a800970cd7e05cb36ed27ed354c33519948e5a9eaf89aee12b7b5ff8fe6ec86820e16817d0a06dbbe482d9d11f9e30742496c09b8ae58bd1fda4c17066990ac1ee9f330f47608374a3bb07bcc7e7c0606e3c92ac10b9e61b000540b3f1ab837885b9fae5932417164765b49b554d05c0cd5a5325376b3387de59d924fd1e13ded44648ab33c21349a603f25b84ec5ed887995b33da5e3bfcb87cd2f64521c4c62cf825cffabbe5d31cc
t-v0-bit-76-6	1c5672d919cc0a800970cd7e05cb36ed27ed354c33519948e5a9eaf89aee12b7cb158f2ca07dae88d06944fe728b66c58e3c593cc6c8da6aecdb223690fd3f7e12261cc2a9d84d9b3e6ffe9bb7acaee54e04206e37490a51a5c500e97e9bc0150225f6534c8bca7ee9b0c32e9d8a43d85b49b554d05c0cd5a5325376b3387de59d924fd1e13ded44648ab33c21349a603f25b84ec5ed887995b33da5e3bfcb87cd2f64521c4c62cf825cffabbe5d31cc
t-v0-bit-76-7	1c5672d919cc0a800970cd7e05cb36ed27ed354c33519948e5a9eaf89aee12b7574b213551f037e5a41a7a337cec89122229ea752e2af794882bda59cb9d4c23b95bf14613f5d605c63219dd82f05b0449ce9acb109e7003c5753a3e1d0391f085321c0b835c83511b4aeae67102c5365b49b554d05c0cd5a5325376b3387de59d924fd1e13ded44648ab33c21349a603f25b84ec5ed887995b33da5e3bfcb87cd2f64521c4c62cf825cffabbe5d31cc
t-v0-bit-77-0	1c5672d919cc0a800970cd7e05cb36ed27ed354c33519948e5a9eaf89aee12b7df32e8cc5383ed3f6a66b96146662c0441a2fb7ffbc2361ccf3f721b1149ff24ca9e7f3f3c210d84ba5b0ea130311ebbebdb0ceb50da8e956a42785b3c59bbd83fba33704646d48e991c7bfbe7d7d28f5b49b554d05c0cd5a5325376b3387de59d924fd1e13ded44648ab33c21349a603f25b84ec5ed887995b33da5e3bfcb87cd2f64521c4c62cf825cffabbe5d31cc
t-v0-bit-77-1	1c5672d919cc0a800970cd7e05cb36ed27ed354c33519948e5a9eaf89aee12b7a7a3ac5d80369b742e3b093c628f45ca76fa679fae5da19a894f6db5151037aa69012028ad5743b8c7aab6f1e47995addf72aa74538acc53dc6215e5bdd1a4ca6c952572a50e24889cb42c91b82fdf155b49b554d05c0cd5a5325376b3387de59d924fd1e13ded44648ab33c21349a603f25b84ec5ed887995b33da5e3bfcb87cd2f64521c4c62cf825cffabbe5d31cc
t-v0-bit-77-2	1c5672d919cc0a800970cd7e05cb36ed27ed354c33519948e5a9eaf89aee12b74f7bbfae89d89c45797a1f784bea3169bdeccf041ba20f5ec889bfcd1924e0491d2f33db7c164a15574969e731713d21f324d91f8118bc8848be94bd0ff532f7b5fef9c2580185480ba5c9065214189f5b49b554d05c0cd5a5325376b3387de59d924fd1e13ded44648ab33c21349a603f25b84ec5ed887995b33da5e3bfcb87cd2f64521c4c62cf825cffabbe5d31cc
t-v0-bit-77-3	1c5672d919cc0a800970cd7e05cb36ed27ed354c33519948e5a9eaf89aee12b7f4faee26d4d6703ed2f6bf0d3750f84d7e037bd07e3d85b5279444938f9ed7230bb515bb06fd7a49a2af53f05a0bb3726056ba779e04c69871fedbb52de5c7b225ad7a8ed43ca3d553e7ee61e1f03c505b49b554d05c0cd5a5325376b3387de59d924fd1e13ded44648ab33c21349a603f25b84ec5ed887995b33da5e3bfcb87cd2f64521c4c62cf825cffabbe5d31cc
t-v0-bit-77-4	1c5672d919cc0a800970cd7e05cb36ed27ed354c33519948e5a9eaf89aee12b72b52c217f879b70a53a3890a6ca696434a073692065b057be80f8a2ba4245ed960a60e38e7198e03ef6f7e38e8e806b8c13e7c94969e899bf9479e4cf2d73ad177cdf7c01483a25dc59c709ed3ff0f995b49b554d05c0cd5a5325376b3387de59d924fd1e13ded44648ab33c21349a603f25b84ec5ed887995b33da5e3bfcb87cd2f64521c4c62cf825cffabbe5d31cc
t-v0-bit-77-5	1c5672d919cc0a800970cd7e05cb36ed27ed354c33519948e5a9eaf89aee12b7a71c1e24b4b4a97db975bd2ef2c4bcd585906e397ea759c4b1c8f7c1c9901e836d1e32808449132ac5c63adfbe341d768d27f43046c74e4426013ded58bdf0b5a7e86c6fc3ed34c8f7a28cb80005782d5b49b554d05c0cd5a5325376b3387de59d924fd1e13ded44648ab33c21349a603f25b84ec5ed887995b33da5e3bfcb87cd2f64521c4c62cf825cffabbe5d31cc
t-v0-bit-77-6	1c5672d919cc0a800970cd7e05cb36ed27ed354c33519948e5a9eaf89aee12b7483406a43f85e988a8982e38dc9c8a8b18d1ded7e5ccddcb61ff4122059c49360fe0ed54435e398769b51fc3e1c7d9c32cc45b7d4479402fe4084728a5223b15eb48559550102c3bbc9142e9993bda2c5b49b554d05c0cd5a5325376b3387de59d924fd1e13ded44648ab33c21349a603f25b84ec5ed887995b33da5e3bfcb87cd2f64521c4c62cf825cffabbe5d31cc
t-v0-bit-77-7	1c5672d919cc0a800970cd7e05cb36ed27ed354c33519948e5a9eaf89aee12b7c2e3e67abd9a629897b5900b6c9ebde47723346a4ad1230dbac73476efca137952ba5f4a6829b50d7796d6ff0b7b70ff974399aaf881eb0656e0ed18b7b6af58a3aa9c91d5dd1fdb02cc1d2aa59449165b49b554d05c0cd5a5325376b3387de59d924fd1e13ded44648ab33c21349a603f25b84ec5ed887995b33da5e3bfcb87cd2f64521c4c62cf825cffabbe5d31cc
t-v0-bit-78-0	1c5672d919cc0a800970cd7e05cb36ed27ed354c33519948e5a9eaf89aee12b7f52ebc157b471e53803ed55d87449ff576f4b569d0f1444d2c2c86922ada7500be2fa474aa5d3374765ae49ff1e68322bccbe8f4003a84533f52c1bbb23f13c9f8c8e0fc2f7c9844830395cdb146ba355b49b554d05c0cd5a5325376b3387de59d924fd1e13ded44648ab33c21349a603f25b84ec5ed887995b33da5e3bfcb87cd2f64521c4c62cf825cffabbe5d31cc
t-v0-bit-78-1	1c5672d919cc0a800970cd7e05cb36ed27ed354c33519948e5a9eaf89aee12b7e1593a64222fda8a63af8a9012f746d8061fbaa86fcf11402642623a0f87255e4173932ef76cd9590df5e0d8bf89d35e01bc1997ceaad9f7e1171d332e3263ce88c88b6f8c345a2bfa24837302eac4c25b49b554d05c0cd5a5325376b3387de59d924fd1e13ded44648ab33c21349a603f25b84ec5ed887995b33da5e3bfcb87cd2f64521c4c62cf825cffabbe5d31cc
t-v0-bit-78-2	1c5672d919cc0a800970cd7e05cb36ed27ed354c33519948e5a9eaf89aee12b7530fbf4836f356204e54f33d76babfd91d7397055c7be780c6b408c9acf5c828043e624b2a251f5b99f0bf148c54c83c142873e631c350bacd0067f487d081826ae2446cc2c24d7c98d3eeef32a931dd5b49b554d05c0cd5a5325376b3387de59d924fd1e13ded44648ab33c21349a603f25b84ec5ed887995b33da5e3bfcb87cd2f64521c4c62cf825cffabbe5d31cc
t-v0-bit-78-3	1c5672d919cc0a800970cd7e05cb36ed27ed354c33519948e5a9eaf89aee12b74e73f30b6ab4a6f21135a646bef80ff53f62d463b05be427f2fccd9c6137a3647231e62728227d1db98ecbcaa32c6125a1a71f80e558a241941eebdfa5510b1e26b369ef1af05318841456fed88a50215b49b554d05c0cd5a5325376b3387de59d924fd1e13ded44648ab33c21349a603f25b84ec5ed887995b33da5e3bfcb87cd2f64521c4c62cf825cffabbe5d31cc
t-v0-bit-78-4	1c5672d919cc0a800970cd7e05cb36ed27ed354c33519948e5a9eaf89aee12b7791c96ca7e7e80f5eaa5ca36de5e2872257ef00676b3ab14bc9393bb8598aa7df312c8afcf307266ccf4a83f2103000777fb75d04ad03f8e8edbb0fa29c0c1cdac2b812f107ae8f1bf8e41ed782a6e025b49b554d05c0cd5a5325376b3387de59d924fd1e13ded44648ab33c21349a603f25b84ec5ed887995b33da5e3bfcb87cd2f64521c4c62cf825cffabbe5d31cc
t-v0-bit-78-5	1c5672d919cc0a800970cd7e05cb36ed27ed354c33519948e5a9eaf89aee12b7de5722bd54fa5bbc62858b6a1de6c392eae56871b34cba4bf9f1761a2e324344a2157fb438c7d8fed73f985ce8ca3a55e66c645ca8c8a39a5ccb363b249ae35fb219f566af2d2a1252377d4e7747a8515b49b554d05c0cd5a5325376b3387de59d924fd1e13ded44648ab33c21349a603f25b84ec5ed887995b33da5e3bfcb87cd2f64521c4c62cf825cffabbe5d31cc
t-v0-bit-78-6	1c5672d919cc0a800970cd7e05cb36ed27ed354c33519948e5a9eaf89aee12b7e3b6f477fc19d5e1a5537122bd711d530591c0e947aec318176c22229376c7386e10956151bb93acc9f767fedbb0d657f2daddecca6d27b1b72d46c12186213c20173d7965a45127051b3f287a284ae65b49b554d05c0cd5a5325376b3387de59d924fd1e13ded44648ab33c21349a603f25b84ec5ed887995b33da5e3bfcb87cd2f64521c4c62cf825cffabbe5d31cc
t-v0-bit-78-7	1c5672d919cc0a800970cd7e05cb36ed27ed354c33519948e5a9eaf89aee12b7bd8fc0d2ba14887d0cea145e350e003915f15a554a6422713d4a35b1bdde39b9c7c6821a9ee6a452806f8e6ecab80b7c400e8457f79537c8a8b1b71915f751ab69ceddaa527b2650ce51ac138a85f40e5b49b554d05c0cd5a5325376b3387de59d924fd1e13ded44648ab33c21349a603f25b84ec5ed887995b33da5e3bfcb87cd2f64521c4c62cf825cffabbe5d31cc
t-v0-bit-79-0	1c5672d919cc0a800970cd7e05cb36ed27ed354c33519948e5a9eaf89aee12b755ee9b876592972dc4e62fd635e205ac0ef589e7eb7d6035c1fcd3a662290c047e825bd758849eea2b8034d15268ee36a5af61f9aba56668a1197557134b87208c73d75e956e225879e0217bead1fd7b5b49b554d05c0cd5a5325376b3387de59d924fd1e13ded44648ab33c21349a603f25b84ec5ed887995b33da5e3bfcb87cd2f64521c4c62cf825cffabbe5d31cc
t-v0-bit-79-1	1c5672d919cc0a800970cd7e05cb36ed27ed354c33519948e5a9eaf89aee12b7b4566bc35ce92808db50e199079013932be9853753bbaae8c79839abf75e8f22b98cd06136ca04be8550722dd06e7e0f1fd70ad21a20f38f5d996c606e799a33a3b632df9ce9845cd6ed31b69e54fff95b49b554d05c0cd5a5325376b3387de59d924fd1e13ded44648ab33c21349a603f25b84ec5ed887995b33da5e3bfcb87cd2f64521c4c62cf825cffabbe5d31cc
t-v0-bit-79-2	1c5672d919cc0a800970cd7e05cb36ed27ed354c33519948e5a9eaf89aee12b74982eddac6117bf06cf3ad25779ab0707e1b4a9330d764a4356aa671dd3da1277e7d0e482fdb5651e9c4bc89ff7968edb3adfc032ae7bea35e5efc0bf6ff5f8c7bf221c3163ee16fcd4c62f2fa560b5a5b49b554d05c0cd5a5325376b3387de59d924fd1e13ded44648ab33c21349a603f25b84ec5ed887995b33da5e3bfcb87cd2f64521c4c62cf825cffabbe5d31cc
t-v0-bit-79-3	1c5672d919cc0a800970cd7e05cb36ed27ed354c33519948e5a9eaf89aee12b71ccf6b68e25771e1337a0ea38bcb3f96de98724e6b9a201c046be01bc17fbb174f5bc0e6d0f3de4451207e4aa6eec2536ada5c927f7194206685809626c91fbaaf3708ad3105f1e81590ee662153ee8a5b49b554d05c0cd5a5325376b3387de59d924fd1e13ded44648ab33c21349a603f25b84ec5ed887995b33da5e3bfcb87cd2f64521c4c62cf825cffabbe5d31cc
t-v0-bit-79-4	INVALID
t-v0-bit-79-5	INVALID
t-v0-bit-79-6	INVALID
t-v0-bit-79-7	INVALID
t-v0-s-plus-1L	INVALID
t-v0-s-plus-2L	INVALID
t-v0-s-plus-3L	INVALID
t-v0-s-plus-4L	INVALID
t-v0-s-plus-5L	INVALID
t-v0-s-plus-6L	INVALID
t-v0-s-plus-7L	INVALID
t-v0-s-plus-8L	INVALID
t-v0-s-plus-9L	INVALID
t-v0-s-plus-10L	INVALID
t-v0-s-plus-11L	INVALID
t-v0-s-plus-12L	INVALID
t-v0-s-plus-13L	INVALID
t-v0-s-plus-14L	INVALID
t-v0-s-plus-15L	INVALID
t-v0-pk-zero	INVALID
t-v0-gamma-zero	1c5672d919cc0a800970cd7e05cb36ed27ed354c33519948e5a9eaf89aee12b7c4743a22340131a2323174bfc397a6585cbe0cc521bfad09f34b11dd4bcf59362f6b8fba17c25b716af2719dbd6f1c1bc893a9a9ec949967da54064acdfa48d2657f13fbcaeba33627440bc3717f3b0b0d2b198e9d4484260f2e2614732576220f5391a08e141958d68d8cb8b4ec22a958fff2e135b59080fcd36a6c12250a6566e8659d1b669307c078af9e2adc1503
t-v0-pk-identity	INVALID
t-v0-gamma-identity	1c5672d919cc0a800970cd7e05cb36ed27ed354c33519948e5a9eaf89aee12b7c4743a22340131a2323174bfc397a6585cbe0cc521bfad09f34b11dd4bcf593639512ac825279d691a61ef82112a256b874d370c04cde945ba585fc731b8ec711e09df2f879db9eb0df5238af09680cd0d2b198e9d4484260f2e2614732576220f5391a08e141958d68d8cb8b4ec22a958fff2e135b59080fcd36a6c12250a6566e8659d1b669307c078af9e2adc1503
t-v0-pk-minus-one	INVALID
t-v0-gamma-minus-one	1c5672d919cc0a800970cd7e05cb36ed27ed354c33519948e5a9eaf89aee12b7c4743a22340131a2323174bfc397a6585cbe0cc521bfad09f34b11dd4bcf5936b4aed537dad86296e59e107deed5da9478b2c8f3fb3216ba45a7a038ce47138ef02e548531c36768f2083121418d83e00d2b198e9d4484260f2e2614732576220f5391a08e141958d68d8cb8b4ec22a958fff2e135b59080fcd36a6c12250a6566e8659d1b669307c078af9e2adc1503
t-v0-pk-p	INVALID
t-v0-gamma-p	INVALID
t-v0-pk-p-plus-one	INVALID
t-v0-gamma-p-plus-one	INVALID
t-v0-pk-negative-zero	INVALID
t-v0-gamma-negative-zero	1c5672d919cc0a800970cd7e05cb36ed27ed354c33519948e5a9eaf89aee12b7c4743a22340131a2323174bfc397a6585cbe0cc521bfad09f34b11dd4bcf593639512ac825279d691a61ef82112a256b874d370c04cde945ba585fc731b8ec71f006cdaeb2cec9ea8dd46e50ab8f2c050d2b198e9d4484260f2e2614732576220f5391a08e141958d68d8cb8b4ec22a958fff2e135b59080fcd36a6c12250a6566e8659d1b669307c078af9e2adc1503
t-v0-wrong-message	2caab246e0b1363a4ae9c27c2c1ccf1f4dbcfb37c7a391e2cee1af983d41abcec4743a22340131a2323174bfc397a6585cbe0cc521bfad09f34b11dd4bcf593643393d73aa61dcdd9edaf5fec6f061de1c5b70847b1571722ce1f0b2f64004349f30ce7072d6fa0bb4ab127d2bd8330a5b49b554d05c0cd5a5325376b3387de59d924fd1e13ded44648ab33c21349a603f25b84ec5ed887995b33da5e3bfcb87cd2f64521c4c62cf825cffabbe5d31cc
t-v1	86725262c971bf064168bca2a87f593d425a49835bd52beb9f52ea59352d80fa04b1ba4d8129f0d4cec522b0fd0dff84283401df791dcc9b93a219c51cf27324ca8a97ce1947d2a0aaa280f03153388fa7aa754eedfca2b4a7ad405707599ba5200095ece87dde4dbe87343f6df3b10794f4487e1b2fec954309ef1289ecb2e15043a2461ecc7b2ae7d4470607ef82eb1cfa97d84991fe4a7bfdfd715606bc27e2967a6c557cfb5875879b671740b7d8
t-v1-upstream-bitflip-0	86725262c971bf064168bca2a87f593d425a49835bd52beb9f52ea59352d80fa04b1ba4d8129f0d4cec522b0fd0dff84283401df791dcc9b93a219c51cf27324d0a6f1ae567ef7f9a2d68b8859c0ced4670618b15791a6706f572e05c6a13658a83706dce4db80240de4a9835fb11257dc30be303138f5cbdd518f7ade732f9e6347ea4f11aa84443459a5c794afa244ffd3ed991f5b983d17a315404007accb1ceda033bc03dbfe88805157757cef04
t-v1-upstream-bitflip-32	86725262c971bf064168bca2a87f593d425a49835bd52beb9f52ea59352d80fae9716843138d4ada699128c7da35e47686bef45e1a1d3bee095086f1a7691c8f2bfa71d3181511d00d21b2bb6f6e0b972734701a96b2c8f16d98a3a9bffe079abc9b495abdf0dc48fb5ab90bafb1523d94f4487e1b2fec954309ef1289ecb2e15043a2461ecc7b2ae7d4470607ef82eb1cfa97d84991fe4a7bfdfd715606bc27e2967a6c557cfb5875879b671740b7d8
t-v1-upstream-bitflip-48	86725262c971bf064168bca2a87f593d425a49835bd52beb9f52ea59352d80faffab28426919f15a632f656c9e93f09a09d7a3a314da9bd93d4114561fd7f186bcbe2bdf0b14c402b1f17677f441077d5e141673e8633b66616a3592ef60843f86a373a83bbf09dc1af8ab98fc66ab8494f4487e1b2fec954309ef1289ecb2e15043a2461ecc7b2ae7d4470607ef82eb1cfa97d84991fe4a7bfdfd715606bc27e2967a6c557cfb5875879b671740b7d8
t-v1-upstream-bitflip-79	INVALID
t-v1-bit-0-0	86725262c971bf064168bca2a87f593d425a49835bd52beb9f52ea59352d80fa04b1ba4d8129f0d4cec522b0fd0dff84283401df791dcc9b93a219c51cf27324d0a6f1ae567ef7f9a2d68b8859c0ced4670618b15791a6706f572e05c6a13658a83706dce4db80240de4a9835fb11257dc30be303138f5cbdd518f7ade732f9e6347ea4f11aa84443459a5c794afa244ffd3ed991f5b983d17a315404007accb1ceda033bc03dbfe88805157757cef04
t-v1-bit-0-1	INVALID
t-v1-bit-0-2	INVALID
t-v1-bit-0-3	INVALID
t-v1-bit-0-4	INVALID
t-v1-bit-0-5	86725262c971bf064168bca2a87f593d425a49835bd52beb9f52ea59352d80fa04b1ba4d8129f0d4cec522b0fd0dff84283401df791dcc9b93a219c51cf2732438c9da4cc7fb117020e8b1c653f89068498b5442b2a8f64d086d1f831c1985969aa16947fd1b3defeb1cd1c56fbfb4041379feecf131eaaa4d8eff015f36a5af1085e0276e54357a0f9467300e330e02ecfe636ad7ea507ba9ab5a31f8f38eb1fb4bebc6d0e16eb6d0abbe919d07ca9b
t-v1-bit-0-6	86725262c971bf064168bca2a87f593d425a49835bd52beb9f52ea59352d80fa04b1ba4d8129f0d4cec522b0fd0dff84283401df791dcc9b93a219c51cf2732438d7e67436e9e33a50b36e72ad418f588f43fd56ccf23970d9a669b292955c51ce9775fb54e466e9316853dd99e612f6966b0cfe17a18d4a70d4e264087c40b7800df304bbdb569baa3515ba37c4122a7bd39af342e6a2c224b5d7cf2bd880ea6320e6a759c93d01193825de0f4d0ee3
t-v1-bit-0-7	INVALID
t-v1-bit-1-0	INVALID
t-v1-bit-1-1	86725262c971bf064168bca2a87f593d425a49835bd52beb9f52ea59352d80fa04b1ba4d8129f0d4cec522b0fd0dff84283401df791dcc9b93a219c51cf27324a37b975b34acb9db87e139ced00741f9ffd3e2a1f2d15480c919f63584694ca387aa21db550dcd13b57da1c155cb418843631a17cae16f651cb7bf259b0de5a29c6947b3c9967514a7a3d085bc83beffdbe237a3973dcac5c7c3e2092aa6686ddc81f0a56cd8c52ab93dfe3b9b3e6a58
t-v1-bit-1-2	INVALID
t-v1-bit-1-3	86725262c971bf064168bca2a87f593d425a49835bd52beb9f52ea59352d80fa04b1ba4d8129f0d4cec522b0fd0dff84283401df791dcc9b93a219c51cf2732492075b0a6089c763c301dc607338b2bfbe5725790045dd79dda18cb7270bccd390be0cacb9aeeeac4000998d11d2e8ad01d6fe234d9d3f70425c49c44c615ceadf248e6b1c42120850237f541629b6e3c374a39caee26a33226a51f1160b6c14fc40e61e6155d87e5f228dc4cdea64ec
t-v1-bit-1-4	86725262c971bf064168bca2a87f593d425a49835bd52beb9f52ea59352d80fa04b1ba4d8129f0d4cec522b0fd0dff84283401df791dcc9b93a219c51cf2732443427779fe0740239f09ffb2d58f60e9f3f3df74620af146d12272d5f7c6e588aeb6c1a565cc305b22084992dbdcc8043f5a9bc0842cb095bd430b19256f2532777a2b6be1e574036e61a4f80663034f8f9089198cb5ed743c2609c8c444ff6bbc657ff0d5c7b2e75ae676bf01f5b37a
t-v1-bit-1-5	86725262c971bf064168bca2a87f593d425a49835bd52beb9f52ea59352d80fa04b1ba4d8129f0d4cec522b0fd0dff84283401df791dcc9b93a219c51cf27324f5950d586b5f7f949feb1d85eb498ac5a1282da9fbb8e301d527982bb9172dbff358369d8816aa80e419773a93ff216deb63e641710147d318095df88a225c9b67bdea04a96ed7690a3530ec926518ac70f99317a74d18f1b257210900e8559d0d3d6458d4c4a558c7b62b8706d9d1c8
t-v1-bit-1-6	86725262c971bf064168bca2a87f593d425a49835bd52beb9f52ea59352d80fa04b1ba4d8129f0d4cec522b0fd0dff84283401df791dcc9b93a219c51cf2732463bbde3a08379ada618c359711349aa6735cb4c3c5d09378103068a822527fdc5a489eb104a2e588caa462148db97880ea0a4a4c671bbec02fa993a329fe849d9f2948ed7cad521b1c5e4071a7cb64b3cf1be68b02fb30139690f3faacaed71fe1e80b146e1c2ad130a1db03a1fa8738
t-v1-bit-1-7	INVALID
t-v1-bit-2-0	86725262c971bf064168bca2a87f593d425a49835bd52beb9f52ea59352d80fa04b1ba4d8129f0d4cec522b0fd0dff84283401df791dcc9b93a219c51cf2732436213c172c07bb6189e28e35db8311a4f4c6c88b98c9af6b2531a194db333c1975513267e28eb1e30e7e499b0d721161a97720be4bfa823bf31807cf66c8603b2ceb040b573cb4bc6367430674f01b6af0408a245e0c0c69d6a1d047f212d573130cac275032d941d4170424d23e7f92
t-v1-bit-2-1	INVALID
t-v1-bit-2-2	86725262c971bf064168bca2a87f593d425a49835bd52beb9f52ea59352d80fa04b1ba4d8129f0d4cec522b0fd0dff84283401df791dcc9b93a219c51cf2732457606f58db92f322abf0e9640adfe0a0b20a5c65f6407a9c6847ab78c62d36044040a768d081ec6231307265e55fa1a0f53137f1617ba9eea161e9697d3ce206571e2b187af89daab3e202fb1544c235df633eda1c0d898ef6dadd13a45b5051af91d2daca2e136082482116f11eae96
t-v1-bit-2-3	INVALID
t-v1-bit-2-4	INVALID
t-v1-bit-2-5	86725262c971bf064168bca2a87f593d425a49835bd52beb9f52ea59352d80fa04b1ba4d8129f0d4cec522b0fd0dff84283401df791dcc9b93a219c51cf2732425aa2483be4b832c5cfdd1e2e468f63df16af0ccb292d3e2c7b3a4ea3ec41801277762b68c90271302558606e0d9d6e6c93405e0b29fd461960e198293935a367001b68103919de09f44d5e04dd0e87b18e534a8f1283c38be4406a3bd40b36cd80e430fcaa7937e23e82471a194706e
t-v1-bit-2-6	INVALID
t-v1-bit-2-7	86725262c971bf064168bca2a87f593d425a49835bd52beb9f52ea59352d80fa04b1ba4d8129f0d4cec522b0fd0dff84283401df791dcc9b93a219c51cf27324a6784649626780a6204855b7f8bb54580da59d9c6439f7da9fefcd7d02c9969dfec0509a0958211c0321f85e710d16751a3813599cb7ead2a18f06b6743b57387a54c36fc5f1cacd4dc75e691ef0b42c2eb32d427377cecd0eab0f89ae9a81d5c45abcfebbcdc0d6dd7ad84f45cea771
t-v1-bit-3-0	INVALID
t-v1-bit-3-1	INVALID
t-v1-bit-3-2	INVALID
t-v1-bit-3-3	INVALID
t-v1-bit-3-4	86725262c971bf064168bca2a87f593d425a49835bd52beb9f52ea59352d80fa04b1ba4d8129f0d4cec522b0fd0dff84283401df791dcc9b93a219c51cf273241af53b69c95931f7dbd5110febc89fe54ad35566bfd24cd61ccdd2ba93e421b17d617df5c2c889a83533a7c2a87946729c3a2c31273f2a89a20b3ddf84a57bfa323a051749fb0ef1d4aa7554bea4be59f30c09cf21ad361512cea044c3cbcad6aa4e0c9638e601e44fdd48801f17c11f
t-v1-bit-3-5	86725262c971bf064168bca2a87f593d425a49835bd52beb9f52ea59352d80fa04b1ba4d8129f0d4cec522b0fd0dff84283401df791dcc9b93a219c51cf273249adc6191cb6ab02b45e6ad39c4e9e88655c611ff157ffb3effe9ff5ac5e17fd14d309dea05fe157c0dc6928da327715f00d2f34315cb9402348dcfd3e10e6a5e1c822f244e42bf1c1307074c3bb2efe1ee755d4b686dd21b9e170ba1d4f3b48535597410ca5699374e500435f19102da
t-v1-bit-3-6	86725262c971bf064168bca2a87f593d425a49835bd52beb9f52ea59352d80fa04b1ba4d8129f0d4cec522b0fd0dff84283401df791dcc9b93a219c51cf27324d2a630bd2031da75656432d3b7b270e6b63f9b47a9cbd1b3fa0159b032e7f483863bdff1a16301280cf9692b0363d94096c7639ca2cb6c3cd29eba3cc5d9e11d14e4c68569604b2d253e26f7669b88c8df5635ee294f3ce8308cd05f079772e3ac3af32f4963cbe1dd46e51f1a3c6b12
t-v1-bit-3-7	86725262c971bf064168bca2a87f593d425a49835bd52beb9f52ea59352d80fa04b1ba4d8129f0d4cec522b0fd0dff84283401df791dcc9b93a219c51cf27324dfebc891bda08a71d4f2480f4113fcdc044accb8c52f8b45c791d551fa1cfb4c91f4fef2b7d9c1670cf667037fa6b9a1ad22e07bf73ca51cbbf8223be1cc580610d22c91be248653a611ee7aa274531c99dec4842f11703b06266e0c4cda027861bb252b523a20b8413d1bd28e9d5a41
t-v1-bit-4-0	INVALID
t-v1-bit-4-1	86725262c971bf064168bca2a87f593d425a49835bd52beb9f52ea59352d80fa04b1ba4d8129f0d4cec522b0fd0dff84283401df791dcc9b93a219c51cf27324dd960cbf42651c7fe8e39adc669ab8848183fc0bf94386951df6dd40033d66e0c84e77f94292f9ce91ac77ca67b8ca7e52d2a06b2b1677b9eceed04f35eeb09997ad6a5a96764cbc984ac75186f27878b21912b74dfa873334fdac9ad015035f2568025a12be24b3ea0a48364f324beb
t-v1-bit-4-2	86725262c971bf064168bca2a87f593d425a49835bd52beb9f52ea59352d80fa04b1ba4d8129f0d4cec522b0fd0dff84283401df791dcc9b93a219c51cf27324a7669a94074a578d4da72f36cfefa3b91cb028d5cb20fabaca304786593498ff372804f555f05e822ea2ab8760464032abcadc6567f10cd4b43e6bd81a8917d74f9faac6728d8e2f9722aec719baf968008a288208b98460d38a0425942ec5ca106c791ddbc1ceb3d276b2803f48c9f9
t-v1-bit-4-3	INVALID
t-v1-bit-4-4	86725262c971bf064168bca2a87f593d425a49835bd52beb9f52ea59352d80fa04b1ba4d8129f0d4cec522b0fd0dff84283401df791dcc9b93a219c51cf27324566cfd6db2aba47fa1d6a5eca2891a34e061b8716314bc80689aeed76f31114aa077a5201547e74f74bfaaba0c05f42b7d0d1ade1d386c9148f469dde639d2e94bca1a0810fa32a6c76208fb61855bbe0f28d07c12320299ef9681b4487a8a3d56f792a5761c35084be67a5107de0e0e
t-v1-bit-4-5	86725262c971bf064168bca2a87f593d425a49835bd52beb9f52ea59352d80fa04b1ba4d8129f0d4cec522b0fd0dff84283401df791dcc9b93a219c51cf273249ac1e66ea0c6748ad54b7baeed9a055698ee9ef4c68fb62c570b87d2e51bb4a7d127aaaed9e8574802f5dd9e3f4e126e54a1095aff126affd4ba8ee81aef9ad4efda21fa168bd008393336309a361e653728d5ac64ccfa81aa7e3a2e66c93794682bf529bdbd498e188946b987ae9b42
t-v1-bit-4-6	INVALID
t-v1-bit-4-7	INVALID
t-v1-bit-5-0	INVALID
t-v1-bit-5-1	INVALID
t-v1-bit-5-2	86725262c971bf064168bca2a87f593d425a49835bd52beb9f52ea59352d80fa04b1ba4d8129f0d4cec522b0fd0dff84283401df791dcc9b93a219c51cf2732408eda2743d70f8d683bacb0a8cb3045434f4b93ccf0eaf709833f12172f2e0039517f8de125f8e5663cf553f9bb0b728284ba27e748a9b2797a04615991dffb2287af5592326f1eb797787dafc24774316db1bbe474c5955dc22d42b61df0439512f7e1db513cef0790a54fb48b366fe
t-v1-bit-5-3	86725262c971bf064168bca2a87f593d425a49835bd52beb9f52ea59352d80fa04b1ba4d8129f0d4cec522b0fd0dff84283401df791dcc9b93a219c51cf27324f296a8e3645af7104a109bbdda08a7b412f372ba289d23a7e5dfda603ff74be62614231bcf018b66e3216364719e70357e0acabb7db96bee7a984f6c827131eb3a4b66b79833e69034bfb1ea2d7ea42eb8cd95e44ecdd2c729d3529498e42d1e22107e322947041beb1fb24fcb30b0b3
t-v1-bit-5-4	86725262c971bf064168bca2a87f593d425a49835bd52beb9f52ea59352d80fa04b1ba4d8129f0d4cec522b0fd0dff84283401df791dcc9b93a219c51cf27324872e629edb77d81ce1ff34fb0ca50517a08adab2d9b4f0ceefd95b9a89ca8ed3b4a244ebfa6ae90a0f99b0cc1f7bcac8f1e66de54248df8943db1ff9147bfe3699ef3f3f77500da18b378fba04e5d9b0848a7b810e7c771e172fe91aab54fd26826ecff02ac544f19266d1c83134450c
t-v1-bit-5-5	86725262c971bf064168bca2a87f593d425a49835bd52beb9f52ea59352d80fa04b1ba4d8129f0d4cec522b0fd0dff84283401df791dcc9b93a219c51cf27324a03387daddbe02947f9b786106a3978c2fc59005982e75429e0aabeae48a162aa8066da23da2490efae62914a21f3bbf93ab9899e551de5f464c7e025e16b0da9e509930528a66c5e6282876f87bb5b7edc20486f477a9efea45d0c156a1b0f22eadb4a64d2e5b834340b1a935b4478c
t-v1-bit-5-6	INVALID
t-v1-bit-5-7	INVALID
t-v1-bit-6-0	86725262c971bf064168bca2a87f593d425a49835bd52beb9f52ea59352d80fa04b1ba4d8129f0d4cec522b0fd0dff84283401df791dcc9b93a219c51cf273243addb9a7ea0bf754f2f91ac505472f1343cd03e4e3a50a4dbded6715c10be8eee51c402d101afa27094e7aa1faebfadb7fab86b62484654cf1cc9e1494972d71f85c507e55217f25b49bcf23c9085b3f107df68cc76bc256ffc869fbdd0fd378af36ba3baf9844debf47124f545a216b
t-v1-bit-6-1	INVALID
t-v1-bit-6-2	86725262c971bf064168bca2a87f593d425a49835bd52beb9f52ea59352d80fa04b1ba4d8129f0d4cec522b0fd0dff84283401df791dcc9b93a219c51cf27324d53c0c09e92d1f63885db102d4d31b92378fb8be4bc156107d63df9f8b3e8b3cca7d02d6906636d89a2a2d1433ba8fbc3f62edd75b8547bee0a76cf0086a8850c655c415c5ce7b831ac567aa46938b03f4e705fb7cc43cac565dc187d5bae8132e0aa16324b5cc40369efa65a7fd5e39
t-v1-bit-6-3	86725262c971bf064168bca2a87f593d425a49835bd52beb9f52ea59352d80fa04b1ba4d8129f0d4cec522b0fd0dff84283401df791dcc9b93a219c51cf2732464c86a76f6c297213df16168196f84184dd492d30cb54961abea02a7d4f1d06c9b7701b3baf50f77bdf3f39f10577840959b199505ee2cc831d8ebbd209cd7deee6137835eefbf941c6b00ba6404d934c403016e3a755a6c3beca226ea77bc3b4923ed5d6bb0027485a0d68aa420e315
t-v1-bit-6-4	86725262c971bf064168bca2a87f593d425a49835bd52beb9f52ea59352d80fa04b1ba4d8129f0d4cec522b0fd0dff84283401df791dcc9b93a219c51cf27324186407a95683ff9a9d7a3515fe1d3bd558bf12c4b9029245c148f7e6ac1c09687cfa8d32ccbd5ae95a57ff4831d4406867db81a4d51513134add9db266811f1b45df7fa9c69e4817b48ade8851cb74274b565d94499d489d1e60ffd157af79dbb7c70281d81fec21c8ab97b002b47ffa
t-v1-bit-6-5	86725262c971bf064168bca2a87f593d425a49835bd52beb9f52ea59352d80fa04b1ba4d8129f0d4cec522b0fd0dff84283401df791dcc9b93a219c51cf2732455d4f68c2951917db023328b122a5320598e2884a1dbfc37314f09eeffe73e965554c88f94153648f0aeab15bca5d4bdc00fe3f284419ace3998ebb7a3f22fe04f8211ff421ae976d123306f1cfb8fdae63e3724f9d80aaa48836898537044a97bc7177910044ba03c131e97d9522b2f
t-v1-bit-6-6	INVALID
t-v1-bit-6-7	86725262c971bf064168bca2a87f593d425a49835bd52beb9f52ea59352d80fa04b1ba4d8129f0d4cec522b0fd0dff84283401df791dcc9b93a219c51cf2732426ad7fd7b613599088c74607a4effcb390a33ee1b739e5060559e96f8d92e5936c1c4fddd6ca3c8877379ab763271007d59957e6479733b47831106ecafe45a669104f4c45fa42a489bff9af38a9680e7a93d060a8f67e074846031b00df3d2303d84bb673f57394c46c5539448e829d
t-v1-bit-7-0	INVALID
t-v1-bit-7-1	INVALID
t-v1-bit-7-2	86725262c971bf064168bca2a87f593d425a49835bd52beb9f52ea59352d80fa04b1ba4d8129f0d4cec522b0fd0dff84283401df791dcc9b93a219c51cf2732443f3def52528ab15420a43899421eaaf8bd371016257d3f89f62f908302538028f7ce3a0bf935ddd5efdd5ea3bcd8a2e1d0ccbe7fac6b658c6a87fe8267dcbe7b67b211853b399e9aa115caf213bf4eee9271b4955387e103c10162204b292e24b2a7cc9868b60ac4c179d162de16196
t-v1-bit-7-3	INVALID
t-v1-bit-7-4	INVALID
t-v1-bit-7-5	86725262c971bf064168bca2a87f593d425a49835bd52beb9f52ea59352d80fa04b1ba4d8129f0d4cec522b0fd0dff84283401df791dcc9b93a219c51cf27324c3e6871db1ca6707d07f541ac3e4fc0d297b75dbc7ffec9cdd8931e3d3b5c56992f87621deee5858781b51cabf96cd00e4dac722cd4ea027d7b119f027ec322cc7f4171cba5b42f59297fe6f716dc67cfec5202c1472ebb3fdd292372ae5a1e28bd11e3a5bb9409f8811ed7f20e5d33a
t-v1-bit-7-6	INVALID
t-v1-bit-7-7	86725262c971bf064168bca2a87f593d425a49835bd52beb9f52ea59352d80fa04b1ba4d8129f0d4cec522b0fd0dff84283401df791dcc9b93a219c51cf27324f4e7a52c342b1d04d8f8aff82f277bb26298bb31c75efc48a23a4f3dc1cf386445a6fcf71f305c4cd2efed5baf2cc02c49fdcf5a13184aa7d81334093c6c91019e792ea090890af8f5d11865e9ebfaab4a813860661c8f9ebfae3692c52946185a0bd631634ae07c7bcbad4243e9a699
t-v1-bit-8-0	INVALID
t-v1-bit-8-1	INVALID
t-v1-bit-8-2	86725262c971bf064168bca2a87f593d425a49835bd52beb9f52ea59352d80fa04b1ba4d8129f0d4cec522b0fd0dff84283401df791dcc9b93a219c51cf27324f611c28650de862ee02d677a8e288bb16600c75e4d29c25e5de6ea8b6e71baffd595340f5512ea0c6d595fc69ecce9e161dbaca038e03a3539aa54a9e7bcd47c274ada1011e6785396cb6cc6b6b4230290ee50bc584b0dd73b488e88e71d3b5264e9989f7b90d4ecc13522f19b4b1068
t-v1-bit-8-3	86725262c971bf064168bca2a87f593d425a49835bd52beb9f52ea59352d80fa04b1ba4d8129f0d4cec522b0fd0dff84283401df791dcc9b93a219c51cf2732434504e6b33d800a390d6b770c6dec8ae6709c97ac21bfbe6393269176dfee8c77864091b7321f14172a14ab5ff307ec86a75df5e00c68e268d3a33a521851b1a1db59f389f12e2509617871de623ffafa2b98e36f3a45fa404e01bf5169e0dbbaff7e268d71df5a4b77f8b9dcad1b64c
t-v1-bit-8-4	INVALID
t-v1-bit-8-5	86725262c971bf064168bca2a87f593d425a49835bd52beb9f52ea59352d80fa04b1ba4d8129f0d4cec522b0fd0dff84283401df791dcc9b93a219c51cf2732439b1f3b7131d7d24cac4fb76f3d3e6389334abb129398692d80c52bef5463a842dd2fc3de697b32b1a97336cc117713a50a61487329dce97c30681580cc77ea55cc80a1d8a0dbb523653cb481d88489bf0337649b91be1bbefc916c502621e29cf57a338c62ed4e74bf93779ab3c9c5e
t-v1-bit-8-6	86725262c971bf064168bca2a87f593d425a49835bd52beb9f52ea59352d80fa04b1ba4d8129f0d4cec522b0fd0dff84283401df791dcc9b93a219c51cf273240bb2784465855826127f4385a38fe3a17b62dbd6baaeb6e8b2771323f064df3f79c9b9a852ff7c00b072eac98cef7b62de9a5c14483e34652ff544cccb8a221ba0a8214a14cfa9908aa1cad418ed975ddba5403308cf54ee9f6f93177968fab15926366f0fa96d8fbe22ff0d4c5fccae
t-v1-bit-8-7	86725262c971bf064168bca2a87f593d425a49835bd52beb9f52ea59352d80fa04b1ba4d8129f0d4cec522b0fd0dff84283401df791dcc9b93a219c51cf273248077ba37287058e25501f8348283435136462b17af8b353f4c34e52ffe7120c97b8534aa3fc5ab36dd3a073acc6202b702ad5043e5749fd10ec03918f30dbfceb5ff6061496e3aea09bb341d3de0e4156aa1fdd90ce63be2007bdfa8dbe932bc26d42e638cfc9538320f0ee9c6d72805
t-v1-bit-9-0	86725262c971bf064168bca2a87f593d425a49835bd52beb9f52ea59352d80fa04b1ba4d8129f0d4cec522b0fd0dff84283401df791dcc9b93a219c51cf2732478e8cefd65c8cb33434e6092811890d0226dadf9021c2994afc0ecae6f2ced0b9bb02972021384ca178543d4142f305db6bc9f6ebb98734f4ce256bc2fc258cf1f8ed54fadffdee2b9705128ca16e59ec8e93ce37682ea801216c85bbd957e1dcd8196c294f33858dee7029e2e0a7141
t-v1-bit-9-1	86725262c971bf064168bca2a87f593d425a49835bd52beb9f52ea59352d80fa04b1ba4d8129f0d4cec522b0fd0dff84283401df791dcc9b93a219c51cf2732477f8cfb3d9e12decb4c8d7602639564efa0621c593b1196bcbf084ccc421f9338a676482ee8068e5ba49e45ec78da4cd96d58b8bde40d024a6bed2afda801830c4f85e7019ad99b48b52e37e9c65c10fc0def3db0d536db1be29a25b66c94570b2dcadb4ea23a30572fe1931c9a82e9d
t-v1-bit-9-2	INVALID
t-v1-bit-9-3	INVALID
t-v1-bit-9-4	INVALID
t-v1-bit-9-5	INVALID
t-v1-bit-9-6	INVALID
t-v1-bit-9-7	INVALID
t-v1-bit-10-0	INVALID
t-v1-bit-10-1	INVALID
t-v1-bit-10-2	86725262c971bf064168bca2a87f593d425a49835bd52beb9f52ea59352d80fa04b1ba4d8129f0d4cec522b0fd0dff84283401df791dcc9b93a219c51cf2732485bd92b05c77c87e051f9a17a3d5d2421ada56abd1c8eabcb2403159474ad1e7cc8af27022024aff02fbd971cdaba1317571b46863f578aa1c67677b272afe07622d948701c6d4b1456f002d1cf743b207438d2d53305e3abcbef5d6f251d4b1ef8c891c509968cffaac50441476eae6
t-v1-bit-10-3	INVALID
t-v1-bit-10-4	INVALID
t-v1-bit-10-5	INVALID
t-v1-bit-10-6	INVALID
t-v1-bit-10-7	86725262c971bf064168bca2a87f593d425a49835bd52beb9f52ea59352d80fa04b1ba4d8129f0d4cec522b0fd0dff84283401df791dcc9b93a219c51cf2732434dabe0deb04fae02933a86d5cd22296ef0d208c0eaba2a96b1e60c2049bab00aaf12bfe0e5344e69290e709dfbc24e46224a1c52f9ab5beefd4e57636ba8a7d6482898fbf683bfe61203b1cedaf20715a3106f3cd09679edd1309d5ded0848fc24c34b513c4d17522249818160f2b2d
t-v1-bit-11-0	INVALID
t-v1-bit-11-1	86725262c971bf064168bca2a87f593d425a49835bd52beb9f52ea59352d80fa04b1ba4d8129f0d4cec522b0fd0dff84283401df791dcc9b93a219c51cf273249e444c7867e7df9efa2b1e71f3902c98db2b944c07699952c238d5ac93f84b497b4780e03fe2f7736c72f5c9091995a7c5c11b9c098bdab59257498ea1bb3a0ceaa323215756d93450a8f83b98fd7159fdc3939a4272c4b9c4b28a5ce0dd574cba32c1d24795e2b3085462d0caef46aa
t-v1-bit-11-2	86725262c971bf064168bca2a87f593d425a49835bd52beb9f52ea59352d80fa04b1ba4d8129f0d4cec522b0fd0dff84283401df791dcc9b93a219c51cf2732471d4e178083962e612fba8ee7478b39e05a4ea84b88b398c204d3628bc8c4c60d524c5d5bac849496e60be909956bc2a0b4af6ac18a6ee715a6aa95c43a4a97374a5a0addf48c6d48cb7e775b75769b3ee0a9c21dc912eb85b10aa096b17094bc14d790ff0e69b4660aed9259126f853
t-v1-bit-11-3	INVALID
t-v1-bit-11-4	INVALID
t-v1-bit-11-5	86725262c971bf064168bca2a87f593d425a49835bd52beb9f52ea59352d80fa04b1ba4d8129f0d4cec522b0fd0dff84283401df791dcc9b93a219c51cf273241daa034e1f3a34e28b0278daadf7eb3a9c823b18986432082a15afb138dd6ef1f8c8e3364fe6af5f6776108a5f720814ad975bce349e3d16776b6b714748aa745f58bee4de0c91ba1b4220b02c380a81c1f3d2c7676606ca6e0839f49856675f9c3cc03cd0b81f20e2d8113a6ada4afb
t-v1-bit-11-6	INVALID
t-v1-bit-11-7	86725262c971bf064168bca2a87f593d425a49835bd52beb9f52ea59352d80fa04b1ba4d8129f0d4cec522b0fd0dff84283401df791dcc9b93a219c51cf273242fd89e647805fa52555948abe8aa277068bbd77be7389375bfd9f3bf58c3311b4b3ae23d8b5172c77d7c06bff1c5bdf6fd285e468864605602ad861fc97d2dfccca3a3a653048f41bd5f17d92f0c16c2e89f1ad36c2a644aba1829039ad2cc540b0ea222b30a8cfbbf79f43084300040
t-v1-bit-12-0	INVALID
t-v1-bit-12-1	86725262c971bf064168bca2a87f593d425a49835bd52beb9f52ea59352d80fa04b1ba4d8129f0d4cec522b0fd0dff84283401df791dcc9b93a219c51cf27324607772b50066907348267719cfc0322dc132971103c8e424c54bd52e8b26295989529c046dc842619e051bb0456c58be885951583de1748013fdc6cf927d8c5e735bd9ae56689116c231ab57d66bf956eb5c48d252813af8d9b01b1147146b096eb30ac9e0c40ee32b701f91fedac342
t-v1-bit-12-2	86725262c971bf064168bca2a87f593d425a49835bd52beb9f52ea59352d80fa04b1ba4d8129f0d4cec522b0fd0dff84283401df791dcc9b93a219c51cf273244f58714cd016e2e04c59f646a4180932ed38bad944d8fc86f8515c0d155a50611a670e36f4d73a3dbee81baade96fe72309e8592d15c1ae94283f7b0835adce8493df4e2b5578cbd16485a680e12eb78e22a876c818bee17fce9150a06d94bd5a25b5d29f8ea308b5ac1696715d0b5df
t-v1-bit-12-3	INVALID
t-v1-bit-12-4	INVALID
t-v1-bit-12-5	86725262c971bf064168bca2a87f593d425a49835bd52beb9f52ea59352d80fa04b1ba4d8129f0d4cec522b0fd0dff84283401df791dcc9b93a219c51cf27324e6cc64902689a561e7772d201537f2869204af77d5df0e61826d976c114bd2f3d75070ec6126476348a7d4e4a4170af8139f199d39ac62ce8124925615a6f6b53f6550d0b961f198f6b2d9d109435dd50bb89b3ca7a565830f12e2ef81f72130c3bc4837d60fbad4e05f8576f48815f2
t-v1-bit-12-6	86725262c971bf064168bca2a87f593d425a49835bd52beb9f52ea59352d80fa04b1ba4d8129f0d4cec522b0fd0dff84283401df791dcc9b93a219c51cf2732407a43152c79a4f712afad192adfbe4919a1d2b724cbf7f1fc082f1cf7c917593d89466b2d79249de6447e92ddf2760878ae5754a3fe9b7c1332ed87805170a56ef709bc153834f437c135eb6bdd17ab55ebab1bd91c1f567029b668a097b6dc5fd79355b8318cd4cfe6f8b8beee37741
t-v1-bit-12-7	86725262c971bf064168bca2a87f593d425a49835bd52beb9f52ea59352d80fa04b1ba4d8129f0d4cec522b0fd0dff84283401df791dcc9b93a219c51cf27324518f45ec3e1acf9ed48778c47bca9639af3864dfd5c8df12f3a129fde6e82014f4734d876a9f613fc7da68e7c1a1ef9fbf34a1887b1a3e34cfbcd30aa7a27a428838337cdcd0582d8f7d6703d55459545bee9ec085b3b153298baa6247a8e860fba82ef7e06f9c470f7090f3499159ad
t-v1-bit-13-0	86725262c971bf064168bca2a87f593d425a49835bd52beb9f52ea59352d80fa04b1ba4d8129f0d4cec522b0fd0dff84283401df791dcc9b93a219c51cf273240bae0dc1ad64b060d34d65e5fd0d82f4e8a511356d6b43cebd0a499e79b05da56a0d2b40e36627b738561f72bdbf6583ed10e62e031b757fae641314e70aa68a1d6e5d33814dcb7f809da6aaef29b39a4a11e63b58fbf5335d86c6182d2f815664310502a54508813ddae78f585247cf
t-v1-bit-13-1	INVALID
t-v1-bit-13-2	INVALID
t-v1-bit-13-3	86725262c971bf064168bca2a87f593d425a49835bd52beb9f52ea59352d80fa04b1ba4d8129f0d4cec522b0fd0dff84283401df791dcc9b93a219c51cf273240f34ee48c2cc5379e558a529d8efa8a635ec6ec89005617c9d81d084ea1cbd1219e91df53cd996af34bf169eb05444048ea773ea5daa6c00f7ca84cdb482f86f113200921a30cd68cbb15fb19a498e5e3cf4dc84516f9a6f52d03f6e6f882f73608bc6ac70ca9cc589e5d0f8187fef42
t-v1-bit-13-4	INVALID
t-v1-bit-13-5	INVALID
t-v1-bit-13-6	86725262c971bf064168bca2a87f593d425a49835bd52beb9f52ea59352d80fa04b1ba4d8129f0d4cec522b0fd0dff84283401df791dcc9b93a219c51cf27324288376a41ce2f48d3911b8cc593f8dcc7f34301541fd6a04a28a0ce6ab377c1d7d497adc165889865db120631cb7cf50cc794fd817888e29f44fa9652ca664706485d7ae3634828e99579ad29dc1f12b42f7bf0f48cc7a1f924e5b95fc596af89e6573e13779869274e815ea21b9e7cd
t-v1-bit-13-7	86725262c971bf064168bca2a87f593d425a49835bd52beb9f52ea59352d80fa04b1ba4d8129f0d4cec522b0fd0dff84283401df791dcc9b93a219c51cf27324e5d009c1848b7e244e11944534bdb152f6ad3e8328c4410e92b941e685aed58f4db11baddf99ec0fbde1aa62a825033bfc9034921449be613b10c70f5c8a30c0fa19149d097cfe4d34f9de23b5abf6dc93db0ea5cb22694c0c920cdf57d8a2dee9be6aa6c82a3aaec8ed62478985683e
t-v1-bit-14-0	INVALID
t-v1-bit-14-1	86725262c971bf064168bca2a87f593d425a49835bd52beb9f52ea59352d80fa04b1ba4d8129f0d4cec522b0fd0dff84283401df791dcc9b93a219c51cf27324c57cddbaef8cb851a95925be903e96ba1349d30ea794f7822c99c535b33eea7e8fa74a10b7d213ebe6fcf55f4a5c5a718a8214f38d286ad28eb52feb89de39c539868276d4a0d3a0e471fd768fc64e9cfc838ca2049b8ee9e156fe3f09e7777c008219ca366c575a153109f3bf1f24d2
t-v1-bit-14-2	INVALID
t-v1-bit-14-3	86725262c971bf064168bca2a87f593d425a49835bd52beb9f52ea59352d80fa04b1ba4d8129f0d4cec522b0fd0dff84283401df791dcc9b93a219c51cf273249bf9c79d13e69b949c7f9f882ce32571cd723aaa9fabf60697e58c79e821b32d0113c094cb5792bf8fbd1f6833d6fac808a339788432170fa13a17dacab81cc540e76c5d4a595d7852c4e57f2c5fb16ed26be6944ae685ac2bc96c32393450682236a4b53e04568c6972a6445404ff18
t-v1-bit-14-4	86725262c971bf064168bca2a87f593d425a49835bd52beb9f52ea59352d80fa04b1ba4d8129f0d4cec522b0fd0dff84283401df791dcc9b93a219c51cf27324297a36e6655f1a4f4ef608507e9879804b3cd7944a9d731ffd527de1c992577bfffa272eae4c1db25cadaf6953d2986e04ae40dc1d9bf1b3fb630270992fb4b2e4c42a2462def1b822e66c7288bb6d80c5236c182409727492f96bd743814b8f53c1576acda1e9f788dedfbf2dee702f
t-v1-bit-14-5	INVALID
t-v1-bit-14-6	INVALID
t-v1-bit-14-7	INVALID
t-v1-bit-15-0	86725262c971bf064168bca2a87f593d425a49835bd52beb9f52ea59352d80fa04b1ba4d8129f0d4cec522b0fd0dff84283401df791dcc9b93a219c51cf2732420a3959436df2aa9f77b5c7dd9be715e26bac15b43603928e8a74015b455ebb3f0fbbd5a03f875aec3b3a9432f0a8d612eab95cc6a35e7353bbb75d504fbb573a61b1351c132a8c853fea9f21a8da28ccec03684c49dd1123bda0e6dd223452984144b264315a93a3cce336eacb0d777
t-v1-bit-15-1	86725262c971bf064168bca2a87f593d425a49835bd52beb9f52ea59352d80fa04b1ba4d8129f0d4cec522b0fd0dff84283401df791dcc9b93a219c51cf273240161a01adc93837ad98ece552a9bf5d1eca9b7e8d28f3bbfb1610621faf831eef5cbb19f56b9f7c840bd9281474ce460936daae08c0b73f728271edc48aa6fd9111d45cbd4909e9a9c57ffbb7d419096d933c44d30641515911e2f71576e069e9871ffc8736e2672390c8cca93afb23f
t-v1-bit-15-2	INVALID
t-v1-bit-15-3	INVALID
t-v1-bit-15-4	INVALID
t-v1-bit-15-5	86725262c971bf064168bca2a87f593d425a49835bd52beb9f52ea59352d80fa04b1ba4d8129f0d4cec522b0fd0dff84283401df791dcc9b93a219c51cf27324bdbc9ef168db924fba9ab742761dd78dbf11acde767f9680207a40cb3e404b58c477e7cf43185adcdf8a39934cb43a1bbb246b4b8838e1ebfee8ebf54e69b1b1ece7cde36be2d4c44ede804ab2486d048a2e7e5ec9b52951a8d02a0efe8c52c13586ac24e7816c8bacec25be50e05165
t-v1-bit-15-6	INVALID
t-v1-bit-15-7	INVALID
t-v1-bit-16-0	86725262c971bf064168bca2a87f593d425a49835bd52beb9f52ea59352d80fa04b1ba4d8129f0d4cec522b0fd0dff84283401df791dcc9b93a219c51cf27324e4961d18c7e490098ae2f772fc2cfbd03a334dc1e69df424b66e618d7ef68038945af2db1a7da6888703784b16e2d582f21b8ffd9e6464dd92abbf6f13cafbacd74b837a57f52b9df6066b1564d286331df8c01c2a37441b2e22260765a315f25ca31b917cf70ac09e73665a9df99ae8
t-v1-bit-16-1	86725262c971bf064168bca2a87f593d425a49835bd52beb9f52ea59352d80fa04b1ba4d8129f0d4cec522b0fd0dff84283401df791dcc9b93a219c51cf27324f94b1216bd5f5632e5a010ca97f594afec282c290dc7330445a6b15fd67650c6dc4f287b73be68b85e022d3e45e24ca08793ddf8607fd05607160186b5e7fd0281817b1a7814efd89275f12d3e70545281991e30d17c5aed02df2c19518a18628834e778fbf4be6ec86fa72dd27b2e78
t-v1-bit-16-2	86725262c971bf064168bca2a87f593d425a49835bd52beb9f52ea59352d80fa04b1ba4d8129f0d4cec522b0fd0dff84283401df791dcc9b93a219c51cf273241bd2e94938a7b2875c5e357a3a60b64fbf47675afd899ae1e74bc90bcccdbd90ac6acc5976b0a4219593509c6727685249a035c91de68d3318c54784f6861a598e5a07c6a38e8efa0afc9c13f2c1fd4f30696f32274f3d7db6f629fa5393cdd79ec0825f268a8120c34319fa7615d757
t-v1-bit-16-3	INVALID
t-v1-bit-16-4	INVALID
t-v1-bit-16-5	INVALID
t-v1-bit-16-6	86725262c971bf064168bca2a87f593d425a49835bd52beb9f52ea59352d80fa04b1ba4d8129f0d4cec522b0fd0dff84283401df791dcc9b93a219c51cf27324ad57e9c61372343acd06a16ca9ced9d35894c4a50f6103bc509c156e6d421125109623d3e20e1ce36c715f81e19bee4a4416b4d45d8834dcc84888a7679c2444303f737db54bdd7ec2dbcdf30ef4f370088745d91bea2562edcb492fea21e60894ba4096a60bdaae25597f095bde5972
t-v1-bit-16-7	INVALID
t-v1-bit-17-0	86725262c971bf064168bca2a87f593d425a49835bd52beb9f52ea59352d80fa04b1ba4d8129f0d4cec522b0fd0dff84283401df791dcc9b93a219c51cf2732499be69b9fe388bd5fdf17197033dd38167cb3887cd160365aa100d5cb18dee306db8a3a8e8e31ded8ff32b12ffe98287df9076ea306ccd5cf8238b8c2d6263404ce7d3d4647c1fc3bad5b4caac6c427e86b0234bd27a5771e5d6dd80ece287dff5573471f0661f794056130244349579
t-v1-bit-17-1	86725262c971bf064168bca2a87f593d425a49835bd52beb9f52ea59352d80fa04b1ba4d8129f0d4cec522b0fd0dff84283401df791dcc9b93a219c51cf273247537c0c81c421490f92d4c0fc161bf160c75d84bd3d8f7d650de9b56e65c8988a3ad575eaf896892ecdc6872452c90ba63ab00d10291fcadf6f399e70abad487bab7a5c55e90b99ba8af26fa6dcaa48199284d4646216f4cdf28e86b2744e7299b307189b7d8fe65c6fef9299e3d9ebe
t-v1-bit-17-2	86725262c971bf064168bca2a87f593d425a49835bd52beb9f52ea59352d80fa04b1ba4d8129f0d4cec522b0fd0dff84283401df791dcc9b93a219c51cf2732497d4f5edec5382993c637d7544c1405900978e339932226801bf2aa597e10bd02d434de5f51fa832b45587670cbcc5d757674127c8d286fce850364e1773025bc8164f954ddd577fe99c62ab7b4291cc63d134335b9ea28d5f910595a8d03bd36dcc37485081c5a86be549806717013a
t-v1-bit-17-3	86725262c971bf064168bca2a87f593d425a49835bd52beb9f52ea59352d80fa04b1ba4d8129f0d4cec522b0fd0dff84283401df791dcc9b93a219c51cf27324e620c0b54133557d39dfa26953057e93c2b32e3f0fb12d4418ea7c7aab24f19166782f3b6f2a700a56257f14f2a03e49992ed62a746bfcd5f25c7189b52103ebb594310ed090c37ea88d8a9ab6668b848a42fca70a1bf5ff1d97c0ed484b57f5cc5c988dbb2c21ca9eb0490900d758ca
t-v1-bit-17-4	INVALID
t-v1-bit-17-5	INVALID
t-v1-bit-17-6	86725262c971bf064168bca2a87f593d425a49835bd52beb9f52ea59352d80fa04b1ba4d8129f0d4cec522b0fd0dff84283401df791dcc9b93a219c51cf273244b569dc086fab003b73a0b8397a6c4fc26084ab0b2f5b2812e0c9eb11c4cfe655a274ce4c75eefdbf0372ff61314512273d5315b805aa07a442144aeedad50c401a918c67ae84eeb14bdbca94d557727bdcb9cec32b73a2df01d0e6219150f52be3f76253a5e5e1dc79d445ef5628bba
t-v1-bit-17-7	86725262c971bf064168bca2a87f593d425a49835bd52beb9f52ea59352d80fa04b1ba4d8129f0d4cec522b0fd0dff84283401df791dcc9b93a219c51cf27324a49e75cc14978401adba75da1259e5f20f409c562b8d834feb8f2c044f6ef9a94789f920b54b7d9136d86b874945c3f06c8ce1f12a73510980b4c08867e1358249c8a97795be8295cfcc57ed2ad28a94c1a29e2cd1c8f43ba741247ec10f84176977f53a523a41f9a825dea8b1189534
t-v1-bit-18-0	INVALID
t-v1-bit-18-1	86725262c971bf064168bca2a87f593d425a49835bd52beb9f52ea59352d80fa04b1ba4d8129f0d4cec522b0fd0dff84283401df791dcc9b93a219c51cf27324977df22c63e07c4960f7cb4374b41f3d55e7f958cc908fe881f2c5d776d7ab4dcfb2e29a75aa983cc0932e6779d86e094dcabf3ebc662866d99a3c5acccd26c7fa594a751532460b4c22936a9e1755016cc9d1b737dfd493f5e8575ad83f7316a4b68e8f3f2f239ee46e012e08718038
t-v1-bit-18-2	INVALID
t-v1-bit-18-3	INVALID
t-v1-bit-18-4	86725262c971bf064168bca2a87f593d425a49835bd52beb9f52ea59352d80fa04b1ba4d8129f0d4cec522b0fd0dff84283401df791dcc9b93a219c51cf273248565c1f9c80550380cbf88a65f36d22f884ca4a0a266fc05b2276cab0ca1503d0fde1bd61d34c7acf0aa79d1af618e8455326bebeef8cc69a01117523463b741c0d27d574ad6aa291625f607544e84acdb3b55d8aa483f171176bbc66383a70d3a437db22c6708c62ecfc2b1f9f5cc68
t-v1-bit-18-5	86725262c971bf064168bca2a87f593d425a49835bd52beb9f52ea59352d80fa04b1ba4d8129f0d4cec522b0fd0dff84283401df791dcc9b93a219c51cf273246b690ef8c07f8c26676dc8af748bec6366bfbc54752487b2eb637f9c43367b5f32a975d63fe09883bad1580ce619c7d9aee6a8259d7941f606121d8147b59b8994af0681564b5448d6793d8901e2eb8eb27af61b43e3a2d5c170e781b764be29cd3f6380932749eb954f1690a363e966
t-v1-bit-18-6	86725262c971bf064168bca2a87f593d425a49835bd52beb9f52ea59352d80fa04b1ba4d8129f0d4cec522b0fd0dff84283401df791dcc9b93a219c51cf27324f302bda33351e130e6d324f463e80ab7883afd67a150a9c7d311f34a292620808ef2413d38e84fdc7f782c475538a3b378eeb555c59fd4b58a2e887655604e6aecf98777f430de3e8e551261dcbd9da06e1e1ac93c5a88ae34ad5a4da9929cac7fdfba55d39c84f54b8da3741898ffd2
t-v1-bit-18-7	86725262c971bf064168bca2a87f593d425a49835bd52beb9f52ea59352d80fa04b1ba4d8129f0d4cec522b0fd0dff84283401df791dcc9b93a219c51cf2732455124c9245a1feccac89cf93c250d4a8035879c4c7d7952eaea0c54ccf00d86c10068e7325075d49fe451ce8306ebc5955b81f238d41905f525de3a1e174159945cdfdbe19bd00b7f712a53eec1eff76cc46228c6e8bbc2756afc15df0e02c81b7fd7f99b0e5b920298a14858e1925a7
t-v1-bit-19-0	INVALID
t-v1-bit-19-1	86725262c971bf064168bca2a87f593d425a49835bd52beb9f52ea59352d80fa04b1ba4d8129f0d4cec522b0fd0dff84283401df791dcc9b93a219c51cf273240a38207a308cfce6030b24d44f525403036ccc3851a76a72c18ac2cfa84ab8c230e2334c1b842cdbfaef6b9d7c6c33ec41faa5a69c51d0ae27df1599b68dbaae8197e5db5f2b23dd6b5dd4a4494fd9e9c7149888d651b044408ec051309fc8b2fc5ba352aa4e48078a4b561cfccff831
t-v1-bit-19-2	INVALID
t-v1-bit-19-3	86725262c971bf064168bca2a87f593d425a49835bd52beb9f52ea59352d80fa04b1ba4d8129f0d4cec522b0fd0dff84283401df791dcc9b93a219c51cf27324bc0f5f1ef01a03a92a3d58f88062a650f0285ded98c5cc4b2ef2707116f707d961cd583af1fae99831805dcc94c899763165eef852d204b1a3f32984de0ac3935c76f4cebe3065a15a5b014950ec60ef0a45f2baebbb9080297884e16751a21c6c7e590b87c3c969a17a97e26a7b3d45
t-v1-bit-19-4	86725262c971bf064168bca2a87f593d425a49835bd52beb9f52ea59352d80fa04b1ba4d8129f0d4cec522b0fd0dff84283401df791dcc9b93a219c51cf273245fa1e2f0852b46292b6ef93670c1893a33d1a21fb4dadc6d26ae821878e5dfdc2038e0b032551176d3ddb6b3bd1703d57436747bd1411f261951201d5b7e71eb31884d9dd8ce365ab5a4632ecba5ff032d4652202bec71b167a8f0ddf0b19174ab5acbe0b110bf8ab5dd1a99f46703bc
t-v1-bit-19-5	86725262c971bf064168bca2a87f593d425a49835bd52beb9f52ea59352d80fa04b1ba4d8129f0d4cec522b0fd0dff84283401df791dcc9b93a219c51cf273240c46ff969186046fc03f7b4d4d748e8f4f3c5321285432c93ff1670e1c0f2d982956b812cad24b2e710f07e4e3fe6ed83ea78b0625aa904e99a42dee4a481ca1c6964095c5412912cccf33b763a563cd86ca8496528eb2382f9ec25a5f825c3b7a200aa8e43426dc6bc56551c159c509
t-v1-bit-19-6	86725262c971bf064168bca2a87f593d425a49835bd52beb9f52ea59352d80fa04b1ba4d8129f0d4cec522b0fd0dff84283401df791dcc9b93a219c51cf27324cb3bc56afcf78f2899b1c670c786b17a3f673abd1af83874bdeaffec4cc27eabc8274c9487908e7f14897f43d3de6077c6a4052e3c99747beffd47780d6df4161dd17f85d9b18d82ebaa5b0a53243ac4bfc61c7587266b5bccd6d1ad1b12bc081d1c98d5a50cc0aa60faee5a322f8bad
t-v1-bit-19-7	86725262c971bf064168bca2a87f593d425a49835bd52beb9f52ea59352d80fa04b1ba4d8129f0d4cec522b0fd0dff84283401df791dcc9b93a219c51cf27324874046928cfc5afcd9b632f42976889aad2f86fc202d03de6112c547c9f743452f164899d7ad00feab995fbdce56add4aa9624fea2216a44c72103f79a758645bcace6ca30c1e481996586a04f6fec7c9339710840dc5544890d33c41aa01b06f858e984afcfc2a7d1c01446d821ed8c
t-v1-bit-20-0	INVALID
t-v1-bit-20-1	86725262c971bf064168bca2a87f593d425a49835bd52beb9f52ea59352d80fa04b1ba4d8129f0d4cec522b0fd0dff84283401df791dcc9b93a219c51cf27324cd04f59c76d1ba73483abc2a43bf1372ab13076eabde9409af1f603f066da0d0be6d8acb69e5074d665d1d018c6daef4323f7d4e527e61cc25a0f81f84a72bcaa7d96c49e1a820ea54b1139de48a08435a8ce874b9f2bc8da4b1f514bf15cfa188806859a50e6a3be1004c4a53bfeb3d
t-v1-bit-20-2	86725262c971bf064168bca2a87f593d425a49835bd52beb9f52ea59352d80fa04b1ba4d8129f0d4cec522b0fd0dff84283401df791dcc9b93a219c51cf27324f1e1acef3861924d9f5bce4f7b0553d1c9fccd1bc95cae315eed858fde595509d4c1ca3c3129a9d598ad04ae49574fd959f1cab17a0dd47cd38d0b6be0e9d7176747ebc7d2de914eca560ca9f04f2f9fa2d85ee60d85fe6e8c5beca3260726d6c5f65ba46c1cf14bccace7abd3c29541
t-v1-bit-20-3	INVALID
t-v1-bit-20-4	86725262c971bf064168bca2a87f593d425a49835bd52beb9f52ea59352d80fa04b1ba4d8129f0d4cec522b0fd0dff84283401df791dcc9b93a219c51cf2732402fb13596b06cb2604d63d013cc6817afdd775444fda22bcd187cf4b770d1989e93265de0d666ac0c5c87efd2f6d381d808941f85c89bb641e4c0651aafc4085d819d3b1fe459dc7284ea0a03f12f769cae14245f6b3842e16bc590d6bc64b57511b1569e7e76445ee77495db5114c58
t-v1-bit-20-5	INVALID
t-v1-bit-20-6	INVALID
t-v1-bit-20-7	86725262c971bf064168bca2a87f593d425a49835bd52beb9f52ea59352d80fa04b1ba4d8129f0d4cec522b0fd0dff84283401df791dcc9b93a219c51cf273246128c19f71cfd803f2fb24761626de88a135e669239ee1b9add68a7d4c81a3265b2d153cf09f0c0836839d9bf4eddf217599f23dcfb45ec0fde273bf635cce75a227c988bc7b0f83899547b36e1ce1d237587e23c49a26ff5f76c7cf3086d0d7f36146cccf0eecd1908b10bd0706518a
t-v1-bit-21-0	INVALID
t-v1-bit-21-1	86725262c971bf064168bca2a87f593d425a49835bd52beb9f52ea59352d80fa04b1ba4d8129f0d4cec522b0fd0dff84283401df791dcc9b93a219c51cf273247e65fb5b76092add0c551b819e4e06095b6188e10e05e0cc2b0286dde7c620e6114d91a440fff058260ca04e1fc674f7cc49a4eb8f6ff02d0728fcd24febdc3a4b95709ac20d173e2a141393f126954f8383fcd26d5ca62f5ad1491f1e4866e16bf2097dc9a2e046430b4714484bb07e
t-v1-bit-21-2	INVALID
t-v1-bit-21-3	INVALID
t-v1-bit-21-4	INVALID
t-v1-bit-21-5	86725262c971bf064168bca2a87f593d425a49835bd52beb9f52ea59352d80fa04b1ba4d8129f0d4cec522b0fd0dff84283401df791dcc9b93a219c51cf27324f695617a4594d9545fd5667ce1037ca1793bd4c6777621ad867c36c532184927cd6c1d4f199f8caf2c25929ddf0c7887ddea8fdbd00577f70f11bd5572e302324bf5362e1581f7cc0ec597cc87aecc0d0acec4baf1f532c1befe157826c09ecc715b304912a3512ca95c799916704289
t-v1-bit-21-6	INVALID
t-v1-bit-21-7	86725262c971bf064168bca2a87f593d425a49835bd52beb9f52ea59352d80fa04b1ba4d8129f0d4cec522b0fd0dff84283401df791dcc9b93a219c51cf27324166853e89f83111d2221bf8ec5a82d337825fb4ca1700aa03c88066bda8f78ef8ab273a930c74f41de2dcadc4fdc4dda2434405d39c4a643c40af7e0e40b4e9930d3ecca52f740cd9bce21db4dca8d08e26826df6cc6f099548c871b5ed6052576514ab50ba74e0124bb4e6daba1d51a
t-v1-bit-22-0	86725262c971bf064168bca2a87f593d425a49835bd52beb9f52ea59352d80fa04b1ba4d8129f0d4cec522b0fd0dff84283401df791dcc9b93a219c51cf27324ef4c0a2337d7eb2eef7278973895de4e4e06fdfafd7a9249537b3a4b88d6d5af7b05c3aab2c9756d3153159fb6f048091b8191d119bff309ca264b623e80825c76c06b2f01230479f805279be626ab07b40ed228f406345c9ff866bb28a5415f5faa864dc1143ee3a3899ae75675ca5b
t-v1-bit-22-1	INVALID
t-v1-bit-22-2	INVALID
t-v1-bit-22-3	INVALID
t-v1-bit-22-4	86725262c971bf064168bca2a87f593d425a49835bd52beb9f52ea59352d80fa04b1ba4d8129f0d4cec522b0fd0dff84283401df791dcc9b93a219c51cf27324d00ace6983d6e87804e1cd8d452aca22ce2ddf2d56901d155b10ea652ff50991d73c02c7dd71613a3ad72a8042e4909a1472dde656db66833717da9ea7b17a3b0c8ad0f481f933fb80ef74f7cacdf6c4f760d6c51fb70717f70c53333ff8ab0915a3206bac6e882290b50965bfc5fd27
t-v1-bit-22-5	INVALID
t-v1-bit-22-6	86725262c971bf064168bca2a87f593d425a49835bd52beb9f52ea59352d80fa04b1ba4d8129f0d4cec522b0fd0dff84283401df791dcc9b93a219c51cf2732476b18a2562389af7058536ed5bf4ae6e401f5f636fe2e5e8f7c718fb9025c69019c66fa9eae6dd23cb0d2a105bd94f7b39f3bee82dc8d4f805440212f0e635ac64b0a73c146eda07b01c467d2d8531fd14186e7150e1c708bc36f790b7e3b9e640eb83c191d4353579186192f9fb58a3
t-v1-bit-22-7	86725262c971bf064168bca2a87f593d425a49835bd52beb9f52ea59352d80fa04b1ba4d8129f0d4cec522b0fd0dff84283401df791dcc9b93a219c51cf27324c72d4cb0b01f9915dd4548b9ae933df47f88ea9ff8606c745cb03bce4c370272bbaa22446f39c80a0d661e04237002edd18f96fb1122b2506e167ec05aca7467fede8d1d8e31601aa50f8566f052d901356f70c490abfc816aac93e4fb6af039e0ff7b9bd9a16ca18f50eedf089aeb26
t-v1-bit-23-0	86725262c971bf064168bca2a87f593d425a49835bd52beb9f52ea59352d80fa04b1ba4d8129f0d4cec522b0fd0dff84283401df791dcc9b93a219c51cf273244032959689a0d6158a8d65332cc7455deab5dc3649f4f2fc467586b6c4bfb991850d1c03e42aee586e9424b8286b23023b3053f4e40bdfb3c894fc2db44aa4bc711a9d8bf6723c6584da73f4dcf5cf640153fcf60b920c6a2fda97ded49835fbca6d9b1b5037cd675d090464c7daa47e
t-v1-bit-23-1	INVALID
t-v1-bit-23-2	86725262c971bf064168bca2a87f593d425a49835bd52beb9f52ea59352d80fa04b1ba4d8129f0d4cec522b0fd0dff84283401df791dcc9b93a219c51cf27324d60afc9f1f0f152b3b14a7d1ea1a1ca3ddf8c2e5e8de434e03beb3ad6acfb8dbb55d6334631d17209e69433f1de109c5c67d2f3cd6fa92b492fc12ccb8c3c31d98824b6a68910fa2909f547dbffa1ac81c8e580444f03cf2aed90e993a8e35ff21d4865b18222b7d27483b1f96b0ca56
t-v1-bit-23-3	86725262c971bf064168bca2a87f593d425a49835bd52beb9f52ea59352d80fa04b1ba4d8129f0d4cec522b0fd0dff84283401df791dcc9b93a219c51cf27324aaa029b0b28edb0ffe0103b3f13a2af702ebd596f2590f9366fa408383fcee5b2a7198215138bf5dc5891bb6cddb51f202c1b1397e01441a4146c8069570f9d9803564cb1f507b5f20617aad6a12274ac201cf72721f73fd9f9535af573059fc26f3895a2e2fe939b98cf801f43fa7ad
t-v1-bit-23-4	86725262c971bf064168bca2a87f593d425a49835bd52beb9f52ea59352d80fa04b1ba4d8129f0d4cec522b0fd0dff84283401df791dcc9b93a219c51cf27324f3c0c7b258c22e004f2037f81831e2b6fa53e57dd116e0c6f0f5e4251454869c3eb2674111c39ecb5d9aff54b83b47af6393afd697ffa385c70e2016b903fb6a727893c136af7e60dca97434f77a811c8cc11fe88ce9e0127ad34850e3a6ee28d95a16d3b4109fa5fba3cd1d6a27bbe5
t-v1-bit-23-5	INVALID
t-v1-bit-23-6	86725262c971bf064168bca2a87f593d425a49835bd52beb9f52ea59352d80fa04b1ba4d8129f0d4cec522b0fd0dff84283401df791dcc9b93a219c51cf273242396f600356655986a7b3c8e3065c2fc53e08e1abfe950d9e359d3736457f481cd0264d44992777bb5ef082a7ac965d73af5b3f108a8c74e8bb68d8aa0a9c274bf33985838af15600ea05952ff832f7f74d3448cf2451236e27a61ec89d425223a61060e2f441a7df24312f45c3e91c8
t-v1-bit-23-7	INVALID
t-v1-bit-24-0	INVALID
t-v1-bit-24-1	INVALID
t-v1-bit-24-2	86725262c971bf064168bca2a87f593d425a49835bd52beb9f52ea59352d80fa04b1ba4d8129f0d4cec522b0fd0dff84283401df791dcc9b93a219c51cf273242edb96a2df445042e71d31d430b762579a786b91a92b0b29ecab6e03108d887c87b322d8ecbb4fc1d4cb0a68d01cc13c4113d75398aedfd6caa7b156be199599dd26cba8402fa67e7a8b10097a052de823d268e7e372d2517f1800b3983cf2e8eda54ef17289f4725f71100310da734d
t-v1-bit-24-3	86725262c971bf064168bca2a87f593d425a49835bd52beb9f52ea59352d80fa04b1ba4d8129f0d4cec522b0fd0dff84283401df791dcc9b93a219c51cf27324f2b185721f122a840f863985a737dc175d7263375bc166af08ed13af11674e0ac4692e1c692e5af1faa484a6f9e2edc763469eab972b56b04e91051dd46a971966301f5c9f3e4507bafad6b163a078f186a077bfc231329f7e9d646db6d5464bbf3bb2e6ba3e2514793d391283a144ae
t-v1-bit-24-4	86725262c971bf064168bca2a87f593d425a49835bd52beb9f52ea59352d80fa04b1ba4d8129f0d4cec522b0fd0dff84283401df791dcc9b93a219c51cf273246a7e23a1806d2e1ae4ba27d26ce09250e4cdc01bbc2cce8a4651c868ae1286e05b6710cf5ffd52ede33cbad2d3fb10c00eafc32341814a95fcd7a8cd7fbe137a0b1d93a4ce424220005338be9c7995b4161fb2f5e470671befed46ea6454a49ed0493b0a21a26713e90f17a2396be8b5
t-v1-bit-24-5	INVALID
t-v1-bit-24-6	INVALID
t-v1-bit-24-7	INVALID
t-v1-bit-25-0	INVALID
t-v1-bit-25-1	INVALID
t-v1-bit-25-2	86725262c971bf064168bca2a87f593d425a49835bd52beb9f52ea59352d80fa04b1ba4d8129f0d4cec522b0fd0dff84283401df791dcc9b93a219c51cf273246d7aa8ca80d2fdb49f68b1736790a1bdf0289c9f28610b535f6fd8cebd0d10c78977f4e82ffbbcaa756fe7ee49b5e8c569884b21773ba9320a55107b681d46debe6cacb8aa7d4d77776181af75e4e1aaaf3c70d304ab547117583ea41ec649b97ed52e5a9050ff026d423fbd516f38a6
t-v1-bit-25-3	86725262c971bf064168bca2a87f593d425a49835bd52beb9f52ea59352d80fa04b1ba4d8129f0d4cec522b0fd0dff84283401df791dcc9b93a219c51cf273247458cc3246baed979c8e7d2881714722bae00bdb64253fac2539f0b70bfb90bbda102d7a891e14c54fdb5e7087170912413232c1c32515de5754e8232dc71156ab7d05f68a5560b50c187155ef2ae57df70b1a3f6b39a106a2ffb12cd38eb1ab69ba5e7e7682d463e4f9d24eaf615e29
t-v1-bit-25-4	INVALID
t-v1-bit-25-5	INVALID
t-v1-bit-25-6	86725262c971bf064168bca2a87f593d425a49835bd52beb9f52ea59352d80fa04b1ba4d8129f0d4cec522b0fd0dff84283401df791dcc9b93a219c51cf27324a1f33be91644ab874149b10cdcb9f130343afd4128ab75175fe8e0ae067da0c579d93e29d2cdc259fd3fb89cc63cb8ea41a17c11957fcdb4e6659432ed53533eab97c4fb5ccfb55fa19543d7b60a2549ccfc0f02e1a7555cab93d2ebaac4bddbde4fc2c191b2fa36968190a2b96174bb
t-v1-bit-25-7	86725262c971bf064168bca2a87f593d425a49835bd52beb9f52ea59352d80fa04b1ba4d8129f0d4cec522b0fd0dff84283401df791dcc9b93a219c51cf2732429588df65db77088dbeb23e0e2190f43f67b6d7746237033caede5d017cfe3e98f46974225d7fd646bdc8d16a9bc9519338cee94e9349895bef01961cd2c3f14e04638f1d7ee925cf00d6bf7828bc1d106d8b4dcb04dcbe754afc0c95eacdc70429aaf173b2d478335d08d5524de6d96
t-v1-bit-26-0	INVALID
t-v1-bit-26-1	86725262c971bf064168bca2a87f593d425a49835bd52beb9f52ea59352d80fa04b1ba4d8129f0d4cec522b0fd0dff84283401df791dcc9b93a219c51cf2732462dbdbb5383be8692f0bc9f34d4bb680c107219a7466abbcfc6da037077de9208fa6092e72ab7151c28f9f8d110ca71531d39551cb289b9c129e048eb2231e707514644d3090dde6333c103fe16673ba4a722a6f9e6cad3b898f4e1a8f727abb4c5b38859075f28ecdb47edda6668256
t-v1-bit-26-2	INVALID
t-v1-bit-26-3	86725262c971bf064168bca2a87f593d425a49835bd52beb9f52ea59352d80fa04b1ba4d8129f0d4cec522b0fd0dff84283401df791dcc9b93a219c51cf27324e49a940f1e6e5538d7cacc3bb4897b532c93e8a8ede2c03b5dfae306fa0fb73282ced330bc87d2e1726cb8fe30308a0ed944dd258f5fa7c074d64265b8debd41b301d0526d52439e2cccc9cdf31d4564c14666ce28e468c0e2173596a49b2fdd8a5b457e8c33fd5e91e79420ca6a46db
t-v1-bit-26-4	86725262c971bf064168bca2a87f593d425a49835bd52beb9f52ea59352d80fa04b1ba4d8129f0d4cec522b0fd0dff84283401df791dcc9b93a219c51cf273243205d48c948e89e13bad4ab0f2b5e602750e7bc2d8b9d4950b5c2629c87bcfee4dc597b2172328211e3511f6143f0665003f85cdde8c868e2ef0fcb7b622397f2aa8c3d8066c77e70be8198e8b1d6946c02dbc1d830e56d35f2703b9d90969fa22710f3fe547edcd83c13a64e25b28f0
t-v1-bit-26-5	INVALID
t-v1-bit-26-6	INVALID
t-v1-bit-26-7	86725262c971bf064168bca2a87f593d425a49835bd52beb9f52ea59352d80fa04b1ba4d8129f0d4cec522b0fd0dff84283401df791dcc9b93a219c51cf273246fbc5b6f53ed5f14597d686c9042bbd1292c1eea0ebff0e730bcaa435bb7968a918eb0cbd559b59aca9b8748e8f3c30799e61e3ffccd0f9a524bba54f3fe36afb2ea2ed9197c08575d532126a024fc5d87eee19c20a32a30a0126a4a798771bacbc0e1e1dbec10847c24bf398d422451
t-v1-bit-27-0	86725262c971bf064168bca2a87f593d425a49835bd52beb9f52ea59352d80fa04b1ba4d8129f0d4cec522b0fd0dff84283401df791dcc9b93a219c51cf27324264d40139b8f15a8dd198c3c2e03570d2d5c08f6e04ae07ece0590983ac544e2e89b45fa71e372e14cfa3d3450fd1254fbb1554af04a73023a686d0382fdec33ddbb7a76f1ba8666f34578d5d9fccd6aaadd7640fd1286a14309f628032220f0f20ef73259f3d4f016aa08e5ed2716aa
t-v1-bit-27-1	INVALID
t-v1-bit-27-2	86725262c971bf064168bca2a87f593d425a49835bd52beb9f52ea59352d80fa04b1ba4d8129f0d4cec522b0fd0dff84283401df791dcc9b93a219c51cf27324eff63ec4f7bd4c11d50db77163b5b24c4b4005f76ab9aea9a88cc77dedfa3131f42b05efae49856f60762a42b1a4abf1b199c34bb13f27dd1b960fcb44336aa27a59e54dc62307e1b418fc62f7b793b883471fdab4495d1fcc1a3b0363ba42b1de06adb2cc1805d6e6657240e90be497
t-v1-bit-27-3	86725262c971bf064168bca2a87f593d425a49835bd52beb9f52ea59352d80fa04b1ba4d8129f0d4cec522b0fd0dff84283401df791dcc9b93a219c51cf273249b5f98e6c268343104d7f98844a9a32a29e8c88093475f628adbe9fed9d73a2391db1604dcdb05663c21b9335761b9de02f1a7a7bb452bf4d2b5f80ee12b12d460fae14b86b41abb20d9e412f162563e8ecdf45f7b46222efd91f7158aee375080a5a9d3684b02f354e0fa1e8bc44cba
t-v1-bit-27-4	86725262c971bf064168bca2a87f593d425a49835bd52beb9f52ea59352d80fa04b1ba4d8129f0d4cec522b0fd0dff84283401df791dcc9b93a219c51cf27324b7a35cc25d0555f5e18724ac0defffb0e4a91792e46947e5c6327eb138e378faa55cdd85cac701ea31b2382ecfbb878de0eabad7ffbf38e66ed879602d974129b7fc5c0fd2b9e89aaeb8d96aa36fbbbd7404c17e8cb63ba74a857cfa77c39bf29da517805351f2f245a70426df70c8a9
t-v1-bit-27-5	86725262c971bf064168bca2a87f593d425a49835bd52beb9f52ea59352d80fa04b1ba4d8129f0d4cec522b0fd0dff84283401df791dcc9b93a219c51cf27324269e1b17aabb26451de28436f97f1a5a59d34fc6b2207d4086b3e5b0ac1878ae95df9e877f096529bab8968759a1e5b32d53aea848f1deb27e2e5952dfe13edcd685fc7353e96938c154eb61c8de981376064a4c2041b7036d78a3041a0b1d16e9577fefa86e51512024ee352087126b
t-v1-bit-27-6	INVALID
t-v1-bit-27-7	86725262c971bf064168bca2a87f593d425a49835bd52beb9f52ea59352d80fa04b1ba4d8129f0d4cec522b0fd0dff84283401df791dcc9b93a219c51cf27324c03de6c4e7d74165de73f8ee6089e3c7a4bdfa8f158a1568bc3aa6c9f36c2241b61e88c8a996e1c36861acd8f399d64dddb70a4c2141fa5a62e74963f228ab8b74843e1f7ab08994efbac567428ef463610ce63863e0959a37835f83170d4ada68e852bf2df2f4ee3d007a7c48d78a53
t-v1-bit-28-0	INVALID
t-v1-bit-28-1	86725262c971bf064168bca2a87f593d425a49835bd52beb9f52ea59352d80fa04b1ba4d8129f0d4cec522b0fd0dff84283401df791dcc9b93a219c51cf27324d78e2a5fbc0f085fc0f94dfa6f9b6c40ac89d9261b07f00bc8949bdcef7fb4dd4bae68b4e7f9e10762f05f2c0acca381e78e8e048b1730e2fb960aac775f5a7d94df533270bc98d72b2ace42a0c826a3fe01a283b1277a23334a59142a103a47e4f965da7ea171010377731b2f5a3e8b
t-v1-bit-28-2	86725262c971bf064168bca2a87f593d425a49835bd52beb9f52ea59352d80fa04b1ba4d8129f0d4cec522b0fd0dff84283401df791dcc9b93a219c51cf273249d5cd312b7448af4b10785d5a4fb981bc5caf9d92009a5edb708483e1d3c6ea2338ef967f9d4967c518df5dc7b684a45c15d6f46c9f615580a8b1d0480b72bcad3d7d7a15417ddfd5a83216409abd5e17987b5f7db14726d5aad31f151af3e45acd90a27f599f4b7a9bf16ffc0cc3afb
t-v1-bit-28-3	INVALID
t-v1-bit-28-4	86725262c971bf064168bca2a87f593d425a49835bd52beb9f52ea59352d80fa04b1ba4d8129f0d4cec522b0fd0dff84283401df791dcc9b93a219c51cf27324203d1507a73815d1ee80a0d1bf08f5abdfd58182d95e4cd17ed322282fdbda2a0b81ce7431c0cf2b92d8b658a033108532baafea0f968c3f27f1559d3009d92c4299a7275c36901e9bdf8f43d86fecb5686fbe015fb83633a8c5bb22807cc2e4b6af212c12b71a7bfd6ba6cd397e0710
t-v1-bit-28-5	INVALID
t-v1-bit-28-6	INVALID
t-v1-bit-28-7	INVALID
t-v1-bit-29-0	86725262c971bf064168bca2a87f593d425a49835bd52beb9f52ea59352d80fa04b1ba4d8129f0d4cec522b0fd0dff84283401df791dcc9b93a219c51cf273246d84824a258b8c35831ebc8a89e2141bb44194d1324a57fb80bcdecdd996e335fce6ed958746fee3f8c66e136e1d1ac6a8b58283c46cd5580a917bd13dce3b0ef261ded9be1b4f94149b9642763373008a2ded5aa1af34deba58ca98706d3cab4ce366ca937a3b3f7c004f63d81131c4
t-v1-bit-29-1	86725262c971bf064168bca2a87f593d425a49835bd52beb9f52ea59352d80fa04b1ba4d8129f0d4cec522b0fd0dff84283401df791dcc9b93a219c51cf27324de1b25022f279402bd6da2b39cd15a23dfec6e116416621d9c04b6ac0bb2802899a27f5b8dda338719446d838ac53c64e44bf1efff5abbc46a198d0592ae1b0db865a737330d6be4a13e5341a147a8f93730f07d6035d6b676fe0080f592ca338a4cbd06324afcddd10e9faef04d8667
t-v1-bit-29-2	INVALID
t-v1-bit-29-3	86725262c971bf064168bca2a87f593d425a49835bd52beb9f52ea59352d80fa04b1ba4d8129f0d4cec522b0fd0dff84283401df791dcc9b93a219c51cf2732406c877fd03d5b3dd45a4c1555beb7b2d098ebfa4d9b48d3ba5ee0f6b8e69dbcdc3700db7706061ce3eae55f42d674bb11567ce689fe8b334469f618b5be65f8bd510cc1310f774367bf827b3217fb5096d187b9ff9c6f39e2fe78097646fa7b2d00c28e2664e32ee4150ca3f492ba2a6
t-v1-bit-29-4	INVALID
t-v1-bit-29-5	86725262c971bf064168bca2a87f593d425a49835bd52beb9f52ea59352d80fa04b1ba4d8129f0d4cec522b0fd0dff84283401df791dcc9b93a219c51cf273249f5affe627ca498e5103ee484f6d43827a7baf09538a1a5feebee114940227e96b58a7a80e1f4b9ef59483c05dec129a80ec88838e564b8d6bfea36e92f1749cdfba5eb12070af41fef7e89c1ea62c3c088a8387b421830bcce3cef3bbcfa989d934f56235d103cd82c788c2978b821a
t-v1-bit-29-6	INVALID
t-v1-bit-29-7	86725262c971bf064168bca2a87f593d425a49835bd52beb9f52ea59352d80fa04b1ba4d8129f0d4cec522b0fd0dff84283401df791dcc9b93a219c51cf273247d4783c4e8c55cabcc231fe5a0749dfc1e4a87fa3d5aac5b0718c4dfb61db8d117a8a4a3bdfc366f7d14753e5e69e177e0cdc0179ee8f4eea7a5a9db4b7e79006763e06723f1ee397a4d52f4bb7c75ff85f5b0faf81ebaf27a95beeee9aa700eaad017331abb41bdc7507256d4d4d9e3
t-v1-bit-30-0	86725262c971bf064168bca2a87f593d425a49835bd52beb9f52ea59352d80fa04b1ba4d8129f0d4cec522b0fd0dff84283401df791dcc9b93a219c51cf27324ecc96fa9ed85e35896f8d102c3eb4ac55fc21edb7bee5e1aa0daf84d861a00afa6988562431abf02e2558ebe8c7ff7640800a02e7811295d5a2022f315f73ddfd53f1b2a04b3d53460e6d8a72c71040c899d6dff24e5eab2a93bab4b25e606232a9f22385c89cca0857b1ed892960bcd
t-v1-bit-30-1	86725262c971bf064168bca2a87f593d425a49835bd52beb9f52ea59352d80fa04b1ba4d8129f0d4cec522b0fd0dff84283401df791dcc9b93a219c51cf27324bd51b9d21a207e55a57bfd0644dea8aa3415f7808f689d11b287b6136c3f529932faa7e435fb2b98a7fd224dea64138773ad00baa075e2224d686dce193ed945724c5a7cd8dd7cbd7e3d8d01fd64b0be07bdbda8bfe8f56995a9b99199c22449d237750bde69d5417870739a2dcb1819
t-v1-bit-30-2	INVALID
t-v1-bit-30-3	86725262c971bf064168bca2a87f593d425a49835bd52beb9f52ea59352d80fa04b1ba4d8129f0d4cec522b0fd0dff84283401df791dcc9b93a219c51cf27324d1d27dd41235e271d85b1c9bd1fa0a2a0dd81e9cb48327518adb8f900bd86bcdc3315514fc3e66a724ae39795c7bc09c72edc1972595458bcc6279fc4f66d74bb4a5c82ffb5877fb0ac3c45ca3c807cfd0b7d91133b4b2c122c7ab507b6d2be611f38b5abbe6e5ed608d9bb63a0f69cc
t-v1-bit-30-4	INVALID
t-v1-bit-30-5	86725262c971bf064168bca2a87f593d425a49835bd52beb9f52ea59352d80fa04b1ba4d8129f0d4cec522b0fd0dff84283401df791dcc9b93a219c51cf2732404fe9a3088c2902892fcf32d9d594eb42a16d77db7853633e139143e5b48c7784a496e6749d8c9a0559e57e7025c1135133efea145d95d278be3a035f78f45aeba230ecd9adc3a392c3b8655f82db5ff5a5894cb80548b48784cf32ce53f528de19b913aef8fec35ffb62135d18701e6
t-v1-bit-30-6	86725262c971bf064168bca2a87f593d425a49835bd52beb9f52ea59352d80fa04b1ba4d8129f0d4cec522b0fd0dff84283401df791dcc9b93a219c51cf27324a027a80a09d0fa681339d431d7581c1259bd91ec789bf1e35bd753c3291555ff11412e32e8ba90ff66f7c574f64dbfc9da1cc13c47ecbbe0e9718c025c39b658bfb0918909233fdd2b1ac96e9f1a21638a6fede16443d2462d0f14836a5b2f18e40ccf25f7aefd7f61a67144629ead7c
t-v1-bit-30-7	INVALID
t-v1-bit-31-0	INVALID
t-v1-bit-31-1	86725262c971bf064168bca2a87f593d425a49835bd52beb9f52ea59352d80fa04b1ba4d8129f0d4cec522b0fd0dff84283401df791dcc9b93a219c51cf273241cc59d7d2d75b7508cb28ba40a8311a0200bb7bbb94b07e36e17563b60ce1b78effbde24cf36f7ba50a8539fbacbcbdb3e96b66861a673c5f9502c9251a9bb3add06ebc417b4afad12854beef578812d396ed9ff30b014ea8707e7644b714ef8c23a03475301811cfedb04d5fdf8d5c7
t-v1-bit-31-2	INVALID
t-v1-bit-31-3	86725262c971bf064168bca2a87f593d425a49835bd52beb9f52ea59352d80fa04b1ba4d8129f0d4cec522b0fd0dff84283401df791dcc9b93a219c51cf2732456a4fb9c4be3c7e8de0566addf92e41f6e60666804ed4a9bed62cffaae41ecb08724f65eca0f7717442e4af5a931514f10db5b0599178ebab31ab7f3123620529b3fd7db6d7a0ed90e65ca4f246c287fea5470ef849bbd178f443aa4209a9aa677ef6c533a9a3623931639f385b2b49f
t-v1-bit-31-4	86725262c971bf064168bca2a87f593d425a49835bd52beb9f52ea59352d80fa04b1ba4d8129f0d4cec522b0fd0dff84283401df791dcc9b93a219c51cf273241150bd20681734933b6ffbb31f04e6c0c53a412c0e836f1438ea30c7439a64b90877863786fba831ebc20a204c2da5bcf3fb678ba7b371dffe3576a59500c3e507109ecf5f442714d6ab04300f39dc686a0db6a67d6180f987e42289518c850f6d8295c08f5d63c0d1bc9020be198768
t-v1-bit-31-5	INVALID
t-v1-bit-31-6	INVALID
t-v1-bit-31-7	86725262c971bf064168bca2a87f593d425a49835bd52beb9f52ea59352d80fa04b1ba4d8129f0d4cec522b0fd0dff84283401df791dcc9b93a219c51cf273246ffdef7c642c6ec294205ff6026aacb113b206bbf83728d0e4c8be60312a8aa8f3056616529f828b7801bb7058fe7b5742b8af00639474825e7bc574d28248cf054a0bfed30e2fca5daf44be2ea874711f5e903011939ae323b4e5b5ea5a339df130eb1b74281c0224cf340aea617a3f
t-v1-bit-32-0	86725262c971bf064168bca2a87f593d425a49835bd52beb9f52ea59352d80fae9716843138d4ada699128c7da35e47686bef45e1a1d3bee095086f1a7691c8f2bfa71d3181511d00d21b2bb6f6e0b972734701a96b2c8f16d98a3a9bffe079abc9b495abdf0dc48fb5ab90bafb1523d94f4487e1b2fec954309ef1289ecb2e15043a2461ecc7b2ae7d4470607ef82eb1cfa97d84991fe4a7bfdfd715606bc27e2967a6c557cfb5875879b671740b7d8
t-v1-bit-32-1	86725262c971bf064168bca2a87f593d425a49835bd52beb9f52ea59352d80fa0df3020bf889dee213d9169320c47e71aa39c76814b645e58ac14d0b18e17315ea64bfb87f8529ba569fbcbab223e3407415482a70f349f523fae377a52926f525936001e320c8d6adf87f53a97d398594f4487e1b2fec954309ef1289ecb2e15043a2461ecc7b2ae7d4470607ef82eb1cfa97d84991fe4a7bfdfd715606bc27e2967a6c557cfb5875879b671740b7d8
t-v1-bit-32-2	86725262c971bf064168bca2a87f593d425a49835bd52beb9f52ea59352d80fa64326fd1cc88e086fcce9ade47ff017f11f56f75a61cec2e98004ed537bd8a6e3ec2cc78deafbb31fd253c5ef780cf839e4e4cdd8496886cd2dde2bea22ff0394fcadb7926c29947d95520684436a8ec94f4487e1b2fec954309ef1289ecb2e15043a2461ecc7b2ae7d4470607ef82eb1cfa97d84991fe4a7bfdfd715606bc27e2967a6c557cfb5875879b671740b7d8
t-v1-bit-32-3	86725262c971bf064168bca2a87f593d425a49835bd52beb9f52ea59352d80fa20a560893fe1245d62f2dac1aad1fb0b42ad0322904926e304a696b2bed804100f1c0938023cb1eeb73042805d431f4036b3199d6498d54180de7583fd65f1490886c399f8ea55cb54a9fd20ae49148894f4487e1b2fec954309ef1289ecb2e15043a2461ecc7b2ae7d4470607ef82eb1cfa97d84991fe4a7bfdfd715606bc27e2967a6c557cfb5875879b671740b7d8
t-v1-bit-32-4	86725262c971bf064168bca2a87f593d425a49835bd52beb9f52ea59352d80fa2c66a192b0116e75b3d7aeb59bf4e924df9c07c7996208c7f7e85a9fecd81a51583dcc4f79f025d5589398a43eaec047e04a1734fd92864739c6a91eb042d3e51dcd9b61adcb79ddaa1560ce7faf953594f4487e1b2fec954309ef1289ecb2e15043a2461ecc7b2ae7d4470607ef82eb1cfa97d84991fe4a7bfdfd715606bc27e2967a6c557cfb5875879b671740b7d8
t-v1-bit-32-5	86725262c971bf064168bca2a87f593d425a49835bd52beb9f52ea59352d80fafdd5c6657ec86c9ea1e4247fa035f4e563bdd178968c3b183c8ad50d707affe136606e68f9bae3fd350e799852f26b1cc0d519f75f7c74d3d45c11d6aa9098896780b9e39bd75f212f87e1435c12d70d94f4487e1b2fec954309ef1289ecb2e15043a2461ecc7b2ae7d4470607ef82eb1cfa97d84991fe4a7bfdfd715606bc27e2967a6c557cfb5875879b671740b7d8
t-v1-bit-32-6	86725262c971bf064168bca2a87f593d425a49835bd52beb9f52ea59352d80facc62916b6f37837f5c352c40c7d3a556a395aadc315329fd29ee08e5cc59190de09cdb67aed6ec4933faa5bbb9ca822fedbf9a03d0448abfb1cbe8323e70cb3668ddb03a4dca7da8dc4f93edb82356a894f4487e1b2fec954309ef1289ecb2e15043a2461ecc7b2ae7d4470607ef82eb1cfa97d84991fe4a7bfdfd715606bc27e2967a6c557cfb5875879b671740b7d8
t-v1-bit-32-7	86725262c971bf064168bca2a87f593d425a49835bd52beb9f52ea59352d80faea7e1c96abecc5d5534e61430f68f17b4f5b33c97d3211546622da93f01a0a8b6216e6e3e2085db3a9dd3fa37af48e82ebcaceea6c08494fcc5fe47ea64a7cf3283ad626b1b17dc59cfbcb5cb53ceaeb94f4487e1b2fec954309ef1289ecb2e15043a2461ecc7b2ae7d4470607ef82eb1cfa97d84991fe4a7bfdfd715606bc27e2967a6c557cfb5875879b671740b7d8
t-v1-bit-33-0	86725262c971bf064168bca2a87f593d425a49835bd52beb9f52ea59352d80fa290ffbe4038be51895d4cd5725ad14bcee57f83e018beb77663cf1a78413dd5ee4ca7a3cbae6b17fc6379662d043da8ee336e4e6219e275075e389e188bab8ee5f13c5ca5fe3d71f5b0cd025ceb2803694f4487e1b2fec954309ef1289ecb2e15043a2461ecc7b2ae7d4470607ef82eb1cfa97d84991fe4a7bfdfd715606bc27e2967a6c557cfb5875879b671740b7d8
t-v1-bit-33-1	86725262c971bf064168bca2a87f593d425a49835bd52beb9f52ea59352d80fa1251a58a5d364b867bbe25b22fe2dbdf209eab33a3b80e79c6aa145c668dbc5c591bd17a848fd7d79c25deb44a034b49cdb24d6bb487834ee6510298304921a8a1b415b014838cd0628673f3096d075694f4487e1b2fec954309ef1289ecb2e15043a2461ecc7b2ae7d4470607ef82eb1cfa97d84991fe4a7bfdfd715606bc27e2967a6c557cfb5875879b671740b7d8
t-v1-bit-33-2	86725262c971bf064168bca2a87f593d425a49835bd52beb9f52ea59352d80fab0ddc0cec398358976f5f3421e077e3d8bf1f9af0917c8beb6f827b65168a36c99214b89d5ff6eae628e394af977ac3f9bb97ca79a57cf0ff6ca2d95bcecc7a224195a65553464ce01ad647835c490bf94f4487e1b2fec954309ef1289ecb2e15043a2461ecc7b2ae7d4470607ef82eb1cfa97d84991fe4a7bfdfd715606bc27e2967a6c557cfb5875879b671740b7d8
t-v1-bit-33-3	86725262c971bf064168bca2a87f593d425a49835bd52beb9f52ea59352d80fae8da9d17c24dbcf798f33ccb1e065355e7553869503964f950d1d36e88234d38e6eedb3280572fed13bd625aaff984854c59f05b00ddbe25e917514c47468387c2f68d151015c94e20c0dcfd04b2c5a394f4487e1b2fec954309ef1289ecb2e15043a2461ecc7b2ae7d4470607ef82eb1cfa97d84991fe4a7bfdfd715606bc27e2967a6c557cfb5875879b671740b7d8
t-v1-bit-33-4	86725262c971bf064168bca2a87f593d425a49835bd52beb9f52ea59352d80fa1e82b98808ed6fcf01857119bb387d12852fdcb0a42461c1a04a20c45c7e12e3f9111f520a8d28145bd3d6902192b78dfbe849143966acbd43631285cc94753eb2e15e23c86c750e6eaae0edbb70ec1c94f4487e1b2fec954309ef1289ecb2e15043a2461ecc7b2ae7d4470607ef82eb1cfa97d84991fe4a7bfdfd715606bc27e2967a6c557cfb5875879b671740b7d8
t-v1-bit-33-5	86725262c971bf064168bca2a87f593d425a49835bd52beb9f52ea59352d80fa321b16f11139e540a45bc78f964944d49b77357c87f83578260ed479d3293f51b51cb662f60aee1880435ba161f73084df111341ee2ddb1d89d35ba50ec5ee94c552a60db58f12fc927ffa0fb370e78d94f4487e1b2fec954309ef1289ecb2e15043a2461ecc7b2ae7d4470607ef82eb1cfa97d84991fe4a7bfdfd715606bc27e2967a6c557cfb5875879b671740b7d8
t-v1-bit-33-6	86725262c971bf064168bca2a87f593d425a49835bd52beb9f52ea59352d80fa05e58697d932560fec6417ff21157d992fad15bdec7d9759251e57cdeaee770fac60787e20a9fe970bfa3b10a8a0f7ec67b721b6ab268b3daeda0edf135c8ce7fffa18e8e2169d7697cfb37bda9c477594f4487e1b2fec954309ef1289ecb2e15043a2461ecc7b2ae7d4470607ef82eb1cfa97d84991fe4a7bfdfd715606bc27e2967a6c557cfb5875879b671740b7d8
t-v1-bit-33-7	86725262c971bf064168bca2a87f593d425a49835bd52beb9f52ea59352d80faff4e0ed2274331d61aab5bad20177089a2861dd686e9f5e8ff071b6237d1dd341379b5dc248a7848b5fc6e4876d0e82ba4b085103761b6f4a196c77c3d56b84eca48b566d5e891ce88cae08a7e1cef4094f4487e1b2fec954309ef1289ecb2e15043a2461ecc7b2ae7d4470607ef82eb1cfa97d84991fe4a7bfdfd715606bc27e2967a6c557cfb5875879b671740b7d8
t-v1-bit-34-0	86725262c971bf064168bca2a87f593d425a49835bd52beb9f52ea59352d80fa9a318e8679226f58b940ecb727324dc798e0385487006f6d306e38f6662a980426cc314405b0a2edf6a13b5d7847ebb1dd887ecc7d6697e792d00232b33b1b3d34fb771869a250404a2a51e580aca80794f4487e1b2fec954309ef1289ecb2e15043a2461ecc7b2ae7d4470607ef82eb1cfa97d84991fe4a7bfdfd715606bc27e2967a6c557cfb5875879b671740b7d8
t-v1-bit-34-1	86725262c971bf064168bca2a87f593d425a49835bd52beb9f52ea59352d80fae9a6aea47e98c772a265dc52b4330740b997a2feb64a28da8e52859d9f9ebb0532ff67bb5e567c417591092a7475d403ddf1f3a44049f3bbaceec190423dbed5fe98786be6535cae0ff7a0a2c286dcb694f4487e1b2fec954309ef1289ecb2e15043a2461ecc7b2ae7d4470607ef82eb1cfa97d84991fe4a7bfdfd715606bc27e2967a6c557cfb5875879b671740b7d8
t-v1-bit-34-2	86725262c971bf064168bca2a87f593d425a49835bd52beb9f52ea59352d80fa23b5ed0c442540b4aca774dd9401921621ceb421786e5c88198b456763d13dd5976dd79db2eb2e3f6d24da0b2ea88da874ac06a71c8b4137142fe4500caa3f8d3d1a2748743f059103d66a9da75ce8e294f4487e1b2fec954309ef1289ecb2e15043a2461ecc7b2ae7d4470607ef82eb1cfa97d84991fe4a7bfdfd715606bc27e2967a6c557cfb5875879b671740b7d8
t-v1-bit-34-3	86725262c971bf064168bca2a87f593d425a49835bd52beb9f52ea59352d80fa012d919a6c890df6efffa76f886d53dd2b114598006dfe9026b283a01ad8fa669f6f16a98916810378e228de7745c361bc7b73c59133fc8cca7379c2a47f853e682e29dd04bf23215db9e5a661e27e8394f4487e1b2fec954309ef1289ecb2e15043a2461ecc7b2ae7d4470607ef82eb1cfa97d84991fe4a7bfdfd715606bc27e2967a6c557cfb5875879b671740b7d8
t-v1-bit-34-4	86725262c971bf064168bca2a87f593d425a49835bd52beb9f52ea59352d80fa4a9d4fc7cb3d61bb5cec2ec5f9f3251ca0ad2fb967a9a9513ef5c6531271bf90bcd596737e5b2553655fadb3d923772add11f801626771ce7250c573a03dfd85531d4ad2bf2c66f06b6859979748dfd094f4487e1b2fec954309ef1289ecb2e15043a2461ecc7b2ae7d4470607ef82eb1cfa97d84991fe4a7bfdfd715606bc27e2967a6c557cfb5875879b671740b7d8
t-v1-bit-34-5	86725262c971bf064168bca2a87f593d425a49835bd52beb9f52ea59352d80fa724dd58a8092e4c795cfd41fb5417c993b2ff1d3b606cb60f6ab485052523cc74e354c73c83bdeacff899e8ffc8d3343eed366f935862e992bae2bd1abbb5a88f7020ec5f26b92a5340df11e6b06628f94f4487e1b2fec954309ef1289ecb2e15043a2461ecc7b2ae7d4470607ef82eb1cfa97d84991fe4a7bfdfd715606bc27e2967a6c557cfb5875879b671740b7d8
t-v1-bit-34-6	86725262c971bf064168bca2a87f593d425a49835bd52beb9f52ea59352d80fa94a5cafca3c150b7d8bd78e232b980b976ef09d79b2ed27503bacad0af8679ae53e086b30dac986cddab9fbac433895cb93fda7c3b3675a6de435f607ba2e20c3323e7394c3a6df1d0d4386cdf13b79794f4487e1b2fec954309ef1289ecb2e15043a2461ecc7b2ae7d4470607ef82eb1cfa97d84991fe4a7bfdfd715606bc27e2967a6c557cfb5875879b671740b7d8
t-v1-bit-34-7	86725262c971bf064168bca2a87f593d425a49835bd52beb9f52ea59352d80fabef821867c3ade38c9445fd4a5a69ac43e7064087238911a00cb1b46b4dc31255b76ceeea3aa4d553a4c10c7f42ce7ab6ed2370a017ae1719136ecbcaf8c62b53273c9155c362b40399ffc85d26204e894f4487e1b2fec954309ef1289ecb2e15043a2461ecc7b2ae7d4470607ef82eb1cfa97d84991fe4a7bfdfd715606bc27e2967a6c557cfb5875879b671740b7d8
t-v1-bit-35-0	86725262c971bf064168bca2a87f593d425a49835bd52beb9f52ea59352d80fad8bcaf412cc411e7015da8717acb06475fe1219d63cdae7be5bdb9b5f7d43b08d43c717718e9831354b041da7cb52ce8e1ee9019092298d2ec9336d1b3e825838ce6222e1f717c6a56bfc7069d82b5c894f4487e1b2fec954309ef1289ecb2e15043a2461ecc7b2ae7d4470607ef82eb1cfa97d84991fe4a7bfdfd715606bc27e2967a6c557cfb5875879b671740b7d8
t-v1-bit-35-1	86725262c971bf064168bca2a87f593d425a49835bd52beb9f52ea59352d80fa69a3c0bedaa969106fa1aa2ce0f68779052de244fce6718c1321691f90e1baf6e21d0c5cad059755b3a148b3c68b04f516137393eab4255a51e5410e222645d5f95d75da2354fa46ae265464bb54d7a194f4487e1b2fec954309ef1289ecb2e15043a2461ecc7b2ae7d4470607ef82eb1cfa97d84991fe4a7bfdfd715606bc27e2967a6c557cfb5875879b671740b7d8
t-v1-bit-35-2	86725262c971bf064168bca2a87f593d425a49835bd52beb9f52ea59352d80fa2093fbd790c055628c82bdf9edcdc08c82842b96f1f5eb3fd336d9d267f4df8b202d388fff3934be789ccf941780ff076821562d877f2ed80dfb74af9e3d2d3754e3632a56d38eb301aee6c3c082a4dd94f4487e1b2fec954309ef1289ecb2e15043a2461ecc7b2ae7d4470607ef82eb1cfa97d84991fe4a7bfdfd715606bc27e2967a6c557cfb5875879b671740b7d8
t-v1-bit-35-3	86725262c971bf064168bca2a87f593d425a49835bd52beb9f52ea59352d80fa25f4778184ab4ccb4157f51d60e43e73be38ef906773fee65f963d4e56b6f175f114f5e8a3a1a79ebda37947fb9410e30566a8bc2899133594e317943ae65d237ec0ba289385e3338c186f84e36cf29394f4487e1b2fec954309ef1289ecb2e15043a2461ecc7b2ae7d4470607ef82eb1cfa97d84991fe4a7bfdfd715606bc27e2967a6c557cfb5875879b671740b7d8
t-v1-bit-35-4	86725262c971bf064168bca2a87f593d425a49835bd52beb9f52ea59352d80fa623d1cc06e993ac6ee30fcce1578ca11729c6025acd9a315b6070974e3a7027aa33f805075d0f711307733befc7bed31a949c5ec1b26c9a352da7135961bd77c83799dcd7b592fb46ddaca0ce4ba8eeb94f4487e1b2fec954309ef1289ecb2e15043a2461ecc7b2ae7d4470607ef82eb1cfa97d84991fe4a7bfdfd715606bc27e2967a6c557cfb5875879b671740b7d8
t-v1-bit-35-5	86725262c971bf064168bca2a87f593d425a49835bd52beb9f52ea59352d80fa79e82e5340e5d7f96caff9ffac44f27f26ac77b81b6051cd67fae67dd4c224aeb2423ba7296af3c7407e5df1a1874beaa449995506550407af7d8e275c95b1fa85922cda468c3743b8c3f60358bb404094f4487e1b2fec954309ef1289ecb2e15043a2461ecc7b2ae7d4470607ef82eb1cfa97d84991fe4a7bfdfd715606bc27e2967a6c557cfb5875879b671740b7d8
t-v1-bit-35-6	86725262c971bf064168bca2a87f593d425a49835bd52beb9f52ea59352d80fae7042b01740e18e4e33b670b2160e056d455e07de9f769a65d70a16da89c65717560c39f9d47788a6c9ccac0c395ce1fec1b33907a5eb8f2b2d1ebd050bc925b5ac71103eacf98268c6b5b8fac95685094f4487e1b2fec954309ef1289ecb2e15043a2461ecc7b2ae7d4470607ef82eb1cfa97d84991fe4a7bfdfd715606bc27e2967a6c557cfb5875879b671740b7d8
t-v1-bit-35-7	86725262c971bf064168bca2a87f593d425a49835bd52beb9f52ea59352d80fa20529dac0dd7c522b4b202326ef832125a3d49016a3469fc1bebba02539a1e188d594530a0f2e8b351d2b25a5eaf17285cd0d2501c38444cc463d2c3db7339a97718dda3c404ca432c25855ba1d78bcc94f4487e1b2fec954309ef1289ecb2e15043a2461ecc7b2ae7d4470607ef82eb1cfa97d84991fe4a7bfdfd715606bc27e2967a6c557cfb5875879b671740b7d8
t-v1-bit-36-0	86725262c971bf064168bca2a87f593d425a49835bd52beb9f52ea59352d80fa06155ebd0da39164d9999a73c5871fba594fde1214b20809e3ace0a9a115237e75832dd8941f2eeb3bb822471690450d9356a752c08eb114d2a4543d104c607a51f6bf1c94063fada0deff913973501894f4487e1b2fec954309ef1289ecb2e15043a2461ecc7b2ae7d4470607ef82eb1cfa97d84991fe4a7bfdfd715606bc27e2967a6c557cfb5875879b671740b7d8
t-v1-bit-36-1	86725262c971bf064168bca2a87f593d425a49835bd52beb9f52ea59352d80faed8f7d28b6db84cff84094bc83dcfc4334bc5f132961c1249c8a245574a188646a840e7399948bfd305d2f87b3322e6d6419e002185611fa1a85a69940b4750d08bbfb3f98415bec9f0790d761c5af5b94f4487e1b2fec954309ef1289ecb2e15043a2461ecc7b2ae7d4470607ef82eb1cfa97d84991fe4a7bfdfd715606bc27e2967a6c557cfb5875879b671740b7d8
t-v1-bit-36-2	86725262c971bf064168bca2a87f593d425a49835bd52beb9f52ea59352d80fa5d53702f7d23d0d4b5ba868aaa11c6549b4c478fe38a2b95dd9aa7ce2a3a1f9b5ffa7fc19799a27983d389256a9238f0ae7f066d2e706899ceb933d2da9f92f3435eab82ff9f71f314158253ee94bffe94f4487e1b2fec954309ef1289ecb2e15043a2461ecc7b2ae7d4470607ef82eb1cfa97d84991fe4a7bfdfd715606bc27e2967a6c557cfb5875879b671740b7d8
t-v1-bit-36-3	86725262c971bf064168bca2a87f593d425a49835bd52beb9f52ea59352d80fa190dfe8326f40083948d716cc55adf642a792306d5ac706c52efb252514419ffd899f04793a119d19638086ae57323215120d2853b1b59f6eeee34495565efb86811458dd032dda3f8814abc636a820094f4487e1b2fec954309ef1289ecb2e15043a2461ecc7b2ae7d4470607ef82eb1cfa97d84991fe4a7bfdfd715606bc27e2967a6c557cfb5875879b671740b7d8
t-v1-bit-36-4	86725262c971bf064168bca2a87f593d425a49835bd52beb9f52ea59352d80fa585d4ab36041af2bc83e38d53f61345e158b3d22dda9e4e2ed8f3a8361f41c24cbbb5ce78e0479e7a5dfbc64f2017b5a7838e710629b4bcaaf50816edc232869c15543ca21a38be0f0c6c687b55eeb9e94f4487e1b2fec954309ef1289ecb2e15043a2461ecc7b2ae7d4470607ef82eb1cfa97d84991fe4a7bfdfd715606bc27e2967a6c557cfb5875879b671740b7d8
t-v1-bit-36-5	86725262c971bf064168bca2a87f593d425a49835bd52beb9f52ea59352d80fa3bf40a98e12e362c36986ee328068cc842b9142c5ec8bff5b38d6d32aaa23fbc95ad12b0fcfb52c12ab7de28545e305182a3dfa99f0562bd1a2f9efd93191b94ad541235dea9c38adb14414b2ac124f094f4487e1b2fec954309ef1289ecb2e15043a2461ecc7b2ae7d4470607ef82eb1cfa97d84991fe4a7bfdfd715606bc27e2967a6c557cfb5875879b671740b7d8
t-v1-bit-36-6	86725262c971bf064168bca2a87f593d425a49835bd52beb9f52ea59352d80faa1e328d98a9a4d27ce033dadf12e0faf40d15a15859f53be3d738b7534091464764434f4e2951e222a87eaaf9a772715dcd2ac4ee9eae934103a20bea03928196695c2f902b486feaa3b7e16bdb3f27294f4487e1b2fec954309ef1289ecb2e15043a2461ecc7b2ae7d4470607ef82eb1cfa97d84991fe4a7bfdfd715606bc27e2967a6c557cfb5875879b671740b7d8
t-v1-bit-36-7	86725262c971bf064168bca2a87f593d425a49835bd52beb9f52ea59352d80fa189a89f5b04d21387fe0841d94750d7fbb3c03611006c09a10ecd88a3186fcb3c2380b08a142037f546b5838b7279e18d7354589bec95712dde989e5ad9fecc0a28a7046288646f9918fa2461e26803e94f4487e1b2fec954309ef1289ecb2e15043a2461ecc7b2ae7d4470607ef82eb1cfa97d84991fe4a7bfdfd715606bc27e2967a6c557cfb5875879b671740b7d8
t-v1-bit-37-0	86725262c971bf064168bca2a87f593d425a49835bd52beb9f52ea59352d80fa43614fdaa1acdf30b3cfac5026bb0e8932ecca5511a126fb3ada8c1d4d152ab5a354db85cca1573ce3eeb3385e428334bfa9d74e90d942277b3f6b9d6e29bd4dc09b07a3c1c8d294ba4dd454d0bbdfe794f4487e1b2fec954309ef1289ecb2e15043a2461ecc7b2ae7d4470607ef82eb1cfa97d84991fe4a7bfdfd715606bc27e2967a6c557cfb5875879b671740b7d8
t-v1-bit-37-1	86725262c971bf064168bca2a87f593d425a49835bd52beb9f52ea59352d80fa8d1617f6da43a46268358663cdab989967c8247eec3070298f58374df4e348948e7ae1556c25da3360e61fb2c14c46c18e95cfe4db726feb82941b396e518b4b8ecf9a34b188209089a7e24bb25e948894f4487e1b2fec954309ef1289ecb2e15043a2461ecc7b2ae7d4470607ef82eb1cfa97d84991fe4a7bfdfd715606bc27e2967a6c557cfb5875879b671740b7d8
t-v1-bit-37-2	86725262c971bf064168bca2a87f593d425a49835bd52beb9f52ea59352d80fa1aed549191687742cf37e64aaafe0f8fa1dc186253e0495779778d67106da0f9789c60dc7b1101c32a6a25e44dc58b9b17201c2729d706b86e5146206b1982e599101df418b908cfd8e15a41cf7d033e94f4487e1b2fec954309ef1289ecb2e15043a2461ecc7b2ae7d4470607ef82eb1cfa97d84991fe4a7bfdfd715606bc27e2967a6c557cfb5875879b671740b7d8
t-v1-bit-37-3	86725262c971bf064168bca2a87f593d425a49835bd52beb9f52ea59352d80fa9ee94ec87a95b3c9eb9f79bdd8c1198ae296ef7230569929f1d6c969de3288c444f65c671050eaf8528330b101b339b35ccfb680971f8f8e01171718371e8b19ecf600c73e85930d54b127f92f84c65894f4487e1b2fec954309ef1289ecb2e15043a2461ecc7b2ae7d4470607ef82eb1cfa97d84991fe4a7bfdfd715606bc27e2967a6c557cfb5875879b671740b7d8
t-v1-bit-37-4	86725262c971bf064168bca2a87f593d425a49835bd52beb9f52ea59352d80fa889b171bca3ee1bbd6a5fa084c465779d05eb4c3ae0874c580cd68787d882b466e39128edf39aa9fde01772e323af3ff0d365ce82b1c7d2d9986a37b678230d9840bf8c87cf34bffdf1ed41afd20fdef94f4487e1b2fec954309ef1289ecb2e15043a2461ecc7b2ae7d4470607ef82eb1cfa97d84991fe4a7bfdfd715606bc27e2967a6c557cfb5875879b671740b7d8
t-v1-bit-37-5	86725262c971bf064168bca2a87f593d425a49835bd52beb9f52ea59352d80faa73ae3c4f1f34982fb3ae1a94e801ca014cae6222ae3ce547e74a7cde25e4e8f9af69a4cda16cdd5ef1ca32ec166ec0375f5fe65d7a7739d120c5a071be12aa692cbd9e8ce00309f4cefe8f0e1eed5f294f4487e1b2fec954309ef1289ecb2e15043a2461ecc7b2ae7d4470607ef82eb1cfa97d84991fe4a7bfdfd715606bc27e2967a6c557cfb5875879b671740b7d8
t-v1-bit-37-6	86725262c971bf064168bca2a87f593d425a49835bd52beb9f52ea59352d80fac9d120b5b1a76206f50337ce44ac6262011f019c0bbc3c7eb08cad85cf168393af79cf14681e295489da53f71c880c87df18e2ccb1b30bb032afdd08de76ec460df10a91d799f295892b44639c2d758194f4487e1b2fec954309ef1289ecb2e15043a2461ecc7b2ae7d4470607ef82eb1cfa97d84991fe4a7bfdfd715606bc27e2967a6c557cfb5875879b671740b7d8
t-v1-bit-37-7	86725262c971bf064168bca2a87f593d425a49835bd52beb9f52ea59352d80fabdb006b7a768d258cedf9fd452625d8f5918e903b8dc3a6dbdeac6959bc2dd47d3c34dfac271689efca5abea82484845012b611bd83c43332945d49c60d04dd742da0486e1491e71a6409441120c56c594f4487e1b2fec954309ef1289ecb2e15043a2461ecc7b2ae7d4470607ef82eb1cfa97d84991fe4a7bfdfd715606bc27e2967a6c557cfb5875879b671740b7d8
t-v1-bit-38-0	86725262c971bf064168bca2a87f593d425a49835bd52beb9f52ea59352d80faa4564c6ef09f9db3e40442c1f36365490ce17bccf3caf804afc41ece5bc5c9a05b82d8391cf4447e9a37f5cf1e236510f3bfa130d5a7816c80ee706d27ff7ec43015b6520cd75e620e16268bfa9858a594f4487e1b2fec954309ef1289ecb2e15043a2461ecc7b2ae7d4470607ef82eb1cfa97d84991fe4a7bfdfd715606bc27e2967a6c557cfb5875879b671740b7d8
t-v1-bit-38-1	86725262c971bf064168bca2a87f593d425a49835bd52beb9f52ea59352d80fa8c1d5a03126572ea884febf59d8aa4974872b66fc3325c96652e51980394947dfcc14ce85f42ff12ea0e8f41746a11baa3f7423cd4787d562bec752192ffa2f8afc5253278f3de77c970f40ca2ed2dc794f4487e1b2fec954309ef1289ecb2e15043a2461ecc7b2ae7d4470607ef82eb1cfa97d84991fe4a7bfdfd715606bc27e2967a6c557cfb5875879b671740b7d8
t-v1-bit-38-2	86725262c971bf064168bca2a87f593d425a49835bd52beb9f52ea59352d80faac6cbcddc5ecc1c06679852b683e3e9b1b940c1fc4326f497181efc2c4e213dbce58debb54f72d7b1ba7c3cfd9801d32ec1dc73608d5b49181955589c25117e434701e939ee26f0a091b2b41bcb045b594f4487e1b2fec954309ef1289ecb2e15043a2461ecc7b2ae7d4470607ef82eb1cfa97d84991fe4a7bfdfd715606bc27e2967a6c557cfb5875879b671740b7d8
t-v1-bit-38-3	86725262c971bf064168bca2a87f593d425a49835bd52beb9f52ea59352d80fab8bffc67a7274866d9c47fe707a9a30eac68a1a120fbe0b9c78e65c36bac4ba41bf576d6e794c17c97ddf7bd38d047f980cb0f16ba0997fd14cd1e74d008a3ca925fa0b9e70974449474a4cba2c1b58694f4487e1b2fec954309ef1289ecb2e15043a2461ecc7b2ae7d4470607ef82eb1cfa97d84991fe4a7bfdfd715606bc27e2967a6c557cfb5875879b671740b7d8
t-v1-bit-38-4	86725262c971bf064168bca2a87f593d425a49835bd52beb9f52ea59352d80fa213960ee84d8cfcde773a934520202f87843da063190e96e67f25593ee78789df39077b411eaa609970e3ae5680b7d68581948b7b2f2e4e3047a26bb601ea2120ab1e0e26abccce417e6eb228adf385a94f4487e1b2fec954309ef1289ecb2e15043a2461ecc7b2ae7d4470607ef82eb1cfa97d84991fe4a7bfdfd715606bc27e2967a6c557cfb5875879b671740b7d8
t-v1-bit-38-5	86725262c971bf064168bca2a87f593d425a49835bd52beb9f52ea59352d80fa309e682b823f856e56a4480c04d3be3e2f01588e3916b187b7c5ebf89bb11bfd010c55d0ccc3f6d95899b5bae7c4f96928254d5ca194ed47958ee22c008e53b891a48c545155d0fadeefa30725837a1194f4487e1b2fec954309ef1289ecb2e15043a2461ecc7b2ae7d4470607ef82eb1cfa97d84991fe4a7bfdfd715606bc27e2967a6c557cfb5875879b671740b7d8
t-v1-bit-38-6	86725262c971bf064168bca2a87f593d425a49835bd52beb9f52ea59352d80fa6dd27bfd138887c83f01f9d3e7d213f261452d3e822bd0f0657fe6e04129e4e1a90e1e82b9c7e5ae871b129376125376e31a9ed47b86de91c238515d99818ff4700f1fe7e50c59323a9dc8cf3169668994f4487e1b2fec954309ef1289ecb2e15043a2461ecc7b2ae7d4470607ef82eb1cfa97d84991fe4a7bfdfd715606bc27e2967a6c557cfb5875879b671740b7d8
t-v1-bit-38-7	86725262c971bf064168bca2a87f593d425a49835bd52beb9f52ea59352d80fa38501e32146bfc37b516fc7133821cc33d8447a00de5025910070c74145a5762defcd32bca8e15ae2306a084cf69b3185cd805d1cf91008525ec16d3ce22b919a707f51a9eb0e1f73ff884c87c516c6394f4487e1b2fec954309ef1289ecb2e15043a2461ecc7b2ae7d4470607ef82eb1cfa97d84991fe4a7bfdfd715606bc27e2967a6c557cfb5875879b671740b7d8
t-v1-bit-39-0	86725262c971bf064168bca2a87f593d425a49835bd52beb9f52ea59352d80faf0ab4647fc70f5d4e9041f20527f1d53d9b6c2785119d5d34b29af6bda2f1ee8dfa44bf8ff99765f4d6bff5ead3dab40d7ff0d9c25d62fe2192d403b79a0ae6d3bcaff58dd872d07eb2e0b0781f8e56994f4487e1b2fec954309ef1289ecb2e15043a2461ecc7b2ae7d4470607ef82eb1cfa97d84991fe4a7bfdfd715606bc27e2967a6c557cfb5875879b671740b7d8
t-v1-bit-39-1	86725262c971bf064168bca2a87f593d425a49835bd52beb9f52ea59352d80fabe524a53922d33957bb48243a99b1b1699493545f381f27b9f122e5435b49ac67efcb718445e5cfe8c81542163cd9d489703ad0d5c07e73baca139982139c2d58565391e753f5ca53d51387a31653c3394f4487e1b2fec954309ef1289ecb2e15043a2461ecc7b2ae7d4470607ef82eb1cfa97d84991fe4a7bfdfd715606bc27e2967a6c557cfb5875879b671740b7d8
t-v1-bit-39-2	86725262c971bf064168bca2a87f593d425a49835bd52beb9f52ea59352d80fafdac3c926bdc7362e022f88992764968f44b36d0f0f3dfdc4883b49077034ecca8ca587629a8e4685d3393bb8f6c46780bdb07061492c022a1901fa96f2cc4ead3ff3c9f3cf871ca67b519fc600a36dd94f4487e1b2fec954309ef1289ecb2e15043a2461ecc7b2ae7d4470607ef82eb1cfa97d84991fe4a7bfdfd715606bc27e2967a6c557cfb5875879b671740b7d8
t-v1-bit-39-3	86725262c971bf064168bca2a87f593d425a49835bd52beb9f52ea59352d80fa01d8af448c2a27eab194cd11c34ca330b6cc27f2e6fbf1e667d71c7ab03cc90410c2be6350b07d6bbe6a4d6806ac5ddcd69a5775fa36eaa0cd0ad03af321fe3497d23d7b8030e02887cd732387de968e94f4487e1b2fec954309ef1289ecb2e15043a2461ecc7b2ae7d4470607ef82eb1cfa97d84991fe4a7bfdfd715606bc27e2967a6c557cfb5875879b671740b7d8
t-v1-bit-39-4	86725262c971bf064168bca2a87f593d425a49835bd52beb9f52ea59352d80fa29549f5aedbdfe47441a4fe63b9a1dadff1a3ac7a09d509133e47608c174b6f6cb1286999791eb19cac8649859d0f8f55a0ab63e15011dfee938d84de0c80fce767334f3b99ed8c0cc9a0de16517e0b394f4487e1b2fec954309ef1289ecb2e15043a2461ecc7b2ae7d4470607ef82eb1cfa97d84991fe4a7bfdfd715606bc27e2967a6c557cfb5875879b671740b7d8
t-v1-bit-39-5	86725262c971bf064168bca2a87f593d425a49835bd52beb9f52ea59352d80fa46ffac00218a4a7c3c12509bc4f95ebc4f596b9a1b2074155759d4f44c7b9b2f9e12ef177946f2632ac3cf44d64971561f3e3f06b0c33854dca28cdfaa9e6e581301825b8d0a1b2dccda00f75924f2b994f4487e1b2fec954309ef1289ecb2e15043a2461ecc7b2ae7d4470607ef82eb1cfa97d84991fe4a7bfdfd715606bc27e2967a6c557cfb5875879b671740b7d8
t-v1-bit-39-6	86725262c971bf064168bca2a87f593d425a49835bd52beb9f52ea59352d80fab7bbb68c908a52c8a4de91d195acbcabeff04fb6179d70069ef89b12f8cf71171d7260dfec9a5af9bb9e51f8c8690702aa911edafa3dee0430047dbd8a6f327917f79209bb3e3fa5fb7ea1dfb4b3cd2d94f4487e1b2fec954309ef1289ecb2e15043a2461ecc7b2ae7d4470607ef82eb1cfa97d84991fe4a7bfdfd715606bc27e2967a6c557cfb5875879b671740b7d8
t-v1-bit-39-7	86725262c971bf064168bca2a87f593d425a49835bd52beb9f52ea59352d80fad14d657bf2982e738d11be70176bc5bc238d30ea7b739464469b631121892ddda9fd47f494b2f6cc021990c938ff5f19feecb2cd530dc938ae9851d66603296de566621802d9ca340c065a65113039ee94f4487e1b2fec954309ef1289ecb2e15043a2461ecc7b2ae7d4470607ef82eb1cfa97d84991fe4a7bfdfd715606bc27e2967a6c557cfb5875879b671740b7d8
t-v1-bit-40-0	86725262c971bf064168bca2a87f593d425a49835bd52beb9f52ea59352d80fa646d68be63ca66e1399a02fb573b76ffddf3e454cc2731323280068e8acd982b8b92df9cfa4235703da19ed1b6a45cadd34a89a565e9d19ef920e973df0567df93946f201379eee826124e35bc62f01494f4487e1b2fec954309ef1289ecb2e15043a2461ecc7b2ae7d4470607ef82eb1cfa97d84991fe4a7bfdfd715606bc27e2967a6c557cfb5875879b671740b7d8
t-v1-bit-40-1	86725262c971bf064168bca2a87f593d425a49835bd52beb9f52ea59352d80fa27769efcdb0261e2d4f4b05122a6fa82d03bfa296efbacf7bab45a5977dc09a7d9da5f9feb592d6dbb345e172f9150f0563461b75c68cf65b4a999332e4fe8c7033327bb0861485cd5c6bb75c1642f2e94f4487e1b2fec954309ef1289ecb2e15043a2461ecc7b2ae7d4470607ef82eb1cfa97d84991fe4a7bfdfd715606bc27e2967a6c557cfb5875879b671740b7d8
t-v1-bit-40-2	86725262c971bf064168bca2a87f593d425a49835bd52beb9f52ea59352d80fab20329bc8ba8cb46b422986200e79b5c26dbead9e238528e7ca3179bed9e4408e0f931b0264d832916195efb61458fc267d5cac12ea579ab155c1692282d09a531e799e6ec3274844aeb765ad576dfd294f4487e1b2fec954309ef1289ecb2e15043a2461ecc7b2ae7d4470607ef82eb1cfa97d84991fe4a7bfdfd715606bc27e2967a6c557cfb5875879b671740b7d8
t-v1-bit-40-3	86725262c971bf064168bca2a87f593d425a49835bd52beb9f52ea59352d80fa910655141b932507924b9bdf7ee7794619992051300ff49f5d1c482953d5e1e0e9e25b4a037d429b5dac9bba8db243b5b657ac207472f12e324dc03f12e4cc8d3e03b186e65e5500322dd170e33066a894f4487e1b2fec954309ef1289ecb2e15043a2461ecc7b2ae7d4470607ef82eb1cfa97d84991fe4a7bfdfd715606bc27e2967a6c557cfb5875879b671740b7d8
t-v1-bit-40-4	86725262c971bf064168bca2a87f593d425a49835bd52beb9f52ea59352d80fa779d4dfab72df3266b6d77f7233c84135c2ad2bb13be062d392ecc093c1411b7641cf0e4b8f6bd8b6a71b36c93a46b983d392d1195abf3c901e7403b8986fc884a33ff69ce1788c1644d6e7e47fd2e0194f4487e1b2fec954309ef1289ecb2e15043a2461ecc7b2ae7d4470607ef82eb1cfa97d84991fe4a7bfdfd715606bc27e2967a6c557cfb5875879b671740b7d8
t-v1-bit-40-5	86725262c971bf064168bca2a87f593d425a49835bd52beb9f52ea59352d80fa8d8e86744e5b0f00ebbd6d5b99a5989e91f4f90148310b89962528ff8d15becbb33f7fc035c11ce6863f95b68bae45e362a483f6649f9abd8573b400911234e65c8187b61d408e2a0cf37d9946b2a30594f4487e1b2fec954309ef1289ecb2e15043a2461ecc7b2ae7d4470607ef82eb1cfa97d84991fe4a7bfdfd715606bc27e2967a6c557cfb5875879b671740b7d8
t-v1-bit-40-6	86725262c971bf064168bca2a87f593d425a49835bd52beb9f52ea59352d80fa93ab35d2327e76c551c21028f74c7d0cbd60a7ad7a9b290721bba7cfafb58de2a2bb2dcd41d7abfad617947f61b3595bfb335a735cb5626169209c8c10f113cfd7d9aa7f200fa71f352f89ec6e393ef994f4487e1b2fec954309ef1289ecb2e15043a2461ecc7b2ae7d4470607ef82eb1cfa97d84991fe4a7bfdfd715606bc27e2967a6c557cfb5875879b671740b7d8
t-v1-bit-40-7	86725262c971bf064168bca2a87f593d425a49835bd52beb9f52ea59352d80fade081a1b73c7bd813085afe9cbc63bfaec3f21cfc6d5a984a4672044cb133aa4bc57ed5709eb4e62715202cc13baa856bd0ed2dc355c8a7b573e312b445a825168f029cee5e6e3c70d1a4e285ee1f27a94f4487e1b2fec954309ef1289ecb2e15043a2461ecc7b2ae7d4470607ef82eb1cfa97d84991fe4a7bfdfd715606bc27e2967a6c557cfb5875879b671740b7d8
t-v1-bit-41-0	86725262c971bf064168bca2a87f593d425a49835bd52beb9f52ea59352d80fa3385af3c03545b47f0813997d29baa5b768b41411f6c7ab6a6b0ebe9c97c53b925f2185eef2841a202232ce622283c1e710640d5a0f00237edd414a8daa89b37be2036e99fe802c76fc96a8f7a1c1d6194f4487e1b2fec954309ef1289ecb2e15043a2461ecc7b2ae7d4470607ef82eb1cfa97d84991fe4a7bfdfd715606bc27e2967a6c557cfb5875879b671740b7d8
t-v1-bit-41-1	86725262c971bf064168bca2a87f593d425a49835bd52beb9f52ea59352d80fa2e2dd3e56827d0fcc07ca789a693feb668838876861c8e21372f4fe32549406647d0aa9ae21e6f32a114c991e1838159f9b6dfa8cc54c88638ca3395edff3efe0b739f59792bfd34a26c03685a37f27894f4487e1b2fec954309ef1289ecb2e15043a2461ecc7b2ae7d4470607ef82eb1cfa97d84991fe4a7bfdfd715606bc27e2967a6c557cfb5875879b671740b7d8
t-v1-bit-41-2	86725262c971bf064168bca2a87f593d425a49835bd52beb9f52ea59352d80fa0b83826d01aa9436fffc7052f2a75fd4f1cfc51ddb2cf56e3cc5b8ae77da2e3d4738f540a3a7cf736aed37935b811071fe8c333f5db6bed41dcca4ba7658089327c5bca03bc4834ff673b9751a18263894f4487e1b2fec954309ef1289ecb2e15043a2461ecc7b2ae7d4470607ef82eb1cfa97d84991fe4a7bfdfd715606bc27e2967a6c557cfb5875879b671740b7d8
t-v1-bit-41-3	86725262c971bf064168bca2a87f593d425a49835bd52beb9f52ea59352d80fa6b178638e4f3fec9a732f3810a53d0ac4e0749e4830de34fa375be7cb69c78f59f86efaa224d5398020b5be229e3860619f52c20745d2dc9aee3ab1e0b187f4581b8b74a1ae8e1322b72b81665f0071094f4487e1b2fec954309ef1289ecb2e15043a2461ecc7b2ae7d4470607ef82eb1cfa97d84991fe4a7bfdfd715606bc27e2967a6c557cfb5875879b671740b7d8
t-v1-bit-41-4	86725262c971bf064168bca2a87f593d425a49835bd52beb9f52ea59352d80fae0754500839ae88ca43093bd9e285da400ce2b0ad8d720b700341316f5528f6f1c2e9f00060ba76f072d3dc6ee06bbebbe3148772d725a8ca44491ddad75a7ad99ca990e73bca06698a610740b0ab89f94f4487e1b2fec954309ef1289ecb2e15043a2461ecc7b2ae7d4470607ef82eb1cfa97d84991fe4a7bfdfd715606bc27e2967a6c557cfb5875879b671740b7d8
t-v1-bit-41-5	86725262c971bf064168bca2a87f593d425a49835bd52beb9f52ea59352d80fab33bdf586288144014065e5cfbaf6aa7160821451f5c55d3b5504adb4fc206fd387e2ff34283aa73e3fc82cc24e2bf764c9b53c266a2a33577f441e89a9c8401b72139bcc0272722c06cda69ad49dcca94f4487e1b2fec954309ef1289ecb2e15043a2461ecc7b2ae7d4470607ef82eb1cfa97d84991fe4a7bfdfd715606bc27e2967a6c557cfb5875879b671740b7d8
t-v1-bit-41-6	86725262c971bf064168bca2a87f593d425a49835bd52beb9f52ea59352d80fada3e20b7443b4b0fc2cf28b21a43ff0ec7cd61af24b2bd4e58a2789fb4f8b18c1457cd49b67c100bfee34af6ad0af61c5f8c75f1d15266a971f1039438bb54f9d8e3ab7ec636069a493e07dc5db24f7094f4487e1b2fec954309ef1289ecb2e15043a2461ecc7b2ae7d4470607ef82eb1cfa97d84991fe4a7bfdfd715606bc27e2967a6c557cfb5875879b671740b7d8
t-v1-bit-41-7	86725262c971bf064168bca2a87f593d425a49835bd52beb9f52ea59352d80fab41522fc651e9726711c1e729171c9ad27b74844b2187af77201c4bbe5e33f6b3f5b8495395ef84a8ac6711f0ba7aa7bf579ee0dc294ede0c921d4c4adcfd0a4389ce0a34834ca6acb1c0fc7de02af1894f4487e1b2fec954309ef1289ecb2e15043a2461ecc7b2ae7d4470607ef82eb1cfa97d84991fe4a7bfdfd715606bc27e2967a6c557cfb5875879b671740b7d8
t-v1-bit-42-0	86725262c971bf064168bca2a87f593d425a49835bd52beb9f52ea59352d80fa639d0c42e16f0a4a4a828a9b32964b322c7eb71fc8f8abcf8fc28443bde9505fbb83ad03a57a086380f612f4411e2c30cdaffa0a360ee5c6caa861ef25ef7eb3b8df7ac28e537b86e261c1d0be10798494f4487e1b2fec954309ef1289ecb2e15043a2461ecc7b2ae7d4470607ef82eb1cfa97d84991fe4a7bfdfd715606bc27e2967a6c557cfb5875879b671740b7d8
t-v1-bit-42-1	86725262c971bf064168bca2a87f593d425a49835bd52beb9f52ea59352d80fa7f79eebe8583eac14bcd6285867fe71e76f00306ce8df408e0df768e8abcd0327822a303177ee1397e6d7819c3f0a18e8aa56d06275442705e8351fe8225b148f5ab256a96c74c39a90a0c3d1a42e0b194f4487e1b2fec954309ef1289ecb2e15043a2461ecc7b2ae7d4470607ef82eb1cfa97d84991fe4a7bfdfd715606bc27e2967a6c557cfb5875879b671740b7d8
t-v1-bit-42-2	86725262c971bf064168bca2a87f593d425a49835bd52beb9f52ea59352d80faed229a624813b4d524973498dd25805305b7782ed12b3e569cca9eb60029bfb19805f47729d0ab068cd4deede94c09274e9e3506c71705e4fe1e55b6946b5015e0579796403d99ebafd5f2e9fa438de794f4487e1b2fec954309ef1289ecb2e15043a2461ecc7b2ae7d4470607ef82eb1cfa97d84991fe4a7bfdfd715606bc27e2967a6c557cfb5875879b671740b7d8
t-v1-bit-42-3	86725262c971bf064168bca2a87f593d425a49835bd52beb9f52ea59352d80faa05d21ef3ea28049af48ad7526a3be5abbc6fca6bff0ea9410d80fe757bfb865dc142b71af71718c8666def100cc17d62602e233ca4071d584db2b393910b879b35b10b58da371842e7f3325ab1c635e94f4487e1b2fec954309ef1289ecb2e15043a2461ecc7b2ae7d4470607ef82eb1cfa97d84991fe4a7bfdfd715606bc27e2967a6c557cfb5875879b671740b7d8
t-v1-bit-42-4	86725262c971bf064168bca2a87f593d425a49835bd52beb9f52ea59352d80fa90d7cff8131ca46bc71f46d18a6b36283b7a7515904f4b44d4ceb9ce019e36037b69a78e544131391f61b663c781f194f3d54cf14749407776bd0e0884f0567d43549d7309bfb833bf095265bd6a592394f4487e1b2fec954309ef1289ecb2e15043a2461ecc7b2ae7d4470607ef82eb1cfa97d84991fe4a7bfdfd715606bc27e2967a6c557cfb5875879b671740b7d8
t-v1-bit-42-5	86725262c971bf064168bca2a87f593d425a49835bd52beb9f52ea59352d80fab0a3f223734e6762e05d3f646f9dd1210b3146dff25c05a7aa9a7157e388d4447dbcbb18363e22042f93c84cb2c3146e1f05d0be7e90ff899449dea393e0205f71d4c9d1f14517482597cf4d54d57cbc94f4487e1b2fec954309ef1289ecb2e15043a2461ecc7b2ae7d4470607ef82eb1cfa97d84991fe4a7bfdfd715606bc27e2967a6c557cfb5875879b671740b7d8
t-v1-bit-42-6	86725262c971bf064168bca2a87f593d425a49835bd52beb9f52ea59352d80fa43a4473f33be6a208d7dc16f93b4b7d779b45dfb0a88b55450c65d8d5bc92ce7e13cecdc0a58c90cbd40339e9b3f2db2707ad7adbb65e92f9b0c46540a4a0a4efe5e4302a6246fe46395490e76c24df394f4487e1b2fec954309ef1289ecb2e15043a2461ecc7b2ae7d4470607ef82eb1cfa97d84991fe4a7bfdfd715606bc27e2967a6c557cfb5875879b671740b7d8
t-v1-bit-42-7	86725262c971bf064168bca2a87f593d425a49835bd52beb9f52ea59352d80fa9dfa68a276172ee39a43d9d7074ad57802fa74d8464e0a3e54b21269ff5acda1c12215b243af635815ecf2da11e09ce8c32b0565e8cecd7c4ee93c3f9ae1518b531bdf5ce299d3397ac3427160d6711d94f4487e1b2fec954309ef1289ecb2e15043a2461ecc7b2ae7d4470607ef82eb1cfa97d84991fe4a7bfdfd715606bc27e2967a6c557cfb5875879b671740b7d8
t-v1-bit-43-0	86725262c971bf064168bca2a87f593d425a49835bd52beb9f52ea59352d80fa64f32549adeedd92a8822be421c06f838ae593883902033a4fc68e3f9a0c61c192bc7b82f8bc99b8db40e9ccd48a38ebc89d5a2ac8cf0990431b20bc5028ba9bbdf6a6ac9edb9502606d0b1b55f115c294f4487e1b2fec954309ef1289ecb2e15043a2461ecc7b2ae7d4470607ef82eb1cfa97d84991fe4a7bfdfd715606bc27e2967a6c557cfb5875879b671740b7d8
t-v1-bit-43-1	86725262c971bf064168bca2a87f593d425a49835bd52beb9f52ea59352d80fa3f0c3df525de4fd97567de6d5784ba60c658dbdfa9d30f780affdf2924991346fa6e0905ed0322a445ee10dbd9fe0e7b93a6cb8c8debee69d89c7e08dd3077317e4f91728b105cf84af7cfca3c00367f94f4487e1b2fec954309ef1289ecb2e15043a2461ecc7b2ae7d4470607ef82eb1cfa97d84991fe4a7bfdfd715606bc27e2967a6c557cfb5875879b671740b7d8
t-v1-bit-43-2	86725262c971bf064168bca2a87f593d425a49835bd52beb9f52ea59352d80fa2a81d268c0f5f98733ceed18db4ca2d7f404eac4a901c6970f9feb683938cc927047105d7002f672dd7402e68bd52c944327043c8e9ead7c99baa974b964ab6ac1d129c0fd79d5e0eaa7d86f3948707094f4487e1b2fec954309ef1289ecb2e15043a2461ecc7b2ae7d4470607ef82eb1cfa97d84991fe4a7bfdfd715606bc27e2967a6c557cfb5875879b671740b7d8
t-v1-bit-43-3	86725262c971bf064168bca2a87f593d425a49835bd52beb9f52ea59352d80fadf6df4bd307944ec89197f591669edffbb946e31939670082d14dec7c7c2fd8e875c2d09aa1804bc4a7f942884989f3e5ebadef5a238239a35d002cb051a97b1ef9b5521c8991d8b79d51fe9bae5293e94f4487e1b2fec954309ef1289ecb2e15043a2461ecc7b2ae7d4470607ef82eb1cfa97d84991fe4a7bfdfd715606bc27e2967a6c557cfb5875879b671740b7d8
t-v1-bit-43-4	86725262c971bf064168bca2a87f593d425a49835bd52beb9f52ea59352d80fac859d5d175642643eb8da4ad2b34dcd263b48d2f4c3fd169c50aaa0b9bdf017e37e757786b42b6d0abc4d6a11c10f2bb249d31492a9aed52043b2dab4267dca1c1ccdd2c0d1615a6bd2dfa58df42f67a94f4487e1b2fec954309ef1289ecb2e15043a2461ecc7b2ae7d4470607ef82eb1cfa97d84991fe4a7bfdfd715606bc27e2967a6c557cfb5875879b671740b7d8
t-v1-bit-43-5	86725262c971bf064168bca2a87f593d425a49835bd52beb9f52ea59352d80fa3bc7b2bcf1236f59d2434024e61d690d8bfb45e2cecbcf147acdeaab5bf30981f8af7bfabd12a25c3434a7cd9970a7bb9934a10dafdb2fb41cce55b9faaf86fd540b0adfa7a3febaa7ce73597959821294f4487e1b2fec954309ef1289ecb2e15043a2461ecc7b2ae7d4470607ef82eb1cfa97d84991fe4a7bfdfd715606bc27e2967a6c557cfb5875879b671740b7d8
t-v1-bit-43-6	86725262c971bf064168bca2a87f593d425a49835bd52beb9f52ea59352d80fa933e0916d348b90729cee2e8130bdb2cd52ff0cbb0fa9fd9ec564fd5e49f408f5b569417e7d77f8f94ea4fe261c75c7b9804d5b51a0b4da1c85956b9ce5a9573f2407e5bfd01aea72dde12cf8549bad394f4487e1b2fec954309ef1289ecb2e15043a2461ecc7b2ae7d4470607ef82eb1cfa97d84991fe4a7bfdfd715606bc27e2967a6c557cfb5875879b671740b7d8
t-v1-bit-43-7	86725262c971bf064168bca2a87f593d425a49835bd52beb9f52ea59352d80fabe22f5d1aa3e2340be646ea4e31c7f05da3dcdcadcaf454e7b1442488cd4b4026515beed5bad6d2bc16e6bb099610894e544b25e0349abf2ff673aafb0b3ea7d279cf0db8bfa0c787a2c79893d7af9b894f4487e1b2fec954309ef1289ecb2e15043a2461ecc7b2ae7d4470607ef82eb1cfa97d84991fe4a7bfdfd715606bc27e2967a6c557cfb5875879b671740b7d8
t-v1-bit-44-0	86725262c971bf064168bca2a87f593d425a49835bd52beb9f52ea59352d80fac911d9b5cb3d982da59db84ae93405e1c21bff07955d2357449d5ef18af97c241ccfbc227cad7822246c21c734d5c33820450cbdd91ec326bac67f8b4e014573108c98dba33486af570e5d3a458902b794f4487e1b2fec954309ef1289ecb2e15043a2461ecc7b2ae7d4470607ef82eb1cfa97d84991fe4a7bfdfd715606bc27e2967a6c557cfb5875879b671740b7d8
t-v1-bit-44-1	86725262c971bf064168bca2a87f593d425a49835bd52beb9f52ea59352d80fa6c2e3058d734e00c1d3ccd80be0d17fbed6be0bdb87cf5f30264c4863dad7ce733bd9f495200b98916d86a11a12a67d4c45424d4cb449603e24133fad9c2643e64d695c2cd5cbb6dfd9a0c9fce0821cb94f4487e1b2fec954309ef1289ecb2e15043a2461ecc7b2ae7d4470607ef82eb1cfa97d84991fe4a7bfdfd715606bc27e2967a6c557cfb5875879b671740b7d8
t-v1-bit-44-2	86725262c971bf064168bca2a87f593d425a49835bd52beb9f52ea59352d80fa3d2fef2189ba698a156f10ec3d194edaa8b62c1284fffb6b26bc1bc0ee112c8376e4127b641a6e0ce28e7c131a0579d8df33a73dd0dbad4c97472ee8848890103bb8ca8fe25f6a2b410bfd547733c7f294f4487e1b2fec954309ef1289ecb2e15043a2461ecc7b2ae7d4470607ef82eb1cfa97d84991fe4a7bfdfd715606bc27e2967a6c557cfb5875879b671740b7d8
t-v1-bit-44-3	86725262c971bf064168bca2a87f593d425a49835bd52beb9f52ea59352d80fa8b34ad3accf09d56d6172e9d6d5c0f9909a52c717f9a87d9eab413cc014e924d2e6b76dae1d71a5db5cfa6f529bbf1f14d2fbb87553aaab9cfd849874a85642f692dff6772000c671bda02c3b8f2be3194f4487e1b2fec954309ef1289ecb2e15043a2461ecc7b2ae7d4470607ef82eb1cfa97d84991fe4a7bfdfd715606bc27e2967a6c557cfb5875879b671740b7d8
t-v1-bit-44-4	86725262c971bf064168bca2a87f593d425a49835bd52beb9f52ea59352d80fac6cdd36383f7706c172820d7df8e4d208898d5922d513678dc7ddba157823ac3b4475cbc9428a982d36795632e723278559536d6db1d6f18e159cb13d72e602ab85c0fa1ec79083a4c1ad3b6ae1dd3c994f4487e1b2fec954309ef1289ecb2e15043a2461ecc7b2ae7d4470607ef82eb1cfa97d84991fe4a7bfdfd715606bc27e2967a6c557cfb5875879b671740b7d8
t-v1-bit-44-5	86725262c971bf064168bca2a87f593d425a49835bd52beb9f52ea59352d80fa145b45e0978fddd1795d78ebdbc71d16864c155fb289e0c7565ecf939ee14f5a3d74bd682a32e4c3d93980bed07e0fd7e2e20d29c45d5499e10de0b3c5068b3cce081aa23613312f6a3f704871fb97da94f4487e1b2fec954309ef1289ecb2e15043a2461ecc7b2ae7d4470607ef82eb1cfa97d84991fe4a7bfdfd715606bc27e2967a6c557cfb5875879b671740b7d8
t-v1-bit-44-6	86725262c971bf064168bca2a87f593d425a49835bd52beb9f52ea59352d80fa4e4eda866e319fa0374166ceec28d690686328212457bad05a25ddf645b8e3c3837af3a0106101d4a300708e0a91c087343d36aacef3c1a1377b4a0fa40c21bd6b967333384c8e17b938cbda5d80cea294f4487e1b2fec954309ef1289ecb2e15043a2461ecc7b2ae7d4470607ef82eb1cfa97d84991fe4a7bfdfd715606bc27e2967a6c557cfb5875879b671740b7d8
t-v1-bit-44-7	86725262c971bf064168bca2a87f593d425a49835bd52beb9f52ea59352d80fae31d16d472f435708c0cd02abbd9e972883b4a13cae55f9a53d6e08092200df9a1427746a2b10726467b66e41bc2f1a9423b5511bf54f1c4c330d38536e9c561f18bf4de33f75ebff17b34a4381b26a394f4487e1b2fec954309ef1289ecb2e15043a2461ecc7b2ae7d4470607ef82eb1cfa97d84991fe4a7bfdfd715606bc27e2967a6c557cfb5875879b671740b7d8
t-v1-bit-45-0	86725262c971bf064168bca2a87f593d425a49835bd52beb9f52ea59352d80fad47b40df5d2fbf2e2398d369dc9b420fd32f19d4f92f88a4d28ac3368861c5723a8e5dd296c80cf11866e44b7f9222054b5e16d91937453569c8088122fa1e527301b7df890ca5f06d3462f8e244f74194f4487e1b2fec954309ef1289ecb2e15043a2461ecc7b2ae7d4470607ef82eb1cfa97d84991fe4a7bfdfd715606bc27e2967a6c557cfb5875879b671740b7d8
t-v1-bit-45-1	86725262c971bf064168bca2a87f593d425a49835bd52beb9f52ea59352d80fa8919792fcfcec3241a69bd80877ab0786574165de8d61656d6acd77d343155c02ac5280546c73de125c865d5894405233491875ccc12898bc2fb2be0294aad240883d913a7ef1f9e994563fcd91a565994f4487e1b2fec954309ef1289ecb2e15043a2461ecc7b2ae7d4470607ef82eb1cfa97d84991fe4a7bfdfd715606bc27e2967a6c557cfb5875879b671740b7d8
t-v1-bit-45-2	86725262c971bf064168bca2a87f593d425a49835bd52beb9f52ea59352d80faf70f16c52bc6643e454345e7a46f5ec7fae90b57474f071f5545a7dc851fbc138cdd6d5359b62d7f0a85684e12184364206b3e9740174136b299a1bce183cd1611ec0d75fd8352a285543f390cdc628694f4487e1b2fec954309ef1289ecb2e15043a2461ecc7b2ae7d4470607ef82eb1cfa97d84991fe4a7bfdfd715606bc27e2967a6c557cfb5875879b671740b7d8
t-v1-bit-45-3	86725262c971bf064168bca2a87f593d425a49835bd52beb9f52ea59352d80fa95dcd5f3da5852df5b2c92b9f6683331315039904c1a4517d60b297a8f964af2a69b95e135464d515b684960c47ee537688bba8dc11eae98a71ca5ed1eece90a3d47c584171e20d6ccc6ac0ae534c07f94f4487e1b2fec954309ef1289ecb2e15043a2461ecc7b2ae7d4470607ef82eb1cfa97d84991fe4a7bfdfd715606bc27e2967a6c557cfb5875879b671740b7d8
t-v1-bit-45-4	86725262c971bf064168bca2a87f593d425a49835bd52beb9f52ea59352d80faa217e0390f14ca9c115b4ada5ed7b2285d12c7cbc5a316524a04d4f27d06fa1eacbd327e837165af2339175c456fd5feb9193e591ffa860c2fcaaa37d2b4aac124d8757bfb5d258507b16f33155e45d994f4487e1b2fec954309ef1289ecb2e15043a2461ecc7b2ae7d4470607ef82eb1cfa97d84991fe4a7bfdfd715606bc27e2967a6c557cfb5875879b671740b7d8
t-v1-bit-45-5	86725262c971bf064168bca2a87f593d425a49835bd52beb9f52ea59352d80fa7e2b978cb7bfbe5b920b0278dcf5d3d684cf950b8174cbe6d241174143e643b924eb377b2fe2cf939a4383a02670ccd86382d8bc92ebd2fe3227aae3095207bc4cd3ac7789aefb27955f13925faef62d94f4487e1b2fec954309ef1289ecb2e15043a2461ecc7b2ae7d4470607ef82eb1cfa97d84991fe4a7bfdfd715606bc27e2967a6c557cfb5875879b671740b7d8
t-v1-bit-45-6	86725262c971bf064168bca2a87f593d425a49835bd52beb9f52ea59352d80fad51ec0df66b2c677a30e68b48106c57ed23512b9f0c9bd1a1dc4901529fc1d0052d466acd63bcb37b52ba8c31231497bc17980764c2f82fd6e258d25fa80f37c203b66e5a5395fc1a320276a563e0b3494f4487e1b2fec954309ef1289ecb2e15043a2461ecc7b2ae7d4470607ef82eb1cfa97d84991fe4a7bfdfd715606bc27e2967a6c557cfb5875879b671740b7d8
t-v1-bit-45-7	86725262c971bf064168bca2a87f593d425a49835bd52beb9f52ea59352d80faec999bd27e7457571de6f86fe7bb5bf0b2e82a6cd6f204b1dcb7ffeb802c539fa788e38ac379453a090148be806288dafc65f18604101391bf8fa6bd9ccbeed2665ea8fbd06f96c75e822a1594267f5694f4487e1b2fec954309ef1289ecb2e15043a2461ecc7b2ae7d4470607ef82eb1cfa97d84991fe4a7bfdfd715606bc27e2967a6c557cfb5875879b671740b7d8
t-v1-bit-46-0	86725262c971bf064168bca2a87f593d425a49835bd52beb9f52ea59352d80faa394428bae08cd8c7f9ef2e2377605273f60420fa83f76ac3fad06a923812b586472952384eed825a36af9d99cfd08b735452dac406a86672b444b8474dab6e3f9163b4db9a6845d72e7765249ca07a294f4487e1b2fec954309ef1289ecb2e15043a2461ecc7b2ae7d4470607ef82eb1cfa97d84991fe4a7bfdfd715606bc27e2967a6c557cfb5875879b671740b7d8
t-v1-bit-46-1	86725262c971bf064168bca2a87f593d425a49835bd52beb9f52ea59352d80fa7442f5db50a0f38e5e14d9f73296cd308ce42ed08cca628f3c0d37741d4de0dd12dfe54c966ecb01b3081a647ea3c90f8df86db24f32e90f0e46003f924a35fd7928c435da0d53f7e545548d7ba2e33c94f4487e1b2fec954309ef1289ecb2e15043a2461ecc7b2ae7d4470607ef82eb1cfa97d84991fe4a7bfdfd715606bc27e2967a6c557cfb5875879b671740b7d8
t-v1-bit-46-2	86725262c971bf064168bca2a87f593d425a49835bd52beb9f52ea59352d80fa2b5fc789a3e7861a69be1e9a285b72721610a449b75ca16dce52392d3270e66bfce1758f512a4c6e96a35879700697855eba99e3e88db6f9af93c1f85d44f981b0393994ce9d0d59faebdfa2c6332a7994f4487e1b2fec954309ef1289ecb2e15043a2461ecc7b2ae7d4470607ef82eb1cfa97d84991fe4a7bfdfd715606bc27e2967a6c557cfb5875879b671740b7d8
t-v1-bit-46-3	86725262c971bf064168bca2a87f593d425a49835bd52beb9f52ea59352d80fa8e6095f3f8a92f98b4565cf7eeed8de9e2925fa18679ca842d597d1f850619539d5dba8e031fb80a3fc77c5f401ffb229dfd24d9b1b603d329ed7fa709afecf8de21742a219a2ba617316803cb2a930994f4487e1b2fec954309ef1289ecb2e15043a2461ecc7b2ae7d4470607ef82eb1cfa97d84991fe4a7bfdfd715606bc27e2967a6c557cfb5875879b671740b7d8
t-v1-bit-46-4	86725262c971bf064168bca2a87f593d425a49835bd52beb9f52ea59352d80fa2527407585727e89e353c3eb5bf9eca5048c32320d163a609b11241bcfc12e2af193b45a0f5537bcb3b97a10935ff43f9efc29dee0825de31cc6af590aa4d7f923223905d33f3fc19df93c25f6b9829894f4487e1b2fec954309ef1289ecb2e15043a2461ecc7b2ae7d4470607ef82eb1cfa97d84991fe4a7bfdfd715606bc27e2967a6c557cfb5875879b671740b7d8
t-v1-bit-46-5	86725262c971bf064168bca2a87f593d425a49835bd52beb9f52ea59352d80fa305b7bfa3b8c8bef3313a916d8dc892e07974afbbaa68165b8f4a8aecd79686a44a33de0fd6a61111d63a89c37ffbc74d6c08237a9ff7f71c0c73decf1889ee3898ac4ea2fb1630a0bb51d4acae5247194f4487e1b2fec954309ef1289ecb2e15043a2461ecc7b2ae7d4470607ef82eb1cfa97d84991fe4a7bfdfd715606bc27e2967a6c557cfb5875879b671740b7d8
t-v1-bit-46-6	86725262c971bf064168bca2a87f593d425a49835bd52beb9f52ea59352d80fa75f3195fdedeefd02b7659ae962cffa2d09077ae43852ff3bc91cff8d8a55f7e459eeca6fa5984dfc7a03070f2ddf8d8d5569a1bb505bf46927141ff8cda41a66ac8f4cb0f6df2208810938c5e031eb194f4487e1b2fec954309ef1289ecb2e15043a2461ecc7b2ae7d4470607ef82eb1cfa97d84991fe4a7bfdfd715606bc27e2967a6c557cfb5875879b671740b7d8
t-v1-bit-46-7	86725262c971bf064168bca2a87f593d425a49835bd52beb9f52ea59352d80fa4ea07c243505b992b3351c84a4940baa17a435a0687627bff75f8606dc515d8f16f4a93e76e0608b8d859cd1c491411213f693c8ea068616bf39985c909ffcd9caa893f44dabc489ab53c20ee27c469194f4487e1b2fec954309ef1289ecb2e15043a2461ecc7b2ae7d4470607ef82eb1cfa97d84991fe4a7bfdfd715606bc27e2967a6c557cfb5875879b671740b7d8
t-v1-bit-47-0	86725262c971bf064168bca2a87f593d425a49835bd52beb9f52ea59352d80fad6fdc2a4c2be850ca4f36ad139c17469bdadb1be89e9c4d98f3713fa9c52994a4008dd9829f6e001555d01bbdee38767326fa3a452e61503305cddc92d631b651f040cb75000c2566bdc5422e98d3bc994f4487e1b2fec954309ef1289ecb2e15043a2461ecc7b2ae7d4470607ef82eb1cfa97d84991fe4a7bfdfd715606bc27e2967a6c557cfb5875879b671740b7d8
t-v1-bit-47-1	86725262c971bf064168bca2a87f593d425a49835bd52beb9f52ea59352d80fafe505eff00d106660d80d23a5cc0ab04b5172bc4b4643540998ea2360aa870922e9c32c24444db20ae077a240c816b83b36171ff5c350777ad82c6c269d4827c6528c3a5d9db9cf3c8efa6865a2bb58a94f4487e1b2fec954309ef1289ecb2e15043a2461ecc7b2ae7d4470607ef82eb1cfa97d84991fe4a7bfdfd715606bc27e2967a6c557cfb5875879b671740b7d8
t-v1-bit-47-2	86725262c971bf064168bca2a87f593d425a49835bd52beb9f52ea59352d80fa05c5a971aab5352d9c437b2ec25f1720e71bf5f31dd9d9e0df89c5f306974f672c3ee6173f4c92bc7b560e76821853bc7903e96f69fc91a127b86c036e76b81c9700f24fbdffa0254e6fb7186ac7124f94f4487e1b2fec954309ef1289ecb2e15043a2461ecc7b2ae7d4470607ef82eb1cfa97d84991fe4a7bfdfd715606bc27e2967a6c557cfb5875879b671740b7d8
t-v1-bit-47-3	86725262c971bf064168bca2a87f593d425a49835bd52beb9f52ea59352d80faa09341a075cec047df83051965ddc10ba895b944d63ba537c7c2305a4f92a0b7ab495ec2227961ff0b1690e6a2bebc75b4684c29df864ce73cc8c1812af573941181854e8b01df2deecf5e4be208320694f4487e1b2fec954309ef1289ecb2e15043a2461ecc7b2ae7d4470607ef82eb1cfa97d84991fe4a7bfdfd715606bc27e2967a6c557cfb5875879b671740b7d8
t-v1-bit-47-4	86725262c971bf064168bca2a87f593d425a49835bd52beb9f52ea59352d80faf200df291d674defe5c9983cd95e152b51f650f70908853e0e38fafcf3ad58ee22eb6730f18c9f51c1022eeb5d650b17332ff6be4896b7ca12529b643b2eee0473918d4f3167ebe580fe8e1df781fdf194f4487e1b2fec954309ef1289ecb2e15043a2461ecc7b2ae7d4470607ef82eb1cfa97d84991fe4a7bfdfd715606bc27e2967a6c557cfb5875879b671740b7d8
t-v1-bit-47-5	86725262c971bf064168bca2a87f593d425a49835bd52beb9f52ea59352d80fa45668fe4c61ee6e6fe10b492256d388138a41b937a9b4eb400d79ad6859ed6f79c87ec41037c063572f4605d9a8a7ef11ffc64b482ba94bae40e0ac5a8f4ffcc825d3d57e8bf6183c8bac0c3454a5c2094f4487e1b2fec954309ef1289ecb2e15043a2461ecc7b2ae7d4470607ef82eb1cfa97d84991fe4a7bfdfd715606bc27e2967a6c557cfb5875879b671740b7d8
t-v1-bit-47-6	86725262c971bf064168bca2a87f593d425a49835bd52beb9f52ea59352d80fa810693d5484fe242db5b14f3fd0abc60c7373286bf97e26ac619fac3ee26cc4337dc2eb476219c27042994b3888023a5169104829f388528313afcb0c736d37f3ed6ef2174351af213ede20941b8e30794f4487e1b2fec954309ef1289ecb2e15043a2461ecc7b2ae7d4470607ef82eb1cfa97d84991fe4a7bfdfd715606bc27e2967a6c557cfb5875879b671740b7d8
t-v1-bit-47-7	86725262c971bf064168bca2a87f593d425a49835bd52beb9f52ea59352d80fa71f0bbe90d01bdc28ecd1f6ff2857b556119a97763b87ae98aa71b8b33f804717cab7f5c7f465ac3ba19a6f55b88ffb903140fcbf425367c787728c3eb488963f8e5d93131b2aebe20022a3d308c4b2594f4487e1b2fec954309ef1289ecb2e15043a2461ecc7b2ae7d4470607ef82eb1cfa97d84991fe4a7bfdfd715606bc27e2967a6c557cfb5875879b671740b7d8
t-v1-bit-48-0	86725262c971bf064168bca2a87f593d425a49835bd52beb9f52ea59352d80faffab28426919f15a632f656c9e93f09a09d7a3a314da9bd93d4114561fd7f186bcbe2bdf0b14c402b1f17677f441077d5e141673e8633b66616a3592ef60843f86a373a83bbf09dc1af8ab98fc66ab8494f4487e1b2fec954309ef1289ecb2e15043a2461ecc7b2ae7d4470607ef82eb1cfa97d84991fe4a7bfdfd715606bc27e2967a6c557cfb5875879b671740b7d8
t-v1-bit-48-1	86725262c971bf064168bca2a87f593d425a49835bd52beb9f52ea59352d80fa2685f85a58509e70afa54deddff6453cce7edc41d2c437fe8d92800df1b36a27a87b54fa3e73ebaacbd8c15e23d896fa32be7bbb17b54addfa6a9b80dbc071faeecb13a84aee9d1f7084a2660c2c182594f4487e1b2fec954309ef1289ecb2e15043a2461ecc7b2ae7d4470607ef82eb1cfa97d84991fe4a7bfdfd715606bc27e2967a6c557cfb5875879b671740b7d8
t-v1-bit-48-2	86725262c971bf064168bca2a87f593d425a49835bd52beb9f52ea59352d80fa322e3078d698dece7aec89b05fc61465bab468bf504d5783cb51e0d2f17352a480791851897cbb978150eb9a40c55b6cea1a100a528329eb613bff4dfe50f39f86545aa5948474c71b3bd319e1309e5994f4487e1b2fec954309ef1289ecb2e15043a2461ecc7b2ae7d4470607ef82eb1cfa97d84991fe4a7bfdfd715606bc27e2967a6c557cfb5875879b671740b7d8
t-v1-bit-48-3	86725262c971bf064168bca2a87f593d425a49835bd52beb9f52ea59352d80fa8845f951d3c1f24020e7e7138340ce0773e57cb470b8bc9fa0b4f50c86b0927f6ccfd47f79202e14f33fd8318288751c639aeddcbc6d5ea0df5cc5b8feabc66ded3f61e5683fad06c3e9f278ac0cf2f094f4487e1b2fec954309ef1289ecb2e15043a2461ecc7b2ae7d4470607ef82eb1cfa97d84991fe4a7bfdfd715606bc27e2967a6c557cfb5875879b671740b7d8
t-v1-bit-48-4	86725262c971bf064168bca2a87f593d425a49835bd52beb9f52ea59352d80fa274e4c16046de701e54c307ab791a926941fddf588cb36e179455af58878d3438aaf86ffa7cd4fd57bac61985508815f551c0fb12a6f9c8e7e78dfdfff87b22b43e69e6f306a598e15f016a73cb84a0a94f4487e1b2fec954309ef1289ecb2e15043a2461ecc7b2ae7d4470607ef82eb1cfa97d84991fe4a7bfdfd715606bc27e2967a6c557cfb5875879b671740b7d8
t-v1-bit-48-5	86725262c971bf064168bca2a87f593d425a49835bd52beb9f52ea59352d80fa112113e2ed49cb30a06f70a399040f36640d3d94f4f712db97f8e0dadafcca1a3d314b4526af5491af0ceeacb6760980f418777f517cbf303b5a48ae2d26aab2f58711d95f54582419b3316bfd1ccbba94f4487e1b2fec954309ef1289ecb2e15043a2461ecc7b2ae7d4470607ef82eb1cfa97d84991fe4a7bfdfd715606bc27e2967a6c557cfb5875879b671740b7d8
t-v1-bit-48-6	86725262c971bf064168bca2a87f593d425a49835bd52beb9f52ea59352d80fa84294b5ea267aeb0e7c1899227356cf0ae37c7619c0ca6586a338fbfec2a27355fdf2322cd2b70cb3aadee466fe60a29492cb26a41b2a8aebcdb5d590ec7bacd38bf1bab69199e31d219c55a141bf23094f4487e1b2fec954309ef1289ecb2e15043a2461ecc7b2ae7d4470607ef82eb1cfa97d84991fe4a7bfdfd715606bc27e2967a6c557cfb5875879b671740b7d8
t-v1-bit-48-7	86725262c971bf064168bca2a87f593d425a49835bd52beb9f52ea59352d80fab9a118680002eb004de593722743e8b3389d1436737a660f2d1fa6b51a937300ec6dfcb82cf2c8dc8261272f3a4b4c403298f61583a52934a9dd059355245927814b2f50ff66e645e6af0a91a9d7826494f4487e1b2fec954309ef1289ecb2e15043a2461ecc7b2ae7d4470607ef82eb1cfa97d84991fe4a7bfdfd715606bc27e2967a6c557cfb5875879b671740b7d8
t-v1-bit-49-0	86725262c971bf064168bca2a87f593d425a49835bd52beb9f52ea59352d80fa2579520f102fc82295c23ab6cfa3186e829ce90eb9cc134bd306275d73af1f33d128b88ac27cc4371ee8fa0478dc13c5910a94ddddd629c7b9c3fd0988eaca471ac3f8d0ec5e69dd44fa188bc29b858894f4487e1b2fec954309ef1289ecb2e15043a2461ecc7b2ae7d4470607ef82eb1cfa97d84991fe4a7bfdfd715606bc27e2967a6c557cfb5875879b671740b7d8
t-v1-bit-49-1	86725262c971bf064168bca2a87f593d425a49835bd52beb9f52ea59352d80fa544f8bdd09777e1ad80670a185b86cd04802ddd614627d7bbf1920295ac78bf13a0a55df798ea393333bba9676599cb8e2de4a1b0f2e4e9de8a5fa43079ab9227be50e469f6fffa4c0860d9b26781aa794f4487e1b2fec954309ef1289ecb2e15043a2461ecc7b2ae7d4470607ef82eb1cfa97d84991fe4a7bfdfd715606bc27e2967a6c557cfb5875879b671740b7d8
t-v1-bit-49-2	86725262c971bf064168bca2a87f593d425a49835bd52beb9f52ea59352d80fa44b76528ad9e28ca14b8ccfc51e20cb2ebb0189f69cc96d1fd65fdfd8e12e5842e022b43f938a98120efce49ae907869f0103db44d02bca6a5343f451dc707544755cdc404acf115eeb1ad392d6ad72f94f4487e1b2fec954309ef1289ecb2e15043a2461ecc7b2ae7d4470607ef82eb1cfa97d84991fe4a7bfdfd715606bc27e2967a6c557cfb5875879b671740b7d8
t-v1-bit-49-3	86725262c971bf064168bca2a87f593d425a49835bd52beb9f52ea59352d80fa0940f01ef03d15692702e0646cfd5ad1b0c5da164e605224fb7bf93e796828099a65a2e54acbf53426b106f5aac6079140554b34ac27345354ac1551e618d02577ca21f0e2fc0493675770556e52b03094f4487e1b2fec954309ef1289ecb2e15043a2461ecc7b2ae7d4470607ef82eb1cfa97d84991fe4a7bfdfd715606bc27e2967a6c557cfb5875879b671740b7d8
t-v1-bit-49-4	86725262c971bf064168bca2a87f593d425a49835bd52beb9f52ea59352d80fa726519dd63c3161e8aab5600faa8357ff070ab9732e11ebfa918245a60eb02c183ff9d0523862002405051d162ac2a328f4041b3e36bd7e55259a32199dd94279afb7e80a41bc431b17b4ae8641015cb94f4487e1b2fec954309ef1289ecb2e15043a2461ecc7b2ae7d4470607ef82eb1cfa97d84991fe4a7bfdfd715606bc27e2967a6c557cfb5875879b671740b7d8
t-v1-bit-49-5	86725262c971bf064168bca2a87f593d425a49835bd52beb9f52ea59352d80fa3d2104c1f1746474fd6bbded29ae751b17663eff6a43455645be1e106f97acca56a6e55471101d7b8de10702f07f083c93b538620168ae59ac5faec9c124a0057e7d002698600aecb7f790937423238094f4487e1b2fec954309ef1289ecb2e15043a2461ecc7b2ae7d4470607ef82eb1cfa97d84991fe4a7bfdfd715606bc27e2967a6c557cfb5875879b671740b7d8
t-v1-bit-49-6	86725262c971bf064168bca2a87f593d425a49835bd52beb9f52ea59352d80fae112146f3a1801a8f3a279b3912449437c75e019a71a5975d11fa147644ef17b72463443a96edfe688d1b7e90e6991c5729f1827ce4fb303016ad15303004bf2ed82364da2195a876a7422d6588d73c394f4487e1b2fec954309ef1289ecb2e15043a2461ecc7b2ae7d4470607ef82eb1cfa97d84991fe4a7bfdfd715606bc27e2967a6c557cfb5875879b671740b7d8
t-v1-bit-49-7	86725262c971bf064168bca2a87f593d425a49835bd52beb9f52ea59352d80fa52c15144ddc06ee164b9d9aab4ac13777df22e552a4fc986fb3991b74fe4f2c945d186bfb3ac178a1df72316311884f0ef2589c9fd2840ab5690e1afca18e174a7e95882bb3e3c9daf4efcfe1fe60c4094f4487e1b2fec954309ef1289ecb2e15043a2461ecc7b2ae7d4470607ef82eb1cfa97d84991fe4a7bfdfd715606bc27e2967a6c557cfb5875879b671740b7d8
t-v1-bit-50-0	86725262c971bf064168bca2a87f593d425a49835bd52beb9f52ea59352d80fab154ee72284f6f9ebb5ec5aed8ca80d2fde12d3659c1f792628b3d273158bf32dcc898bea36b05c769675cee390f97d16d0b1b9871887f1712e85c67ce39a14525295ad9d32b0c82ddda5a1d4ebe2d0c94f4487e1b2fec954309ef1289ecb2e15043a2461ecc7b2ae7d4470607ef82eb1cfa97d84991fe4a7bfdfd715606bc27e2967a6c557cfb5875879b671740b7d8
t-v1-bit-50-1	86725262c971bf064168bca2a87f593d425a49835bd52beb9f52ea59352d80fa3418c9fc75fa64e7736f96f7765a81b83f8caa5002a91010301476511834eacab2aa09bbe29e1cc25ee962f1dfecab6b5eee0dd9654a2d97c706dc091b4144ed812b6569e45db7d685c0a847c30505c794f4487e1b2fec954309ef1289ecb2e15043a2461ecc7b2ae7d4470607ef82eb1cfa97d84991fe4a7bfdfd715606bc27e2967a6c557cfb5875879b671740b7d8
t-v1-bit-50-2	86725262c971bf064168bca2a87f593d425a49835bd52beb9f52ea59352d80fa654b4655e80596dde22276289c63c6ad5e76afca89237609aa7acb82392300edd90fada16404aa9a59389100eb560196c44bc66f190f8aa2d12a67fd43afa1baf0eb768fcc271fd6d917294180f625a894f4487e1b2fec954309ef1289ecb2e15043a2461ecc7b2ae7d4470607ef82eb1cfa97d84991fe4a7bfdfd715606bc27e2967a6c557cfb5875879b671740b7d8
t-v1-bit-50-3	86725262c971bf064168bca2a87f593d425a49835bd52beb9f52ea59352d80faab702e572bb3062aeef84701fb0666497362a3dd119514ff08a5b9b6308e3c0df3af9cd4009b610b643a1b278d6a342ac4aeb7e0a779777c32e616b17a4151f852e8eb16b1daa93bf79dbfbb21aeb1b094f4487e1b2fec954309ef1289ecb2e15043a2461ecc7b2ae7d4470607ef82eb1cfa97d84991fe4a7bfdfd715606bc27e2967a6c557cfb5875879b671740b7d8
t-v1-bit-50-4	86725262c971bf064168bca2a87f593d425a49835bd52beb9f52ea59352d80fa5127d624319e8978bfa0afff088f0edfae9d54c2a893016ce5262b883522e970158e0c8657f58ad068c1b30435237abe20f7e5d4a3a144377370cdc52e91d020a9eda112327ebaf8a5dd1364e41c587494f4487e1b2fec954309ef1289ecb2e15043a2461ecc7b2ae7d4470607ef82eb1cfa97d84991fe4a7bfdfd715606bc27e2967a6c557cfb5875879b671740b7d8
t-v1-bit-50-5	86725262c971bf064168bca2a87f593d425a49835bd52beb9f52ea59352d80faa83be31a7637d54cf53dfbe59e5bdd77aa4e6a585c26216f15efa5ff73ffb3999d3fa7f5c5806f188a44b645b01912b6022c520c416bc7673476ca5df5786f1fde4f42ae0dac3a6048071b98d3279d8a94f4487e1b2fec954309ef1289ecb2e15043a2461ecc7b2ae7d4470607ef82eb1cfa97d84991fe4a7bfdfd715606bc27e2967a6c557cfb5875879b671740b7d8
t-v1-bit-50-6	86725262c971bf064168bca2a87f593d425a49835bd52beb9f52ea59352d80fa3fb274012585d7a995d926827524fc2bd06fcf5b64e8a35541455ff2e1b7065af22a79f7947146db25ecf08de101b7c5294366b05d49854d27a37dadf622393ba103c1928c0631a4edc5d9ebd077e59794f4487e1b2fec954309ef1289ecb2e15043a2461ecc7b2ae7d4470607ef82eb1cfa97d84991fe4a7bfdfd715606bc27e2967a6c557cfb5875879b671740b7d8
t-v1-bit-50-7	86725262c971bf064168bca2a87f593d425a49835bd52beb9f52ea59352d80fa8258f14e3c1685afeeac069780ed4c66b714263d1e03f9dcbcac88983dc1ecf61fc6a0c128c3762ad3f1e39702a73e9077bd512386d0b25ff908e1affd29688e5c0d5151a714dcf34302ec6ca4b7c84894f4487e1b2fec954309ef1289ecb2e15043a2461ecc7b2ae7d4470607ef82eb1cfa97d84991fe4a7bfdfd715606bc27e2967a6c557cfb5875879b671740b7d8
t-v1-bit-51-0	86725262c971bf064168bca2a87f593d425a49835bd52beb9f52ea59352d80fa5577fff2ea5d38add5503ae7211ea879a61d7edf8eb0d3144fb2a8ea8ff5247d4000870304984c924ae22f3734e8d8cc6752e28aecf5dba8c94bb3f583f1d36db9ca4535d3afe8926f909180dba5e95194f4487e1b2fec954309ef1289ecb2e15043a2461ecc7b2ae7d4470607ef82eb1cfa97d84991fe4a7bfdfd715606bc27e2967a6c557cfb5875879b671740b7d8
t-v1-bit-51-1	86725262c971bf064168bca2a87f593d425a49835bd52beb9f52ea59352d80fad31be4952515ed807768841425fbcabc69a68143e1b0bd58ecfd37980cb8bbf50d83aa3165542a30517c3a9eb43194c3ccd2090ef32914cd9bf70bc494f68dee55c0ea71641f296b29f4f67e2035cfd194f4487e1b2fec954309ef1289ecb2e15043a2461ecc7b2ae7d4470607ef82eb1cfa97d84991fe4a7bfdfd715606bc27e2967a6c557cfb5875879b671740b7d8
t-v1-bit-51-2	86725262c971bf064168bca2a87f593d425a49835bd52beb9f52ea59352d80fa52ab41ebc7ba4e1b51c07818cd964dae46a06f05faf727bccb5b098d942345ac408d2b3e2f4c16998fac0f5353182c9351aada0152eb81de2d9931e86016042dfa195a8cd5da5e9701f6ec498cc6f8ff94f4487e1b2fec954309ef1289ecb2e15043a2461ecc7b2ae7d4470607ef82eb1cfa97d84991fe4a7bfdfd715606bc27e2967a6c557cfb5875879b671740b7d8
t-v1-bit-51-3	86725262c971bf064168bca2a87f593d425a49835bd52beb9f52ea59352d80fa30db0f5fdc33ce1bb51bd139ca909e8f26224f7a3d62a044ec99e83df1c83f8011ce65680d0aabd609750470aaa6552ebd15702ba589f7d4af68bab831df2ca509f1e737937372c1ce0c08ed1278bcc094f4487e1b2fec954309ef1289ecb2e15043a2461ecc7b2ae7d4470607ef82eb1cfa97d84991fe4a7bfdfd715606bc27e2967a6c557cfb5875879b671740b7d8
t-v1-bit-51-4	86725262c971bf064168bca2a87f593d425a49835bd52beb9f52ea59352d80fa27dc444d5bb7768dd2e62b2bc04e064d254069882f53bb16e2153db799ab25c24cb005ac785b747381777b8c8c79c89306d34a6237bfd7d12eaf90595c9a9045e0e4f849530a284e350ebe0a2df4e0b794f4487e1b2fec954309ef1289ecb2e15043a2461ecc7b2ae7d4470607ef82eb1cfa97d84991fe4a7bfdfd715606bc27e2967a6c557cfb5875879b671740b7d8
t-v1-bit-51-5	86725262c971bf064168bca2a87f593d425a49835bd52beb9f52ea59352d80fa2f6041121561af02392fb499569a3503ec5aa93a6e031edfcef393c756a9e785b4f9484f7e540e09425df7d4111208935cfe62549cb5577a9f796accd1cee757319869bb375a7a3d5c7b3c125d92621e94f4487e1b2fec954309ef1289ecb2e15043a2461ecc7b2ae7d4470607ef82eb1cfa97d84991fe4a7bfdfd715606bc27e2967a6c557cfb5875879b671740b7d8
t-v1-bit-51-6	86725262c971bf064168bca2a87f593d425a49835bd52beb9f52ea59352d80fa0f2e18e797ab091da9a3b980381912c50f60c706cd4fc5f803a5e1acc868e4085263021f0128c69c6041aff6d65dbfc2924ed62ad3ee82b316a40a96d5c3baee18ba8f2207fe8c8d53c317cd0cf27d0e94f4487e1b2fec954309ef1289ecb2e15043a2461ecc7b2ae7d4470607ef82eb1cfa97d84991fe4a7bfdfd715606bc27e2967a6c557cfb5875879b671740b7d8
t-v1-bit-51-7	86725262c971bf064168bca2a87f593d425a49835bd52beb9f52ea59352d80fa85bb632da058e86a9394686f6b76eef8932ebab26836769d7ddc5bab5bbb1bf8b2f3cd563fde35f2ddbb069bb7dfd9b50b1aeae5b1d038e6f470269b4dee5f62805aaeeed198a22d1f93f34ba7747f2194f4487e1b2fec954309ef1289ecb2e15043a2461ecc7b2ae7d4470607ef82eb1cfa97d84991fe4a7bfdfd715606bc27e2967a6c557cfb5875879b671740b7d8
t-v1-bit-52-0	86725262c971bf064168bca2a87f593d425a49835bd52beb9f52ea59352d80fa4bdadd2c1dabf33ac2602d7db843e6b440e98ab20c91d8249ab266626492cfd58689479fe27e4f9c019ffc79d309aca786430d148728a53f7cc7e806cc3b7d0daf58fdd37db8e8f1c91ab84ebeb0800e94f4487e1b2fec954309ef1289ecb2e15043a2461ecc7b2ae7d4470607ef82eb1cfa97d84991fe4a7bfdfd715606bc27e2967a6c557cfb5875879b671740b7d8
t-v1-bit-52-1	86725262c971bf064168bca2a87f593d425a49835bd52beb9f52ea59352d80fadcf23af3600f92c6f5c295550c2f7a25090f49886d99e4eab83fd490e0c385b06d875a3798338fb7aa0c7d403a4e71c8e7c7ce1cf7c4143d3d3e408b572fcc8b99d4613b8101b9f76f5a2c16dce27cef94f4487e1b2fec954309ef1289ecb2e15043a2461ecc7b2ae7d4470607ef82eb1cfa97d84991fe4a7bfdfd715606bc27e2967a6c557cfb5875879b671740b7d8
t-v1-bit-52-2	86725262c971bf064168bca2a87f593d425a49835bd52beb9f52ea59352d80faf07ff77c2d2f40649ffc291edfa4ec8ad3d927b8b9eadaa9351f716e32a062393662422b45fa829e163282ce2078bc8cbbc4e0376d16cc437ec8195d1bd8fb4a02952089583ad1a95f84d0424dfb2c9294f4487e1b2fec954309ef1289ecb2e15043a2461ecc7b2ae7d4470607ef82eb1cfa97d84991fe4a7bfdfd715606bc27e2967a6c557cfb5875879b671740b7d8
t-v1-bit-52-3	86725262c971bf064168bca2a87f593d425a49835bd52beb9f52ea59352d80fa5c891db2363808c1a151633b5f8c84245e7c605329252374807dc4d412957cb98651771ba6f9e8c1a651994e00a191e02b3651764a6e85ae8002e475eb25b19055078cad47b734adc7265b2b04e2f91d94f4487e1b2fec954309ef1289ecb2e15043a2461ecc7b2ae7d4470607ef82eb1cfa97d84991fe4a7bfdfd715606bc27e2967a6c557cfb5875879b671740b7d8
t-v1-bit-52-4	86725262c971bf064168bca2a87f593d425a49835bd52beb9f52ea59352d80fa9ad38783b0e188f32dda5a10aef32388b121f428d2e3ea4245d7a0d33031eb1c838de2ec72290b4eedc0bb48ba17dae90785416835b580cfbb7338873a14c2d5a5749051b8538d6d3fee39bd00777b0394f4487e1b2fec954309ef1289ecb2e15043a2461ecc7b2ae7d4470607ef82eb1cfa97d84991fe4a7bfdfd715606bc27e2967a6c557cfb5875879b671740b7d8
t-v1-bit-52-5	86725262c971bf064168bca2a87f593d425a49835bd52beb9f52ea59352d80fa35b077877b89c204645c9977472766066b4afc3b31e8db0c89654e24561cb3486592cd712459cc5099b6d0fcf19fe47380470a96215ac3e19ea58de027b42b2f71e616d04b72ffaf6a3ccab9d023146594f4487e1b2fec954309ef1289ecb2e15043a2461ecc7b2ae7d4470607ef82eb1cfa97d84991fe4a7bfdfd715606bc27e2967a6c557cfb5875879b671740b7d8
t-v1-bit-52-6	86725262c971bf064168bca2a87f593d425a49835bd52beb9f52ea59352d80fa2840493e3edc82e3cb351f55118ea590810a612c01b1a3365a56db54e741fc6f1374de629ce11fe507737d5ce84e970dc425e1d0e12065d18c5e89725b5058e3b761ffd7450bf5532b7d420553a3f8f094f4487e1b2fec954309ef1289ecb2e15043a2461ecc7b2ae7d4470607ef82eb1cfa97d84991fe4a7bfdfd715606bc27e2967a6c557cfb5875879b671740b7d8
t-v1-bit-52-7	86725262c971bf064168bca2a87f593d425a49835bd52beb9f52ea59352d80fa9c7a101186908ae0af3231448fa1861e6bab1df71372c670013131b9e1f86c4f6f64e9a9287ba118f721aeaba56c461ab1c3cb2d50371688fed405e06b8722fc77caeb40f5270d5379a2f0a2449df74694f4487e1b2fec954309ef1289ecb2e15043a2461ecc7b2ae7d4470607ef82eb1cfa97d84991fe4a7bfdfd715606bc27e2967a6c557cfb5875879b671740b7d8
t-v1-bit-53-0	86725262c971bf064168bca2a87f593d425a49835bd52beb9f52ea59352d80fa98a2ed043fc9a78963d2e931547af8fed21e1b994f1d59a37126ea313b7b214b7d94032934d5a82d5decf88f8e7c676137bd8d3ecfd6e2ddcd80621e61d45710f9e6cab80d3827ccf02e8112f65988fd94f4487e1b2fec954309ef1289ecb2e15043a2461ecc7b2ae7d4470607ef82eb1cfa97d84991fe4a7bfdfd715606bc27e2967a6c557cfb5875879b671740b7d8
t-v1-bit-53-1	86725262c971bf064168bca2a87f593d425a49835bd52beb9f52ea59352d80fa40646937cf019b8b8669b11629c819adffa0d8a44d669eb10811c236b561ac5c7dd108b5e8c65bed5912f05fb51f8ea426fd51b2b42d0735376fdf71de63a7bc68bcf1d8b875636a39b91d0404b5769194f4487e1b2fec954309ef1289ecb2e15043a2461ecc7b2ae7d4470607ef82eb1cfa97d84991fe4a7bfdfd715606bc27e2967a6c557cfb5875879b671740b7d8
t-v1-bit-53-2	86725262c971bf064168bca2a87f593d425a49835bd52beb9f52ea59352d80fa3109c14231b4a35d72e92ea2956af9df7dbfb6e39d61f2381191513756f646ab82485e639ca7d55d35ba3bbdb94cdb6876b5c0ff473e0472810981a150dc9ba27724da446d617bc9f2f76dd4fbcd1b1f94f4487e1b2fec954309ef1289ecb2e15043a2461ecc7b2ae7d4470607ef82eb1cfa97d84991fe4a7bfdfd715606bc27e2967a6c557cfb5875879b671740b7d8
t-v1-bit-53-3	86725262c971bf064168bca2a87f593d425a49835bd52beb9f52ea59352d80faa9acdc8588b4f6109d495e6c308b46f9e4b462e5f995c22676930c97c2807a48ea44362685b6b3e438d4c8a11eeedb03c7d84dc058ab3a8e366a6ee149df023f953592cb8e12a231d3bd14cd1b0d31ea94f4487e1b2fec954309ef1289ecb2e15043a2461ecc7b2ae7d4470607ef82eb1cfa97d84991fe4a7bfdfd715606bc27e2967a6c557cfb5875879b671740b7d8
t-v1-bit-53-4	86725262c971bf064168bca2a87f593d425a49835bd52beb9f52ea59352d80fa2c29cdac98b7b9867cd62183ac1ae15bf9661fc4e1e28cdd765e207fb50f7c726ceb697e6f5280221821222fb58d1ba83b4cfec4b24e32910db3cf3aef6f5ddb3172da0dec7a075cfda5b4a5054a635b94f4487e1b2fec954309ef1289ecb2e15043a2461ecc7b2ae7d4470607ef82eb1cfa97d84991fe4a7bfdfd715606bc27e2967a6c557cfb5875879b671740b7d8
t-v1-bit-53-5	86725262c971bf064168bca2a87f593d425a49835bd52beb9f52ea59352d80fa9f37db52acc0797ce00149061a510ef004c290a243afd2418bd54536ecada38f23ab0ee3b0e5706358cdf4c2bab97cfba64f42225222af75fed721b943e6a85a9c924b5ae7394ce07ddefc4273a5fd5994f4487e1b2fec954309ef1289ecb2e15043a2461ecc7b2ae7d4470607ef82eb1cfa97d84991fe4a7bfdfd715606bc27e2967a6c557cfb5875879b671740b7d8
t-v1-bit-53-6	86725262c971bf064168bca2a87f593d425a49835bd52beb9f52ea59352d80fa10e34aace5ee2c5982288e8c28dcbf1b071376aaaafad3599960cb2cccb3df3c9e65e7b7fbf96a801bb924f15c8ab0b53fafff0be74afd709d271eab48a8e7ed627b442a77dea1a4dd69ccdb91f5f60494f4487e1b2fec954309ef1289ecb2e15043a2461ecc7b2ae7d4470607ef82eb1cfa97d84991fe4a7bfdfd715606bc27e2967a6c557cfb5875879b671740b7d8
t-v1-bit-53-7	86725262c971bf064168bca2a87f593d425a49835bd52beb9f52ea59352d80facf3c68d995a96e3ab283fee09ba44832d557eccfc386287945ca6c5d64f3cdc4150de372b7cf34eb8b909c280e1e5c53d21e13ec166606d25263160df75251b85b236868e0a90535bc9bf65bfd24dc1694f4487e1b2fec954309ef1289ecb2e15043a2461ecc7b2ae7d4470607ef82eb1cfa97d84991fe4a7bfdfd715606bc27e2967a6c557cfb5875879b671740b7d8
t-v1-bit-54-0	86725262c971bf064168bca2a87f593d425a49835bd52beb9f52ea59352d80faf1d89bca7fe3141b84b70b28eed1c098c876cc589b69d8fbc8f06eeac3a9ab4e97312e48e468d7f7626ce840bddaca8a34fe827bd044679ba9d2deda84c2741e720fbf4cf58d8c76bef97500a6901ce194f4487e1b2fec954309ef1289ecb2e15043a2461ecc7b2ae7d4470607ef82eb1cfa97d84991fe4a7bfdfd715606bc27e2967a6c557cfb5875879b671740b7d8
t-v1-bit-54-1	86725262c971bf064168bca2a87f593d425a49835bd52beb9f52ea59352d80fab412effaf435aa129dd046bce461b1d81194c41a118d151ce00fc4c63cfea6c174e9f3d8f6cc714b5f082e8e82c455443ae1004253920507bda7fbe13cb5193f3f54d36c97304f005a63b2b23c6f392d94f4487e1b2fec954309ef1289ecb2e15043a2461ecc7b2ae7d4470607ef82eb1cfa97d84991fe4a7bfdfd715606bc27e2967a6c557cfb5875879b671740b7d8
t-v1-bit-54-2	86725262c971bf064168bca2a87f593d425a49835bd52beb9f52ea59352d80fad5aec7b8a4f298b9ba49986e18666d8e9716bac257638379600a8419a4a1b0c9bb0f85bd60c26a5c2716330db3aee94d917f7b31f861d03a06a7f05333adc103fb415b349d0279198a5c36efb234750094f4487e1b2fec954309ef1289ecb2e15043a2461ecc7b2ae7d4470607ef82eb1cfa97d84991fe4a7bfdfd715606bc27e2967a6c557cfb5875879b671740b7d8
t-v1-bit-54-3	86725262c971bf064168bca2a87f593d425a49835bd52beb9f52ea59352d80fac7277d88744fc0ae4a15a0a40f01b21ae79fcfdc593d6299de2ae0e2ac86b18faa7874a030925dba67dcc0f7090e660147a8668251ee753b3f843bbf9d319bd5840ec52a49545ef8c0629cd7d95941c694f4487e1b2fec954309ef1289ecb2e15043a2461ecc7b2ae7d4470607ef82eb1cfa97d84991fe4a7bfdfd715606bc27e2967a6c557cfb5875879b671740b7d8
t-v1-bit-54-4	86725262c971bf064168bca2a87f593d425a49835bd52beb9f52ea59352d80fa23074b038e99be9ac4c38a303926fd329e1d7add587188f9f5e85ccbb2a32e8c8b79fcf8bb80f9b9c89ec6bbb18a884615a570e2e33470ae206e2d0d07e1c0dab74ba424d1c5dd6f1aec5cffe73ac3ab94f4487e1b2fec954309ef1289ecb2e15043a2461ecc7b2ae7d4470607ef82eb1cfa97d84991fe4a7bfdfd715606bc27e2967a6c557cfb5875879b671740b7d8
t-v1-bit-54-5	86725262c971bf064168bca2a87f593d425a49835bd52beb9f52ea59352d80fa9dcef300220a78c7c50f15338aa434a127effb7694a3efeb097627695603af5c6d4d5fd4b2edc013d3f261e9338a86d25447050add6153439dc16333ebd0fad090a40c481ac1c1427f0927879908381794f4487e1b2fec954309ef1289ecb2e15043a2461ecc7b2ae7d4470607ef82eb1cfa97d84991fe4a7bfdfd715606bc27e2967a6c557cfb5875879b671740b7d8
t-v1-bit-54-6	86725262c971bf064168bca2a87f593d425a49835bd52beb9f52ea59352d80fa545ff62607f4e4ca508f560daa73b688fc79ca72d312de8eb81628781a7cdda1ac282213b4ceb8b23d7ffb0918ea01870722db3d87becab3deaccb00207430dd355f96ca56d325b47b87f936cea08fa694f4487e1b2fec954309ef1289ecb2e15043a2461ecc7b2ae7d4470607ef82eb1cfa97d84991fe4a7bfdfd715606bc27e2967a6c557cfb5875879b671740b7d8
t-v1-bit-54-7	86725262c971bf064168bca2a87f593d425a49835bd52beb9f52ea59352d80fa34bf3df411602ac55e9d0113d31a50e71cec0eba74907a77d8caac665e5b15063ad3fee47eeebb1c89f7328bcd5f25a4e6ab2c0b8a46075d1be5120ea3aed0b8c2b566e56819f9373d1041c1ad476b5d94f4487e1b2fec954309ef1289ecb2e15043a2461ecc7b2ae7d4470607ef82eb1cfa97d84991fe4a7bfdfd715606bc27e2967a6c557cfb5875879b671740b7d8
t-v1-bit-55-0	86725262c971bf064168bca2a87f593d425a49835bd52beb9f52ea59352d80fa63056846ba2b6f54b0e9c5048c1bb9772401ca404203bc19f619776ff487613bf0003aa90579474ff674403b40033ef4bbb86cb2e4f3eba799e3eeb7f336eecfa2d3dc10702b43dc95b92013666becb894f4487e1b2fec954309ef1289ecb2e15043a2461ecc7b2ae7d4470607ef82eb1cfa97d84991fe4a7bfdfd715606bc27e2967a6c557cfb5875879b671740b7d8
t-v1-bit-55-1	86725262c971bf064168bca2a87f593d425a49835bd52beb9f52ea59352d80fad8891de4e7c5d8bb89b11eb6e87a98de93fd31bae696246ab2d3e4d1e6abad38a73589d86047c18b96edf7caf87a02f2ea1fa8ba4920cbb2ab147364b2e15da32515c369e14fcea1db86bae5aff1e34f94f4487e1b2fec954309ef1289ecb2e15043a2461ecc7b2ae7d4470607ef82eb1cfa97d84991fe4a7bfdfd715606bc27e2967a6c557cfb5875879b671740b7d8
t-v1-bit-55-2	86725262c971bf064168bca2a87f593d425a49835bd52beb9f52ea59352d80fadddba0c6ff4f7d1c52e9ef3fb2da0a89742e45f09a08502757e5becbad145a3322e15655a0e2c93886400cac69699aee29d2d9a9a04f08a15a3c70104cc3ef0c9dbd6e9dc4491ebcc4a48a6db50b324094f4487e1b2fec954309ef1289ecb2e15043a2461ecc7b2ae7d4470607ef82eb1cfa97d84991fe4a7bfdfd715606bc27e2967a6c557cfb5875879b671740b7d8
t-v1-bit-55-3	86725262c971bf064168bca2a87f593d425a49835bd52beb9f52ea59352d80faf81d84841caf9fcdbfa2d87ff56a37453e15559f3530c1408c6f9cb303a47481fe149e4ce4f8c270c62ac8dd52270ffa6700b1f7c08b35f3ba7235a19ac5e9c80790b53f31b1152c45078423df64d0dd94f4487e1b2fec954309ef1289ecb2e15043a2461ecc7b2ae7d4470607ef82eb1cfa97d84991fe4a7bfdfd715606bc27e2967a6c557cfb5875879b671740b7d8
t-v1-bit-55-4	86725262c971bf064168bca2a87f593d425a49835bd52beb9f52ea59352d80fa9110aff49936ab3eedc6b9917f89becc30dec570b1febdf71167935e487dc3ab6298970758628281663c0c60f773e78bb63c593e071c19da11bca09c77f23bf693af8ac9b1bc88db4bbe3099a63a698394f4487e1b2fec954309ef1289ecb2e15043a2461ecc7b2ae7d4470607ef82eb1cfa97d84991fe4a7bfdfd715606bc27e2967a6c557cfb5875879b671740b7d8
t-v1-bit-55-5	86725262c971bf064168bca2a87f593d425a49835bd52beb9f52ea59352d80fa1eb7067dfc81a1bc478ed110d5129900e8db9c34ef0024f75ef210290f9c66d22ea70fc518c2bf350fbbe06baac1162f2a15dbeb93377b7a792831dcc4e73a3f0edc2be8d68e74c7911cbf098ead497194f4487e1b2fec954309ef1289ecb2e15043a2461ecc7b2ae7d4470607ef82eb1cfa97d84991fe4a7bfdfd715606bc27e2967a6c557cfb5875879b671740b7d8
t-v1-bit-55-6	86725262c971bf064168bca2a87f593d425a49835bd52beb9f52ea59352d80facb5e02c86f5da16757ea8be068af5bc4d61810f422dfa9559c9c091b5d900c65d5be287f2ee0931449f2ec020850a8ee1be80b370ca13822310263e4ed90e5a112f3a766355ef996980d65bbed256c7f94f4487e1b2fec954309ef1289ecb2e15043a2461ecc7b2ae7d4470607ef82eb1cfa97d84991fe4a7bfdfd715606bc27e2967a6c557cfb5875879b671740b7d8
t-v1-bit-55-7	86725262c971bf064168bca2a87f593d425a49835bd52beb9f52ea59352d80fa387e4f5a3c2fe2d765f5c838cbe2915cb12bb54dafe1161dec27cee5725c25755be1d880358e6374d96aa0e9782743793ca52aeff8390b77f4d3594353c815f8bcfddfb660af13316688b00f7498d3bb94f4487e1b2fec954309ef1289ecb2e15043a2461ecc7b2ae7d4470607ef82eb1cfa97d84991fe4a7bfdfd715606bc27e2967a6c557cfb5875879b671740b7d8
t-v1-bit-56-0	86725262c971bf064168bca2a87f593d425a49835bd52beb9f52ea59352d80fa6675e3fba120227f1d21553435cc157eddb5d3df0e379ca19fe1d158152ff7e7fe93ff40a128509197650a7a96932edf5c3decbcc24b6c2fb1cc9708f6fefb519561de6bb13ec01803f1ce19a381aab994f4487e1b2fec954309ef1289ecb2e15043a2461ecc7b2ae7d4470607ef82eb1cfa97d84991fe4a7bfdfd715606bc27e2967a6c557cfb5875879b671740b7d8
t-v1-bit-56-1	86725262c971bf064168bca2a87f593d425a49835bd52beb9f52ea59352d80fa6092dd1c0382c23c55a8aa58036549295c6e11252c47108b9d443c44b0193a081eb1b4fea88e4eb3b8dc5a7691ce927ad94239b0476b552d505067f6c9c9fdf6d94beb60d0a493759730c64f100a4a2794f4487e1b2fec954309ef1289ecb2e15043a2461ecc7b2ae7d4470607ef82eb1cfa97d84991fe4a7bfdfd715606bc27e2967a6c557cfb5875879b671740b7d8
t-v1-bit-56-2	86725262c971bf064168bca2a87f593d425a49835bd52beb9f52ea59352d80fa9f775fec967c8aaf3dacf65a23b01df5ef2ca0484b3f7efe300e8c644d79d2aef5107f2b5ccb68c6d598ef421ca715ad24ff826a01685a76e270e89dfc224b8c0ca18daadddce6314a9ff77e5fd5b95494f4487e1b2fec954309ef1289ecb2e15043a2461ecc7b2ae7d4470607ef82eb1cfa97d84991fe4a7bfdfd715606bc27e2967a6c557cfb5875879b671740b7d8
t-v1-bit-56-3	86725262c971bf064168bca2a87f593d425a49835bd52beb9f52ea59352d80fa0f80efc3dc0a822e8f95b724cbf512191b1de5c3704c87260d1f277aa50b5e89722c770a74cd177f7dbad0e6279fc635129e1651556a3e92a2f679535360e9f352568c11e93a1f0745261e2950d6560d94f4487e1b2fec954309ef1289ecb2e15043a2461ecc7b2ae7d4470607ef82eb1cfa97d84991fe4a7bfdfd715606bc27e2967a6c557cfb5875879b671740b7d8
t-v1-bit-56-4	86725262c971bf064168bca2a87f593d425a49835bd52beb9f52ea59352d80fab85792c5455be73b7c7d4f7235643cc31ed9510a26db3aeb49c497b8a34608085eb2298c5839ebf869f19038c59caec59d6a20d684bda1c0f598679c61585a6c283f29d9b76d5dbddab889c2d4fccdf194f4487e1b2fec954309ef1289ecb2e15043a2461ecc7b2ae7d4470607ef82eb1cfa97d84991fe4a7bfdfd715606bc27e2967a6c557cfb5875879b671740b7d8
t-v1-bit-56-5	86725262c971bf064168bca2a87f593d425a49835bd52beb9f52ea59352d80fae52efc723c82246f8d52f13672e9bf5696ce5061f5498c1bf57b32e59cb3e704454982cb6d2913cab1c79c95f48d243e1905433370a43fc9ad5d3d6990a0ee071c09e0f1d75796a78c6045ff246f006a94f4487e1b2fec954309ef1289ecb2e15043a2461ecc7b2ae7d4470607ef82eb1cfa97d84991fe4a7bfdfd715606bc27e2967a6c557cfb5875879b671740b7d8
t-v1-bit-56-6	86725262c971bf064168bca2a87f593d425a49835bd52beb9f52ea59352d80fa4cb80efbd362d0b75bd823e3fa52fea6ae3c20e86d5ff10ab98932b3bc8014ab5ca0de9f37534f2af84afda7c5a4698ecc6316d459f4e7a151fa25f471079b4c3c503dacdf217b780f2bb2a44224801e94f4487e1b2fec954309ef1289ecb2e15043a2461ecc7b2ae7d4470607ef82eb1cfa97d84991fe4a7bfdfd715606bc27e2967a6c557cfb5875879b671740b7d8
t-v1-bit-56-7	86725262c971bf064168bca2a87f593d425a49835bd52beb9f52ea59352d80fa0f6cda472ccbfb4247e4c3f8d0f1474bfbdc8af383a9c07e8f3ef02c5ba4a6ed55f95a18e60bcebc0f317b5e4f3f3cc165cb8e0e0b722928692c99a8875c51278b9358b58cce2d6b976bf6724cd6a68d94f4487e1b2fec954309ef1289ecb2e15043a2461ecc7b2ae7d4470607ef82eb1cfa97d84991fe4a7bfdfd715606bc27e2967a6c557cfb5875879b671740b7d8
t-v1-bit-57-0	86725262c971bf064168bca2a87f593d425a49835bd52beb9f52ea59352d80faa214d1e3cbf973060021d4ecd9224284dfcf9f3aee8c519fec6eadae0ead7777c3836cd9e42921d927ea2396b32a0347a97b68cc02e75c9c57056fe4c55c99c6675dc70c270236cd5240de18cceab89b94f4487e1b2fec954309ef1289ecb2e15043a2461ecc7b2ae7d4470607ef82eb1cfa97d84991fe4a7bfdfd715606bc27e2967a6c557cfb5875879b671740b7d8
t-v1-bit-57-1	86725262c971bf064168bca2a87f593d425a49835bd52beb9f52ea59352d80facd0943c3a4b8b8e387e87768202f87cf47910a2aad1fe459093b346d905bfcaac8c4737c20b6ab37d7fac86479ac078248ba8f638304c1c20e65df1b8e156cbd297764a93aff56fb4ae030153dcc556094f4487e1b2fec954309ef1289ecb2e15043a2461ecc7b2ae7d4470607ef82eb1cfa97d84991fe4a7bfdfd715606bc27e2967a6c557cfb5875879b671740b7d8
t-v1-bit-57-2	86725262c971bf064168bca2a87f593d425a49835bd52beb9f52ea59352d80fa98eb153293467b373abcd67ef5c2eae378b76d5095f8c0781d033b9f6dce4d223a7eae879e0c73d6181cc46bcba6a47f6f01a74a86659a69978f482c55b969e4af257f1dfe1d255ba07e4afca4918dc694f4487e1b2fec954309ef1289ecb2e15043a2461ecc7b2ae7d4470607ef82eb1cfa97d84991fe4a7bfdfd715606bc27e2967a6c557cfb5875879b671740b7d8
t-v1-bit-57-3	86725262c971bf064168bca2a87f593d425a49835bd52beb9f52ea59352d80fa50450282179dcfe71413495fad282003b2c07ea3cfd1a788e4dac65d56f3c3b35da640c924e9960a9466f6bb43d5bd413dd61aff01e657850278d266e844720c42505d2e18c06bb63d2e5d6b7803add894f4487e1b2fec954309ef1289ecb2e15043a2461ecc7b2ae7d4470607ef82eb1cfa97d84991fe4a7bfdfd715606bc27e2967a6c557cfb5875879b671740b7d8
t-v1-bit-57-4	86725262c971bf064168bca2a87f593d425a49835bd52beb9f52ea59352d80fa77f2af4f3daafd7d1c3b38d0ed35d9fed148abafdfbe59471185009c3341a0c2f145b1fc7d8143bb984907d8a63a67c018c4b1db8fbc2570dea6ba378a65023acb6d48a323e96ad3b26b50fc2450d26194f4487e1b2fec954309ef1289ecb2e15043a2461ecc7b2ae7d4470607ef82eb1cfa97d84991fe4a7bfdfd715606bc27e2967a6c557cfb5875879b671740b7d8
t-v1-bit-57-5	86725262c971bf064168bca2a87f593d425a49835bd52beb9f52ea59352d80faa2b36b788c12043951067411575d59e3d8512bbfc86dc3172c24b2084c4b761cd7d994fb45cd853e415afed086e2870007d1e51cf4efead6581282ec51684a527a84759c7fc315905fad98c6bef3397f94f4487e1b2fec954309ef1289ecb2e15043a2461ecc7b2ae7d4470607ef82eb1cfa97d84991fe4a7bfdfd715606bc27e2967a6c557cfb5875879b671740b7d8
t-v1-bit-57-6	86725262c971bf064168bca2a87f593d425a49835bd52beb9f52ea59352d80fa1d0a64520ca46bca6dffdc8c712238b82a87dcad067e324efea1621e07cc16068cf0bbd918022424acf08ad5c7713ff9603a1fb942dac212806ff81bd258f682a916ed42042d31e71f649aba3b5ea02494f4487e1b2fec954309ef1289ecb2e15043a2461ecc7b2ae7d4470607ef82eb1cfa97d84991fe4a7bfdfd715606bc27e2967a6c557cfb5875879b671740b7d8
t-v1-bit-57-7	86725262c971bf064168bca2a87f593d425a49835bd52beb9f52ea59352d80facd4a003e78fd9cc186584c3e2cde1556d16e3aa684ed2ff65f97c6509c31b2d57498729299e4f66ca068d7bfb7dbc3c90f4bfd798eab08d41cf0e78c43b260de52d4c14862dd372a71d005c47ac2ce3994f4487e1b2fec954309ef1289ecb2e15043a2461ecc7b2ae7d4470607ef82eb1cfa97d84991fe4a7bfdfd715606bc27e2967a6c557cfb5875879b671740b7d8
t-v1-bit-58-0	86725262c971bf064168bca2a87f593d425a49835bd52beb9f52ea59352d80fab2f15b6f5ee692c369e9a264e542782b47ccdb961b04e8ce13bf945e7b2db7a65dcc84d969d5d1c10e659445bcdbc25bba60e8118257f8fe71fbd63ca71c119f38fae11bf845f399616d22c3c3ac08f094f4487e1b2fec954309ef1289ecb2e15043a2461ecc7b2ae7d4470607ef82eb1cfa97d84991fe4a7bfdfd715606bc27e2967a6c557cfb5875879b671740b7d8
t-v1-bit-58-1	86725262c971bf064168bca2a87f593d425a49835bd52beb9f52ea59352d80faa12c6da951c3623e9594bcb044c3c8d785ef757aefce9f9da0a9489675e8f13c5307c0856dc4963e36b6e50fa70096ce8e581013449e4bd8b3bde8fdfb9db88242e3f8f1ad9178c65beaf5c60acdb2db94f4487e1b2fec954309ef1289ecb2e15043a2461ecc7b2ae7d4470607ef82eb1cfa97d84991fe4a7bfdfd715606bc27e2967a6c557cfb5875879b671740b7d8
t-v1-bit-58-2	86725262c971bf064168bca2a87f593d425a49835bd52beb9f52ea59352d80fae7d6217428261041bc8ad36badd0b332d597ab9b58e861ef38a31eec92624acb5a75ff6496c24de83ccd115d5478d69f758731197305dba1c6756e0af9a45215a66e1875b056120eb45e7fcf52c16b1594f4487e1b2fec954309ef1289ecb2e15043a2461ecc7b2ae7d4470607ef82eb1cfa97d84991fe4a7bfdfd715606bc27e2967a6c557cfb5875879b671740b7d8
t-v1-bit-58-3	86725262c971bf064168bca2a87f593d425a49835bd52beb9f52ea59352d80faed3a803d908f027eedd78b615c5eedb2545c43a6a7b8a32c71fcf0e8d8ded4543a5d64009eeec8d82971277ec4e341e49902649e734df6b4d7b8f9961f68156e2b54906223cba3c762cb2dc24901336b94f4487e1b2fec954309ef1289ecb2e15043a2461ecc7b2ae7d4470607ef82eb1cfa97d84991fe4a7bfdfd715606bc27e2967a6c557cfb5875879b671740b7d8
t-v1-bit-58-4	86725262c971bf064168bca2a87f593d425a49835bd52beb9f52ea59352d80fa3d3dc2b08241a5a493c6c75b7a12f2a354469054f1e61b8693377ce6b2ae035a1b399212698417cf77aa01a3a2016afb105b88f8d92c94ca8c49e18fb1f56d902e47fa8ed4ea2c614099e7e9d27e9f0a94f4487e1b2fec954309ef1289ecb2e15043a2461ecc7b2ae7d4470607ef82eb1cfa97d84991fe4a7bfdfd715606bc27e2967a6c557cfb5875879b671740b7d8
t-v1-bit-58-5	86725262c971bf064168bca2a87f593d425a49835bd52beb9f52ea59352d80fa5b47383e25d46ac1428d02686e4e429deabc737e37fb543b70ce1f2edd5454a8894e0102a3740c75b4123a17336378f54c417088bd70b5f87c623a315f6408533238e45b29b315aa9f803f4605a03ee194f4487e1b2fec954309ef1289ecb2e15043a2461ecc7b2ae7d4470607ef82eb1cfa97d84991fe4a7bfdfd715606bc27e2967a6c557cfb5875879b671740b7d8
t-v1-bit-58-6	86725262c971bf064168bca2a87f593d425a49835bd52beb9f52ea59352d80fa3c04a201a040f8e4a567d288a991221b33e0cfc70ac197853837974159031ad62b236e27d675e9dc98d37b2bafe4f44101fca2bc658393e670d5a1738543e371bb1ff7cd29faa3e6b4c1bbf3a0bfd44994f4487e1b2fec954309ef1289ecb2e15043a2461ecc7b2ae7d4470607ef82eb1cfa97d84991fe4a7bfdfd715606bc27e2967a6c557cfb5875879b671740b7d8
t-v1-bit-58-7	86725262c971bf064168bca2a87f593d425a49835bd52beb9f52ea59352d80fa3a2de8d1342cdaeb46f1342841871489f206044fe7008cc909993a44623a5e94dce1282254592a15a17306967cb86a0b7e56e1b81571140b69f5bda8558fba1f0a26864d2595447827ee6860acfd4b3a94f4487e1b2fec954309ef1289ecb2e15043a2461ecc7b2ae7d4470607ef82eb1cfa97d84991fe4a7bfdfd715606bc27e2967a6c557cfb5875879b671740b7d8
t-v1-bit-59-0	86725262c971bf064168bca2a87f593d425a49835bd52beb9f52ea59352d80fa67e47bffcc85e106c8929a809ff455f8fe36af172f43fe7e99bfd5e387435eb0392c79927b00cc6e838f1ae4823279f48a550a2272b6aca716a5f02660596e8d127996d3f82e026a634e5125014bd74c94f4487e1b2fec954309ef1289ecb2e15043a2461ecc7b2ae7d4470607ef82eb1cfa97d84991fe4a7bfdfd715606bc27e2967a6c557cfb5875879b671740b7d8
t-v1-bit-59-1	86725262c971bf064168bca2a87f593d425a49835bd52beb9f52ea59352d80faa23cad111ff02d4ba89fed3299f86b4d4ee70fcd0cbba4a7ccaab638893895debd46b2b9a0d37d46207b60019fc4de378dce81de3424b6da041d34dfbd26c57885dbc5963e698fd030058a2394dff82394f4487e1b2fec954309ef1289ecb2e15043a2461ecc7b2ae7d4470607ef82eb1cfa97d84991fe4a7bfdfd715606bc27e2967a6c557cfb5875879b671740b7d8
t-v1-bit-59-2	86725262c971bf064168bca2a87f593d425a49835bd52beb9f52ea59352d80fa1ed5cd25211185a150bd10d70ad0f956606111e43b29d2b4a1038b69b59b831b51c854bdf0bce3bccfb28543df92553460ee76d4ea60bfbfb301340ac02fbc93f5d3e3f962596599b5931f2283fff41c94f4487e1b2fec954309ef1289ecb2e15043a2461ecc7b2ae7d4470607ef82eb1cfa97d84991fe4a7bfdfd715606bc27e2967a6c557cfb5875879b671740b7d8
t-v1-bit-59-3	86725262c971bf064168bca2a87f593d425a49835bd52beb9f52ea59352d80fabcd87796e1fb09d85ec2116bd1bbaffa8b6d0b92d6be1383c554e67d7b9737fb1dd5e8ad6e600e5ef9bd752021e0debd55d9f7c2d6f5982c48d895a330e77a047b7b3818a6cf0cc125471835fee47b1e94f4487e1b2fec954309ef1289ecb2e15043a2461ecc7b2ae7d4470607ef82eb1cfa97d84991fe4a7bfdfd715606bc27e2967a6c557cfb5875879b671740b7d8
t-v1-bit-59-4	86725262c971bf064168bca2a87f593d425a49835bd52beb9f52ea59352d80fa8d2cdca3c40c7859d90d9a979751552d5ae2eec4e19562041bba0bd7dba801b97ad9f8af7cf11dc9c2eedd46065cb59fcbd7160dcefa2cca41041071320a2506362e0f085587eac0f9b8bec0817df19794f4487e1b2fec954309ef1289ecb2e15043a2461ecc7b2ae7d4470607ef82eb1cfa97d84991fe4a7bfdfd715606bc27e2967a6c557cfb5875879b671740b7d8
t-v1-bit-59-5	86725262c971bf064168bca2a87f593d425a49835bd52beb9f52ea59352d80fa7a65ae7942e3c7e24863de86cc9e47fd8c8009293ff43b2ab5eabebd0a2759e884026b81d96f9ee6615185c595f0ea4825e47c42bad3071d85e5a7fd4b428d6f40440e7c6834d7d25dbc7e51a9750fe594f4487e1b2fec954309ef1289ecb2e15043a2461ecc7b2ae7d4470607ef82eb1cfa97d84991fe4a7bfdfd715606bc27e2967a6c557cfb5875879b671740b7d8
t-v1-bit-59-6	86725262c971bf064168bca2a87f593d425a49835bd52beb9f52ea59352d80fa6761a6ddaa468b03a860f9932b5aa74fde3219663760e8c6da27d1e3882ba03d07429ec73afa6e7115051c1c21e2e87938ff7ec9c8d5a81dc9295e3cb22abd72ec163a10f5e68f37b90b76142351fe3594f4487e1b2fec954309ef1289ecb2e15043a2461ecc7b2ae7d4470607ef82eb1cfa97d84991fe4a7bfdfd715606bc27e2967a6c557cfb5875879b671740b7d8
t-v1-bit-59-7	86725262c971bf064168bca2a87f593d425a49835bd52beb9f52ea59352d80fa041bc3490e5ddade687080cc6d355ba656bd42cc1398d44418b62dd79319623b14c8c6abe91c7f8ccb69f715c18b7bb2586c5a65df8b1668cab7922838eda0fe14b0bd7b58b7a9bf9608b0632df8bbe094f4487e1b2fec954309ef1289ecb2e15043a2461ecc7b2ae7d4470607ef82eb1cfa97d84991fe4a7bfdfd715606bc27e2967a6c557cfb5875879b671740b7d8
t-v1-bit-60-0	86725262c971bf064168bca2a87f593d425a49835bd52beb9f52ea59352d80fa30070f0db0be432d37293d860bd6bfed7d0898fc693d78819f2d066092b298780d5e9a9199a8813abcf7df735b9f8d3878bf15427405293f4536afa793bb318bee7a58baaa0cb2668deed31946f853b994f4487e1b2fec954309ef1289ecb2e15043a2461ecc7b2ae7d4470607ef82eb1cfa97d84991fe4a7bfdfd715606bc27e2967a6c557cfb5875879b671740b7d8
t-v1-bit-60-1	86725262c971bf064168bca2a87f593d425a49835bd52beb9f52ea59352d80fa87981abeb484cbcb42c77441abd6c5652e658aca402848d10901c41be562a100b5086d5dffb368c2c2e6e3168d334a2f2f22749f94b36f741c6d6c83f233a84af4618e149c2837560015caab9c2273ab94f4487e1b2fec954309ef1289ecb2e15043a2461ecc7b2ae7d4470607ef82eb1cfa97d84991fe4a7bfdfd715606bc27e2967a6c557cfb5875879b671740b7d8
t-v1-bit-60-2	86725262c971bf064168bca2a87f593d425a49835bd52beb9f52ea59352d80fa2b3c1e1f01344806be9a6a1f9524603af703aae294933d569ae60eb61c8041f1885e7a0d62146965eee67932f45a8ab0d684529881e174ecaee85f8662dcdb1d1d95c9b5709c04ebb6fac481af2e58bb94f4487e1b2fec954309ef1289ecb2e15043a2461ecc7b2ae7d4470607ef82eb1cfa97d84991fe4a7bfdfd715606bc27e2967a6c557cfb5875879b671740b7d8
t-v1-bit-60-3	86725262c971bf064168bca2a87f593d425a49835bd52beb9f52ea59352d80fa0261eab0ee65f1bc1a5106a8d1a7d3f6dc2d66342ab4d5948f1b16b0a2b2ee32f2bf2ce7e8934b1d0d844a572f158a8e2baa0f853bb05ce24c9b415ac339ac1797fcb388d140cb4e30c8f9c311151e9794f4487e1b2fec954309ef1289ecb2e15043a2461ecc7b2ae7d4470607ef82eb1cfa97d84991fe4a7bfdfd715606bc27e2967a6c557cfb5875879b671740b7d8
t-v1-bit-60-4	86725262c971bf064168bca2a87f593d425a49835bd52beb9f52ea59352d80fa0049c8a9aace5cd573d5cf18f12d0259b2af8a38b23b51132fdec41410aa8022cc1043140596c64067e96aa1fc91bc042f313a7a9ea127ccf9c25b240cb11d0858858944b617c4f486a7465c2b6cb8e094f4487e1b2fec954309ef1289ecb2e15043a2461ecc7b2ae7d4470607ef82eb1cfa97d84991fe4a7bfdfd715606bc27e2967a6c557cfb5875879b671740b7d8
t-v1-bit-60-5	86725262c971bf064168bca2a87f593d425a49835bd52beb9f52ea59352d80fa56231515f739932f6741cfd9271fa5aa3085a099efc59642e10604127e2c932060359e59fba4d962d0a3775d8b8f763b7ab5764f6bea71ed9b4532e017e15ffa4a9aac79dfb667429df1531983c283ff94f4487e1b2fec954309ef1289ecb2e15043a2461ecc7b2ae7d4470607ef82eb1cfa97d84991fe4a7bfdfd715606bc27e2967a6c557cfb5875879b671740b7d8
t-v1-bit-60-6	86725262c971bf064168bca2a87f593d425a49835bd52beb9f52ea59352d80faf300e49b68910e6375c09110923ac08451e25905708591751eea11c2a4a7e2889a6d1c15b0bc3d01eec891bb7d6c1e7799c64b4253ed920d239c504b96fa1a29f7dad95508b3afce481a906551e3771994f4487e1b2fec954309ef1289ecb2e15043a2461ecc7b2ae7d4470607ef82eb1cfa97d84991fe4a7bfdfd715606bc27e2967a6c557cfb5875879b671740b7d8
t-v1-bit-60-7	86725262c971bf064168bca2a87f593d425a49835bd52beb9f52ea59352d80fa552f2fd31bcf75536d493a0ee44d7c201e2d2e3977690d2c4f34a613001dd4554308c6ed5bc799bdedc95f9912814538002a0c9bc5a8342d751529c21340f07c8be5ad7d0300e9cef29da930adef76da94f4487e1b2fec954309ef1289ecb2e15043a2461ecc7b2ae7d4470607ef82eb1cfa97d84991fe4a7bfdfd715606bc27e2967a6c557cfb5875879b671740b7d8
t-v1-bit-61-0	86725262c971bf064168bca2a87f593d425a49835bd52beb9f52ea59352d80fab4149e3e0236eeb7ba95a0ecef210d476dcee7b09a89303cad49852c6942ce8c0194a7e131b0a7ebe49cf45e52da002b9dc723f9fc7508de234672c4817af1b18d4938de013cab7671ce332e3d32957e94f4487e1b2fec954309ef1289ecb2e15043a2461ecc7b2ae7d4470607ef82eb1cfa97d84991fe4a7bfdfd715606bc27e2967a6c557cfb5875879b671740b7d8
t-v1-bit-61-1	86725262c971bf064168bca2a87f593d425a49835bd52beb9f52ea59352d80faedaee8b6c68df3368a37c9a5a19e84a215c3993d013bc03edfa17be3565ae2db16fc07a8addc580db9c4a3d47842f8da9460d74702bb2caaa5463705780455423b4297750d09987d8cdbba9f33edd3d694f4487e1b2fec954309ef1289ecb2e15043a2461ecc7b2ae7d4470607ef82eb1cfa97d84991fe4a7bfdfd715606bc27e2967a6c557cfb5875879b671740b7d8
t-v1-bit-61-2	86725262c971bf064168bca2a87f593d425a49835bd52beb9f52ea59352d80fac7d2cbefde294636ce5b49e37d5b33e67658c9be2664291028bd7741f1782a7361b37602b5a8922026d123aeccad7ab57db670178f62f8b97d59fcb7efd3115a34ef90793c3399e744b2dbc41604ec0094f4487e1b2fec954309ef1289ecb2e15043a2461ecc7b2ae7d4470607ef82eb1cfa97d84991fe4a7bfdfd715606bc27e2967a6c557cfb5875879b671740b7d8
t-v1-bit-61-3	86725262c971bf064168bca2a87f593d425a49835bd52beb9f52ea59352d80fa34062f03516adabdd5e495774d9e1328f82846e5d84c49c3c9de168a20905523a898a58b704f1fb537fe7d4eebd28854153f54268d82843938a28d2f913d70ec23391282ad85c4d58b6a0635732232c794f4487e1b2fec954309ef1289ecb2e15043a2461ecc7b2ae7d4470607ef82eb1cfa97d84991fe4a7bfdfd715606bc27e2967a6c557cfb5875879b671740b7d8
t-v1-bit-61-4	86725262c971bf064168bca2a87f593d425a49835bd52beb9f52ea59352d80fa0aabc53581a86f8f90d690796d1c3427693e01f01149dd8ca42f0f253ddd73bc3c1674fa2f96f8112b8b775fe8f1b4ea7b79cb027059a006c722b03694acf27646939811021e94cc648becadad30f18b94f4487e1b2fec954309ef1289ecb2e15043a2461ecc7b2ae7d4470607ef82eb1cfa97d84991fe4a7bfdfd715606bc27e2967a6c557cfb5875879b671740b7d8
t-v1-bit-61-5	86725262c971bf064168bca2a87f593d425a49835bd52beb9f52ea59352d80fa2c05e17d5cb3710e62528ddb0fc0f7e86a70b74509b027605ab29ac8e0ec7e3acbdcc465d2e851e377bb110faf28c8d8c70c0c1bfbb2635adb0acc58fc6d2bf6227336c5378e84edc8f7f091671a9c5894f4487e1b2fec954309ef1289ecb2e15043a2461ecc7b2ae7d4470607ef82eb1cfa97d84991fe4a7bfdfd715606bc27e2967a6c557cfb5875879b671740b7d8
t-v1-bit-61-6	86725262c971bf064168bca2a87f593d425a49835bd52beb9f52ea59352d80fa84268346e7afbe85eeb4a3bd2ea4982045100f12e8756ffad255a14a32860be21ebcc09f91d03342ffc8975e035a8cf42adb8cfde5b072631c9bf46f93cc132090968158658d77bbce22b8624890e48e94f4487e1b2fec954309ef1289ecb2e15043a2461ecc7b2ae7d4470607ef82eb1cfa97d84991fe4a7bfdfd715606bc27e2967a6c557cfb5875879b671740b7d8
t-v1-bit-61-7	86725262c971bf064168bca2a87f593d425a49835bd52beb9f52ea59352d80fa64ac5ea1f7781be625ad88c06e11e92a3b9db1ddaeedbef5a6761a2461a69f2b5951e21878e44cdd10b4c402e14d122594758b3cec8d7b7c93df347153670c2b77113cf35beb4db797c2c431249146c694f4487e1b2fec954309ef1289ecb2e15043a2461ecc7b2ae7d4470607ef82eb1cfa97d84991fe4a7bfdfd715606bc27e2967a6c557cfb5875879b671740b7d8
t-v1-bit-62-0	86725262c971bf064168bca2a87f593d425a49835bd52beb9f52ea59352d80fa3fd8c13b9d3c988ec6a5d37c7eb9eaaaf27c19ac9d3a5500af39dd712ae80570ffedf95315b17ba0ac8356b1f379202122e32aa8fb280980693f46ccbaccd9c02c8699bb294843a943795a21db747bce94f4487e1b2fec954309ef1289ecb2e15043a2461ecc7b2ae7d4470607ef82eb1cfa97d84991fe4a7bfdfd715606bc27e2967a6c557cfb5875879b671740b7d8
t-v1-bit-62-1	86725262c971bf064168bca2a87f593d425a49835bd52beb9f52ea59352d80fa9aaa306e4572be081492f9e1f3e60165045472c1933102231097841dbffd3a9401ff4e11535f85a46f6622d0a303aafc3168de844f571bd102b12d7adc9e5b3424a05713372290bec43639ae0d14217494f4487e1b2fec954309ef1289ecb2e15043a2461ecc7b2ae7d4470607ef82eb1cfa97d84991fe4a7bfdfd715606bc27e2967a6c557cfb5875879b671740b7d8
t-v1-bit-62-2	86725262c971bf064168bca2a87f593d425a49835bd52beb9f52ea59352d80fa7e9c3dbdccca85b8636d251fc47e41dd9634520de7c46533ed89902eddd472f3d0a65243fcf4e61b5e39ebe347a01cc28c9dda8fc831b0b7fc5d59cadbc9faa2d60e7983a0c9e55eda12d5acc84fccd894f4487e1b2fec954309ef1289ecb2e15043a2461ecc7b2ae7d4470607ef82eb1cfa97d84991fe4a7bfdfd715606bc27e2967a6c557cfb5875879b671740b7d8
t-v1-bit-62-3	86725262c971bf064168bca2a87f593d425a49835bd52beb9f52ea59352d80fa2fc62b264ce7353ec683bf3bc07692839089d7499a2aec044ed77a93e5e3d075675124cb010602964fd8d542429cbe0728ae9f054a2dccf3ebd82002fd2cd7c0b0dc670e1a6dbd7636bc1d8033d42e7094f4487e1b2fec954309ef1289ecb2e15043a2461ecc7b2ae7d4470607ef82eb1cfa97d84991fe4a7bfdfd715606bc27e2967a6c557cfb5875879b671740b7d8
t-v1-bit-62-4	86725262c971bf064168bca2a87f593d425a49835bd52beb9f52ea59352d80fa6c2e35de0836713b65fbee23744a3496b8b649918c9cd32ea1f94fe0fe84a319318438e0d3e5ddfb2506a8001a2f0d2e8df674d9d382f9f2c780206f028bb77db2b87ecf87b6b775e6c2a3409f99cd0894f4487e1b2fec954309ef1289ecb2e15043a2461ecc7b2ae7d4470607ef82eb1cfa97d84991fe4a7bfdfd715606bc27e2967a6c557cfb5875879b671740b7d8
t-v1-bit-62-5	86725262c971bf064168bca2a87f593d425a49835bd52beb9f52ea59352d80fab81a1f24c2e910a81dca5e17fab0c7146f141f43f869ddd4f1b9b2ae6eb8bd0da7274677192b1e7af43376353b42d05c05e1aae9b553ba67203e09edb011c772a45231f44800afdd9327ddf9514b118b94f4487e1b2fec954309ef1289ecb2e15043a2461ecc7b2ae7d4470607ef82eb1cfa97d84991fe4a7bfdfd715606bc27e2967a6c557cfb5875879b671740b7d8
t-v1-bit-62-6	86725262c971bf064168bca2a87f593d425a49835bd52beb9f52ea59352d80fa021a404a40ffc78e2c0d3edbb0c05b25053e6f60507e917f2e20db79cc5b463e1dbc1832bb9b2e3f9ecb19147388c73bbea605f058e1d6678a841a13119fb32be0e8c4c1ecb012cf49ef22a865193b1694f4487e1b2fec954309ef1289ecb2e15043a2461ecc7b2ae7d4470607ef82eb1cfa97d84991fe4a7bfdfd715606bc27e2967a6c557cfb5875879b671740b7d8
t-v1-bit-62-7	86725262c971bf064168bca2a87f593d425a49835bd52beb9f52ea59352d80fa50e2cb5ebfe67279d4c8a0062e0a48d7bb4282446480db7c70aef4368cde8c963e5fa2d57004cc6c39f7ed2888683e45648a5ac2bbedb5b8c4c999acf29dca5449c8f2e4a15b028e233a505174fbb2a694f4487e1b2fec954309ef1289ecb2e15043a2461ecc7b2ae7d4470607ef82eb1cfa97d84991fe4a7bfdfd715606bc27e2967a6c557cfb5875879b671740b7d8
t-v1-bit-63-0	86725262c971bf064168bca2a87f593d425a49835bd52beb9f52ea59352d80fa40746046a5c97dc3a8da11ecd03e11c74bcf60afc93566178bddd3de9ea291be54763f094a5f45692bc60438dbbc6cb7b7b58434f97771d33f91fafd0bc6a581505d0cb6f498cd811f0f362799e985c194f4487e1b2fec954309ef1289ecb2e15043a2461ecc7b2ae7d4470607ef82eb1cfa97d84991fe4a7bfdfd715606bc27e2967a6c557cfb5875879b671740b7d8
t-v1-bit-63-1	86725262c971bf064168bca2a87f593d425a49835bd52beb9f52ea59352d80fa6b748d1948a2efe052ab31e995a6628ba2a0b51cd6b6b183dfbb1880d22139a50a1efa2102fbe08db87af5d1031ac79d81099c2756187c47188a46d567bd1f746d619159fdb65ce4ee3feb40813eaa5694f4487e1b2fec954309ef1289ecb2e15043a2461ecc7b2ae7d4470607ef82eb1cfa97d84991fe4a7bfdfd715606bc27e2967a6c557cfb5875879b671740b7d8
t-v1-bit-63-2	86725262c971bf064168bca2a87f593d425a49835bd52beb9f52ea59352d80fa067bb270d1b95ffd92b3de3e28ebce780143542875a218ed3dc87eb9878ee50686be2ed07004c523bea48f0ffd5c8989207b58d7e52918ddb09046d795a09142b0c4f58c8985556dc0ce3539c5c4b13194f4487e1b2fec954309ef1289ecb2e15043a2461ecc7b2ae7d4470607ef82eb1cfa97d84991fe4a7bfdfd715606bc27e2967a6c557cfb5875879b671740b7d8
t-v1-bit-63-3	86725262c971bf064168bca2a87f593d425a49835bd52beb9f52ea59352d80fa7cd95d8a08e0716bbe8a9d5a4a22b63d01f30bc5f1cff38dde17573f115026ff0ca7dee268b65d151cfa8bbec92998e26ea02fe5c11629726651d309df460aa79c9acd85e8398845b962cc97d93c463194f4487e1b2fec954309ef1289ecb2e15043a2461ecc7b2ae7d4470607ef82eb1cfa97d84991fe4a7bfdfd715606bc27e2967a6c557cfb5875879b671740b7d8
t-v1-bit-63-4	86725262c971bf064168bca2a87f593d425a49835bd52beb9f52ea59352d80fadecb2b3a2d74cb7f0b5f18ca8da5737ab152fd9522ca839977526a9c41d2f3303fd5ccd12702eec5c62e46ee9809412968bcb1f9b630c6764f3f79f792345a028cd34ef9778541a9ecf774c729e233f494f4487e1b2fec954309ef1289ecb2e15043a2461ecc7b2ae7d4470607ef82eb1cfa97d84991fe4a7bfdfd715606bc27e2967a6c557cfb5875879b671740b7d8
t-v1-bit-63-5	86725262c971bf064168bca2a87f593d425a49835bd52beb9f52ea59352d80fafa38991679f4083ef8638dc275f83a9da510600f0860127549e101013691101b5057a56fbf626f850d494be8f7686ce966ff1724704b01b4633e0e734424430592e774a042af6bc338b8ed1fbc493ebf94f4487e1b2fec954309ef1289ecb2e15043a2461ecc7b2ae7d4470607ef82eb1cfa97d84991fe4a7bfdfd715606bc27e2967a6c557cfb5875879b671740b7d8
t-v1-bit-63-6	86725262c971bf064168bca2a87f593d425a49835bd52beb9f52ea59352d80fa7e1b960a4cec7aa81ea1d353d0bf2bf7505a2d890e2e8d84942d37148a0f0443ba4a15c980adb773d19ba6fcf60ba423188de54d59f0c103df10cd6b2659abe14dd5945df369d8c51b97253fb035ad1494f4487e1b2fec954309ef1289ecb2e15043a2461ecc7b2ae7d4470607ef82eb1cfa97d84991fe4a7bfdfd715606bc27e2967a6c557cfb5875879b671740b7d8
t-v1-bit-63-7	86725262c971bf064168bca2a87f593d425a49835bd52beb9f52ea59352d80faae0890a512966dba6be3d9560950bda0181783afbae5d3fd0e0851e3db3d65b13ca543df5ae51d2953290250351b92978cfa7ceff0cde27339cc82af7e575cea4beadac582c31029fb12077463a8992c94f4487e1b2fec954309ef1289ecb2e15043a2461ecc7b2ae7d4470607ef82eb1cfa97d84991fe4a7bfdfd715606bc27e2967a6c557cfb5875879b671740b7d8
t-v1-bit-64-0	86725262c971bf064168bca2a87f593d425a49835bd52beb9f52ea59352d80fa9acf5989de90332c52bfcff3a36c86bae4373a04f761a8175248b4be90bfa18a8a9b018c4761fcf5fd6078c596a15ddd312af840399e17d46db841b1d09ab6f39b6e1c0e71fc8b65d4dca34fc581353b94f4487e1b2fec954309ef1289ecb2e15043a2461ecc7b2ae7d4470607ef82eb1cfa97d84991fe4a7bfdfd715606bc27e2967a6c557cfb5875879b671740b7d8
t-v1-bit-64-1	86725262c971bf064168bca2a87f593d425a49835bd52beb9f52ea59352d80fa6c959892478a52fb3a078843a1fd67513da3d28a4ed7d54a82687d7218331515abc3a879221451fc6ad61e3bea52d7d48b5836239aba18df7da86ff6e8944874a7d809870229193f456082cf18125b0294f4487e1b2fec954309ef1289ecb2e15043a2461ecc7b2ae7d4470607ef82eb1cfa97d84991fe4a7bfdfd715606bc27e2967a6c557cfb5875879b671740b7d8
t-v1-bit-64-2	86725262c971bf064168bca2a87f593d425a49835bd52beb9f52ea59352d80fa2d791c134bb6e6228b431eaa13bde749b8cb6331d23227dcb8f98a922f7300f225cdb545f2d9ad51c744679eeb373f5af95db496012a1c4476e7c29f5ffe54e4b0d4dcdb893e0e0f864bcaaeac1ea67994f4487e1b2fec954309ef1289ecb2e15043a2461ecc7b2ae7d4470607ef82eb1cfa97d84991fe4a7bfdfd715606bc27e2967a6c557cfb5875879b671740b7d8
t-v1-bit-64-3	86725262c971bf064168bca2a87f593d425a49835bd52beb9f52ea59352d80fadc589440670b1da6cf3722fb0544ddf75823762d5da3614c74699c0252f7b317784542861fdd28c9cd39c1ed4471c4e09ffa9333440bc3021529a83794345acc5a75dcf0eaa601d2f0bc7f023c092b0994f4487e1b2fec954309ef1289ecb2e15043a2461ecc7b2ae7d4470607ef82eb1cfa97d84991fe4a7bfdfd715606bc27e2967a6c557cfb5875879b671740b7d8
t-v1-bit-64-4	86725262c971bf064168bca2a87f593d425a49835bd52beb9f52ea59352d80fa07cae9315f506d65650d09063fdf516279d2f09dd57ae3d3b68a342eb8ef8206419b1bb0a8a4981751db28e2828eccd988791bfb1bd33dc2fa515d31de2511a0d836529ca19767f03a3f67b0a96d788a94f4487e1b2fec954309ef1289ecb2e15043a2461ecc7b2ae7d4470607ef82eb1cfa97d84991fe4a7bfdfd715606bc27e2967a6c557cfb5875879b671740b7d8
t-v1-bit-64-5	86725262c971bf064168bca2a87f593d425a49835bd52beb9f52ea59352d80fa4a3222e8ed3d9a4593ea97c003b4b02112c151e337281488b4ff87ba2a889aeb35a1a6f7f180d722d3ff28a30d419e3a3d6650882419dad52cdd4949dce7cfc3791f3fd122e740c9705d48d9c229c8ac94f4487e1b2fec954309ef1289ecb2e15043a2461ecc7b2ae7d4470607ef82eb1cfa97d84991fe4a7bfdfd715606bc27e2967a6c557cfb5875879b671740b7d8
t-v1-bit-64-6	86725262c971bf064168bca2a87f593d425a49835bd52beb9f52ea59352d80fa272a82ef95dea016dde8e939f46b443fd7588d24d4f808a90e442de561b590c811b714cda997fed26549deaf05819279490a4f446c73ca0970d5f82c6b60cb12032614d40a884b7d2dba83f81019dc3d94f4487e1b2fec954309ef1289ecb2e15043a2461ecc7b2ae7d4470607ef82eb1cfa97d84991fe4a7bfdfd715606bc27e2967a6c557cfb5875879b671740b7d8
t-v1-bit-64-7	86725262c971bf064168bca2a87f593d425a49835bd52beb9f52ea59352d80fa92fc7484914d92f2c25a4e032814fbdf3082aef236f6ffdfa00807a15100eb23e7b831e60b9b64e4de6a6d85cdb8039bbd9554ac6305c7065d6faba59065ddb03dfa545560bf9ad40f1cba4c97e8790c94f4487e1b2fec954309ef1289ecb2e15043a2461ecc7b2ae7d4470607ef82eb1cfa97d84991fe4a7bfdfd715606bc27e2967a6c557cfb5875879b671740b7d8
t-v1-bit-65-0	86725262c971bf064168bca2a87f593d425a49835bd52beb9f52ea59352d80fae5a296c160fee40ba391aa65dcbe5c80c6232ee79358d604ee606166e12659e0bb2866497d26628d56732601c1f0f3d51e610c1c212b5489fb9478d11e9b70706455bb678c410ebabbe65d3694ce299a94f4487e1b2fec954309ef1289ecb2e15043a2461ecc7b2ae7d4470607ef82eb1cfa97d84991fe4a7bfdfd715606bc27e2967a6c557cfb5875879b671740b7d8
t-v1-bit-65-1	86725262c971bf064168bca2a87f593d425a49835bd52beb9f52ea59352d80fa9557c4a13f899a879b289b9c8e67dc1e06a74b3ad33ad8d8e2af15a94da29df4217284755247ef496397c9ca74d95d6991f25b1725f5db7fda7a06c1c94a1a8ca06c8c782c454897c2b85e29d12c03e794f4487e1b2fec954309ef1289ecb2e15043a2461ecc7b2ae7d4470607ef82eb1cfa97d84991fe4a7bfdfd715606bc27e2967a6c557cfb5875879b671740b7d8
t-v1-bit-65-2	86725262c971bf064168bca2a87f593d425a49835bd52beb9f52ea59352d80fad3d210cf961b5035b088c592223d852a217869215256a4213b96c2b402289eaf5e93cd5444183e6cd59b05e5aa7863ebca9213ae7bdad9756a39f07d86abf152440561b7cf98859a26a7deb4fe267dcd94f4487e1b2fec954309ef1289ecb2e15043a2461ecc7b2ae7d4470607ef82eb1cfa97d84991fe4a7bfdfd715606bc27e2967a6c557cfb5875879b671740b7d8
t-v1-bit-65-3	86725262c971bf064168bca2a87f593d425a49835bd52beb9f52ea59352d80fadb2298711eaff968aa79f070fa1c4cef5309f3f0b8ab22702faffa7d039d810209023243257a4f3e35c59347e81243e7d13b3f09fddccbf6e727ec958526ef7de785d38b698b01ec7c5a81261f125b1794f4487e1b2fec954309ef1289ecb2e15043a2461ecc7b2ae7d4470607ef82eb1cfa97d84991fe4a7bfdfd715606bc27e2967a6c557cfb5875879b671740b7d8
t-v1-bit-65-4	86725262c971bf064168bca2a87f593d425a49835bd52beb9f52ea59352d80fade630fd7822f2f2514587bea4db581f2c55e30f578476e7cb61201162762557e4236b3b3cd2f80af4c9fd4f5fff497faad050bd465f29026a7c4efa2d66a135002ab849ddde9e8d1412dc03fae8b6a0194f4487e1b2fec954309ef1289ecb2e15043a2461ecc7b2ae7d4470607ef82eb1cfa97d84991fe4a7bfdfd715606bc27e2967a6c557cfb5875879b671740b7d8
t-v1-bit-65-5	86725262c971bf064168bca2a87f593d425a49835bd52beb9f52ea59352d80fad4a5eb4a33e46d76eece0299be2b60b998398fd274681fc2776100996befc6a1751eadab15df807b396d34701ee8eb114f60b71730a5d1daf3c87302ca56ca6256957e47f3c85965f608c9b04deeff7c94f4487e1b2fec954309ef1289ecb2e15043a2461ecc7b2ae7d4470607ef82eb1cfa97d84991fe4a7bfdfd715606bc27e2967a6c557cfb5875879b671740b7d8
t-v1-bit-65-6	86725262c971bf064168bca2a87f593d425a49835bd52beb9f52ea59352d80fa26919dda0020907796c58e41a808f76c19f8ed3e1217a4f735137d6db9aad9f05b867dd45b2131905cf8c7e108c0f2914de567bcc0fa8e7735fae79a7c60b722d3fd80580314d4904f0cacaad00040b594f4487e1b2fec954309ef1289ecb2e15043a2461ecc7b2ae7d4470607ef82eb1cfa97d84991fe4a7bfdfd715606bc27e2967a6c557cfb5875879b671740b7d8
t-v1-bit-65-7	86725262c971bf064168bca2a87f593d425a49835bd52beb9f52ea59352d80fa05fea11a0cc0fbb2da36f6842ddc0e74ff0417bb92ff9240ed872fec2bebc574b4a624962c6170b4638ebd638c31b18771d5bc75e52fe6c43667238bceb5671d8787051de0f27f630c04b8c78834cb4394f4487e1b2fec954309ef1289ecb2e15043a2461ecc7b2ae7d4470607ef82eb1cfa97d84991fe4a7bfdfd715606bc27e2967a6c557cfb5875879b671740b7d8
t-v1-bit-66-0	86725262c971bf064168bca2a87f593d425a49835bd52beb9f52ea59352d80faeb7d481ad0f1a4fa32a89025de29c1974e54f9cc28637fce422f1f4a6e3245465d626c8052aefe9a76a29378e9082254185e11d0ce6da7121098720080c025e305649e8c6171c80e50f47904d9eb72b394f4487e1b2fec954309ef1289ecb2e15043a2461ecc7b2ae7d4470607ef82eb1cfa97d84991fe4a7bfdfd715606bc27e2967a6c557cfb5875879b671740b7d8
t-v1-bit-66-1	86725262c971bf064168bca2a87f593d425a49835bd52beb9f52ea59352d80faab64a836bed1e837121897d82e02892b7aae28713f617576d63d1c8fa66acebce75dbb7dd7f5a9dc9f3f226f956b0686e3fda885fd8b153bfcda1f98e815c71b86888dba73680b2eb5ea4b650548d97994f4487e1b2fec954309ef1289ecb2e15043a2461ecc7b2ae7d4470607ef82eb1cfa97d84991fe4a7bfdfd715606bc27e2967a6c557cfb5875879b671740b7d8
t-v1-bit-66-2	86725262c971bf064168bca2a87f593d425a49835bd52beb9f52ea59352d80fa1a1389db08246d44d5d6fc6f5c76ea9bc19e2a00877cd4c25e8c522f7fb8874e83909f7a505044a1fdeaeffbf1081fcfc5fae6b1b1c9f742f11472dd3a5ebf0eb0e41127664b2eaf17cd601a931fdeb794f4487e1b2fec954309ef1289ecb2e15043a2461ecc7b2ae7d4470607ef82eb1cfa97d84991fe4a7bfdfd715606bc27e2967a6c557cfb5875879b671740b7d8
t-v1-bit-66-3	86725262c971bf064168bca2a87f593d425a49835bd52beb9f52ea59352d80fac0130dd13ef92ef79c21aedb39b1648a708c6e94ae4b2854722b93240bd205e7e14622fb5bc6bcaade9b2bf3cbbd690571a8d154eba47157a69345a2a9c3d7f485ebed91fc870f4b5710c1dce01b636694f4487e1b2fec954309ef1289ecb2e15043a2461ecc7b2ae7d4470607ef82eb1cfa97d84991fe4a7bfdfd715606bc27e2967a6c557cfb5875879b671740b7d8
t-v1-bit-66-4	86725262c971bf064168bca2a87f593d425a49835bd52beb9f52ea59352d80fa37b735a27984237465fe482a533449893c4ede169ad2e44252c956ea0a2f658422e51d7765fee8838e92f91e416bee60492daee5f869bea6bd9386343520799657e8a41afbd4471f9b33cfa33f2df87d94f4487e1b2fec954309ef1289ecb2e15043a2461ecc7b2ae7d4470607ef82eb1cfa97d84991fe4a7bfdfd715606bc27e2967a6c557cfb5875879b671740b7d8
t-v1-bit-66-5	86725262c971bf064168bca2a87f593d425a49835bd52beb9f52ea59352d80fa5da47620b64cb2d64fcbfd9cbaab94ab2e89146334f5790458844d214aec36911b9dcad161f52919f22262ef6ea8bb21aea73ab0697bb9a2daad7a97c480c87909c797c5018bdb3e1411297e8fca13c394f4487e1b2fec954309ef1289ecb2e15043a2461ecc7b2ae7d4470607ef82eb1cfa97d84991fe4a7bfdfd715606bc27e2967a6c557cfb5875879b671740b7d8
t-v1-bit-66-6	86725262c971bf064168bca2a87f593d425a49835bd52beb9f52ea59352d80faf06dda04ed29aa1285f11fa7726c9e3621d5597290a66528d627ca2de959b5e2a489009b49e766a48b8aa664df5935a14d3886dfb0153a4e792d33fbaa796c5ee94acc20cd98142cd9decadf40c25bb294f4487e1b2fec954309ef1289ecb2e15043a2461ecc7b2ae7d4470607ef82eb1cfa97d84991fe4a7bfdfd715606bc27e2967a6c557cfb5875879b671740b7d8
t-v1-bit-66-7	86725262c971bf064168bca2a87f593d425a49835bd52beb9f52ea59352d80fa8d21d69dbe61089db4d3bce5dd29631841d7a80b4fc740346711f78ec5e798f04d73ec8dffc621082f644cae6bc50cbed55936a447fe7feb77901066e7b53564cab1fd8185b24b1a5410666979d715a394f4487e1b2fec954309ef1289ecb2e15043a2461ecc7b2ae7d4470607ef82eb1cfa97d84991fe4a7bfdfd715606bc27e2967a6c557cfb5875879b671740b7d8
t-v1-bit-67-0	86725262c971bf064168bca2a87f593d425a49835bd52beb9f52ea59352d80fa21bae525f154e9bcd045525e73776bdedad6a660a14232be42eb58641bc8ca1cee1515688c3a1edfcdd94650cdfa9d95d7d0070e49968cf80ee04b8e8fad90abb12c63ae617673002e088f5b661c0de794f4487e1b2fec954309ef1289ecb2e15043a2461ecc7b2ae7d4470607ef82eb1cfa97d84991fe4a7bfdfd715606bc27e2967a6c557cfb5875879b671740b7d8
t-v1-bit-67-1	86725262c971bf064168bca2a87f593d425a49835bd52beb9f52ea59352d80fa4c21d2fd2f06078e6d3cf6f3f8984f5b6e29b960ca84bfa42d25d8fc54771249b63c7c1433381562f029717d1804bd14922279eb914829e3a8f23e0cbee9ad19625dfad9d0c557025452c1f4c7295f9a94f4487e1b2fec954309ef1289ecb2e15043a2461ecc7b2ae7d4470607ef82eb1cfa97d84991fe4a7bfdfd715606bc27e2967a6c557cfb5875879b671740b7d8
t-v1-bit-67-2	86725262c971bf064168bca2a87f593d425a49835bd52beb9f52ea59352d80fa0d5f2e9a0ff0e0232f126a82d67aa50c77b7ca0c9232006e7554e581813ebfbcfb6fcc973ac012a293ea3577e7c54c0d91138968ac3c221237d0f6cc527b55cc1d12f61ff1b1fbc3c5153123e66720ce94f4487e1b2fec954309ef1289ecb2e15043a2461ecc7b2ae7d4470607ef82eb1cfa97d84991fe4a7bfdfd715606bc27e2967a6c557cfb5875879b671740b7d8
t-v1-bit-67-3	86725262c971bf064168bca2a87f593d425a49835bd52beb9f52ea59352d80fa06889115892a570c8765ffb457c5c6262494af45df6a46d459eb5b93d3b6f0a705f6ab34a20ff2ca9211d3a905f752487da5bb7bb4c0317bc41390cf7b20e297e859f41fb7dda7d34599093e54b8474594f4487e1b2fec954309ef1289ecb2e15043a2461ecc7b2ae7d4470607ef82eb1cfa97d84991fe4a7bfdfd715606bc27e2967a6c557cfb5875879b671740b7d8
t-v1-bit-67-4	86725262c971bf064168bca2a87f593d425a49835bd52beb9f52ea59352d80fa09f04cac0edb8bffef9680fe4bc6bb38036a053fb26ef6df16654cb14868c5793a4b84546f8a959b29c6226e9c57870a27b8a581ca2dc7b5d7f1b51dd3abf9979da3af960f597d02ed6372475ccdfa6494f4487e1b2fec954309ef1289ecb2e15043a2461ecc7b2ae7d4470607ef82eb1cfa97d84991fe4a7bfdfd715606bc27e2967a6c557cfb5875879b671740b7d8
t-v1-bit-67-5	86725262c971bf064168bca2a87f593d425a49835bd52beb9f52ea59352d80fa838fc63b2368c3c72b06173b756eb71e637768d744d4d48eaa7856201b64462657e95446960c7a8bdff4f4a5826f2d58c9f650ee3a31dcf476619a6379560683df92e38fd2f4a11d42b73b6f51dade5694f4487e1b2fec954309ef1289ecb2e15043a2461ecc7b2ae7d4470607ef82eb1cfa97d84991fe4a7bfdfd715606bc27e2967a6c557cfb5875879b671740b7d8
t-v1-bit-67-6	86725262c971bf064168bca2a87f593d425a49835bd52beb9f52ea59352d80fa056c6cbefe2e22ed79f49f004ce7e363f4a52b05929cefaaa0edc84883f16015a60766776192f710abbe03eb1684eb36c3fb35c4869f2bbce512c3b6c10b67ed81816be2453827177e0535f2740eec2e94f4487e1b2fec954309ef1289ecb2e15043a2461ecc7b2ae7d4470607ef82eb1cfa97d84991fe4a7bfdfd715606bc27e2967a6c557cfb5875879b671740b7d8
t-v1-bit-67-7	86725262c971bf064168bca2a87f593d425a49835bd52beb9f52ea59352d80fadec9587080a38b656c967c9106444c09fcc3520a401f6a69baf60de7435d198ded8b91ac8f7acb531ff177c9782d2888250bf4738a09f3c88201937ff37c86513c3c5826ce38e7931633efec400d03e894f4487e1b2fec954309ef1289ecb2e15043a2461ecc7b2ae7d4470607ef82eb1cfa97d84991fe4a7bfdfd715606bc27e2967a6c557cfb5875879b671740b7d8
t-v1-bit-68-0	86725262c971bf064168bca2a87f593d425a49835bd52beb9f52ea59352d80fa9e1e2a5772fdc08360339037647836f85198e6456c8c8d9857f2b11d353c0210f93d6e91ccbf035bed0d182e1f40a533e6345d57676e95788e036b271e666de7fb4f7b9efa51c91c321309d62c221c4094f4487e1b2fec954309ef1289ecb2e15043a2461ecc7b2ae7d4470607ef82eb1cfa97d84991fe4a7bfdfd715606bc27e2967a6c557cfb5875879b671740b7d8
t-v1-bit-68-1	86725262c971bf064168bca2a87f593d425a49835bd52beb9f52ea59352d80fa339f5f06f1308fc69089406f41887faf5ed0ca8aec183dec693994fa632d8c476f44ee08f0681a511d4848e08282635eb19e26f847cf1bd17eee8870cb59294e2093f1dfcb59f3c94400e59d47ef20d394f4487e1b2fec954309ef1289ecb2e15043a2461ecc7b2ae7d4470607ef82eb1cfa97d84991fe4a7bfdfd715606bc27e2967a6c557cfb5875879b671740b7d8
t-v1-bit-68-2	86725262c971bf064168bca2a87f593d425a49835bd52beb9f52ea59352d80faa79b310efc4438e6d63b95900eb45360d0262a6d88c194f7b40676c8dd8b8d29313b45373f3ad6a4b58f11f7b4c784c5afa84a2a21c444c3b67731116c9abeb4e0e1908e5591b77307e22e85a21f263794f4487e1b2fec954309ef1289ecb2e15043a2461ecc7b2ae7d4470607ef82eb1cfa97d84991fe4a7bfdfd715606bc27e2967a6c557cfb5875879b671740b7d8
t-v1-bit-68-3	86725262c971bf064168bca2a87f593d425a49835bd52beb9f52ea59352d80fae3f622ce78a443f8db6f8b183ee7d98eb9a134757183f5321b3f72a9492a15eda852f6ad391aa51a34d68faf4510610b395c750e7858fba419deb85ea3e115ca0e178c1bc8b4ff3cf2557d3aadc600b194f4487e1b2fec954309ef1289ecb2e15043a2461ecc7b2ae7d4470607ef82eb1cfa97d84991fe4a7bfdfd715606bc27e2967a6c557cfb5875879b671740b7d8
t-v1-bit-68-4	86725262c971bf064168bca2a87f593d425a49835bd52beb9f52ea59352d80fa5afb1293b921507a370b3fb0745bfa5878b4f083220d79bbe38f0b141415d8e28a2dcdeddf03455f233a51beb828ae05762ca9113d47a398a727554e70e81a304590af0e118b5c23b50d16dea883027894f4487e1b2fec954309ef1289ecb2e15043a2461ecc7b2ae7d4470607ef82eb1cfa97d84991fe4a7bfdfd715606bc27e2967a6c557cfb5875879b671740b7d8
t-v1-bit-68-5	86725262c971bf064168bca2a87f593d425a49835bd52beb9f52ea59352d80fac29de55de35545655432c6d007ea1713a5c7a4fbd54fe5b057f5d02c8906aeccad67629295b7742c5c7e119a6298a422415d3c2c960b700927058ae8209c7123e40c2f6d9108770fa7af4470091f672f94f4487e1b2fec954309ef1289ecb2e15043a2461ecc7b2ae7d4470607ef82eb1cfa97d84991fe4a7bfdfd715606bc27e2967a6c557cfb5875879b671740b7d8
t-v1-bit-68-6	86725262c971bf064168bca2a87f593d425a49835bd52beb9f52ea59352d80fa96f02e586045a69e02dcbe579d2646790e92b24288326cbfd1703fb46682043325f9fc74bc0fea59d6f85491896819b05e27e15cabb24c81748b9ea2a01104c4f7f5975ad242cdace884bab709e3f1a494f4487e1b2fec954309ef1289ecb2e15043a2461ecc7b2ae7d4470607ef82eb1cfa97d84991fe4a7bfdfd715606bc27e2967a6c557cfb5875879b671740b7d8
t-v1-bit-68-7	86725262c971bf064168bca2a87f593d425a49835bd52beb9f52ea59352d80fa7fab922b150d6f70aa858924b8bf97a6256694f3a6d1da45b57f1a467c46193b1ac68abe1b8a4cdfce947403c520e7bf0eec9b2ca1c02906612747557f25b6f6d9a5802a487fcb11b346d9639f8be3dd94f4487e1b2fec954309ef1289ecb2e15043a2461ecc7b2ae7d4470607ef82eb1cfa97d84991fe4a7bfdfd715606bc27e2967a6c557cfb5875879b671740b7d8
t-v1-bit-69-0	86725262c971bf064168bca2a87f593d425a49835bd52beb9f52ea59352d80fad687f62ce4c9f092c67d26b3348802e1fd5acd89f139299ddfffea30b3fb547e30ff701649e0ae1ba668d64e87653fa86fd541fbb7a70851dbc41285c6f01bb11f11a4c5c38c38106c846cd06b19b0d094f4487e1b2fec954309ef1289ecb2e15043a2461ecc7b2ae7d4470607ef82eb1cfa97d84991fe4a7bfdfd715606bc27e2967a6c557cfb5875879b671740b7d8
t-v1-bit-69-1	86725262c971bf064168bca2a87f593d425a49835bd52beb9f52ea59352d80fa502c19d6a29c2aad83028ed026bb51b5ae66519a3f7697ed7897e94ff81ddc84c6ae46c03f56b065f0910b85c848062ecca1c6139b6a645494e028f3e8604247c92f8fcdcace1b97a65e381cfef72f1894f4487e1b2fec954309ef1289ecb2e15043a2461ecc7b2ae7d4470607ef82eb1cfa97d84991fe4a7bfdfd715606bc27e2967a6c557cfb5875879b671740b7d8
t-v1-bit-69-2	86725262c971bf064168bca2a87f593d425a49835bd52beb9f52ea59352d80faed4f9b54bb32223c443295222b76bd303dbfd1b94ca42c48eb510a22eb75bdda0965715e0432ba44b3c8733b202e2eb005a1caa73567a963af88a49bd2f887fec50b0ca9cea4fb43403447df13e2803194f4487e1b2fec954309ef1289ecb2e15043a2461ecc7b2ae7d4470607ef82eb1cfa97d84991fe4a7bfdfd715606bc27e2967a6c557cfb5875879b671740b7d8
t-v1-bit-69-3	86725262c971bf064168bca2a87f593d425a49835bd52beb9f52ea59352d80fa8c4cc3390d8056bfdf6a8ad8be88907d93d79e667dc8fe66367303e9dd3566d99e0f93741e344ee33566ca9b4087711dd0116974bd1895f48f735f28e7bd02dfa3d7e8ff0f2b4a05f57cc345bdcccc0894f4487e1b2fec954309ef1289ecb2e15043a2461ecc7b2ae7d4470607ef82eb1cfa97d84991fe4a7bfdfd715606bc27e2967a6c557cfb5875879b671740b7d8
t-v1-bit-69-4	86725262c971bf064168bca2a87f593d425a49835bd52beb9f52ea59352d80faf109b6639732a80b6b88efb8ab193e9b048f5f25b19d7e0cea2a1c8f7e127c7b929a4207d25785e0a3b8d7ce41617dd35da6575b546b22e93a9d25a17e84a4b1fd508ba47d4dae45b0877995ddf7f12594f4487e1b2fec954309ef1289ecb2e15043a2461ecc7b2ae7d4470607ef82eb1cfa97d84991fe4a7bfdfd715606bc27e2967a6c557cfb5875879b671740b7d8
t-v1-bit-69-5	86725262c971bf064168bca2a87f593d425a49835bd52beb9f52ea59352d80fa7b7a5772d3b3e94068e9cfcd2ceb9e9e73bf50bf27fde22fa6b27949db2043e29d67a7d399f762368c69b2a003bdfdd74b48fc5c3888b8976d999a9c1cfcc10aec9176e81d49879d6f588975515bd83b94f4487e1b2fec954309ef1289ecb2e15043a2461ecc7b2ae7d4470607ef82eb1cfa97d84991fe4a7bfdfd715606bc27e2967a6c557cfb5875879b671740b7d8
t-v1-bit-69-6	86725262c971bf064168bca2a87f593d425a49835bd52beb9f52ea59352d80fa99b98d4fd6d665fd92f93946f4372e1c437ab4f8df67470f077d0390d1488b858b561d61300dd9727b5e9b0a4f61aff1d23e187f322d8ba43cc7696517e9061bae7c3400147f1d50c07ffbb9da22460b94f4487e1b2fec954309ef1289ecb2e15043a2461ecc7b2ae7d4470607ef82eb1cfa97d84991fe4a7bfdfd715606bc27e2967a6c557cfb5875879b671740b7d8
t-v1-bit-69-7	86725262c971bf064168bca2a87f593d425a49835bd52beb9f52ea59352d80fa5d4f3bfaf8a476ba591b5a884028ef55bb444bea1d2a8caf36500ad9ddf8f1244d171a692c092f73439143eac919565cd6a2e1fce96c927fcf8424088f5413b65b648a9c6c72863722feb07e861ed66c94f4487e1b2fec954309ef1289ecb2e15043a2461ecc7b2ae7d4470607ef82eb1cfa97d84991fe4a7bfdfd715606bc27e2967a6c557cfb5875879b671740b7d8
t-v1-bit-70-0	86725262c971bf064168bca2a87f593d425a49835bd52beb9f52ea59352d80fa20918f911434c82be4d4fd8380ebb675f172f81d2b60628b76ca3c6edbe1fdc2d4274c2641358c660db107664f5085430da186a6006fb1a3b55d75b5cb9d749390e7ec6bbdc271dc55cacbd21eda19fb94f4487e1b2fec954309ef1289ecb2e15043a2461ecc7b2ae7d4470607ef82eb1cfa97d84991fe4a7bfdfd715606bc27e2967a6c557cfb5875879b671740b7d8
t-v1-bit-70-1	86725262c971bf064168bca2a87f593d425a49835bd52beb9f52ea59352d80fa60f68cbb3115709592b02db7698b0ca46f952e35bf1d2230ebf0870a53054d5bf37a96b3a413cf96847e2d8eb7b0b7cb55055f3f126e870bbeab856f9a6cbcdf8ee97991ab5c88a4ddb27f0b014b298b94f4487e1b2fec954309ef1289ecb2e15043a2461ecc7b2ae7d4470607ef82eb1cfa97d84991fe4a7bfdfd715606bc27e2967a6c557cfb5875879b671740b7d8
t-v1-bit-70-2	86725262c971bf064168bca2a87f593d425a49835bd52beb9f52ea59352d80fa8869fefb7c31cae0d2b4adba821cfa6efddd882734c0becab253d41dab57932529bdd1a1c319d5ed4a0a1a4c20cebf255aa8ed9a82dd2ed2b83ff63d053a016db6ea6ac217d0cf911ab825887c48866494f4487e1b2fec954309ef1289ecb2e15043a2461ecc7b2ae7d4470607ef82eb1cfa97d84991fe4a7bfdfd715606bc27e2967a6c557cfb5875879b671740b7d8
t-v1-bit-70-3	86725262c971bf064168bca2a87f593d425a49835bd52beb9f52ea59352d80fa5c576085b0c29da8ddb6ab3ba39532b84727f787389fde0f17301bf7ab2b3bbd2257c363f492b96358c5e012e254cec295c78b89ffbf0a31db924d1f942d2e55a224ce76f6d16eb2f96b4cc48166430b94f4487e1b2fec954309ef1289ecb2e15043a2461ecc7b2ae7d4470607ef82eb1cfa97d84991fe4a7bfdfd715606bc27e2967a6c557cfb5875879b671740b7d8
t-v1-bit-70-4	86725262c971bf064168bca2a87f593d425a49835bd52beb9f52ea59352d80fa2ad8f3a82e8059fdb00ff1e82bd6e3687db160c58a23fd2f6515f5fec33d67e679ce3b712aa424f18c1305116e95de76b766afa0cb08fd4a1a77c2869031eb15d72c8bd02abf9df48c1548b7252527a094f4487e1b2fec954309ef1289ecb2e15043a2461ecc7b2ae7d4470607ef82eb1cfa97d84991fe4a7bfdfd715606bc27e2967a6c557cfb5875879b671740b7d8
t-v1-bit-70-5	86725262c971bf064168bca2a87f593d425a49835bd52beb9f52ea59352d80fa18d46fc914dec06bac3f3837793b94887f08f53d38b33b3f4867b9a22025429b8afdc7f27199f3c11283ec3f2dd678d626e526d6ddd6086e71022a1f2379dad881e9ae26ef3e9e309c5f28fe51a2113594f4487e1b2fec954309ef1289ecb2e15043a2461ecc7b2ae7d4470607ef82eb1cfa97d84991fe4a7bfdfd715606bc27e2967a6c557cfb5875879b671740b7d8
t-v1-bit-70-6	86725262c971bf064168bca2a87f593d425a49835bd52beb9f52ea59352d80fa3aad36c6aa46ff34aeca185bb1d1d19197f26c41b14659c525e19b71e3af37f95f411f00e3c57ff00903e0788edf215ba9335993ac9c75398e885a696ce7d7f882bccc6f53609154e34cb370ffbaf94694f4487e1b2fec954309ef1289ecb2e15043a2461ecc7b2ae7d4470607ef82eb1cfa97d84991fe4a7bfdfd715606bc27e2967a6c557cfb5875879b671740b7d8
t-v1-bit-70-7	86725262c971bf064168bca2a87f593d425a49835bd52beb9f52ea59352d80fad518b6eba5c79e3300953b39415b23bc81c76b8e06316a4484fc17813efc3b8772668feb534dd3502531b35676d237ab92e984791800719e348280f42bbc8e4ba0944decd048686307c43f52c953037d94f4487e1b2fec954309ef1289ecb2e15043a2461ecc7b2ae7d4470607ef82eb1cfa97d84991fe4a7bfdfd715606bc27e2967a6c557cfb5875879b671740b7d8
t-v1-bit-71-0	86725262c971bf064168bca2a87f593d425a49835bd52beb9f52ea59352d80faf0ef6fa278232d5e47f95b0f069da768b397fc7efc786f06ca37c30bc347ed66e8d3db42a36c2a13af156071cd68f25b17fd052766acaa59769f5b153ccc4196af03d16240d6678646ce9de41a5f4eb394f4487e1b2fec954309ef1289ecb2e15043a2461ecc7b2ae7d4470607ef82eb1cfa97d84991fe4a7bfdfd715606bc27e2967a6c557cfb5875879b671740b7d8
t-v1-bit-71-1	86725262c971bf064168bca2a87f593d425a49835bd52beb9f52ea59352d80fa7398a211e5b3b92b3194b534411a28743c2a57908bcb01135f0054b85a0216439470828547cc6a0a7012416e468d2f825f57538e0317900be2355096c8440b534b401b7fd957b7de8c44082ba183170294f4487e1b2fec954309ef1289ecb2e15043a2461ecc7b2ae7d4470607ef82eb1cfa97d84991fe4a7bfdfd715606bc27e2967a6c557cfb5875879b671740b7d8
t-v1-bit-71-2	86725262c971bf064168bca2a87f593d425a49835bd52beb9f52ea59352d80fa38811d07447fe1196046683a96734c902417f2ea8133dbc04917c1d4764c154d475859be96332ba7c980924f10a8a048bd63aa5fe63d63c9bba71d94094f7695ae671370d1fe35172fe6b662de20655194f4487e1b2fec954309ef1289ecb2e15043a2461ecc7b2ae7d4470607ef82eb1cfa97d84991fe4a7bfdfd715606bc27e2967a6c557cfb5875879b671740b7d8
t-v1-bit-71-3	86725262c971bf064168bca2a87f593d425a49835bd52beb9f52ea59352d80fa7bc4902af2320ef9f450d179851d813beab576457febacf5e9882d21e99379610a1611e3faa1390c1eb7a473c9dcbfee4c50921bfc276fc262e3f05dfd1d2f564f0a1cbb05c2797422d5b1d84f4a2f5394f4487e1b2fec954309ef1289ecb2e15043a2461ecc7b2ae7d4470607ef82eb1cfa97d84991fe4a7bfdfd715606bc27e2967a6c557cfb5875879b671740b7d8
t-v1-bit-71-4	86725262c971bf064168bca2a87f593d425a49835bd52beb9f52ea59352d80fa8ea8381926ec4eed76e069120612d471f34e6762822b974b5c78e189f968150ffc0fa0364c17bde43cca9eef8a25ec25bfb253af9949dc41be6ab78be08166155802218401f4eb19eee024e59853d26794f4487e1b2fec954309ef1289ecb2e15043a2461ecc7b2ae7d4470607ef82eb1cfa97d84991fe4a7bfdfd715606bc27e2967a6c557cfb5875879b671740b7d8
t-v1-bit-71-5	86725262c971bf064168bca2a87f593d425a49835bd52beb9f52ea59352d80fa55ea40896c3d94b60412d87c2411ae7d4acea29a309dbe2475642164020969de23a464334c8a88c6de083b2678aa9e692692c8ba78f6a92ce021f5858d91c229b0019e016e7b9c814aeb4e8ae3ebbc2694f4487e1b2fec954309ef1289ecb2e15043a2461ecc7b2ae7d4470607ef82eb1cfa97d84991fe4a7bfdfd715606bc27e2967a6c557cfb5875879b671740b7d8
t-v1-bit-71-6	86725262c971bf064168bca2a87f593d425a49835bd52beb9f52ea59352d80fa91189d715bf63cb6265bf11b643e3b6cf0dced13e4bb858b0f2d0714621cb760bf56b6a7164b71af852194516f5aa6c4d24353e1a3006a7ecaa87b2c5fe245725bc5bca9079280563b67d589b80dce4d94f4487e1b2fec954309ef1289ecb2e15043a2461ecc7b2ae7d4470607ef82eb1cfa97d84991fe4a7bfdfd715606bc27e2967a6c557cfb5875879b671740b7d8
t-v1-bit-71-7	86725262c971bf064168bca2a87f593d425a49835bd52beb9f52ea59352d80fa5f2a04d58663d79f4fcb95b087e4bc6176daa7065345adc9272f1322aa400c820aaf9f083db11f15afb88c1b7464407583f0209770eaf687d2a7d0439024c6f262fc1efc055520d2c2b8b1a9fe8b696f94f4487e1b2fec954309ef1289ecb2e15043a2461ecc7b2ae7d4470607ef82eb1cfa97d84991fe4a7bfdfd715606bc27e2967a6c557cfb5875879b671740b7d8
t-v1-bit-72-0	86725262c971bf064168bca2a87f593d425a49835bd52beb9f52ea59352d80fa1bc21ce3cf4f3a07e0fd3a9c4f8833092fa7b82304eb38e67a4482c6ba1559db5c101505abff9a670e1ea9e1cb90b953c36d7dafe8463d9d3f9331c0852ab895274d119dc7213376e9a06f9fca3294a794f4487e1b2fec954309ef1289ecb2e15043a2461ecc7b2ae7d4470607ef82eb1cfa97d84991fe4a7bfdfd715606bc27e2967a6c557cfb5875879b671740b7d8
t-v1-bit-72-1	86725262c971bf064168bca2a87f593d425a49835bd52beb9f52ea59352d80fa3d345a70fd14156ca4e19b2fe2d527d939a24925087f4b9bf2c67b446d2999ac4e495bacc7c6f128bc088d99446210ecb9f2038e4ef783746120c05d688fdd66e7c092859b0c32153bb3222f8925ee2294f4487e1b2fec954309ef1289ecb2e15043a2461ecc7b2ae7d4470607ef82eb1cfa97d84991fe4a7bfdfd715606bc27e2967a6c557cfb5875879b671740b7d8
t-v1-bit-72-2	86725262c971bf064168bca2a87f593d425a49835bd52beb9f52ea59352d80fad4a22975a3c381672317c87b848439a31e9dbc52f4aaf11003bba16367021de57b0ddc3b0fba1eb845b817800799eec3199d2f59a9d7b2ac0e9afdcb3514a62ede61fc620c49d7019d5caee879b0c07094f4487e1b2fec954309ef1289ecb2e15043a2461ecc7b2ae7d4470607ef82eb1cfa97d84991fe4a7bfdfd715606bc27e2967a6c557cfb5875879b671740b7d8
t-v1-bit-72-3	86725262c971bf064168bca2a87f593d425a49835bd52beb9f52ea59352d80fab3554f6f0b7db06d3741569e5da123c49bfe4d2e77fba91663a00c2b5e2613b539fc784ad5f988e4a274038318b10130bab343330fc6a3546ed73c4bc7fb4113a16a1bbc76d9c8ab8997dce12bc148de94f4487e1b2fec954309ef1289ecb2e15043a2461ecc7b2ae7d4470607ef82eb1cfa97d84991fe4a7bfdfd715606bc27e2967a6c557cfb5875879b671740b7d8
t-v1-bit-72-4	86725262c971bf064168bca2a87f593d425a49835bd52beb9f52ea59352d80fa2038019deb0c92a3eb1eccd66dace655cc5d667a30ea83e00005bc8a9bc36c6455306af429e669dbd35ffedfdd2c9b9d7972ab953deb161e45ab2a4e6afd7300e53a4624e451d97612c9ba0b0f6c103794f4487e1b2fec954309ef1289ecb2e15043a2461ecc7b2ae7d4470607ef82eb1cfa97d84991fe4a7bfdfd715606bc27e2967a6c557cfb5875879b671740b7d8
t-v1-bit-72-5	86725262c971bf064168bca2a87f593d425a49835bd52beb9f52ea59352d80faae091c029b7256039f8a7099f272223d3b8aca0a6eb1d1ffe1c8d031a3d9aefe11cd4a8d0f10b7b7e8d8469226bbce9f8c19ae2c7f85386cdd126b2ea0f21e9cf24e0470e977078c7537d0fcd2f487f694f4487e1b2fec954309ef1289ecb2e15043a2461ecc7b2ae7d4470607ef82eb1cfa97d84991fe4a7bfdfd715606bc27e2967a6c557cfb5875879b671740b7d8
t-v1-bit-72-6	86725262c971bf064168bca2a87f593d425a49835bd52beb9f52ea59352d80fa99b11804829bcf50982fdb7b148e68f7ea16340da93c6fbbd16c430290a37d6df78cd4e213e16e0b7395808938a2ff18249957985b2ad1702c4063a5adab4aad1779737f884eba18f3fc22a888500dd894f4487e1b2fec954309ef1289ecb2e15043a2461ecc7b2ae7d4470607ef82eb1cfa97d84991fe4a7bfdfd715606bc27e2967a6c557cfb5875879b671740b7d8
t-v1-bit-72-7	86725262c971bf064168bca2a87f593d425a49835bd52beb9f52ea59352d80fab289cdaca17458a016e0dd07b232294b5bb5ccdf1e46f1a6c83d24b07c14cdf626f76d9f22572173a3456c1269ede0111c6f9959d0a3ba9eda1914642bc00a923c2db7b46a2caf79cd4f9ca4a255710494f4487e1b2fec954309ef1289ecb2e15043a2461ecc7b2ae7d4470607ef82eb1cfa97d84991fe4a7bfdfd715606bc27e2967a6c557cfb5875879b671740b7d8
t-v1-bit-73-0	86725262c971bf064168bca2a87f593d425a49835bd52beb9f52ea59352d80fa4bec4fe6a9c2a613b335fecd30af2d5c19f837de523570b647af2d828cf95f0717fd5859f06d527abbbb2baff8821151e6264ab73596009159ed31916aa79ee291b20f127f646e4f31600b17b0f41cb494f4487e1b2fec954309ef1289ecb2e15043a2461ecc7b2ae7d4470607ef82eb1cfa97d84991fe4a7bfdfd715606bc27e2967a6c557cfb5875879b671740b7d8
t-v1-bit-73-1	86725262c971bf064168bca2a87f593d425a49835bd52beb9f52ea59352d80fa5cad505bafc74f3bea3e0170442f37871b5bcba11b4e7c16cf6c1ca4882a254c2eb1b4e67191c79df0b203c9849f612f81242521d17fa15c7097cabc857d8b9b3c298eda7c03004e005dea89965e7c6c94f4487e1b2fec954309ef1289ecb2e15043a2461ecc7b2ae7d4470607ef82eb1cfa97d84991fe4a7bfdfd715606bc27e2967a6c557cfb5875879b671740b7d8
t-v1-bit-73-2	86725262c971bf064168bca2a87f593d425a49835bd52beb9f52ea59352d80fa8b280387ed5f42fd6c9329fe60badd7e5a39daec43c2454a8a31b0708c7e73ce7cf254a3ef075a50a3030241ffedcdf5d25e6854450b87bb8eb103bc4fd37d29e2805ef0505138f16e06668b8c6eb1af94f4487e1b2fec954309ef1289ecb2e15043a2461ecc7b2ae7d4470607ef82eb1cfa97d84991fe4a7bfdfd715606bc27e2967a6c557cfb5875879b671740b7d8
t-v1-bit-73-3	86725262c971bf064168bca2a87f593d425a49835bd52beb9f52ea59352d80fa3d58dce759363d057d2b3f443e35b51be9638757a2fcf5e2b2d283cf1c6de1bde3514ac2594114700308c077b3244054d49f43082d9951e01d5bf853c29e132123d96b889918ac66ccd306c68214052f94f4487e1b2fec954309ef1289ecb2e15043a2461ecc7b2ae7d4470607ef82eb1cfa97d84991fe4a7bfdfd715606bc27e2967a6c557cfb5875879b671740b7d8
t-v1-bit-73-4	86725262c971bf064168bca2a87f593d425a49835bd52beb9f52ea59352d80fa9f08156a2524fc96c2eac08f614cb37a16f61b5cf844d10798d9fe1e8e3a3f2dd99b84220669e25d1a410030614a8bacdf88c0206e1b0d15f330039943d835e22604d4c2d946105f7e7462bf775c442394f4487e1b2fec954309ef1289ecb2e15043a2461ecc7b2ae7d4470607ef82eb1cfa97d84991fe4a7bfdfd715606bc27e2967a6c557cfb5875879b671740b7d8
t-v1-bit-73-5	86725262c971bf064168bca2a87f593d425a49835bd52beb9f52ea59352d80fa39ed9617e0374315df37f8c62ba4403e93fccc6b30b90ae113d4ed0241dc3b90bb764113a430db943173abb20c99f911a79ca5b5aae1b14d4ce82100931da3b246628ced89364e9d045013f107b73d2194f4487e1b2fec954309ef1289ecb2e15043a2461ecc7b2ae7d4470607ef82eb1cfa97d84991fe4a7bfdfd715606bc27e2967a6c557cfb5875879b671740b7d8
t-v1-bit-73-6	86725262c971bf064168bca2a87f593d425a49835bd52beb9f52ea59352d80fa38ba70dd0465f2f3bebc74e846318574dc93fcc2d5bedc0e802a157db8d07478a5a85b706b438f391368503a0457e633a7b34f57e8a4b9bee436948c231ab237f37c446ceee4b82c90d3a765fb49377794f4487e1b2fec954309ef1289ecb2e15043a2461ecc7b2ae7d4470607ef82eb1cfa97d84991fe4a7bfdfd715606bc27e2967a6c557cfb5875879b671740b7d8
t-v1-bit-73-7	86725262c971bf064168bca2a87f593d425a49835bd52beb9f52ea59352d80fa59e933997d49a09aecbdf177eeecbeb06671a02b893068ab033f93d3e378809c3209bd96fbd96438b2e7d8925c699e305d0f65da4b16081f6d8f080051f9ea534df684f904e422e22ac5716941c100be94f4487e1b2fec954309ef1289ecb2e15043a2461ecc7b2ae7d4470607ef82eb1cfa97d84991fe4a7bfdfd715606bc27e2967a6c557cfb5875879b671740b7d8
t-v1-bit-74-0	86725262c971bf064168bca2a87f593d425a49835bd52beb9f52ea59352d80faa4c60fdec5a8edafa5add605a8e65a90b3125c75f5bdf347fe8410eb669dde35408c9fa76df94548d63a42d8847c171a6dd87d2b68bb3a261408ee84c09b1c4e64c13a57a78c2925dd99d8046890d3dd94f4487e1b2fec954309ef1289ecb2e15043a2461ecc7b2ae7d4470607ef82eb1cfa97d84991fe4a7bfdfd715606bc27e2967a6c557cfb5875879b671740b7d8
t-v1-bit-74-1	86725262c971bf064168bca2a87f593d425a49835bd52beb9f52ea59352d80faeee59f59243d6122c719c3729bafdb692ada8c85e5385ee5dfe2d1fd56a791e3895c08b3baa37a600294bd1d797dd983bf1bb48733405567fd6e0f6c318419697e207085e08f93c859cfb522512bc33594f4487e1b2fec954309ef1289ecb2e15043a2461ecc7b2ae7d4470607ef82eb1cfa97d84991fe4a7bfdfd715606bc27e2967a6c557cfb5875879b671740b7d8
t-v1-bit-74-2	86725262c971bf064168bca2a87f593d425a49835bd52beb9f52ea59352d80fad23c43cbbdbec0b526bbec2e8e9ba9980eb1646ae189ac5c38255c028be156467f5ff6ca759c64cd04fb6f011fe9d86376f97812b4a5cf83e21358c7c8d866b0cec54f23446af939bec87739fb9a4e3094f4487e1b2fec954309ef1289ecb2e15043a2461ecc7b2ae7d4470607ef82eb1cfa97d84991fe4a7bfdfd715606bc27e2967a6c557cfb5875879b671740b7d8
t-v1-bit-74-3	86725262c971bf064168bca2a87f593d425a49835bd52beb9f52ea59352d80faba419b752f63eadf66a64947307e3584bd4cdbfa644f094d73ed6889f7b10909d248c40c8fad6e6a448ee4b378c2096b54a88d175cafc4544d01553f6a55cda071e3e5bf42e51ff13c55f501f6c367cf94f4487e1b2fec954309ef1289ecb2e15043a2461ecc7b2ae7d4470607ef82eb1cfa97d84991fe4a7bfdfd715606bc27e2967a6c557cfb5875879b671740b7d8
t-v1-bit-74-4	86725262c971bf064168bca2a87f593d425a49835bd52beb9f52ea59352d80fae19c4404093706057a8e6ec2a5c00ac23e55822f3da6155688e7a09d6b29b3353792f88bcfbfaa2c15a27a0410411a9ca32576c52232ceccbd418ac63a2aee14138bd858cb2955ec5caaf4ae9c23dabd94f4487e1b2fec954309ef1289ecb2e15043a2461ecc7b2ae7d4470607ef82eb1cfa97d84991fe4a7bfdfd715606bc27e2967a6c557cfb5875879b671740b7d8
t-v1-bit-74-5	86725262c971bf064168bca2a87f593d425a49835bd52beb9f52ea59352d80fa76ea552339462a35b51ca2043e0ab3ed0fec0af1c4c5ea02386099745a89363345c458ec52be044027e5718dbafe1477fdacc418d97472a91331791642ffedd5fb8ee948bc0a7cc18da164c04ba74b7694f4487e1b2fec954309ef1289ecb2e15043a2461ecc7b2ae7d4470607ef82eb1cfa97d84991fe4a7bfdfd715606bc27e2967a6c557cfb5875879b671740b7d8
t-v1-bit-74-6	86725262c971bf064168bca2a87f593d425a49835bd52beb9f52ea59352d80fa22e47dfaf1d88d03f5fb0c477552705fc3f397e677fe8a3d372701e8b8bbfb30783b86e8b00fa892b29bbb4ee7bc723449dc0db68dccfc52135690c9fa50a78fab44d612c9dbd0c16d5d9a1381c1003594f4487e1b2fec954309ef1289ecb2e15043a2461ecc7b2ae7d4470607ef82eb1cfa97d84991fe4a7bfdfd715606bc27e2967a6c557cfb5875879b671740b7d8
t-v1-bit-74-7	86725262c971bf064168bca2a87f593d425a49835bd52beb9f52ea59352d80fafaea046512350cf19c14d932ebffdf4ffd6909d302db2621561ae06a0ce1125bd8ddc60a196ba23cad605b7a12d22729af3d0f7d676a8fa12ceb61610e0f7b996cd162d2530ad445c6fe3cf8e7270f0494f4487e1b2fec954309ef1289ecb2e15043a2461ecc7b2ae7d4470607ef82eb1cfa97d84991fe4a7bfdfd715606bc27e2967a6c557cfb5875879b671740b7d8
t-v1-bit-75-0	86725262c971bf064168bca2a87f593d425a49835bd52beb9f52ea59352d80fa8e209674c0c655b5e89825c5423fd0375480399b5ffc7b866c218aaff5e50a6dbe0e72b0f06e48ed4e6e297604850b809fcf887524e18146c541e160207a8bcc60c7c964758a19a0387952ee9fe8c70d94f4487e1b2fec954309ef1289ecb2e15043a2461ecc7b2ae7d4470607ef82eb1cfa97d84991fe4a7bfdfd715606bc27e2967a6c557cfb5875879b671740b7d8
t-v1-bit-75-1	86725262c971bf064168bca2a87f593d425a49835bd52beb9f52ea59352d80fa1213749337d4759189537b2b46a3be6ba27d0cafc622936718ca1751537e1a4144b47cd3ffc396b2772505db97350d82079b990b037fd934ef72ceff11904b7f4fe18f1d5ee587d186adc0c114d05e4394f4487e1b2fec954309ef1289ecb2e15043a2461ecc7b2ae7d4470607ef82eb1cfa97d84991fe4a7bfdfd715606bc27e2967a6c557cfb5875879b671740b7d8
t-v1-bit-75-2	86725262c971bf064168bca2a87f593d425a49835bd52beb9f52ea59352d80fad660060e71fe94d3d1b660f985ee6aca219f01b689a3130733cdcadcc18a5cab28f18fb2a3dd6565ff9769a2c20960674f3fc2b3c2c1142e9369f63a3266669d910dbbeece58a2e8b8f6e08fb7dba2fe94f4487e1b2fec954309ef1289ecb2e15043a2461ecc7b2ae7d4470607ef82eb1cfa97d84991fe4a7bfdfd715606bc27e2967a6c557cfb5875879b671740b7d8
t-v1-bit-75-3	86725262c971bf064168bca2a87f593d425a49835bd52beb9f52ea59352d80fab108200ae0a21dd3a8ae583c8beacfbf5a904a63ce612d6c3a7c11b4180d65038421f84bc2ac1e9629ed8679399735e655331f3fef9e22ff8cb0fcba728306f1266ab49fc8255a080d6aeade74fe083294f4487e1b2fec954309ef1289ecb2e15043a2461ecc7b2ae7d4470607ef82eb1cfa97d84991fe4a7bfdfd715606bc27e2967a6c557cfb5875879b671740b7d8
t-v1-bit-75-4	86725262c971bf064168bca2a87f593d425a49835bd52beb9f52ea59352d80fa27673cec8145fe68b83c31f8c796282b820dec518752c0ec12bb8d07a0b30598cf3457bb02254341f51e2b1d6ff087517cde21c69a3a7b149cc30f573c7b8682359e67a51fe50b6333957890ef5f37fd94f4487e1b2fec954309ef1289ecb2e15043a2461ecc7b2ae7d4470607ef82eb1cfa97d84991fe4a7bfdfd715606bc27e2967a6c557cfb5875879b671740b7d8
t-v1-bit-75-5	86725262c971bf064168bca2a87f593d425a49835bd52beb9f52ea59352d80fab114bc55b75869d05bdee5206bb5ebc44d949d776bd97ce61e44d3a958e1ced142f9e8f918d0694aaeb5ede147dc1860ee88d5a5711722180cb74f685a479b5d21139afe9e28659b8147dd7dbc9b266b94f4487e1b2fec954309ef1289ecb2e15043a2461ecc7b2ae7d4470607ef82eb1cfa97d84991fe4a7bfdfd715606bc27e2967a6c557cfb5875879b671740b7d8
t-v1-bit-75-6	86725262c971bf064168bca2a87f593d425a49835bd52beb9f52ea59352d80fa7026b7ec90b387b8a3ba1c3308d91bb65c6af1ea08add2ac6618a1a009baf2b2a268c84046395a2fb2667b6cdcd6d9e54aa99411874336b80b5aec042119cfe1a1103937e329675ad6ad34c5cfde578394f4487e1b2fec954309ef1289ecb2e15043a2461ecc7b2ae7d4470607ef82eb1cfa97d84991fe4a7bfdfd715606bc27e2967a6c557cfb5875879b671740b7d8
t-v1-bit-75-7	86725262c971bf064168bca2a87f593d425a49835bd52beb9f52ea59352d80fada053b77e0250046adf3c9a7605d3f86bdc61da56255acce1a984f0279ae2b40f76ce0a25b28190f21f0eccbb393a525286a0221cb841ebbcad0b9c9efbd7fd4fc2b745867b77078824d1baaaa00b1b294f4487e1b2fec954309ef1289ecb2e15043a2461ecc7b2ae7d4470607ef82eb1cfa97d84991fe4a7bfdfd715606bc27e2967a6c557cfb5875879b671740b7d8
t-v1-bit-76-0	86725262c971bf064168bca2a87f593d425a49835bd52beb9f52ea59352d80faf729b95cc3e0ebc79ad98baf64b91d3b46eec786db3a9e534e821fb8bf45c99ef99bfa0dd690d7baf4f5fc09aef07366a0fce49603e335a5f6975237cc71f08a3d2b18f8d3c07c6082ecf158059e568194f4487e1b2fec954309ef1289ecb2e15043a2461ecc7b2ae7d4470607ef82eb1cfa97d84991fe4a7bfdfd715606bc27e2967a6c557cfb5875879b671740b7d8
t-v1-bit-76-1	86725262c971bf064168bca2a87f593d425a49835bd52beb9f52ea59352d80fad52182bf291c3990e575c5a32236a4da0ded9122e41f47c60e8a78f1031e53b3762d1c0517b85e0edfdeb0350517f49872371225ecb63597d86f53c17fa60354c97106ba411ee5dfe3d8ec7d9ca9d38594f4487e1b2fec954309ef1289ecb2e15043a2461ecc7b2ae7d4470607ef82eb1cfa97d84991fe4a7bfdfd715606bc27e2967a6c557cfb5875879b671740b7d8
t-v1-bit-76-2	86725262c971bf064168bca2a87f593d425a49835bd52beb9f52ea59352d80fa1418bdd74aa7b78672fa281cf92cc6647102b06ef4a6298406b6c9c0e7b1ed2a5ce29fecc8e0eb2b490a566a18f537eda5c4734d361d90d49e93dafd338e2240545a3414ed351677fb8badeaaf127ab694f4487e1b2fec954309ef1289ecb2e15043a2461ecc7b2ae7d4470607ef82eb1cfa97d84991fe4a7bfdfd715606bc27e2967a6c557cfb5875879b671740b7d8
t-v1-bit-76-3	86725262c971bf064168bca2a87f593d425a49835bd52beb9f52ea59352d80fa31a57573a75e8f7e5759f88f35867ef4f2ece17702ccb0f16926b86b15e5ad94f4702cddcfe132b6fb2ca6ef355dca1b3918f7b0ab7d63d21ec142b88e733fc0886ffdbb5521ddd3ab759be950da357894f4487e1b2fec954309ef1289ecb2e15043a2461ecc7b2ae7d4470607ef82eb1cfa97d84991fe4a7bfdfd715606bc27e2967a6c557cfb5875879b671740b7d8
t-v1-bit-76-4	86725262c971bf064168bca2a87f593d425a49835bd52beb9f52ea59352d80fa01e93dfe82be38a56ac6321bf9d5c9731b0e78bf7358a9a7b0337b2e659fca999b81a34ee5cac630ba58cd92546df1f8604f4d9b64bcdb3c1db4ef17b1620d2f3505a32e2cf9f5f1deabcd3463aef39294f4487e1b2fec954309ef1289ecb2e15043a2461ecc7b2ae7d4470607ef82eb1cfa97d84991fe4a7bfdfd715606bc27e2967a6c557cfb5875879b671740b7d8
t-v1-bit-76-5	86725262c971bf064168bca2a87f593d425a49835bd52beb9f52ea59352d80faeaa0d76bf24519e5cffb6978e6dcf1e700e64a4cfb72d727903e93f3267bdce3648ef61076a2569d6c592face8c981c396148fd86fe30275b59b9370959236d015edec11728eac04520934eabebe422294f4487e1b2fec954309ef1289ecb2e15043a2461ecc7b2ae7d4470607ef82eb1cfa97d84991fe4a7bfdfd715606bc27e2967a6c557cfb5875879b671740b7d8
t-v1-bit-76-6	86725262c971bf064168bca2a87f593d425a49835bd52beb9f52ea59352d80fafb8960e431859402b34814254144f96360f5f45115157e69bbdad569f5232aa0d967163003e8dca8921f9667990243eaa5306efed918d0c2fd3fc0f56d69a7adf53c2c521d2467152163e20567a2c79994f4487e1b2fec954309ef1289ecb2e15043a2461ecc7b2ae7d4470607ef82eb1cfa97d84991fe4a7bfdfd715606bc27e2967a6c557cfb5875879b671740b7d8
t-v1-bit-76-7	86725262c971bf064168bca2a87f593d425a49835bd52beb9f52ea59352d80fad00e4f4ff23fad089c79c9bf48570e50e69173e29a14ab4718319735bd596c9d0bd16b7cd4900efed967cdc808c5772e296f8603bebed7d0f7ad31117a8b82dea0a472afe689833d56315432e2fffaee94f4487e1b2fec954309ef1289ecb2e15043a2461ecc7b2ae7d4470607ef82eb1cfa97d84991fe4a7bfdfd715606bc27e2967a6c557cfb5875879b671740b7d8
t-v1-bit-77-0	86725262c971bf064168bca2a87f593d425a49835bd52beb9f52ea59352d80fa01c2f259c6c762c1eb3e22d3736e34649443ef258a82e29e9d8b8b98bc633e919b90c461a84b7f61f8109c796e97768e04c79da1c279dfacb218123637763854b0ef522ab87a51beaa81927ade04c70394f4487e1b2fec954309ef1289ecb2e15043a2461ecc7b2ae7d4470607ef82eb1cfa97d84991fe4a7bfdfd715606bc27e2967a6c557cfb5875879b671740b7d8
t-v1-bit-77-1	86725262c971bf064168bca2a87f593d425a49835bd52beb9f52ea59352d80fa16e93c409dc14de5c43cf39b03e11250561fb6eaf2298f70cd9d4782721679161a1857bd6bdb27eb2ce5e5e1fa47a8440d51457277d9dff1244c08f3b0c0367347ec8269ab878809274a81a727badb3e94f4487e1b2fec954309ef1289ecb2e15043a2461ecc7b2ae7d4470607ef82eb1cfa97d84991fe4a7bfdfd715606bc27e2967a6c557cfb5875879b671740b7d8
t-v1-bit-77-2	86725262c971bf064168bca2a87f593d425a49835bd52beb9f52ea59352d80fabb4d18f8e598f039cbbd618d76cf0a8db815a05e0b45f4f984f79b617b5751d15669ffa067c3cf4db20f887f91c38592cadefd48c7c08c35558aad8cf6f093ff624724e69d0232ea2928718540a6a26794f4487e1b2fec954309ef1289ecb2e15043a2461ecc7b2ae7d4470607ef82eb1cfa97d84991fe4a7bfdfd715606bc27e2967a6c557cfb5875879b671740b7d8
t-v1-bit-77-3	86725262c971bf064168bca2a87f593d425a49835bd52beb9f52ea59352d80fa51ed12aa53acae65d88fdc603f150bcb1fe6af88acc1cb98f9ecb801716a56baeacd011fe7a95db2d84213a498b2e284c215e850315c70f59afe8849f6e0b5e233bd387436b8ce1ad7feb9408446f8c194f4487e1b2fec954309ef1289ecb2e15043a2461ecc7b2ae7d4470607ef82eb1cfa97d84991fe4a7bfdfd715606bc27e2967a6c557cfb5875879b671740b7d8
t-v1-bit-77-4	86725262c971bf064168bca2a87f593d425a49835bd52beb9f52ea59352d80fa812169e4ce17af8150bd3b0de82e62aa0fb5925a100e3a5c64c2a1e047aad961e89110eb8dfbadc8402a64fbaa19e5fcf6a6f90767389c1aac4bba047a3826693cc728bf70c17bff6b5c9dbc1ee38de094f4487e1b2fec954309ef1289ecb2e15043a2461ecc7b2ae7d4470607ef82eb1cfa97d84991fe4a7bfdfd715606bc27e2967a6c557cfb5875879b671740b7d8
t-v1-bit-77-5	86725262c971bf064168bca2a87f593d425a49835bd52beb9f52ea59352d80fab5762833df256adedce2bc5527e35ac86514452f1e580fc57e3c36268a87efd7df04c159f7d5b4c71d0f31e15804ae11fc9da3651f2ac47eaffbaa70cddaa57ce6f33b59944b075a8f3f524a4149cbab94f4487e1b2fec954309ef1289ecb2e15043a2461ecc7b2ae7d4470607ef82eb1cfa97d84991fe4a7bfdfd715606bc27e2967a6c557cfb5875879b671740b7d8
t-v1-bit-77-6	86725262c971bf064168bca2a87f593d425a49835bd52beb9f52ea59352d80fac93fa529365d8790e98e958c274a3ba066ddf591980778e79970bc74b97bef6d6ccde92539a2f877a4bfc6d5677ac4a33de4026e21ea5da4054a76ce3e3eca00306d1e6c1f9999e6ea681624c8746c9e94f4487e1b2fec954309ef1289ecb2e15043a2461ecc7b2ae7d4470607ef82eb1cfa97d84991fe4a7bfdfd715606bc27e2967a6c557cfb5875879b671740b7d8
t-v1-bit-77-7	86725262c971bf064168bca2a87f593d425a49835bd52beb9f52ea59352d80faf58e3fd5a65ad33f51b3438b5a43cbab2e15e9308f6a70c5da7909e3ca651a40b0ac32ddda3d99a43332d43b7da8b75a63f8547542720fd90d253fa51a5fe61648dfd66d4cf558827ae2eaaecaae6fb694f4487e1b2fec954309ef1289ecb2e15043a2461ecc7b2ae7d4470607ef82eb1cfa97d84991fe4a7bfdfd715606bc27e2967a6c557cfb5875879b671740b7d8
t-v1-bit-78-0	86725262c971bf064168bca2a87f593d425a49835bd52beb9f52ea59352d80fa8eb37f66d6db73d439c8267a497403aa4c3afca220f8bd6e18e903903cac96c9f205bc0a501ffb3144e2fbb78dcb557edf120a7e0c694755f61b9db2b74ba1c725510b46df56fdf2a7a449614239253a94f4487e1b2fec954309ef1289ecb2e15043a2461ecc7b2ae7d4470607ef82eb1cfa97d84991fe4a7bfdfd715606bc27e2967a6c557cfb5875879b671740b7d8
t-v1-bit-78-1	86725262c971bf064168bca2a87f593d425a49835bd52beb9f52ea59352d80fa43d94cd947eb05cd0d05857342982f8f74c310af24b005b7f7070f234929c92c60bd0e2e64ffc4c2d3c3bb499d64a33524d0645d750814e4717ee2292e5a3ae5ab84fba5974a1bb5dae009e9269db39d94f4487e1b2fec954309ef1289ecb2e15043a2461ecc7b2ae7d4470607ef82eb1cfa97d84991fe4a7bfdfd715606bc27e2967a6c557cfb5875879b671740b7d8
t-v1-bit-78-2	86725262c971bf064168bca2a87f593d425a49835bd52beb9f52ea59352d80faa3d52014f3da86a4dedb9aeff351a69fa0fb95afcff473a562341e266727b5f725b3ce2288825d5b2c04d4478c7011a5c2bf66db08ebc06cb311b77a134e03d6e87e1903b11137cb12ff64a2e1dfbb5994f4487e1b2fec954309ef1289ecb2e15043a2461ecc7b2ae7d4470607ef82eb1cfa97d84991fe4a7bfdfd715606bc27e2967a6c557cfb5875879b671740b7d8
t-v1-bit-78-3	86725262c971bf064168bca2a87f593d425a49835bd52beb9f52ea59352d80fa1b9ab072358680b976a952a838a1d538b64d3be9bcfa89364edc8a83893470560745e014e46e40ed44821dae6e84080f94e281f404f9630f72ae257b18ed6b37aced240d08a7bcf4f378d20335534d3e94f4487e1b2fec954309ef1289ecb2e15043a2461ecc7b2ae7d4470607ef82eb1cfa97d84991fe4a7bfdfd715606bc27e2967a6c557cfb5875879b671740b7d8
t-v1-bit-78-4	86725262c971bf064168bca2a87f593d425a49835bd52beb9f52ea59352d80facc3d7eba3c0500aee127707378844106c26029d99909cca4ac4bd5a71173896411036edc71896652d5487da1bf07e06c33ee6a95650ee7b677adfe8936d8b0a99eb4f2d920890481f85f90455386a17994f4487e1b2fec954309ef1289ecb2e15043a2461ecc7b2ae7d4470607ef82eb1cfa97d84991fe4a7bfdfd715606bc27e2967a6c557cfb5875879b671740b7d8
t-v1-bit-78-5	86725262c971bf064168bca2a87f593d425a49835bd52beb9f52ea59352d80faedcfbd4128b269b0ce429251588e3953fc5e10f2542ae42a680f6becdee6a7ce9b857aabac108d5fc11fdb0b43fbb458bbe6dcdb0c75b2ae8b20cc25af88f8f2fca0eb3bf3640bb118b59e59e1553aee94f4487e1b2fec954309ef1289ecb2e15043a2461ecc7b2ae7d4470607ef82eb1cfa97d84991fe4a7bfdfd715606bc27e2967a6c557cfb5875879b671740b7d8
t-v1-bit-78-6	86725262c971bf064168bca2a87f593d425a49835bd52beb9f52ea59352d80fa4df8618112a16e1bd39fbfefef473b52886f6a380702407ee770744e765903ec745d152bc4d0d68d783b307760f8912525eaa0ab86122d50bf3053148a1d40835435c91802ca820d627ca818eca93be194f4487e1b2fec954309ef1289ecb2e15043a2461ecc7b2ae7d4470607ef82eb1cfa97d84991fe4a7bfdfd715606bc27e2967a6c557cfb5875879b671740b7d8
t-v1-bit-78-7	86725262c971bf064168bca2a87f593d425a49835bd52beb9f52ea59352d80faaa766987cc2f5a8e01ef052502b4f99b67d635b718624d84d2a1bb7b66a4294c4d49d8b671db9918d6ac7bdf77d91d5378867ccd665f6856a25852356b643861516dba934721a00001fa53ba18e7c12194f4487e1b2fec954309ef1289ecb2e15043a2461ecc7b2ae7d4470607ef82eb1cfa97d84991fe4a7bfdfd715606bc27e2967a6c557cfb5875879b671740b7d8
t-v1-bit-79-0	86725262c971bf064168bca2a87f593d425a49835bd52beb9f52ea59352d80fa45a376ecb2b46cee476ab2fa30e28b6460302f0af73e549247e3d8fade82ffe5a11b68bd976ba102fa8dc7991026c31deef4b97f64865a43d5160978430e568d35033888dc2d11ce8490b1231d6a4ae094f4487e1b2fec954309ef1289ecb2e15043a2461ecc7b2ae7d4470607ef82eb1cfa97d84991fe4a7bfdfd715606bc27e2967a6c557cfb5875879b671740b7d8
t-v1-bit-79-1	86725262c971bf064168bca2a87f593d425a49835bd52beb9f52ea59352d80fa636445a4d3a046ba4c6dd67cb4ecee827757b068255982a6c50d40c12b0fe3e5fb6572ed291dcf146ec7254381b17cea336ef3bfec29adc1d2f69ea4d55490d13d3be65faa770af30308e66d18fbeb5b94f4487e1b2fec954309ef1289ecb2e15043a2461ecc7b2ae7d4470607ef82eb1cfa97d84991fe4a7bfdfd715606bc27e2967a6c557cfb5875879b671740b7d8
t-v1-bit-79-2	86725262c971bf064168bca2a87f593d425a49835bd52beb9f52ea59352d80fa8ae0005be69ef8b27a824ec9bd70ec9f9b6a5232c648d548c5dbc842ef3b10627ac584e0a40413b868e0ba426f07878741760d41f86e73f68d1940c28b077f4c5a413c87096c65276af266e4a5f6f13894f4487e1b2fec954309ef1289ecb2e15043a2461ecc7b2ae7d4470607ef82eb1cfa97d84991fe4a7bfdfd715606bc27e2967a6c557cfb5875879b671740b7d8
t-v1-bit-79-3	86725262c971bf064168bca2a87f593d425a49835bd52beb9f52ea59352d80fadaa8f3601bcc99e69f5ec51370197045e17e7d98ebe5d2ed2c77bfc9f0fb6c45a06c90d523377d8089737e72c9d98323ee5386de3c99c09b4fa2a78584e24437566f74c0c3770ed3f89a72d558112e0c94f4487e1b2fec954309ef1289ecb2e15043a2461ecc7b2ae7d4470607ef82eb1cfa97d84991fe4a7bfdfd715606bc27e2967a6c557cfb5875879b671740b7d8
t-v1-bit-79-4	INVALID
t-v1-bit-79-5	INVALID
t-v1-bit-79-6	INVALID
t-v1-bit-79-7	INVALID
t-v1-s-plus-1L	INVALID
t-v1-s-plus-2L	INVALID
t-v1-s-plus-3L	INVALID
t-v1-s-plus-4L	INVALID
t-v1-s-plus-5L	INVALID
t-v1-s-plus-6L	INVALID
t-v1-s-plus-7L	INVALID
t-v1-s-plus-8L	INVALID
t-v1-s-plus-9L	INVALID
t-v1-s-plus-10L	INVALID
t-v1-s-plus-11L	INVALID
t-v1-s-plus-12L	INVALID
t-v1-s-plus-13L	INVALID
t-v1-s-plus-14L	INVALID
t-v1-s-plus-15L	INVALID
t-v1-pk-zero	INVALID
t-v1-gamma-zero	86725262c971bf064168bca2a87f593d425a49835bd52beb9f52ea59352d80fa04b1ba4d8129f0d4cec522b0fd0dff84283401df791dcc9b93a219c51cf27324150cc4f4e79be35910b72b3056de816c4761d814d4d9e07ace8602b23f87aa153704c5c799ab45e6f95f508f804d0ce40d2b198e9d4484260f2e2614732576220f5391a08e141958d68d8cb8b4ec22a958fff2e135b59080fcd36a6c12250a6566e8659d1b669307c078af9e2adc1503
t-v1-pk-identity	INVALID
t-v1-gamma-identity	86725262c971bf064168bca2a87f593d425a49835bd52beb9f52ea59352d80fa04b1ba4d8129f0d4cec522b0fd0dff84283401df791dcc9b93a219c51cf27324b8c9dce2640c81a9460600d1deee6eeb9e3578d91cad128da9d41f7c627a22ba7df4bf31f47f5316385d1837a1f59e8b0d2b198e9d4484260f2e2614732576220f5391a08e141958d68d8cb8b4ec22a958fff2e135b59080fcd36a6c12250a6566e8659d1b669307c078af9e2adc1503
t-v1-pk-minus-one	INVALID
t-v1-gamma-minus-one	86725262c971bf064168bca2a87f593d425a49835bd52beb9f52ea59352d80fa04b1ba4d8129f0d4cec522b0fd0dff84283401df791dcc9b93a219c51cf273243536231d9bf37e56b9f9ff2e2111911461ca8726e352ed72562be0839d85dd456f2c822fced530bb86625a3de3ded0c00d2b198e9d4484260f2e2614732576220f5391a08e141958d68d8cb8b4ec22a958fff2e135b59080fcd36a6c12250a6566e8659d1b669307c078af9e2adc1503
t-v1-pk-p	INVALID
t-v1-gamma-p	INVALID
t-v1-pk-p-plus-one	INVALID
t-v1-gamma-p-plus-one	INVALID
t-v1-pk-negative-zero	INVALID
t-v1-gamma-negative-zero	86725262c971bf064168bca2a87f593d425a49835bd52beb9f52ea59352d80fa04b1ba4d8129f0d4cec522b0fd0dff84283401df791dcc9b93a219c51cf27324b8c9dce2640c81a9460600d1deee6eeb9e3578d91cad128da9d41f7c627a22ba98dfdc051de5172697fd955a8dd6e9c00d2b198e9d4484260f2e2614732576220f5391a08e141958d68d8cb8b4ec22a958fff2e135b59080fcd36a6c12250a6566e8659d1b669307c078af9e2adc1503
t-v1-wrong-message	6e567f7dcfcedbae696b52d908843413614a3ab57ab7b0602f627aa912af3dc904b1ba4d8129f0d4cec522b0fd0dff84283401df791dcc9b93a219c51cf273246e5014479a86c6abcbad13e3fc568921638bd88a6f4778b1ad5844435e14cc3a5d0af97c1869180449c43fb9a266cf7694f4487e1b2fec954309ef1289ecb2e15043a2461ecc7b2ae7d4470607ef82eb1cfa97d84991fe4a7bfdfd715606bc27e2967a6c557cfb5875879b671740b7d8
t-v1-truncated-message	10de157f7c29ce820452a4c87ac516c90ecd1c3abfb50d66f56218b9f404266304b1ba4d8129f0d4cec522b0fd0dff84283401df791dcc9b93a219c51cf2732436d8e2f58f1f98658c3a96e4cd4b37fded237b485a7dc52fdaa9ae70f27f0fdef8f869d1b32952b3402ccbe567880a1194f4487e1b2fec954309ef1289ecb2e15043a2461ecc7b2ae7d4470607ef82eb1cfa97d84991fe4a7bfdfd715606bc27e2967a6c557cfb5875879b671740b7d8
t-v2	9d8663faeb6ab14a239bfc652648b34f783c2e99f758c0e1b6f4f863f9419b56d6f8a95a4ce86812e3e50febd9d48196b3bc5d1d9fa7b6dfa33072641b45d029f77cd4ce0b49b386e80c3ce404185f93bb07463600dc14c31b0a09beaff4d592ab52b976cfd5def172fa412defde270c2031837f582cd17a9af9e0c7ef5a6540e3453ed894b62c293686ca3c1e319dde9d0aa489a4b59a9594fc2328bc3deff3c8a0929a369a72b1180a596e016b5ded
t-v2-upstream-bitflip-0	9d8663faeb6ab14a239bfc652648b34f783c2e99f758c0e1b6f4f863f9419b56d6f8a95a4ce86812e3e50febd9d48196b3bc5d1d9fa7b6dfa33072641b45d02920f9fc983310bb3b7eec59705b1fa1cec9e03579cc763a78453c10d3ef413b072ec893e099f23dc6ea1bb160bed964bada881a092dcc6785770eba6b603bdad1d32c13290a681b8b7fcf23f3fc555ca042aa02c0ee00b91e4350bbc7b462898095785526fba8e8b8fc106ed6ab9b3aca
t-v2-upstream-bitflip-32	9d8663faeb6ab14a239bfc652648b34f783c2e99f758c0e1b6f4f863f9419b5641e3cc33caf99e637ef53f1190a7efd755e5800fe7378a9b04a16a1c111053f0c03c76d11ef16891f54296df6f7335042c7f7ac231ff14469c588ece6fc098b3dbeed39bb6e2ea59e033c51ae15311ac2031837f582cd17a9af9e0c7ef5a6540e3453ed894b62c293686ca3c1e319dde9d0aa489a4b59a9594fc2328bc3deff3c8a0929a369a72b1180a596e016b5ded
t-v2-upstream-bitflip-48	9d8663faeb6ab14a239bfc652648b34f783c2e99f758c0e1b6f4f863f9419b565a20e9958d2de4a13088c0de47d5f724d2b4682a0e3d8708ad6e1156aa8da5081a145d51d9e2dae6f749ee4effeeb0db1764f44bf85cd1aaea1fbb1eecc9a3f632b58d99bf4341c1d3e54f28e1a783fd2031837f582cd17a9af9e0c7ef5a6540e3453ed894b62c293686ca3c1e319dde9d0aa489a4b59a9594fc2328bc3deff3c8a0929a369a72b1180a596e016b5ded
t-v2-upstream-bitflip-79	INVALID
t-v2-bit-0-0	9d8663faeb6ab14a239bfc652648b34f783c2e99f758c0e1b6f4f863f9419b56d6f8a95a4ce86812e3e50febd9d48196b3bc5d1d9fa7b6dfa33072641b45d02920f9fc983310bb3b7eec59705b1fa1cec9e03579cc763a78453c10d3ef413b072ec893e099f23dc6ea1bb160bed964bada881a092dcc6785770eba6b603bdad1d32c13290a681b8b7fcf23f3fc555ca042aa02c0ee00b91e4350bbc7b462898095785526fba8e8b8fc106ed6ab9b3aca
t-v2-bit-0-1	9d8663faeb6ab14a239bfc652648b34f783c2e99f758c0e1b6f4f863f9419b56d6f8a95a4ce86812e3e50febd9d48196b3bc5d1d9fa7b6dfa33072641b45d029827eee410bad18199af703f42fbd31a2f25bceec8c51c38957b3857b975ff5c7b657452682c250101df6b8c27e94b8be78c07325b0541a4ec61dcf10160fdb362013f479da7b0dc6432d3c358390108d36e12ba551df0a05601bbad2117605e4e3e88db401dac8686e03e6897d42fdae
t-v2-bit-0-2	9d8663faeb6ab14a239bfc652648b34f783c2e99f758c0e1b6f4f863f9419b56d6f8a95a4ce86812e3e50febd9d48196b3bc5d1d9fa7b6dfa33072641b45d0292e18974dcb822fd2b5e52996ecd4a6ad45ae41f6f965ccd5162fc05eff2d5642989e58e7b0ae258eab9ba6a2b56eb8e0a5f484cafc25586e778c410e9e0508723e96af10aa02e802b18c0afb5e2cebc54e9823820f61c41f9efe85383284565625db1a22502d6e53cef9a9d9c70955ab
t-v2-bit-0-3	INVALID
t-v2-bit-0-4	9d8663faeb6ab14a239bfc652648b34f783c2e99f758c0e1b6f4f863f9419b56d6f8a95a4ce86812e3e50febd9d48196b3bc5d1d9fa7b6dfa33072641b45d029160463bb28a3071cd79e4ca6cf769c765516ed526f6ecc2637592ae0fe47400ce6d470659eeae6ca778ea6c0c3dc249e231e079862ee4ff7d884d99feb7c92fafbd0323e327b8b989973f90ce1208fb888454dca4e582a4bae6c0cc849d9b4855fe73429f68d848c29b438bcee936772
t-v2-bit-0-5	9d8663faeb6ab14a239bfc652648b34f783c2e99f758c0e1b6f4f863f9419b56d6f8a95a4ce86812e3e50febd9d48196b3bc5d1d9fa7b6dfa33072641b45d029f63203092ccc0d8b4651a1bad5542fe2a95c9512259635c036c1d7b4d6879087791183eb9739d523dc1c7b6ca1af42b38fbb5c3a8d9fd47e0a409e8a96ebe79e0bef26e7ca795a618dae310550ee8a99e89eb8897db6e8375ab473e9905caf51f164f897ef749a7cbffb3200d3b4b043
t-v2-bit-0-6	9d8663faeb6ab14a239bfc652648b34f783c2e99f758c0e1b6f4f863f9419b56d6f8a95a4ce86812e3e50febd9d48196b3bc5d1d9fa7b6dfa33072641b45d029edc5910b409f75e49ed5603bd443271528c64df841b19380aebb9ef2e80ae1ee7077321b9822ec74eeb8e776ebb34e4c2866ab68f355dcc5674aa5c33bcf051dbb80397e1b0176ee1d4561c6adea30cd37b927db6ac648743ae82892a9c293a0eb596c99f5114bf7bfc3f11687a97fec
t-v2-bit-0-7	9d8663faeb6ab14a239bfc652648b34f783c2e99f758c0e1b6f4f863f9419b56d6f8a95a4ce86812e3e50febd9d48196b3bc5d1d9fa7b6dfa33072641b45d0292214855830766f7305ebdc740edbd3d4382bb3a3392a20b20bdc5dbcafb9aceadbeb3be72d4b6904e0d07c2df99531d8e4f9124ea10960f75a7ae7a9d85f007dd86a3b6dda961bf83a8d4af70e5c62c6f0f92e05480d22e19d36bfea55a3807916a00142ba46d8fcd61c9862186f8233
t-v2-bit-1-0	INVALID
t-v2-bit-1-1	9d8663faeb6ab14a239bfc652648b34f783c2e99f758c0e1b6f4f863f9419b56d6f8a95a4ce86812e3e50febd9d48196b3bc5d1d9fa7b6dfa33072641b45d029c62d3a078d49cb68f11101bd1a4eadbdd40d5352afc1a441b2ea31c2c45d5f15ae2dd6eb3f1a9f331af572eaac5cc554a27226cedb069253cff1f1df1aea39654bb540b7c0d3e0f75f21d9ea1e6a7049a8baf55658ec4b6d0247d2629c9f0de9c4aa76bdc1de8c6f6f2a40fb21e80b06
t-v2-bit-1-2	9d8663faeb6ab14a239bfc652648b34f783c2e99f758c0e1b6f4f863f9419b56d6f8a95a4ce86812e3e50febd9d48196b3bc5d1d9fa7b6dfa33072641b45d029985b3add88d0f18e7485fee9d7f6a0b7aef33cd9a91a871e791d43626d00fa3e901a0dc0ec91b3d6108d50a5e750344d61771f9589df70216af68e780b8b30e0d51f1159743f2f6f2067d690587d7d38ac49d5cca6d7416d383100acda6f419e98c2acb0886d399cd0e358276296d250
t-v2-bit-1-3	INVALID
t-v2-bit-1-4	INVALID
t-v2-bit-1-5	INVALID
t-v2-bit-1-6	INVALID
t-v2-bit-1-7	9d8663faeb6ab14a239bfc652648b34f783c2e99f758c0e1b6f4f863f9419b56d6f8a95a4ce86812e3e50febd9d48196b3bc5d1d9fa7b6dfa33072641b45d02923d28b134002cd9edeb0851c1162f93c861b466bd66db151a88198da4e8f8bbdb6cfe82551dfba4a63c6778408c6c294ddde62d6e15814901719cf4faee0bf41c1c8215949fb5164a633ac71b5a85f2a6938de2369331c808fe46905beb37917351e5fa6d97f1e2108bcb2dc1c54de59
t-v2-bit-2-0	INVALID
t-v2-bit-2-1	9d8663faeb6ab14a239bfc652648b34f783c2e99f758c0e1b6f4f863f9419b56d6f8a95a4ce86812e3e50febd9d48196b3bc5d1d9fa7b6dfa33072641b45d029008b13c3b8cb6b17d37476a12419089fec9f06a9e0c2acda1efd9e1f76225e918e06de7a8690c9c0e47d18884c5c560ea9f64e89d4013e1b4d19fb076da623c30e42fc7c8fbf2dc8cdcea25b9669e24f2460415429e226ed23c840247ddc39d73fc30c4d220dad91e7b3277e10bca692
t-v2-bit-2-2	INVALID
t-v2-bit-2-3	9d8663faeb6ab14a239bfc652648b34f783c2e99f758c0e1b6f4f863f9419b56d6f8a95a4ce86812e3e50febd9d48196b3bc5d1d9fa7b6dfa33072641b45d02960f6debeee917e0046a3121126725b2c6fb65ec9ea5c904ffba9fa8d3528e0076526b1ec18523666a37b46453ce115c28216c51da0fc4584c5a5bca741a7089a7d6a47cd4d3adfd3754bc2252bdbb02ce23bf33b2022d55de081e2895e3c6cd062aaabe950180f100706a78261c86585
t-v2-bit-2-4	9d8663faeb6ab14a239bfc652648b34f783c2e99f758c0e1b6f4f863f9419b56d6f8a95a4ce86812e3e50febd9d48196b3bc5d1d9fa7b6dfa33072641b45d0298aadad04ec04b2f321dbaf03b667311225376b018cb3a6f23106a68809ec63e71c40f6e5fbb0e00adb6a669953381d80e84e49889cdceb8dc14549929eb47f7a6196450fdac0c6aa4454b36703e096528f4122610e9e15332ec4a004d5927c47640c171c5464a7fb1d27947dc7b53d5e
t-v2-bit-2-5	9d8663faeb6ab14a239bfc652648b34f783c2e99f758c0e1b6f4f863f9419b56d6f8a95a4ce86812e3e50febd9d48196b3bc5d1d9fa7b6dfa33072641b45d0297d059fe8e183bf12a788b65e3a607d3f9a824b0f26b6d7406161f7b0c575b0c474e4a481935fc7680abd603904eb5a9480e581173d66cbd7fdde26313605d017b2bbb22a162498e23d0d6cf646adc69fd167dbf04980512fc137727dc9bcc935b36cbcb5847f9ec90d8d901b78dfc24c
t-v2-bit-2-6	INVALID
t-v2-bit-2-7	INVALID
t-v2-bit-3-0	9d8663faeb6ab14a239bfc652648b34f783c2e99f758c0e1b6f4f863f9419b56d6f8a95a4ce86812e3e50febd9d48196b3bc5d1d9fa7b6dfa33072641b45d029df07ff662d8bf060316e9795d92995330fa799d4d0165d9e2852c63fa5fb6e2b60e2bdc840a32b5f1c5fc9970bb4b0f14b879987a6d881206ad21cffe340d36d7d531805784cdf50f850e60c720ff2e173032ac2617545b89742b21d366ea1249e4dc07c59b2484bbf0a7899c42e4eeb
t-v2-bit-3-1	INVALID
t-v2-bit-3-2	9d8663faeb6ab14a239bfc652648b34f783c2e99f758c0e1b6f4f863f9419b56d6f8a95a4ce86812e3e50febd9d48196b3bc5d1d9fa7b6dfa33072641b45d029489021fbed64ce39d9326640e1e3446da51eb64da3f96d713e3552dd8da048efbcb56bf78f16a88701d047fe2a6bc93b9a1b11486853835ed4f4d1733e6b6da829f5c34c7cbb02477fdbda08917f1fb5c93ac8c898816441926438942ec1a6eba6c2737e6ccedd3bb0cdcaa4c0b0797b
t-v2-bit-3-3	9d8663faeb6ab14a239bfc652648b34f783c2e99f758c0e1b6f4f863f9419b56d6f8a95a4ce86812e3e50febd9d48196b3bc5d1d9fa7b6dfa33072641b45d02913ea41d940d5745e6cef2e9d276b66b06c0f50bcf22553cf1ab679dfef2a8a1dd2b7d715cb4335b934ca5579a5536b5b2db32940a67cc3be6818d94831a8083804227a5699903f7e8bdc692bc15b877f2aec87ea1e56e0e9863b25addf1ae3a9fcc9f308999b7276cdc39d5af24aebee
t-v2-bit-3-4	INVALID
t-v2-bit-3-5	INVALID
t-v2-bit-3-6	9d8663faeb6ab14a239bfc652648b34f783c2e99f758c0e1b6f4f863f9419b56d6f8a95a4ce86812e3e50febd9d48196b3bc5d1d9fa7b6dfa33072641b45d0290ad1dbb2e7c73875926c68049f519cf9b9bb91461c360b9a0550feaa46f5e24b874457efbb7984017359246ef1cd1d953e93dfb18153b771b31cf40567c10d18f8e0becc1565abfc5fca4f8c1087dabf0db376db7b831fce97cc1e39dc1a3d2bcfe15fed0d2e66bcbba830d9e86d1873
t-v2-bit-3-7	9d8663faeb6ab14a239bfc652648b34f783c2e99f758c0e1b6f4f863f9419b56d6f8a95a4ce86812e3e50febd9d48196b3bc5d1d9fa7b6dfa33072641b45d02936350bd76be1b827206b3b6764919f4ed0b476045e3f95cec985fbfacff3428450f5da61618501f7b2f3a2de5f728688cc3023f7b743318a6283672c55b868c1bfc429718af9aefab8833cb218f66932506d261abac47c1abf6695f40bed952c514668757c6cf8453071e68357d68f99
t-v2-bit-4-0	9d8663faeb6ab14a239bfc652648b34f783c2e99f758c0e1b6f4f863f9419b56d6f8a95a4ce86812e3e50febd9d48196b3bc5d1d9fa7b6dfa33072641b45d0290a3372bf96d4c52377a8fdccfb62e7643458d921251d442ff52c211693eb3fe316632ed227e99fae1001459d3ef48f85b290828b9313fe7982e10e4c987d31a1663a3944576a6fad4cb17590f6ef307a1d82029da6fc95d40023c6ea3cfc247c3f18b5caea0986d1d432097bada47042
t-v2-bit-4-1	INVALID
t-v2-bit-4-2	INVALID
t-v2-bit-4-3	INVALID
t-v2-bit-4-4	9d8663faeb6ab14a239bfc652648b34f783c2e99f758c0e1b6f4f863f9419b56d6f8a95a4ce86812e3e50febd9d48196b3bc5d1d9fa7b6dfa33072641b45d029cc9eba2964f85e3fbbdfa37e51f5cd6d724819c7a172113c25273fab777318df5e47d994bd33b206f65dda258c34c7ad31199d0de43f89b3b8d8667664dbf448b95f693b0209ff7a69a9daec6b797f680d5a8683912c2352b080debfca0b7c7b3e134a5a1b2c786beda5aada2fcd33de
t-v2-bit-4-5	INVALID
t-v2-bit-4-6	9d8663faeb6ab14a239bfc652648b34f783c2e99f758c0e1b6f4f863f9419b56d6f8a95a4ce86812e3e50febd9d48196b3bc5d1d9fa7b6dfa33072641b45d029b0e325b01a6d7345ab4bb059782278f5fa7928d72de219da6aa8725e196e84d5cd46edcdedb08ec690ddf84de4d389a18da391ec2ce00572bb9e98865af7afe6578ce1693e13afe6a777172308171aa5103d908454dab3d16a24de6f2506bf15bdd4aab9f0795833d25d658068e8f78c
t-v2-bit-4-7	9d8663faeb6ab14a239bfc652648b34f783c2e99f758c0e1b6f4f863f9419b56d6f8a95a4ce86812e3e50febd9d48196b3bc5d1d9fa7b6dfa33072641b45d029739ba56ed84ce6ab0a6135e8a7d819a6e34ca35762ca5d73c2a64d40f52996dbc51d402fc6612b065e5d868e90497bbcba456e7a50930e0dd8c5d9a823419cf34789bcd9fcd14371a4b5a6c8846ff2bcca8a7c401d38abeeb4c52d1631e84496265d92c6164d38e9b4f97bf4bec2864e
t-v2-bit-5-0	9d8663faeb6ab14a239bfc652648b34f783c2e99f758c0e1b6f4f863f9419b56d6f8a95a4ce86812e3e50febd9d48196b3bc5d1d9fa7b6dfa33072641b45d029bea2695b62055c71eb665ae0b9d227919ed8d89304f71329599362a7bd02c09a9e7c6dd1e827910c2aeba885535f76702190aa649b7047307cbd68a291dd906efd6fcc03689d1768f8ac433eae137f3e458615959d6e720c20c14efbefbc87eeb7ddd12f8364274afb1f86066f515eea
t-v2-bit-5-1	INVALID
t-v2-bit-5-2	9d8663faeb6ab14a239bfc652648b34f783c2e99f758c0e1b6f4f863f9419b56d6f8a95a4ce86812e3e50febd9d48196b3bc5d1d9fa7b6dfa33072641b45d0298a86b4b41c2a834b66998948d6d4827b5ac0d247c7e1c1fc8e20ec1014fda040f60e3c8aa63a933af27675516a20ee625c61777cd6905643013b3ea27cfc1e3027a697726b9974b7a66e938e634d7fd954f8557220d25ddc9f499420375d5323d2b6cb79dbd5ac60331e75dd06aa1ecf
t-v2-bit-5-3	INVALID
t-v2-bit-5-4	9d8663faeb6ab14a239bfc652648b34f783c2e99f758c0e1b6f4f863f9419b56d6f8a95a4ce86812e3e50febd9d48196b3bc5d1d9fa7b6dfa33072641b45d02964b3540ae983efa06e6b23be4fd0998771a7c90af412844152ccd9ab374aed72d04ac4d428b2a1917249a9e3fbf1201f6de6dc3a9981874ce15a8ba3afaa0191ffd35efa6fecf19fa1e271591b4457979a076153ff0663bfb5c89e6457c7b95a6da073b8c5eb92c22247a167c4b8c228
t-v2-bit-5-5	9d8663faeb6ab14a239bfc652648b34f783c2e99f758c0e1b6f4f863f9419b56d6f8a95a4ce86812e3e50febd9d48196b3bc5d1d9fa7b6dfa33072641b45d02907c63dc3123a84be9a04f72415e7999ee72c4d052e69dde16aa542f783ea7a8b7bc81cf06762457aa15e12139cdf3c0d3aa1afe0c055ea736e8e4b06e32250ee436100d6ee9ae768639bc5e3817cb4338808c720691aa0e23759a8df92a506e5e956e729fbe5ea387387853825b401de
t-v2-bit-5-6	9d8663faeb6ab14a239bfc652648b34f783c2e99f758c0e1b6f4f863f9419b56d6f8a95a4ce86812e3e50febd9d48196b3bc5d1d9fa7b6dfa33072641b45d0292c7de231d289d9734a723ddc45d9d5b31b0db3f0b00334487cf2ec6665cbd74873c4d436873b51aedef61e53ab45b102f5b1af3e94150df35f62db60a2de4f871c9304dd5ba6b98eca6e6b4db39d67978f00f009ae88cc3c4871f2aecb95d733a561a3765281f26964693dd8e21882e6
t-v2-bit-5-7	INVALID
t-v2-bit-6-0	INVALID
t-v2-bit-6-1	INVALID
t-v2-bit-6-2	9d8663faeb6ab14a239bfc652648b34f783c2e99f758c0e1b6f4f863f9419b56d6f8a95a4ce86812e3e50febd9d48196b3bc5d1d9fa7b6dfa33072641b45d029903d2d36549bae2472c28be2a2277a40e2ccb8bf85cfc168dd8f732ac056f9d080419c002ffd79a3caf31964ed53610a9c3d5c4fc9b0c1c5da9f0b1186a7cfb4537c27b29fc6b8201dba191c1ce5e19a8a31145f093a079c40ff047492209683c637a842df3d7adbda614d30cea16dfd
t-v2-bit-6-3	INVALID
t-v2-bit-6-4	INVALID
t-v2-bit-6-5	9d8663faeb6ab14a239bfc652648b34f783c2e99f758c0e1b6f4f863f9419b56d6f8a95a4ce86812e3e50febd9d48196b3bc5d1d9fa7b6dfa33072641b45d02913158cdd3b99aeb5575f8304b1f3053bd31d1e9935bda0197c4e7171b5ae478aaec17b6e46f8a5b4b2b81da6562cf8e165a53bdad21ac53e4aa48e41ecb0099537e712cbb4d32af1fa1c9b54e9cbd8e6f64c96a26145d7f26ca2b974bf32eb1e73dca1a2a893a280c0588cfcf787d4ec
t-v2-bit-6-6	9d8663faeb6ab14a239bfc652648b34f783c2e99f758c0e1b6f4f863f9419b56d6f8a95a4ce86812e3e50febd9d48196b3bc5d1d9fa7b6dfa33072641b45d029977f7233d4299fa6eb53518f4cca8b02356ca441f97214c35a1db2dae6628836d000f701af66a3d658ace48ed2fd7b07020f9ad8c689f72269828e4973a785d7e1949da936eed4b376dcb3a8309f15fe44ddf56e4d844651a841c683629e95a8d07aae3632f774b7fa075f79b6e28511
t-v2-bit-6-7	9d8663faeb6ab14a239bfc652648b34f783c2e99f758c0e1b6f4f863f9419b56d6f8a95a4ce86812e3e50febd9d48196b3bc5d1d9fa7b6dfa33072641b45d02979029400c030135e4d0a8ed0ad11c47e0ef7fa97f3605ce46e0eb4574f6806fc226ab8136d6ff4de7a9bd0eddc9dfd4ee950775d8ea2c70424df3d530f8bf4a4c4f51fea3a9fdb913a7c28a24fac54c47cbf09c064b79e0063e3f7ab7ac37711f3374c3258ce91f530eaaafae6ca61fa
t-v2-bit-7-0	INVALID
t-v2-bit-7-1	INVALID
t-v2-bit-7-2	9d8663faeb6ab14a239bfc652648b34f783c2e99f758c0e1b6f4f863f9419b56d6f8a95a4ce86812e3e50febd9d48196b3bc5d1d9fa7b6dfa33072641b45d029871b64917fe40154878717d75b0eb39ce07bd73dcb82bc16fe8bed9131b0210dc62a65278974b4e9e5518a268427964bc7898a8782ee99d49c119f9d68a57aeeaa0ef17e8b1c97fdcf9cf3d7b8d3ac407e3986b7e93d9f494bbc4251f671e74001d5326f99fb0212f5750e75bf3f3736
t-v2-bit-7-3	9d8663faeb6ab14a239bfc652648b34f783c2e99f758c0e1b6f4f863f9419b56d6f8a95a4ce86812e3e50febd9d48196b3bc5d1d9fa7b6dfa33072641b45d02970e3a0b25e7ae38e07f104d716b182e587e75b48dd7a44ab601ef18c1c7598cea3ee06e365de9b50a17feefcb84df5ce05e1f202e138d8d16db6070cdf9c1b11bcc772bf13c55c3880e1303733fc10b1aefd3e9f9f6973b96c298f4160b89310d1f33e6d9a8f22fdc290e8433c06a6f5
t-v2-bit-7-4	9d8663faeb6ab14a239bfc652648b34f783c2e99f758c0e1b6f4f863f9419b56d6f8a95a4ce86812e3e50febd9d48196b3bc5d1d9fa7b6dfa33072641b45d0292b8af04031f8ca35d74a8354d8c2e3032377f67a08fdc9b130612bc9c5803b82b7e7ba4298524caac0c79ece8ea9d667026edb2293357c7e8b351eb13e9f3a3b762ce9cffe6bdaa4fedd0e4c479656a40082a5fa4583e9d7faaceeb7a5b2862c5cc7a1ca440651ad3cde91307521ec58
t-v2-bit-7-5	INVALID
t-v2-bit-7-6	9d8663faeb6ab14a239bfc652648b34f783c2e99f758c0e1b6f4f863f9419b56d6f8a95a4ce86812e3e50febd9d48196b3bc5d1d9fa7b6dfa33072641b45d0297f6d27be6741dc51173b7058ef1c8a9c4751eb6080609aba04665f13445e11ecd4bb53c3f6c6fb3f9bdc3dd32a5eb12536d73d07b3cee0af68be67b6f7004c3f95a92066e7e278a4bbf71448a399737e834bab82e6b74277c56cf371669f680e0b135df2e29dd39bc21dc57837456438
t-v2-bit-7-7	9d8663faeb6ab14a239bfc652648b34f783c2e99f758c0e1b6f4f863f9419b56d6f8a95a4ce86812e3e50febd9d48196b3bc5d1d9fa7b6dfa33072641b45d0295e245e36349dab7850dd672b1cd55dec470eae443bc2df13a63258215af306f8cd192f4835cda35e16e039427e6e3b18c90f804b00a796a813442d7aa355b7a961a984d26d227775621caca201b67b8d26662580b92b57506c7cbd77905adf2153d77b60436cfcf0d09ec3664e64ccf2
t-v2-bit-8-0	9d8663faeb6ab14a239bfc652648b34f783c2e99f758c0e1b6f4f863f9419b56d6f8a95a4ce86812e3e50febd9d48196b3bc5d1d9fa7b6dfa33072641b45d0299370257de5b5f7f6258196d541b095a60ead4a1ae25d325e3713c93455861f4307365ab16e0dbd8fa7446aeb84ff0d5f872dba3e1631feadc5fa4fa0d17ac2ca8652b2cfbc852ff2786eec294697467cc0ebf872ffaa22107c7f973600936871e3afc5017391ffe11f80031fa3d8498e
t-v2-bit-8-1	INVALID
t-v2-bit-8-2	9d8663faeb6ab14a239bfc652648b34f783c2e99f758c0e1b6f4f863f9419b56d6f8a95a4ce86812e3e50febd9d48196b3bc5d1d9fa7b6dfa33072641b45d02942f96557fc6ae678accac71f52bbb4094f1b5d4abc3c8e7b70238ee75ae0ea712149ca68562c5bf5d9f1c0eb86010128153eb3b514152463da80495bf75022b7b552cfc22021c2139c93186330e136936e35420bddaf1450d0cbdb70066dddb90bf8d0d9ddb89d8082475cb2ffb57913
t-v2-bit-8-3	INVALID
t-v2-bit-8-4	INVALID
t-v2-bit-8-5	9d8663faeb6ab14a239bfc652648b34f783c2e99f758c0e1b6f4f863f9419b56d6f8a95a4ce86812e3e50febd9d48196b3bc5d1d9fa7b6dfa33072641b45d029cc7347afa2c8173efdfa3081fb4b2ca9e623bace4b519ec3a9d7b06932fdc2c971717a8c2861245dcef36d012684d9541390e7c0dda000225147c38c2dca23842ea6797a398e764c86f155a5418122ebed2404902eea2bf9f648a605ae886177255b249744e0aa2e7d9b840881cc1299
t-v2-bit-8-6	INVALID
t-v2-bit-8-7	9d8663faeb6ab14a239bfc652648b34f783c2e99f758c0e1b6f4f863f9419b56d6f8a95a4ce86812e3e50febd9d48196b3bc5d1d9fa7b6dfa33072641b45d029c0098ceef505e40c6d5f15b9a11ea004362388b9c3bf5b3f39b67b432b747a39140cab233ab71f5196b99cf8f6de23217894f94042d580da8ef03f7ec07875163fc718b04c4ad0292459afffae3b1c7d1d3afdf32980d2692b0010169b9fe22a69bd818b936f898f7aeafd2947612132
t-v2-bit-9-0	9d8663faeb6ab14a239bfc652648b34f783c2e99f758c0e1b6f4f863f9419b56d6f8a95a4ce86812e3e50febd9d48196b3bc5d1d9fa7b6dfa33072641b45d02987f26514ada0f35e41cf7d9d419ff31ac45a1b651062aee9e64fb9f1f0277d8725eacc161718c2d39b6751e8b8b2c48b28905998a3152fc1f91e3b3a8a61d6489eaca0c3e58ea05d0fee42a5d5d26292ded118a97a2fa5622d184e6764d2d65ccbfd659002b8a5d8778118b6747594d5
t-v2-bit-9-1	9d8663faeb6ab14a239bfc652648b34f783c2e99f758c0e1b6f4f863f9419b56d6f8a95a4ce86812e3e50febd9d48196b3bc5d1d9fa7b6dfa33072641b45d029ff7010df05de3dc92bedb5516cc85153d7e8173fc4f49b847efc34bd4a5a911adb7860e6e1a0ae93d8a4b46eeb9ecf01c1cc249ec3848dd28c3739c0df49fb27cf2e5093d9e14e3f394a2071cf79f4e5b9e4b6e91709047b0ddd0f4f91448771e600b88bd8167486850c343880fdbcf4
t-v2-bit-9-2	9d8663faeb6ab14a239bfc652648b34f783c2e99f758c0e1b6f4f863f9419b56d6f8a95a4ce86812e3e50febd9d48196b3bc5d1d9fa7b6dfa33072641b45d029442d350c008170b7873d93012cb6ca922c97e7b288b4b9c83e264f8c523cc84ad75a7705dd485c050fa5890b7d04ddf41b63ab5595860e8d18ae55ded1aa92c23b3b788a6e39c79d7810b4fdc289dbbc86e09fa13ae4f5bec069f48ffa0f1565133a52fbc50819e20932811ce5220df8
t-v2-bit-9-3	INVALID
t-v2-bit-9-4	9d8663faeb6ab14a239bfc652648b34f783c2e99f758c0e1b6f4f863f9419b56d6f8a95a4ce86812e3e50febd9d48196b3bc5d1d9fa7b6dfa33072641b45d029a3f34e5140640b21763e8c56b5dc8153256dc4a51f00e6157c03fe7c87fec14c18de17636042a161fe5bdfd1c49f0d7dbf9ae8b230a6efaadc70773aa4be55de57de596999f9f1fa52511c4f6f5a09a40ac9d334b66067e0693d664797203e5c07e6bb164e1994e580033cc0762db839
t-v2-bit-9-5	INVALID
t-v2-bit-9-6	9d8663faeb6ab14a239bfc652648b34f783c2e99f758c0e1b6f4f863f9419b56d6f8a95a4ce86812e3e50febd9d48196b3bc5d1d9fa7b6dfa33072641b45d029574e788d9b67b6e8e523e63ba13f5d7e323776d4d2a9c3a04738f30693b7a962a24c521721f48b2a97912ab66b569552022354d07393eb6cccc9b538c28089916453f94c0fe55a26789bd51e0c1cef3212f811c74597217c7998a6ca511036851625bacf237e5f6e8ce3b1777d3a6a9e
t-v2-bit-9-7	INVALID
t-v2-bit-10-0	INVALID
t-v2-bit-10-1	INVALID
t-v2-bit-10-2	INVALID
t-v2-bit-10-3	INVALID
t-v2-bit-10-4	INVALID
t-v2-bit-10-5	9d8663faeb6ab14a239bfc652648b34f783c2e99f758c0e1b6f4f863f9419b56d6f8a95a4ce86812e3e50febd9d48196b3bc5d1d9fa7b6dfa33072641b45d0291f6a7c9f0f743871c94eda71cca8972c0425f707edf8da7bf48e90226686257ff333701bacdb2b653a8b0b8b8cd55a9f641595b3897049b05a41996703b4965673a49c2eebd0692ca9553f7a3dbb8913685101da1a3d10860a994b448874b741eb59543cf38020aa52d79fdc5d7ac62c
t-v2-bit-10-6	9d8663faeb6ab14a239bfc652648b34f783c2e99f758c0e1b6f4f863f9419b56d6f8a95a4ce86812e3e50febd9d48196b3bc5d1d9fa7b6dfa33072641b45d029692ef47f6510e8e10f0e151d014f645f3034f604d8fa9e86ec5230484f58c6996ad65c36e0f8bf07863d1fb17478d064b7cf0a4fc52c54bbbaf33c4db965ff29956c5ece6150b11a902584fba30a49b7cc343e9d85502b20d78875f1de4dd34b1bbebf7143662fe3dce9c64fa2308b18
t-v2-bit-10-7	9d8663faeb6ab14a239bfc652648b34f783c2e99f758c0e1b6f4f863f9419b56d6f8a95a4ce86812e3e50febd9d48196b3bc5d1d9fa7b6dfa33072641b45d0299627478e46b570b98eb8ff0d91b046e5aa6205e994cce17171715dd5c5877f63605df63f90397206a2728cb0f3e694bb12b1ca639d6b84b07fd04cc6962c246f706c63719e7a4463aa4ea571d38e5ebed4c075889ba1267990c8a91ff2f5b105e69ead8320e67e2591d3a1bdb894bf8a
t-v2-bit-11-0	9d8663faeb6ab14a239bfc652648b34f783c2e99f758c0e1b6f4f863f9419b56d6f8a95a4ce86812e3e50febd9d48196b3bc5d1d9fa7b6dfa33072641b45d0297dacbcdb9f59db44e339f275cf43c426d153dce609937cc7e2ef746c42a80c9c4cbb797b8010ace778121f87810c18233739832b6f1128accac77a460f46df0087c1129ec828147b0d8d19795660ce5e8fd026eeb5ecb09f08d3c82cc27456239d91099279d83d486f54dd0056e8feb9
t-v2-bit-11-1	9d8663faeb6ab14a239bfc652648b34f783c2e99f758c0e1b6f4f863f9419b56d6f8a95a4ce86812e3e50febd9d48196b3bc5d1d9fa7b6dfa33072641b45d029cb85546a28ab3cedb0d6ef123e74d80292f0ac76791d75f2ea57958201f9da113c6becac3177c2f170c10a0401b45b2bd89bc313bddcfe780925bb2946d3f46ec3878db850220c816320427271fb1c32c59aa7db59019e2c240dd91a55ce03e6e6fe28ef1ff36552608c67209831a8af
t-v2-bit-11-2	INVALID
t-v2-bit-11-3	9d8663faeb6ab14a239bfc652648b34f783c2e99f758c0e1b6f4f863f9419b56d6f8a95a4ce86812e3e50febd9d48196b3bc5d1d9fa7b6dfa33072641b45d02924e077f0dbd1163f1a5e8a6d446709c861d236114b0ccec668ea965c19fce822ef4c2ca57674194b0b5dc90f53f98ff865aae08ff44c518af0fb860681856afe554979e08c261572b461b71bdacbf4759aebbf31749e23c7fd5132ed211033f23ffd2cb73777f571a3955ce7971c3378
t-v2-bit-11-4	9d8663faeb6ab14a239bfc652648b34f783c2e99f758c0e1b6f4f863f9419b56d6f8a95a4ce86812e3e50febd9d48196b3bc5d1d9fa7b6dfa33072641b45d0295095e86e7dc54bbff188cd4d83fa4636e5538114d429896699ddd779585800ff9f8bcd283c78e411f5ddfae8ea8697536140fdda40e11e7213f6c03fc9c7f6bb32ec716f9caa11e5bb21b3fcfe7db51de156eb5f059728748c2e9dea01f349aebd393ea420fc33bda83a45e383f315a1
t-v2-bit-11-5	INVALID
t-v2-bit-11-6	9d8663faeb6ab14a239bfc652648b34f783c2e99f758c0e1b6f4f863f9419b56d6f8a95a4ce86812e3e50febd9d48196b3bc5d1d9fa7b6dfa33072641b45d02911dd0ace8279f0d453f14039219de067b1e42cc40cb67a32cd3b59d668727e46a9007f096fdc376cc579e6caba76682f8e8f694554aeba260955eec52f845dd2d1644515ffc0f6e19ea0c29772078f40c831acb890a37fb7b729d56c98708c9998a19edf77c589a08f60dedb3c043192
t-v2-bit-11-7	INVALID
t-v2-bit-12-0	INVALID
t-v2-bit-12-1	INVALID
t-v2-bit-12-2	9d8663faeb6ab14a239bfc652648b34f783c2e99f758c0e1b6f4f863f9419b56d6f8a95a4ce86812e3e50febd9d48196b3bc5d1d9fa7b6dfa33072641b45d02912c3851545541126cb8063dd3b18a787c60fd85f43e97d696a9b415ed2900b7e50794b060bf9cb4bffa076726c78c7f6fed1073b54a5eac184c189786b2137f88061cefcf3ea3f7f359eccfe33ce65302c6bd805828084f5549ed749643939259f36ba0f369e9eae58173388e9b5cc0f
t-v2-bit-12-3	9d8663faeb6ab14a239bfc652648b34f783c2e99f758c0e1b6f4f863f9419b56d6f8a95a4ce86812e3e50febd9d48196b3bc5d1d9fa7b6dfa33072641b45d02961f3237c186a6b9e7558cc96b39735604b04c005b460333fa8698f0969dc91af2c2cbe9af72350f9cf01fda1f8eb5de828ae32966e0681002929e4abdad5cf021fd11cc4c8d4310177325fdb891bd7a5b569b4aba4c71cb2707b8ccffcda0cd5e8895105951c826e4fec3092c7fb893c
t-v2-bit-12-4	9d8663faeb6ab14a239bfc652648b34f783c2e99f758c0e1b6f4f863f9419b56d6f8a95a4ce86812e3e50febd9d48196b3bc5d1d9fa7b6dfa33072641b45d0297ea19ec13b7a66f5dab62a3664a512b6d960c56c2481cbb037146fe75745228d397bf968c9d259f4fda91a2f28ba484ac66de0a3798c7f253bba39313608901262b12db570b3ebdc647eb9a914065324fcb43be2495d56e3f2ae4b08932cfee84ec6412cacc0251cb366e146f8d22487
t-v2-bit-12-5	INVALID
t-v2-bit-12-6	INVALID
t-v2-bit-12-7	INVALID
t-v2-bit-13-0	9d8663faeb6ab14a239bfc652648b34f783c2e99f758c0e1b6f4f863f9419b56d6f8a95a4ce86812e3e50febd9d48196b3bc5d1d9fa7b6dfa33072641b45d02994ad027c875d4d9354a7acf920b651e2cf9ad8b2ebc6abccae91c7304639efab2a5a3ef15d1d78d49077b8942b2aaf5088e47473b02d14d51b9da5360b5bbdb26b51d1109d0b511b554cf1b61c329beb3b500765c03f99ac13cf23b48a80c7cc29eac7b70e43c5b8f4a65000e2cbdab5
t-v2-bit-13-1	INVALID
t-v2-bit-13-2	9d8663faeb6ab14a239bfc652648b34f783c2e99f758c0e1b6f4f863f9419b56d6f8a95a4ce86812e3e50febd9d48196b3bc5d1d9fa7b6dfa33072641b45d029ce87abb108d3c0950187af57768372c7cfccd50e37d55758845af96309bbc92575d786d025106940eacde2469e534e25fae91fd027939bcc68f8d70d722fba3f434c5819533369778855e332a7520119a334bf36b1d93d8b7afc3029c43206c30dc69ccb0ae07adb17cf09c9e7e6f1a4
t-v2-bit-13-3	9d8663faeb6ab14a239bfc652648b34f783c2e99f758c0e1b6f4f863f9419b56d6f8a95a4ce86812e3e50febd9d48196b3bc5d1d9fa7b6dfa33072641b45d0294c3ca3843d2b774988716ae29972364bc7a09bc4fdf406d8f7d6851afb854e8a8df05c14a8cc9f11248213e6cb75d752ac958ef8ece52e6389ad5f756509408886ca4b20c5feba877264351df15d7ec20bf2517edd96d5b11cb93e68ec306bc0bf5413b24bf8f62b9331a0c3a6158a21
t-v2-bit-13-4	INVALID
t-v2-bit-13-5	INVALID
t-v2-bit-13-6	INVALID
t-v2-bit-13-7	INVALID
t-v2-bit-14-0	9d8663faeb6ab14a239bfc652648b34f783c2e99f758c0e1b6f4f863f9419b56d6f8a95a4ce86812e3e50febd9d48196b3bc5d1d9fa7b6dfa33072641b45d029b6d780c580c37eac980597211f4cc902939e9d8231a9ff61fcee5f3155c1c845316a43b69395db0f784180f1efe40e30c2901bc26997f5124569e4b84d839f4d94ff9d4549e9d4348e66cd320aa75bb303ef6ea42bb8090b75fec5458be48c608ca8e623492ca9ac49d32d19bdacad7c
t-v2-bit-14-1	INVALID
t-v2-bit-14-2	INVALID
t-v2-bit-14-3	INVALID
t-v2-bit-14-4	9d8663faeb6ab14a239bfc652648b34f783c2e99f758c0e1b6f4f863f9419b56d6f8a95a4ce86812e3e50febd9d48196b3bc5d1d9fa7b6dfa33072641b45d0290a9994e94446e8fb45200476421a6c8797ab2d5963c74cc05d50a21917d121c48c16f95e5356f9a6724348e945de6cba51317dff98a16f6f0cae74b93ac3aed02da9c280a2a5279a6a91a6109fcad26df9f08ab09c9af6c9220afc70fa2c2d8e3452ad5ac43c62c183a1d8001cca7ec7
t-v2-bit-14-5	9d8663faeb6ab14a239bfc652648b34f783c2e99f758c0e1b6f4f863f9419b56d6f8a95a4ce86812e3e50febd9d48196b3bc5d1d9fa7b6dfa33072641b45d0297fbb84e15162314d5f4b56483aebb8fdd97f56a50d8e252a848567c7dad0b9a49a1de2ea3761280e7fd5f5467edc5c84bfb9834c89db09fffb31cf43372bbf19ba5715d6865b4f4ed7114ab66abe65316688829dc3f889a9da371d3963637649e7dfc711b3043c2492ea04a6e2010435
t-v2-bit-14-6	9d8663faeb6ab14a239bfc652648b34f783c2e99f758c0e1b6f4f863f9419b56d6f8a95a4ce86812e3e50febd9d48196b3bc5d1d9fa7b6dfa33072641b45d029285ec17742dc2fd96f80686b162c5a60becfc7bfb89c569aa8826177cec365b29e00082f14c11b35ee7e01b5288d32777b9a45f3f057c2f8e6389fa8776c6e975c9b6b530e87bd1e9c58a197bb9877d535e81411aa4f3416a05e0f84c27a2ab57a7d66fc85d1e0e8c1d1b2027e9b08d8
t-v2-bit-14-7	INVALID
t-v2-bit-15-0	9d8663faeb6ab14a239bfc652648b34f783c2e99f758c0e1b6f4f863f9419b56d6f8a95a4ce86812e3e50febd9d48196b3bc5d1d9fa7b6dfa33072641b45d029a403511fd69ae0452de41afd6b91e66753b02009716f2fbc37bd96f8e24cea1d64386817a674824d4ca53167089de51af91162c068cb0e1ca988f5e9839aa874d15872f1ab78fa8fd52f996b7f151c449df0e910e4404c4f89fea7c2eb54e1d2815abcd4faedd4f0e1470751aaeee2ce
t-v2-bit-15-1	9d8663faeb6ab14a239bfc652648b34f783c2e99f758c0e1b6f4f863f9419b56d6f8a95a4ce86812e3e50febd9d48196b3bc5d1d9fa7b6dfa33072641b45d0292e0ce8d0b0331d8c099121bf1ed7d05b2562e10f8a2b57100c35b10151bc937f6cceabcd3fef40f504a00351ac4f23f644ebf2cd1766d3c9d9919853d1e7487b1ffef7ac2278a150e1e948d5c4ded5407107e2ebd97fe78ba5770d00d857aba7e28a8656620f7dd9631a90f2c34e01b3
t-v2-bit-15-2	9d8663faeb6ab14a239bfc652648b34f783c2e99f758c0e1b6f4f863f9419b56d6f8a95a4ce86812e3e50febd9d48196b3bc5d1d9fa7b6dfa33072641b45d029bafb5b36f5375ccffb25b08554961a5d288e866a9a280125d1a16a921ffc41c4f954802ada8248e635058ec13379b7f3834754a665709e8f92cea1a41e41a5be21d6c3a96d7e1c6fa878ce3109e1de2536b636ac4b2c17329c1f866df1f9d1d4d46b343aa5a0b55bdc163042867f2f74
t-v2-bit-15-3	INVALID
t-v2-bit-15-4	INVALID
t-v2-bit-15-5	9d8663faeb6ab14a239bfc652648b34f783c2e99f758c0e1b6f4f863f9419b56d6f8a95a4ce86812e3e50febd9d48196b3bc5d1d9fa7b6dfa33072641b45d029b3c6e2af0c4349215cf539a9d23a513319f071de0d1e3bc15c9a3506879b956856a3268fecbd455b155308b36d74d2544c3a4157851e210f04c339a2f44b3797530a96b6d5075a196b5d303f39582f16e257abad41d03106ef354565b0240b42c096c3559b970027cfe53316c2c26984
t-v2-bit-15-6	9d8663faeb6ab14a239bfc652648b34f783c2e99f758c0e1b6f4f863f9419b56d6f8a95a4ce86812e3e50febd9d48196b3bc5d1d9fa7b6dfa33072641b45d0294c3ebe5f99d68cc50fd9668ce8a6e2d539960f74c79999441fa3267231541efd7a14de04fc25e9a678a5e31601fd24adf8f2ea083f704c95202c123959e6d344e8b11aa7239c94889fd149a91899278d7e022e18672bfc355534e85d0b36b1439de825456d7f20d29caeedd3577490a2
t-v2-bit-15-7	INVALID
t-v2-bit-16-0	9d8663faeb6ab14a239bfc652648b34f783c2e99f758c0e1b6f4f863f9419b56d6f8a95a4ce86812e3e50febd9d48196b3bc5d1d9fa7b6dfa33072641b45d029881332db2c3fd0d5a05e5d43574d998fdacf4dd97c13f3e2b6cf993c40257ce3389596eaf03ea8b24cdeccc57d2ef0cad11adbf8f47f07fa19a61c325e1fb3261cd3402e4da3df4274f5d6ab7caf27dc2e04c8657536a511c6f053c4c3e5ae0e1feaa96460647a39033e2e0396b3c822
t-v2-bit-16-1	9d8663faeb6ab14a239bfc652648b34f783c2e99f758c0e1b6f4f863f9419b56d6f8a95a4ce86812e3e50febd9d48196b3bc5d1d9fa7b6dfa33072641b45d029df0994f2b0f9b6eae8fa960456df4dac542ad1465ea17fbf9145680adf9f9272182d29f91e215256deba49e3324abb910a2ddd20d815e593f2002eb2eb97fd321dadbb355503859895b4828ee16dc6f164d36ea97f5e390e51ab5fdf9ff88ce1b30d8a085b43066dca2f3c3bcf1a7fdc
t-v2-bit-16-2	9d8663faeb6ab14a239bfc652648b34f783c2e99f758c0e1b6f4f863f9419b56d6f8a95a4ce86812e3e50febd9d48196b3bc5d1d9fa7b6dfa33072641b45d02949bd5b21be427166bf85789a4d37189ea06cacddb479c2cd7f52adfefee2fdcc3c58c0c5d3bcad71bf89a0fac39dda6db2d27d1faad586e00dfb051cce4d121fa5c5600a73f4ccaffc0298a7ba597f9a1e63c314dc50916cb13a26b51a5b66c7dbf29919dd166dcca243ec9e00ef7de6
t-v2-bit-16-3	INVALID
t-v2-bit-16-4	INVALID
t-v2-bit-16-5	INVALID
t-v2-bit-16-6	9d8663faeb6ab14a239bfc652648b34f783c2e99f758c0e1b6f4f863f9419b56d6f8a95a4ce86812e3e50febd9d48196b3bc5d1d9fa7b6dfa33072641b45d0297f160c8caf8b55bd53ce3a50e8b62b53442ee0f98e589dc32613f8996fd31e9525dbdfa01c6f4af57d5ea63cb57d79730a45e10c3387af20ba62e0bb4e279e7f23c6945cddc55607dd437da4294cc98946320595a8c7a61d7a4f14ddfc867163aae5473e0422145113efda63d1d4fa62
t-v2-bit-16-7	9d8663faeb6ab14a239bfc652648b34f783c2e99f758c0e1b6f4f863f9419b56d6f8a95a4ce86812e3e50febd9d48196b3bc5d1d9fa7b6dfa33072641b45d029f7fc5f90e5f49b69755621a762b43a258be9413cd21cb425f115b9e4e3085a34cafc42eca91173b5b2458d840f05e88b569ca2914f7e8833b1fd8f9492384630e892662fc2d9a121e047adde48c0db7421944d2b98352b2ff76864c8c5b4af17e460f0b5ad23793698cd4a8f9ecce63e
t-v2-bit-17-0	9d8663faeb6ab14a239bfc652648b34f783c2e99f758c0e1b6f4f863f9419b56d6f8a95a4ce86812e3e50febd9d48196b3bc5d1d9fa7b6dfa33072641b45d02914e4034443ae666e872175915f7d4deb17ecfbbc9a4629e121a5ebb553fb87f8540ee199d60cabb1fdedf5d3dbbf3230cf1107b1f8c9ddd0b8e1b2c0857d02fdecabd85062c140f3582980e88ce2a1b3942eafd6006dba1b43e28e8e6726134cd85473a4e392ca652dfe1cbb6b7b50e2
t-v2-bit-17-1	9d8663faeb6ab14a239bfc652648b34f783c2e99f758c0e1b6f4f863f9419b56d6f8a95a4ce86812e3e50febd9d48196b3bc5d1d9fa7b6dfa33072641b45d0295d089cec0a89e7c3888ca4da8a1322b41aa2e93cd8e5e29087acd5d138961e7948838dc86029c1f13d751689075b61ec8916092e3296766dafd4109c4b3aab5c16c99f256d4b9e33183754c2d66470250694576aa4408444adae803a0fab3e68ba4933ed7009b68dad9d56ca53236122
t-v2-bit-17-2	INVALID
t-v2-bit-17-3	9d8663faeb6ab14a239bfc652648b34f783c2e99f758c0e1b6f4f863f9419b56d6f8a95a4ce86812e3e50febd9d48196b3bc5d1d9fa7b6dfa33072641b45d029c38bc6631b713ec8359d0732e347d123c20cb8fc1021eb4c0fb7b8988966ada7fe6f49132c35f7fbf36bdbe6a04144dfc0a35512b819e08a31d415aabd74b38bdd5493fe62085145736722eca818cfa2b57dae0afee591bb881946d3b0f34c68a02edf5c730895cf1fc45b60c0484237
t-v2-bit-17-4	9d8663faeb6ab14a239bfc652648b34f783c2e99f758c0e1b6f4f863f9419b56d6f8a95a4ce86812e3e50febd9d48196b3bc5d1d9fa7b6dfa33072641b45d029c2599b3537f52abc93ec8fed3c9af953743bd23c41f752e615bc1fe1e7d823488e3137324e217236138adbe5cab3e4dd44420491bc7ef9a91f775bf7767d09a74f87b4ef27c1e6b9d47bda9dc96eeff0dd695a5367c1823d77f085838ecbcf5e3431dd47a7147c94fae1bc73361c8ed5
t-v2-bit-17-5	9d8663faeb6ab14a239bfc652648b34f783c2e99f758c0e1b6f4f863f9419b56d6f8a95a4ce86812e3e50febd9d48196b3bc5d1d9fa7b6dfa33072641b45d029cbb63e14c62ed8ebdd40f893a0820e7627667e561aa9b657e12ecf5cefac13ddb03cc0c4a226e9391d60a60020768309a3a4fd6ee3535a3b5d246a5322069da6d9a034b0e0a42fabd9c27775ab0259989e843e5f484e4e1ff835768005d6fb9452aca12a694806f5cd3a3216e1ba1990
t-v2-bit-17-6	INVALID
t-v2-bit-17-7	INVALID
t-v2-bit-18-0	9d8663faeb6ab14a239bfc652648b34f783c2e99f758c0e1b6f4f863f9419b56d6f8a95a4ce86812e3e50febd9d48196b3bc5d1d9fa7b6dfa33072641b45d029b84064368b3b48461df4d069a506d7321905f8bf51151a25b1a8ec9f1a858ac894265e7f8814a1723fb5efced94026d9b571a2562fe3da55066de810122a7a4f5ac42887ae3e06460754faceb7e9429fbce2c0908993e9b50c48919640fd388420594d424ee87b82445020d19dc74215
t-v2-bit-18-1	9d8663faeb6ab14a239bfc652648b34f783c2e99f758c0e1b6f4f863f9419b56d6f8a95a4ce86812e3e50febd9d48196b3bc5d1d9fa7b6dfa33072641b45d029046984d8bf66b0650eb46d1da77e4c998a229a8f526c0d97b0d1c47275a03909af93b739f6bc2acb2426f6c98102b9102f7624d927f0558f21e9a5d98c24652aae72751629b832cd8d54354d180d1e0f26c75d303b2d95086f3e12b6a23783484fefbd7f139c795f8e01dca6661049ce
t-v2-bit-18-2	INVALID
t-v2-bit-18-3	INVALID
t-v2-bit-18-4	9d8663faeb6ab14a239bfc652648b34f783c2e99f758c0e1b6f4f863f9419b56d6f8a95a4ce86812e3e50febd9d48196b3bc5d1d9fa7b6dfa33072641b45d029f38265a13c6f8ff1d21c9554e828d8db683d3796c846b6b599a3fa568cd80eed560d62613a7cfeef3fa995e09296daa8aec77bc4549ed27a5f0f4c89260087166ff19bcda3c2dc78aced76665c9a50d70c971027d21937794d016d489abb68b068f17162533aaaac06cdf282b5f68f33
t-v2-bit-18-5	INVALID
t-v2-bit-18-6	9d8663faeb6ab14a239bfc652648b34f783c2e99f758c0e1b6f4f863f9419b56d6f8a95a4ce86812e3e50febd9d48196b3bc5d1d9fa7b6dfa33072641b45d029904456d8626d832786cf12d9e121cc9a91d3c4220c95159c2aa7996fb6f43660942df0d0564c5305246af88a7a23c3f6324df804b7b6d42285b7b9ba73a4bfb07237b016224ad55a89e7b0564f5a69672d4e001e011865bbddbd88ed78dabbb575263eba2596e2519c979ce22276406b
t-v2-bit-18-7	INVALID
t-v2-bit-19-0	INVALID
t-v2-bit-19-1	INVALID
t-v2-bit-19-2	9d8663faeb6ab14a239bfc652648b34f783c2e99f758c0e1b6f4f863f9419b56d6f8a95a4ce86812e3e50febd9d48196b3bc5d1d9fa7b6dfa33072641b45d029e8feb822cb9850b8008c48e8be1ba38649500b0ed58cbd2de93b2423636a343653ce5c191496d2d2589e6cdff0b1474c7e020c5f0254226981bb3b2e356f2b6d34ca9884db37c24edcd23c2c9499a7ba04c2776630784869b42d9a00fc3c01b631c08b15aa3a285873d88f838e3c8139
t-v2-bit-19-3	9d8663faeb6ab14a239bfc652648b34f783c2e99f758c0e1b6f4f863f9419b56d6f8a95a4ce86812e3e50febd9d48196b3bc5d1d9fa7b6dfa33072641b45d029d781395b7213d07cff1586ad50b3678373a5b766572a23ab0f76740e4a08133c4e7723b6850d2b9449317223b690ff41dff5beca1cfa581aa65a05d0754bde8b14edac4fe9d84507bf695aec42bd829a40dd06d5085a0cef19ba25c50499e44f0d271c31ffcb8ea34997fd31738a6f7b
t-v2-bit-19-4	INVALID
t-v2-bit-19-5	INVALID
t-v2-bit-19-6	9d8663faeb6ab14a239bfc652648b34f783c2e99f758c0e1b6f4f863f9419b56d6f8a95a4ce86812e3e50febd9d48196b3bc5d1d9fa7b6dfa33072641b45d02999172372e0600dabca779281742210b31ccc2f29b7dd9305d730914053107ce2dd032362291e2334a850ac6f60ff8b5860549b149e6060532b4be89d14872118024e5f68908edb26b2d7f49cd43e0aa13630316478fe7f989936a9c863273f05e3294175f18bf71f6184284d0ed5e3e1
t-v2-bit-19-7	9d8663faeb6ab14a239bfc652648b34f783c2e99f758c0e1b6f4f863f9419b56d6f8a95a4ce86812e3e50febd9d48196b3bc5d1d9fa7b6dfa33072641b45d029f0ade39cf5f26816c2c17365b7382ea3b99ec45fc05c932da5ed7a3e10184665040cdf6f9f7d938bc8b7eeeb0a5800ac4b6868e1e549a1991cbb8c075813aa16b962aa389a541bd92313e7f75274b4d0e1592980ac3f9cb332f6711912ab383f3c2878a1c116ed359a7963e8c0dd0eb6
t-v2-bit-20-0	9d8663faeb6ab14a239bfc652648b34f783c2e99f758c0e1b6f4f863f9419b56d6f8a95a4ce86812e3e50febd9d48196b3bc5d1d9fa7b6dfa33072641b45d0296ef76f4d04d57079857e3850beac90670cc7b0094b9ba09bd2917a56011f2ddb8be04825d0bdb83ea1dba31efb8308daec34c68e1a89c661d5dfcdd0052b051969eddc78c8ea9b9aed5671d945385e1a89199344ace21594e9367b50746b354c73a47db7a067a9124fbac0eb08a0d657
t-v2-bit-20-1	INVALID
t-v2-bit-20-2	INVALID
t-v2-bit-20-3	INVALID
t-v2-bit-20-4	INVALID
t-v2-bit-20-5	INVALID
t-v2-bit-20-6	INVALID
t-v2-bit-20-7	9d8663faeb6ab14a239bfc652648b34f783c2e99f758c0e1b6f4f863f9419b56d6f8a95a4ce86812e3e50febd9d48196b3bc5d1d9fa7b6dfa33072641b45d029750a47b1a9ab6daff50e7bed815f6c11ebe74de041814043b3a59cc246833d7fbecb6ac63de2ec468fc5e1a948ab8c9cf9a38702e9e0d9a0f56e936ffea756938708ca343f5457b2555be7104269747e22472d868822c734c3c2c1f3e6af9b5c64453887e3560a64145a85987261ee34
t-v2-bit-21-0	9d8663faeb6ab14a239bfc652648b34f783c2e99f758c0e1b6f4f863f9419b56d6f8a95a4ce86812e3e50febd9d48196b3bc5d1d9fa7b6dfa33072641b45d0290810f4e4c50baa74fec469b039317c2ee799d9a8f25757b70e9c3c87658c47732eb1dc0eb835ea9c4c3d4e699309b893d949384dc3bdea6fdeaa6a09d002668e6175ed340bafd6fb6d146bd9cc7dff84ccc2e023579175344bbc7c8f9aeadd730d07c597a1908d118013a79138da71c9
t-v2-bit-21-1	INVALID
t-v2-bit-21-2	INVALID
t-v2-bit-21-3	INVALID
t-v2-bit-21-4	INVALID
t-v2-bit-21-5	9d8663faeb6ab14a239bfc652648b34f783c2e99f758c0e1b6f4f863f9419b56d6f8a95a4ce86812e3e50febd9d48196b3bc5d1d9fa7b6dfa33072641b45d02987e6befd5aff318c9855dbf38847e2b477b137b470a3be17ec79d797da83ae9548bacbe0678dfcb02cf135d697d774bc79520ce13bd1d205e38eaa01353242f1c84758ec2becf802d2b2888a16e11c64920835a0179562e91b69a705d4a6f3ef4a69ba0da9965e0a6c59d6ef41c9a499
t-v2-bit-21-6	9d8663faeb6ab14a239bfc652648b34f783c2e99f758c0e1b6f4f863f9419b56d6f8a95a4ce86812e3e50febd9d48196b3bc5d1d9fa7b6dfa33072641b45d029d2f2e7ba66062bb9fa9ef24b0b178a6993b9ef4101b98584dc63955dcf79668968278f8d9fead3582b4cfc40e7a7848bfe04c2335e56cca0d5026e65fd2aceaf5bc1a99d4bd2b5802a90147ea9d4299fdbbf6b1bedcc330c02b89c27a1f3a58a0a3e0143e8fd77159a6e209219331b10
t-v2-bit-21-7	INVALID
t-v2-bit-22-0	INVALID
t-v2-bit-22-1	9d8663faeb6ab14a239bfc652648b34f783c2e99f758c0e1b6f4f863f9419b56d6f8a95a4ce86812e3e50febd9d48196b3bc5d1d9fa7b6dfa33072641b45d0295da799999ba384d2b6b988b92267dab53a7d9aa9b6dae964d00e707d83652c6de48b4b973e62a7f6d4db544353980f8cb70283274477e89caaa06722b11f2e4ecb402b53d8be82690b8821ad2e25a9c00e5ccadf8b865aa5a9fb0f5c8eecbcd3260a24d3cac34a39c8c2eb6c9f71a532
t-v2-bit-22-2	9d8663faeb6ab14a239bfc652648b34f783c2e99f758c0e1b6f4f863f9419b56d6f8a95a4ce86812e3e50febd9d48196b3bc5d1d9fa7b6dfa33072641b45d029744cd35e992262988f7de07b8b818c6a5051f342c8dcea1418ec83c6684e6026b79b9844f62b2f25d5ab2403bf23fe557072f017d5ebe9ce7d9377f532450bceae17fddd2dcfaa35c67f019c1eb725d09c43798c5ba76495d120d712965e126d3362a90ac5f43d4c7a82fa30c1b14960
t-v2-bit-22-3	INVALID
t-v2-bit-22-4	9d8663faeb6ab14a239bfc652648b34f783c2e99f758c0e1b6f4f863f9419b56d6f8a95a4ce86812e3e50febd9d48196b3bc5d1d9fa7b6dfa33072641b45d0298e88003460ded2b3d095615d8b8570152321a74fdc87a068f5287620850014835c40f8a1a7ac742e54c7c840a627da66d5aab165332cef0cf184ae0880fa81f6e783d13f134cb8d2a630b62db93fdc641ad1b7f9917b1481f61353424ce1078ebaf40368333391389fe995f17f276d2a
t-v2-bit-22-5	INVALID
t-v2-bit-22-6	INVALID
t-v2-bit-22-7	9d8663faeb6ab14a239bfc652648b34f783c2e99f758c0e1b6f4f863f9419b56d6f8a95a4ce86812e3e50febd9d48196b3bc5d1d9fa7b6dfa33072641b45d02974b439674825af3fb8aaff4b40e1878deeeef629270f4cb49a05e2b3ece7d95dea3ec6eab97cc8206f2973995019ff81df0b6c5a338fa3eac8f027bda89cc12a3da145e895cbe568c0d7805c860859b7af86b4f9e4c2caf672bfec13c4cfaea4bed471f1b1bda634dcf98723bb0ed0d5
t-v2-bit-23-0	9d8663faeb6ab14a239bfc652648b34f783c2e99f758c0e1b6f4f863f9419b56d6f8a95a4ce86812e3e50febd9d48196b3bc5d1d9fa7b6dfa33072641b45d0293309fd18c96a52a9ea02f986061ae4f52639bd32fc95d6c6abef456a8737bdc1ccfbdfb10a2352beb1cd20af9fc68ec967856ea8c4657e57840c32e51e1357e3e5cacab6a30645323a3a3350cbc10c83c224c5c437a73eedb28421fa8799e732b90b9191c7d023567bfa15196b9bd463
t-v2-bit-23-1	9d8663faeb6ab14a239bfc652648b34f783c2e99f758c0e1b6f4f863f9419b56d6f8a95a4ce86812e3e50febd9d48196b3bc5d1d9fa7b6dfa33072641b45d029a582b29914e89624c0e498ee77896461adaedcd091d72c031d6afc055d8f84f96307ddeaaca466e4e34647f73fe264980d62413f5193f810f94a31705f39d815035694babcb95439ba4b6fc55150aebeeadfa89d092936b18a0aa6f8f60e8be155a9a4d239fbe5cd0c30b2b7604f840d
t-v2-bit-23-2	INVALID
t-v2-bit-23-3	INVALID
t-v2-bit-23-4	9d8663faeb6ab14a239bfc652648b34f783c2e99f758c0e1b6f4f863f9419b56d6f8a95a4ce86812e3e50febd9d48196b3bc5d1d9fa7b6dfa33072641b45d0298dce3f6e6290afaf9f687cd1107ab0abf68e312d7b3f06d4505704d92b2d11487b65a66add954e1407aa2a1aaa22e49c7c7624343900cb2565ba1adaa8633b4a7fe504967bd07105066b87e86bb7c4b8c338b79f65918da597ae658a7b5b1ba3b4dc97ee0f3917a83ff98f45c5c267e5
t-v2-bit-23-5	INVALID
t-v2-bit-23-6	INVALID
t-v2-bit-23-7	9d8663faeb6ab14a239bfc652648b34f783c2e99f758c0e1b6f4f863f9419b56d6f8a95a4ce86812e3e50febd9d48196b3bc5d1d9fa7b6dfa33072641b45d029135c78e83061c3dd9f2c6c3edc03bef5c2f309d9b5c39a46bba521a0fc52ba4af038b43e9785dabcd9894399509948d1e81e12a1a26a004ac1663c2fb9d70cc89c559672a1ba483a9d21bcb032f2ef97306572a0856eabc0622a0406726a1ab14e39de6bf5af1734de6f82768f09c442
t-v2-bit-24-0	INVALID
t-v2-bit-24-1	9d8663faeb6ab14a239bfc652648b34f783c2e99f758c0e1b6f4f863f9419b56d6f8a95a4ce86812e3e50febd9d48196b3bc5d1d9fa7b6dfa33072641b45d02978789eeeea593dfa5c93bd6ac8cca927286fa8d86080d60526ec55f72c0b135312c96d6e07ab84769e18b84ec8c593b0a743d503e8d44e3da05f21236bce2e48af1f628be724cf2096951c8a6e7a1f3906ae22b1e96e0ef9dda8cd68e5903dd3fcc9137576f2e102e20087dcf24c3247
t-v2-bit-24-2	9d8663faeb6ab14a239bfc652648b34f783c2e99f758c0e1b6f4f863f9419b56d6f8a95a4ce86812e3e50febd9d48196b3bc5d1d9fa7b6dfa33072641b45d02958dfc409608b43fb3de066d75daead5761c8bb37f8b9128b06d1b1005778131305b748d1aa8a4b356fd5534b189ad316fe7731562a1d5fb0862d8d0082331a3f4ed91ac5145db07e5dbd652190f7cfc2421a7416ff89ef8a9eccabea1945b570cf84ad058bb07b1879aef64ed0252247
t-v2-bit-24-3	9d8663faeb6ab14a239bfc652648b34f783c2e99f758c0e1b6f4f863f9419b56d6f8a95a4ce86812e3e50febd9d48196b3bc5d1d9fa7b6dfa33072641b45d029fa97ebd8f3bffc8c6eb7f70baa5ad1d55fa9f26c9a7ec889e5ba55333c0c7c51874e288c8f0275336fb90df809a2d0002e8e0213c55472480032798152e63a796a404a270f8ba248a0cb14b78f57e8c4ea4e56d878602d4eb3c4322f81189f915ff543fd87662d6748bf73b96db18a27
t-v2-bit-24-4	9d8663faeb6ab14a239bfc652648b34f783c2e99f758c0e1b6f4f863f9419b56d6f8a95a4ce86812e3e50febd9d48196b3bc5d1d9fa7b6dfa33072641b45d0291a02326a725798c72d51106943bad4d95b75fb9385e68476f702994ba340c783c89a0b2f91953ffacb064db68dc95f0d4ab35ed5359348832e302297e1a5bacc5b7665ef52e9c91a223e48cd8be55ba3c953a0f2ad4f8f66f1771d7558ad31d9489d3264360b37bb6a79fd057748b4f5
t-v2-bit-24-5	9d8663faeb6ab14a239bfc652648b34f783c2e99f758c0e1b6f4f863f9419b56d6f8a95a4ce86812e3e50febd9d48196b3bc5d1d9fa7b6dfa33072641b45d029cf946b1c010577cb004bf5342dd1c6bfa082cb63cf712c0f07da325e5c98e3108f83f80c3da731c8ae9a9428af0dd445bcab4051ee4c94c96928a358d016f319a94eda557d13b5a4f6fe8d547bfb935c332740a627d4e3d9c832e133bcec5ab99717455ff8293f4a6aad88cf6739aa9c
t-v2-bit-24-6	INVALID
t-v2-bit-24-7	9d8663faeb6ab14a239bfc652648b34f783c2e99f758c0e1b6f4f863f9419b56d6f8a95a4ce86812e3e50febd9d48196b3bc5d1d9fa7b6dfa33072641b45d02935e21c2d712eca315c7fc90388ba13ede0e0afb242d67d17f77dc69f9bdab507f4c06899034de4a2679ab48d941bd06010aa6303297ac2cf4da6d4358eeeb29f56340b2b44f384895f0b7bc7b128ee4ab9ca789482217cb148757d27349e8785537d935c0fbb64efe48b1e24dbf0c6fe
t-v2-bit-25-0	INVALID
t-v2-bit-25-1	9d8663faeb6ab14a239bfc652648b34f783c2e99f758c0e1b6f4f863f9419b56d6f8a95a4ce86812e3e50febd9d48196b3bc5d1d9fa7b6dfa33072641b45d029fa3f599bf3906186e3c77a7210699da79d09d4473098c6e89ebcd32d533b5a8c05a3fcb27e6e32ef6fffe53e1ced1ce24a24fde5df56afd7c633a78858257c3bb9d7b7fe3a52dd3d626f7b3b729714521058218533936c254ca01802d1fd7c5571064fa7c4e35ec11908ead1b6bc1ef1
t-v2-bit-25-2	INVALID
t-v2-bit-25-3	9d8663faeb6ab14a239bfc652648b34f783c2e99f758c0e1b6f4f863f9419b56d6f8a95a4ce86812e3e50febd9d48196b3bc5d1d9fa7b6dfa33072641b45d0292b0606cf76e8e3dc02aca162044435e0053a664652e53357c2bc9fc2f3c43a9557d3f87444728ba9c96fa4576eac042eef3c9869114c3bcfe6145645cbc23aae666d05b21a5ca6faa1e4b3c52bdf4f3f74467eb1745e0e9e2a6673094f51e08281b9767a5bb80e9e19b81417294184ef
t-v2-bit-25-4	9d8663faeb6ab14a239bfc652648b34f783c2e99f758c0e1b6f4f863f9419b56d6f8a95a4ce86812e3e50febd9d48196b3bc5d1d9fa7b6dfa33072641b45d0297b25ccb148e2bf2e90c5ca8be1e3100e5cc75b20a9fba7bcd9843b4df5a0f24d986e3614a327dee22aa707417567d3afe1cf2ae48611e486e470ddbfdd1afdfc62dd8a630e6b0e66617a13e7e0e7788a0b11d9530a604fb2c62083292b9114200bd831cb5e500c7f87f358f3a3ecf76e
t-v2-bit-25-5	INVALID
t-v2-bit-25-6	9d8663faeb6ab14a239bfc652648b34f783c2e99f758c0e1b6f4f863f9419b56d6f8a95a4ce86812e3e50febd9d48196b3bc5d1d9fa7b6dfa33072641b45d02900e51d46968c6e586495a944d0f83616cab31a63a234f2bc4a56d0a272bf6185ec826261f56b785b9b4289a8fe70dc99a0561289ce260f8433847dccb45b72a57d785272f2d586999b215a7bfa99bd52f4c0df476991228f101f2842e017dd8e09649213ce3a1dea0955b015777b2fd5
t-v2-bit-25-7	9d8663faeb6ab14a239bfc652648b34f783c2e99f758c0e1b6f4f863f9419b56d6f8a95a4ce86812e3e50febd9d48196b3bc5d1d9fa7b6dfa33072641b45d029b4b74beacb24e32546a68ec8260aa09edb3481f78321975019b56d46cfb06d72ad10f1e00ac77f56845a7c3611950476a3967b984edbcfba8d67d24ecbb2761972bcb4a482f558b8192798e41a4364fc7b5749d3c0ab93ab01bf5c1225ec05e11a526bbbf1836d298669e6c3b3f7d4d1
t-v2-bit-26-0	INVALID
t-v2-bit-26-1	9d8663faeb6ab14a239bfc652648b34f783c2e99f758c0e1b6f4f863f9419b56d6f8a95a4ce86812e3e50febd9d48196b3bc5d1d9fa7b6dfa33072641b45d029312d50ceec83abe81e0c349323d257b43fcbc8d8f0a5f56199598990e331b98f5dcd95922c70b86383c7977cfeb5b9a6652be3a9a545b5dada90fe567ad0cc6cd001e5f3dd639b406ac51f5089e06a8751e527d5a828fe77130c6e2a93dcd0800b3f0913ac8b2820a91f0e00ed41f024
t-v2-bit-26-2	INVALID
t-v2-bit-26-3	INVALID
t-v2-bit-26-4	INVALID
t-v2-bit-26-5	9d8663faeb6ab14a239bfc652648b34f783c2e99f758c0e1b6f4f863f9419b56d6f8a95a4ce86812e3e50febd9d48196b3bc5d1d9fa7b6dfa33072641b45d02917a8bd6104bdf71f6be1f74eef89cf3188a8654cb12ee2739bbd8c7d70947c226c02fa1710e3304358ca85cf13fb9653dd3924d1030e51ab17f95d69c30397635809464b5ffb8854e9a60ca533651f18bad23ad8b6fa2ece0b4f7d1013c54afe156d9a24fdebd8b8ca38f141676d0dc0
t-v2-bit-26-6	INVALID
t-v2-bit-26-7	INVALID
t-v2-bit-27-0	9d8663faeb6ab14a239bfc652648b34f783c2e99f758c0e1b6f4f863f9419b56d6f8a95a4ce86812e3e50febd9d48196b3bc5d1d9fa7b6dfa33072641b45d02913050b07fc124096f908fbc13474a08a2aa987477ba5492b70679103c7c1c930a24ed37f003159ae03e4033fece69dc8ea36537ad5088a298326a303d6b6c1070a7ca33ea8d907f0d8778dfcd15f83ec6d0e7c4b890ee4fd28225c2d83db252eef47d68638d8773cc3d54c21a4439ad0
t-v2-bit-27-1	9d8663faeb6ab14a239bfc652648b34f783c2e99f758c0e1b6f4f863f9419b56d6f8a95a4ce86812e3e50febd9d48196b3bc5d1d9fa7b6dfa33072641b45d02994570291d0169ee51a9538a9dadedc3ed47399e2a6ef225908eb8eb507150f74195cea9865cb4354478823e54b17c74f893c97861ea3ce33b1f7bfae9fae24775dcdc5d1d4a34916c5764d465a222d4d5faf33db0f831c4ef0ae5d069bb41ee90f649605113d889419ca41144327a2a5
t-v2-bit-27-2	INVALID
t-v2-bit-27-3	9d8663faeb6ab14a239bfc652648b34f783c2e99f758c0e1b6f4f863f9419b56d6f8a95a4ce86812e3e50febd9d48196b3bc5d1d9fa7b6dfa33072641b45d0299bbff12006a514b36b5bda1aea3eb10f3521b00ef5fe11e6eed54f6eb5f4363fb6be3031c9078468e6f3d272d4d2a93cf1d6665a5a4dde5955e54aad80a8b118e3d82b3615b5b93dd8c3f57f278927d2a8c5271b2ee9d6172a3e2f592549b74549ed71192e257fbf4fdb853e2688734d
t-v2-bit-27-4	9d8663faeb6ab14a239bfc652648b34f783c2e99f758c0e1b6f4f863f9419b56d6f8a95a4ce86812e3e50febd9d48196b3bc5d1d9fa7b6dfa33072641b45d029ba62db5f8a94186be3f8ea5c2cc1766ecbd530d08d66a4d417e09c55c8a9a1a8983256f330fe2ab85305a59e1c300607e2baecc5fc44e6e8a2e78315779f6cc40618f919c0c91168dbb28b8787fa9082025180ece28d7cba769283e06c3773b07d712deca4facbb92405af98f87e269e
t-v2-bit-27-5	9d8663faeb6ab14a239bfc652648b34f783c2e99f758c0e1b6f4f863f9419b56d6f8a95a4ce86812e3e50febd9d48196b3bc5d1d9fa7b6dfa33072641b45d029559489279bd76cc14a80c5338dc6171343ffea5fa039640e0ded60ebac61c15770c2aef5ff9af86eb13eca8876537b7f3f0053b1450e5fdc2a98bf67027d53c26324831d71f5cd299eb3c0546f2bba404659ad2eb02f021da2cef4a960d61672a648f536cbeda87a891339d349c3fc4a
t-v2-bit-27-6	9d8663faeb6ab14a239bfc652648b34f783c2e99f758c0e1b6f4f863f9419b56d6f8a95a4ce86812e3e50febd9d48196b3bc5d1d9fa7b6dfa33072641b45d029873e861630aeca9044db1463985021e070c951849a9482f3948e2673b208cf516622cb78ec206545ddebbee9be6fbe393aef0db64652234060813c5d4f3df34c2abc848906af61a38714bf30a1605ac5f3aa34c4d0572a7a77b7b85dc6ba0cbcf15bec1b371f61aad219fdc559e19287
t-v2-bit-27-7	INVALID
t-v2-bit-28-0	9d8663faeb6ab14a239bfc652648b34f783c2e99f758c0e1b6f4f863f9419b56d6f8a95a4ce86812e3e50febd9d48196b3bc5d1d9fa7b6dfa33072641b45d0293c1b130945f46efd8ef54811b20d917b30aad0a1af28fbd6e9b87abf64dd0f2e9cc750004c36f9f57ca0adfb45cefab88803e8e0f8aeabe65dcc2ca87b6abb3ab6224e34e2a8c9c48b003a4b3d91706387424e9aa1c5c8e2c25a671a57949fe22ca2598439dd48b8dab247578ac782e6
t-v2-bit-28-1	INVALID
t-v2-bit-28-2	9d8663faeb6ab14a239bfc652648b34f783c2e99f758c0e1b6f4f863f9419b56d6f8a95a4ce86812e3e50febd9d48196b3bc5d1d9fa7b6dfa33072641b45d02941ac2d3367c80993b61e86793ea8ffdf57dad25da4ea2ebcdc665e888263726ce5072c68dc4221db81ae1f642e5b0384e9d65ce51eae1f5a30506a2a8a32d3d5a03fbf8b891486c188f1fb88cdccb46090f4210faf3c28792c2a297ee50ad8a4f68ca8835e9b89061104941d5634c385
t-v2-bit-28-3	INVALID
t-v2-bit-28-4	INVALID
t-v2-bit-28-5	INVALID
t-v2-bit-28-6	INVALID
t-v2-bit-28-7	9d8663faeb6ab14a239bfc652648b34f783c2e99f758c0e1b6f4f863f9419b56d6f8a95a4ce86812e3e50febd9d48196b3bc5d1d9fa7b6dfa33072641b45d029be73f6fd0a5f6c82f6b180da74f686fc2bc3b28c648cce616a4aa4a9b697f5056740a78c76c2710a846dbb12a66cc9a93ed574fe298a90a7b5076a5d8c0b640c12603b64f6d5df8a90cb075bac174cc896c13f42efdc27e309733eb54020a05d9eaadb260ae3db09d3c0c4183485c347
t-v2-bit-29-0	9d8663faeb6ab14a239bfc652648b34f783c2e99f758c0e1b6f4f863f9419b56d6f8a95a4ce86812e3e50febd9d48196b3bc5d1d9fa7b6dfa33072641b45d0292fdb5c9096fcb2e81971ea969c20a1e6040f3dee1b013af51c33ae6d7394ec1e2dca7c068e22a4e02403a5233f37fce24632d5622b966f6894223483165291ebd6da4c8f5c7cee151d15c45ac3f67c63c5065c1e52772d4ac9aa459f07e9bb8b1f8680eb9def5ee771314a2ecb07d894
t-v2-bit-29-1	INVALID
t-v2-bit-29-2	INVALID
t-v2-bit-29-3	9d8663faeb6ab14a239bfc652648b34f783c2e99f758c0e1b6f4f863f9419b56d6f8a95a4ce86812e3e50febd9d48196b3bc5d1d9fa7b6dfa33072641b45d029756714d09876c4456fa5334443945ea1a518b20348aa25e626881c981f321b4ed4a8b034a3a91f6297a571572bc706aeeffaed06633bf1648b87f0d586c7037f4aaf1057497aba0bc862fabbb63928d6ce343dd6e61163469361e335a210851c8ec65278dfc047b3ae128a9253537cde
t-v2-bit-29-4	9d8663faeb6ab14a239bfc652648b34f783c2e99f758c0e1b6f4f863f9419b56d6f8a95a4ce86812e3e50febd9d48196b3bc5d1d9fa7b6dfa33072641b45d0295530adc0220ce6b7ad2d4774003c0808206b17112617909e62efa8c6eb93b8234350d0f5dbfd80f4a736d611264f8970960dcfededfce219bb3e97df8f6a1ef66f68e271d379efe80b70ee785b12a0824de1c899c340203ea8707ab312951cbcf8e08ff61a4fd6b9b1994877ec51ac38
t-v2-bit-29-5	INVALID
t-v2-bit-29-6	9d8663faeb6ab14a239bfc652648b34f783c2e99f758c0e1b6f4f863f9419b56d6f8a95a4ce86812e3e50febd9d48196b3bc5d1d9fa7b6dfa33072641b45d029507c458148d9c1ca50ec95a8831e4af3bf11e1827ff5ebefded39ffa36d4c30e48dedb22df791a5d85631f733f71d5f46ccbe92476198535474274380c8a8c639fdc03a9413a0351f75ec52cd17ef345553c95c0ef52ddd4d77e0d86eacc28adc78d311d0224bbb9f0ba392b7411a8ea
t-v2-bit-29-7	INVALID
t-v2-bit-30-0	INVALID
t-v2-bit-30-1	INVALID
t-v2-bit-30-2	9d8663faeb6ab14a239bfc652648b34f783c2e99f758c0e1b6f4f863f9419b56d6f8a95a4ce86812e3e50febd9d48196b3bc5d1d9fa7b6dfa33072641b45d029f680299396dbd655ab3166dfdb55c05911c2390f652e61a10a791d08ce0ed7057414f268c094682b9511b8ca70a34cce6c8e1249642d5236c914afc4eda0681c9e63c796b67db94099114182bf00a065e31ab0e49b8cfc9253b361635b003850188fe90a2da512f7f8c096a3190cde5f
t-v2-bit-30-3	INVALID
t-v2-bit-30-4	9d8663faeb6ab14a239bfc652648b34f783c2e99f758c0e1b6f4f863f9419b56d6f8a95a4ce86812e3e50febd9d48196b3bc5d1d9fa7b6dfa33072641b45d02932ac6748281a56cc8bc8fda09c7dd0188c4ba2b24d941881c8697c133a3abd7bcbb3d66bd3dc8d70d93a570ecb88bd0cc4fa30086be22079efd5a277d67a4aa902b41c691c037161662ba0a70b425dd108ff44274fad4970d611a6451aa0298a6f53f427e7caec18ec238c7a7bae5f0a
t-v2-bit-30-5	9d8663faeb6ab14a239bfc652648b34f783c2e99f758c0e1b6f4f863f9419b56d6f8a95a4ce86812e3e50febd9d48196b3bc5d1d9fa7b6dfa33072641b45d02935d36c88d04e7f26bbeb89f0aeaa5a22c13deec428c93a7112e970d690829e80899a4126fca24cf3c664cc764bab480b797c9d90105ebcc1fe31796ee7c4e2999b62e55da259b2c1978a3c466f1819ee0ca4b12494a6e7d18f812cb13610566b103ebc803a6843cf3e383845f97835bb
t-v2-bit-30-6	9d8663faeb6ab14a239bfc652648b34f783c2e99f758c0e1b6f4f863f9419b56d6f8a95a4ce86812e3e50febd9d48196b3bc5d1d9fa7b6dfa33072641b45d0292b9eefa20521500e43a616df9daf210d9134252ecec494e05bb66a796cabea66e077bbc7037858290a3738c6a4016e68581217f9131380d75df6086caf711cd298906e2d92cc689245a640af61e536d8343b692cc60efd6cc8112a2b42c18a51ebd92fc2b9c803c337ad296ebc2973d3
t-v2-bit-30-7	9d8663faeb6ab14a239bfc652648b34f783c2e99f758c0e1b6f4f863f9419b56d6f8a95a4ce86812e3e50febd9d48196b3bc5d1d9fa7b6dfa33072641b45d029f784d9dfbdf3b846ec1d230cd975d90e4a11de18c968fa0ef2b2c5fde15284d8bf51137c3312f36d425ff5cdd8a7cab42464e70db1ab0f4e863ebb9aa3e7f57d3819e55cd033003b9db9266561d303d3d880b3844144113e4312a37f5b2ffa0cebd7b2b8fd21f8e3a27697f1999186c8
t-v2-bit-31-0	9d8663faeb6ab14a239bfc652648b34f783c2e99f758c0e1b6f4f863f9419b56d6f8a95a4ce86812e3e50febd9d48196b3bc5d1d9fa7b6dfa33072641b45d029734a6a0fb72b408b1dcf319df16c5bb49f73705608184179b21b45cd41fcd7dbb57eaccbc34d7b66161fa0f5592d9043365661fcb104719efc5fb8465639f45f6646427a0f9e4669cf5deb9d01fb3d66ebab61a1a3e65a1bd33c9ae5c45cb45f966e2ea6efe830df550610fc0be85c22
t-v2-bit-31-1	INVALID
t-v2-bit-31-2	INVALID
t-v2-bit-31-3	INVALID
t-v2-bit-31-4	9d8663faeb6ab14a239bfc652648b34f783c2e99f758c0e1b6f4f863f9419b56d6f8a95a4ce86812e3e50febd9d48196b3bc5d1d9fa7b6dfa33072641b45d0295e776bbd37388e75d7bc46ea774098cdbeb11c227575654dec706e5b64922829646b429da63e983b5afdc91f86234d3ccf2f5868cbe85d553fef2279278ae989491916de837d2389e98a81303133b9735f22c139c2946b36c3ceb22800f5adb28212dad1c77291addcfa31a17c53167d
t-v2-bit-31-5	INVALID
t-v2-bit-31-6	INVALID
t-v2-bit-31-7	9d8663faeb6ab14a239bfc652648b34f783c2e99f758c0e1b6f4f863f9419b56d6f8a95a4ce86812e3e50febd9d48196b3bc5d1d9fa7b6dfa33072641b45d029fa4ef76554c5bd7b81991abf37ea4067290a8306b731bd171504ce155b92d31280e978f10e7d0fe6a58a62aa0ed0a9763486b57f4d89d9f4ae75f536a69c287496d2e85565b0693e18510b7325c04a1460f5dc758bbf0251916f1830e48be3c782f32ccfaafc6d0f1de634b4ef39d2f5
t-v2-bit-32-0	9d8663faeb6ab14a239bfc652648b34f783c2e99f758c0e1b6f4f863f9419b5641e3cc33caf99e637ef53f1190a7efd755e5800fe7378a9b04a16a1c111053f0c03c76d11ef16891f54296df6f7335042c7f7ac231ff14469c588ece6fc098b3dbeed39bb6e2ea59e033c51ae15311ac2031837f582cd17a9af9e0c7ef5a6540e3453ed894b62c293686ca3c1e319dde9d0aa489a4b59a9594fc2328bc3deff3c8a0929a369a72b1180a596e016b5ded
t-v2-bit-32-1	9d8663faeb6ab14a239bfc652648b34f783c2e99f758c0e1b6f4f863f9419b5628933e98bd9f4b8dc6ffef5b51bdc52318465f04b472c0be21f85d3945d6370fcda9132d77cc1e2356754be1fd27eb65500808393929950661c926e6a7cc618b01af246dab3bcd18f8e6c0db5da862d52031837f582cd17a9af9e0c7ef5a6540e3453ed894b62c293686ca3c1e319dde9d0aa489a4b59a9594fc2328bc3deff3c8a0929a369a72b1180a596e016b5ded
t-v2-bit-32-2	9d8663faeb6ab14a239bfc652648b34f783c2e99f758c0e1b6f4f863f9419b56318f253986edf6f026a25e94f8546517024f69ffe5c463a0c812abbc5e44dbfdad6bcdec132d4b6ec715a33d597d77368ed4b20a5f437fbfac0246724f80fbfff0acf1194809c60666b1500ba59b42022031837f582cd17a9af9e0c7ef5a6540e3453ed894b62c293686ca3c1e319dde9d0aa489a4b59a9594fc2328bc3deff3c8a0929a369a72b1180a596e016b5ded
t-v2-bit-32-3	9d8663faeb6ab14a239bfc652648b34f783c2e99f758c0e1b6f4f863f9419b567fd4770ecf27ec0fa5a96d4dacf0d62c2a40f08788db0e5ecd29abbe9f95cbfe36ed505c6a1c69b4bfcc518aa3919d8c2c32d1df5e27e9d7768165727787f49413e0b7eedfcbf7376ff9b015a459f6cc2031837f582cd17a9af9e0c7ef5a6540e3453ed894b62c293686ca3c1e319dde9d0aa489a4b59a9594fc2328bc3deff3c8a0929a369a72b1180a596e016b5ded
t-v2-bit-32-4	9d8663faeb6ab14a239bfc652648b34f783c2e99f758c0e1b6f4f863f9419b56af38cb931364fb554177147f244dc1310fcec850204df8e0215b645b7aac4eec45e1f224977404c67e0dfb1b2946113a3b6e0b92d35ba2a8c86048f858689d07aec1238315afac2d4b1f81738fd183752031837f582cd17a9af9e0c7ef5a6540e3453ed894b62c293686ca3c1e319dde9d0aa489a4b59a9594fc2328bc3deff3c8a0929a369a72b1180a596e016b5ded
t-v2-bit-32-5	9d8663faeb6ab14a239bfc652648b34f783c2e99f758c0e1b6f4f863f9419b56ba38c0ef95f716959433615e16e8ddd975de8584b0eca4c4c215a737233faad7336485234e158cdc07141d5c7f199801a6a95e48333ee011f28407d70cda1d5c55c357091ada1c177904fb3d20ab53402031837f582cd17a9af9e0c7ef5a6540e3453ed894b62c293686ca3c1e319dde9d0aa489a4b59a9594fc2328bc3deff3c8a0929a369a72b1180a596e016b5ded
t-v2-bit-32-6	9d8663faeb6ab14a239bfc652648b34f783c2e99f758c0e1b6f4f863f9419b567fe2982b73a416349e690b82e156ad36dc5bdb0f7557c9b72150d79e4d5c445d58b1187adf2b55c82210a127f5c45828f19e3a160c3a4dd8f984727fd37199acbdd1ca99c78f393949949d71399f05e52031837f582cd17a9af9e0c7ef5a6540e3453ed894b62c293686ca3c1e319dde9d0aa489a4b59a9594fc2328bc3deff3c8a0929a369a72b1180a596e016b5ded
t-v2-bit-32-7	9d8663faeb6ab14a239bfc652648b34f783c2e99f758c0e1b6f4f863f9419b560a0afd40ab3e8711c30885d1c868fd7d14a61bf9cea4ff2211cb8138b906fdb49bfc0bdf8da55fdb5dcbcc414646b311b181a5a428b44dfb18ca1add01d9d6aed461f3670723ff97b2919b7684cf3c1a2031837f582cd17a9af9e0c7ef5a6540e3453ed894b62c293686ca3c1e319dde9d0aa489a4b59a9594fc2328bc3deff3c8a0929a369a72b1180a596e016b5ded
t-v2-bit-33-0	9d8663faeb6ab14a239bfc652648b34f783c2e99f758c0e1b6f4f863f9419b563859741540b71fc1d12d2148998a413959e427ca6e588c4975a6e6a9294c68404ca53d4d4276b0e6c4e343676664b229aab60b1323773d6f190cb08ac41429103478b2560c8ebdf5dd3978a4b4336d652031837f582cd17a9af9e0c7ef5a6540e3453ed894b62c293686ca3c1e319dde9d0aa489a4b59a9594fc2328bc3deff3c8a0929a369a72b1180a596e016b5ded
t-v2-bit-33-1	9d8663faeb6ab14a239bfc652648b34f783c2e99f758c0e1b6f4f863f9419b56682e2fe96a2267e8b20f94ab5f055380404525448a05588aef9388d91b22a7c1a17b16f355dad20fa214bb5eb99cf4f766392d7f9ff76a4fbadc32e0c10dc6d6518266a7ef70194ae6936c8e43598f3f2031837f582cd17a9af9e0c7ef5a6540e3453ed894b62c293686ca3c1e319dde9d0aa489a4b59a9594fc2328bc3deff3c8a0929a369a72b1180a596e016b5ded
t-v2-bit-33-2	9d8663faeb6ab14a239bfc652648b34f783c2e99f758c0e1b6f4f863f9419b563293a8be18176895029c486720a35810f4f0caa239013ea3d489074cddc41db9da0c36875135b2027299320414b166f5dab1b059012f4ffa77bf30176489edf080c447d95e6f73d70aef358a0a523d042031837f582cd17a9af9e0c7ef5a6540e3453ed894b62c293686ca3c1e319dde9d0aa489a4b59a9594fc2328bc3deff3c8a0929a369a72b1180a596e016b5ded
t-v2-bit-33-3	9d8663faeb6ab14a239bfc652648b34f783c2e99f758c0e1b6f4f863f9419b5649fdebbe2555580b41e78d6320a3bd401d2a0c22ec8204bd8346a48cee3af72376bf9f4e2ba21da33526209d1912611f1694cf1a911ab177934136bbe217c45817ad14c8e9e33ce8edb1bb5d3be84d0c2031837f582cd17a9af9e0c7ef5a6540e3453ed894b62c293686ca3c1e319dde9d0aa489a4b59a9594fc2328bc3deff3c8a0929a369a72b1180a596e016b5ded
t-v2-bit-33-4	9d8663faeb6ab14a239bfc652648b34f783c2e99f758c0e1b6f4f863f9419b563a54b0af9357cdbc93fcb54f053c97b0dd6131f06096a5ad650ae0e49e9c76100bc36b3fdd9786afa140d2a577df25b5ebeb7e390e46a3c5371243c45572139cb4cc32c5e2ce83c874d6149488da68b22031837f582cd17a9af9e0c7ef5a6540e3453ed894b62c293686ca3c1e319dde9d0aa489a4b59a9594fc2328bc3deff3c8a0929a369a72b1180a596e016b5ded
t-v2-bit-33-5	9d8663faeb6ab14a239bfc652648b34f783c2e99f758c0e1b6f4f863f9419b5617c85cfc9e2a2cbe1ee1c7ec9daf88ddbe0c24e610722ab66ae65caa02521000fc474ad404f39e43ae3afa7bf01f6edc58ba52691637cab76f4d9c95b2bcdba8cfdcc58ca899d8fb43618884975d20c52031837f582cd17a9af9e0c7ef5a6540e3453ed894b62c293686ca3c1e319dde9d0aa489a4b59a9594fc2328bc3deff3c8a0929a369a72b1180a596e016b5ded
t-v2-bit-33-6	9d8663faeb6ab14a239bfc652648b34f783c2e99f758c0e1b6f4f863f9419b567ffc0cfb470398272be2763915edecc637f82f7780a8b7358ae2b608cd2847a28ea45bf9f408cb9651903b2259602845a6793c03b402ec9b93f9823367ab7361bbab1bc2153b433292316ede2c67df312031837f582cd17a9af9e0c7ef5a6540e3453ed894b62c293686ca3c1e319dde9d0aa489a4b59a9594fc2328bc3deff3c8a0929a369a72b1180a596e016b5ded
t-v2-bit-33-7	9d8663faeb6ab14a239bfc652648b34f783c2e99f758c0e1b6f4f863f9419b56cf44ac6e1e3f874f0ee04ca7556394a0f56f46942491853cfb832d07308bca27fd444d2c31a30d5c2c4159ea967ada8e599b3969dd25079d9e7ea82ddce6c08cac03b89c852ed1b9cf164375835b3fce2031837f582cd17a9af9e0c7ef5a6540e3453ed894b62c293686ca3c1e319dde9d0aa489a4b59a9594fc2328bc3deff3c8a0929a369a72b1180a596e016b5ded
t-v2-bit-34-0	9d8663faeb6ab14a239bfc652648b34f783c2e99f758c0e1b6f4f863f9419b56c5f5f66c3a3fe0c69738f21970f68eb2e111ed74629af5944f0f07d848063b601d431f5a97b614fcfb1366366c65a2afd1031de4ff5b3f45e2d31ff1ebc0d8e13515771e9bc1d8d83258cc9ba87018d92031837f582cd17a9af9e0c7ef5a6540e3453ed894b62c293686ca3c1e319dde9d0aa489a4b59a9594fc2328bc3deff3c8a0929a369a72b1180a596e016b5ded
t-v2-bit-34-1	9d8663faeb6ab14a239bfc652648b34f783c2e99f758c0e1b6f4f863f9419b56a4aa3cc368999fd0b18701404338975ce16eb95aff962c0f17fc9164ebfec4989ac029bfcb1b15a2828448bdfcd9c577c10317b43f89ac0049f5642bbb718299b3411ef915cccfde82f808487d5a022a2031837f582cd17a9af9e0c7ef5a6540e3453ed894b62c293686ca3c1e319dde9d0aa489a4b59a9594fc2328bc3deff3c8a0929a369a72b1180a596e016b5ded
t-v2-bit-34-2	9d8663faeb6ab14a239bfc652648b34f783c2e99f758c0e1b6f4f863f9419b56332285ed3e203108684ca0b4cd6d1dca554b1007b437fc69b82e81225d4f9d40fadae273f34b2d869f1d1bd2b33fb552f303f4283e92c0c76441c9fac89de6d0b94c1d8adc7b4e3339cb56e825fa86572031837f582cd17a9af9e0c7ef5a6540e3453ed894b62c293686ca3c1e319dde9d0aa489a4b59a9594fc2328bc3deff3c8a0929a369a72b1180a596e016b5ded
t-v2-bit-34-3	9d8663faeb6ab14a239bfc652648b34f783c2e99f758c0e1b6f4f863f9419b562050f8ae2f29d7a7aecc5cf5f4cb916c1df5e34a2e0ab8d51e0417c7d29bad530553fc0d4e9bef5ed1d8a2a9615982ca81562a16ef0a303c282c0b489b15af1c2ba11a868b95f48772bd1eb7f02f3f712031837f582cd17a9af9e0c7ef5a6540e3453ed894b62c293686ca3c1e319dde9d0aa489a4b59a9594fc2328bc3deff3c8a0929a369a72b1180a596e016b5ded
t-v2-bit-34-4	9d8663faeb6ab14a239bfc652648b34f783c2e99f758c0e1b6f4f863f9419b56fce8b2e491bf59e4cf92fa4615b74d1c1524ad7d0893fa5758c8290b7f5d3f8d91751f6a0fdf1081831bef038637d9344dd981871d9cf9e37298cae177ab9e7ab45248c33bfef426bdd075331d8d4ee82031837f582cd17a9af9e0c7ef5a6540e3453ed894b62c293686ca3c1e319dde9d0aa489a4b59a9594fc2328bc3deff3c8a0929a369a72b1180a596e016b5ded
t-v2-bit-34-5	9d8663faeb6ab14a239bfc652648b34f783c2e99f758c0e1b6f4f863f9419b56d95da60993bec57f800e885bcf58106c151253cd68c721dbaad00b2fd7d5af581ea806878143aed78f77c331a5a616349daa623d28a45e152c241cd32f19dd12fa026e67fd85b24ef69a48021380e1732031837f582cd17a9af9e0c7ef5a6540e3453ed894b62c293686ca3c1e319dde9d0aa489a4b59a9594fc2328bc3deff3c8a0929a369a72b1180a596e016b5ded
t-v2-bit-34-6	9d8663faeb6ab14a239bfc652648b34f783c2e99f758c0e1b6f4f863f9419b56555e8f981b37dccd03492a34f6093e864f8722b787ddaec369b855f0c5a1fd59ff6af7102debb0f61dc659f39c1a8dcba34b196b650e6390f3a2552d9f8942000baa2ea49b8172aaff035376a265bb8d2031837f582cd17a9af9e0c7ef5a6540e3453ed894b62c293686ca3c1e319dde9d0aa489a4b59a9594fc2328bc3deff3c8a0929a369a72b1180a596e016b5ded
t-v2-bit-34-7	9d8663faeb6ab14a239bfc652648b34f783c2e99f758c0e1b6f4f863f9419b563d320fdf1bae056e7dffa858e3f6f2468ab8ce31e1cb898f1839acc50c6351a1d9a852feb962c5a67e48d3cfe3df70bbd071d0bb810d458c7ce7a71e818af8a86428508b7cbc98ee6858b79ea28b95a82031837f582cd17a9af9e0c7ef5a6540e3453ed894b62c293686ca3c1e319dde9d0aa489a4b59a9594fc2328bc3deff3c8a0929a369a72b1180a596e016b5ded
t-v2-bit-35-0	9d8663faeb6ab14a239bfc652648b34f783c2e99f758c0e1b6f4f863f9419b56e16972f2c111a4a49561aad55d32a01093da06f318c6e9004305c24c47f9128996a9c0bab1136cb470ef7e93facf57c43862a2bc7a53b9a2a575af32f60640ea37f1adedd177156a6630f562037bcb6b2031837f582cd17a9af9e0c7ef5a6540e3453ed894b62c293686ca3c1e319dde9d0aa489a4b59a9594fc2328bc3deff3c8a0929a369a72b1180a596e016b5ded
t-v2-bit-35-1	9d8663faeb6ab14a239bfc652648b34f783c2e99f758c0e1b6f4f863f9419b563c73663ddb3de8e707d540e9b244ed2fb5a0abc29afa8d6d3f5c79c9debba525fe94030f8b4ddbdfc9bedca94c8b040b95d8c4f53c592d59411a7a4f257257ed3e567fa1b7342bf181a6e503988ca64b2031837f582cd17a9af9e0c7ef5a6540e3453ed894b62c293686ca3c1e319dde9d0aa489a4b59a9594fc2328bc3deff3c8a0929a369a72b1180a596e016b5ded
t-v2-bit-35-2	9d8663faeb6ab14a239bfc652648b34f783c2e99f758c0e1b6f4f863f9419b56f637e66e9843a6bade3284decfe4b473de4f987b4862eabffa55aa8a10db20e85547e4ebfe73ebdd2577de6a33899bd224b4860ec04b39ab69f129165cf3ed4afdda4c6a885fdd5bb804380a114b6ca42031837f582cd17a9af9e0c7ef5a6540e3453ed894b62c293686ca3c1e319dde9d0aa489a4b59a9594fc2328bc3deff3c8a0929a369a72b1180a596e016b5ded
t-v2-bit-35-3	9d8663faeb6ab14a239bfc652648b34f783c2e99f758c0e1b6f4f863f9419b56ff42cd7724c79baaac17a39439e935f90a45021dfa9866b2b535811fb3abaaa8afdcc89ecc644797334bd775a611e9b530e7e568a6f7b7e3fe3c5eff53376ce0f4faeb0d1c351acca62ba8659fa375b32031837f582cd17a9af9e0c7ef5a6540e3453ed894b62c293686ca3c1e319dde9d0aa489a4b59a9594fc2328bc3deff3c8a0929a369a72b1180a596e016b5ded
t-v2-bit-35-4	9d8663faeb6ab14a239bfc652648b34f783c2e99f758c0e1b6f4f863f9419b567c30bd38f53feba50b51afbb415af30c0a4a6b6debae045b46173e03e21e7f260f198772cf000d2b231675cfc88e7759d6abcb5c962d57b36ad785f734c662bc68c9a4260c16377d01de62f356c404f42031837f582cd17a9af9e0c7ef5a6540e3453ed894b62c293686ca3c1e319dde9d0aa489a4b59a9594fc2328bc3deff3c8a0929a369a72b1180a596e016b5ded
t-v2-bit-35-5	9d8663faeb6ab14a239bfc652648b34f783c2e99f758c0e1b6f4f863f9419b56ccb941f8441f7145c547787d3c9af52a8249fc0a4bd6973ddad29e1977c4730b0c6c21a876e937eaa60112981796d401473d78713e255b5b0a5711c13ac74659f44696e97b03faf2e842b538ad31d3562031837f582cd17a9af9e0c7ef5a6540e3453ed894b62c293686ca3c1e319dde9d0aa489a4b59a9594fc2328bc3deff3c8a0929a369a72b1180a596e016b5ded
t-v2-bit-35-6	9d8663faeb6ab14a239bfc652648b34f783c2e99f758c0e1b6f4f863f9419b561686f652b6c51a8601e1ce6d48a6485947982fe98b782adab9d53e7b4d0034950ac4b513643305aca2cb8070514ec8aeaa975ac7797251b4e887ad95871d981b26f7bdf2a16ad14b80ec90c0eb6613ae2031837f582cd17a9af9e0c7ef5a6540e3453ed894b62c293686ca3c1e319dde9d0aa489a4b59a9594fc2328bc3deff3c8a0929a369a72b1180a596e016b5ded
t-v2-bit-35-7	9d8663faeb6ab14a239bfc652648b34f783c2e99f758c0e1b6f4f863f9419b567342a8909aee1588eef29d87370fceebb1131431b4d22a5831fdb79f6e82011d844659d68cd9c43201a9436cde8fb9f0f3bd901dbf0251e58cf449b18daaa948832d923d5754834eda933380553c17942031837f582cd17a9af9e0c7ef5a6540e3453ed894b62c293686ca3c1e319dde9d0aa489a4b59a9594fc2328bc3deff3c8a0929a369a72b1180a596e016b5ded
t-v2-bit-36-0	9d8663faeb6ab14a239bfc652648b34f783c2e99f758c0e1b6f4f863f9419b566ab27a561b121ca0da5e9104b6f450c9f40e0b3895c54f96837bda9416db5b0554e49662cc7aae73ab3f8294405905e84efc842932e0b8cc64796013cdef2a0b0470d9ba8c3ecbfa688cc3e04d703ea62031837f582cd17a9af9e0c7ef5a6540e3453ed894b62c293686ca3c1e319dde9d0aa489a4b59a9594fc2328bc3deff3c8a0929a369a72b1180a596e016b5ded
t-v2-bit-36-1	9d8663faeb6ab14a239bfc652648b34f783c2e99f758c0e1b6f4f863f9419b568d30932533457d1dd33a6dea6dd091c462267b4405a82daa3f200e0787dcf04657c8876230721afc0a5d66be8609ea08186ae3b096f5a55c49a3d42ba957c073034833652e2349741606c62e5a6db7cf2031837f582cd17a9af9e0c7ef5a6540e3453ed894b62c293686ca3c1e319dde9d0aa489a4b59a9594fc2328bc3deff3c8a0929a369a72b1180a596e016b5ded
t-v2-bit-36-2	9d8663faeb6ab14a239bfc652648b34f783c2e99f758c0e1b6f4f863f9419b5660e40974ed37e1d96348cfd6b13a6ad4629e1456e5a03d2fd6a10c3f2ee66071845c9a1573fc9d28260c038522c1a9ad33fccc67f629df05397b525d8ed65464aae8821a418c5dafea3dfdc6d1264ab52031837f582cd17a9af9e0c7ef5a6540e3453ed894b62c293686ca3c1e319dde9d0aa489a4b59a9594fc2328bc3deff3c8a0929a369a72b1180a596e016b5ded
t-v2-bit-36-3	9d8663faeb6ab14a239bfc652648b34f783c2e99f758c0e1b6f4f863f9419b561e2b5ecaab5faf470b7e6a6def480ba5dee5008b8d0e64698a13c82045ba5856543fa626c419b561816c765c204c41057d956f25a434182a0c46a09bf22cf9e0ad61566a7ecbc30b1f85b65504c8e34e2031837f582cd17a9af9e0c7ef5a6540e3453ed894b62c293686ca3c1e319dde9d0aa489a4b59a9594fc2328bc3deff3c8a0929a369a72b1180a596e016b5ded
t-v2-bit-36-4	9d8663faeb6ab14a239bfc652648b34f783c2e99f758c0e1b6f4f863f9419b56948dafbbac854af614e7e688df7e2ec89e2308647b626b999cb638aeb0a1e61986ba931b7e8116c4ec4e3d5b6219ea008dae355d134fdcb6b82a98fdae9540e21d09a9114ac9d484dbd331c154445b2d2031837f582cd17a9af9e0c7ef5a6540e3453ed894b62c293686ca3c1e319dde9d0aa489a4b59a9594fc2328bc3deff3c8a0929a369a72b1180a596e016b5ded
t-v2-bit-36-5	9d8663faeb6ab14a239bfc652648b34f783c2e99f758c0e1b6f4f863f9419b5601156bde9128cba4ebace4a7ab5b5f40bb2ca88ec4424b5e10d0f6170b1d5a7b4d3258ecf95e3bcb55c1bbe731aba96e91461b704814bdfff9b4ba7cd93c26f733ed36d86e62741976de9a02f9ba37d12031837f582cd17a9af9e0c7ef5a6540e3453ed894b62c293686ca3c1e319dde9d0aa489a4b59a9594fc2328bc3deff3c8a0929a369a72b1180a596e016b5ded
t-v2-bit-36-6	9d8663faeb6ab14a239bfc652648b34f783c2e99f758c0e1b6f4f863f9419b56c790ff0b96fe17a177d11e21640713484bdefde0b2bbccd664bac7185cd408c0a290dc3e039d097f31d41d9549324b5032dc029b2750f01816a069cf169ce85b5d8f0d736420c09723aaed3ad69a19642031837f582cd17a9af9e0c7ef5a6540e3453ed894b62c293686ca3c1e319dde9d0aa489a4b59a9594fc2328bc3deff3c8a0929a369a72b1180a596e016b5ded
t-v2-bit-36-7	9d8663faeb6ab14a239bfc652648b34f783c2e99f758c0e1b6f4f863f9419b56d201481c87a9a1383774efeb974fb9382a817d037ce70297c0e0156c0119f376b3eaa57fb45e44de97a75436f9fd73a184d4e712dec98315bcad7291a406e3a64592de52cd6a9ae42bbfb21ca13e516d2031837f582cd17a9af9e0c7ef5a6540e3453ed894b62c293686ca3c1e319dde9d0aa489a4b59a9594fc2328bc3deff3c8a0929a369a72b1180a596e016b5ded
t-v2-bit-37-0	9d8663faeb6ab14a239bfc652648b34f783c2e99f758c0e1b6f4f863f9419b5614d4d06e4d50a2e8b833af5714b636bea8e0737fd7e730307f44bdafa4701d875216f7b3de198307f1e20ba48486a35a13fe4108d77db700fd4ad6817ab0f19cce33ebd5bedf72796182028022a837be2031837f582cd17a9af9e0c7ef5a6540e3453ed894b62c293686ca3c1e319dde9d0aa489a4b59a9594fc2328bc3deff3c8a0929a369a72b1180a596e016b5ded
t-v2-bit-37-1	9d8663faeb6ab14a239bfc652648b34f783c2e99f758c0e1b6f4f863f9419b56ce745f36c67d04965b57559dc98cef7d7e34421ab0d49894b66282ff71f1baaf5ac7413279a59f949db5d262a6691e23bf4a3f5a32cfb3fe5fbb96a90cff6bcc80cd3a9d3d2b105cc2feee83bdc20c2d2031837f582cd17a9af9e0c7ef5a6540e3453ed894b62c293686ca3c1e319dde9d0aa489a4b59a9594fc2328bc3deff3c8a0929a369a72b1180a596e016b5ded
t-v2-bit-37-2	9d8663faeb6ab14a239bfc652648b34f783c2e99f758c0e1b6f4f863f9419b5628e789288d7a1da76909dc2047c9175b51c6ff2333f9801b4bcadf6f65c2141da28521f2f5190bb90bf5b3387255bea3da3143050e8402284774af0fb49a34987b9734e05b92958ab6a0c39412e6db412031837f582cd17a9af9e0c7ef5a6540e3453ed894b62c293686ca3c1e319dde9d0aa489a4b59a9594fc2328bc3deff3c8a0929a369a72b1180a596e016b5ded
t-v2-bit-37-3	9d8663faeb6ab14a239bfc652648b34f783c2e99f758c0e1b6f4f863f9419b56e6a51fa8c7c786d94d941c50d5c05ef30b1819ad368531aba928a5f23b88b7a26486e8c2e581721c2a0bfe29dc3ae11f5db7874a0cb3ef60e76de94fb53ffc4b47dba404168ccbf34107e0113bb90a9c2031837f582cd17a9af9e0c7ef5a6540e3453ed894b62c293686ca3c1e319dde9d0aa489a4b59a9594fc2328bc3deff3c8a0929a369a72b1180a596e016b5ded
t-v2-bit-37-4	9d8663faeb6ab14a239bfc652648b34f783c2e99f758c0e1b6f4f863f9419b56da7dfcde41b7306b83d8d34d0e327363637bc44389570549e37a151743fb3f00779d57f1c9d3d0fe77286062506da3d5b57302edb72dc0e9fc7a837ff52c2c8ceb4814b24d6627916b5261a4ffdcc8be2031837f582cd17a9af9e0c7ef5a6540e3453ed894b62c293686ca3c1e319dde9d0aa489a4b59a9594fc2328bc3deff3c8a0929a369a72b1180a596e016b5ded
t-v2-bit-37-5	9d8663faeb6ab14a239bfc652648b34f783c2e99f758c0e1b6f4f863f9419b567e303dbc5023f82c7b2f8efdab4a77df1923f903745e1179e0c35c68566e5a2fac9f1457c70bc2b5673a1da2edaa322eff1f31930ccda9c052efa9e0e511d1b7d4b20d6c3645768e07a3f8730cad71c62031837f582cd17a9af9e0c7ef5a6540e3453ed894b62c293686ca3c1e319dde9d0aa489a4b59a9594fc2328bc3deff3c8a0929a369a72b1180a596e016b5ded
t-v2-bit-37-6	9d8663faeb6ab14a239bfc652648b34f783c2e99f758c0e1b6f4f863f9419b5680f486808bdd06f1ad4d204096a4acc7473faf43722131f00c481ffd6f8a481ce5cc48671bba1fa59523d99882e34fcfaac0cafe3aed0fa384bc32519d64c012cc0ba190a6fd49ab78b4178c30b6d7192031837f582cd17a9af9e0c7ef5a6540e3453ed894b62c293686ca3c1e319dde9d0aa489a4b59a9594fc2328bc3deff3c8a0929a369a72b1180a596e016b5ded
t-v2-bit-37-7	9d8663faeb6ab14a239bfc652648b34f783c2e99f758c0e1b6f4f863f9419b560c8ce96a8c4dbe4c8a683857609068f7f23c1f8c81f55d9457e115727d3e3eb36dd6a9f0488fc7c27ef49b8fc5d161c5ed27c095635af5032cf3ee74c5489718195b7560b4cde57b73d10d8c9160caa32031837f582cd17a9af9e0c7ef5a6540e3453ed894b62c293686ca3c1e319dde9d0aa489a4b59a9594fc2328bc3deff3c8a0929a369a72b1180a596e016b5ded
t-v2-bit-38-0	9d8663faeb6ab14a239bfc652648b34f783c2e99f758c0e1b6f4f863f9419b56b9f52bf59a0f78c16ab2d887e7c9e4d9091170848179e75d5517a7653d336b7d26c6eb0688fe4b721b42517e754783846aa862fb1ac6fa5002cdb0b03e87473bdc8857ad0aa6ce40d92b80d8fc6001332031837f582cd17a9af9e0c7ef5a6540e3453ed894b62c293686ca3c1e319dde9d0aa489a4b59a9594fc2328bc3deff3c8a0929a369a72b1180a596e016b5ded
t-v2-bit-38-1	9d8663faeb6ab14a239bfc652648b34f783c2e99f758c0e1b6f4f863f9419b5655c80593483b6a36f8aebc3dfd314de596259a6b2dc23dea31ccd6b3f95f2df2c66af07c30134be3bc11af4cac3da367e1fe45f45842d276e0c512e8a5333fa799daa8f9fb6723f430c74fe68b994a3c2031837f582cd17a9af9e0c7ef5a6540e3453ed894b62c293686ca3c1e319dde9d0aa489a4b59a9594fc2328bc3deff3c8a0929a369a72b1180a596e016b5ded
t-v2-bit-38-2	9d8663faeb6ab14a239bfc652648b34f783c2e99f758c0e1b6f4f863f9419b5695843e841a4e2fb87e1861edb076b022f85d62d4bdd7da105d744d5fcef23f4b8197cbb0253254307aafca2d44ae074fd71c2213348463f04672502c1a975fd7ec8b4f478b495ba5acd19900ec3f50432031837f582cd17a9af9e0c7ef5a6540e3453ed894b62c293686ca3c1e319dde9d0aa489a4b59a9594fc2328bc3deff3c8a0929a369a72b1180a596e016b5ded
t-v2-bit-38-3	9d8663faeb6ab14a239bfc652648b34f783c2e99f758c0e1b6f4f863f9419b568f260178967dfd79003b63c1cf3ea9185dccf39ee9c206065b68e68955be07963ae2d31bec264e9871b91bc176292c8492dce9c3f4fdf71d9e0f5fca93f1353bea117c2f2d702e48223c6136d06c12452031837f582cd17a9af9e0c7ef5a6540e3453ed894b62c293686ca3c1e319dde9d0aa489a4b59a9594fc2328bc3deff3c8a0929a369a72b1180a596e016b5ded
t-v2-bit-38-4	9d8663faeb6ab14a239bfc652648b34f783c2e99f758c0e1b6f4f863f9419b5608308b0eab70ff307cddc9c5b94517398922d606775b8bcf5ccbb7870c482f57c9716ff40408924c1cba4eeccf4fdcc20243355a97120426a21696b5633b22ce36dee8a16f266c9693e2232dae897de22031837f582cd17a9af9e0c7ef5a6540e3453ed894b62c293686ca3c1e319dde9d0aa489a4b59a9594fc2328bc3deff3c8a0929a369a72b1180a596e016b5ded
t-v2-bit-38-5	9d8663faeb6ab14a239bfc652648b34f783c2e99f758c0e1b6f4f863f9419b560d409e010b4b3ffd9c6efd0dabeb34cfc957b394090e53f3686f4c03895502a963fc8d150678750a674b2c76abe8949ce83c6798edb34a714450ad93eeb8f514156bbad7ff72d3aeae7017560cc0a8352031837f582cd17a9af9e0c7ef5a6540e3453ed894b62c293686ca3c1e319dde9d0aa489a4b59a9594fc2328bc3deff3c8a0929a369a72b1180a596e016b5ded
t-v2-bit-38-6	9d8663faeb6ab14a239bfc652648b34f783c2e99f758c0e1b6f4f863f9419b569d56deccfde64b924d7765c565545149299f829e17f9e27bb249d6d348c13a2ef418180bd160fb5f0627fe564c52590e511aaba5c06a1c9bcfba8640749036979c80ea3d409988c921caca2a2faf07f42031837f582cd17a9af9e0c7ef5a6540e3453ed894b62c293686ca3c1e319dde9d0aa489a4b59a9594fc2328bc3deff3c8a0929a369a72b1180a596e016b5ded
t-v2-bit-38-7	9d8663faeb6ab14a239bfc652648b34f783c2e99f758c0e1b6f4f863f9419b56b245da3ff57982764ba867561fcd3bc120577dfd5bb6b52181f69ec4714e969c3520c67dde64f94daba996a3cd8b60cacc00841c702b718bd86e81ec4e2c1c99c26249f7633bd7f6106df9f5365e4a772031837f582cd17a9af9e0c7ef5a6540e3453ed894b62c293686ca3c1e319dde9d0aa489a4b59a9594fc2328bc3deff3c8a0929a369a72b1180a596e016b5ded
t-v2-bit-39-0	9d8663faeb6ab14a239bfc652648b34f783c2e99f758c0e1b6f4f863f9419b562312cd4202015d8ab6af95cc9033f3963e811adc2d3e1e9d2812e06f80729a0074b01f78a732b4aafab1faeeee60ebf544da9585966f5dbb49233165395d424b6bade646be1ec239c4194a89e0bd41192031837f582cd17a9af9e0c7ef5a6540e3453ed894b62c293686ca3c1e319dde9d0aa489a4b59a9594fc2328bc3deff3c8a0929a369a72b1180a596e016b5ded
t-v2-bit-39-1	9d8663faeb6ab14a239bfc652648b34f783c2e99f758c0e1b6f4f863f9419b56308cdd92f2c570cf81725592c8598d300b3d1e72e54e4404714eed154a03848f823f9905ac906d4c555e02b4857f8a9cabad2dd8690475d3568d7f2f5aaec3c1f0572808c61d36d71794dfa2775ff1252031837f582cd17a9af9e0c7ef5a6540e3453ed894b62c293686ca3c1e319dde9d0aa489a4b59a9594fc2328bc3deff3c8a0929a369a72b1180a596e016b5ded
t-v2-bit-39-2	9d8663faeb6ab14a239bfc652648b34f783c2e99f758c0e1b6f4f863f9419b5668c839d3a86c5082791249b8ca30488bb786fe2a30ba0e6ae0b3c4c95df0d50d23cd944e0e71075877724e9f7fab2c653ad916c3fcd070d332101c3ec3acf1d87e58c5bb8a30804fec0bbd7f8faeb4e92031837f582cd17a9af9e0c7ef5a6540e3453ed894b62c293686ca3c1e319dde9d0aa489a4b59a9594fc2328bc3deff3c8a0929a369a72b1180a596e016b5ded
t-v2-bit-39-3	9d8663faeb6ab14a239bfc652648b34f783c2e99f758c0e1b6f4f863f9419b567e9253bc55d5f6e270f28ebe02efc707595b2672f6b6b23ecd66308091eb393a8143813390e28aca8fb64ff7e8f4748ecfc0f53814b1cab3220aa1432abf6f4b8edd3909ad918ae6107e7b0905670e312031837f582cd17a9af9e0c7ef5a6540e3453ed894b62c293686ca3c1e319dde9d0aa489a4b59a9594fc2328bc3deff3c8a0929a369a72b1180a596e016b5ded
t-v2-bit-39-4	9d8663faeb6ab14a239bfc652648b34f783c2e99f758c0e1b6f4f863f9419b567d36958a31208a9b7d0545c878acef0bdc985b22ef6e7fd1c5931c8fdda1f14bbc13cad344de65e3b32f318a10898d5f1cc2e747e6766d5d8be66d0b2023772e9678f3f2b711e07171ab647ca437791e2031837f582cd17a9af9e0c7ef5a6540e3453ed894b62c293686ca3c1e319dde9d0aa489a4b59a9594fc2328bc3deff3c8a0929a369a72b1180a596e016b5ded
t-v2-bit-39-5	9d8663faeb6ab14a239bfc652648b34f783c2e99f758c0e1b6f4f863f9419b564bce1f2604a4231841dfb1eba43a6a292ecab9093fa99239a7ede88dbe2d37f0f451dbde136632010acd4443433cf379ccd320aeeff35c099170d548cfeaccf2e9e70167153443b9c4ea15c589f61a2d2031837f582cd17a9af9e0c7ef5a6540e3453ed894b62c293686ca3c1e319dde9d0aa489a4b59a9594fc2328bc3deff3c8a0929a369a72b1180a596e016b5ded
t-v2-bit-39-6	9d8663faeb6ab14a239bfc652648b34f783c2e99f758c0e1b6f4f863f9419b562db31650cef7fd6179b4e1fa7b50b4af87d4d0531b2b8c6e82c87fe236e4163846bb63da11c352629104cc6a59c0a1bb6fbd4f0da6ea4aabd87ffe12bfe62a7fad962510f086dd014a6ff9919a6cfe3b2031837f582cd17a9af9e0c7ef5a6540e3453ed894b62c293686ca3c1e319dde9d0aa489a4b59a9594fc2328bc3deff3c8a0929a369a72b1180a596e016b5ded
t-v2-bit-39-7	9d8663faeb6ab14a239bfc652648b34f783c2e99f758c0e1b6f4f863f9419b56d86942b8c379b4832583d87dda24aec231c0338c7718c1d73bf2d3a9e4ec4d608df316a4e507fe5be095c8f3daf67924308f03da89de922d9ecd355c5562d65c3bef302f3785fd58b83fa5edb208fcb92031837f582cd17a9af9e0c7ef5a6540e3453ed894b62c293686ca3c1e319dde9d0aa489a4b59a9594fc2328bc3deff3c8a0929a369a72b1180a596e016b5ded
t-v2-bit-40-0	9d8663faeb6ab14a239bfc652648b34f783c2e99f758c0e1b6f4f863f9419b56f4f62bed2c8ec7bc852b65167b677c18e0203b0a31ae2c4c748f0f1227701a7a8881c2fd116841fbc01244ebbfaab924bc5730107b1eb87ece895096fb89d85d1154d475cd9a02a6be23b3883972f4ab2031837f582cd17a9af9e0c7ef5a6540e3453ed894b62c293686ca3c1e319dde9d0aa489a4b59a9594fc2328bc3deff3c8a0929a369a72b1180a596e016b5ded
t-v2-bit-40-1	9d8663faeb6ab14a239bfc652648b34f783c2e99f758c0e1b6f4f863f9419b566f3716ab7055eacbf9bcc7ddb73e2422d7a4348ab3c03aeafc8cdb7b52bf4b17b5882cbf407575fed09aa10cc6c5ae471d611705d82b1cb2a72a1ad0fa1502e9466e9134b4c2476d39dc2e48b2f1ec6d2031837f582cd17a9af9e0c7ef5a6540e3453ed894b62c293686ca3c1e319dde9d0aa489a4b59a9594fc2328bc3deff3c8a0929a369a72b1180a596e016b5ded
t-v2-bit-40-2	9d8663faeb6ab14a239bfc652648b34f783c2e99f758c0e1b6f4f863f9419b56c34a1fbce8ae0be9c21af2183c6cea2e1f02bcc246d7595df19b3a13be1319f48bc2f0d412e02eb23cabcbcb12b84d165913175b6d2e6290fa62f9a46dcf56c6f187f3018d475a6ad8518622247eb4022031837f582cd17a9af9e0c7ef5a6540e3453ed894b62c293686ca3c1e319dde9d0aa489a4b59a9594fc2328bc3deff3c8a0929a369a72b1180a596e016b5ded
t-v2-bit-40-3	9d8663faeb6ab14a239bfc652648b34f783c2e99f758c0e1b6f4f863f9419b560f9c460c9d7ce7ff8e9df33d5ddbf56987db79234b34cf0a7ae4a1a98c6accb92839abf05c8ce7721fa50bec70f3fca52b3f7be50c419fd42423c4027094d414ee2d6464ac638916cffada22443d31e32031837f582cd17a9af9e0c7ef5a6540e3453ed894b62c293686ca3c1e319dde9d0aa489a4b59a9594fc2328bc3deff3c8a0929a369a72b1180a596e016b5ded
t-v2-bit-40-4	9d8663faeb6ab14a239bfc652648b34f783c2e99f758c0e1b6f4f863f9419b569feca6f9a555cb00e3021793aaacd9fe87357f9cd4047cb7f6b9123d5d0423c3efa55a499cc5cb7533a49fc7f41a79d368be6597da22791cdaf984fad96a3b4f86a74cd88150b98fb681425bb8691e282031837f582cd17a9af9e0c7ef5a6540e3453ed894b62c293686ca3c1e319dde9d0aa489a4b59a9594fc2328bc3deff3c8a0929a369a72b1180a596e016b5ded
t-v2-bit-40-5	9d8663faeb6ab14a239bfc652648b34f783c2e99f758c0e1b6f4f863f9419b56f938423a28e7b933beea802bae022703e9c21c79dd596b5df080ed8c209236b8e7ff7895f37723c2b7b2778eb8ca9add8de88e73f5aaf4875d7703afb00262d8932c63b6eaae129406d1d73c2a12136c2031837f582cd17a9af9e0c7ef5a6540e3453ed894b62c293686ca3c1e319dde9d0aa489a4b59a9594fc2328bc3deff3c8a0929a369a72b1180a596e016b5ded
t-v2-bit-40-6	9d8663faeb6ab14a239bfc652648b34f783c2e99f758c0e1b6f4f863f9419b56f86ac727d87ac4f56669ba2c62dd2e4541972b349d522b8552f6d9fe4c47e7d80d429fc5d4bfea6935eb9af721eab18e6d61b3e23fa35e6264a27b3666325903ea40a69096f22b1b0042e442c164dc9b2031837f582cd17a9af9e0c7ef5a6540e3453ed894b62c293686ca3c1e319dde9d0aa489a4b59a9594fc2328bc3deff3c8a0929a369a72b1180a596e016b5ded
t-v2-bit-40-7	9d8663faeb6ab14a239bfc652648b34f783c2e99f758c0e1b6f4f863f9419b56a4eca7262ee01d1e0c47c8e172749a2babc6809430b510c2746fa1fa9358dfdd7b75626ccef80f5dc7313d5535f68382f1898091b312fdc2c8ccc2cd2ac1000b2453e5e0f17aaf432ef1789f4f6b82562031837f582cd17a9af9e0c7ef5a6540e3453ed894b62c293686ca3c1e319dde9d0aa489a4b59a9594fc2328bc3deff3c8a0929a369a72b1180a596e016b5ded
t-v2-bit-41-0	9d8663faeb6ab14a239bfc652648b34f783c2e99f758c0e1b6f4f863f9419b565e8ed61842d0268e67bba78f6842dd8cd7c7599ef01d90a806e66a34df59334884ad7df837d9b5127fa91c2f4eded07ccf134df6d0190fbba41c203e95f0ea9a2f35d9adf149d39b174792407f6d11df2031837f582cd17a9af9e0c7ef5a6540e3453ed894b62c293686ca3c1e319dde9d0aa489a4b59a9594fc2328bc3deff3c8a0929a369a72b1180a596e016b5ded
t-v2-bit-41-1	9d8663faeb6ab14a239bfc652648b34f783c2e99f758c0e1b6f4f863f9419b563e5b547154e74e8579f243cb571e07364f74769e98a338200e4cedd07bf9b598886d4010c4bcc99895d28c50cc0a799e57e85eb196af395a3835949f1b2b3199c40a566c3db0ea107e1f69df323f6be12031837f582cd17a9af9e0c7ef5a6540e3453ed894b62c293686ca3c1e319dde9d0aa489a4b59a9594fc2328bc3deff3c8a0929a369a72b1180a596e016b5ded
t-v2-bit-41-2	9d8663faeb6ab14a239bfc652648b34f783c2e99f758c0e1b6f4f863f9419b56f6bd4169742f23d662af0c62a36e1b982aeb42df555d3a05629af63dd22d36f651a0e0a0c7905a7c957838fece62bc3518b1feaa16066c3e6a9b2287419693ff9f721232c623ecb70cf84f04833a967b2031837f582cd17a9af9e0c7ef5a6540e3453ed894b62c293686ca3c1e319dde9d0aa489a4b59a9594fc2328bc3deff3c8a0929a369a72b1180a596e016b5ded
t-v2-bit-41-3	9d8663faeb6ab14a239bfc652648b34f783c2e99f758c0e1b6f4f863f9419b563ae85bdbcc75ba5f00722c0fab189adbe51d7cc27c8355b7925ae3c94cf43011b0e82b4210e426e4a93b7e1e44bfcc1bf65fd8278eba8e036458fed7819f8ce0e131147abfeaacb27574487b4dd07ad72031837f582cd17a9af9e0c7ef5a6540e3453ed894b62c293686ca3c1e319dde9d0aa489a4b59a9594fc2328bc3deff3c8a0929a369a72b1180a596e016b5ded
t-v2-bit-41-4	9d8663faeb6ab14a239bfc652648b34f783c2e99f758c0e1b6f4f863f9419b56d8fe4030b4558aaf7a10f8b8863d5b28ef318ad0c1990aac0f3a85128387146cdbdd83f1fb8065d4f0d4abdfffaecf0d7193c1db46883a825d6df57d213b121db2d8ea2976bb9ddf8f8c81cac7d168a82031837f582cd17a9af9e0c7ef5a6540e3453ed894b62c293686ca3c1e319dde9d0aa489a4b59a9594fc2328bc3deff3c8a0929a369a72b1180a596e016b5ded
t-v2-bit-41-5	9d8663faeb6ab14a239bfc652648b34f783c2e99f758c0e1b6f4f863f9419b56a16deb204e6ca2a54b0e853509fcce8d1d0cf2dde30bcddbfa5aa6d8827ae822a92a2d1fa9e033f544765cd57bc67d2158bf2ceeb3ce3fb9b5a457d5df5e66af217f94b5f283acf18212fdf29663c5bc2031837f582cd17a9af9e0c7ef5a6540e3453ed894b62c293686ca3c1e319dde9d0aa489a4b59a9594fc2328bc3deff3c8a0929a369a72b1180a596e016b5ded
t-v2-bit-41-6	9d8663faeb6ab14a239bfc652648b34f783c2e99f758c0e1b6f4f863f9419b561e08dac5508995cb49713fb0c8d4b741ea143f5fc7048e6ff1ddaf7185479cd52b14956bee08d2b724bdd34e85b308da49bbe0b93d353b61f0b2d810b4a8c4a003b7baa24ed0cf149e6ce098e51d993b2031837f582cd17a9af9e0c7ef5a6540e3453ed894b62c293686ca3c1e319dde9d0aa489a4b59a9594fc2328bc3deff3c8a0929a369a72b1180a596e016b5ded
t-v2-bit-41-7	9d8663faeb6ab14a239bfc652648b34f783c2e99f758c0e1b6f4f863f9419b563c5da5c3504ec46b4fb8b5d07986fba6d368831cd3e65a8d4a812ef2502c566d85a0b9ba3ede71633bb9bd5ad977ac87bb1661618a372344968244600735acbdfd2cb7f0ba91e191d066d57bae72ba502031837f582cd17a9af9e0c7ef5a6540e3453ed894b62c293686ca3c1e319dde9d0aa489a4b59a9594fc2328bc3deff3c8a0929a369a72b1180a596e016b5ded
t-v2-bit-42-0	9d8663faeb6ab14a239bfc652648b34f783c2e99f758c0e1b6f4f863f9419b56acd85d22a942c9129690162f9958acd1f12fef928dbe8d3ccd52c6ccc6ec333a0518a27b1408925688626f602e560df87e1c8663db17a2ccf2cdf22f103ee647affade2cb5e006bca1586bd4c24c9e122031837f582cd17a9af9e0c7ef5a6540e3453ed894b62c293686ca3c1e319dde9d0aa489a4b59a9594fc2328bc3deff3c8a0929a369a72b1180a596e016b5ded
t-v2-bit-42-1	9d8663faeb6ab14a239bfc652648b34f783c2e99f758c0e1b6f4f863f9419b56eeac9d0b9cbf8ace6bdfbd171be0c9978e2d175a25714f203f83b48d82673082fa12bb33a1e54066473b39cca417d9e4879bf2277dbcf9eb38af1209ca45724a0b5b5d4130439e80204c4b61bf2d1f9c2031837f582cd17a9af9e0c7ef5a6540e3453ed894b62c293686ca3c1e319dde9d0aa489a4b59a9594fc2328bc3deff3c8a0929a369a72b1180a596e016b5ded
t-v2-bit-42-2	9d8663faeb6ab14a239bfc652648b34f783c2e99f758c0e1b6f4f863f9419b5635d69bed8f98771b181d004f20aa522df0546b6d9f3586d59cc04d6e816621ef7c169ebb47e7e8139c16e7354ebdb0b21219f99f91830dcccb3301f7333246be0d147856d0b7ab93222024a63456de712031837f582cd17a9af9e0c7ef5a6540e3453ed894b62c293686ca3c1e319dde9d0aa489a4b59a9594fc2328bc3deff3c8a0929a369a72b1180a596e016b5ded
t-v2-bit-42-3	9d8663faeb6ab14a239bfc652648b34f783c2e99f758c0e1b6f4f863f9419b56e5a17e243ba6b6b87f252ba3539f00cefe25ca2f18ea0273239488b89d9ef428c62114d487810cd2379a4443315453d7e4f2d447c177dcc09fe50742606725fdd81798c3526c59b733f629d929386fa22031837f582cd17a9af9e0c7ef5a6540e3453ed894b62c293686ca3c1e319dde9d0aa489a4b59a9594fc2328bc3deff3c8a0929a369a72b1180a596e016b5ded
t-v2-bit-42-4	9d8663faeb6ab14a239bfc652648b34f783c2e99f758c0e1b6f4f863f9419b5636a95db92ef4e950ec39f8988af259fa8dece970144aa3c4a680081a16f359ab9d6fed34455b8b5015e2c3cefcadc2f410be1f736eddd799b757c5e1df665e61f1ccd256e8ee46e7962205f51f92bc552031837f582cd17a9af9e0c7ef5a6540e3453ed894b62c293686ca3c1e319dde9d0aa489a4b59a9594fc2328bc3deff3c8a0929a369a72b1180a596e016b5ded
t-v2-bit-42-5	9d8663faeb6ab14a239bfc652648b34f783c2e99f758c0e1b6f4f863f9419b561db427af752b08e98a6b99ed407efd6cc463feb592310a5db6ee6a0a68c189c98618e3de6fc732a1a899eeb62beef72086fab9e5e9714308a33879a335d60ab2df393d4bf6b7813ff11b98c3b4e921082031837f582cd17a9af9e0c7ef5a6540e3453ed894b62c293686ca3c1e319dde9d0aa489a4b59a9594fc2328bc3deff3c8a0929a369a72b1180a596e016b5ded
t-v2-bit-42-6	9d8663faeb6ab14a239bfc652648b34f783c2e99f758c0e1b6f4f863f9419b56282074468deeccf8d83e512a90f509136172f67aed3bdfef8a813204071d3e01db93076cceefe56c9bee09e6f74fea6f72417c042353d94c9590be1ae6e28e3505e7c72b72ff134694818a977b7f43e82031837f582cd17a9af9e0c7ef5a6540e3453ed894b62c293686ca3c1e319dde9d0aa489a4b59a9594fc2328bc3deff3c8a0929a369a72b1180a596e016b5ded
t-v2-bit-42-7	9d8663faeb6ab14a239bfc652648b34f783c2e99f758c0e1b6f4f863f9419b56a783eee8bbe85d82d96b740d31b704ca4f96a0cd6957b25e99f2eace96db6e7dd8f921809b50863f058ceb1b98bd2b596f1ac528a2a86907fa9276ce2e0f27dc3e5e9013f7ed5b2af04657eb588cf2c32031837f582cd17a9af9e0c7ef5a6540e3453ed894b62c293686ca3c1e319dde9d0aa489a4b59a9594fc2328bc3deff3c8a0929a369a72b1180a596e016b5ded
t-v2-bit-43-0	9d8663faeb6ab14a239bfc652648b34f783c2e99f758c0e1b6f4f863f9419b5680b3b7a6a03cdb981f7b3859202f7fff2a9c691674e7e610994c535d453da890091ce8377080bfee0866b89f436c333a307cb7e84fa1363e3089e5f77f4a25c59d2a80aa4e51325517cab5ca8f03d4d42031837f582cd17a9af9e0c7ef5a6540e3453ed894b62c293686ca3c1e319dde9d0aa489a4b59a9594fc2328bc3deff3c8a0929a369a72b1180a596e016b5ded
t-v2-bit-43-1	9d8663faeb6ab14a239bfc652648b34f783c2e99f758c0e1b6f4f863f9419b56f6168974c9ddc7e5bf7b8a2e99a0043231f9bff4430a1dea755dc5ec88382c9525f12892bad328fbf9055f9a9954307b48a89a4026d0df48b74d61f96575e40c40ed96c2f5bb351925a0e3ef90a4bc432031837f582cd17a9af9e0c7ef5a6540e3453ed894b62c293686ca3c1e319dde9d0aa489a4b59a9594fc2328bc3deff3c8a0929a369a72b1180a596e016b5ded
t-v2-bit-43-2	9d8663faeb6ab14a239bfc652648b34f783c2e99f758c0e1b6f4f863f9419b56aaf54a361ecbdfc7cedc822608531e1314ed5a6c001d25bfba46fda9c0666934d887a53b51eab6791d0be4e0ed630b48a22bb4449c6a7a7ddabe20b97dcde5f405413be608c7b44658a91ac694a4b2422031837f582cd17a9af9e0c7ef5a6540e3453ed894b62c293686ca3c1e319dde9d0aa489a4b59a9594fc2328bc3deff3c8a0929a369a72b1180a596e016b5ded
t-v2-bit-43-3	9d8663faeb6ab14a239bfc652648b34f783c2e99f758c0e1b6f4f863f9419b569bf57791204da1f23b8a7ab05494607a79fe4d0adbb496ca3362984a88e875aadb48b5a8a2b8477e676f07b56390f8f740656d5931b68756f6d9e8169c55e9a353834815e81844088f7be2d20417174b2031837f582cd17a9af9e0c7ef5a6540e3453ed894b62c293686ca3c1e319dde9d0aa489a4b59a9594fc2328bc3deff3c8a0929a369a72b1180a596e016b5ded
t-v2-bit-43-4	9d8663faeb6ab14a239bfc652648b34f783c2e99f758c0e1b6f4f863f9419b56e49268fe489049952f50c28571dccac85db6fe28b57c8cc060ef6cc04bf0697e504aa6faa263de0369e5ecceaa894bc9038f1ab29a2d46993110b4ac9aecd55e8e6f5e1a23e055803c1a3e21968ba6a72031837f582cd17a9af9e0c7ef5a6540e3453ed894b62c293686ca3c1e319dde9d0aa489a4b59a9594fc2328bc3deff3c8a0929a369a72b1180a596e016b5ded
t-v2-bit-43-5	9d8663faeb6ab14a239bfc652648b34f783c2e99f758c0e1b6f4f863f9419b5667bfd716c0e5527896eb6375233a04233789a612c892ef5ecb2bfa2302daa4d160d68ea603fe4143fd855a938e08ea60507e264e5d253dfb94d1d60614b14b781d5df9f1b8981b9de8a982719baade482031837f582cd17a9af9e0c7ef5a6540e3453ed894b62c293686ca3c1e319dde9d0aa489a4b59a9594fc2328bc3deff3c8a0929a369a72b1180a596e016b5ded
t-v2-bit-43-6	9d8663faeb6ab14a239bfc652648b34f783c2e99f758c0e1b6f4f863f9419b56122292c923eb170956293fc2d3d404cfba0b390f525ad87f1819384a2564a2dcc5bc32553e39f081267f4de0252c24f5fde000ef2344b91555e8f06c39b06bba232defb60e98b8fb6eb28f8deb0f82442031837f582cd17a9af9e0c7ef5a6540e3453ed894b62c293686ca3c1e319dde9d0aa489a4b59a9594fc2328bc3deff3c8a0929a369a72b1180a596e016b5ded
t-v2-bit-43-7	9d8663faeb6ab14a239bfc652648b34f783c2e99f758c0e1b6f4f863f9419b5603640bec4a18c997329642fc04aa93f61532f227cd3822314514468e2e61592d672b776314324e817c9312d8568c7036750620cc6ad07de35200ef481ced7f5145bb5b285ab6a13b3ef152e12abe27232031837f582cd17a9af9e0c7ef5a6540e3453ed894b62c293686ca3c1e319dde9d0aa489a4b59a9594fc2328bc3deff3c8a0929a369a72b1180a596e016b5ded
t-v2-bit-44-0	9d8663faeb6ab14a239bfc652648b34f783c2e99f758c0e1b6f4f863f9419b56be9e86a26942099b00edaa3f12177c0df8ce4c31a71a2247d8dc0885c1889a258cdb2eefc5e5724c816e53a0ab7689c65a9e3233c318da09cdb3114f2cfa0375a48fa84c1e8b6c94b51239479cc400582031837f582cd17a9af9e0c7ef5a6540e3453ed894b62c293686ca3c1e319dde9d0aa489a4b59a9594fc2328bc3deff3c8a0929a369a72b1180a596e016b5ded
t-v2-bit-44-1	9d8663faeb6ab14a239bfc652648b34f783c2e99f758c0e1b6f4f863f9419b56c30cd5728b2c4e039bdf4dc81f36272eaa832c2f70b118797e3b8293778c956e8e4d6e14e95a1eb60b78f512078eda799f718a5f0827c923bed84eea0daed6e4d989911288bf0b5540a80d7fcce0d4fe2031837f582cd17a9af9e0c7ef5a6540e3453ed894b62c293686ca3c1e319dde9d0aa489a4b59a9594fc2328bc3deff3c8a0929a369a72b1180a596e016b5ded
t-v2-bit-44-2	9d8663faeb6ab14a239bfc652648b34f783c2e99f758c0e1b6f4f863f9419b560ef23001dc5acf740c9930886f73b165e573dd240e6323dec75653e5b8b0e78bf6a9071626c0ebd757de432195526fe8e2e0a4f41f86a9cbd2dde6c032ff25bfab125f4379711a62d6121997e87bbc9d2031837f582cd17a9af9e0c7ef5a6540e3453ed894b62c293686ca3c1e319dde9d0aa489a4b59a9594fc2328bc3deff3c8a0929a369a72b1180a596e016b5ded
t-v2-bit-44-3	9d8663faeb6ab14a239bfc652648b34f783c2e99f758c0e1b6f4f863f9419b5646ae1365721fdf91903e39f5b2374c9a5c6544bc3ff4ca1f43c1b3830d280364876fc408d6fb721d25322a1f9387adf39242a676020ff600c82c0ed022ae6c17a2033a8d2f30603a90fb436730b1ff372031837f582cd17a9af9e0c7ef5a6540e3453ed894b62c293686ca3c1e319dde9d0aa489a4b59a9594fc2328bc3deff3c8a0929a369a72b1180a596e016b5ded
t-v2-bit-44-4	9d8663faeb6ab14a239bfc652648b34f783c2e99f758c0e1b6f4f863f9419b566128683817745bba4b492f40a52cc32075a73ebd1544641f5a35f30e1de9074fdb6e8483b9abe545b0854c5a172988851879562dab196ccf8e7e79c2fec56b2361544fee1d649cec293893e6a7cd463d2031837f582cd17a9af9e0c7ef5a6540e3453ed894b62c293686ca3c1e319dde9d0aa489a4b59a9594fc2328bc3deff3c8a0929a369a72b1180a596e016b5ded
t-v2-bit-44-5	9d8663faeb6ab14a239bfc652648b34f783c2e99f758c0e1b6f4f863f9419b5646ec2f97f0f0783206ab85bf1a8c9fbe9c7ab5be7f20d06209b7cb4e4e7c3410ed1d84dbca422f2fc8b61886b0c1e32eba36d68a76b931a02f4633888d34a3ccb639551ad80cbf15f72d438303cc75202031837f582cd17a9af9e0c7ef5a6540e3453ed894b62c293686ca3c1e319dde9d0aa489a4b59a9594fc2328bc3deff3c8a0929a369a72b1180a596e016b5ded
t-v2-bit-44-6	9d8663faeb6ab14a239bfc652648b34f783c2e99f758c0e1b6f4f863f9419b56b0e01377aa583b8598a3c139ed5d7d8aaf927605324b76b84b3b80dd36d2f190e0bb3f8c079b3121841799e957522d042d38ef3a59b7c240a066807f29d1fcf1a71c0b14f4a8d1aee45bee7e87c0eb1e2031837f582cd17a9af9e0c7ef5a6540e3453ed894b62c293686ca3c1e319dde9d0aa489a4b59a9594fc2328bc3deff3c8a0929a369a72b1180a596e016b5ded
t-v2-bit-44-7	9d8663faeb6ab14a239bfc652648b34f783c2e99f758c0e1b6f4f863f9419b56cf093276b7139d44f54b1668f9b5ec745f34832eaed6e736a5bc0221eedb44458a0500ddba27ace9525bf994e31b14259718b0520ef187c9a96f5d0d682a5101edd1669d07eb3db9df4430c7fabf762c2031837f582cd17a9af9e0c7ef5a6540e3453ed894b62c293686ca3c1e319dde9d0aa489a4b59a9594fc2328bc3deff3c8a0929a369a72b1180a596e016b5ded
t-v2-bit-45-0	9d8663faeb6ab14a239bfc652648b34f783c2e99f758c0e1b6f4f863f9419b56b9ba7f7d73aacd707971e33abe54ffef208e44b09096f8bbe0333367e2a412671d500e658960d24f23214442db534beedbda4056550cb9b7a9ec2bac27cb87aa3d2e69dd2acba46a0370daa4118f26fb2031837f582cd17a9af9e0c7ef5a6540e3453ed894b62c293686ca3c1e319dde9d0aa489a4b59a9594fc2328bc3deff3c8a0929a369a72b1180a596e016b5ded
t-v2-bit-45-1	9d8663faeb6ab14a239bfc652648b34f783c2e99f758c0e1b6f4f863f9419b56f1048cd2dd7a4144c9687e1f89737805926e6f5ff80a638ecb41a0eb330a0cfba475fb8b7c7e5e779a7ccab5c87f594347fa0641dd495dd1bbe8924e3881215bc8a898cdea29c08e4a0bcf3a56e94e152031837f582cd17a9af9e0c7ef5a6540e3453ed894b62c293686ca3c1e319dde9d0aa489a4b59a9594fc2328bc3deff3c8a0929a369a72b1180a596e016b5ded
t-v2-bit-45-2	9d8663faeb6ab14a239bfc652648b34f783c2e99f758c0e1b6f4f863f9419b5652e13bbdb0522c6fc09d0d793cc3fa6814df6a30b93f1e34317c2fa9e9d9921ddae612ae3fe42874c58e7bd6d8fa47752404c847d26afeb9c0bdfa8a2541937197d4476863afd54742dbbc5e0013a7372031837f582cd17a9af9e0c7ef5a6540e3453ed894b62c293686ca3c1e319dde9d0aa489a4b59a9594fc2328bc3deff3c8a0929a369a72b1180a596e016b5ded
t-v2-bit-45-3	9d8663faeb6ab14a239bfc652648b34f783c2e99f758c0e1b6f4f863f9419b5640e03c6081cb0111a2bf7ae238e6f7ea55b73935a214e1555ddd534f0e1ba7ab5bf4097879ce6a7a7281daf64dfdaab5fc444c75f6f5dc96ac4ff36eb067665b71eecc188f2cc179b0e9686cd35a84f02031837f582cd17a9af9e0c7ef5a6540e3453ed894b62c293686ca3c1e319dde9d0aa489a4b59a9594fc2328bc3deff3c8a0929a369a72b1180a596e016b5ded
t-v2-bit-45-4	9d8663faeb6ab14a239bfc652648b34f783c2e99f758c0e1b6f4f863f9419b56c776ca78e1e0e4b137b29bce55d906502ebd565fda5da50f2750dbbdf8cedb8748c0e3ef1617e010f5c1c28457ba76ba1ac94d0dbae6dbed2e44483cf9eca2aea73c8a5840785cd9f251599019a565682031837f582cd17a9af9e0c7ef5a6540e3453ed894b62c293686ca3c1e319dde9d0aa489a4b59a9594fc2328bc3deff3c8a0929a369a72b1180a596e016b5ded
t-v2-bit-45-5	9d8663faeb6ab14a239bfc652648b34f783c2e99f758c0e1b6f4f863f9419b569d90d7e25b69639ee433a2858f9c8ee225bcde407c929a459a0669852a5eb5d579136d60a43411c6517b3b7cf7fa7d4361ff8a81845f017ee9f20c48e22767409e111b35d3ad74c84034a1268a8687332031837f582cd17a9af9e0c7ef5a6540e3453ed894b62c293686ca3c1e319dde9d0aa489a4b59a9594fc2328bc3deff3c8a0929a369a72b1180a596e016b5ded
t-v2-bit-45-6	9d8663faeb6ab14a239bfc652648b34f783c2e99f758c0e1b6f4f863f9419b5604bc35da5a35a4806aa179d9e3680670ee114ce83a55a04cbd191e1255591520f5de93cc31eeff2bebac4675e53840eb30e7de6897aab644aaced2b49648c386db3c3eafe92020e4957bad443dc2967a2031837f582cd17a9af9e0c7ef5a6540e3453ed894b62c293686ca3c1e319dde9d0aa489a4b59a9594fc2328bc3deff3c8a0929a369a72b1180a596e016b5ded
t-v2-bit-45-7	9d8663faeb6ab14a239bfc652648b34f783c2e99f758c0e1b6f4f863f9419b565b8d7b7af21a6ccaa4f6f856250e011a8653d1a088217a8e867672874d9caa74320f3530460222a356579d453a62c60baa9e3f20ac3a5b219e6efec591368183da2b42143b95972d6cb7fe39e0df984f2031837f582cd17a9af9e0c7ef5a6540e3453ed894b62c293686ca3c1e319dde9d0aa489a4b59a9594fc2328bc3deff3c8a0929a369a72b1180a596e016b5ded
t-v2-bit-46-0	9d8663faeb6ab14a239bfc652648b34f783c2e99f758c0e1b6f4f863f9419b5648b1d1ba46cd33e0eeca3c22c7f4e67cad5cc352d95adafc4e0f3e60b043d4894ddf248d72663ce208ca45076278183688f407e35aa3c410f8e5d8b2718c6e1783f79661404aac12bc12a0530b77869d2031837f582cd17a9af9e0c7ef5a6540e3453ed894b62c293686ca3c1e319dde9d0aa489a4b59a9594fc2328bc3deff3c8a0929a369a72b1180a596e016b5ded
t-v2-bit-46-1	9d8663faeb6ab14a239bfc652648b34f783c2e99f758c0e1b6f4f863f9419b565da74272a1fbf9d4259e7c59ab34be5894b465e3a2e89b69e92792eb4d40a84cee26555c924a671c1eb7ed3bc2d08be930170b6bd5e7f70f23cad78a91c73a0df8ede2f0522866363714ec161020e9642031837f582cd17a9af9e0c7ef5a6540e3453ed894b62c293686ca3c1e319dde9d0aa489a4b59a9594fc2328bc3deff3c8a0929a369a72b1180a596e016b5ded
t-v2-bit-46-2	9d8663faeb6ab14a239bfc652648b34f783c2e99f758c0e1b6f4f863f9419b567299f6e534caf77dd04066068f9c9dffde16bb6b2a6df452db65426d353b074fb08741124864e48d137a7018f848c73290321049a11ea568240f07639f3d1cf67bfda5e92751e805dca61071cb72bc232031837f582cd17a9af9e0c7ef5a6540e3453ed894b62c293686ca3c1e319dde9d0aa489a4b59a9594fc2328bc3deff3c8a0929a369a72b1180a596e016b5ded
t-v2-bit-46-3	9d8663faeb6ab14a239bfc652648b34f783c2e99f758c0e1b6f4f863f9419b56f1278d0550832ad4b94e55ff6ed95c409ff0d33bd3094fd4471ab923520e17e734aa73ee81ff4a910e10de30fe1d987bf853563430e43cb0026e0c3c2b9f7f3e90d3b8a5f34156d583a47eae1b975dc12031837f582cd17a9af9e0c7ef5a6540e3453ed894b62c293686ca3c1e319dde9d0aa489a4b59a9594fc2328bc3deff3c8a0929a369a72b1180a596e016b5ded
t-v2-bit-46-4	9d8663faeb6ab14a239bfc652648b34f783c2e99f758c0e1b6f4f863f9419b5623c6a5fbb97f1b94390e2b2ef51bbca02eb2e1b5471dc24b17599ae96f41a1c5cf569e781f8a25fd6cee201e0d7faaf9790bfcb09b73a91112125a011057833df1fe52d5dc932427a53ac36e5f6c848e2031837f582cd17a9af9e0c7ef5a6540e3453ed894b62c293686ca3c1e319dde9d0aa489a4b59a9594fc2328bc3deff3c8a0929a369a72b1180a596e016b5ded
t-v2-bit-46-5	9d8663faeb6ab14a239bfc652648b34f783c2e99f758c0e1b6f4f863f9419b56a89236bb1addf67691b64a7b483ff826eaec74f3912f71486a6b90dae8fff148829dce7fdafba6921664952fcc0cf948bc92ce3659656fc550b3791671ea4791217c4ff7f287078fb0cde73921f4c1b92031837f582cd17a9af9e0c7ef5a6540e3453ed894b62c293686ca3c1e319dde9d0aa489a4b59a9594fc2328bc3deff3c8a0929a369a72b1180a596e016b5ded
t-v2-bit-46-6	9d8663faeb6ab14a239bfc652648b34f783c2e99f758c0e1b6f4f863f9419b562c4b997c5d7bc8665dbe989c63fe42d3d87cb871cd97656bb2ad43de0a03a857072d465eae09b36b26efeb1f0c5abf019b69b520f7ea0e915d942fa48b77ae766694b8866575d425e001be3c42a979982031837f582cd17a9af9e0c7ef5a6540e3453ed894b62c293686ca3c1e319dde9d0aa489a4b59a9594fc2328bc3deff3c8a0929a369a72b1180a596e016b5ded
t-v2-bit-46-7	9d8663faeb6ab14a239bfc652648b34f783c2e99f758c0e1b6f4f863f9419b56edea484807549a2d415ac5f1a00d8e6e0424842586ee7041f0fef3b42248584d2bdec7a13ce440ad6b330672b6aaa40881f5e6815491105b957a27978e1e055ce06430faf4a4b327b88bfa8e305b476b2031837f582cd17a9af9e0c7ef5a6540e3453ed894b62c293686ca3c1e319dde9d0aa489a4b59a9594fc2328bc3deff3c8a0929a369a72b1180a596e016b5ded
t-v2-bit-47-0	9d8663faeb6ab14a239bfc652648b34f783c2e99f758c0e1b6f4f863f9419b56940e1d4bac523634e9c1ed2dff9f1b4458c9dbc1b181f72401cf0fa2e5ef36a681d0a46ed564be28885305c9fe14e98323736e5a9b4ada1b9a986614d9dfb4de47c07ff43a92b905b6f7e0726b82db902031837f582cd17a9af9e0c7ef5a6540e3453ed894b62c293686ca3c1e319dde9d0aa489a4b59a9594fc2328bc3deff3c8a0929a369a72b1180a596e016b5ded
t-v2-bit-47-1	9d8663faeb6ab14a239bfc652648b34f783c2e99f758c0e1b6f4f863f9419b56bd8bb156cf99e0026029d46c6ee773c917228f8eff872a9a431db9d2b737bfcc2b77a40853cb358630315034e464cd5cc8219e7c2e6e8c4dfd37a867465c2dc165f00a3c8a360ca9c819ebabb34c61ba2031837f582cd17a9af9e0c7ef5a6540e3453ed894b62c293686ca3c1e319dde9d0aa489a4b59a9594fc2328bc3deff3c8a0929a369a72b1180a596e016b5ded
t-v2-bit-47-2	9d8663faeb6ab14a239bfc652648b34f783c2e99f758c0e1b6f4f863f9419b56c9a428dce7e1539572ee1d13cfe79531491daccc2bcc487f6b7fdd04c4327fc7d027204ca4ecb038aab2ed3a6a14de03bcc21753a383b8bb18fcdd5e12b1f8cf77bb8da1c2f5e2f7a58b3e5ab12b43ee2031837f582cd17a9af9e0c7ef5a6540e3453ed894b62c293686ca3c1e319dde9d0aa489a4b59a9594fc2328bc3deff3c8a0929a369a72b1180a596e016b5ded
t-v2-bit-47-3	9d8663faeb6ab14a239bfc652648b34f783c2e99f758c0e1b6f4f863f9419b56e9764cf1c7715a5588bb43e60531d59356f2e95769cad3e9b34648a9a5b534aae05d39e896c693ebd3983b43ae90da198721b9261134a91764cd67c8ce29b276ebfc0a4643ecd54aebba98b698494d9a2031837f582cd17a9af9e0c7ef5a6540e3453ed894b62c293686ca3c1e319dde9d0aa489a4b59a9594fc2328bc3deff3c8a0929a369a72b1180a596e016b5ded
t-v2-bit-47-4	9d8663faeb6ab14a239bfc652648b34f783c2e99f758c0e1b6f4f863f9419b56e2a04513d458defb8270943eaf3f04e6133aa83481494f982b3091eac592792c83d33b511aad4d4fd3fea705b50bdf4fa254579dbe460443409adad3bc527be79eed30de7f7f02108728a08efce0b00b2031837f582cd17a9af9e0c7ef5a6540e3453ed894b62c293686ca3c1e319dde9d0aa489a4b59a9594fc2328bc3deff3c8a0929a369a72b1180a596e016b5ded
t-v2-bit-47-5	9d8663faeb6ab14a239bfc652648b34f783c2e99f758c0e1b6f4f863f9419b56c6dd6c8b888a6cb65a9749dd41efacd96952d38bb7f2af2469121cc800172e473144b70d86e5e8c60e5490f94d4a18cb24a739b4389dd733bb67e1e7b4c60692da2f65c6972746144634af07febcffb82031837f582cd17a9af9e0c7ef5a6540e3453ed894b62c293686ca3c1e319dde9d0aa489a4b59a9594fc2328bc3deff3c8a0929a369a72b1180a596e016b5ded
t-v2-bit-47-6	9d8663faeb6ab14a239bfc652648b34f783c2e99f758c0e1b6f4f863f9419b56c7d6b95d8dfe2e5290db084d71c89cdfababdfa3871c5dd40a6212ebb73b9c7845840d0b8d0b77542594ea9fb19f0e3349556b2c5b38783f2ba4b8072790fc5d1cc6d3d13f1a7b86c41a21a2fc8700f32031837f582cd17a9af9e0c7ef5a6540e3453ed894b62c293686ca3c1e319dde9d0aa489a4b59a9594fc2328bc3deff3c8a0929a369a72b1180a596e016b5ded
t-v2-bit-47-7	9d8663faeb6ab14a239bfc652648b34f783c2e99f758c0e1b6f4f863f9419b56b45e382f3bee3df81b75efc38be092465f428fe13ec8a891bb69c89b3d220b3b7315c2648020dff0361bdb4b342df7891e187cfbe3e36a31cf298dbbe89a86894548ecb787a299af3b628e8a47c4c37b2031837f582cd17a9af9e0c7ef5a6540e3453ed894b62c293686ca3c1e319dde9d0aa489a4b59a9594fc2328bc3deff3c8a0929a369a72b1180a596e016b5ded
t-v2-bit-48-0	9d8663faeb6ab14a239bfc652648b34f783c2e99f758c0e1b6f4f863f9419b565a20e9958d2de4a13088c0de47d5f724d2b4682a0e3d8708ad6e1156aa8da5081a145d51d9e2dae6f749ee4effeeb0db1764f44bf85cd1aaea1fbb1eecc9a3f632b58d99bf4341c1d3e54f28e1a783fd2031837f582cd17a9af9e0c7ef5a6540e3453ed894b62c293686ca3c1e319dde9d0aa489a4b59a9594fc2328bc3deff3c8a0929a369a72b1180a596e016b5ded
t-v2-bit-48-1	9d8663faeb6ab14a239bfc652648b34f783c2e99f758c0e1b6f4f863f9419b564cc66bdf93dca180170ef8781706454ada76d0dfc1efc371a2fd4cf1bf262b487cb7f0dff51f684b64ca48e6b4dc264ce73d8133ed967d664b1aa8e61d0ef4d412f0fb5cfe35721206d244aa8d3ccbd52031837f582cd17a9af9e0c7ef5a6540e3453ed894b62c293686ca3c1e319dde9d0aa489a4b59a9594fc2328bc3deff3c8a0929a369a72b1180a596e016b5ded
t-v2-bit-48-2	9d8663faeb6ab14a239bfc652648b34f783c2e99f758c0e1b6f4f863f9419b567b46f84ee16abc49c5f23558aba60d2a75c2c48405ee9b234e6748ce5a9e0bbf2a9e028949d3176e3ed8f197e29c74ec3f3634a1344d4299799e9c14af19e86fe81d0d3e434670b9a9468619d2765ca72031837f582cd17a9af9e0c7ef5a6540e3453ed894b62c293686ca3c1e319dde9d0aa489a4b59a9594fc2328bc3deff3c8a0929a369a72b1180a596e016b5ded
t-v2-bit-48-3	9d8663faeb6ab14a239bfc652648b34f783c2e99f758c0e1b6f4f863f9419b56237064387f375a99300d5fdc413ec7776213cde78eb68a395829a658a2dbf01ead023b8e07d9813936b6967f16c27ad5614f83696c9700c2b4d168e7a6b29459b83e9fa555723616885ba79c14cad35f2031837f582cd17a9af9e0c7ef5a6540e3453ed894b62c293686ca3c1e319dde9d0aa489a4b59a9594fc2328bc3deff3c8a0929a369a72b1180a596e016b5ded
t-v2-bit-48-4	9d8663faeb6ab14a239bfc652648b34f783c2e99f758c0e1b6f4f863f9419b5603eea442eabcec571f0c1021389dec87f31a248b94f62e007c5331a5c78c456d82feff362ace9abd5a65347407a33cdf5e769dde352165f0ea990467c442ecd9d2bc46db01f209692ddc52b636e0e0ff2031837f582cd17a9af9e0c7ef5a6540e3453ed894b62c293686ca3c1e319dde9d0aa489a4b59a9594fc2328bc3deff3c8a0929a369a72b1180a596e016b5ded
t-v2-bit-48-5	9d8663faeb6ab14a239bfc652648b34f783c2e99f758c0e1b6f4f863f9419b566d23014883762bc3c28bed498dd7f35801859b224e2d1f2925a770a56dad7891da314d97c98fed08fa84b31d8e8b92de0dad5dbcca78af798096e782f98808fe4bbb048802d5feeb1d6bc0ae24da051e2031837f582cd17a9af9e0c7ef5a6540e3453ed894b62c293686ca3c1e319dde9d0aa489a4b59a9594fc2328bc3deff3c8a0929a369a72b1180a596e016b5ded
t-v2-bit-48-6	9d8663faeb6ab14a239bfc652648b34f783c2e99f758c0e1b6f4f863f9419b562108f577f65f073dbde658c994c454c25b3742b8ac4ef625e36383a4f16dd0441818b95c7e5ea2125dcedb2b525233f4eb85d47167d96351717cefe858d794da8b2fd5db5d7f849ae64a79d2c220aa0e2031837f582cd17a9af9e0c7ef5a6540e3453ed894b62c293686ca3c1e319dde9d0aa489a4b59a9594fc2328bc3deff3c8a0929a369a72b1180a596e016b5ded
t-v2-bit-48-7	9d8663faeb6ab14a239bfc652648b34f783c2e99f758c0e1b6f4f863f9419b56d1dad7a6464cdeeaca20f4d5be3d0bc6566990844606ced5ebd18dc29cfbbcc36fc024e27ad0cdbac3941ab470163fd0ff3c139edb8e41a9abefe8399bc8ba6f14c9b3f92772daa0522e4daf68ce412d2031837f582cd17a9af9e0c7ef5a6540e3453ed894b62c293686ca3c1e319dde9d0aa489a4b59a9594fc2328bc3deff3c8a0929a369a72b1180a596e016b5ded
t-v2-bit-49-0	9d8663faeb6ab14a239bfc652648b34f783c2e99f758c0e1b6f4f863f9419b56177e566741f15ffa8d8365304ef5cbefab95ca814bc3aceb1e5bfdddb5b39608138b2c515c65394158cc2906709fe5e37cc7d98cf0dc0f574bc94ba26234b33af92432fb6452fbac90a81e0b0ac925482031837f582cd17a9af9e0c7ef5a6540e3453ed894b62c293686ca3c1e319dde9d0aa489a4b59a9594fc2328bc3deff3c8a0929a369a72b1180a596e016b5ded
t-v2-bit-49-1	9d8663faeb6ab14a239bfc652648b34f783c2e99f758c0e1b6f4f863f9419b561936ae7610723c736d59f2aae5584208ee23515eb8f0fa59eebbb58d6ad421e32eb330317c26032bc044d2d77b9fc79cab12a9dea259e52a47df740fe350eeacb2b5d70bf7b7a93feeeb4444315704ed2031837f582cd17a9af9e0c7ef5a6540e3453ed894b62c293686ca3c1e319dde9d0aa489a4b59a9594fc2328bc3deff3c8a0929a369a72b1180a596e016b5ded
t-v2-bit-49-2	9d8663faeb6ab14a239bfc652648b34f783c2e99f758c0e1b6f4f863f9419b56136b5572b791dd23f15468e6c609b4fd7a52cdd7f8334829d40da14641eea6da0bd39d35862b2353450057ac4f2d027a32b4cdf6c42044ad1d2a18dac1680f7af26a4a67cd5347013f6c20b7fcca6b342031837f582cd17a9af9e0c7ef5a6540e3453ed894b62c293686ca3c1e319dde9d0aa489a4b59a9594fc2328bc3deff3c8a0929a369a72b1180a596e016b5ded
t-v2-bit-49-3	9d8663faeb6ab14a239bfc652648b34f783c2e99f758c0e1b6f4f863f9419b56fbad4476f23d9fd3c32668c938e5c0f7f864789e23c031a127630dd94df7dc6384bf47296b827f871c52dd6714501cee7df5c17614e105fa93ad286163602e6f915a3ae67633b4f4b65aef310d94ff412031837f582cd17a9af9e0c7ef5a6540e3453ed894b62c293686ca3c1e319dde9d0aa489a4b59a9594fc2328bc3deff3c8a0929a369a72b1180a596e016b5ded
t-v2-bit-49-4	9d8663faeb6ab14a239bfc652648b34f783c2e99f758c0e1b6f4f863f9419b564b32b8d59bc820026a4847c4faa0cfcab59a8095a93b8abb69179c03cd947211b5a8c8f0d80f371a97bb9c884549e93a866e8e9debf97e68245cc79601894f6310fa1044875653088771f1391480ffd82031837f582cd17a9af9e0c7ef5a6540e3453ed894b62c293686ca3c1e319dde9d0aa489a4b59a9594fc2328bc3deff3c8a0929a369a72b1180a596e016b5ded
t-v2-bit-49-5	9d8663faeb6ab14a239bfc652648b34f783c2e99f758c0e1b6f4f863f9419b566553d5628d8b3ab03a9549efd9f72710b8cf27b0f47b5ddeeb36f0bbe25232a84b4574283a4aa1cc106e6affa5b1b65d91125088dd427f82742e4440a6fb20dbc9379277ab4ccc0c945df5acf3ba4f4d2031837f582cd17a9af9e0c7ef5a6540e3453ed894b62c293686ca3c1e319dde9d0aa489a4b59a9594fc2328bc3deff3c8a0929a369a72b1180a596e016b5ded
t-v2-bit-49-6	9d8663faeb6ab14a239bfc652648b34f783c2e99f758c0e1b6f4f863f9419b56f5ef0889cd10ab502c0a3a0b7933be8c60ac183a876a4d8294071563d1a805d6094f9e42300dbaad962a260b553872d33d00b478b0ef0f78e4efe218d690b3b28b51d07fc2aea5773bcbf25a5fb7bfa82031837f582cd17a9af9e0c7ef5a6540e3453ed894b62c293686ca3c1e319dde9d0aa489a4b59a9594fc2328bc3deff3c8a0929a369a72b1180a596e016b5ded
t-v2-bit-49-7	9d8663faeb6ab14a239bfc652648b34f783c2e99f758c0e1b6f4f863f9419b56db77da50c7af06ceef5b1c9cb480620a71b50f4155e8d29f61129b8889ddb584d1275a0c8a3192eb35495e03507f8ffc7ab9ec9e4b2250eb9044d677ee9a47451c06ae33d2f3c767f551d5d89eded9432031837f582cd17a9af9e0c7ef5a6540e3453ed894b62c293686ca3c1e319dde9d0aa489a4b59a9594fc2328bc3deff3c8a0929a369a72b1180a596e016b5ded
t-v2-bit-50-0	9d8663faeb6ab14a239bfc652648b34f783c2e99f758c0e1b6f4f863f9419b56627a9256f7612caa95ee749837d18332cb2d6135f3db9dd842974c8d5ef097ad14a07f1c826d65e0a2644ae305c2c533135c80687c5992fa4d58b8cb74fd2a0bc4839553f8cc0f271a4b5fdd647fd3b62031837f582cd17a9af9e0c7ef5a6540e3453ed894b62c293686ca3c1e319dde9d0aa489a4b59a9594fc2328bc3deff3c8a0929a369a72b1180a596e016b5ded
t-v2-bit-50-1	9d8663faeb6ab14a239bfc652648b34f783c2e99f758c0e1b6f4f863f9419b5661b8d25aeb8084568aff6ed1991fe18beeef95ccf8c1d47d4269de6870d3e6f774fa1d58aff8231e0454641c9cde5edc2a0aa2416928d643898afd562f7229370010b4ec600e149661c2329a1ab0feaf2031837f582cd17a9af9e0c7ef5a6540e3453ed894b62c293686ca3c1e319dde9d0aa489a4b59a9594fc2328bc3deff3c8a0929a369a72b1180a596e016b5ded
t-v2-bit-50-2	9d8663faeb6ab14a239bfc652648b34f783c2e99f758c0e1b6f4f863f9419b56acaf150b20be3669017039d6aa42819182dce3b2bc4e17ced31b51354478f7a5e47a7af8429ed4b39b534442fea959dba674fda432fcc542f37ee1e420b8aedcbeb186280bf4d248376e617786d030032031837f582cd17a9af9e0c7ef5a6540e3453ed894b62c293686ca3c1e319dde9d0aa489a4b59a9594fc2328bc3deff3c8a0929a369a72b1180a596e016b5ded
t-v2-bit-50-3	9d8663faeb6ab14a239bfc652648b34f783c2e99f758c0e1b6f4f863f9419b567a7e8e0893d028b52172b5011dcf91e35dd29305f3ce34e23e7317641734a361a2324a3a042116a2e129fbab4c87703ae0354c8ee4397aa6e1091954b84e91c77fa858ae49eff456a2a686798121c1cc2031837f582cd17a9af9e0c7ef5a6540e3453ed894b62c293686ca3c1e319dde9d0aa489a4b59a9594fc2328bc3deff3c8a0929a369a72b1180a596e016b5ded
t-v2-bit-50-4	9d8663faeb6ab14a239bfc652648b34f783c2e99f758c0e1b6f4f863f9419b5611257453e53a956428d149f15330543b7b8f6f0808f7ed950248d2ad927c5a638f1336c23a7be230bfaa8ee6f2be8cddd0ce73aecf11dbb6b569a95e398ffe8fc6017ed2d45a59897a89ecc2a7b0ea9d2031837f582cd17a9af9e0c7ef5a6540e3453ed894b62c293686ca3c1e319dde9d0aa489a4b59a9594fc2328bc3deff3c8a0929a369a72b1180a596e016b5ded
t-v2-bit-50-5	9d8663faeb6ab14a239bfc652648b34f783c2e99f758c0e1b6f4f863f9419b56cabcf8f9d28bf91292372aa9e0db60747c25f9b10c75e732959dc85a33cdd66a69d9ecbc1b3f7255175e6a25916f5a4a86f1f12bb916ab31531ec7619fa3b13d371f11759810f6ff2899fe2afba42ce92031837f582cd17a9af9e0c7ef5a6540e3453ed894b62c293686ca3c1e319dde9d0aa489a4b59a9594fc2328bc3deff3c8a0929a369a72b1180a596e016b5ded
t-v2-bit-50-6	9d8663faeb6ab14a239bfc652648b34f783c2e99f758c0e1b6f4f863f9419b56deace5827c5e0ecd77d9cc0441b3cf25797dbf92f2d5fa984fcd14462d71d58f396b03e73a6ace0fdd12d4678e9d3fb067bbe63d88feb047f68b12feb51f7d80ed74e8bb32196c5d66874b42f02909e72031837f582cd17a9af9e0c7ef5a6540e3453ed894b62c293686ca3c1e319dde9d0aa489a4b59a9594fc2328bc3deff3c8a0929a369a72b1180a596e016b5ded
t-v2-bit-50-7	9d8663faeb6ab14a239bfc652648b34f783c2e99f758c0e1b6f4f863f9419b569eba58851b19d47ea5a43b1310d11fba508da2d14999c70292c8b8dfbbdfe4313a34e3f09fccdca3b916a733105ec9aa68ff52456952fd630f6ff393d6c910d319d9b3683793d79e9eddc91e1905779b2031837f582cd17a9af9e0c7ef5a6540e3453ed894b62c293686ca3c1e319dde9d0aa489a4b59a9594fc2328bc3deff3c8a0929a369a72b1180a596e016b5ded
t-v2-bit-51-0	9d8663faeb6ab14a239bfc652648b34f783c2e99f758c0e1b6f4f863f9419b56b5e558edf970a8124620a920e226428dd1c2c5de49cf4ecd10acdf9a3fe13a1905e676efee2d4f0ca0c5a0751372c9b7d2b44168afeb3d2c4a33c30fd8623710efeff1b470d3ea2fe555d4565e35220d2031837f582cd17a9af9e0c7ef5a6540e3453ed894b62c293686ca3c1e319dde9d0aa489a4b59a9594fc2328bc3deff3c8a0929a369a72b1180a596e016b5ded
t-v2-bit-51-1	9d8663faeb6ab14a239bfc652648b34f783c2e99f758c0e1b6f4f863f9419b56b1c19c8d47725170dc692e75ff01f9bfe2271343af89ffb1660d000322252454553b39e23878e91c88afe854df07eea5d4fe4929a21260f82f9f105e7350bbc7a518875edf9d136944a426e909de4a932031837f582cd17a9af9e0c7ef5a6540e3453ed894b62c293686ca3c1e319dde9d0aa489a4b59a9594fc2328bc3deff3c8a0929a369a72b1180a596e016b5ded
t-v2-bit-51-2	9d8663faeb6ab14a239bfc652648b34f783c2e99f758c0e1b6f4f863f9419b56849b4285d26900ecfffcffd01989e731c9183533c3e18422d625edd1e0f76d96e21ed43d119999cff8437a8a2d9d6f1283d30c9beda2fe118c0085b025614f1d140efb72cd9cb53a396dbe86bc5cd2a32031837f582cd17a9af9e0c7ef5a6540e3453ed894b62c293686ca3c1e319dde9d0aa489a4b59a9594fc2328bc3deff3c8a0929a369a72b1180a596e016b5ded
t-v2-bit-51-3	9d8663faeb6ab14a239bfc652648b34f783c2e99f758c0e1b6f4f863f9419b564e5d80022e5fbcd9523021bebdc27356b6a37d688a7c1ed7b17427c0f99509f55efabb9e1cdf81cdd3ba22bf96964b8426488c9acf1d49d285a58b953fdd676942bb99858f0ad160debd2e9587e234222031837f582cd17a9af9e0c7ef5a6540e3453ed894b62c293686ca3c1e319dde9d0aa489a4b59a9594fc2328bc3deff3c8a0929a369a72b1180a596e016b5ded
t-v2-bit-51-4	9d8663faeb6ab14a239bfc652648b34f783c2e99f758c0e1b6f4f863f9419b56a23480e1cd1299b2625d3a8a7ff7ce041352523e0369f0cb84cb38e6c164984226a555af933608c93f07d3fe98bcdabf067a9721a2487cde13a7985ad56bf707a5a51b964cd2be1ff8f738a22a4cc2202031837f582cd17a9af9e0c7ef5a6540e3453ed894b62c293686ca3c1e319dde9d0aa489a4b59a9594fc2328bc3deff3c8a0929a369a72b1180a596e016b5ded
t-v2-bit-51-5	9d8663faeb6ab14a239bfc652648b34f783c2e99f758c0e1b6f4f863f9419b56657340aad53ebacfb31377a0bd1591759d04dbfb42b024934be99dfc8b80eebc0be17eb550d66305848a1e88d966418a74612d23798c75130cf453587562909dcf27f6dccc7dcf4f50154bc794a881332031837f582cd17a9af9e0c7ef5a6540e3453ed894b62c293686ca3c1e319dde9d0aa489a4b59a9594fc2328bc3deff3c8a0929a369a72b1180a596e016b5ded
t-v2-bit-51-6	9d8663faeb6ab14a239bfc652648b34f783c2e99f758c0e1b6f4f863f9419b56f9011cca7977f1e30aabb3965c917cafb7e293b89d0295125d16e4a475b268ae9c6f1a16f7e759cfbe8b0a4aa44e38ef7ddb970cbc8f43b3ace17db855aa0eeefc072fb9ac50cc60ed5b2b1b233d76972031837f582cd17a9af9e0c7ef5a6540e3453ed894b62c293686ca3c1e319dde9d0aa489a4b59a9594fc2328bc3deff3c8a0929a369a72b1180a596e016b5ded
t-v2-bit-51-7	9d8663faeb6ab14a239bfc652648b34f783c2e99f758c0e1b6f4f863f9419b566b23fb05bc9b22ed5e4760bffd75e5a150ed650c48b680a532ed6c0fad9137a117291fdb06deda00f3c9ee72a9366c2b959fc01c4641e7874105f31c0dfe0e04d1d76748d4ba2e78f166d52ad824d6632031837f582cd17a9af9e0c7ef5a6540e3453ed894b62c293686ca3c1e319dde9d0aa489a4b59a9594fc2328bc3deff3c8a0929a369a72b1180a596e016b5ded
t-v2-bit-52-0	9d8663faeb6ab14a239bfc652648b34f783c2e99f758c0e1b6f4f863f9419b565e1f3324054dff8db340c5230ae37fd961fcf72dff634689d87501bb1fe300677b6e6a80d3e519ba51196c5e1f93726243e2eb541150bb883885b9897e1276c68447f139958c59ec14f4a4e10634f8162031837f582cd17a9af9e0c7ef5a6540e3453ed894b62c293686ca3c1e319dde9d0aa489a4b59a9594fc2328bc3deff3c8a0929a369a72b1180a596e016b5ded
t-v2-bit-52-1	9d8663faeb6ab14a239bfc652648b34f783c2e99f758c0e1b6f4f863f9419b568f5a3917f847a09240117696bfe178360f6980c2e70a4571417846e711fce7a797e100acf5d9bdd2e76c5cd7a6bfcea4c91fc4161f38892ee32d38c4c46706b44846eb0ab93d13a553aa4beade994c862031837f582cd17a9af9e0c7ef5a6540e3453ed894b62c293686ca3c1e319dde9d0aa489a4b59a9594fc2328bc3deff3c8a0929a369a72b1180a596e016b5ded
t-v2-bit-52-2	9d8663faeb6ab14a239bfc652648b34f783c2e99f758c0e1b6f4f863f9419b563708427595ec6647402d4a73228418af63e0a2af0711d6f11b97cbf66d977753673a26bc8a143fc0ae08bde0b37cecec9923da3939c236a4da9d9600f3108e6e8f5afe8580fd76e8704dd9836e52ddba2031837f582cd17a9af9e0c7ef5a6540e3453ed894b62c293686ca3c1e319dde9d0aa489a4b59a9594fc2328bc3deff3c8a0929a369a72b1180a596e016b5ded
t-v2-bit-52-3	9d8663faeb6ab14a239bfc652648b34f783c2e99f758c0e1b6f4f863f9419b56a22bfb0135ad4c29b7fee16cc5c964538c0c60d1da15d459987d2d781cbbbbb9d80b28845de7c0156c2b3d8a62eb3de990f585168ca1c1b66413f00af69ad0e3f5d866dbfcd825f87532b61fef9213c82031837f582cd17a9af9e0c7ef5a6540e3453ed894b62c293686ca3c1e319dde9d0aa489a4b59a9594fc2328bc3deff3c8a0929a369a72b1180a596e016b5ded
t-v2-bit-52-4	9d8663faeb6ab14a239bfc652648b34f783c2e99f758c0e1b6f4f863f9419b560cbba7935e95d354378a168011c5064aa3ade33727739bb488ff372259042db05d466bc2f24960b3d9dd89f9812a89edeac20cbdaac19ceb96169ea3a0c018fed8c1c15ff817a229a312c678f61975e62031837f582cd17a9af9e0c7ef5a6540e3453ed894b62c293686ca3c1e319dde9d0aa489a4b59a9594fc2328bc3deff3c8a0929a369a72b1180a596e016b5ded
t-v2-bit-52-5	9d8663faeb6ab14a239bfc652648b34f783c2e99f758c0e1b6f4f863f9419b56ffaf340170609ef997234922ffc94670078af2f7f9291d5844b6f2cc77191370b88a4f8a0f4eb8cd9dea57be24a34866c9cef337c272d98dbf324d0d1eb1e5de787300ddc82f6d3a9f6f34ea4265b7a62031837f582cd17a9af9e0c7ef5a6540e3453ed894b62c293686ca3c1e319dde9d0aa489a4b59a9594fc2328bc3deff3c8a0929a369a72b1180a596e016b5ded
t-v2-bit-52-6	9d8663faeb6ab14a239bfc652648b34f783c2e99f758c0e1b6f4f863f9419b56f97fa8ed6c03dc88e0cdf168949452991de8269e5e9eb38fbe6c2316ca06d2e4bc0207bd1d61f5b9e27f34250c8c9d2e92db690a75411258c77fbcc01bb5c5e018c597530049ead4d1fa6fe3932589c12031837f582cd17a9af9e0c7ef5a6540e3453ed894b62c293686ca3c1e319dde9d0aa489a4b59a9594fc2328bc3deff3c8a0929a369a72b1180a596e016b5ded
t-v2-bit-52-7	9d8663faeb6ab14a239bfc652648b34f783c2e99f758c0e1b6f4f863f9419b56d84e6284e6746631c3c6fdffe248da0aede4c218227e08fb48ab6d79f3c5862e5e1b4838c6611cced864670f3622e746e098e3f4ca8bade173c7086cd77645a0d42d6ed823e8ec616294f470482ea7bf2031837f582cd17a9af9e0c7ef5a6540e3453ed894b62c293686ca3c1e319dde9d0aa489a4b59a9594fc2328bc3deff3c8a0929a369a72b1180a596e016b5ded
t-v2-bit-53-0	9d8663faeb6ab14a239bfc652648b34f783c2e99f758c0e1b6f4f863f9419b56adf22fc4b53959368fc0b9c9e5eed8c4163c7e4f37e4b24ba12c1a1343cf2a1d4066a88346e503018cde4731bd4136f5c7e33d326a65779b9c69ff13ea8f2c606c62b0b52926f4acf9c28dbe00487b6d2031837f582cd17a9af9e0c7ef5a6540e3453ed894b62c293686ca3c1e319dde9d0aa489a4b59a9594fc2328bc3deff3c8a0929a369a72b1180a596e016b5ded
t-v2-bit-53-1	9d8663faeb6ab14a239bfc652648b34f783c2e99f758c0e1b6f4f863f9419b562dff324bc0904effdec42d24ea5d85303b097d36a72a18ab2c2469a1d06a271e5f3d1345126a787fccbac517ffabb4763ac39a8485a74ca3a446d7f833fc66d34c4885330f034bcfd53c8af3e737f3c72031837f582cd17a9af9e0c7ef5a6540e3453ed894b62c293686ca3c1e319dde9d0aa489a4b59a9594fc2328bc3deff3c8a0929a369a72b1180a596e016b5ded
t-v2-bit-53-2	9d8663faeb6ab14a239bfc652648b34f783c2e99f758c0e1b6f4f863f9419b5608a0aa5ef5e1161c3fc2c27c8a98d16cd9968ab0e8f765fd1ae83bb52acf8543a8f61dc01203d70d65d6f949734e93e606e77702dbe86ab9a127fdb31ece04f165ef7e4a63c5e26e7be67eeddaf1c5952031837f582cd17a9af9e0c7ef5a6540e3453ed894b62c293686ca3c1e319dde9d0aa489a4b59a9594fc2328bc3deff3c8a0929a369a72b1180a596e016b5ded
t-v2-bit-53-3	9d8663faeb6ab14a239bfc652648b34f783c2e99f758c0e1b6f4f863f9419b56f828b7321e7705212d28aa6c6792f50d2b08c83d65fbc32c6fc829f76d17e553984675d45c6e6b2045120f89e7b89e616e6f791640a9a751b95da591002b40b871c9a4f729ef83d05709547a3048db572031837f582cd17a9af9e0c7ef5a6540e3453ed894b62c293686ca3c1e319dde9d0aa489a4b59a9594fc2328bc3deff3c8a0929a369a72b1180a596e016b5ded
t-v2-bit-53-4	9d8663faeb6ab14a239bfc652648b34f783c2e99f758c0e1b6f4f863f9419b56ba8b31b21f2aee3f0733ddcf0bd98627b9c4a5339fbad9370d8b09dc220aa60aa057c83b7e46d16c50b7fab4a2f55bbfb61678133a9ee6671fb32bfa09da7002b7f85b8b84a6b2dd82d8c2db931c63342031837f582cd17a9af9e0c7ef5a6540e3453ed894b62c293686ca3c1e319dde9d0aa489a4b59a9594fc2328bc3deff3c8a0929a369a72b1180a596e016b5ded
t-v2-bit-53-5	9d8663faeb6ab14a239bfc652648b34f783c2e99f758c0e1b6f4f863f9419b5642140a8e8c06025e0d7148dc05a07dcc4b0940f1c0ad1d82d68fbcdb328ce8c075038329d14220cd0b293a1fdf1684ee037f98a59505781346ace902d978d17f255a0d9c7af6171e6a8abf5a2d10078c2031837f582cd17a9af9e0c7ef5a6540e3453ed894b62c293686ca3c1e319dde9d0aa489a4b59a9594fc2328bc3deff3c8a0929a369a72b1180a596e016b5ded
t-v2-bit-53-6	9d8663faeb6ab14a239bfc652648b34f783c2e99f758c0e1b6f4f863f9419b569ed2e6d26005f6de396f0525a9505446d0c47db7e3dff352a662e00411becde0c52ec30ffbd64dd7f296e56c6fee0201aec774a7d00cd6ae839160f61b0950579eb726fb0e8131c529dbf0b9fe887e432031837f582cd17a9af9e0c7ef5a6540e3453ed894b62c293686ca3c1e319dde9d0aa489a4b59a9594fc2328bc3deff3c8a0929a369a72b1180a596e016b5ded
t-v2-bit-53-7	9d8663faeb6ab14a239bfc652648b34f783c2e99f758c0e1b6f4f863f9419b5615921c49a4ae4224534901002ac72591003d0c548494e6d1f7bbcf688953a78c2c65dd8adf9be3b2117e8b6dff5277ad1aa81c1c0a9bba49f39dd2c6ea7ff0445deb3944916a2e6188d052744482cb5b2031837f582cd17a9af9e0c7ef5a6540e3453ed894b62c293686ca3c1e319dde9d0aa489a4b59a9594fc2328bc3deff3c8a0929a369a72b1180a596e016b5ded
t-v2-bit-54-0	9d8663faeb6ab14a239bfc652648b34f783c2e99f758c0e1b6f4f863f9419b56aeb552eab8c542eb54cafa9c4e9e2fc4fd7e4f0fcb80502ae5f5fba0577be5aab651ba312d31b869fb09666c3782854455e36f8cba6d2e3094c02fc2ff88de91290e23f82f985503f117f5c41b4e46bf2031837f582cd17a9af9e0c7ef5a6540e3453ed894b62c293686ca3c1e319dde9d0aa489a4b59a9594fc2328bc3deff3c8a0929a369a72b1180a596e016b5ded
t-v2-bit-54-1	9d8663faeb6ab14a239bfc652648b34f783c2e99f758c0e1b6f4f863f9419b56fd15baf7681e5807145d59808b61e853a698c06dd6b2e88888dc22e5b9bdae47739f7e6c3257ab1e4d303e712b31a0b3b645436ec427cbc5093644e21d027eb235e3ac6b28c4c2fbd3b7743caf80af9b2031837f582cd17a9af9e0c7ef5a6540e3453ed894b62c293686ca3c1e319dde9d0aa489a4b59a9594fc2328bc3deff3c8a0929a369a72b1180a596e016b5ded
t-v2-bit-54-2	9d8663faeb6ab14a239bfc652648b34f783c2e99f758c0e1b6f4f863f9419b56608cc5b741fe78047ad6763cc90190e671e2e85e5932abe608806bbaa0c34131a08c171cddb679a54b6c40cd4c8e9280d908447202aeb4fb295229c43ab5d18f80e979d6ab0b495d88dbf41550f091da2031837f582cd17a9af9e0c7ef5a6540e3453ed894b62c293686ca3c1e319dde9d0aa489a4b59a9594fc2328bc3deff3c8a0929a369a72b1180a596e016b5ded
t-v2-bit-54-3	9d8663faeb6ab14a239bfc652648b34f783c2e99f758c0e1b6f4f863f9419b5626ba0d9b18d7fa86f8ae834b8e4f8766548a2596876c40c5a3830a41e9b12c06798582b2d355443d2b62d3625a26db87041984bdca913e58d07e702b5b78d45dce442c0db5ae7d491900a755bf76b1272031837f582cd17a9af9e0c7ef5a6540e3453ed894b62c293686ca3c1e319dde9d0aa489a4b59a9594fc2328bc3deff3c8a0929a369a72b1180a596e016b5ded
t-v2-bit-54-4	9d8663faeb6ab14a239bfc652648b34f783c2e99f758c0e1b6f4f863f9419b5650d31b7d0b52946fe7115a9e621d595fb20d57bac74892340f0f5d17b0285e19b8bf2cc8a1964737a573b2e58e6803e53fd34aa2bf8ac09e3ec7c6c0cd8a55d081af6127200a8540142f1d28b6a0c6e52031837f582cd17a9af9e0c7ef5a6540e3453ed894b62c293686ca3c1e319dde9d0aa489a4b59a9594fc2328bc3deff3c8a0929a369a72b1180a596e016b5ded
t-v2-bit-54-5	9d8663faeb6ab14a239bfc652648b34f783c2e99f758c0e1b6f4f863f9419b566a315262e8e442425ef91154503574a7590edbca44c126561c936f0c892197d7f53a903178913216d27e6a820130af9629365b7051234b84a2cfaadfa11e564bc0f5b18dbbd7c91fc0406abf080e85292031837f582cd17a9af9e0c7ef5a6540e3453ed894b62c293686ca3c1e319dde9d0aa489a4b59a9594fc2328bc3deff3c8a0929a369a72b1180a596e016b5ded
t-v2-bit-54-6	9d8663faeb6ab14a239bfc652648b34f783c2e99f758c0e1b6f4f863f9419b5689cb2ec7232a0c461eb5a8b6c4063453bfa5f2f01729a5fe56d1c5f6a58104ca6fce607cfc62b3a55f4222e4343a51ad7b6032679b86f63748a61860761172406516945d92a1551f69be33cc32c6caff2031837f582cd17a9af9e0c7ef5a6540e3453ed894b62c293686ca3c1e319dde9d0aa489a4b59a9594fc2328bc3deff3c8a0929a369a72b1180a596e016b5ded
t-v2-bit-54-7	9d8663faeb6ab14a239bfc652648b34f783c2e99f758c0e1b6f4f863f9419b56832b9a75da3ec2467ebf02d75c2a1d6bb608dc0fcd8edcedc124e4490467f9ec917d5b0a596f38837f6254785a0d8c63c997172012e2999949c3675dee591014cfb1ea69f968928ab7064c8f35a64fd92031837f582cd17a9af9e0c7ef5a6540e3453ed894b62c293686ca3c1e319dde9d0aa489a4b59a9594fc2328bc3deff3c8a0929a369a72b1180a596e016b5ded
t-v2-bit-55-0	9d8663faeb6ab14a239bfc652648b34f783c2e99f758c0e1b6f4f863f9419b5690b7aa0b1e70ad04acc0f61abab6feb5d4713730fab884d8262e923ebd5eb1f85348276500d5e91a68fa9c291ef1cdc71aa7c614efdc19fcde456a9164011cf09a3f51d1f5b6bcd58e13187217dfdac92031837f582cd17a9af9e0c7ef5a6540e3453ed894b62c293686ca3c1e319dde9d0aa489a4b59a9594fc2328bc3deff3c8a0929a369a72b1180a596e016b5ded
t-v2-bit-55-1	9d8663faeb6ab14a239bfc652648b34f783c2e99f758c0e1b6f4f863f9419b56bc72235ecc4d91795110f9b99552b870c4cdde85fac7e559d048b45208a95142cea3f0fd89f54b643b1fb1dbcd40445dbc290ff2d899eef7078b9785b13d85331e924c9f732542acbf4c9f90096c67d72031837f582cd17a9af9e0c7ef5a6540e3453ed894b62c293686ca3c1e319dde9d0aa489a4b59a9594fc2328bc3deff3c8a0929a369a72b1180a596e016b5ded
t-v2-bit-55-2	9d8663faeb6ab14a239bfc652648b34f783c2e99f758c0e1b6f4f863f9419b56d70d54728dc791433fb275600eaaeb3d42609a39f1b27b1045248a0667f291eeb91995695a84056b48f3184cddeeef0b53162a052b20bdb6e158a242b7bc9ff4833fbc0c801016c5dfac48e9e04fd9322031837f582cd17a9af9e0c7ef5a6540e3453ed894b62c293686ca3c1e319dde9d0aa489a4b59a9594fc2328bc3deff3c8a0929a369a72b1180a596e016b5ded
t-v2-bit-55-3	9d8663faeb6ab14a239bfc652648b34f783c2e99f758c0e1b6f4f863f9419b56582f97e68fe4054b0636b1ef89057d65210c98f4c4f8c9631c8efb15e4736719294fd08555877f46c430b2c90126bde953e20cdab6f3c1bf8172ac9f544169c7cd9305fa0d76c847370ca2f6f5ba451f2031837f582cd17a9af9e0c7ef5a6540e3453ed894b62c293686ca3c1e319dde9d0aa489a4b59a9594fc2328bc3deff3c8a0929a369a72b1180a596e016b5ded
t-v2-bit-55-4	9d8663faeb6ab14a239bfc652648b34f783c2e99f758c0e1b6f4f863f9419b56c12846f6c177307404e3c476588ca57845be07a9fa6c73fdab4ce90fcad4813a1140c482da013e96198f7082016e5cce2cce3f4f7981745f4c02fd93800aa5c5d765d05ca49bbbd96fda76135acd5ca82031837f582cd17a9af9e0c7ef5a6540e3453ed894b62c293686ca3c1e319dde9d0aa489a4b59a9594fc2328bc3deff3c8a0929a369a72b1180a596e016b5ded
t-v2-bit-55-5	9d8663faeb6ab14a239bfc652648b34f783c2e99f758c0e1b6f4f863f9419b560e901efdbe2bc9a1d59329d5cad70f6b154f4087a4a4e630f4688947955802925082156b9231ba78ad971cf322605b1b65112dfc651883a2e4baae6513bb8c0e4e46f470870c103f4c4940d4377a498b2031837f582cd17a9af9e0c7ef5a6540e3453ed894b62c293686ca3c1e319dde9d0aa489a4b59a9594fc2328bc3deff3c8a0929a369a72b1180a596e016b5ded
t-v2-bit-55-6	9d8663faeb6ab14a239bfc652648b34f783c2e99f758c0e1b6f4f863f9419b5648998a6b131b815d32a6d44ae9b209872c066cabfb5dd51f6bbdf9e2928a97cac72e86c8713d22050ebb062f75e8647f24399ec1676514364e3db4254e6c9d6be698111d45d05b99548a8ce6b2bb67b22031837f582cd17a9af9e0c7ef5a6540e3453ed894b62c293686ca3c1e319dde9d0aa489a4b59a9594fc2328bc3deff3c8a0929a369a72b1180a596e016b5ded
t-v2-bit-55-7	9d8663faeb6ab14a239bfc652648b34f783c2e99f758c0e1b6f4f863f9419b568ef487ec982cb87e5840a980cae7c4d55b903f3498956d73c5786e72ef5d8f70568cd7b9b67f1e7f1e5a8f639e182b362a8dbda657790bc7585d7b75332d3dd4f5912eff2bfb3ebf01ed23de254e4ddf2031837f582cd17a9af9e0c7ef5a6540e3453ed894b62c293686ca3c1e319dde9d0aa489a4b59a9594fc2328bc3deff3c8a0929a369a72b1180a596e016b5ded
t-v2-bit-56-0	9d8663faeb6ab14a239bfc652648b34f783c2e99f758c0e1b6f4f863f9419b56ad0df8cea2ba516e9a270f5d586d1fa14a3064331cc561a5d18a9e4b7a1cb79352144202bf0fe37a22cb7122967d1f454c05f57a429f0d9bfb734d41710ae80cb726ea806e7ed7e2670d8d91b88c51142031837f582cd17a9af9e0c7ef5a6540e3453ed894b62c293686ca3c1e319dde9d0aa489a4b59a9594fc2328bc3deff3c8a0929a369a72b1180a596e016b5ded
t-v2-bit-56-1	9d8663faeb6ab14a239bfc652648b34f783c2e99f758c0e1b6f4f863f9419b5688c1e927b66575c7f96b0db9fc502f4c4bc498a133a42ac0fd01dbf66cda0e7512ca901ad64e052d1bcfb57435434d9f66878d98b7d3507e7548396eca46bd3c1e3b3128124c7607bf2852e7635001e82031837f582cd17a9af9e0c7ef5a6540e3453ed894b62c293686ca3c1e319dde9d0aa489a4b59a9594fc2328bc3deff3c8a0929a369a72b1180a596e016b5ded
t-v2-bit-56-2	9d8663faeb6ab14a239bfc652648b34f783c2e99f758c0e1b6f4f863f9419b56dc4c6b340d4e5e65b8ed3e0a790e8ffd4eb735e374e81003994b717eb6f05406f3e930bcaee603ceafd25809aef33580af07b73622bd9c7173d9ea3ffdb277be20bee5406537bf430e103e0267a42c812031837f582cd17a9af9e0c7ef5a6540e3453ed894b62c293686ca3c1e319dde9d0aa489a4b59a9594fc2328bc3deff3c8a0929a369a72b1180a596e016b5ded
t-v2-bit-56-3	9d8663faeb6ab14a239bfc652648b34f783c2e99f758c0e1b6f4f863f9419b560742040e736849918495dfad8388ad66e4fef05b2a4f1262203db52dfb6aea24e2fbdf5eea3c23900c30372214f7fb07c5a082b1dff2304a3c065c9f4d45a149175ba07b939fc1d37400022f4c7b68852031837f582cd17a9af9e0c7ef5a6540e3453ed894b62c293686ca3c1e319dde9d0aa489a4b59a9594fc2328bc3deff3c8a0929a369a72b1180a596e016b5ded
t-v2-bit-56-4	9d8663faeb6ab14a239bfc652648b34f783c2e99f758c0e1b6f4f863f9419b568985fe3cd61bcca76cfc2e803634b74d2d48704f0dd7d18e431eb60fc4c0db314627e363c1fdd15ae9431d77d97d3f1fe57f7452d24ec28f191768daeae1063b5214d83c1d6b2571a970c98debc68d502031837f582cd17a9af9e0c7ef5a6540e3453ed894b62c293686ca3c1e319dde9d0aa489a4b59a9594fc2328bc3deff3c8a0929a369a72b1180a596e016b5ded
t-v2-bit-56-5	9d8663faeb6ab14a239bfc652648b34f783c2e99f758c0e1b6f4f863f9419b56626a2bede7a8921bb7fb223ca7385cb628eaf22b451977233a933a8982f09b60ba2ab709d97e795c50ca190bcd26752858d623642b03b3d9803f9d73768f5d0f4bd6a933d7647fcdc4cc4a5f7ed36f632031837f582cd17a9af9e0c7ef5a6540e3453ed894b62c293686ca3c1e319dde9d0aa489a4b59a9594fc2328bc3deff3c8a0929a369a72b1180a596e016b5ded
t-v2-bit-56-6	9d8663faeb6ab14a239bfc652648b34f783c2e99f758c0e1b6f4f863f9419b5657f84c0ef68cad62dd1423f3b98353fdf202daae193da08098a65d70e860d6f305901e46e7d3d04532cdfe673f6a6ff1863b628936c1d794247285a33b57229c9717a9f257655d9b0a8f21641885e8482031837f582cd17a9af9e0c7ef5a6540e3453ed894b62c293686ca3c1e319dde9d0aa489a4b59a9594fc2328bc3deff3c8a0929a369a72b1180a596e016b5ded
t-v2-bit-56-7	9d8663faeb6ab14a239bfc652648b34f783c2e99f758c0e1b6f4f863f9419b56e0b03119ad83956bb2ab51037b9e315335408f11f143161304dca3de2f28661b29684fe939cacb2bc2ff6ed141580680aa9f2cfa88fac126cbc7c7452297514394ef1a6b5866b61acc120633236d365a2031837f582cd17a9af9e0c7ef5a6540e3453ed894b62c293686ca3c1e319dde9d0aa489a4b59a9594fc2328bc3deff3c8a0929a369a72b1180a596e016b5ded
t-v2-bit-57-0	9d8663faeb6ab14a239bfc652648b34f783c2e99f758c0e1b6f4f863f9419b56f5dd5a5c0238b8f1ad33a458a46c6a4761659c7437e8cdf1a86b909d0cb4c6ace59c3446112f0003be3554b29c32b5e8d7e999bc89ce4d3a9013a8781596f46f38c898ca44a2b32fc69a71cfdadbda9a2031837f582cd17a9af9e0c7ef5a6540e3453ed894b62c293686ca3c1e319dde9d0aa489a4b59a9594fc2328bc3deff3c8a0929a369a72b1180a596e016b5ded
t-v2-bit-57-1	9d8663faeb6ab14a239bfc652648b34f783c2e99f758c0e1b6f4f863f9419b566c061495f9acf05474a42ca42fcca6702f8e2fd3dd6e10f9326c07e651af287d08cd2b96355bca3eed5dbcaf1bf20f8efc116dfc8f5fa03ce5d98d687c20b2574b9b451e9e0a8ea1d6e8fa74317fa2d32031837f582cd17a9af9e0c7ef5a6540e3453ed894b62c293686ca3c1e319dde9d0aa489a4b59a9594fc2328bc3deff3c8a0929a369a72b1180a596e016b5ded
t-v2-bit-57-2	9d8663faeb6ab14a239bfc652648b34f783c2e99f758c0e1b6f4f863f9419b56737004fc8fba58e9870cbe5e9f24af3f7cccd362354a8a504dcf924aae4924719da0fc1f61c4c660d12363994e9efa9bce1c0cd2dfe28d0b1459f2e08ac96e2b443455096f7d85d90c73375ca52c98c12031837f582cd17a9af9e0c7ef5a6540e3453ed894b62c293686ca3c1e319dde9d0aa489a4b59a9594fc2328bc3deff3c8a0929a369a72b1180a596e016b5ded
t-v2-bit-57-3	9d8663faeb6ab14a239bfc652648b34f783c2e99f758c0e1b6f4f863f9419b567747ca7982d9b9e21f05f37f9a83be84f1ba657e2fb50d28eb657e97adad34b1a99de4dc93a97ac4cab2f42d80b495119b4a8e9b34c48b6043afb8a42c498ea2759c22f0c121fdb7311f3dffe5332f1e2031837f582cd17a9af9e0c7ef5a6540e3453ed894b62c293686ca3c1e319dde9d0aa489a4b59a9594fc2328bc3deff3c8a0929a369a72b1180a596e016b5ded
t-v2-bit-57-4	9d8663faeb6ab14a239bfc652648b34f783c2e99f758c0e1b6f4f863f9419b5692d65980b941748cf2905c4b50d2e8b5997a7aba8ce5f520cd51cb513c527b3a1f8ba49f0ee940f07e607c7bba46eaf62967d9c8958f60b5e441497bb003da88494b53e27f6b094aa0bc6c503d37764e2031837f582cd17a9af9e0c7ef5a6540e3453ed894b62c293686ca3c1e319dde9d0aa489a4b59a9594fc2328bc3deff3c8a0929a369a72b1180a596e016b5ded
t-v2-bit-57-5	9d8663faeb6ab14a239bfc652648b34f783c2e99f758c0e1b6f4f863f9419b561f1775f2badb3cd0a96d815fe95f91db3039399d2ef55a2a4a41b0bd7b75af64523878ae2dc05384aafac17cca4553f7e52b682378709eab2bec41bb9d68d62016d78ecda009c195b6976afb9ea59ed82031837f582cd17a9af9e0c7ef5a6540e3453ed894b62c293686ca3c1e319dde9d0aa489a4b59a9594fc2328bc3deff3c8a0929a369a72b1180a596e016b5ded
t-v2-bit-57-6	9d8663faeb6ab14a239bfc652648b34f783c2e99f758c0e1b6f4f863f9419b56d9075c7d5a1b0819312cc2ee0793f269c00edf644730349d30f3de747cb69ea4c040c27a1802e9dab68200a87ca1308aa9e63d15160fb7dbb5dee241861a06492cd45669dba562fc846289e0637f5d602031837f582cd17a9af9e0c7ef5a6540e3453ed894b62c293686ca3c1e319dde9d0aa489a4b59a9594fc2328bc3deff3c8a0929a369a72b1180a596e016b5ded
t-v2-bit-57-7	9d8663faeb6ab14a239bfc652648b34f783c2e99f758c0e1b6f4f863f9419b5608e0ae4e7c2fc6251f9cc33503d15f4556756be366b1177b8a9fd5dea3f83c388acdec5e3d3860db5cb778e45cce0c4b1764c173a46769995c94fdad2a6fa9baa17ce2e06f5453c3ee95db48b2cd2fa12031837f582cd17a9af9e0c7ef5a6540e3453ed894b62c293686ca3c1e319dde9d0aa489a4b59a9594fc2328bc3deff3c8a0929a369a72b1180a596e016b5ded
t-v2-bit-58-0	9d8663faeb6ab14a239bfc652648b34f783c2e99f758c0e1b6f4f863f9419b56590a1bf2b8de7a432ea9cefb2a59c4844e582181b702839cab2cc92b9ad368239561caf1876734060084bfa9cfc56fa287666a335df34611fb6e9d39566c873d79a4b24190128adde3377346039f5a582031837f582cd17a9af9e0c7ef5a6540e3453ed894b62c293686ca3c1e319dde9d0aa489a4b59a9594fc2328bc3deff3c8a0929a369a72b1180a596e016b5ded
t-v2-bit-58-1	9d8663faeb6ab14a239bfc652648b34f783c2e99f758c0e1b6f4f863f9419b561f3e75466599d20da8163bda3237150501f78a4675b642ecbb2cb7cecfd4c239ef3e453c131e397a375ef79c1704a24eb2a07989e8a4003142649bf65e3e6feeb74c36be51d795d6b83d25845a281a2f2031837f582cd17a9af9e0c7ef5a6540e3453ed894b62c293686ca3c1e319dde9d0aa489a4b59a9594fc2328bc3deff3c8a0929a369a72b1180a596e016b5ded
t-v2-bit-58-2	9d8663faeb6ab14a239bfc652648b34f783c2e99f758c0e1b6f4f863f9419b56904186c27266efe63a15d9be8ccdfe9b4c67e8ae360d924671cd1973d3e786071b346818b83b2608f484bd591adba974fcc84c5aeb23a0b569f0295516f07fd1830f4d7eb4a67ecb36b1b5806de3d2082031837f582cd17a9af9e0c7ef5a6540e3453ed894b62c293686ca3c1e319dde9d0aa489a4b59a9594fc2328bc3deff3c8a0929a369a72b1180a596e016b5ded
t-v2-bit-58-3	9d8663faeb6ab14a239bfc652648b34f783c2e99f758c0e1b6f4f863f9419b56d24e0b03fdfe6015d7eb564690c23ce7c689505699e31e80efbd16a17867df8803cd93c03f4facf2e8061fd6307079124a4728f36f8cb09e5aca3a7c569f34dfd018d85a0047361c9ea3c1cfb49175582031837f582cd17a9af9e0c7ef5a6540e3453ed894b62c293686ca3c1e319dde9d0aa489a4b59a9594fc2328bc3deff3c8a0929a369a72b1180a596e016b5ded
t-v2-bit-58-4	9d8663faeb6ab14a239bfc652648b34f783c2e99f758c0e1b6f4f863f9419b567c1c963a7588c488b552d0e9d18ce0a06aebf45bd23a7333609a04f6c93616432645a3d828d8290de28fd6cd705a6382f20cba9039f118f65021b7ffc7daf8d4d603aad255d16bc9bbb7e2f00a46a6b72031837f582cd17a9af9e0c7ef5a6540e3453ed894b62c293686ca3c1e319dde9d0aa489a4b59a9594fc2328bc3deff3c8a0929a369a72b1180a596e016b5ded
t-v2-bit-58-5	9d8663faeb6ab14a239bfc652648b34f783c2e99f758c0e1b6f4f863f9419b56057449b810b8b2686dbc72cd5147ca6a0199bc67f686f87e79f9f7d6b0efa7da5b490c82535ae0efc044e0741ae0bfbcdf2fe92e7e439518f40225333c4e71ecc73417f7ac41cf41fe1052d3944d2d362031837f582cd17a9af9e0c7ef5a6540e3453ed894b62c293686ca3c1e319dde9d0aa489a4b59a9594fc2328bc3deff3c8a0929a369a72b1180a596e016b5ded
t-v2-bit-58-6	9d8663faeb6ab14a239bfc652648b34f783c2e99f758c0e1b6f4f863f9419b5624c54394d7606e238e846c2852014c8b31471856d13343cb603952b696f9ed08540f4c83a9728c1a3de8a8619cd69133bf2d5094bdf2e8b5591a7ba6fc037a0e68f5b56086b3b6cd897ec4bd1495a1252031837f582cd17a9af9e0c7ef5a6540e3453ed894b62c293686ca3c1e319dde9d0aa489a4b59a9594fc2328bc3deff3c8a0929a369a72b1180a596e016b5ded
t-v2-bit-58-7	9d8663faeb6ab14a239bfc652648b34f783c2e99f758c0e1b6f4f863f9419b56c2ee74b57a9592eb126a9ce14b1695e6a15d4abc5b0fbec7c8f2ede781cc59336d4fbb6bdc1418fb1a44a1a39b493635cbb5f4d0f27801e73fdf123c88fa2103503be8cfe3e47a6e12e69fc33a90b8b82031837f582cd17a9af9e0c7ef5a6540e3453ed894b62c293686ca3c1e319dde9d0aa489a4b59a9594fc2328bc3deff3c8a0929a369a72b1180a596e016b5ded
t-v2-bit-59-0	9d8663faeb6ab14a239bfc652648b34f783c2e99f758c0e1b6f4f863f9419b56d1e6cbec728a6eac0a4331d0d596155fdc2235cf1d7bc931e63d3ee50f52996114748928a622d50ebf8e62a6c16d1ad794afa8356191f8313432829bb6bbe1ebeb3dbe678feb4a208d6bd7e3800a56b62031837f582cd17a9af9e0c7ef5a6540e3453ed894b62c293686ca3c1e319dde9d0aa489a4b59a9594fc2328bc3deff3c8a0929a369a72b1180a596e016b5ded
t-v2-bit-59-1	9d8663faeb6ab14a239bfc652648b34f783c2e99f758c0e1b6f4f863f9419b56b27a36ed2f2b9c2443a6bf66f85d5f9a1e5746c4e50c16b0ef61ff7ca068eb9c92150200ce506bc81dfe919a57270cabc714b52c3f82a59ab9750770e50b55e4e52178e84f765d90d2e85195ab7cecba2031837f582cd17a9af9e0c7ef5a6540e3453ed894b62c293686ca3c1e319dde9d0aa489a4b59a9594fc2328bc3deff3c8a0929a369a72b1180a596e016b5ded
t-v2-bit-59-2	9d8663faeb6ab14a239bfc652648b34f783c2e99f758c0e1b6f4f863f9419b566e704d5fdf9c5427f5b279d16fc635610c7c40ae118c6d98f7a0368e05296e2696b785e485dbf43e6eea83f7205a9c841b5c92bda4fdd0ca43321c997fac277c30a668d5d94328a787a5e548d6de8a992031837f582cd17a9af9e0c7ef5a6540e3453ed894b62c293686ca3c1e319dde9d0aa489a4b59a9594fc2328bc3deff3c8a0929a369a72b1180a596e016b5ded
t-v2-bit-59-3	9d8663faeb6ab14a239bfc652648b34f783c2e99f758c0e1b6f4f863f9419b568febfad651db7eae5e20a28e56c9bd7e621c09532c69fde8fbc7165a3b5dfe7d43701efcce6435992b2dd8195f7683e7a1968717eb86b326b0bcf7bba75418452b1fb6a788feb4515f370a8816fb9e6b2031837f582cd17a9af9e0c7ef5a6540e3453ed894b62c293686ca3c1e319dde9d0aa489a4b59a9594fc2328bc3deff3c8a0929a369a72b1180a596e016b5ded
t-v2-bit-59-4	9d8663faeb6ab14a239bfc652648b34f783c2e99f758c0e1b6f4f863f9419b56219da7b095fd8ea548bc4278f4c764466d8e1266ee6cbbacec2ddee3fd960696e968e470ca08bd2075b7b591d869a861429bb691ae0f18d1dec5cbcda1ae70306d65567877d627d813ce95d497cc2a602031837f582cd17a9af9e0c7ef5a6540e3453ed894b62c293686ca3c1e319dde9d0aa489a4b59a9594fc2328bc3deff3c8a0929a369a72b1180a596e016b5ded
t-v2-bit-59-5	9d8663faeb6ab14a239bfc652648b34f783c2e99f758c0e1b6f4f863f9419b56d8e462c3542f0320b2ee979e9a868d9e20a2d605b5c54a77ff8953cfc805f286afe7b9b92cce4bc059fb5111c4c2b2bc6aa42fc3fba4b1f3eb4de32eaa5eed081f02ae756de99cecb8548f98dd8e7bbf2031837f582cd17a9af9e0c7ef5a6540e3453ed894b62c293686ca3c1e319dde9d0aa489a4b59a9594fc2328bc3deff3c8a0929a369a72b1180a596e016b5ded
t-v2-bit-59-6	9d8663faeb6ab14a239bfc652648b34f783c2e99f758c0e1b6f4f863f9419b56760794a328b4edf707b07083f233ad291c67ff5091b21b4da2475c5bd75efd073520d1332e9ce8072dd7b8b6e197cd833c9581577db4b0651dcb7e00f23cd4c284a492d115fb5f96b578c01d25fa19542031837f582cd17a9af9e0c7ef5a6540e3453ed894b62c293686ca3c1e319dde9d0aa489a4b59a9594fc2328bc3deff3c8a0929a369a72b1180a596e016b5ded
t-v2-bit-59-7	9d8663faeb6ab14a239bfc652648b34f783c2e99f758c0e1b6f4f863f9419b56edde330476a7388e3ae978b9e66fa1b168846795ed908d46325aa6195200b726b5ac6733d1fa13ab1746c59eb6355c7a82ef771ad5e586fcf3a2fa55ce4352a2b0048524a20c96faa889659e94b473272031837f582cd17a9af9e0c7ef5a6540e3453ed894b62c293686ca3c1e319dde9d0aa489a4b59a9594fc2328bc3deff3c8a0929a369a72b1180a596e016b5ded
t-v2-bit-60-0	9d8663faeb6ab14a239bfc652648b34f783c2e99f758c0e1b6f4f863f9419b56dfee7fcc941c97743521ba1a3a1668eb4764c63930a5e7344775b6206fc993623442d4c0813ff7821532a4a7284e985e1e7cfb4d9bf0ef55b0efef04f5ff05cf9f27d9d21d92a97c356b3cf16519ae5d2031837f582cd17a9af9e0c7ef5a6540e3453ed894b62c293686ca3c1e319dde9d0aa489a4b59a9594fc2328bc3deff3c8a0929a369a72b1180a596e016b5ded
t-v2-bit-60-1	9d8663faeb6ab14a239bfc652648b34f783c2e99f758c0e1b6f4f863f9419b5694e4fdc0187874a6f08e88a1af0955eeca2d6713173a551fbcae9b1e2b89fcba98c0fd871990b67c6b9d94d628fcc15ba4f5c71a1ad51d219cb0d1dbd2b5b9a4d7c690f88e52d8f240d72870db0aafab2031837f582cd17a9af9e0c7ef5a6540e3453ed894b62c293686ca3c1e319dde9d0aa489a4b59a9594fc2328bc3deff3c8a0929a369a72b1180a596e016b5ded
t-v2-bit-60-2	9d8663faeb6ab14a239bfc652648b34f783c2e99f758c0e1b6f4f863f9419b567aa279c9cb4f244927ae923adcf85527733188993baa6d017e04962cdaf9ece68640be4aac83fef723ea50dde78ea1fbbad723091fc7b1c4c2e8be1a5530b82fab0673abf854b17b1bd96cf2365f36dc2031837f582cd17a9af9e0c7ef5a6540e3453ed894b62c293686ca3c1e319dde9d0aa489a4b59a9594fc2328bc3deff3c8a0929a369a72b1180a596e016b5ded
t-v2-bit-60-3	9d8663faeb6ab14a239bfc652648b34f783c2e99f758c0e1b6f4f863f9419b56bc72fc10ff62a749dbd60aad11e9a8bdfec9b28c138f57afc3e31af9399ea73e82377352598ba6f10de65492276261a603dd472aea010201a88bd799091501a2a3e09ff8a7423e39286d53c3789ec4ac2031837f582cd17a9af9e0c7ef5a6540e3453ed894b62c293686ca3c1e319dde9d0aa489a4b59a9594fc2328bc3deff3c8a0929a369a72b1180a596e016b5ded
t-v2-bit-60-4	9d8663faeb6ab14a239bfc652648b34f783c2e99f758c0e1b6f4f863f9419b5643c7e31e65fbd8a7ab25899aa3447c093eee867223da2e051f2618d69de2f0d9b8aa1ced75577b4955fe54aae154c8e1bd2d509098685138d8972ffde1e26339920b669ecf258467e352225147bb3b892031837f582cd17a9af9e0c7ef5a6540e3453ed894b62c293686ca3c1e319dde9d0aa489a4b59a9594fc2328bc3deff3c8a0929a369a72b1180a596e016b5ded
t-v2-bit-60-5	9d8663faeb6ab14a239bfc652648b34f783c2e99f758c0e1b6f4f863f9419b56664250831caf779b5c3d549a8c78136d5d59af65be89abfb2c6569ab9d3c13c2a2ab084946ec124e2f048aae493af2db596822548356c2bc37c39035344aa7c620446d931a49a539d0c91903fc3a98182031837f582cd17a9af9e0c7ef5a6540e3453ed894b62c293686ca3c1e319dde9d0aa489a4b59a9594fc2328bc3deff3c8a0929a369a72b1180a596e016b5ded
t-v2-bit-60-6	9d8663faeb6ab14a239bfc652648b34f783c2e99f758c0e1b6f4f863f9419b56632ae186c88f0607e9351c46f62aebb71aa52d740b5bac79557f1db351f4a8e279d44892ed779ee2c22fd67c0463ad45dabcc4a22858e65d5d3bf8cd9f7e4b800da764a8219cdb369ec180e3f49f41fa2031837f582cd17a9af9e0c7ef5a6540e3453ed894b62c293686ca3c1e319dde9d0aa489a4b59a9594fc2328bc3deff3c8a0929a369a72b1180a596e016b5ded
t-v2-bit-60-7	9d8663faeb6ab14a239bfc652648b34f783c2e99f758c0e1b6f4f863f9419b569909d26c0e5066c8a189480dd6f3243cb0704d079221c3f04e5c3b89b0b2007bbfa2b3db5a5cf29aee1556cb09e8c8dd34dd3c5227da5fb70552540313e32201f2986ece25f8a19b4a9a232e9838e0512031837f582cd17a9af9e0c7ef5a6540e3453ed894b62c293686ca3c1e319dde9d0aa489a4b59a9594fc2328bc3deff3c8a0929a369a72b1180a596e016b5ded
t-v2-bit-61-0	9d8663faeb6ab14a239bfc652648b34f783c2e99f758c0e1b6f4f863f9419b56ca1be79350d2155f85c87a6b2155c94f43b24bad4aa5a99f0012b16508dbdcb0e655030f13884f878f890a7429f4096eac8d64727c8876e96f59ff2cba34da41bd79771150bb452f9be78951a57ddc742031837f582cd17a9af9e0c7ef5a6540e3453ed894b62c293686ca3c1e319dde9d0aa489a4b59a9594fc2328bc3deff3c8a0929a369a72b1180a596e016b5ded
t-v2-bit-61-1	9d8663faeb6ab14a239bfc652648b34f783c2e99f758c0e1b6f4f863f9419b564427b4263ec4dfe93efa759319090b2f282078ddfbcd4b08a1d8bcfbba23b91d50e89e12cc953b383d7f01e5636f9b101982c94c9093e70a2f36503d258c3442f7489d1aa0eaeac74d21bf469d64861e2031837f582cd17a9af9e0c7ef5a6540e3453ed894b62c293686ca3c1e319dde9d0aa489a4b59a9594fc2328bc3deff3c8a0929a369a72b1180a596e016b5ded
t-v2-bit-61-2	9d8663faeb6ab14a239bfc652648b34f783c2e99f758c0e1b6f4f863f9419b5604250e2f58b5ffb06e497c4a1c4884077772f54c096085ab87f72535c5cc10b4bf236fc58a5e717841d04b463ee6df8fb7dd4701b6cce1baacabf04f621ab03e6a32a44d7eb57e4b6d9ec67b7ad382e92031837f582cd17a9af9e0c7ef5a6540e3453ed894b62c293686ca3c1e319dde9d0aa489a4b59a9594fc2328bc3deff3c8a0929a369a72b1180a596e016b5ded
t-v2-bit-61-3	9d8663faeb6ab14a239bfc652648b34f783c2e99f758c0e1b6f4f863f9419b56e1132b9e28007ea8a7e1abae08aff9deed047f565751071ec9391a108e8553ee2e8a3c1e667821540f758d06632744f65ca423b60ec567506ed605b53db0b5a3ead00729afa1497e3f11b83a2b45fabe2031837f582cd17a9af9e0c7ef5a6540e3453ed894b62c293686ca3c1e319dde9d0aa489a4b59a9594fc2328bc3deff3c8a0929a369a72b1180a596e016b5ded
t-v2-bit-61-4	9d8663faeb6ab14a239bfc652648b34f783c2e99f758c0e1b6f4f863f9419b56b879b7a38f1e9b359a41ac495415a3ccfe256af1a30346338dc031af042e9fa5cf5c7d585cbcb4faf44f36d3b5ef5e8af5bc67d5a5c2546774bf550a7bddeb707cd32314aaccbea59ad31611f27e9a872031837f582cd17a9af9e0c7ef5a6540e3453ed894b62c293686ca3c1e319dde9d0aa489a4b59a9594fc2328bc3deff3c8a0929a369a72b1180a596e016b5ded
t-v2-bit-61-5	9d8663faeb6ab14a239bfc652648b34f783c2e99f758c0e1b6f4f863f9419b56a73cffa1492d4e22e09b91e200ecd7106fe940f17b82c1258fd7063c072fcc24301f740f0fbc62199fb227f7c199aec361799bb7ce03dc15551bff93fcbebaf9e6b192cde63449bb1e8db6ebcd7a6dcc2031837f582cd17a9af9e0c7ef5a6540e3453ed894b62c293686ca3c1e319dde9d0aa489a4b59a9594fc2328bc3deff3c8a0929a369a72b1180a596e016b5ded
t-v2-bit-61-6	9d8663faeb6ab14a239bfc652648b34f783c2e99f758c0e1b6f4f863f9419b5657729e8140ab2af35e4be1fdc326ef380aeca5a31760a8bf13d436b04ef2365552fe59e6e239569083d2951dc749fe059e2595eecf2b82aec652e46edc11ef0138572c0c3b034da633a0bd5094e921fc2031837f582cd17a9af9e0c7ef5a6540e3453ed894b62c293686ca3c1e319dde9d0aa489a4b59a9594fc2328bc3deff3c8a0929a369a72b1180a596e016b5ded
t-v2-bit-61-7	9d8663faeb6ab14a239bfc652648b34f783c2e99f758c0e1b6f4f863f9419b56abd86c86456985d7f981438f2d0778bfc963fc35cf127ffc6a0e7a6dc49dbb0ae2c0b9b479693eacacc9e9a3a30f6f2de7771ceb808c402066a0eb0cc732fa827148d458347f8dab6963d00142ad6f7d2031837f582cd17a9af9e0c7ef5a6540e3453ed894b62c293686ca3c1e319dde9d0aa489a4b59a9594fc2328bc3deff3c8a0929a369a72b1180a596e016b5ded
t-v2-bit-62-0	9d8663faeb6ab14a239bfc652648b34f783c2e99f758c0e1b6f4f863f9419b56ff430522ca775811d230377b4bab98f1b8269de2a19f419bf58a5334a8df80b9250a4989963e521a0a7be5f3b52bc8e0ccdd42fffeb9cd15879e5e393995b78a754a0422d85ad4720616edff6add22b62031837f582cd17a9af9e0c7ef5a6540e3453ed894b62c293686ca3c1e319dde9d0aa489a4b59a9594fc2328bc3deff3c8a0929a369a72b1180a596e016b5ded
t-v2-bit-62-1	9d8663faeb6ab14a239bfc652648b34f783c2e99f758c0e1b6f4f863f9419b564ad59f9e360a6c5080f5d925082c790b7a7c73247c3ffd4d60d31d18318e933cbf8cb1930155e42ce89dd57aca9845e281e84c444bbe9a211119bd74c24f7f6ef4029800bd19bc2d3fd4545b4bddc0b52031837f582cd17a9af9e0c7ef5a6540e3453ed894b62c293686ca3c1e319dde9d0aa489a4b59a9594fc2328bc3deff3c8a0929a369a72b1180a596e016b5ded
t-v2-bit-62-2	9d8663faeb6ab14a239bfc652648b34f783c2e99f758c0e1b6f4f863f9419b568811c31ce21d6703418947c45794707896021542655f37b9dda8d72ad0c84a26b55a7e9e8e9c540ba99af2d4bb7d416e3da398207d1c63f3fd219cb277e71287fbc22b0272a8236fa05d6ea4ddd979792031837f582cd17a9af9e0c7ef5a6540e3453ed894b62c293686ca3c1e319dde9d0aa489a4b59a9594fc2328bc3deff3c8a0929a369a72b1180a596e016b5ded
t-v2-bit-62-3	9d8663faeb6ab14a239bfc652648b34f783c2e99f758c0e1b6f4f863f9419b56a53ab8cfece7b57bd7ef0cb40b1c4680c9d4968a0aae9ffa3a653c15f17b0b8b49e3fcac6f5ea53bfa7ef97af635d64a3aac0daf179b1a052c167761c1d9ed63f69fa55d6c49ad61ccae19a39d4f92aa2031837f582cd17a9af9e0c7ef5a6540e3453ed894b62c293686ca3c1e319dde9d0aa489a4b59a9594fc2328bc3deff3c8a0929a369a72b1180a596e016b5ded
t-v2-bit-62-4	9d8663faeb6ab14a239bfc652648b34f783c2e99f758c0e1b6f4f863f9419b56744f407d78a109b59a0fea4f7ece48d3f1140ef900a6e35b6d69b3571f27933b27bedb4766f4b48e8a7afc1a8302aa3ff853fe805f92bf09d51f5e520ad42df70e883467ab398a1aeae5cdebacca11542031837f582cd17a9af9e0c7ef5a6540e3453ed894b62c293686ca3c1e319dde9d0aa489a4b59a9594fc2328bc3deff3c8a0929a369a72b1180a596e016b5ded
t-v2-bit-62-5	9d8663faeb6ab14a239bfc652648b34f783c2e99f758c0e1b6f4f863f9419b56a9bd04780a7c2f74afb38b1bda75580507b42388213aaf2d0e57e5248e53b7e674e30d395fd9901e212980f3e9022275ee53034c6255e59c7de94112d74a5c8283a9a03113338810703affc36e1e7f242031837f582cd17a9af9e0c7ef5a6540e3453ed894b62c293686ca3c1e319dde9d0aa489a4b59a9594fc2328bc3deff3c8a0929a369a72b1180a596e016b5ded
t-v2-bit-62-6	9d8663faeb6ab14a239bfc652648b34f783c2e99f758c0e1b6f4f863f9419b566ca21a9568bdc91a33e8715980cbb45106e299822b15b8d1800a296cdd067b4e3a668bcf6d98c75f85a6b91097886541921f331120f564f55beee1084fb9d8f4bd0f7df4dd507b1db723098f380669612031837f582cd17a9af9e0c7ef5a6540e3453ed894b62c293686ca3c1e319dde9d0aa489a4b59a9594fc2328bc3deff3c8a0929a369a72b1180a596e016b5ded
t-v2-bit-62-7	9d8663faeb6ab14a239bfc652648b34f783c2e99f758c0e1b6f4f863f9419b5637c8d5c0cce33526726a1bb1003d0036f631ee44f5e23eb52d394c4f1b8957d2c1341021b07b3c982134d94fe11211c9939f051652a91af5a0117aafe7edf304beddecd0035a189292b6bf190a0b292f2031837f582cd17a9af9e0c7ef5a6540e3453ed894b62c293686ca3c1e319dde9d0aa489a4b59a9594fc2328bc3deff3c8a0929a369a72b1180a596e016b5ded
t-v2-bit-63-0	9d8663faeb6ab14a239bfc652648b34f783c2e99f758c0e1b6f4f863f9419b56b80940b6b11c8c95e56c29ea97799d9c6da4314c8bf3f2573ae43784f17db3caaed3b4cefb5cfa9f0eb85c2de0813b0cd4c96123d14b62d264449f609909df1c043af28e31ffa5b3f6c9ea5da381f51b2031837f582cd17a9af9e0c7ef5a6540e3453ed894b62c293686ca3c1e319dde9d0aa489a4b59a9594fc2328bc3deff3c8a0929a369a72b1180a596e016b5ded
t-v2-bit-63-1	9d8663faeb6ab14a239bfc652648b34f783c2e99f758c0e1b6f4f863f9419b56a9c856a8394dc2294fe210ed5c63871dcfb01700e7f9faa2cc69b90830dfaa4a61a5536db4a401e0893ed2c66602acd88f79c1050223444c445b77b8f21f356806f7ac95d3edd1e3d740e6d31db15e0e2031837f582cd17a9af9e0c7ef5a6540e3453ed894b62c293686ca3c1e319dde9d0aa489a4b59a9594fc2328bc3deff3c8a0929a369a72b1180a596e016b5ded
t-v2-bit-63-2	9d8663faeb6ab14a239bfc652648b34f783c2e99f758c0e1b6f4f863f9419b561f12e41c6a5f26acacef438a456e15074c29dc38873253a8e02746218c97efd40702f9e7e42bb7bafa1c7c721083403e4a800b0aceac73b674eb39e4babba8caea932784f0f437bcc9a621898a9550cb2031837f582cd17a9af9e0c7ef5a6540e3453ed894b62c293686ca3c1e319dde9d0aa489a4b59a9594fc2328bc3deff3c8a0929a369a72b1180a596e016b5ded
t-v2-bit-63-3	9d8663faeb6ab14a239bfc652648b34f783c2e99f758c0e1b6f4f863f9419b56fee2a5a94887254dc9a0d8421c92ec88d18e713b9a1dd75173394c28498559427c08316d0c54b575093583be66c635bed6a1266e38bbf3b93d448b344860f4ef30f24aa1aec279e297e4c9712104ebb72031837f582cd17a9af9e0c7ef5a6540e3453ed894b62c293686ca3c1e319dde9d0aa489a4b59a9594fc2328bc3deff3c8a0929a369a72b1180a596e016b5ded
t-v2-bit-63-4	9d8663faeb6ab14a239bfc652648b34f783c2e99f758c0e1b6f4f863f9419b5622c743c70404991e672b73ad0f526d645523e1661d5ef06ab2aff372258720192410c602f2adce7ea2587cb43409bff273fa77184d8666e6dac7e3662b0d34dda9c730aa55684e3e0b82352fc097a9722031837f582cd17a9af9e0c7ef5a6540e3453ed894b62c293686ca3c1e319dde9d0aa489a4b59a9594fc2328bc3deff3c8a0929a369a72b1180a596e016b5ded
t-v2-bit-63-5	9d8663faeb6ab14a239bfc652648b34f783c2e99f758c0e1b6f4f863f9419b5620ad7b8c484b12f71b15d4f2f6281dc8958976b5ef2f88149063a95bbbe4d0749186ea676719da93e6cc94cf5cb7a7a212acf678bf4281b38931c60f0dda7ded01e7ea5a9c649b5476a38810bbc04c962031837f582cd17a9af9e0c7ef5a6540e3453ed894b62c293686ca3c1e319dde9d0aa489a4b59a9594fc2328bc3deff3c8a0929a369a72b1180a596e016b5ded
t-v2-bit-63-6	9d8663faeb6ab14a239bfc652648b34f783c2e99f758c0e1b6f4f863f9419b563d1cb5f9ab77c0e5361161f6ab512b2c9cee00248eb5e104c5627de6e4af7adfe780a016dbc0bacce01f5b9e9c125eb99bdbca9a2397cfe63320b1a94c83fda8e657d662ab3b9c43edb448febedb90972031837f582cd17a9af9e0c7ef5a6540e3453ed894b62c293686ca3c1e319dde9d0aa489a4b59a9594fc2328bc3deff3c8a0929a369a72b1180a596e016b5ded
t-v2-bit-63-7	9d8663faeb6ab14a239bfc652648b34f783c2e99f758c0e1b6f4f863f9419b5615487d1768579f596e3bc695af16e416c330615555e805078d3ef7a70b99bfa50ae130ce9c5e8f3682035343df4ba482cf24f4075dc05047d5c83dae81f9f7364fabd9c4f45c26a039a934e18ff9ab1a2031837f582cd17a9af9e0c7ef5a6540e3453ed894b62c293686ca3c1e319dde9d0aa489a4b59a9594fc2328bc3deff3c8a0929a369a72b1180a596e016b5ded
t-v2-bit-64-0	9d8663faeb6ab14a239bfc652648b34f783c2e99f758c0e1b6f4f863f9419b5669a8899977f060512b9e1b8309d0e31aa5d559a889831f4e276ef89e2416cc06a567da3aca295385fc8acaf74193914ef6d47ce980eb8b44b034adddc31dd74449225e1ff93392b1320c0af9d4d8c18d2031837f582cd17a9af9e0c7ef5a6540e3453ed894b62c293686ca3c1e319dde9d0aa489a4b59a9594fc2328bc3deff3c8a0929a369a72b1180a596e016b5ded
t-v2-bit-64-1	9d8663faeb6ab14a239bfc652648b34f783c2e99f758c0e1b6f4f863f9419b56f1dd18ccbfec1c2bd73d7348c341f0e0750088a4fadb102141ea34e1c05510c4df23866f525fac10dec9f76265101e8ba1f33b1364fb24afe0b3f972cd91d5c2c439d9f79e5da50d815d2e18b8bc59ff2031837f582cd17a9af9e0c7ef5a6540e3453ed894b62c293686ca3c1e319dde9d0aa489a4b59a9594fc2328bc3deff3c8a0929a369a72b1180a596e016b5ded
t-v2-bit-64-2	9d8663faeb6ab14a239bfc652648b34f783c2e99f758c0e1b6f4f863f9419b56463bb224bb0c0ed7912dca8a2dd187d96bfcaf559fb6bfc43bf3ddbd79b9008e34eb8e53d46699b07137853480a8599333fca8c27ae21b5333df2860d6e26634861a77d2210b5423f6de94b8d6c11e982031837f582cd17a9af9e0c7ef5a6540e3453ed894b62c293686ca3c1e319dde9d0aa489a4b59a9594fc2328bc3deff3c8a0929a369a72b1180a596e016b5ded
t-v2-bit-64-3	9d8663faeb6ab14a239bfc652648b34f783c2e99f758c0e1b6f4f863f9419b560872050d9b8f0cc0526022a550fcd4dff94c85f1ffe7b357c656b445cb332abdb66da5464b84c8a00a07e030f72518c5a886c0303ebb95a035cf5f8437df37b2432281f06499717082252ef78e1337e02031837f582cd17a9af9e0c7ef5a6540e3453ed894b62c293686ca3c1e319dde9d0aa489a4b59a9594fc2328bc3deff3c8a0929a369a72b1180a596e016b5ded
t-v2-bit-64-4	9d8663faeb6ab14a239bfc652648b34f783c2e99f758c0e1b6f4f863f9419b567362f7bc44b68244122a9f48f8d15d7850c12841d00fc779f712539cb1f2c6ee47d693df53039d0e5c7e9bcea92fce7c1cc39d065c6f94656ca4d45e68aeb89b853bc50641a4123cff062be05a26b2b42031837f582cd17a9af9e0c7ef5a6540e3453ed894b62c293686ca3c1e319dde9d0aa489a4b59a9594fc2328bc3deff3c8a0929a369a72b1180a596e016b5ded
t-v2-bit-64-5	9d8663faeb6ab14a239bfc652648b34f783c2e99f758c0e1b6f4f863f9419b56a20f2f4c24861d0992d6de19096bbb4d2de4d018959f260fb086e22203336510d7c47412bf3a8500bdfe73cc506f82c34da74129c7ee9b17329c4fda45ef32f9867973e074d1392b2cf938af7442e1b12031837f582cd17a9af9e0c7ef5a6540e3453ed894b62c293686ca3c1e319dde9d0aa489a4b59a9594fc2328bc3deff3c8a0929a369a72b1180a596e016b5ded
t-v2-bit-64-6	9d8663faeb6ab14a239bfc652648b34f783c2e99f758c0e1b6f4f863f9419b560e3f7acc5381586cd6c0161cccdca9b4243c7b46705d073a1035e91dd69403aeed68ec6dd2fc2099b62a00ec77be8fb423d14d4232edb493888f91ecd464f23b5f5c75dd6f4539957520c8cbdb3ea1812031837f582cd17a9af9e0c7ef5a6540e3453ed894b62c293686ca3c1e319dde9d0aa489a4b59a9594fc2328bc3deff3c8a0929a369a72b1180a596e016b5ded
t-v2-bit-64-7	9d8663faeb6ab14a239bfc652648b34f783c2e99f758c0e1b6f4f863f9419b56f87f073354d78d9c91caa1e452200783dba7a9a587625e0a959ee95314c543b480d344e645521f82e2ba3c8a1752d47bc5ce7301d781c011a4f557b151575504cdc8718b3335a856b1dcd28f4eb2c9fa2031837f582cd17a9af9e0c7ef5a6540e3453ed894b62c293686ca3c1e319dde9d0aa489a4b59a9594fc2328bc3deff3c8a0929a369a72b1180a596e016b5ded
t-v2-bit-65-0	9d8663faeb6ab14a239bfc652648b34f783c2e99f758c0e1b6f4f863f9419b56a2abb514550a722daa2b60d03df3170b218aea6c72379a5b3eaa253ea6c29cc0da9f3c9b31429e8fc401d60b1062a0fb614fb25ca6b62734e9436bdd80d144154137910e3e0f2ddcb17f7db6b09ee93f2031837f582cd17a9af9e0c7ef5a6540e3453ed894b62c293686ca3c1e319dde9d0aa489a4b59a9594fc2328bc3deff3c8a0929a369a72b1180a596e016b5ded
t-v2-bit-65-1	9d8663faeb6ab14a239bfc652648b34f783c2e99f758c0e1b6f4f863f9419b5699f1153bb4077ff1776839a9550b960fff4ef2ef12ba1381a49f73a5c479407ac28596d9cc61c4093f09d196fc0fa2914451af22756bc53b7f5c7a82363595123d1daa708e05e092518910d723324e962031837f582cd17a9af9e0c7ef5a6540e3453ed894b62c293686ca3c1e319dde9d0aa489a4b59a9594fc2328bc3deff3c8a0929a369a72b1180a596e016b5ded
t-v2-bit-65-2	9d8663faeb6ab14a239bfc652648b34f783c2e99f758c0e1b6f4f863f9419b5604cb5970b118c0f22fdda809e58ef4a2681531a0408c02962d123ac36bcc1e67c25a80eeaab3d519e86cf999f17bea4e77484a20831a689fb098f8f0d8036e4b9276e8c541456641f3f7bba375e68c822031837f582cd17a9af9e0c7ef5a6540e3453ed894b62c293686ca3c1e319dde9d0aa489a4b59a9594fc2328bc3deff3c8a0929a369a72b1180a596e016b5ded
t-v2-bit-65-3	9d8663faeb6ab14a239bfc652648b34f783c2e99f758c0e1b6f4f863f9419b56e31b5c8feb3468141dbc17502ef7b4355e43bb2eb1c83f519d1734616ce917a4bbb7b52ba989d51b8fc1556106f71faedf291881233977227006f2e4fda13ba5ebc3879507d58cddd8dad0da31722ac92031837f582cd17a9af9e0c7ef5a6540e3453ed894b62c293686ca3c1e319dde9d0aa489a4b59a9594fc2328bc3deff3c8a0929a369a72b1180a596e016b5ded
t-v2-bit-65-4	9d8663faeb6ab14a239bfc652648b34f783c2e99f758c0e1b6f4f863f9419b5608f928f7317d2b0e59d7fde626cd8282dd5638642584d025e8b16168fa39d9c8540697c555ebaeeabeab9e0668fcca62e50e95b0eb96606f808c21769597d488a87adef1167283bcbbbe05683300834f2031837f582cd17a9af9e0c7ef5a6540e3453ed894b62c293686ca3c1e319dde9d0aa489a4b59a9594fc2328bc3deff3c8a0929a369a72b1180a596e016b5ded
t-v2-bit-65-5	9d8663faeb6ab14a239bfc652648b34f783c2e99f758c0e1b6f4f863f9419b56bf36f2dd5a5acf66c71d256f9840166e93a50b2ddcee42a80bfad4b7de28e7b3e72ad0412866ca3eb64441d3a12926d21eb9049dcf4b41aa04e422fcf7088c10e7f040ac257255b68d8e139f6b78d9c82031837f582cd17a9af9e0c7ef5a6540e3453ed894b62c293686ca3c1e319dde9d0aa489a4b59a9594fc2328bc3deff3c8a0929a369a72b1180a596e016b5ded
t-v2-bit-65-6	9d8663faeb6ab14a239bfc652648b34f783c2e99f758c0e1b6f4f863f9419b56cb43646c52634794462c70da24a388092a045ee00d7d52675255afd92e4ecdcc8eb8df158a442b656c8e4b5d9715d955f29159ce6f92805f4a680c5f57073abb6a46d0c7e49cb232b0ad414c79f6e9eb2031837f582cd17a9af9e0c7ef5a6540e3453ed894b62c293686ca3c1e319dde9d0aa489a4b59a9594fc2328bc3deff3c8a0929a369a72b1180a596e016b5ded
t-v2-bit-65-7	9d8663faeb6ab14a239bfc652648b34f783c2e99f758c0e1b6f4f863f9419b5639625fda9fa944739d07b38af0dd35d13a4102299bdcae6848155b854317c868774ff2a8a33b0fc11161fe319227efa067f083cce1f8bd6a32a87f556e7ba57c40db97f6db777d2fb75ca348ce5077ee2031837f582cd17a9af9e0c7ef5a6540e3453ed894b62c293686ca3c1e319dde9d0aa489a4b59a9594fc2328bc3deff3c8a0929a369a72b1180a596e016b5ded
t-v2-bit-66-0	9d8663faeb6ab14a239bfc652648b34f783c2e99f758c0e1b6f4f863f9419b56f29b6317ef3827d8705694b23e737cb486043f5cbf021e4994e240fc24dbaa102da3c67505179a552f75d1dfdd44959b18451e66473015f418c18c2e51dacd20b4c0de8b6ff20baa29d48e3d5b812e4e2031837f582cd17a9af9e0c7ef5a6540e3453ed894b62c293686ca3c1e319dde9d0aa489a4b59a9594fc2328bc3deff3c8a0929a369a72b1180a596e016b5ded
t-v2-bit-66-1	9d8663faeb6ab14a239bfc652648b34f783c2e99f758c0e1b6f4f863f9419b56b8a4d3d3a7f7f57b1a8177ed1a912ef10b8bf0b16bda6b593abae02d838289847ada3388323be00dd2d206191b27121910c0eee964da0a01da4995f3cc9964ff241d625002d120a09076458a3557faff2031837f582cd17a9af9e0c7ef5a6540e3453ed894b62c293686ca3c1e319dde9d0aa489a4b59a9594fc2328bc3deff3c8a0929a369a72b1180a596e016b5ded
t-v2-bit-66-2	9d8663faeb6ab14a239bfc652648b34f783c2e99f758c0e1b6f4f863f9419b5655d7eb45596ab20ca66b6365744f6b6bd16cbdbc619b23a627248caef1a8c973b9ba5ea00a2a025258217548aef3f47dffcf0b9d6908ffe3a18a614c37b04c559971e4201f5e00a9808d43326ac7095e2031837f582cd17a9af9e0c7ef5a6540e3453ed894b62c293686ca3c1e319dde9d0aa489a4b59a9594fc2328bc3deff3c8a0929a369a72b1180a596e016b5ded
t-v2-bit-66-3	9d8663faeb6ab14a239bfc652648b34f783c2e99f758c0e1b6f4f863f9419b562ec58b0f37d2056c8e8f642c69686bb1a5d41371c4628b95266e2f8b9fdf4a9ec63ce278276aee0055362b65359ad1e97e50f1fb6ac3a1381f1d8a820b4c5b6731c43fc4465cb0bebadb546723b320852031837f582cd17a9af9e0c7ef5a6540e3453ed894b62c293686ca3c1e319dde9d0aa489a4b59a9594fc2328bc3deff3c8a0929a369a72b1180a596e016b5ded
t-v2-bit-66-4	9d8663faeb6ab14a239bfc652648b34f783c2e99f758c0e1b6f4f863f9419b568ff51f072fd47f35c0e3c4d54dda1e0ef90cc971a0eba845e2b5901ba73fd3b14e748ea461b05f8916194b6fb4bc8db289c0cd3678d99f4717015b5370e5803a3152e7ab76f27bfdb4d0ce7f34d92b202031837f582cd17a9af9e0c7ef5a6540e3453ed894b62c293686ca3c1e319dde9d0aa489a4b59a9594fc2328bc3deff3c8a0929a369a72b1180a596e016b5ded
t-v2-bit-66-5	9d8663faeb6ab14a239bfc652648b34f783c2e99f758c0e1b6f4f863f9419b56a869a993b1bfaf1d6d673aaddc1e8ab97426989ef800d0478b2722e53e9fd61161141d6a0d6ca014da20f62743f1cad5d06fc49e7962cda07e953b495f187b632120bd76c9503450b8ce9911899288c52031837f582cd17a9af9e0c7ef5a6540e3453ed894b62c293686ca3c1e319dde9d0aa489a4b59a9594fc2328bc3deff3c8a0929a369a72b1180a596e016b5ded
t-v2-bit-66-6	9d8663faeb6ab14a239bfc652648b34f783c2e99f758c0e1b6f4f863f9419b560807cd6a4e5cd08e1df737b456570c7c0361e02a3f9ab66e2b2d0d970699461227412f26ee76124daff00e64f10a6deb97a0f58bb3e16c36eb2cbc7923e265ac2495193494bf3aee85790514393f26e52031837f582cd17a9af9e0c7ef5a6540e3453ed894b62c293686ca3c1e319dde9d0aa489a4b59a9594fc2328bc3deff3c8a0929a369a72b1180a596e016b5ded
t-v2-bit-66-7	9d8663faeb6ab14a239bfc652648b34f783c2e99f758c0e1b6f4f863f9419b5671581e3ae66a8ad9d4ee385f5b50972b9ad0ab6122fad4b5bcaa084caebe83a08df34b5254bc9045b6f74f1609c3f38a1cb294852aa206fd086e484644c28471a6b60cc3a9375cd570dc0a4b7a1a7a472031837f582cd17a9af9e0c7ef5a6540e3453ed894b62c293686ca3c1e319dde9d0aa489a4b59a9594fc2328bc3deff3c8a0929a369a72b1180a596e016b5ded
t-v2-bit-67-0	9d8663faeb6ab14a239bfc652648b34f783c2e99f758c0e1b6f4f863f9419b56e3d69c759637829e6f7ae1d6f3f872c08230deb83dbbe00b0bf71767e8defb81630b20a9410538b038662b0c3da9a451bcd90705ab70865b849a2efa40ff671cbf34774d1ad758a72ee94fd702c302662031837f582cd17a9af9e0c7ef5a6540e3453ed894b62c293686ca3c1e319dde9d0aa489a4b59a9594fc2328bc3deff3c8a0929a369a72b1180a596e016b5ded
t-v2-bit-67-1	9d8663faeb6ab14a239bfc652648b34f783c2e99f758c0e1b6f4f863f9419b56368a9f10b8c29226df6c31789b2d7f5f37bd89cd6d36b96bff934639aa07384f9d6897db324cd9d419c676a1ba46cf4fd596ca68a7282910e59f2c0206099c889de7301169849b2c3e2448f965486ae22031837f582cd17a9af9e0c7ef5a6540e3453ed894b62c293686ca3c1e319dde9d0aa489a4b59a9594fc2328bc3deff3c8a0929a369a72b1180a596e016b5ded
t-v2-bit-67-2	9d8663faeb6ab14a239bfc652648b34f783c2e99f758c0e1b6f4f863f9419b56a22ea2559fe550e5a9b61c982f2ef5bf68359d4eaedbf261bad2139b8f77909ffa5b8fdd40b187e345e6f89a0f06359119f8c44a635fc00d47949034752e585575691d7aebfb7bfd6dfa27a84081013a2031837f582cd17a9af9e0c7ef5a6540e3453ed894b62c293686ca3c1e319dde9d0aa489a4b59a9594fc2328bc3deff3c8a0929a369a72b1180a596e016b5ded
t-v2-bit-67-3	9d8663faeb6ab14a239bfc652648b34f783c2e99f758c0e1b6f4f863f9419b5626e46627f6453bdbdd35422bddf8010d9d8090d3e44f0008f78fac71970ca7733bc09193da91e086f7f8cca47eae3944639505af4764c757d71415a1ec7f1bcd7962cb59bbf2661ea40ea0d1507d33162031837f582cd17a9af9e0c7ef5a6540e3453ed894b62c293686ca3c1e319dde9d0aa489a4b59a9594fc2328bc3deff3c8a0929a369a72b1180a596e016b5ded
t-v2-bit-67-4	9d8663faeb6ab14a239bfc652648b34f783c2e99f758c0e1b6f4f863f9419b56264c4d8615a24e2f88da7c5d2bee87dd77d5103b09a757d15a91db0a6ee3fe309b56f9e08321c2284a8f117c0b04760f51088d6117ef642c448e0bb465e373f6fbc87a2dda31bcd867323ae484cd20dc2031837f582cd17a9af9e0c7ef5a6540e3453ed894b62c293686ca3c1e319dde9d0aa489a4b59a9594fc2328bc3deff3c8a0929a369a72b1180a596e016b5ded
t-v2-bit-67-5	9d8663faeb6ab14a239bfc652648b34f783c2e99f758c0e1b6f4f863f9419b56dbbe13d36b0aa0e7a068542665e7ecdb29ab457f7da27ccb78961e3fb8ced793688237f53b661f11b86ed1cf9aa21e03a8901b0238b9999147c3d6c81a5f41d2f7467d256e0c34117df7e217c3d548682031837f582cd17a9af9e0c7ef5a6540e3453ed894b62c293686ca3c1e319dde9d0aa489a4b59a9594fc2328bc3deff3c8a0929a369a72b1180a596e016b5ded
t-v2-bit-67-6	9d8663faeb6ab14a239bfc652648b34f783c2e99f758c0e1b6f4f863f9419b56c95a076e422db130dba55c430eb995fc8b419076ba39878f5d6774ab6a8cd7ac8a39d1acc259deda642bd22c6021c6cfd7705cabe6d25c0e5ef78a399dd021ec4ec1b786c35dad39f56af2f4a1464ba72031837f582cd17a9af9e0c7ef5a6540e3453ed894b62c293686ca3c1e319dde9d0aa489a4b59a9594fc2328bc3deff3c8a0929a369a72b1180a596e016b5ded
t-v2-bit-67-7	9d8663faeb6ab14a239bfc652648b34f783c2e99f758c0e1b6f4f863f9419b56dcb485f6e614799342e438ef2c6af24609996d4c63a203706889e09b0f1b3b0eca5278e14c74e5b5fdcc90849c0cd766a98dbff73d4b9bda3e91df40bccfc19549c74f6adb976bf41e44e0739b4f66292031837f582cd17a9af9e0c7ef5a6540e3453ed894b62c293686ca3c1e319dde9d0aa489a4b59a9594fc2328bc3deff3c8a0929a369a72b1180a596e016b5ded
t-v2-bit-68-0	9d8663faeb6ab14a239bfc652648b34f783c2e99f758c0e1b6f4f863f9419b56450c10c3eac52984093fde7da4d1147a4b7962d838f28f979798b27421bf4c00d51e6228c470e51e9e24608e0232ccc84d7e773cd4a0c9bc2774670085f9006fb1639e9b740506ae627f05a0d5b9b6562031837f582cd17a9af9e0c7ef5a6540e3453ed894b62c293686ca3c1e319dde9d0aa489a4b59a9594fc2328bc3deff3c8a0929a369a72b1180a596e016b5ded
t-v2-bit-68-1	9d8663faeb6ab14a239bfc652648b34f783c2e99f758c0e1b6f4f863f9419b56f97aae9a7c9fadb11714486d64f70d65e7fb582a842fdf75e5ab65c15b3a2d87c3615f61cd0961b07217ed0405628fe7e4f2debf674e5af123980a5ce3ccd4bea3f4dd75817c15f4934a8fed06699be02031837f582cd17a9af9e0c7ef5a6540e3453ed894b62c293686ca3c1e319dde9d0aa489a4b59a9594fc2328bc3deff3c8a0929a369a72b1180a596e016b5ded
t-v2-bit-68-2	9d8663faeb6ab14a239bfc652648b34f783c2e99f758c0e1b6f4f863f9419b564e139c8cc315396b4cf9880a058427d6cdafa61b5f18d337e2cf4fc9c6a587c1dc1b7099dcd043c92876e188419be9abb490d64cadf8b8bfe1e9670b268e3f65003030b92d1c5df5a022da7a81e510d42031837f582cd17a9af9e0c7ef5a6540e3453ed894b62c293686ca3c1e319dde9d0aa489a4b59a9594fc2328bc3deff3c8a0929a369a72b1180a596e016b5ded
t-v2-bit-68-3	9d8663faeb6ab14a239bfc652648b34f783c2e99f758c0e1b6f4f863f9419b56ea96a6be95b8948162bb88111c1c55a85418e4431c3e110a24fb7a98738bce1195347651c6fcb97f81502d2275ef90e4cb864722ae876dbfbc2b44eb3e0818b2864d1b7ee93ce6601a23bbac20ee06712031837f582cd17a9af9e0c7ef5a6540e3453ed894b62c293686ca3c1e319dde9d0aa489a4b59a9594fc2328bc3deff3c8a0929a369a72b1180a596e016b5ded
t-v2-bit-68-4	9d8663faeb6ab14a239bfc652648b34f783c2e99f758c0e1b6f4f863f9419b565eace7719db2789554e6e3f4c275cb3279661b8bb5e8dac2846ec14ec72142d77eafe3eef25dfc3174923b0e9f3b69aaa4fb695bf5e9f2046ac5ec5c1ccc23997c8077680661d053457ebd5129c3993f2031837f582cd17a9af9e0c7ef5a6540e3453ed894b62c293686ca3c1e319dde9d0aa489a4b59a9594fc2328bc3deff3c8a0929a369a72b1180a596e016b5ded
t-v2-bit-68-5	9d8663faeb6ab14a239bfc652648b34f783c2e99f758c0e1b6f4f863f9419b56337ca1e5b1daccf932e7d76efd237f5a38fa9928bffcb7eed0a2a704b7c577d3da875513e9a6f6b8dabf007923f0379ef0886687df923f9530be493a0233464e54fcc7873e010044c5d63b5a9e72de0a2031837f582cd17a9af9e0c7ef5a6540e3453ed894b62c293686ca3c1e319dde9d0aa489a4b59a9594fc2328bc3deff3c8a0929a369a72b1180a596e016b5ded
t-v2-bit-68-6	9d8663faeb6ab14a239bfc652648b34f783c2e99f758c0e1b6f4f863f9419b56e8f1b3f745120d25b84bb4ce4950c016bfbbc263a900e5c94d03f7da2b21f2cae4a28fde448927226b2b0127731b2dbe34f284920dd1680630d0ec9328af06b255887565eebe177a0f61a67c554438e82031837f582cd17a9af9e0c7ef5a6540e3453ed894b62c293686ca3c1e319dde9d0aa489a4b59a9594fc2328bc3deff3c8a0929a369a72b1180a596e016b5ded
t-v2-bit-68-7	9d8663faeb6ab14a239bfc652648b34f783c2e99f758c0e1b6f4f863f9419b56c69ac8dc21204a82a75af1221643df324e18c0770d3384e6601bd1ee05e0525826ed4bb7dcf7c20937e4d28ed6f5f6e6bbd5f2e0ddb49ade87c3f99a01214d7be655232b8578edbc70017bab3488efd82031837f582cd17a9af9e0c7ef5a6540e3453ed894b62c293686ca3c1e319dde9d0aa489a4b59a9594fc2328bc3deff3c8a0929a369a72b1180a596e016b5ded
t-v2-bit-69-0	9d8663faeb6ab14a239bfc652648b34f783c2e99f758c0e1b6f4f863f9419b56679aee30e2ad3ca52179eb8e57d917dbe50dd28de5c4549ee0260035a5444cd8515cf34d2eefa1eb69f97aa4ab7d26ec0308c92a7ac92a90fdec6cab27a2f1db3ac5a64af8800a44cfce46008bc0ef0e2031837f582cd17a9af9e0c7ef5a6540e3453ed894b62c293686ca3c1e319dde9d0aa489a4b59a9594fc2328bc3deff3c8a0929a369a72b1180a596e016b5ded
t-v2-bit-69-1	9d8663faeb6ab14a239bfc652648b34f783c2e99f758c0e1b6f4f863f9419b569bf3de147495449bf3bb799ad9ff0b2536e0ceb368e3963c3771432d8f9cbd45c0732e2e9a2491e8f912c92995d8d6b1711da86a121c8fa2a8612c350d56d18f7eb1b8cd9fcba663343685cefa8a78d42031837f582cd17a9af9e0c7ef5a6540e3453ed894b62c293686ca3c1e319dde9d0aa489a4b59a9594fc2328bc3deff3c8a0929a369a72b1180a596e016b5ded
t-v2-bit-69-2	9d8663faeb6ab14a239bfc652648b34f783c2e99f758c0e1b6f4f863f9419b56c690c6d43d8906d93f47f217ade9b1051ff569704b04f2d25c0bde69c5ada06fbce332c52b323699365615191d4e71aa56d5b6c18b36dd529e236fd1457c076095348be135d06fe9e71fe3509d196ba02031837f582cd17a9af9e0c7ef5a6540e3453ed894b62c293686ca3c1e319dde9d0aa489a4b59a9594fc2328bc3deff3c8a0929a369a72b1180a596e016b5ded
t-v2-bit-69-3	9d8663faeb6ab14a239bfc652648b34f783c2e99f758c0e1b6f4f863f9419b561c9fbbafaaec645081472b085753297b25f5ca95bca104d8988e99d2ea0722de851182003da85517471ccce2ebfb311606a771ac975e2c456035c62887699e1a29d1684250e27a0ceb14082e8b55cb482031837f582cd17a9af9e0c7ef5a6540e3453ed894b62c293686ca3c1e319dde9d0aa489a4b59a9594fc2328bc3deff3c8a0929a369a72b1180a596e016b5ded
t-v2-bit-69-4	9d8663faeb6ab14a239bfc652648b34f783c2e99f758c0e1b6f4f863f9419b56c6d31cbf3e2eddb46c0626afb5ab7ff74f26ec9ffc113a4936ebf9ab9037ba4a8240f5e925d0aa49994a50f4ba2b8cec0d351e0d6c903fcc95f53dc1ad2001c8fee5b6498ef3cdb0715bcb71d6dafffe2031837f582cd17a9af9e0c7ef5a6540e3453ed894b62c293686ca3c1e319dde9d0aa489a4b59a9594fc2328bc3deff3c8a0929a369a72b1180a596e016b5ded
t-v2-bit-69-5	9d8663faeb6ab14a239bfc652648b34f783c2e99f758c0e1b6f4f863f9419b5615faf90034ca15f0c7fd3fdd0d7809066fa1a83baf4c749ac59c9d7c323f3979341c5f51e746fe91c45690c80e85f863f8b5b32f1b3e48bb1b5024af336d32e052345a4d42361fa0c9c9306fb48e03fb2031837f582cd17a9af9e0c7ef5a6540e3453ed894b62c293686ca3c1e319dde9d0aa489a4b59a9594fc2328bc3deff3c8a0929a369a72b1180a596e016b5ded
t-v2-bit-69-6	9d8663faeb6ab14a239bfc652648b34f783c2e99f758c0e1b6f4f863f9419b560dc5845405dda1f15c02e30c5bbe4dd717862cf10df5a423a9549659bd34a435e9716880f14fa33ac6f0bba91934c8f81c629a210523d78f0f67d4e350d093e211d2ffa8830c0b5e6bfcb7be1e836fa82031837f582cd17a9af9e0c7ef5a6540e3453ed894b62c293686ca3c1e319dde9d0aa489a4b59a9594fc2328bc3deff3c8a0929a369a72b1180a596e016b5ded
t-v2-bit-69-7	9d8663faeb6ab14a239bfc652648b34f783c2e99f758c0e1b6f4f863f9419b561124aeb4f44acac801dee300fb7fcde4ae72755a9ab8ccf15deb76f81910b7e60cfe8a605956e70fc7f9872e1850e55ebb9396aa9a30f63a1604e2a0ad189ae64949de38fbc29154b076cd6029e579162031837f582cd17a9af9e0c7ef5a6540e3453ed894b62c293686ca3c1e319dde9d0aa489a4b59a9594fc2328bc3deff3c8a0929a369a72b1180a596e016b5ded
t-v2-bit-70-0	9d8663faeb6ab14a239bfc652648b34f783c2e99f758c0e1b6f4f863f9419b566b00f2690babda5166521503e72077e6467d8cc2423917246b59c1c65872eafe86f038172d67717e00f34cc9dcc9762998a0f332411f2a6b57c1c10a7af6b51e0e8e2168364c33e91dd0845fb4dc9b112031837f582cd17a9af9e0c7ef5a6540e3453ed894b62c293686ca3c1e319dde9d0aa489a4b59a9594fc2328bc3deff3c8a0929a369a72b1180a596e016b5ded
t-v2-bit-70-1	9d8663faeb6ab14a239bfc652648b34f783c2e99f758c0e1b6f4f863f9419b560cf458dfa9a0f03cad4ce0e9a7749cb861b0f1c7b476271735aff76791fef8fda49ee8202a2fe378076b464477122ca760968e556804944eca6a471d19aa30dca06c2ae9a3885a015d42344c0964d9c12031837f582cd17a9af9e0c7ef5a6540e3453ed894b62c293686ca3c1e319dde9d0aa489a4b59a9594fc2328bc3deff3c8a0929a369a72b1180a596e016b5ded
t-v2-bit-70-2	9d8663faeb6ab14a239bfc652648b34f783c2e99f758c0e1b6f4f863f9419b56f0f8fbdff6f5457e7b7e746ad5e56b06f0e67da831049b9cd9e5fd1e0716d1dd2141e2f1c4233a565ff5b78c4ddd82b66b757cf3985986c27fbb31a0e2421c79d6f4f2c2761d500a401834c17cbbfe042031837f582cd17a9af9e0c7ef5a6540e3453ed894b62c293686ca3c1e319dde9d0aa489a4b59a9594fc2328bc3deff3c8a0929a369a72b1180a596e016b5ded
t-v2-bit-70-3	9d8663faeb6ab14a239bfc652648b34f783c2e99f758c0e1b6f4f863f9419b569aaf6a0e12bbbb51f66b024c8d895fd1a69298281fc38fab9c2aba6d1bc30d712e767c8eeac5ff0782971782f5f94e5291062de8146464adaa0aaef8f3164168f171f5c08d9e817b600690c1037682302031837f582cd17a9af9e0c7ef5a6540e3453ed894b62c293686ca3c1e319dde9d0aa489a4b59a9594fc2328bc3deff3c8a0929a369a72b1180a596e016b5ded
t-v2-bit-70-4	9d8663faeb6ab14a239bfc652648b34f783c2e99f758c0e1b6f4f863f9419b560abb09c39d28c07777c2df29003cd1001263a0ccca7ea71ea3b4b9d1196f489b09e8a19f225264f5a6327b9fbc849b8cd083904aee940aa6a2b5958a7a0e9eaf1ec6ea64f543ca462200a926c3162fd62031837f582cd17a9af9e0c7ef5a6540e3453ed894b62c293686ca3c1e319dde9d0aa489a4b59a9594fc2328bc3deff3c8a0929a369a72b1180a596e016b5ded
t-v2-bit-70-5	9d8663faeb6ab14a239bfc652648b34f783c2e99f758c0e1b6f4f863f9419b56a5ef2504a03b2ba5e84369ccb4eb9539b32e9164a069c2dd595d1ed01f7aa01bafb071a53127cdc626c1f347f79900c85c2f9b69264b84013e6c2b397965de11a6baeb71b8ff8d6f8ae6811fb0b6aad22031837f582cd17a9af9e0c7ef5a6540e3453ed894b62c293686ca3c1e319dde9d0aa489a4b59a9594fc2328bc3deff3c8a0929a369a72b1180a596e016b5ded
t-v2-bit-70-6	9d8663faeb6ab14a239bfc652648b34f783c2e99f758c0e1b6f4f863f9419b5655cb87bded011fcd1af16281fd81a7bc4f9680d4717e0afd5cc88b007d90e07aa8432030d7bc0918b17bac8f8ffe99bb816a7a9aa96ccdaacda27314dd382d9745db103d8caad0813a68d15d47acc66a2031837f582cd17a9af9e0c7ef5a6540e3453ed894b62c293686ca3c1e319dde9d0aa489a4b59a9594fc2328bc3deff3c8a0929a369a72b1180a596e016b5ded
t-v2-bit-70-7	9d8663faeb6ab14a239bfc652648b34f783c2e99f758c0e1b6f4f863f9419b560e0a6966beca31b89204e2e3386851e0fb339ea56fdaa2ccf8e12fbbafa874ee0ad6b6ecbf3f4abb8ec389fe849fecfa52b6782dc5a2ff5fd9e8e194e91ebfc51ba86c94c071176c419285bd25ac858a2031837f582cd17a9af9e0c7ef5a6540e3453ed894b62c293686ca3c1e319dde9d0aa489a4b59a9594fc2328bc3deff3c8a0929a369a72b1180a596e016b5ded
t-v2-bit-71-0	9d8663faeb6ab14a239bfc652648b34f783c2e99f758c0e1b6f4f863f9419b56f42fd1506338a07b2b6ef8b373467a16651f7f486dfcc8a4222c4ad12ecec5a1485cb27f45cfbca3c9ec8352d8973375b0c9b03fc38a5ad63cde27595437f175a751fbb229bc4b721272eed5edd758842031837f582cd17a9af9e0c7ef5a6540e3453ed894b62c293686ca3c1e319dde9d0aa489a4b59a9594fc2328bc3deff3c8a0929a369a72b1180a596e016b5ded
t-v2-bit-71-1	9d8663faeb6ab14a239bfc652648b34f783c2e99f758c0e1b6f4f863f9419b56ec9fdadb7df4a7245f71a5f528cad7dcd4fd026b6cc770d204388ab40d1b426ebabdf81e5f8f9af5e48faf1e5f6a5694e4cd38ceac8f97fac19a5f1829b197a02323534e6bda84457ebbbbccbea611a72031837f582cd17a9af9e0c7ef5a6540e3453ed894b62c293686ca3c1e319dde9d0aa489a4b59a9594fc2328bc3deff3c8a0929a369a72b1180a596e016b5ded
t-v2-bit-71-2	9d8663faeb6ab14a239bfc652648b34f783c2e99f758c0e1b6f4f863f9419b56697e13ca01bce07f30f15f8673273e35b56f59eab5ec78e9f251893219811f7de4d959d9f677213880b9f3482cf92faa05aaaa087253841e31c9c9a4d623ba200e805d274e048838186860c57d45fdb92031837f582cd17a9af9e0c7ef5a6540e3453ed894b62c293686ca3c1e319dde9d0aa489a4b59a9594fc2328bc3deff3c8a0929a369a72b1180a596e016b5ded
t-v2-bit-71-3	9d8663faeb6ab14a239bfc652648b34f783c2e99f758c0e1b6f4f863f9419b56d2cdb216eabe105c679442571b1ae7511a65d4a36ec36044301c532f85c87b50ed0e22cdc4d657f5947183129f244869c37cd91147c136bce545136de3d33a5986acb314eff4b1f244b27b4f42764a982031837f582cd17a9af9e0c7ef5a6540e3453ed894b62c293686ca3c1e319dde9d0aa489a4b59a9594fc2328bc3deff3c8a0929a369a72b1180a596e016b5ded
t-v2-bit-71-4	9d8663faeb6ab14a239bfc652648b34f783c2e99f758c0e1b6f4f863f9419b5673321c5091bfb5b06baa1f6d6a40c5028bf4b7b1851553732f43d79abe91e76ee64ff8040e79b9c14ec8b3249bc2f584296e35cae17f02b1a3518ab8275f5f1bb53eaabe594c448bfab98d2e1f0cbf8f2031837f582cd17a9af9e0c7ef5a6540e3453ed894b62c293686ca3c1e319dde9d0aa489a4b59a9594fc2328bc3deff3c8a0929a369a72b1180a596e016b5ded
t-v2-bit-71-5	9d8663faeb6ab14a239bfc652648b34f783c2e99f758c0e1b6f4f863f9419b56db1080dc5270d922c28a9ee062cc6b26fca9a067746446c7f9ff26b97ea93d5a409fb719291129414fd5a56b6e4ed6f3b2ac45882da3e3a9e7b528e5bfc33d806500d327aa2e0dc12b39e9fd4486eb5b2031837f582cd17a9af9e0c7ef5a6540e3453ed894b62c293686ca3c1e319dde9d0aa489a4b59a9594fc2328bc3deff3c8a0929a369a72b1180a596e016b5ded
t-v2-bit-71-6	9d8663faeb6ab14a239bfc652648b34f783c2e99f758c0e1b6f4f863f9419b56a711b4f3147fbbcc2d3d6f6641ace53bde46c40a539afcd43668e670cf9da08f4440c249d657540b06934959e63b51cd7c329b6598081963d727d7231018f03f9f4f7d67c1f17e80e38134752e34f4892031837f582cd17a9af9e0c7ef5a6540e3453ed894b62c293686ca3c1e319dde9d0aa489a4b59a9594fc2328bc3deff3c8a0929a369a72b1180a596e016b5ded
t-v2-bit-71-7	9d8663faeb6ab14a239bfc652648b34f783c2e99f758c0e1b6f4f863f9419b5662deaf2b8ade26a2666c436bdf0eb6ccb56a64e16cbba9f1d89d9012ff8863b96f7b3b42e286067aa9d100986983c4a5be2a620a85d5fe19638fafe48f4a4a1bf845beaadd5264c4f4cff8f528b339192031837f582cd17a9af9e0c7ef5a6540e3453ed894b62c293686ca3c1e319dde9d0aa489a4b59a9594fc2328bc3deff3c8a0929a369a72b1180a596e016b5ded
t-v2-bit-72-0	9d8663faeb6ab14a239bfc652648b34f783c2e99f758c0e1b6f4f863f9419b56aca6af7e95f25f7237a9fdfe112c5dec3501e20fc42c707543b3b61642718f0bdf05f95d37163f99654b8dcf320a1bd86cd14d1780e5fea076fb41bdc92b0f81b755b02f7d6818b4aa7dc20c95582df32031837f582cd17a9af9e0c7ef5a6540e3453ed894b62c293686ca3c1e319dde9d0aa489a4b59a9594fc2328bc3deff3c8a0929a369a72b1180a596e016b5ded
t-v2-bit-72-1	9d8663faeb6ab14a239bfc652648b34f783c2e99f758c0e1b6f4f863f9419b56ce59e78277fbe1fbfb2249c084dc1a3f80b5f697feec9267c121c5d89e3aec209257980a75ff475d9ec9bcd5347e4468fcb796af86eb0d5cabeea1edd46046a2b72f23fce60d84efa3c7ca98e8dc0d7d2031837f582cd17a9af9e0c7ef5a6540e3453ed894b62c293686ca3c1e319dde9d0aa489a4b59a9594fc2328bc3deff3c8a0929a369a72b1180a596e016b5ded
t-v2-bit-72-2	9d8663faeb6ab14a239bfc652648b34f783c2e99f758c0e1b6f4f863f9419b5668eee19944bd61314c584dbf31937f1c66ec016c3e311f1be8d277ee0a9f8478c8510cee600ab147d47ec71daf8dcda21ec2c22b16693a76e4bc9daa2a9722e7c052e71b2d477aec74d8965cdd6eeb432031837f582cd17a9af9e0c7ef5a6540e3453ed894b62c293686ca3c1e319dde9d0aa489a4b59a9594fc2328bc3deff3c8a0929a369a72b1180a596e016b5ded
t-v2-bit-72-3	9d8663faeb6ab14a239bfc652648b34f783c2e99f758c0e1b6f4f863f9419b56c24e0e0d3b623f4009524a850e6a1febee17c4436a8eb1c6018601da42cb6a38b0924258fbe9b6e469cf9ba8e72607ec71a4e7732fce89e13db6bfaf81b278756002116ac2ddd91e82def5a5afa7a62e2031837f582cd17a9af9e0c7ef5a6540e3453ed894b62c293686ca3c1e319dde9d0aa489a4b59a9594fc2328bc3deff3c8a0929a369a72b1180a596e016b5ded
t-v2-bit-72-4	9d8663faeb6ab14a239bfc652648b34f783c2e99f758c0e1b6f4f863f9419b56ad75e67c152d9e40dd0db2587a8bb503b949a8099f145feaea898552f297db564849990f3fd3adbf157d5ba4210ae4cfbf9296cd6d1f89ddc2af8695c1d37761d919aed65eb8bb384d24ce4e0619a5a12031837f582cd17a9af9e0c7ef5a6540e3453ed894b62c293686ca3c1e319dde9d0aa489a4b59a9594fc2328bc3deff3c8a0929a369a72b1180a596e016b5ded
t-v2-bit-72-5	9d8663faeb6ab14a239bfc652648b34f783c2e99f758c0e1b6f4f863f9419b5628004faf3b7b043545ee731f2b9707549970c5f75f2b25ecf067419bdf3d50a512bfef031a964b159d3b408e657a15fce38aa70382bf90cc2f2a840308bfaf0ea2eebd673f6c1df5ca75baaed3b5c7242031837f582cd17a9af9e0c7ef5a6540e3453ed894b62c293686ca3c1e319dde9d0aa489a4b59a9594fc2328bc3deff3c8a0929a369a72b1180a596e016b5ded
t-v2-bit-72-6	9d8663faeb6ab14a239bfc652648b34f783c2e99f758c0e1b6f4f863f9419b568efb7f5145fbbbafccc2c62543642565d38c53d935407fb9961e52212e948a40a046c0f5c69bbb2ee3697fb5fe1e2ecf2b1a638bfb607695979b63a6a6c0aeb0aa0ecc86474ddeb0e012fda0f1fd003f2031837f582cd17a9af9e0c7ef5a6540e3453ed894b62c293686ca3c1e319dde9d0aa489a4b59a9594fc2328bc3deff3c8a0929a369a72b1180a596e016b5ded
t-v2-bit-72-7	9d8663faeb6ab14a239bfc652648b34f783c2e99f758c0e1b6f4f863f9419b56688000ffbbe7f2ebd645b7c19f03bfa4b24ef9385314d905bf553f6beae65722411f97c8aa268b9fb304ec7da792bac29e4ae53d90e49de97b74fdf7a173eb7962d318a02f747c7c81440d8f2e84f65c2031837f582cd17a9af9e0c7ef5a6540e3453ed894b62c293686ca3c1e319dde9d0aa489a4b59a9594fc2328bc3deff3c8a0929a369a72b1180a596e016b5ded
t-v2-bit-73-0	9d8663faeb6ab14a239bfc652648b34f783c2e99f758c0e1b6f4f863f9419b5625eaa660e2b296252badc2ed6b075e6b812f71ba1b03904c7005d95a75fd95138dc3b8bd09e00281b55aac2cf9a533d4b992085b84bdde89315516ab67e079550779a4e3cb822fd4601071276befb92a2031837f582cd17a9af9e0c7ef5a6540e3453ed894b62c293686ca3c1e319dde9d0aa489a4b59a9594fc2328bc3deff3c8a0929a369a72b1180a596e016b5ded
t-v2-bit-73-1	9d8663faeb6ab14a239bfc652648b34f783c2e99f758c0e1b6f4f863f9419b5656c7a3978f2b7feb3848f5de47885f57ed54673df691ec3a6b6806f9f2cd473d4bbb31433647bf62bd28f85229e2c8f463718f9de0ab65fbe6176bb1d39acd9441d8248c847a2c42d603e4bc9464b5d72031837f582cd17a9af9e0c7ef5a6540e3453ed894b62c293686ca3c1e319dde9d0aa489a4b59a9594fc2328bc3deff3c8a0929a369a72b1180a596e016b5ded
t-v2-bit-73-2	9d8663faeb6ab14a239bfc652648b34f783c2e99f758c0e1b6f4f863f9419b563a1f98c918c7bfc028a5c904a94843c096ab0dfea9da81afeab62112bb53a68c567d5b09e8526572cc08619a0a80f723106b6cf6ab67b0eae7de084549746933b8ab5f9819d627138f7a9c9ce2ebc6702031837f582cd17a9af9e0c7ef5a6540e3453ed894b62c293686ca3c1e319dde9d0aa489a4b59a9594fc2328bc3deff3c8a0929a369a72b1180a596e016b5ded
t-v2-bit-73-3	9d8663faeb6ab14a239bfc652648b34f783c2e99f758c0e1b6f4f863f9419b56c794e722c1862bb711486ae21ed95fdc896de7674e352b1ccb5cd9bdeefdcb3d7bf91174a83a9afc64525eaa6db83387c95835c4cb209d527b72f51dd28ddce968e1598d84a5fe60448a0335a954ea772031837f582cd17a9af9e0c7ef5a6540e3453ed894b62c293686ca3c1e319dde9d0aa489a4b59a9594fc2328bc3deff3c8a0929a369a72b1180a596e016b5ded
t-v2-bit-73-4	9d8663faeb6ab14a239bfc652648b34f783c2e99f758c0e1b6f4f863f9419b5641a95d10b7038d06f86e31c847e363c75b503b492c7385d4892feda4c5ca046d274829939d297ad6681fc702277f08217e91fecd724dea10cdb82d47d473b5de45efe62883810b00ffabf4bbaa4cf4192031837f582cd17a9af9e0c7ef5a6540e3453ed894b62c293686ca3c1e319dde9d0aa489a4b59a9594fc2328bc3deff3c8a0929a369a72b1180a596e016b5ded
t-v2-bit-73-5	9d8663faeb6ab14a239bfc652648b34f783c2e99f758c0e1b6f4f863f9419b56a50d41409997d350d496edb6eee9bf29d3b8bad5072eae9bac77cdeda44563cb93be4f06b8c48d623dc201f9c42fab33aa1f3b488c8878266915e92cbc8df8527468594ba1f54ed4b8f21099d8233e1a2031837f582cd17a9af9e0c7ef5a6540e3453ed894b62c293686ca3c1e319dde9d0aa489a4b59a9594fc2328bc3deff3c8a0929a369a72b1180a596e016b5ded
t-v2-bit-73-6	9d8663faeb6ab14a239bfc652648b34f783c2e99f758c0e1b6f4f863f9419b56b22b990d411405a863f13f3b4883b7c565600654fcc42f826903955b4ee350badf0adb505f6ff5020bd07882796f086df0ef9f348fcf07187565c0d826621f8a8a568ec00d28814844e17bce06432cd22031837f582cd17a9af9e0c7ef5a6540e3453ed894b62c293686ca3c1e319dde9d0aa489a4b59a9594fc2328bc3deff3c8a0929a369a72b1180a596e016b5ded
t-v2-bit-73-7	9d8663faeb6ab14a239bfc652648b34f783c2e99f758c0e1b6f4f863f9419b5675e4c68055d9856f32317d434905a944b39b9b1e0e9b3d38eeb19559043fb0ab3d72176e19051c69ee8005a17ce704c37b091e16b83170b5f12c8fd0bb878006e5363924913dd19e2c52910cd33e94c82031837f582cd17a9af9e0c7ef5a6540e3453ed894b62c293686ca3c1e319dde9d0aa489a4b59a9594fc2328bc3deff3c8a0929a369a72b1180a596e016b5ded
t-v2-bit-74-0	9d8663faeb6ab14a239bfc652648b34f783c2e99f758c0e1b6f4f863f9419b56c68f124ae100fa7ed04e1473814dfbc4c706c78c6cf0692595fc8d0c9d3d3c8ebdda346821fd6a03f30d5dfe2ca85456320e1aeb4408007503d61fff5c83fcc05b828d7d01d1f4c789ce34a56169f31c2031837f582cd17a9af9e0c7ef5a6540e3453ed894b62c293686ca3c1e319dde9d0aa489a4b59a9594fc2328bc3deff3c8a0929a369a72b1180a596e016b5ded
t-v2-bit-74-1	9d8663faeb6ab14a239bfc652648b34f783c2e99f758c0e1b6f4f863f9419b56e5387b101b45811b68a24889194767128f644a351caa98c167de1c1139680fbc7733cf21a08468c984da6b4e4eb63068079159a80ca1974d29763ea31cf5dadcaf28fa912de7e24c5a3a80893941c4892031837f582cd17a9af9e0c7ef5a6540e3453ed894b62c293686ca3c1e319dde9d0aa489a4b59a9594fc2328bc3deff3c8a0929a369a72b1180a596e016b5ded
t-v2-bit-74-2	9d8663faeb6ab14a239bfc652648b34f783c2e99f758c0e1b6f4f863f9419b56a50ff879afc38d0c382a170dd9e66bdf1b2be56566eb7558a10f2fea882c77f8f8fc98e610b6449cf33ed1fc09b12e60960989b80ed71cf0c17687a212e64b602e900dc240b34bdd059188df30c9521d2031837f582cd17a9af9e0c7ef5a6540e3453ed894b62c293686ca3c1e319dde9d0aa489a4b59a9594fc2328bc3deff3c8a0929a369a72b1180a596e016b5ded
t-v2-bit-74-3	9d8663faeb6ab14a239bfc652648b34f783c2e99f758c0e1b6f4f863f9419b56045338f658cf833bae5ab739ef68171e732be9171eda27b97011aea9e30af5cfe59f08cc1519af98dc5b8ac3e56ce83467e52e9f93dea44ee6514f1082b2c0638db9a9d3725ef975c29e768ed9f86a0e2031837f582cd17a9af9e0c7ef5a6540e3453ed894b62c293686ca3c1e319dde9d0aa489a4b59a9594fc2328bc3deff3c8a0929a369a72b1180a596e016b5ded
t-v2-bit-74-4	9d8663faeb6ab14a239bfc652648b34f783c2e99f758c0e1b6f4f863f9419b56e6f55c58a215e2f0e8566497d28445892ebcf56ccb7e3d5f1010dc5d7e3eb765cf783d2f3fbc0aa0546e8cda80039cd458dd20e35fd3cdabb4b6203f14dc89cf33d61e47ddc849886edb3e745ce318002031837f582cd17a9af9e0c7ef5a6540e3453ed894b62c293686ca3c1e319dde9d0aa489a4b59a9594fc2328bc3deff3c8a0929a369a72b1180a596e016b5ded
t-v2-bit-74-5	9d8663faeb6ab14a239bfc652648b34f783c2e99f758c0e1b6f4f863f9419b56f17dbc064f6b44cef6a5e9c93df1bdac4c63e5cdc8c62c22200f43a0ef524bb8416622fcfbd8e090899c0c20e5ebd5212a46a8d1ec2fcac9cdbb958522affbe60255ad2fdb0d0a5351d646dedc75fd202031837f582cd17a9af9e0c7ef5a6540e3453ed894b62c293686ca3c1e319dde9d0aa489a4b59a9594fc2328bc3deff3c8a0929a369a72b1180a596e016b5ded
t-v2-bit-74-6	9d8663faeb6ab14a239bfc652648b34f783c2e99f758c0e1b6f4f863f9419b56a2d9a953063c8517e1a2d254213fc9268acfe76a37a5cab1fa2d4e7e2a8918a44473ffabfa563d837d61fe8499708e2e55957166abcd15ae4b5d375870079ed0ff090e5a03b1e2b28194ca33f776f6412031837f582cd17a9af9e0c7ef5a6540e3453ed894b62c293686ca3c1e319dde9d0aa489a4b59a9594fc2328bc3deff3c8a0929a369a72b1180a596e016b5ded
t-v2-bit-74-7	9d8663faeb6ab14a239bfc652648b34f783c2e99f758c0e1b6f4f863f9419b56f46f12d0a3384a62eef5829b1b7320500220eb5e5f30f603568c1ef7df688975e6a7a66e0cd2a949404b726fdeb653cdf17050ba3e6653c90602e9063a1de559a00d2eaa65113d79551411bfc5a44c872031837f582cd17a9af9e0c7ef5a6540e3453ed894b62c293686ca3c1e319dde9d0aa489a4b59a9594fc2328bc3deff3c8a0929a369a72b1180a596e016b5ded
t-v2-bit-75-0	9d8663faeb6ab14a239bfc652648b34f783c2e99f758c0e1b6f4f863f9419b56167c4aa97cc766a911e1a637d3168f0704788d9f6a0f20f603fde0b9268a14efc52c878cac8e1ce59b0e22c81db6fbb1e804f246cc7cafd057c0c5da8832537d3e756609a190900a667e57039a87369e2031837f582cd17a9af9e0c7ef5a6540e3453ed894b62c293686ca3c1e319dde9d0aa489a4b59a9594fc2328bc3deff3c8a0929a369a72b1180a596e016b5ded
t-v2-bit-75-1	9d8663faeb6ab14a239bfc652648b34f783c2e99f758c0e1b6f4f863f9419b5634fb8a79b7b712e8f1f5384c23798983d92f40977dcc91a277106ddd65ff52e64e45960f03ae0fd33b9484a9bbd0a15c812d82e4c1a2def1eded56a77fc2495845169ef1b51a2cb58772e2436249725d2031837f582cd17a9af9e0c7ef5a6540e3453ed894b62c293686ca3c1e319dde9d0aa489a4b59a9594fc2328bc3deff3c8a0929a369a72b1180a596e016b5ded
t-v2-bit-75-2	9d8663faeb6ab14a239bfc652648b34f783c2e99f758c0e1b6f4f863f9419b56d1afa80d4def812f8978a6ad0ff6a59436cd4f5c6fb2a47b8465cc5d4a21f2904dcc3e08d43025dc2d19dec70370b14ad823055f0d527d5dc99c980f1564254a429df8dbcbda5302a92c5ccfaf2d05ac2031837f582cd17a9af9e0c7ef5a6540e3453ed894b62c293686ca3c1e319dde9d0aa489a4b59a9594fc2328bc3deff3c8a0929a369a72b1180a596e016b5ded
t-v2-bit-75-3	9d8663faeb6ab14a239bfc652648b34f783c2e99f758c0e1b6f4f863f9419b5641a7e4696dd93160b412d41cce8e7ebcdb4f298ef865014b3ab99828e4a2a51eae4d2b26db5fcb9f610e9c37e0da38617b62e6d6dc96a58e99893536613eedda049975b80553bf768d2425276227c8ce2031837f582cd17a9af9e0c7ef5a6540e3453ed894b62c293686ca3c1e319dde9d0aa489a4b59a9594fc2328bc3deff3c8a0929a369a72b1180a596e016b5ded
t-v2-bit-75-4	9d8663faeb6ab14a239bfc652648b34f783c2e99f758c0e1b6f4f863f9419b56be298333545956c4f870d096fd760ea2ec72c8a036e91d4d20c07feb9a322baa215ada629d4d4cf948b762c9def96fa0b4bfd2468f56194b0d0c25cd52391fe31b255e6c780f531ced7d570a70b2abcf2031837f582cd17a9af9e0c7ef5a6540e3453ed894b62c293686ca3c1e319dde9d0aa489a4b59a9594fc2328bc3deff3c8a0929a369a72b1180a596e016b5ded
t-v2-bit-75-5	9d8663faeb6ab14a239bfc652648b34f783c2e99f758c0e1b6f4f863f9419b56f05d4eaa252280c63c95584ca2922a0e519232e0d70abf316bf7d30c5e03bb0dbb4aa3421245aef7ce3fb37dbbcde3fa8ac6eba1ffa03b4bae5087322edb35b6f38d4ae29a7447e1c03aff37b2f6bdc32031837f582cd17a9af9e0c7ef5a6540e3453ed894b62c293686ca3c1e319dde9d0aa489a4b59a9594fc2328bc3deff3c8a0929a369a72b1180a596e016b5ded
t-v2-bit-75-6	9d8663faeb6ab14a239bfc652648b34f783c2e99f758c0e1b6f4f863f9419b562cddb2da827d883d83df41d35cc3234b3b6d68698be7476e90deb24dbc4ba78f4b197bae4d8045b8820321f2021ed7276ff00008a54ba70b15ebe080a5d0a79b3acd505e3cbf658b8ed864e5da91eb042031837f582cd17a9af9e0c7ef5a6540e3453ed894b62c293686ca3c1e319dde9d0aa489a4b59a9594fc2328bc3deff3c8a0929a369a72b1180a596e016b5ded
t-v2-bit-75-7	9d8663faeb6ab14a239bfc652648b34f783c2e99f758c0e1b6f4f863f9419b56e6030128e0b5d5c6cf0170faf0f4ee22334ca0d5ae398f48720f18d9fc5132ab577327eba9f0f5f74a24fc9434692d72a085c6fe2fbb2db3d36bbf1fb5eab0b2a099a3fd4edf4f13c7530c4878b299092031837f582cd17a9af9e0c7ef5a6540e3453ed894b62c293686ca3c1e319dde9d0aa489a4b59a9594fc2328bc3deff3c8a0929a369a72b1180a596e016b5ded
t-v2-bit-76-0	9d8663faeb6ab14a239bfc652648b34f783c2e99f758c0e1b6f4f863f9419b56fdcc3f55ff354ec20fe5bbbedeef0c7a3bee8350a3d7698bcb22aec72dacef599ba7247ef2e3f20325073d4ce09b63a8e36fd926aed7c199c860b1fb35676d3f990d39d0788a33ed404d360a710675b32031837f582cd17a9af9e0c7ef5a6540e3453ed894b62c293686ca3c1e319dde9d0aa489a4b59a9594fc2328bc3deff3c8a0929a369a72b1180a596e016b5ded
t-v2-bit-76-1	9d8663faeb6ab14a239bfc652648b34f783c2e99f758c0e1b6f4f863f9419b567b8bae03b03dab336157257216c263852939436a93b57bda97b681262ca80b77544b0708853c9846105492ad9f62c606094cceba8c9beb4f28ca2a7253ed856d81a6fd89d458986e11813e892dbf460b2031837f582cd17a9af9e0c7ef5a6540e3453ed894b62c293686ca3c1e319dde9d0aa489a4b59a9594fc2328bc3deff3c8a0929a369a72b1180a596e016b5ded
t-v2-bit-76-2	9d8663faeb6ab14a239bfc652648b34f783c2e99f758c0e1b6f4f863f9419b566f8265f650a440f31afbdea4e6d0d0d2df0f67211bf0d7575fa3a73246bffd0a42d2dd8acbb323c9b6488d0ddbc4f445c415d7656060ac3eeee8e32ba599e9a27eb2a26d5d1547c047e1b56992ef6e762031837f582cd17a9af9e0c7ef5a6540e3453ed894b62c293686ca3c1e319dde9d0aa489a4b59a9594fc2328bc3deff3c8a0929a369a72b1180a596e016b5ded
t-v2-bit-76-3	9d8663faeb6ab14a239bfc652648b34f783c2e99f758c0e1b6f4f863f9419b5605424338e63ebbf9155674e55b432517d76ee887e795f674d7286bdf94bf7de51ac6cfa1fa306bc1c94b52a2c69f0e5a4c62773e55dfa4946759cd4ab9a08e971bb2d0c8a86c34e6cd6b614e770c12372031837f582cd17a9af9e0c7ef5a6540e3453ed894b62c293686ca3c1e319dde9d0aa489a4b59a9594fc2328bc3deff3c8a0929a369a72b1180a596e016b5ded
t-v2-bit-76-4	9d8663faeb6ab14a239bfc652648b34f783c2e99f758c0e1b6f4f863f9419b56a81f65e05dfa9932d1e778d026cb4e01e206c9ecf0d6f781fc343e6f5b56e78525a230cc875658fddc628ac295786417f0f48068cddc0ac3dde0e583b018c5f89d7f55080b254c5146e9639ab362cbef2031837f582cd17a9af9e0c7ef5a6540e3453ed894b62c293686ca3c1e319dde9d0aa489a4b59a9594fc2328bc3deff3c8a0929a369a72b1180a596e016b5ded
t-v2-bit-76-5	9d8663faeb6ab14a239bfc652648b34f783c2e99f758c0e1b6f4f863f9419b56b5e19fd4eb3896b3d09e9092d51e39122483b7b7de53e2e110673377fcb5893a0fa6c0b0e035537315c40c0533024592d34f970c41a4b628a881852fe2715a34e7091a30870f78561497f7f5892563e62031837f582cd17a9af9e0c7ef5a6540e3453ed894b62c293686ca3c1e319dde9d0aa489a4b59a9594fc2328bc3deff3c8a0929a369a72b1180a596e016b5ded
t-v2-bit-76-6	9d8663faeb6ab14a239bfc652648b34f783c2e99f758c0e1b6f4f863f9419b56e0958f4431d2329a639d0f99454dc0012b28f00066eb97a6a925a05ed5965de60e72bd5f4aa3677fbf25b4b9c6abd23652e6d40b567e830cc3bcfbf05059189c585dc5300a116d2cd7d2c06b993f072b2031837f582cd17a9af9e0c7ef5a6540e3453ed894b62c293686ca3c1e319dde9d0aa489a4b59a9594fc2328bc3deff3c8a0929a369a72b1180a596e016b5ded
t-v2-bit-76-7	9d8663faeb6ab14a239bfc652648b34f783c2e99f758c0e1b6f4f863f9419b562c5acf89feb75c0fdee9c4b2b18db4db6cdf578891dd6981c8760e32d37396c57066fe63c3ce327c23d3f1da53bd6fc010e92ff254eaab4e3d5585f7b57d12e48431aac2bde5ccd1f59b2e28050c3cb32031837f582cd17a9af9e0c7ef5a6540e3453ed894b62c293686ca3c1e319dde9d0aa489a4b59a9594fc2328bc3deff3c8a0929a369a72b1180a596e016b5ded
t-v2-bit-77-0	9d8663faeb6ab14a239bfc652648b34f783c2e99f758c0e1b6f4f863f9419b56ce211190432fc983ca372dd0d94ec4b6cc49e4c0d2e2b5495d83b9ca82c0143ab088f2c1481c40dd63f9cb73500abd2ab41906acff2a5da8d2adce4eae320a71caaa89b30a170a1da3e8f4dcfaec213c2031837f582cd17a9af9e0c7ef5a6540e3453ed894b62c293686ca3c1e319dde9d0aa489a4b59a9594fc2328bc3deff3c8a0929a369a72b1180a596e016b5ded
t-v2-bit-77-1	9d8663faeb6ab14a239bfc652648b34f783c2e99f758c0e1b6f4f863f9419b5680b83f71ec97b16b9d2f05e6ff5c0ebee037a53ec93c51eb7f62fd86f305ffd78a863cc48d3b2ddebe775c40da7cb74a286acdbfb2aec62fea8da2370ec0cadd0d3cd08e48827bd26b832a2915de832d2031837f582cd17a9af9e0c7ef5a6540e3453ed894b62c293686ca3c1e319dde9d0aa489a4b59a9594fc2328bc3deff3c8a0929a369a72b1180a596e016b5ded
t-v2-bit-77-2	9d8663faeb6ab14a239bfc652648b34f783c2e99f758c0e1b6f4f863f9419b56e95aeb31d04e2593836b0892ecb4efcff7f269a9d4c7ff7f51410f265627bcf7afdcbb7e62efcd0ac8b6e2b8f5167df8ecb564e7eb8b587d1564d77a6bee3890d93ac4ebf44067768b21e51e9f16e1332031837f582cd17a9af9e0c7ef5a6540e3453ed894b62c293686ca3c1e319dde9d0aa489a4b59a9594fc2328bc3deff3c8a0929a369a72b1180a596e016b5ded
t-v2-bit-77-3	9d8663faeb6ab14a239bfc652648b34f783c2e99f758c0e1b6f4f863f9419b56fc70ff352916999cc55c25fdc0aae6511a4b754fef58055c080aef8c172f1371596b00ec5d22ad7b81a6e2fbe5fa216545260c43bc73e2e776f219e067270d1d369e9a91bf989022222b4754f8c9af8c2031837f582cd17a9af9e0c7ef5a6540e3453ed894b62c293686ca3c1e319dde9d0aa489a4b59a9594fc2328bc3deff3c8a0929a369a72b1180a596e016b5ded
t-v2-bit-77-4	9d8663faeb6ab14a239bfc652648b34f783c2e99f758c0e1b6f4f863f9419b560098c92475e4b152a5393beadfd69bdbf973c47bcbede084d3ba1f0d7e081b6c872d0d092fb90d5cf4e6beb5479feb6be2a4ff5e5c9ffaf5e4346967979b421567df1d4c5a726d6f4448797d18919f372031837f582cd17a9af9e0c7ef5a6540e3453ed894b62c293686ca3c1e319dde9d0aa489a4b59a9594fc2328bc3deff3c8a0929a369a72b1180a596e016b5ded
t-v2-bit-77-5	9d8663faeb6ab14a239bfc652648b34f783c2e99f758c0e1b6f4f863f9419b564c9614895aef223960c8765976e59137a6632b20d56bc28c013735b2a6e62041cd6fe501181aee801143333e1d6778146eb8cda530fedc656960d8975f138a3eb34aba60cfcedade1d469c0d82ab9b272031837f582cd17a9af9e0c7ef5a6540e3453ed894b62c293686ca3c1e319dde9d0aa489a4b59a9594fc2328bc3deff3c8a0929a369a72b1180a596e016b5ded
t-v2-bit-77-6	9d8663faeb6ab14a239bfc652648b34f783c2e99f758c0e1b6f4f863f9419b5671deea757a0108c4b09963f15a13edf4298543e446355b0c0afee9942722b27b0a932924f21468c0568f535efb3cb7cf4c8648f033d331de2a6c4fb31fa444bc38c827cf2b7ee1497e828ccc046a59492031837f582cd17a9af9e0c7ef5a6540e3453ed894b62c293686ca3c1e319dde9d0aa489a4b59a9594fc2328bc3deff3c8a0929a369a72b1180a596e016b5ded
t-v2-bit-77-7	9d8663faeb6ab14a239bfc652648b34f783c2e99f758c0e1b6f4f863f9419b564d6767ef83446da60cd8ac28d9bf4dec644c97b149c1fdd910573191d5a80782d9ea3cc2518b5f460ffc89bad30ab9c6efb536cca4e9fe16a00995a78d9b725ad343e8a73659a1573c65a91e131a828b2031837f582cd17a9af9e0c7ef5a6540e3453ed894b62c293686ca3c1e319dde9d0aa489a4b59a9594fc2328bc3deff3c8a0929a369a72b1180a596e016b5ded
t-v2-bit-78-0	9d8663faeb6ab14a239bfc652648b34f783c2e99f758c0e1b6f4f863f9419b569501a089be8e1bf19060204e68ab6487163f7ddeabdb72b9b4d801b2935cd3f3b2af9eec61262a2c23bae54d5b30b9108906ab8f078725cb6277170f40603188b9f6c4a98d8fd908710e56c839a788612031837f582cd17a9af9e0c7ef5a6540e3453ed894b62c293686ca3c1e319dde9d0aa489a4b59a9594fc2328bc3deff3c8a0929a369a72b1180a596e016b5ded
t-v2-bit-78-1	9d8663faeb6ab14a239bfc652648b34f783c2e99f758c0e1b6f4f863f9419b56865997d6f5a3789670102fe472b46f0690a1c69a369af5867869485e5601c45b2daddd09cc721026001b9c09c3cdd4defb36401c79b85611f0926f204f6b0d20b2a41b670dc938dfaefb442fb00815e82031837f582cd17a9af9e0c7ef5a6540e3453ed894b62c293686ca3c1e319dde9d0aa489a4b59a9594fc2328bc3deff3c8a0929a369a72b1180a596e016b5ded
t-v2-bit-78-2	9d8663faeb6ab14a239bfc652648b34f783c2e99f758c0e1b6f4f863f9419b56bedea1aa63f2b064c9218acefd86625287f3793317658d7924c49091d977b47e787f25c8a24b15f4dd93a0aed0e8f950cd231f05678b38578ba0c566dde0c0d1dd4c11909e4b2ed1c82f3391c3c3536b2031837f582cd17a9af9e0c7ef5a6540e3453ed894b62c293686ca3c1e319dde9d0aa489a4b59a9594fc2328bc3deff3c8a0929a369a72b1180a596e016b5ded
t-v2-bit-78-3	9d8663faeb6ab14a239bfc652648b34f783c2e99f758c0e1b6f4f863f9419b56bf3eee885f026435fec00f0794baac59aa892510826655624aa802f0b4d522ba3b40892efe5147164193d45160d2c7cc9be8f7fa79396f4ec5faefb727933396a70ca6caf7b0d497d3bc21c6ffbb06ed2031837f582cd17a9af9e0c7ef5a6540e3453ed894b62c293686ca3c1e319dde9d0aa489a4b59a9594fc2328bc3deff3c8a0929a369a72b1180a596e016b5ded
t-v2-bit-78-4	9d8663faeb6ab14a239bfc652648b34f783c2e99f758c0e1b6f4f863f9419b56bc1cdaac99d47a07943b4918f933d7b5ba1e505d94fc7d00074ea34213187f996d57188510d83a1f90af61c3864d577a485cf622767d152b1da91634f10aeb1fcd89089377055f038a95e926671587a42031837f582cd17a9af9e0c7ef5a6540e3453ed894b62c293686ca3c1e319dde9d0aa489a4b59a9594fc2328bc3deff3c8a0929a369a72b1180a596e016b5ded
t-v2-bit-78-5	9d8663faeb6ab14a239bfc652648b34f783c2e99f758c0e1b6f4f863f9419b564a0754fed104d910ceb4f24061d991c90efe76f1f825ef31a763d441175a420efa1026768d6cb9c39cc8470147fa697beecd6675fe57177bd9b4a031771e6ce1cdb9a624e38ef143f443cf28af0aa5662031837f582cd17a9af9e0c7ef5a6540e3453ed894b62c293686ca3c1e319dde9d0aa489a4b59a9594fc2328bc3deff3c8a0929a369a72b1180a596e016b5ded
t-v2-bit-78-6	9d8663faeb6ab14a239bfc652648b34f783c2e99f758c0e1b6f4f863f9419b5605dbba318d7c9fb17b029a56379d90c48047b972a9bf191284be53ac7cdb7b3b4e771564b0f712fa1eec807be958114aea15715c6886eea99b0ce100ea6406e489eff5eac9904c8c6647b9fb1c90816d2031837f582cd17a9af9e0c7ef5a6540e3453ed894b62c293686ca3c1e319dde9d0aa489a4b59a9594fc2328bc3deff3c8a0929a369a72b1180a596e016b5ded
t-v2-bit-78-7	9d8663faeb6ab14a239bfc652648b34f783c2e99f758c0e1b6f4f863f9419b56f41d1f14789fec3c2a0fdc87c6d12bb96a342b90e2e9560af705165efae81d59ad9401bd2ea57e61df04bbadf01e41cfed13a4c9c3ba4e5da7b485109c7f0c4ede09bf54dd4d45ac7c39d7a2ed8169ab2031837f582cd17a9af9e0c7ef5a6540e3453ed894b62c293686ca3c1e319dde9d0aa489a4b59a9594fc2328bc3deff3c8a0929a369a72b1180a596e016b5ded
t-v2-bit-79-0	9d8663faeb6ab14a239bfc652648b34f783c2e99f758c0e1b6f4f863f9419b56eba75979dd0d1641373ff2a03c77ea1611e55b4dd7ee71497701dbe5ab413cfe544a9913bd64409b61ced9c9a034481a08aeb4a700d5a9d955da23a6b1496934f8de6867fb0eaf61356d8f59bc2f62802031837f582cd17a9af9e0c7ef5a6540e3453ed894b62c293686ca3c1e319dde9d0aa489a4b59a9594fc2328bc3deff3c8a0929a369a72b1180a596e016b5ded
t-v2-bit-79-1	9d8663faeb6ab14a239bfc652648b34f783c2e99f758c0e1b6f4f863f9419b5652e4e04a7b5f267cccd1e3bea5922982631da8f130ba7ffb0b3c9fd6b7d427767f0ea13568f603039dcc7b15535408a22b0ce61144f478420cbd9106fff39652bd41a17b780fe650dd7953c4f1bd12972031837f582cd17a9af9e0c7ef5a6540e3453ed894b62c293686ca3c1e319dde9d0aa489a4b59a9594fc2328bc3deff3c8a0929a369a72b1180a596e016b5ded
t-v2-bit-79-2	9d8663faeb6ab14a239bfc652648b34f783c2e99f758c0e1b6f4f863f9419b5681cbe643c2e92a660c11414b92edb47347183f3989b4a26155c7984c47d36b1fd28c437db518a4524f72774897029b1dd58bd2841af2eae6a78c328af0768848b07b79e1af6cd1e76648961e8b1869e72031837f582cd17a9af9e0c7ef5a6540e3453ed894b62c293686ca3c1e319dde9d0aa489a4b59a9594fc2328bc3deff3c8a0929a369a72b1180a596e016b5ded
t-v2-bit-79-3	9d8663faeb6ab14a239bfc652648b34f783c2e99f758c0e1b6f4f863f9419b56639347dcb995738bec5ae408df0f772c18047d7dbcf9f2b91b46a2330eb401c84fc882bb1b226cfa8878a6f869e3473fc817d5f741d0e8a2640068eda7ef73425d8638a608b97f4a19188d16e5256b6b2031837f582cd17a9af9e0c7ef5a6540e3453ed894b62c293686ca3c1e319dde9d0aa489a4b59a9594fc2328bc3deff3c8a0929a369a72b1180a596e016b5ded
t-v2-bit-79-4	INVALID
t-v2-bit-79-5	INVALID
t-v2-bit-79-6	INVALID
t-v2-bit-79-7	INVALID
t-v2-s-plus-1L	INVALID
t-v2-s-plus-2L	INVALID
t-v2-s-plus-3L	INVALID
t-v2-s-plus-4L	INVALID
t-v2-s-plus-5L	INVALID
t-v2-s-plus-6L	INVALID
t-v2-s-plus-7L	INVALID
t-v2-s-plus-8L	INVALID
t-v2-s-plus-9L	INVALID
t-v2-s-plus-10L	INVALID
t-v2-s-plus-11L	INVALID
t-v2-s-plus-12L	INVALID
t-v2-s-plus-13L	INVALID
t-v2-s-plus-14L	INVALID
t-v2-s-plus-15L	INVALID
t-v2-pk-zero	INVALID
t-v2-gamma-zero	9d8663faeb6ab14a239bfc652648b34f783c2e99f758c0e1b6f4f863f9419b56d6f8a95a4ce86812e3e50febd9d48196b3bc5d1d9fa7b6dfa33072641b45d029d09dd00989150dcfcaa99d0f1864ecd33f7cabe6c18dea55456a7a0e717d6988958d8ba0d8070d4bd993e148676ffb7a0d2b198e9d4484260f2e2614732576220f5391a08e141958d68d8cb8b4ec22a958fff2e135b59080fcd36a6c12250a6566e8659d1b669307c078af9e2adc1503
t-v2-pk-identity	INVALID
t-v2-gamma-identity	9d8663faeb6ab14a239bfc652648b34f783c2e99f758c0e1b6f4f863f9419b56d6f8a95a4ce86812e3e50febd9d48196b3bc5d1d9fa7b6dfa33072641b45d0291d622ff676eaf230355662f0e79b132cc08354193e7215aaba9585f18e829677523b4d30e18fe361c464235f82362f520d2b198e9d4484260f2e2614732576220f5391a08e141958d68d8cb8b4ec22a958fff2e135b59080fcd36a6c12250a6566e8659d1b669307c078af9e2adc1503
t-v2-pk-minus-one	INVALID
t-v2-gamma-minus-one	9d8663faeb6ab14a239bfc652648b34f783c2e99f758c0e1b6f4f863f9419b56d6f8a95a4ce86812e3e50febd9d48196b3bc5d1d9fa7b6dfa33072641b45d0291d622ff676eaf230355662f0e79b132cc08354193e7215aaba9585f18e8296775cb556f6e0546bf0490da3926b62e46e0d2b198e9d4484260f2e2614732576220f5391a08e141958d68d8cb8b4ec22a958fff2e135b59080fcd36a6c12250a6566e8659d1b669307c078af9e2adc1503
t-v2-pk-p	INVALID
t-v2-gamma-p	INVALID
t-v2-pk-p-plus-one	INVALID
t-v2-gamma-p-plus-one	INVALID
t-v2-pk-negative-zero	INVALID
t-v2-gamma-negative-zero	9d8663faeb6ab14a239bfc652648b34f783c2e99f758c0e1b6f4f863f9419b56d6f8a95a4ce86812e3e50febd9d48196b3bc5d1d9fa7b6dfa33072641b45d0291d622ff676eaf230355662f0e79b132cc08354193e7215aaba9585f18e829677dc02e5a8330a9ea592099ea65dc246220d2b198e9d4484260f2e2614732576220f5391a08e141958d68d8cb8b4ec22a958fff2e135b59080fcd36a6c12250a6566e8659d1b669307c078af9e2adc1503
t-v2-wrong-message	f41a5efd0cdef4fd2d52ef6b0c0b306cb5db83d5469fbd2dad8b1c825652e8fad6f8a95a4ce86812e3e50febd9d48196b3bc5d1d9fa7b6dfa33072641b45d029d52aa7f64ea3f444054a7393e7c56ce0bb01648a815cc8985144e1932f557f940b77009ace8cf127de14a3bf5f79d0062031837f582cd17a9af9e0c7ef5a6540e3453ed894b62c293686ca3c1e319dde9d0aa489a4b59a9594fc2328bc3deff3c8a0929a369a72b1180a596e016b5ded
t-v2-truncated-message	3138a970fa563f0c15d7f7eed66141567a8d6bf74996b2263580f0593ccf52ced6f8a95a4ce86812e3e50febd9d48196b3bc5d1d9fa7b6dfa33072641b45d0298708b66edf3f7d03101a8a6a4a52070e7d52b327b8f23615a1d346f88992c9d6b084d1c31ae71182885b15efa04689542031837f582cd17a9af9e0c7ef5a6540e3453ed894b62c293686ca3c1e319dde9d0aa489a4b59a9594fc2328bc3deff3c8a0929a369a72b1180a596e016b5ded
t-mixed-y-0	INVALID
t-mixed-gamma-0	1c5672d919cc0a800970cd7e05cb36ed27ed354c33519948e5a9eaf89aee12b7c4743a22340131a2323174bfc397a6585cbe0cc521bfad09f34b11dd4bcf593639512ac825279d691a61ef82112a256b874d370c04cde945ba585fc731b8ec711e09df2f879db9eb0df5238af09680cd0d2b198e9d4484260f2e2614732576220f5391a08e141958d68d8cb8b4ec22a958fff2e135b59080fcd36a6c12250a6566e8659d1b669307c078af9e2adc1503
t-mixed-y-1	31127d2342bba5068b78994e5d9ec54b7b09f418443b175d703222c00d8fd0a8328901ee19e4cfe8849b5235ceb721a6feff69b3ab40f0c397b0f053db92dc98f011abe5498c4f5092532147691dd61df2465a68acabb0bb221ecb2131c51d45cffe998d33f4961534a5c70bf1a176145b49b554d05c0cd5a5325376b3387de59d924fd1e13ded44648ab33c21349a603f25b84ec5ed887995b33da5e3bfcb87cd2f64521c4c62cf825cffabbe5d31cc
t-mixed-gamma-1	1c5672d919cc0a800970cd7e05cb36ed27ed354c33519948e5a9eaf89aee12b7c4743a22340131a2323174bfc397a6585cbe0cc521bfad09f34b11dd4bcf59368404c4a74c232139adae6d366e32b8b6fdb71c1fa85de243babe82aad7120259f56c38180f928ea634592012189b42fa2d0c7bff259b4a1cb1ca661d266adb44c0faa2bc4e58466d6734de6a1ee84eeb6bf176d16b5c92c2de6e659a7e36681c37aa31be257a442b007d6d0836718f1e
t-mixed-y-2	INVALID
t-mixed-gamma-2	1c5672d919cc0a800970cd7e05cb36ed27ed354c33519948e5a9eaf89aee12b7c4743a22340131a2323174bfc397a6585cbe0cc521bfad09f34b11dd4bcf59364ca6f41806fe0bea0004a0c299c54194c5a2a4bbc6f40d8d2e1cd3a01bf99fcdd6d381ce813ce5c559077260b4eb30ae0d2b198e9d4484260f2e2614732576220f5391a08e141958d68d8cb8b4ec22a958fff2e135b59080fcd36a6c12250a6566e8659d1b669307c078af9e2adc1503
t-mixed-y-3	814fc7062e2ab11acd1d78a7f201358401a423def53f308ed8b5209d0aa06944ec4ed083de22d6cdd8f245a76cc542439821ee3a54544128e5fd425d165d67dfe97b214d771773dffd5ae9deb5c6c89ff302697c49c01cb96a5a99feab9f40cb657ad199db0506fb54e87c34f78819b85b49b554d05c0cd5a5325376b3387de59d924fd1e13ded44648ab33c21349a603f25b84ec5ed887995b33da5e3bfcb87cd2f64521c4c62cf825cffabbe5d31cc
t-mixed-gamma-3	1c5672d919cc0a800970cd7e05cb36ed27ed354c33519948e5a9eaf89aee12b7c4743a22340131a2323174bfc397a6585cbe0cc521bfad09f34b11dd4bcf59368416574f7985a6c494c8c1b922fc713755512c11b89c7b4bb2fed2b9196dab7a2225654bc0a4f369a8ac7ecdc69285d32d0c7bff259b4a1cb1ca661d266adb44c0faa2bc4e58466d6734de6a1ee84eeb6bf176d16b5c92c2de6e659a7e36681c37aa31be257a442b007d6d0836718f1e
t-mixed-y-4	INVALID
t-mixed-gamma-4	1c5672d919cc0a800970cd7e05cb36ed27ed354c33519948e5a9eaf89aee12b7c4743a22340131a2323174bfc397a6585cbe0cc521bfad09f34b11dd4bcf59362f6b8fba17c25b716af2719dbd6f1c1bc893a9a9ec949967da54064acdfa48d2657f13fbcaeba33627440bc3717f3b0b0d2b198e9d4484260f2e2614732576220f5391a08e141958d68d8cb8b4ec22a958fff2e135b59080fcd36a6c12250a6566e8659d1b669307c078af9e2adc1503
t-mixed-y-5	820a42f00b915acea18de714a8bb0b0de2b2a118f025bd0310dda25190b9f0e140326d4a9d9246ba7e215b00c5c229ea541622b03967bf494c14af3a7e7552881976466b4fa393e54ebce16e5a9d66e7edb3675e0e66993cfb649fa54fee947b26157f8f7969772eff10f8756c49de735b49b554d05c0cd5a5325376b3387de59d924fd1e13ded44648ab33c21349a603f25b84ec5ed887995b33da5e3bfcb87cd2f64521c4c62cf825cffabbe5d31cc
t-mixed-gamma-5	1c5672d919cc0a800970cd7e05cb36ed27ed354c33519948e5a9eaf89aee12b7c4743a22340131a2323174bfc397a6585cbe0cc521bfad09f34b11dd4bcf593640c67fc90eadcf99049600f9ad8d7a383863579121e65ba30a7a1f8817ad64d926534dd12c516a0d82b5bbeb785637792d0c7bff259b4a1cb1ca661d266adb44c0faa2bc4e58466d6734de6a1ee84eeb6bf176d16b5c92c2de6e659a7e36681c37aa31be257a442b007d6d0836718f1e
t-mixed-y-6	INVALID
t-mixed-gamma-6	1c5672d919cc0a800970cd7e05cb36ed27ed354c33519948e5a9eaf89aee12b7c4743a22340131a2323174bfc397a6585cbe0cc521bfad09f34b11dd4bcf593655828d708e2c3f732a691ad27e88bd64eb417ff5453a0a54405ff28fed25df0a62bd40e7fecd16dc8119d76ab98e6a580d2b198e9d4484260f2e2614732576220f5391a08e141958d68d8cb8b4ec22a958fff2e135b59080fcd36a6c12250a6566e8659d1b669307c078af9e2adc1503
t-mixed-y-7	996250b9e855dcfdb3cb59fb79e5a2421164e406ef54bccda5ee7e13f5a232b525a6e5194eb05f8c90a51a5e813b55b0b7d398b0e964d66240c5065183637bc2e9bb9abd520242e3f2e68e1146516d763eb401a8764a26329e1d322a905f332c5b3773c1e73f567d546c0dfd265473ab5b49b554d05c0cd5a5325376b3387de59d924fd1e13ded44648ab33c21349a603f25b84ec5ed887995b33da5e3bfcb87cd2f64521c4c62cf825cffabbe5d31cc
t-mixed-gamma-7	1c5672d919cc0a800970cd7e05cb36ed27ed354c33519948e5a9eaf89aee12b7c4743a22340131a2323174bfc397a6585cbe0cc521bfad09f34b11dd4bcf59361da2791f04b80576bc1d4b51c8c5b8837ddfb44ac87e22662cb4638f0b424f2bdec41ca035e0fd5a09026bd62d1b92832d0c7bff259b4a1cb1ca661d266adb44c0faa2bc4e58466d6734de6a1ee84eeb6bf176d16b5c92c2de6e659a7e36681c37aa31be257a442b007d6d0836718f1e
t-mixed-y-8	INVALID
t-mixed-gamma-8	1c5672d919cc0a800970cd7e05cb36ed27ed354c33519948e5a9eaf89aee12b7c4743a22340131a2323174bfc397a6585cbe0cc521bfad09f34b11dd4bcf5936b4aed537dad86296e59e107deed5da9478b2c8f3fb3216ba45a7a038ce47138ef02e548531c36768f2083121418d83e00d2b198e9d4484260f2e2614732576220f5391a08e141958d68d8cb8b4ec22a958fff2e135b59080fcd36a6c12250a6566e8659d1b669307c078af9e2adc1503
t-mixed-y-9	5dbc57bc3d59e2e6b5fd00fc115bd48416c2b9832472dab52e70734236c0b92fbb76fe11e61b30177b64adca3148de590100964c54bf0f3c684f0fac246d2367b72eb338a106d9dff5c389353d096cdf4ffa31b820e917a10dac41faecdd5051637e9b1d6e2658ce01d6599bd624cbcd5b49b554d05c0cd5a5325376b3387de59d924fd1e13ded44648ab33c21349a603f25b84ec5ed887995b33da5e3bfcb87cd2f64521c4c62cf825cffabbe5d31cc
t-mixed-gamma-9	1c5672d919cc0a800970cd7e05cb36ed27ed354c33519948e5a9eaf89aee12b7c4743a22340131a2323174bfc397a6585cbe0cc521bfad09f34b11dd4bcf593669fb3b58b3dcdec6525192c991cd47490248e3e057a21dbc45417d5528edfda63602edb5a24319122bd82335a8af46232d0c7bff259b4a1cb1ca661d266adb44c0faa2bc4e58466d6734de6a1ee84eeb6bf176d16b5c92c2de6e659a7e36681c37aa31be257a442b007d6d0836718f1e
t-mixed-y-10	INVALID
t-mixed-gamma-10	1c5672d919cc0a800970cd7e05cb36ed27ed354c33519948e5a9eaf89aee12b7c4743a22340131a2323174bfc397a6585cbe0cc521bfad09f34b11dd4bcf5936a1590be7f901f415fffb5f3d663abe6b3a5d5b44390bf272d1e32c5fe4066032a84b6491c6af78db4f38eae31f6b3de90d2b198e9d4484260f2e2614732576220f5391a08e141958d68d8cb8b4ec22a958fff2e135b59080fcd36a6c12250a6566e8659d1b669307c078af9e2adc1503
t-mixed-y-11	7d2f5860897f19311169e1e810c99381e696135a31bb619c8eb8c812dc1f638201b12f7c21dd2932270dba58933abdbc67de11c5ababbed71a02bda2e9a29820cee6699f6c8a6914221d8710a7cb0fedfcdab10560b2ef7449dd09b97fa99c37c3ac9286e6bed518c624c2fefac0d82a5b49b554d05c0cd5a5325376b3387de59d924fd1e13ded44648ab33c21349a603f25b84ec5ed887995b33da5e3bfcb87cd2f64521c4c62cf825cffabbe5d31cc
t-mixed-gamma-11	1c5672d919cc0a800970cd7e05cb36ed27ed354c33519948e5a9eaf89aee12b7c4743a22340131a2323174bfc397a6585cbe0cc521bfad09f34b11dd4bcf593669e9a8b0867a593b6b373e46dd038ec8aaaed3ee476384b44d012d46e692548583f533dc3a3b9594a6117a11649057b42d0c7bff259b4a1cb1ca661d266adb44c0faa2bc4e58466d6734de6a1ee84eeb6bf176d16b5c92c2de6e659a7e36681c37aa31be257a442b007d6d0836718f1e
t-mixed-y-12	INVALID
t-mixed-gamma-12	1c5672d919cc0a800970cd7e05cb36ed27ed354c33519948e5a9eaf89aee12b7c4743a22340131a2323174bfc397a6585cbe0cc521bfad09f34b11dd4bcf5936be947045e83da48e950d8e624290e3e4376c5656136b669825abf9b53205b72d612f42321e7ed53cf0d37ebd4f0a18860d2b198e9d4484260f2e2614732576220f5391a08e141958d68d8cb8b4ec22a958fff2e135b59080fcd36a6c12250a6566e8659d1b669307c078af9e2adc1503
t-mixed-y-13	bd4536b839bd5ba49ff92f5e6f53055800f99fd5244459d872615548b079953dadcd92b5626db94581dea4ff3a3dd615abe9dd4fc69840b6b3eb50c5818aad77e0ff9092fca7253164a2228dbd4b8a65485b8652bb0b0b90a3ff549625bccaf42f4d0d004ea7e3ac9b36882126f840905b49b554d05c0cd5a5325376b3387de59d924fd1e13ded44648ab33c21349a603f25b84ec5ed887995b33da5e3bfcb87cd2f64521c4c62cf825cffabbe5d31cc
t-mixed-gamma-13	1c5672d919cc0a800970cd7e05cb36ed27ed354c33519948e5a9eaf89aee12b7c4743a22340131a2323174bfc397a6585cbe0cc521bfad09f34b11dd4bcf5936ad398036f1523066fb69ff06527285c7c79ca86ede19a45cf585e077e8529b2645a4972d1b1a10aa554e612d395c026c2d0c7bff259b4a1cb1ca661d266adb44c0faa2bc4e58466d6734de6a1ee84eeb6bf176d16b5c92c2de6e659a7e36681c37aa31be257a442b007d6d0836718f1e
t-mixed-y-14	INVALID
t-mixed-gamma-14	1c5672d919cc0a800970cd7e05cb36ed27ed354c33519948e5a9eaf89aee12b7c4743a22340131a2323174bfc397a6585cbe0cc521bfad09f34b11dd4bcf5936987d728f71d3c08cd596e52d8177429b14be800abac5f5abbfa00d7012da20f5eaa21fe0dae79b8e94bc82fe5d7afdb80d2b198e9d4484260f2e2614732576220f5391a08e141958d68d8cb8b4ec22a958fff2e135b59080fcd36a6c12250a6566e8659d1b669307c078af9e2adc1503
t-mixed-y-15	1bf0b922dc5261c6b40587fe0ffdc4d0c018cb363218f222f817ba2713765786c8591ae6b14fa0736f5ae5a17ec4aa4f482c674f169b299dbf3af9ae7c9c843dd89513ed352133054355102d56554cf8aee126f94910886dff6a0423990fa8adffc77c35e67673d0bbc37acc115b1fc45b49b554d05c0cd5a5325376b3387de59d924fd1e13ded44648ab33c21349a603f25b84ec5ed887995b33da5e3bfcb87cd2f64521c4c62cf825cffabbe5d31cc
t-mixed-gamma-15	1c5672d919cc0a800970cd7e05cb36ed27ed354c33519948e5a9eaf89aee12b7c4743a22340131a2323174bfc397a6585cbe0cc521bfad09f34b11dd4bcf5936d05d86e0fb47fa8943e2b4ae373a477c82204bb53781dd99d34b9c70f4bdb0d43f0e30aa3b2749c9e2b608ab55a798f12d0c7bff259b4a1cb1ca661d266adb44c0faa2bc4e58466d6734de6a1ee84eeb6bf176d16b5c92c2de6e659a7e36681c37aa31be257a442b007d6d0836718f1e
t-negative-zero-1	1c5672d919cc0a800970cd7e05cb36ed27ed354c33519948e5a9eaf89aee12b7c4743a22340131a2323174bfc397a6585cbe0cc521bfad09f34b11dd4bcf593639512ac825279d691a61ef82112a256b874d370c04cde945ba585fc731b8ec71f006cdaeb2cec9ea8dd46e50ab8f2c050d2b198e9d4484260f2e2614732576220f5391a08e141958d68d8cb8b4ec22a958fff2e135b59080fcd36a6c12250a6566e8659d1b669307c078af9e2adc1503
t-negative-zero-57896044618658097711785492504343953926634992332820282019728792003956564819948	1c5672d919cc0a800970cd7e05cb36ed27ed354c33519948e5a9eaf89aee12b7c4743a22340131a2323174bfc397a6585cbe0cc521bfad09f34b11dd4bcf5936b4aed537dad86296e59e107deed5da9478b2c8f3fb3216ba45a7a038ce47138e928b768eec39dbaba038f47b21e813a00d2b198e9d4484260f2e2614732576220f5391a08e141958d68d8cb8b4ec22a958fff2e135b59080fcd36a6c12250a6566e8659d1b669307c078af9e2adc1503
