v0	d75a980182b10ab7d54bfed3c964073a0ee172f3daa62325af021a68f707511a	b6b4699f87d56126c9117a7da55bd0085246f4c56dbc95d20172612e9d38e8d7ca65e573a126ed88d4e30a46f80a666854d675cf3ba81de0de043c3774f061560f55edc256a787afe701677c0f602900	
v0-upstream-bitflip-0	d75a980182b10ab7d54bfed3c964073a0ee172f3daa62325af021a68f707511a	b7b4699f87d56126c9117a7da55bd0085246f4c56dbc95d20172612e9d38e8d7ca65e573a126ed88d4e30a46f80a666854d675cf3ba81de0de043c3774f061560f55edc256a787afe701677c0f602900	
v0-upstream-bitflip-32	d75a980182b10ab7d54bfed3c964073a0ee172f3daa62325af021a68f707511a	b6b4699f87d56126c9117a7da55bd0085246f4c56dbc95d20172612e9d38e8d7cb65e573a126ed88d4e30a46f80a666854d675cf3ba81de0de043c3774f061560f55edc256a787afe701677c0f602900	
v0-upstream-bitflip-48	d75a980182b10ab7d54bfed3c964073a0ee172f3daa62325af021a68f707511a	b6b4699f87d56126c9117a7da55bd0085246f4c56dbc95d20172612e9d38e8d7ca65e573a126ed88d4e30a46f80a666855d675cf3ba81de0de043c3774f061560f55edc256a787afe701677c0f602900	
v0-upstream-bitflip-79	d75a980182b10ab7d54bfed3c964073a0ee172f3daa62325af021a68f707511a	b6b4699f87d56126c9117a7da55bd0085246f4c56dbc95d20172612e9d38e8d7ca65e573a126ed88d4e30a46f80a666854d675cf3ba81de0de043c3774f061560f55edc256a787afe701677c0f602980	
v0-bit-0-0	d75a980182b10ab7d54bfed3c964073a0ee172f3daa62325af021a68f707511a	b7b4699f87d56126c9117a7da55bd0085246f4c56dbc95d20172612e9d38e8d7ca65e573a126ed88d4e30a46f80a666854d675cf3ba81de0de043c3774f061560f55edc256a787afe701677c0f602900	
v0-bit-0-1	d75a980182b10ab7d54bfed3c964073a0ee172f3daa62325af021a68f707511a	b4b4699f87d56126c9117a7da55bd0085246f4c56dbc95d20172612e9d38e8d7ca65e573a126ed88d4e30a46f80a666854d675cf3ba81de0de043c3774f061560f55edc256a787afe701677c0f602900	
v0-bit-0-2	d75a980182b10ab7d54bfed3c964073a0ee172f3daa62325af021a68f707511a	b2b4699f87d56126c9117a7da55bd0085246f4c56dbc95d20172612e9d38e8d7ca65e573a126ed88d4e30a46f80a666854d675cf3ba81de0de043c3774f061560f55edc256a787afe701677c0f602900	
v0-bit-0-3	d75a980182b10ab7d54bfed3c964073a0ee172f3daa62325af021a68f707511a	beb4699f87d56126c9117a7da55bd0085246f4c56dbc95d20172612e9d38e8d7ca65e573a126ed88d4e30a46f80a666854d675cf3ba81de0de043c3774f061560f55edc256a787afe701677c0f602900	
v0-bit-0-4	d75a980182b10ab7d54bfed3c964073a0ee172f3daa62325af021a68f707511a	a6b4699f87d56126c9117a7da55bd0085246f4c56dbc95d20172612e9d38e8d7ca65e573a126ed88d4e30a46f80a666854d675cf3ba81de0de043c3774f061560f55edc256a787afe701677c0f602900	
v0-bit-0-5	d75a980182b10ab7d54bfed3c964073a0ee172f3daa62325af021a68f707511a	96b4699f87d56126c9117a7da55bd0085246f4c56dbc95d20172612e9d38e8d7ca65e573a126ed88d4e30a46f80a666854d675cf3ba81de0de043c3774f061560f55edc256a787afe701677c0f602900	
v0-bit-0-6	d75a980182b10ab7d54bfed3c964073a0ee172f3daa62325af021a68f707511a	f6b4699f87d56126c9117a7da55bd0085246f4c56dbc95d20172612e9d38e8d7ca65e573a126ed88d4e30a46f80a666854d675cf3ba81de0de043c3774f061560f55edc256a787afe701677c0f602900	
v0-bit-0-7	d75a980182b10ab7d54bfed3c964073a0ee172f3daa62325af021a68f707511a	36b4699f87d56126c9117a7da55bd0085246f4c56dbc95d20172612e9d38e8d7ca65e573a126ed88d4e30a46f80a666854d675cf3ba81de0de043c3774f061560f55edc256a787afe701677c0f602900	
v0-bit-1-0	d75a980182b10ab7d54bfed3c964073a0ee172f3daa62325af021a68f707511a	b6b5699f87d56126c9117a7da55bd0085246f4c56dbc95d20172612e9d38e8d7ca65e573a126ed88d4e30a46f80a666854d675cf3ba81de0de043c3774f061560f55edc256a787afe701677c0f602900	
v0-bit-1-1	d75a980182b10ab7d54bfed3c964073a0ee172f3daa62325af021a68f707511a	b6b6699f87d56126c9117a7da55bd0085246f4c56dbc95d20172612e9d38e8d7ca65e573a126ed88d4e30a46f80a666854d675cf3ba81de0de043c3774f061560f55edc256a787afe701677c0f602900	
v0-bit-1-2	d75a980182b10ab7d54bfed3c964073a0ee172f3daa62325af021a68f707511a	b6b0699f87d56126c9117a7da55bd0085246f4c56dbc95d20172612e9d38e8d7ca65e573a126ed88d4e30a46f80a666854d675cf3ba81de0de043c3774f061560f55edc256a787afe701677c0f602900	
v0-bit-1-3	d75a980182b10ab7d54bfed3c964073a0ee172f3daa62325af021a68f707511a	b6bc699f87d56126c9117a7da55bd0085246f4c56dbc95d20172612e9d38e8d7ca65e573a126ed88d4e30a46f80a666854d675cf3ba81de0de043c3774f061560f55edc256a787afe701677c0f602900	
v0-bit-1-4	d75a980182b10ab7d54bfed3c964073a0ee172f3daa62325af021a68f707511a	b6a4699f87d56126c9117a7da55bd0085246f4c56dbc95d20172612e9d38e8d7ca65e573a126ed88d4e30a46f80a666854d675cf3ba81de0de043c3774f061560f55edc256a787afe701677c0f602900	
v0-bit-1-5	d75a980182b10ab7d54bfed3c964073a0ee172f3daa62325af021a68f707511a	b694699f87d56126c9117a7da55bd0085246f4c56dbc95d20172612e9d38e8d7ca65e573a126ed88d4e30a46f80a666854d675cf3ba81de0de043c3774f061560f55edc256a787afe701677c0f602900	
v0-bit-1-6	d75a980182b10ab7d54bfed3c964073a0ee172f3daa62325af021a68f707511a	b6f4699f87d56126c9117a7da55bd0085246f4c56dbc95d20172612e9d38e8d7ca65e573a126ed88d4e30a46f80a666854d675cf3ba81de0de043c3774f061560f55edc256a787afe701677c0f602900	
v0-bit-1-7	d75a980182b10ab7d54bfed3c964073a0ee172f3daa62325af021a68f707511a	b634699f87d56126c9117a7da55bd0085246f4c56dbc95d20172612e9d38e8d7ca65e573a126ed88d4e30a46f80a666854d675cf3ba81de0de043c3774f061560f55edc256a787afe701677c0f602900	
v0-bit-2-0	d75a980182b10ab7d54bfed3c964073a0ee172f3daa62325af021a68f707511a	b6b4689f87d56126c9117a7da55bd0085246f4c56dbc95d20172612e9d38e8d7ca65e573a126ed88d4e30a46f80a666854d675cf3ba81de0de043c3774f061560f55edc256a787afe701677c0f602900	
v0-bit-2-1	d75a980182b10ab7d54bfed3c964073a0ee172f3daa62325af021a68f707511a	b6b46b9f87d56126c9117a7da55bd0085246f4c56dbc95d20172612e9d38e8d7ca65e573a126ed88d4e30a46f80a666854d675cf3ba81de0de043c3774f061560f55edc256a787afe701677c0f602900	
v0-bit-2-2	d75a980182b10ab7d54bfed3c964073a0ee172f3daa62325af021a68f707511a	b6b46d9f87d56126c9117a7da55bd0085246f4c56dbc95d20172612e9d38e8d7ca65e573a126ed88d4e30a46f80a666854d675cf3ba81de0de043c3774f061560f55edc256a787afe701677c0f602900	
v0-bit-2-3	d75a980182b10ab7d54bfed3c964073a0ee172f3daa62325af021a68f707511a	b6b4619f87d56126c9117a7da55bd0085246f4c56dbc95d20172612e9d38e8d7ca65e573a126ed88d4e30a46f80a666854d675cf3ba81de0de043c3774f061560f55edc256a787afe701677c0f602900	
v0-bit-2-4	d75a980182b10ab7d54bfed3c964073a0ee172f3daa62325af021a68f707511a	b6b4799f87d56126c9117a7da55bd0085246f4c56dbc95d20172612e9d38e8d7ca65e573a126ed88d4e30a46f80a666854d675cf3ba81de0de043c3774f061560f55edc256a787afe701677c0f602900	
v0-bit-2-5	d75a980182b10ab7d54bfed3c964073a0ee172f3daa62325af021a68f707511a	b6b4499f87d56126c9117a7da55bd0085246f4c56dbc95d20172612e9d38e8d7ca65e573a126ed88d4e30a46f80a666854d675cf3ba81de0de043c3774f061560f55edc256a787afe701677c0f602900	
v0-bit-2-6	d75a980182b10ab7d54bfed3c964073a0ee172f3daa62325af021a68f707511a	b6b4299f87d56126c9117a7da55bd0085246f4c56dbc95d20172612e9d38e8d7ca65e573a126ed88d4e30a46f80a666854d675cf3ba81de0de043c3774f061560f55edc256a787afe701677c0f602900	
v0-bit-2-7	d75a980182b10ab7d54bfed3c964073a0ee172f3daa62325af021a68f707511a	b6b4e99f87d56126c9117a7da55bd0085246f4c56dbc95d20172612e9d38e8d7ca65e573a126ed88d4e30a46f80a666854d675cf3ba81de0de043c3774f061560f55edc256a787afe701677c0f602900	
v0-bit-3-0	d75a980182b10ab7d54bfed3c964073a0ee172f3daa62325af021a68f707511a	b6b4699e87d56126c9117a7da55bd0085246f4c56dbc95d20172612e9d38e8d7ca65e573a126ed88d4e30a46f80a666854d675cf3ba81de0de043c3774f061560f55edc256a787afe701677c0f602900	
v0-bit-3-1	d75a980182b10ab7d54bfed3c964073a0ee172f3daa62325af021a68f707511a	b6b4699d87d56126c9117a7da55bd0085246f4c56dbc95d20172612e9d38e8d7ca65e573a126ed88d4e30a46f80a666854d675cf3ba81de0de043c3774f061560f55edc256a787afe701677c0f602900	
v0-bit-3-2	d75a980182b10ab7d54bfed3c964073a0ee172f3daa62325af021a68f707511a	b6b4699b87d56126c9117a7da55bd0085246f4c56dbc95d20172612e9d38e8d7ca65e573a126ed88d4e30a46f80a666854d675cf3ba81de0de043c3774f061560f55edc256a787afe701677c0f602900	
v0-bit-3-3	d75a980182b10ab7d54bfed3c964073a0ee172f3daa62325af021a68f707511a	b6b4699787d56126c9117a7da55bd0085246f4c56dbc95d20172612e9d38e8d7ca65e573a126ed88d4e30a46f80a666854d675cf3ba81de0de043c3774f061560f55edc256a787afe701677c0f602900	
v0-bit-3-4	d75a980182b10ab7d54bfed3c964073a0ee172f3daa62325af021a68f707511a	b6b4698f87d56126c9117a7da55bd0085246f4c56dbc95d20172612e9d38e8d7ca65e573a126ed88d4e30a46f80a666854d675cf3ba81de0de043c3774f061560f55edc256a787afe701677c0f602900	
v0-bit-3-5	d75a980182b10ab7d54bfed3c964073a0ee172f3daa62325af021a68f707511a	b6b469bf87d56126c9117a7da55bd0085246f4c56dbc95d20172612e9d38e8d7ca65e573a126ed88d4e30a46f80a666854d675cf3ba81de0de043c3774f061560f55edc256a787afe701677c0f602900	
v0-bit-3-6	d75a980182b10ab7d54bfed3c964073a0ee172f3daa62325af021a68f707511a	b6b469df87d56126c9117a7da55bd0085246f4c56dbc95d20172612e9d38e8d7ca65e573a126ed88d4e30a46f80a666854d675cf3ba81de0de043c3774f061560f55edc256a787afe701677c0f602900	
v0-bit-3-7	d75a980182b10ab7d54bfed3c964073a0ee172f3daa62325af021a68f707511a	b6b4691f87d56126c9117a7da55bd0085246f4c56dbc95d20172612e9d38e8d7ca65e573a126ed88d4e30a46f80a666854d675cf3ba81de0de043c3774f061560f55edc256a787afe701677c0f602900	
v0-bit-4-0	d75a980182b10ab7d54bfed3c964073a0ee172f3daa62325af021a68f707511a	b6b4699f86d56126c9117a7da55bd0085246f4c56dbc95d20172612e9d38e8d7ca65e573a126ed88d4e30a46f80a666854d675cf3ba81de0de043c3774f061560f55edc256a787afe701677c0f602900	
v0-bit-4-1	d75a980182b10ab7d54bfed3c964073a0ee172f3daa62325af021a68f707511a	b6b4699f85d56126c9117a7da55bd0085246f4c56dbc95d20172612e9d38e8d7ca65e573a126ed88d4e30a46f80a666854d675cf3ba81de0de043c3774f061560f55edc256a787afe701677c0f602900	
v0-bit-4-2	d75a980182b10ab7d54bfed3c964073a0ee172f3daa62325af021a68f707511a	b6b4699f83d56126c9117a7da55bd0085246f4c56dbc95d20172612e9d38e8d7ca65e573a126ed88d4e30a46f80a666854d675cf3ba81de0de043c3774f061560f55edc256a787afe701677c0f602900	
v0-bit-4-3	d75a980182b10ab7d54bfed3c964073a0ee172f3daa62325af021a68f707511a	b6b4699f8fd56126c9117a7da55bd0085246f4c56dbc95d20172612e9d38e8d7ca65e573a126ed88d4e30a46f80a666854d675cf3ba81de0de043c3774f061560f55edc256a787afe701677c0f602900	
v0-bit-4-4	d75a980182b10ab7d54bfed3c964073a0ee172f3daa62325af021a68f707511a	b6b4699f97d56126c9117a7da55bd0085246f4c56dbc95d20172612e9d38e8d7ca65e573a126ed88d4e30a46f80a666854d675cf3ba81de0de043c3774f061560f55edc256a787afe701677c0f602900	
v0-bit-4-5	d75a980182b10ab7d54bfed3c964073a0ee172f3daa62325af021a68f707511a	b6b4699fa7d56126c9117a7da55bd0085246f4c56dbc95d20172612e9d38e8d7ca65e573a126ed88d4e30a46f80a666854d675cf3ba81de0de043c3774f061560f55edc256a787afe701677c0f602900	
v0-bit-4-6	d75a980182b10ab7d54bfed3c964073a0ee172f3daa62325af021a68f707511a	b6b4699fc7d56126c9117a7da55bd0085246f4c56dbc95d20172612e9d38e8d7ca65e573a126ed88d4e30a46f80a666854d675cf3ba81de0de043c3774f061560f55edc256a787afe701677c0f602900	
v0-bit-4-7	d75a980182b10ab7d54bfed3c964073a0ee172f3daa62325af021a68f707511a	b6b4699f07d56126c9117a7da55bd0085246f4c56dbc95d20172612e9d38e8d7ca65e573a126ed88d4e30a46f80a666854d675cf3ba81de0de043c3774f061560f55edc256a787afe701677c0f602900	
v0-bit-5-0	d75a980182b10ab7d54bfed3c964073a0ee172f3daa62325af021a68f707511a	b6b4699f87d46126c9117a7da55bd0085246f4c56dbc95d20172612e9d38e8d7ca65e573a126ed88d4e30a46f80a666854d675cf3ba81de0de043c3774f061560f55edc256a787afe701677c0f602900	
v0-bit-5-1	d75a980182b10ab7d54bfed3c964073a0ee172f3daa62325af021a68f707511a	b6b4699f87d76126c9117a7da55bd0085246f4c56dbc95d20172612e9d38e8d7ca65e573a126ed88d4e30a46f80a666854d675cf3ba81de0de043c3774f061560f55edc256a787afe701677c0f602900	
v0-bit-5-2	d75a980182b10ab7d54bfed3c964073a0ee172f3daa62325af021a68f707511a	b6b4699f87d16126c9117a7da55bd0085246f4c56dbc95d20172612e9d38e8d7ca65e573a126ed88d4e30a46f80a666854d675cf3ba81de0de043c3774f061560f55edc256a787afe701677c0f602900	
v0-bit-5-3	d75a980182b10ab7d54bfed3c964073a0ee172f3daa62325af021a68f707511a	b6b4699f87dd6126c9117a7da55bd0085246f4c56dbc95d20172612e9d38e8d7ca65e573a126ed88d4e30a46f80a666854d675cf3ba81de0de043c3774f061560f55edc256a787afe701677c0f602900	
v0-bit-5-4	d75a980182b10ab7d54bfed3c964073a0ee172f3daa62325af021a68f707511a	b6b4699f87c56126c9117a7da55bd0085246f4c56dbc95d20172612e9d38e8d7ca65e573a126ed88d4e30a46f80a666854d675cf3ba81de0de043c3774f061560f55edc256a787afe701677c0f602900	
v0-bit-5-5	d75a980182b10ab7d54bfed3c964073a0ee172f3daa62325af021a68f707511a	b6b4699f87f56126c9117a7da55bd0085246f4c56dbc95d20172612e9d38e8d7ca65e573a126ed88d4e30a46f80a666854d675cf3ba81de0de043c3774f061560f55edc256a787afe701677c0f602900	
v0-bit-5-6	d75a980182b10ab7d54bfed3c964073a0ee172f3daa62325af021a68f707511a	b6b4699f87956126c9117a7da55bd0085246f4c56dbc95d20172612e9d38e8d7ca65e573a126ed88d4e30a46f80a666854d675cf3ba81de0de043c3774f061560f55edc256a787afe701677c0f602900	
v0-bit-5-7	d75a980182b10ab7d54bfed3c964073a0ee172f3daa62325af021a68f707511a	b6b4699f87556126c9117a7da55bd0085246f4c56dbc95d20172612e9d38e8d7ca65e573a126ed88d4e30a46f80a666854d675cf3ba81de0de043c3774f061560f55edc256a787afe701677c0f602900	
v0-bit-6-0	d75a980182b10ab7d54bfed3c964073a0ee172f3daa62325af021a68f707511a	b6b4699f87d56026c9117a7da55bd0085246f4c56dbc95d20172612e9d38e8d7ca65e573a126ed88d4e30a46f80a666854d675cf3ba81de0de043c3774f061560f55edc256a787afe701677c0f602900	
v0-bit-6-1	d75a980182b10ab7d54bfed3c964073a0ee172f3daa62325af021a68f707511a	b6b4699f87d56326c9117a7da55bd0085246f4c56dbc95d20172612e9d38e8d7ca65e573a126ed88d4e30a46f80a666854d675cf3ba81de0de043c3774f061560f55edc256a787afe701677c0f602900	
v0-bit-6-2	d75a980182b10ab7d54bfed3c964073a0ee172f3daa62325af021a68f707511a	b6b4699f87d56526c9117a7da55bd0085246f4c56dbc95d20172612e9d38e8d7ca65e573a126ed88d4e30a46f80a666854d675cf3ba81de0de043c3774f061560f55edc256a787afe701677c0f602900	
v0-bit-6-3	d75a980182b10ab7d54bfed3c964073a0ee172f3daa62325af021a68f707511a	b6b4699f87d56926c9117a7da55bd0085246f4c56dbc95d20172612e9d38e8d7ca65e573a126ed88d4e30a46f80a666854d675cf3ba81de0de043c3774f061560f55edc256a787afe701677c0f602900	
v0-bit-6-4	d75a980182b10ab7d54bfed3c964073a0ee172f3daa62325af021a68f707511a	b6b4699f87d57126c9117a7da55bd0085246f4c56dbc95d20172612e9d38e8d7ca65e573a126ed88d4e30a46f80a666854d675cf3ba81de0de043c3774f061560f55edc256a787afe701677c0f602900	
v0-bit-6-5	d75a980182b10ab7d54bfed3c964073a0ee172f3daa62325af021a68f707511a	b6b4699f87d54126c9117a7da55bd0085246f4c56dbc95d20172612e9d38e8d7ca65e573a126ed88d4e30a46f80a666854d675cf3ba81de0de043c3774f061560f55edc256a787afe701677c0f602900	
v0-bit-6-6	d75a980182b10ab7d54bfed3c964073a0ee172f3daa62325af021a68f707511a	b6b4699f87d52126c9117a7da55bd0085246f4c56dbc95d20172612e9d38e8d7ca65e573a126ed88d4e30a46f80a666854d675cf3ba81de0de043c3774f061560f55edc256a787afe701677c0f602900	
v0-bit-6-7	d75a980182b10ab7d54bfed3c964073a0ee172f3daa62325af021a68f707511a	b6b4699f87d5e126c9117a7da55bd0085246f4c56dbc95d20172612e9d38e8d7ca65e573a126ed88d4e30a46f80a666854d675cf3ba81de0de043c3774f061560f55edc256a787afe701677c0f602900	
v0-bit-7-0	d75a980182b10ab7d54bfed3c964073a0ee172f3daa62325af021a68f707511a	b6b4699f87d56127c9117a7da55bd0085246f4c56dbc95d20172612e9d38e8d7ca65e573a126ed88d4e30a46f80a666854d675cf3ba81de0de043c3774f061560f55edc256a787afe701677c0f602900	
v0-bit-7-1	d75a980182b10ab7d54bfed3c964073a0ee172f3daa62325af021a68f707511a	b6b4699f87d56124c9117a7da55bd0085246f4c56dbc95d20172612e9d38e8d7ca65e573a126ed88d4e30a46f80a666854d675cf3ba81de0de043c3774f061560f55edc256a787afe701677c0f602900	
v0-bit-7-2	d75a980182b10ab7d54bfed3c964073a0ee172f3daa62325af021a68f707511a	b6b4699f87d56122c9117a7da55bd0085246f4c56dbc95d20172612e9d38e8d7ca65e573a126ed88d4e30a46f80a666854d675cf3ba81de0de043c3774f061560f55edc256a787afe701677c0f602900	
v0-bit-7-3	d75a980182b10ab7d54bfed3c964073a0ee172f3daa62325af021a68f707511a	b6b4699f87d5612ec9117a7da55bd0085246f4c56dbc95d20172612e9d38e8d7ca65e573a126ed88d4e30a46f80a666854d675cf3ba81de0de043c3774f061560f55edc256a787afe701677c0f602900	
v0-bit-7-4	d75a980182b10ab7d54bfed3c964073a0ee172f3daa62325af021a68f707511a	b6b4699f87d56136c9117a7da55bd0085246f4c56dbc95d20172612e9d38e8d7ca65e573a126ed88d4e30a46f80a666854d675cf3ba81de0de043c3774f061560f55edc256a787afe701677c0f602900	
v0-bit-7-5	d75a980182b10ab7d54bfed3c964073a0ee172f3daa62325af021a68f707511a	b6b4699f87d56106c9117a7da55bd0085246f4c56dbc95d20172612e9d38e8d7ca65e573a126ed88d4e30a46f80a666854d675cf3ba81de0de043c3774f061560f55edc256a787afe701677c0f602900	
v0-bit-7-6	d75a980182b10ab7d54bfed3c964073a0ee172f3daa62325af021a68f707511a	b6b4699f87d56166c9117a7da55bd0085246f4c56dbc95d20172612e9d38e8d7ca65e573a126ed88d4e30a46f80a666854d675cf3ba81de0de043c3774f061560f55edc256a787afe701677c0f602900	
v0-bit-7-7	d75a980182b10ab7d54bfed3c964073a0ee172f3daa62325af021a68f707511a	b6b4699f87d561a6c9117a7da55bd0085246f4c56dbc95d20172612e9d38e8d7ca65e573a126ed88d4e30a46f80a666854d675cf3ba81de0de043c3774f061560f55edc256a787afe701677c0f602900	
v0-bit-8-0	d75a980182b10ab7d54bfed3c964073a0ee172f3daa62325af021a68f707511a	b6b4699f87d56126c8117a7da55bd0085246f4c56dbc95d20172612e9d38e8d7ca65e573a126ed88d4e30a46f80a666854d675cf3ba81de0de043c3774f061560f55edc256a787afe701677c0f602900	
v0-bit-8-1	d75a980182b10ab7d54bfed3c964073a0ee172f3daa62325af021a68f707511a	b6b4699f87d56126cb117a7da55bd0085246f4c56dbc95d20172612e9d38e8d7ca65e573a126ed88d4e30a46f80a666854d675cf3ba81de0de043c3774f061560f55edc256a787afe701677c0f602900	
v0-bit-8-2	d75a980182b10ab7d54bfed3c964073a0ee172f3daa62325af021a68f707511a	b6b4699f87d56126cd117a7da55bd0085246f4c56dbc95d20172612e9d38e8d7ca65e573a126ed88d4e30a46f80a666854d675cf3ba81de0de043c3774f061560f55edc256a787afe701677c0f602900	
v0-bit-8-3	d75a980182b10ab7d54bfed3c964073a0ee172f3daa62325af021a68f707511a	b6b4699f87d56126c1117a7da55bd0085246f4c56dbc95d20172612e9d38e8d7ca65e573a126ed88d4e30a46f80a666854d675cf3ba81de0de043c3774f061560f55edc256a787afe701677c0f602900	
v0-bit-8-4	d75a980182b10ab7d54bfed3c964073a0ee172f3daa62325af021a68f707511a	b6b4699f87d56126d9117a7da55bd0085246f4c56dbc95d20172612e9d38e8d7ca65e573a126ed88d4e30a46f80a666854d675cf3ba81de0de043c3774f061560f55edc256a787afe701677c0f602900	
v0-bit-8-5	d75a980182b10ab7d54bfed3c964073a0ee172f3daa62325af021a68f707511a	b6b4699f87d56126e9117a7da55bd0085246f4c56dbc95d20172612e9d38e8d7ca65e573a126ed88d4e30a46f80a666854d675cf3ba81de0de043c3774f061560f55edc256a787afe701677c0f602900	
v0-bit-8-6	d75a980182b10ab7d54bfed3c964073a0ee172f3daa62325af021a68f707511a	b6b4699f87d5612689117a7da55bd0085246f4c56dbc95d20172612e9d38e8d7ca65e573a126ed88d4e30a46f80a666854d675cf3ba81de0de043c3774f061560f55edc256a787afe701677c0f602900	
v0-bit-8-7	d75a980182b10ab7d54bfed3c964073a0ee172f3daa62325af021a68f707511a	b6b4699f87d5612649117a7da55bd0085246f4c56dbc95d20172612e9d38e8d7ca65e573a126ed88d4e30a46f80a666854d675cf3ba81de0de043c3774f061560f55edc256a787afe701677c0f602900	
v0-bit-9-0	d75a980182b10ab7d54bfed3c964073a0ee172f3daa62325af021a68f707511a	b6b4699f87d56126c9107a7da55bd0085246f4c56dbc95d20172612e9d38e8d7ca65e573a126ed88d4e30a46f80a666854d675cf3ba81de0de043c3774f061560f55edc256a787afe701677c0f602900	
v0-bit-9-1	d75a980182b10ab7d54bfed3c964073a0ee172f3daa62325af021a68f707511a	b6b4699f87d56126c9137a7da55bd0085246f4c56dbc95d20172612e9d38e8d7ca65e573a126ed88d4e30a46f80a666854d675cf3ba81de0de043c3774f061560f55edc256a787afe701677c0f602900	
v0-bit-9-2	d75a980182b10ab7d54bfed3c964073a0ee172f3daa62325af021a68f707511a	b6b4699f87d56126c9157a7da55bd0085246f4c56dbc95d20172612e9d38e8d7ca65e573a126ed88d4e30a46f80a666854d675cf3ba81de0de043c3774f061560f55edc256a787afe701677c0f602900	
v0-bit-9-3	d75a980182b10ab7d54bfed3c964073a0ee172f3daa62325af021a68f707511a	b6b4699f87d56126c9197a7da55bd0085246f4c56dbc95d20172612e9d38e8d7ca65e573a126ed88d4e30a46f80a666854d675cf3ba81de0de043c3774f061560f55edc256a787afe701677c0f602900	
v0-bit-9-4	d75a980182b10ab7d54bfed3c964073a0ee172f3daa62325af021a68f707511a	b6b4699f87d56126c9017a7da55bd0085246f4c56dbc95d20172612e9d38e8d7ca65e573a126ed88d4e30a46f80a666854d675cf3ba81de0de043c3774f061560f55edc256a787afe701677c0f602900	
v0-bit-9-5	d75a980182b10ab7d54bfed3c964073a0ee172f3daa62325af021a68f707511a	b6b4699f87d56126c9317a7da55bd0085246f4c56dbc95d20172612e9d38e8d7ca65e573a126ed88d4e30a46f80a666854d675cf3ba81de0de043c3774f061560f55edc256a787afe701677c0f602900	
v0-bit-9-6	d75a980182b10ab7d54bfed3c964073a0ee172f3daa62325af021a68f707511a	b6b4699f87d56126c9517a7da55bd0085246f4c56dbc95d20172612e9d38e8d7ca65e573a126ed88d4e30a46f80a666854d675cf3ba81de0de043c3774f061560f55edc256a787afe701677c0f602900	
v0-bit-9-7	d75a980182b10ab7d54bfed3c964073a0ee172f3daa62325af021a68f707511a	b6b4699f87d56126c9917a7da55bd0085246f4c56dbc95d20172612e9d38e8d7ca65e573a126ed88d4e30a46f80a666854d675cf3ba81de0de043c3774f061560f55edc256a787afe701677c0f602900	
v0-bit-10-0	d75a980182b10ab7d54bfed3c964073a0ee172f3daa62325af021a68f707511a	b6b4699f87d56126c9117b7da55bd0085246f4c56dbc95d20172612e9d38e8d7ca65e573a126ed88d4e30a46f80a666854d675cf3ba81de0de043c3774f061560f55edc256a787afe701677c0f602900	
v0-bit-10-1	d75a980182b10ab7d54bfed3c964073a0ee172f3daa62325af021a68f707511a	b6b4699f87d56126c911787da55bd0085246f4c56dbc95d20172612e9d38e8d7ca65e573a126ed88d4e30a46f80a666854d675cf3ba81de0de043c3774f061560f55edc256a787afe701677c0f602900	
v0-bit-10-2	d75a980182b10ab7d54bfed3c964073a0ee172f3daa62325af021a68f707511a	b6b4699f87d56126c9117e7da55bd0085246f4c56dbc95d20172612e9d38e8d7ca65e573a126ed88d4e30a46f80a666854d675cf3ba81de0de043c3774f061560f55edc256a787afe701677c0f602900	
v0-bit-10-3	d75a980182b10ab7d54bfed3c964073a0ee172f3daa62325af021a68f707511a	b6b4699f87d56126c911727da55bd0085246f4c56dbc95d20172612e9d38e8d7ca65e573a126ed88d4e30a46f80a666854d675cf3ba81de0de043c3774f061560f55edc256a787afe701677c0f602900	
v0-bit-10-4	d75a980182b10ab7d54bfed3c964073a0ee172f3daa62325af021a68f707511a	b6b4699f87d56126c9116a7da55bd0085246f4c56dbc95d20172612e9d38e8d7ca65e573a126ed88d4e30a46f80a666854d675cf3ba81de0de043c3774f061560f55edc256a787afe701677c0f602900	
v0-bit-10-5	d75a980182b10ab7d54bfed3c964073a0ee172f3daa62325af021a68f707511a	b6b4699f87d56126c9115a7da55bd0085246f4c56dbc95d20172612e9d38e8d7ca65e573a126ed88d4e30a46f80a666854d675cf3ba81de0de043c3774f061560f55edc256a787afe701677c0f602900	
v0-bit-10-6	d75a980182b10ab7d54bfed3c964073a0ee172f3daa62325af021a68f707511a	b6b4699f87d56126c9113a7da55bd0085246f4c56dbc95d20172612e9d38e8d7ca65e573a126ed88d4e30a46f80a666854d675cf3ba81de0de043c3774f061560f55edc256a787afe701677c0f602900	
v0-bit-10-7	d75a980182b10ab7d54bfed3c964073a0ee172f3daa62325af021a68f707511a	b6b4699f87d56126c911fa7da55bd0085246f4c56dbc95d20172612e9d38e8d7ca65e573a126ed88d4e30a46f80a666854d675cf3ba81de0de043c3774f061560f55edc256a787afe701677c0f602900	
v0-bit-11-0	d75a980182b10ab7d54bfed3c964073a0ee172f3daa62325af021a68f707511a	b6b4699f87d56126c9117a7ca55bd0085246f4c56dbc95d20172612e9d38e8d7ca65e573a126ed88d4e30a46f80a666854d675cf3ba81de0de043c3774f061560f55edc256a787afe701677c0f602900	
v0-bit-11-1	d75a980182b10ab7d54bfed3c964073a0ee172f3daa62325af021a68f707511a	b6b4699f87d56126c9117a7fa55bd0085246f4c56dbc95d20172612e9d38e8d7ca65e573a126ed88d4e30a46f80a666854d675cf3ba81de0de043c3774f061560f55edc256a787afe701677c0f602900	
v0-bit-11-2	d75a980182b10ab7d54bfed3c964073a0ee172f3daa62325af021a68f707511a	b6b4699f87d56126c9117a79a55bd0085246f4c56dbc95d20172612e9d38e8d7ca65e573a126ed88d4e30a46f80a666854d675cf3ba81de0de043c3774f061560f55edc256a787afe701677c0f602900	
v0-bit-11-3	d75a980182b10ab7d54bfed3c964073a0ee172f3daa62325af021a68f707511a	b6b4699f87d56126c9117a75a55bd0085246f4c56dbc95d20172612e9d38e8d7ca65e573a126ed88d4e30a46f80a666854d675cf3ba81de0de043c3774f061560f55edc256a787afe701677c0f602900	
v0-bit-11-4	d75a980182b10ab7d54bfed3c964073a0ee172f3daa62325af021a68f707511a	b6b4699f87d56126c9117a6da55bd0085246f4c56dbc95d20172612e9d38e8d7ca65e573a126ed88d4e30a46f80a666854d675cf3ba81de0de043c3774f061560f55edc256a787afe701677c0f602900	
v0-bit-11-5	d75a980182b10ab7d54bfed3c964073a0ee172f3daa62325af021a68f707511a	b6b4699f87d56126c9117a5da55bd0085246f4c56dbc95d20172612e9d38e8d7ca65e573a126ed88d4e30a46f80a666854d675cf3ba81de0de043c3774f061560f55edc256a787afe701677c0f602900	
v0-bit-11-6	d75a980182b10ab7d54bfed3c964073a0ee172f3daa62325af021a68f707511a	b6b4699f87d56126c9117a3da55bd0085246f4c56dbc95d20172612e9d38e8d7ca65e573a126ed88d4e30a46f80a666854d675cf3ba81de0de043c3774f061560f55edc256a787afe701677c0f602900	
v0-bit-11-7	d75a980182b10ab7d54bfed3c964073a0ee172f3daa62325af021a68f707511a	b6b4699f87d56126c9117afda55bd0085246f4c56dbc95d20172612e9d38e8d7ca65e573a126ed88d4e30a46f80a666854d675cf3ba81de0de043c3774f061560f55edc256a787afe701677c0f602900	
v0-bit-12-0	d75a980182b10ab7d54bfed3c964073a0ee172f3daa62325af021a68f707511a	b6b4699f87d56126c9117a7da45bd0085246f4c56dbc95d20172612e9d38e8d7ca65e573a126ed88d4e30a46f80a666854d675cf3ba81de0de043c3774f061560f55edc256a787afe701677c0f602900	
v0-bit-12-1	d75a980182b10ab7d54bfed3c964073a0ee172f3daa62325af021a68f707511a	b6b4699f87d56126c9117a7da75bd0085246f4c56dbc95d20172612e9d38e8d7ca65e573a126ed88d4e30a46f80a666854d675cf3ba81de0de043c3774f061560f55edc256a787afe701677c0f602900	
v0-bit-12-2	d75a980182b10ab7d54bfed3c964073a0ee172f3daa62325af021a68f707511a	b6b4699f87d56126c9117a7da15bd0085246f4c56dbc95d20172612e9d38e8d7ca65e573a126ed88d4e30a46f80a666854d675cf3ba81de0de043c3774f061560f55edc256a787afe701677c0f602900	
v0-bit-12-3	d75a980182b10ab7d54bfed3c964073a0ee172f3daa62325af021a68f707511a	b6b4699f87d56126c9117a7dad5bd0085246f4c56dbc95d20172612e9d38e8d7ca65e573a126ed88d4e30a46f80a666854d675cf3ba81de0de043c3774f061560f55edc256a787afe701677c0f602900	
v0-bit-12-4	d75a980182b10ab7d54bfed3c964073a0ee172f3daa62325af021a68f707511a	b6b4699f87d56126c9117a7db55bd0085246f4c56dbc95d20172612e9d38e8d7ca65e573a126ed88d4e30a46f80a666854d675cf3ba81de0de043c3774f061560f55edc256a787afe701677c0f602900	
v0-bit-12-5	d75a980182b10ab7d54bfed3c964073a0ee172f3daa62325af021a68f707511a	b6b4699f87d56126c9117a7d855bd0085246f4c56dbc95d20172612e9d38e8d7ca65e573a126ed88d4e30a46f80a666854d675cf3ba81de0de043c3774f061560f55edc256a787afe701677c0f602900	
v0-bit-12-6	d75a980182b10ab7d54bfed3c964073a0ee172f3daa62325af021a68f707511a	b6b4699f87d56126c9117a7de55bd0085246f4c56dbc95d20172612e9d38e8d7ca65e573a126ed88d4e30a46f80a666854d675cf3ba81de0de043c3774f061560f55edc256a787afe701677c0f602900	
v0-bit-12-7	d75a980182b10ab7d54bfed3c964073a0ee172f3daa62325af021a68f707511a	b6b4699f87d56126c9117a7d255bd0085246f4c56dbc95d20172612e9d38e8d7ca65e573a126ed88d4e30a46f80a666854d675cf3ba81de0de043c3774f061560f55edc256a787afe701677c0f602900	
v0-bit-13-0	d75a980182b10ab7d54bfed3c964073a0ee172f3daa62325af021a68f707511a	b6b4699f87d56126c9117a7da55ad0085246f4c56dbc95d20172612e9d38e8d7ca65e573a126ed88d4e30a46f80a666854d675cf3ba81de0de043c3774f061560f55edc256a787afe701677c0f602900	
v0-bit-13-1	d75a980182b10ab7d54bfed3c964073a0ee172f3daa62325af021a68f707511a	b6b4699f87d56126c9117a7da559d0085246f4c56dbc95d20172612e9d38e8d7ca65e573a126ed88d4e30a46f80a666854d675cf3ba81de0de043c3774f061560f55edc256a787afe701677c0f602900	
v0-bit-13-2	d75a980182b10ab7d54bfed3c964073a0ee172f3daa62325af021a68f707511a	b6b4699f87d56126c9117a7da55fd0085246f4c56dbc95d20172612e9d38e8d7ca65e573a126ed88d4e30a46f80a666854d675cf3ba81de0de043c3774f061560f55edc256a787afe701677c0f602900	
v0-bit-13-3	d75a980182b10ab7d54bfed3c964073a0ee172f3daa62325af021a68f707511a	b6b4699f87d56126c9117a7da553d0085246f4c56dbc95d20172612e9d38e8d7ca65e573a126ed88d4e30a46f80a666854d675cf3ba81de0de043c3774f061560f55edc256a787afe701677c0f602900	
v0-bit-13-4	d75a980182b10ab7d54bfed3c964073a0ee172f3daa62325af021a68f707511a	b6b4699f87d56126c9117a7da54bd0085246f4c56dbc95d20172612e9d38e8d7ca65e573a126ed88d4e30a46f80a666854d675cf3ba81de0de043c3774f061560f55edc256a787afe701677c0f602900	
v0-bit-13-5	d75a980182b10ab7d54bfed3c964073a0ee172f3daa62325af021a68f707511a	b6b4699f87d56126c9117a7da57bd0085246f4c56dbc95d20172612e9d38e8d7ca65e573a126ed88d4e30a46f80a666854d675cf3ba81de0de043c3774f061560f55edc256a787afe701677c0f602900	
v0-bit-13-6	d75a980182b10ab7d54bfed3c964073a0ee172f3daa62325af021a68f707511a	b6b4699f87d56126c9117a7da51bd0085246f4c56dbc95d20172612e9d38e8d7ca65e573a126ed88d4e30a46f80a666854d675cf3ba81de0de043c3774f061560f55edc256a787afe701677c0f602900	
v0-bit-13-7	d75a980182b10ab7d54bfed3c964073a0ee172f3daa62325af021a68f707511a	b6b4699f87d56126c9117a7da5dbd0085246f4c56dbc95d20172612e9d38e8d7ca65e573a126ed88d4e30a46f80a666854d675cf3ba81de0de043c3774f061560f55edc256a787afe701677c0f602900	
v0-bit-14-0	d75a980182b10ab7d54bfed3c964073a0ee172f3daa62325af021a68f707511a	b6b4699f87d56126c9117a7da55bd1085246f4c56dbc95d20172612e9d38e8d7ca65e573a126ed88d4e30a46f80a666854d675cf3ba81de0de043c3774f061560f55edc256a787afe701677c0f602900	
v0-bit-14-1	d75a980182b10ab7d54bfed3c964073a0ee172f3daa62325af021a68f707511a	b6b4699f87d56126c9117a7da55bd2085246f4c56dbc95d20172612e9d38e8d7ca65e573a126ed88d4e30a46f80a666854d675cf3ba81de0de043c3774f061560f55edc256a787afe701677c0f602900	
v0-bit-14-2	d75a980182b10ab7d54bfed3c964073a0ee172f3daa62325af021a68f707511a	b6b4699f87d56126c9117a7da55bd4085246f4c56dbc95d20172612e9d38e8d7ca65e573a126ed88d4e30a46f80a666854d675cf3ba81de0de043c3774f061560f55edc256a787afe701677c0f602900	
v0-bit-14-3	d75a980182b10ab7d54bfed3c964073a0ee172f3daa62325af021a68f707511a	b6b4699f87d56126c9117a7da55bd8085246f4c56dbc95d20172612e9d38e8d7ca65e573a126ed88d4e30a46f80a666854d675cf3ba81de0de043c3774f061560f55edc256a787afe701677c0f602900	
v0-bit-14-4	d75a980182b10ab7d54bfed3c964073a0ee172f3daa62325af021a68f707511a	b6b4699f87d56126c9117a7da55bc0085246f4c56dbc95d20172612e9d38e8d7ca65e573a126ed88d4e30a46f80a666854d675cf3ba81de0de043c3774f061560f55edc256a787afe701677c0f602900	
v0-bit-14-5	d75a980182b10ab7d54bfed3c964073a0ee172f3daa62325af021a68f707511a	b6b4699f87d56126c9117a7da55bf0085246f4c56dbc95d20172612e9d38e8d7ca65e573a126ed88d4e30a46f80a666854d675cf3ba81de0de043c3774f061560f55edc256a787afe701677c0f602900	
v0-bit-14-6	d75a980182b10ab7d54bfed3c964073a0ee172f3daa62325af021a68f707511a	b6b4699f87d56126c9117a7da55b90085246f4c56dbc95d20172612e9d38e8d7ca65e573a126ed88d4e30a46f80a666854d675cf3ba81de0de043c3774f061560f55edc256a787afe701677c0f602900	
v0-bit-14-7	d75a980182b10ab7d54bfed3c964073a0ee172f3daa62325af021a68f707511a	b6b4699f87d56126c9117a7da55b50085246f4c56dbc95d20172612e9d38e8d7ca65e573a126ed88d4e30a46f80a666854d675cf3ba81de0de043c3774f061560f55edc256a787afe701677c0f602900	
v0-bit-15-0	d75a980182b10ab7d54bfed3c964073a0ee172f3daa62325af021a68f707511a	b6b4699f87d56126c9117a7da55bd0095246f4c56dbc95d20172612e9d38e8d7ca65e573a126ed88d4e30a46f80a666854d675cf3ba81de0de043c3774f061560f55edc256a787afe701677c0f602900	
v0-bit-15-1	d75a980182b10ab7d54bfed3c964073a0ee172f3daa62325af021a68f707511a	b6b4699f87d56126c9117a7da55bd00a5246f4c56dbc95d20172612e9d38e8d7ca65e573a126ed88d4e30a46f80a666854d675cf3ba81de0de043c3774f061560f55edc256a787afe701677c0f602900	
v0-bit-15-2	d75a980182b10ab7d54bfed3c964073a0ee172f3daa62325af021a68f707511a	b6b4699f87d56126c9117a7da55bd00c5246f4c56dbc95d20172612e9d38e8d7ca65e573a126ed88d4e30a46f80a666854d675cf3ba81de0de043c3774f061560f55edc256a787afe701677c0f602900	
v0-bit-15-3	d75a980182b10ab7d54bfed3c964073a0ee172f3daa62325af021a68f707511a	b6b4699f87d56126c9117a7da55bd0005246f4c56dbc95d20172612e9d38e8d7ca65e573a126ed88d4e30a46f80a666854d675cf3ba81de0de043c3774f061560f55edc256a787afe701677c0f602900	
v0-bit-15-4	d75a980182b10ab7d54bfed3c964073a0ee172f3daa62325af021a68f707511a	b6b4699f87d56126c9117a7da55bd0185246f4c56dbc95d20172612e9d38e8d7ca65e573a126ed88d4e30a46f80a666854d675cf3ba81de0de043c3774f061560f55edc256a787afe701677c0f602900	
v0-bit-15-5	d75a980182b10ab7d54bfed3c964073a0ee172f3daa62325af021a68f707511a	b6b4699f87d56126c9117a7da55bd0285246f4c56dbc95d20172612e9d38e8d7ca65e573a126ed88d4e30a46f80a666854d675cf3ba81de0de043c3774f061560f55edc256a787afe701677c0f602900	
v0-bit-15-6	d75a980182b10ab7d54bfed3c964073a0ee172f3daa62325af021a68f707511a	b6b4699f87d56126c9117a7da55bd0485246f4c56dbc95d20172612e9d38e8d7ca65e573a126ed88d4e30a46f80a666854d675cf3ba81de0de043c3774f061560f55edc256a787afe701677c0f602900	
v0-bit-15-7	d75a980182b10ab7d54bfed3c964073a0ee172f3daa62325af021a68f707511a	b6b4699f87d56126c9117a7da55bd0885246f4c56dbc95d20172612e9d38e8d7ca65e573a126ed88d4e30a46f80a666854d675cf3ba81de0de043c3774f061560f55edc256a787afe701677c0f602900	
v0-bit-16-0	d75a980182b10ab7d54bfed3c964073a0ee172f3daa62325af021a68f707511a	b6b4699f87d56126c9117a7da55bd0085346f4c56dbc95d20172612e9d38e8d7ca65e573a126ed88d4e30a46f80a666854d675cf3ba81de0de043c3774f061560f55edc256a787afe701677c0f602900	
v0-bit-16-1	d75a980182b10ab7d54bfed3c964073a0ee172f3daa62325af021a68f707511a	b6b4699f87d56126c9117a7da55bd0085046f4c56dbc95d20172612e9d38e8d7ca65e573a126ed88d4e30a46f80a666854d675cf3ba81de0de043c3774f061560f55edc256a787afe701677c0f602900	
v0-bit-16-2	d75a980182b10ab7d54bfed3c964073a0ee172f3daa62325af021a68f707511a	b6b4699f87d56126c9117a7da55bd0085646f4c56dbc95d20172612e9d38e8d7ca65e573a126ed88d4e30a46f80a666854d675cf3ba81de0de043c3774f061560f55edc256a787afe701677c0f602900	
v0-bit-16-3	d75a980182b10ab7d54bfed3c964073a0ee172f3daa62325af021a68f707511a	b6b4699f87d56126c9117a7da55bd0085a46f4c56dbc95d20172612e9d38e8d7ca65e573a126ed88d4e30a46f80a666854d675cf3ba81de0de043c3774f061560f55edc256a787afe701677c0f602900	
v0-bit-16-4	d75a980182b10ab7d54bfed3c964073a0ee172f3daa62325af021a68f707511a	b6b4699f87d56126c9117a7da55bd0084246f4c56dbc95d20172612e9d38e8d7ca65e573a126ed88d4e30a46f80a666854d675cf3ba81de0de043c3774f061560f55edc256a787afe701677c0f602900	
v0-bit-16-5	d75a980182b10ab7d54bfed3c964073a0ee172f3daa62325af021a68f707511a	b6b4699f87d56126c9117a7da55bd0087246f4c56dbc95d20172612e9d38e8d7ca65e573a126ed88d4e30a46f80a666854d675cf3ba81de0de043c3774f061560f55edc256a787afe701677c0f602900	
v0-bit-16-6	d75a980182b10ab7d54bfed3c964073a0ee172f3daa62325af021a68f707511a	b6b4699f87d56126c9117a7da55bd0081246f4c56dbc95d20172612e9d38e8d7ca65e573a126ed88d4e30a46f80a666854d675cf3ba81de0de043c3774f061560f55edc256a787afe701677c0f602900	
v0-bit-16-7	d75a980182b10ab7d54bfed3c964073a0ee172f3daa62325af021a68f707511a	b6b4699f87d56126c9117a7da55bd008d246f4c56dbc95d20172612e9d38e8d7ca65e573a126ed88d4e30a46f80a666854d675cf3ba81de0de043c3774f061560f55edc256a787afe701677c0f602900	
v0-bit-17-0	d75a980182b10ab7d54bfed3c964073a0ee172f3daa62325af021a68f707511a	b6b4699f87d56126c9117a7da55bd0085247f4c56dbc95d20172612e9d38e8d7ca65e573a126ed88d4e30a46f80a666854d675cf3ba81de0de043c3774f061560f55edc256a787afe701677c0f602900	
v0-bit-17-1	d75a980182b10ab7d54bfed3c964073a0ee172f3daa62325af021a68f707511a	b6b4699f87d56126c9117a7da55bd0085244f4c56dbc95d20172612e9d38e8d7ca65e573a126ed88d4e30a46f80a666854d675cf3ba81de0de043c3774f061560f55edc256a787afe701677c0f602900	
v0-bit-17-2	d75a980182b10ab7d54bfed3c964073a0ee172f3daa62325af021a68f707511a	b6b4699f87d56126c9117a7da55bd0085242f4c56dbc95d20172612e9d38e8d7ca65e573a126ed88d4e30a46f80a666854d675cf3ba81de0de043c3774f061560f55edc256a787afe701677c0f602900	
v0-bit-17-3	d75a980182b10ab7d54bfed3c964073a0ee172f3daa62325af021a68f707511a	b6b4699f87d56126c9117a7da55bd008524ef4c56dbc95d20172612e9d38e8d7ca65e573a126ed88d4e30a46f80a666854d675cf3ba81de0de043c3774f061560f55edc256a787afe701677c0f602900	
v0-bit-17-4	d75a980182b10ab7d54bfed3c964073a0ee172f3daa62325af021a68f707511a	b6b4699f87d56126c9117a7da55bd0085256f4c56dbc95d20172612e9d38e8d7ca65e573a126ed88d4e30a46f80a666854d675cf3ba81de0de043c3774f061560f55edc256a787afe701677c0f602900	
v0-bit-17-5	d75a980182b10ab7d54bfed3c964073a0ee172f3daa62325af021a68f707511a	b6b4699f87d56126c9117a7da55bd0085266f4c56dbc95d20172612e9d38e8d7ca65e573a126ed88d4e30a46f80a666854d675cf3ba81de0de043c3774f061560f55edc256a787afe701677c0f602900	
v0-bit-17-6	d75a980182b10ab7d54bfed3c964073a0ee172f3daa62325af021a68f707511a	b6b4699f87d56126c9117a7da55bd0085206f4c56dbc95d20172612e9d38e8d7ca65e573a126ed88d4e30a46f80a666854d675cf3ba81de0de043c3774f061560f55edc256a787afe701677c0f602900	
v0-bit-17-7	d75a980182b10ab7d54bfed3c964073a0ee172f3daa62325af021a68f707511a	b6b4699f87d56126c9117a7da55bd00852c6f4c56dbc95d20172612e9d38e8d7ca65e573a126ed88d4e30a46f80a666854d675cf3ba81de0de043c3774f061560f55edc256a787afe701677c0f602900	
v0-bit-18-0	d75a980182b10ab7d54bfed3c964073a0ee172f3daa62325af021a68f707511a	b6b4699f87d56126c9117a7da55bd0085246f5c56dbc95d20172612e9d38e8d7ca65e573a126ed88d4e30a46f80a666854d675cf3ba81de0de043c3774f061560f55edc256a787afe701677c0f602900	
v0-bit-18-1	d75a980182b10ab7d54bfed3c964073a0ee172f3daa62325af021a68f707511a	b6b4699f87d56126c9117a7da55bd0085246f6c56dbc95d20172612e9d38e8d7ca65e573a126ed88d4e30a46f80a666854d675cf3ba81de0de043c3774f061560f55edc256a787afe701677c0f602900	
v0-bit-18-2	d75a980182b10ab7d54bfed3c964073a0ee172f3daa62325af021a68f707511a	b6b4699f87d56126c9117a7da55bd0085246f0c56dbc95d20172612e9d38e8d7ca65e573a126ed88d4e30a46f80a666854d675cf3ba81de0de043c3774f061560f55edc256a787afe701677c0f602900	
v0-bit-18-3	d75a980182b10ab7d54bfed3c964073a0ee172f3daa62325af021a68f707511a	b6b4699f87d56126c9117a7da55bd0085246fcc56dbc95d20172612e9d38e8d7ca65e573a126ed88d4e30a46f80a666854d675cf3ba81de0de043c3774f061560f55edc256a787afe701677c0f602900	
v0-bit-18-4	d75a980182b10ab7d54bfed3c964073a0ee172f3daa62325af021a68f707511a	b6b4699f87d56126c9117a7da55bd0085246e4c56dbc95d20172612e9d38e8d7ca65e573a126ed88d4e30a46f80a666854d675cf3ba81de0de043c3774f061560f55edc256a787afe701677c0f602900	
v0-bit-18-5	d75a980182b10ab7d54bfed3c964073a0ee172f3daa62325af021a68f707511a	b6b4699f87d56126c9117a7da55bd0085246d4c56dbc95d20172612e9d38e8d7ca65e573a126ed88d4e30a46f80a666854d675cf3ba81de0de043c3774f061560f55edc256a787afe701677c0f602900	
v0-bit-18-6	d75a980182b10ab7d54bfed3c964073a0ee172f3daa62325af021a68f707511a	b6b4699f87d56126c9117a7da55bd0085246b4c56dbc95d20172612e9d38e8d7ca65e573a126ed88d4e30a46f80a666854d675cf3ba81de0de043c3774f061560f55edc256a787afe701677c0f602900	
v0-bit-18-7	d75a980182b10ab7d54bfed3c964073a0ee172f3daa62325af021a68f707511a	b6b4699f87d56126c9117a7da55bd008524674c56dbc95d20172612e9d38e8d7ca65e573a126ed88d4e30a46f80a666854d675cf3ba81de0de043c3774f061560f55edc256a787afe701677c0f602900	
v0-bit-19-0	d75a980182b10ab7d54bfed3c964073a0ee172f3daa62325af021a68f707511a	b6b4699f87d56126c9117a7da55bd0085246f4c46dbc95d20172612e9d38e8d7ca65e573a126ed88d4e30a46f80a666854d675cf3ba81de0de043c3774f061560f55edc256a787afe701677c0f602900	
v0-bit-19-1	d75a980182b10ab7d54bfed3c964073a0ee172f3daa62325af021a68f707511a	b6b4699f87d56126c9117a7da55bd0085246f4c76dbc95d20172612e9d38e8d7ca65e573a126ed88d4e30a46f80a666854d675cf3ba81de0de043c3774f061560f55edc256a787afe701677c0f602900	
v0-bit-19-2	d75a980182b10ab7d54bfed3c964073a0ee172f3daa62325af021a68f707511a	b6b4699f87d56126c9117a7da55bd0085246f4c16dbc95d20172612e9d38e8d7ca65e573a126ed88d4e30a46f80a666854d675cf3ba81de0de043c3774f061560f55edc256a787afe701677c0f602900	
v0-bit-19-3	d75a980182b10ab7d54bfed3c964073a0ee172f3daa62325af021a68f707511a	b6b4699f87d56126c9117a7da55bd0085246f4cd6dbc95d20172612e9d38e8d7ca65e573a126ed88d4e30a46f80a666854d675cf3ba81de0de043c3774f061560f55edc256a787afe701677c0f602900	
v0-bit-19-4	d75a980182b10ab7d54bfed3c964073a0ee172f3daa62325af021a68f707511a	b6b4699f87d56126c9117a7da55bd0085246f4d56dbc95d20172612e9d38e8d7ca65e573a126ed88d4e30a46f80a666854d675cf3ba81de0de043c3774f061560f55edc256a787afe701677c0f602900	
v0-bit-19-5	d75a980182b10ab7d54bfed3c964073a0ee172f3daa62325af021a68f707511a	b6b4699f87d56126c9117a7da55bd0085246f4e56dbc95d20172612e9d38e8d7ca65e573a126ed88d4e30a46f80a666854d675cf3ba81de0de043c3774f061560f55edc256a787afe701677c0f602900	
v0-bit-19-6	d75a980182b10ab7d54bfed3c964073a0ee172f3daa62325af021a68f707511a	b6b4699f87d56126c9117a7da55bd0085246f4856dbc95d20172612e9d38e8d7ca65e573a126ed88d4e30a46f80a666854d675cf3ba81de0de043c3774f061560f55edc256a787afe701677c0f602900	
v0-bit-19-7	d75a980182b10ab7d54bfed3c964073a0ee172f3daa62325af021a68f707511a	b6b4699f87d56126c9117a7da55bd0085246f4456dbc95d20172612e9d38e8d7ca65e573a126ed88d4e30a46f80a666854d675cf3ba81de0de043c3774f061560f55edc256a787afe701677c0f602900	
v0-bit-20-0	d75a980182b10ab7d54bfed3c964073a0ee172f3daa62325af021a68f707511a	b6b4699f87d56126c9117a7da55bd0085246f4c56cbc95d20172612e9d38e8d7ca65e573a126ed88d4e30a46f80a666854d675cf3ba81de0de043c3774f061560f55edc256a787afe701677c0f602900	
v0-bit-20-1	d75a980182b10ab7d54bfed3c964073a0ee172f3daa62325af021a68f707511a	b6b4699f87d56126c9117a7da55bd0085246f4c56fbc95d20172612e9d38e8d7ca65e573a126ed88d4e30a46f80a666854d675cf3ba81de0de043c3774f061560f55edc256a787afe701677c0f602900	
v0-bit-20-2	d75a980182b10ab7d54bfed3c964073a0ee172f3daa62325af021a68f707511a	b6b4699f87d56126c9117a7da55bd0085246f4c569bc95d20172612e9d38e8d7ca65e573a126ed88d4e30a46f80a666854d675cf3ba81de0de043c3774f061560f55edc256a787afe701677c0f602900	
v0-bit-20-3	d75a980182b10ab7d54bfed3c964073a0ee172f3daa62325af021a68f707511a	b6b4699f87d56126c9117a7da55bd0085246f4c565bc95d20172612e9d38e8d7ca65e573a126ed88d4e30a46f80a666854d675cf3ba81de0de043c3774f061560f55edc256a787afe701677c0f602900	
v0-bit-20-4	d75a980182b10ab7d54bfed3c964073a0ee172f3daa62325af021a68f707511a	b6b4699f87d56126c9117a7da55bd0085246f4c57dbc95d20172612e9d38e8d7ca65e573a126ed88d4e30a46f80a666854d675cf3ba81de0de043c3774f061560f55edc256a787afe701677c0f602900	
v0-bit-20-5	d75a980182b10ab7d54bfed3c964073a0ee172f3daa62325af021a68f707511a	b6b4699f87d56126c9117a7da55bd0085246f4c54dbc95d20172612e9d38e8d7ca65e573a126ed88d4e30a46f80a666854d675cf3ba81de0de043c3774f061560f55edc256a787afe701677c0f602900	
v0-bit-20-6	d75a980182b10ab7d54bfed3c964073a0ee172f3daa62325af021a68f707511a	b6b4699f87d56126c9117a7da55bd0085246f4c52dbc95d20172612e9d38e8d7ca65e573a126ed88d4e30a46f80a666854d675cf3ba81de0de043c3774f061560f55edc256a787afe701677c0f602900	
v0-bit-20-7	d75a980182b10ab7d54bfed3c964073a0ee172f3daa62325af021a68f707511a	b6b4699f87d56126c9117a7da55bd0085246f4c5edbc95d20172612e9d38e8d7ca65e573a126ed88d4e30a46f80a666854d675cf3ba81de0de043c3774f061560f55edc256a787afe701677c0f602900	
v0-bit-21-0	d75a980182b10ab7d54bfed3c964073a0ee172f3daa62325af021a68f707511a	b6b4699f87d56126c9117a7da55bd0085246f4c56dbd95d20172612e9d38e8d7ca65e573a126ed88d4e30a46f80a666854d675cf3ba81de0de043c3774f061560f55edc256a787afe701677c0f602900	
v0-bit-21-1	d75a980182b10ab7d54bfed3c964073a0ee172f3daa62325af021a68f707511a	b6b4699f87d56126c9117a7da55bd0085246f4c56dbe95d20172612e9d38e8d7ca65e573a126ed88d4e30a46f80a666854d675cf3ba81de0de043c3774f061560f55edc256a787afe701677c0f602900	
v0-bit-21-2	d75a980182b10ab7d54bfed3c964073a0ee172f3daa62325af021a68f707511a	b6b4699f87d56126c9117a7da55bd0085246f4c56db895d20172612e9d38e8d7ca65e573a126ed88d4e30a46f80a666854d675cf3ba81de0de043c3774f061560f55edc256a787afe701677c0f602900	
v0-bit-21-3	d75a980182b10ab7d54bfed3c964073a0ee172f3daa62325af021a68f707511a	b6b4699f87d56126c9117a7da55bd0085246f4c56db495d20172612e9d38e8d7ca65e573a126ed88d4e30a46f80a666854d675cf3ba81de0de043c3774f061560f55edc256a787afe701677c0f602900	
v0-bit-21-4	d75a980182b10ab7d54bfed3c964073a0ee172f3daa62325af021a68f707511a	b6b4699f87d56126c9117a7da55bd0085246f4c56dac95d20172612e9d38e8d7ca65e573a126ed88d4e30a46f80a666854d675cf3ba81de0de043c3774f061560f55edc256a787afe701677c0f602900	
v0-bit-21-5	d75a980182b10ab7d54bfed3c964073a0ee172f3daa62325af021a68f707511a	b6b4699f87d56126c9117a7da55bd0085246f4c56d9c95d20172612e9d38e8d7ca65e573a126ed88d4e30a46f80a666854d675cf3ba81de0de043c3774f061560f55edc256a787afe701677c0f602900	
v0-bit-21-6	d75a980182b10ab7d54bfed3c964073a0ee172f3daa62325af021a68f707511a	b6b4699f87d56126c9117a7da55bd0085246f4c56dfc95d20172612e9d38e8d7ca65e573a126ed88d4e30a46f80a666854d675cf3ba81de0de043c3774f061560f55edc256a787afe701677c0f602900	
v0-bit-21-7	d75a980182b10ab7d54bfed3c964073a0ee172f3daa62325af021a68f707511a	b6b4699f87d56126c9117a7da55bd0085246f4c56d3c95d20172612e9d38e8d7ca65e573a126ed88d4e30a46f80a666854d675cf3ba81de0de043c3774f061560f55edc256a787afe701677c0f602900	
v0-bit-22-0	d75a980182b10ab7d54bfed3c964073a0ee172f3daa62325af021a68f707511a	b6b4699f87d56126c9117a7da55bd0085246f4c56dbc94d20172612e9d38e8d7ca65e573a126ed88d4e30a46f80a666854d675cf3ba81de0de043c3774f061560f55edc256a787afe701677c0f602900	
v0-bit-22-1	d75a980182b10ab7d54bfed3c964073a0ee172f3daa62325af021a68f707511a	b6b4699f87d56126c9117a7da55bd0085246f4c56dbc97d20172612e9d38e8d7ca65e573a126ed88d4e30a46f80a666854d675cf3ba81de0de043c3774f061560f55edc256a787afe701677c0f602900	
v0-bit-22-2	d75a980182b10ab7d54bfed3c964073a0ee172f3daa62325af021a68f707511a	b6b4699f87d56126c9117a7da55bd0085246f4c56dbc91d20172612e9d38e8d7ca65e573a126ed88d4e30a46f80a666854d675cf3ba81de0de043c3774f061560f55edc256a787afe701677c0f602900	
v0-bit-22-3	d75a980182b10ab7d54bfed3c964073a0ee172f3daa62325af021a68f707511a	b6b4699f87d56126c9117a7da55bd0085246f4c56dbc9dd20172612e9d38e8d7ca65e573a126ed88d4e30a46f80a666854d675cf3ba81de0de043c3774f061560f55edc256a787afe701677c0f602900	
v0-bit-22-4	d75a980182b10ab7d54bfed3c964073a0ee172f3daa62325af021a68f707511a	b6b4699f87d56126c9117a7da55bd0085246f4c56dbc85d20172612e9d38e8d7ca65e573a126ed88d4e30a46f80a666854d675cf3ba81de0de043c3774f061560f55edc256a787afe701677c0f602900	
v0-bit-22-5	d75a980182b10ab7d54bfed3c964073a0ee172f3daa62325af021a68f707511a	b6b4699f87d56126c9117a7da55bd0085246f4c56dbcb5d20172612e9d38e8d7ca65e573a126ed88d4e30a46f80a666854d675cf3ba81de0de043c3774f061560f55edc256a787afe701677c0f602900	
v0-bit-22-6	d75a980182b10ab7d54bfed3c964073a0ee172f3daa62325af021a68f707511a	b6b4699f87d56126c9117a7da55bd0085246f4c56dbcd5d20172612e9d38e8d7ca65e573a126ed88d4e30a46f80a666854d675cf3ba81de0de043c3774f061560f55edc256a787afe701677c0f602900	
v0-bit-22-7	d75a980182b10ab7d54bfed3c964073a0ee172f3daa62325af021a68f707511a	b6b4699f87d56126c9117a7da55bd0085246f4c56dbc15d20172612e9d38e8d7ca65e573a126ed88d4e30a46f80a666854d675cf3ba81de0de043c3774f061560f55edc256a787afe701677c0f602900	
v0-bit-23-0	d75a980182b10ab7d54bfed3c964073a0ee172f3daa62325af021a68f707511a	b6b4699f87d56126c9117a7da55bd0085246f4c56dbc95d30172612e9d38e8d7ca65e573a126ed88d4e30a46f80a666854d675cf3ba81de0de043c3774f061560f55edc256a787afe701677c0f602900	
v0-bit-23-1	d75a980182b10ab7d54bfed3c964073a0ee172f3daa62325af021a68f707511a	b6b4699f87d56126c9117a7da55bd0085246f4c56dbc95d00172612e9d38e8d7ca65e573a126ed88d4e30a46f80a666854d675cf3ba81de0de043c3774f061560f55edc256a787afe701677c0f602900	
v0-bit-23-2	d75a980182b10ab7d54bfed3c964073a0ee172f3daa62325af021a68f707511a	b6b4699f87d56126c9117a7da55bd0085246f4c56dbc95d60172612e9d38e8d7ca65e573a126ed88d4e30a46f80a666854d675cf3ba81de0de043c3774f061560f55edc256a787afe701677c0f602900	
v0-bit-23-3	d75a980182b10ab7d54bfed3c964073a0ee172f3daa62325af021a68f707511a	b6b4699f87d56126c9117a7da55bd0085246f4c56dbc95da0172612e9d38e8d7ca65e573a126ed88d4e30a46f80a666854d675cf3ba81de0de043c3774f061560f55edc256a787afe701677c0f602900	
v0-bit-23-4	d75a980182b10ab7d54bfed3c964073a0ee172f3daa62325af021a68f707511a	b6b4699f87d56126c9117a7da55bd0085246f4c56dbc95c20172612e9d38e8d7ca65e573a126ed88d4e30a46f80a666854d675cf3ba81de0de043c3774f061560f55edc256a787afe701677c0f602900	
v0-bit-23-5	d75a980182b10ab7d54bfed3c964073a0ee172f3daa62325af021a68f707511a	b6b4699f87d56126c9117a7da55bd0085246f4c56dbc95f20172612e9d38e8d7ca65e573a126ed88d4e30a46f80a666854d675cf3ba81de0de043c3774f061560f55edc256a787afe701677c0f602900	
v0-bit-23-6	d75a980182b10ab7d54bfed3c964073a0ee172f3daa62325af021a68f707511a	b6b4699f87d56126c9117a7da55bd0085246f4c56dbc95920172612e9d38e8d7ca65e573a126ed88d4e30a46f80a666854d675cf3ba81de0de043c3774f061560f55edc256a787afe701677c0f602900	
v0-bit-23-7	d75a980182b10ab7d54bfed3c964073a0ee172f3daa62325af021a68f707511a	b6b4699f87d56126c9117a7da55bd0085246f4c56dbc95520172612e9d38e8d7ca65e573a126ed88d4e30a46f80a666854d675cf3ba81de0de043c3774f061560f55edc256a787afe701677c0f602900	
v0-bit-24-0	d75a980182b10ab7d54bfed3c964073a0ee172f3daa62325af021a68f707511a	b6b4699f87d56126c9117a7da55bd0085246f4c56dbc95d20072612e9d38e8d7ca65e573a126ed88d4e30a46f80a666854d675cf3ba81de0de043c3774f061560f55edc256a787afe701677c0f602900	
v0-bit-24-1	d75a980182b10ab7d54bfed3c964073a0ee172f3daa62325af021a68f707511a	b6b4699f87d56126c9117a7da55bd0085246f4c56dbc95d20372612e9d38e8d7ca65e573a126ed88d4e30a46f80a666854d675cf3ba81de0de043c3774f061560f55edc256a787afe701677c0f602900	
v0-bit-24-2	d75a980182b10ab7d54bfed3c964073a0ee172f3daa62325af021a68f707511a	b6b4699f87d56126c9117a7da55bd0085246f4c56dbc95d20572612e9d38e8d7ca65e573a126ed88d4e30a46f80a666854d675cf3ba81de0de043c3774f061560f55edc256a787afe701677c0f602900	
v0-bit-24-3	d75a980182b10ab7d54bfed3c964073a0ee172f3daa62325af021a68f707511a	b6b4699f87d56126c9117a7da55bd0085246f4c56dbc95d20972612e9d38e8d7ca65e573a126ed88d4e30a46f80a666854d675cf3ba81de0de043c3774f061560f55edc256a787afe701677c0f602900	
v0-bit-24-4	d75a980182b10ab7d54bfed3c964073a0ee172f3daa62325af021a68f707511a	b6b4699f87d56126c9117a7da55bd0085246f4c56dbc95d21172612e9d38e8d7ca65e573a126ed88d4e30a46f80a666854d675cf3ba81de0de043c3774f061560f55edc256a787afe701677c0f602900	
v0-bit-24-5	d75a980182b10ab7d54bfed3c964073a0ee172f3daa62325af021a68f707511a	b6b4699f87d56126c9117a7da55bd0085246f4c56dbc95d22172612e9d38e8d7ca65e573a126ed88d4e30a46f80a666854d675cf3ba81de0de043c3774f061560f55edc256a787afe701677c0f602900	
v0-bit-24-6	d75a980182b10ab7d54bfed3c964073a0ee172f3daa62325af021a68f707511a	b6b4699f87d56126c9117a7da55bd0085246f4c56dbc95d24172612e9d38e8d7ca65e573a126ed88d4e30a46f80a666854d675cf3ba81de0de043c3774f061560f55edc256a787afe701677c0f602900	
v0-bit-24-7	d75a980182b10ab7d54bfed3c964073a0ee172f3daa62325af021a68f707511a	b6b4699f87d56126c9117a7da55bd0085246f4c56dbc95d28172612e9d38e8d7ca65e573a126ed88d4e30a46f80a666854d675cf3ba81de0de043c3774f061560f55edc256a787afe701677c0f602900	
v0-bit-25-0	d75a980182b10ab7d54bfed3c964073a0ee172f3daa62325af021a68f707511a	b6b4699f87d56126c9117a7da55bd0085246f4c56dbc95d20173612e9d38e8d7ca65e573a126ed88d4e30a46f80a666854d675cf3ba81de0de043c3774f061560f55edc256a787afe701677c0f602900	
v0-bit-25-1	d75a980182b10ab7d54bfed3c964073a0ee172f3daa62325af021a68f707511a	b6b4699f87d56126c9117a7da55bd0085246f4c56dbc95d20170612e9d38e8d7ca65e573a126ed88d4e30a46f80a666854d675cf3ba81de0de043c3774f061560f55edc256a787afe701677c0f602900	
v0-bit-25-2	d75a980182b10ab7d54bfed3c964073a0ee172f3daa62325af021a68f707511a	b6b4699f87d56126c9117a7da55bd0085246f4c56dbc95d20176612e9d38e8d7ca65e573a126ed88d4e30a46f80a666854d675cf3ba81de0de043c3774f061560f55edc256a787afe701677c0f602900	
v0-bit-25-3	d75a980182b10ab7d54bfed3c964073a0ee172f3daa62325af021a68f707511a	b6b4699f87d56126c9117a7da55bd0085246f4c56dbc95d2017a612e9d38e8d7ca65e573a126ed88d4e30a46f80a666854d675cf3ba81de0de043c3774f061560f55edc256a787afe701677c0f602900	
v0-bit-25-4	d75a980182b10ab7d54bfed3c964073a0ee172f3daa62325af021a68f707511a	b6b4699f87d56126c9117a7da55bd0085246f4c56dbc95d20162612e9d38e8d7ca65e573a126ed88d4e30a46f80a666854d675cf3ba81de0de043c3774f061560f55edc256a787afe701677c0f602900	
v0-bit-25-5	d75a980182b10ab7d54bfed3c964073a0ee172f3daa62325af021a68f707511a	b6b4699f87d56126c9117a7da55bd0085246f4c56dbc95d20152612e9d38e8d7ca65e573a126ed88d4e30a46f80a666854d675cf3ba81de0de043c3774f061560f55edc256a787afe701677c0f602900	
v0-bit-25-6	d75a980182b10ab7d54bfed3c964073a0ee172f3daa62325af021a68f707511a	b6b4699f87d56126c9117a7da55bd0085246f4c56dbc95d20132612e9d38e8d7ca65e573a126ed88d4e30a46f80a666854d675cf3ba81de0de043c3774f061560f55edc256a787afe701677c0f602900	
v0-bit-25-7	d75a980182b10ab7d54bfed3c964073a0ee172f3daa62325af021a68f707511a	b6b4699f87d56126c9117a7da55bd0085246f4c56dbc95d201f2612e9d38e8d7ca65e573a126ed88d4e30a46f80a666854d675cf3ba81de0de043c3774f061560f55edc256a787afe701677c0f602900	
v0-bit-26-0	d75a980182b10ab7d54bfed3c964073a0ee172f3daa62325af021a68f707511a	b6b4699f87d56126c9117a7da55bd0085246f4c56dbc95d20172602e9d38e8d7ca65e573a126ed88d4e30a46f80a666854d675cf3ba81de0de043c3774f061560f55edc256a787afe701677c0f602900	
v0-bit-26-1	d75a980182b10ab7d54bfed3c964073a0ee172f3daa62325af021a68f707511a	b6b4699f87d56126c9117a7da55bd0085246f4c56dbc95d20172632e9d38e8d7ca65e573a126ed88d4e30a46f80a666854d675cf3ba81de0de043c3774f061560f55edc256a787afe701677c0f602900	
v0-bit-26-2	d75a980182b10ab7d54bfed3c964073a0ee172f3daa62325af021a68f707511a	b6b4699f87d56126c9117a7da55bd0085246f4c56dbc95d20172652e9d38e8d7ca65e573a126ed88d4e30a46f80a666854d675cf3ba81de0de043c3774f061560f55edc256a787afe701677c0f602900	
v0-bit-26-3	d75a980182b10ab7d54bfed3c964073a0ee172f3daa62325af021a68f707511a	b6b4699f87d56126c9117a7da55bd0085246f4c56dbc95d20172692e9d38e8d7ca65e573a126ed88d4e30a46f80a666854d675cf3ba81de0de043c3774f061560f55edc256a787afe701677c0f602900	
v0-bit-26-4	d75a980182b10ab7d54bfed3c964073a0ee172f3daa62325af021a68f707511a	b6b4699f87d56126c9117a7da55bd0085246f4c56dbc95d20172712e9d38e8d7ca65e573a126ed88d4e30a46f80a666854d675cf3ba81de0de043c3774f061560f55edc256a787afe701677c0f602900	
v0-bit-26-5	d75a980182b10ab7d54bfed3c964073a0ee172f3daa62325af021a68f707511a	b6b4699f87d56126c9117a7da55bd0085246f4c56dbc95d20172412e9d38e8d7ca65e573a126ed88d4e30a46f80a666854d675cf3ba81de0de043c3774f061560f55edc256a787afe701677c0f602900	
v0-bit-26-6	d75a980182b10ab7d54bfed3c964073a0ee172f3daa62325af021a68f707511a	b6b4699f87d56126c9117a7da55bd0085246f4c56dbc95d20172212e9d38e8d7ca65e573a126ed88d4e30a46f80a666854d675cf3ba81de0de043c3774f061560f55edc256a787afe701677c0f602900	
v0-bit-26-7	d75a980182b10ab7d54bfed3c964073a0ee172f3daa62325af021a68f707511a	b6b4699f87d56126c9117a7da55bd0085246f4c56dbc95d20172e12e9d38e8d7ca65e573a126ed88d4e30a46f80a666854d675cf3ba81de0de043c3774f061560f55edc256a787afe701677c0f602900	
v0-bit-27-0	d75a980182b10ab7d54bfed3c964073a0ee172f3daa62325af021a68f707511a	b6b4699f87d56126c9117a7da55bd0085246f4c56dbc95d20172612f9d38e8d7ca65e573a126ed88d4e30a46f80a666854d675cf3ba81de0de043c3774f061560f55edc256a787afe701677c0f602900	
v0-bit-27-1	d75a980182b10ab7d54bfed3c964073a0ee172f3daa62325af021a68f707511a	b6b4699f87d56126c9117a7da55bd0085246f4c56dbc95d20172612c9d38e8d7ca65e573a126ed88d4e30a46f80a666854d675cf3ba81de0de043c3774f061560f55edc256a787afe701677c0f602900	
v0-bit-27-2	d75a980182b10ab7d54bfed3c964073a0ee172f3daa62325af021a68f707511a	b6b4699f87d56126c9117a7da55bd0085246f4c56dbc95d20172612a9d38e8d7ca65e573a126ed88d4e30a46f80a666854d675cf3ba81de0de043c3774f061560f55edc256a787afe701677c0f602900	
v0-bit-27-3	d75a980182b10ab7d54bfed3c964073a0ee172f3daa62325af021a68f707511a	b6b4699f87d56126c9117a7da55bd0085246f4c56dbc95d2017261269d38e8d7ca65e573a126ed88d4e30a46f80a666854d675cf3ba81de0de043c3774f061560f55edc256a787afe701677c0f602900	
v0-bit-27-4	d75a980182b10ab7d54bfed3c964073a0ee172f3daa62325af021a68f707511a	b6b4699f87d56126c9117a7da55bd0085246f4c56dbc95d20172613e9d38e8d7ca65e573a126ed88d4e30a46f80a666854d675cf3ba81de0de043c3774f061560f55edc256a787afe701677c0f602900	
v0-bit-27-5	d75a980182b10ab7d54bfed3c964073a0ee172f3daa62325af021a68f707511a	b6b4699f87d56126c9117a7da55bd0085246f4c56dbc95d20172610e9d38e8d7ca65e573a126ed88d4e30a46f80a666854d675cf3ba81de0de043c3774f061560f55edc256a787afe701677c0f602900	
v0-bit-27-6	d75a980182b10ab7d54bfed3c964073a0ee172f3daa62325af021a68f707511a	b6b4699f87d56126c9117a7da55bd0085246f4c56dbc95d20172616e9d38e8d7ca65e573a126ed88d4e30a46f80a666854d675cf3ba81de0de043c3774f061560f55edc256a787afe701677c0f602900	
v0-bit-27-7	d75a980182b10ab7d54bfed3c964073a0ee172f3daa62325af021a68f707511a	b6b4699f87d56126c9117a7da55bd0085246f4c56dbc95d2017261ae9d38e8d7ca65e573a126ed88d4e30a46f80a666854d675cf3ba81de0de043c3774f061560f55edc256a787afe701677c0f602900	
v0-bit-28-0	d75a980182b10ab7d54bfed3c964073a0ee172f3daa62325af021a68f707511a	b6b4699f87d56126c9117a7da55bd0085246f4c56dbc95d20172612e9c38e8d7ca65e573a126ed88d4e30a46f80a666854d675cf3ba81de0de043c3774f061560f55edc256a787afe701677c0f602900	
v0-bit-28-1	d75a980182b10ab7d54bfed3c964073a0ee172f3daa62325af021a68f707511a	b6b4699f87d56126c9117a7da55bd0085246f4c56dbc95d20172612e9f38e8d7ca65e573a126ed88d4e30a46f80a666854d675cf3ba81de0de043c3774f061560f55edc256a787afe701677c0f602900	
v0-bit-28-2	d75a980182b10ab7d54bfed3c964073a0ee172f3daa62325af021a68f707511a	b6b4699f87d56126c9117a7da55bd0085246f4c56dbc95d20172612e9938e8d7ca65e573a126ed88d4e30a46f80a666854d675cf3ba81de0de043c3774f061560f55edc256a787afe701677c0f602900	
v0-bit-28-3	d75a980182b10ab7d54bfed3c964073a0ee172f3daa62325af021a68f707511a	b6b4699f87d56126c9117a7da55bd0085246f4c56dbc95d20172612e9538e8d7ca65e573a126ed88d4e30a46f80a666854d675cf3ba81de0de043c3774f061560f55edc256a787afe701677c0f602900	
v0-bit-28-4	d75a980182b10ab7d54bfed3c964073a0ee172f3daa62325af021a68f707511a	b6b4699f87d56126c9117a7da55bd0085246f4c56dbc95d20172612e8d38e8d7ca65e573a126ed88d4e30a46f80a666854d675cf3ba81de0de043c3774f061560f55edc256a787afe701677c0f602900	
v0-bit-28-5	d75a980182b10ab7d54bfed3c964073a0ee172f3daa62325af021a68f707511a	b6b4699f87d56126c9117a7da55bd0085246f4c56dbc95d20172612ebd38e8d7ca65e573a126ed88d4e30a46f80a666854d675cf3ba81de0de043c3774f061560f55edc256a787afe701677c0f602900	
v0-bit-28-6	d75a980182b10ab7d54bfed3c964073a0ee172f3daa62325af021a68f707511a	b6b4699f87d56126c9117a7da55bd0085246f4c56dbc95d20172612edd38e8d7ca65e573a126ed88d4e30a46f80a666854d675cf3ba81de0de043c3774f061560f55edc256a787afe701677c0f602900	
v0-bit-28-7	d75a980182b10ab7d54bfed3c964073a0ee172f3daa62325af021a68f707511a	b6b4699f87d56126c9117a7da55bd0085246f4c56dbc95d20172612e1d38e8d7ca65e573a126ed88d4e30a46f80a666854d675cf3ba81de0de043c3774f061560f55edc256a787afe701677c0f602900	
v0-bit-29-0	d75a980182b10ab7d54bfed3c964073a0ee172f3daa62325af021a68f707511a	b6b4699f87d56126c9117a7da55bd0085246f4c56dbc95d20172612e9d39e8d7ca65e573a126ed88d4e30a46f80a666854d675cf3ba81de0de043c3774f061560f55edc256a787afe701677c0f602900	
v0-bit-29-1	d75a980182b10ab7d54bfed3c964073a0ee172f3daa62325af021a68f707511a	b6b4699f87d56126c9117a7da55bd0085246f4c56dbc95d20172612e9d3ae8d7ca65e573a126ed88d4e30a46f80a666854d675cf3ba81de0de043c3774f061560f55edc256a787afe701677c0f602900	
v0-bit-29-2	d75a980182b10ab7d54bfed3c964073a0ee172f3daa62325af021a68f707511a	b6b4699f87d56126c9117a7da55bd0085246f4c56dbc95d20172612e9d3ce8d7ca65e573a126ed88d4e30a46f80a666854d675cf3ba81de0de043c3774f061560f55edc256a787afe701677c0f602900	
v0-bit-29-3	d75a980182b10ab7d54bfed3c964073a0ee172f3daa62325af021a68f707511a	b6b4699f87d56126c9117a7da55bd0085246f4c56dbc95d20172612e9d30e8d7ca65e573a126ed88d4e30a46f80a666854d675cf3ba81de0de043c3774f061560f55edc256a787afe701677c0f602900	
v0-bit-29-4	d75a980182b10ab7d54bfed3c964073a0ee172f3daa62325af021a68f707511a	b6b4699f87d56126c9117a7da55bd0085246f4c56dbc95d20172612e9d28e8d7ca65e573a126ed88d4e30a46f80a666854d675cf3ba81de0de043c3774f061560f55edc256a787afe701677c0f602900	
v0-bit-29-5	d75a980182b10ab7d54bfed3c964073a0ee172f3daa62325af021a68f707511a	b6b4699f87d56126c9117a7da55bd0085246f4c56dbc95d20172612e9d18e8d7ca65e573a126ed88d4e30a46f80a666854d675cf3ba81de0de043c3774f061560f55edc256a787afe701677c0f602900	
v0-bit-29-6	d75a980182b10ab7d54bfed3c964073a0ee172f3daa62325af021a68f707511a	b6b4699f87d56126c9117a7da55bd0085246f4c56dbc95d20172612e9d78e8d7ca65e573a126ed88d4e30a46f80a666854d675cf3ba81de0de043c3774f061560f55edc256a787afe701677c0f602900	
v0-bit-29-7	d75a980182b10ab7d54bfed3c964073a0ee172f3daa62325af021a68f707511a	b6b4699f87d56126c9117a7da55bd0085246f4c56dbc95d20172612e9db8e8d7ca65e573a126ed88d4e30a46f80a666854d675cf3ba81de0de043c3774f061560f55edc256a787afe701677c0f602900	
v0-bit-30-0	d75a980182b10ab7d54bfed3c964073a0ee172f3daa62325af021a68f707511a	b6b4699f87d56126c9117a7da55bd0085246f4c56dbc95d20172612e9d38e9d7ca65e573a126ed88d4e30a46f80a666854d675cf3ba81de0de043c3774f061560f55edc256a787afe701677c0f602900	
v0-bit-30-1	d75a980182b10ab7d54bfed3c964073a0ee172f3daa62325af021a68f707511a	b6b4699f87d56126c9117a7da55bd0085246f4c56dbc95d20172612e9d38ead7ca65e573a126ed88d4e30a46f80a666854d675cf3ba81de0de043c3774f061560f55edc256a787afe701677c0f602900	
v0-bit-30-2	d75a980182b10ab7d54bfed3c964073a0ee172f3daa62325af021a68f707511a	b6b4699f87d56126c9117a7da55bd0085246f4c56dbc95d20172612e9d38ecd7ca65e573a126ed88d4e30a46f80a666854d675cf3ba81de0de043c3774f061560f55edc256a787afe701677c0f602900	
v0-bit-30-3	d75a980182b10ab7d54bfed3c964073a0ee172f3daa62325af021a68f707511a	b6b4699f87d56126c9117a7da55bd0085246f4c56dbc95d20172612e9d38e0d7ca65e573a126ed88d4e30a46f80a666854d675cf3ba81de0de043c3774f061560f55edc256a787afe701677c0f602900	
v0-bit-30-4	d75a980182b10ab7d54bfed3c964073a0ee172f3daa62325af021a68f707511a	b6b4699f87d56126c9117a7da55bd0085246f4c56dbc95d20172612e9d38f8d7ca65e573a126ed88d4e30a46f80a666854d675cf3ba81de0de043c3774f061560f55edc256a787afe701677c0f602900	
v0-bit-30-5	d75a980182b10ab7d54bfed3c964073a0ee172f3daa62325af021a68f707511a	b6b4699f87d56126c9117a7da55bd0085246f4c56dbc95d20172612e9d38c8d7ca65e573a126ed88d4e30a46f80a666854d675cf3ba81de0de043c3774f061560f55edc256a787afe701677c0f602900	
v0-bit-30-6	d75a980182b10ab7d54bfed3c964073a0ee172f3daa62325af021a68f707511a	b6b4699f87d56126c9117a7da55bd0085246f4c56dbc95d20172612e9d38a8d7ca65e573a126ed88d4e30a46f80a666854d675cf3ba81de0de043c3774f061560f55edc256a787afe701677c0f602900	
v0-bit-30-7	d75a980182b10ab7d54bfed3c964073a0ee172f3daa62325af021a68f707511a	b6b4699f87d56126c9117a7da55bd0085246f4c56dbc95d20172612e9d3868d7ca65e573a126ed88d4e30a46f80a666854d675cf3ba81de0de043c3774f061560f55edc256a787afe701677c0f602900	
v0-bit-31-0	d75a980182b10ab7d54bfed3c964073a0ee172f3daa62325af021a68f707511a	b6b4699f87d56126c9117a7da55bd0085246f4c56dbc95d20172612e9d38e8d6ca65e573a126ed88d4e30a46f80a666854d675cf3ba81de0de043c3774f061560f55edc256a787afe701677c0f602900	
v0-bit-31-1	d75a980182b10ab7d54bfed3c964073a0ee172f3daa62325af021a68f707511a	b6b4699f87d56126c9117a7da55bd0085246f4c56dbc95d20172612e9d38e8d5ca65e573a126ed88d4e30a46f80a666854d675cf3ba81de0de043c3774f061560f55edc256a787afe701677c0f602900	
v0-bit-31-2	d75a980182b10ab7d54bfed3c964073a0ee172f3daa62325af021a68f707511a	b6b4699f87d56126c9117a7da55bd0085246f4c56dbc95d20172612e9d38e8d3ca65e573a126ed88d4e30a46f80a666854d675cf3ba81de0de043c3774f061560f55edc256a787afe701677c0f602900	
v0-bit-31-3	d75a980182b10ab7d54bfed3c964073a0ee172f3daa62325af021a68f707511a	b6b4699f87d56126c9117a7da55bd0085246f4c56dbc95d20172612e9d38e8dfca65e573a126ed88d4e30a46f80a666854d675cf3ba81de0de043c3774f061560f55edc256a787afe701677c0f602900	
v0-bit-31-4	d75a980182b10ab7d54bfed3c964073a0ee172f3daa62325af021a68f707511a	b6b4699f87d56126c9117a7da55bd0085246f4c56dbc95d20172612e9d38e8c7ca65e573a126ed88d4e30a46f80a666854d675cf3ba81de0de043c3774f061560f55edc256a787afe701677c0f602900	
v0-bit-31-5	d75a980182b10ab7d54bfed3c964073a0ee172f3daa62325af021a68f707511a	b6b4699f87d56126c9117a7da55bd0085246f4c56dbc95d20172612e9d38e8f7ca65e573a126ed88d4e30a46f80a666854d675cf3ba81de0de043c3774f061560f55edc256a787afe701677c0f602900	
v0-bit-31-6	d75a980182b10ab7d54bfed3c964073a0ee172f3daa62325af021a68f707511a	b6b4699f87d56126c9117a7da55bd0085246f4c56dbc95d20172612e9d38e897ca65e573a126ed88d4e30a46f80a666854d675cf3ba81de0de043c3774f061560f55edc256a787afe701677c0f602900	
v0-bit-31-7	d75a980182b10ab7d54bfed3c964073a0ee172f3daa62325af021a68f707511a	b6b4699f87d56126c9117a7da55bd0085246f4c56dbc95d20172612e9d38e857ca65e573a126ed88d4e30a46f80a666854d675cf3ba81de0de043c3774f061560f55edc256a787afe701677c0f602900	
v0-bit-32-0	d75a980182b10ab7d54bfed3c964073a0ee172f3daa62325af021a68f707511a	b6b4699f87d56126c9117a7da55bd0085246f4c56dbc95d20172612e9d38e8d7cb65e573a126ed88d4e30a46f80a666854d675cf3ba81de0de043c3774f061560f55edc256a787afe701677c0f602900	
v0-bit-32-1	d75a980182b10ab7d54bfed3c964073a0ee172f3daa62325af021a68f707511a	b6b4699f87d56126c9117a7da55bd0085246f4c56dbc95d20172612e9d38e8d7c865e573a126ed88d4e30a46f80a666854d675cf3ba81de0de043c3774f061560f55edc256a787afe701677c0f602900	
v0-bit-32-2	d75a980182b10ab7d54bfed3c964073a0ee172f3daa62325af021a68f707511a	b6b4699f87d56126c9117a7da55bd0085246f4c56dbc95d20172612e9d38e8d7ce65e573a126ed88d4e30a46f80a666854d675cf3ba81de0de043c3774f061560f55edc256a787afe701677c0f602900	
v0-bit-32-3	d75a980182b10ab7d54bfed3c964073a0ee172f3daa62325af021a68f707511a	b6b4699f87d56126c9117a7da55bd0085246f4c56dbc95d20172612e9d38e8d7c265e573a126ed88d4e30a46f80a666854d675cf3ba81de0de043c3774f061560f55edc256a787afe701677c0f602900	
v0-bit-32-4	d75a980182b10ab7d54bfed3c964073a0ee172f3daa62325af021a68f707511a	b6b4699f87d56126c9117a7da55bd0085246f4c56dbc95d20172612e9d38e8d7da65e573a126ed88d4e30a46f80a666854d675cf3ba81de0de043c3774f061560f55edc256a787afe701677c0f602900	
v0-bit-32-5	d75a980182b10ab7d54bfed3c964073a0ee172f3daa62325af021a68f707511a	b6b4699f87d56126c9117a7da55bd0085246f4c56dbc95d20172612e9d38e8d7ea65e573a126ed88d4e30a46f80a666854d675cf3ba81de0de043c3774f061560f55edc256a787afe701677c0f602900	
v0-bit-32-6	d75a980182b10ab7d54bfed3c964073a0ee172f3daa62325af021a68f707511a	b6b4699f87d56126c9117a7da55bd0085246f4c56dbc95d20172612e9d38e8d78a65e573a126ed88d4e30a46f80a666854d675cf3ba81de0de043c3774f061560f55edc256a787afe701677c0f602900	
v0-bit-32-7	d75a980182b10ab7d54bfed3c964073a0ee172f3daa62325af021a68f707511a	b6b4699f87d56126c9117a7da55bd0085246f4c56dbc95d20172612e9d38e8d74a65e573a126ed88d4e30a46f80a666854d675cf3ba81de0de043c3774f061560f55edc256a787afe701677c0f602900	
v0-bit-33-0	d75a980182b10ab7d54bfed3c964073a0ee172f3daa62325af021a68f707511a	b6b4699f87d56126c9117a7da55bd0085246f4c56dbc95d20172612e9d38e8d7ca64e573a126ed88d4e30a46f80a666854d675cf3ba81de0de043c3774f061560f55edc256a787afe701677c0f602900	
v0-bit-33-1	d75a980182b10ab7d54bfed3c964073a0ee172f3daa62325af021a68f707511a	b6b4699f87d56126c9117a7da55bd0085246f4c56dbc95d20172612e9d38e8d7ca67e573a126ed88d4e30a46f80a666854d675cf3ba81de0de043c3774f061560f55edc256a787afe701677c0f602900	
v0-bit-33-2	d75a980182b10ab7d54bfed3c964073a0ee172f3daa62325af021a68f707511a	b6b4699f87d56126c9117a7da55bd0085246f4c56dbc95d20172612e9d38e8d7ca61e573a126ed88d4e30a46f80a666854d675cf3ba81de0de043c3774f061560f55edc256a787afe701677c0f602900	
v0-bit-33-3	d75a980182b10ab7d54bfed3c964073a0ee172f3daa62325af021a68f707511a	b6b4699f87d56126c9117a7da55bd0085246f4c56dbc95d20172612e9d38e8d7ca6de573a126ed88d4e30a46f80a666854d675cf3ba81de0de043c3774f061560f55edc256a787afe701677c0f602900	
v0-bit-33-4	d75a980182b10ab7d54bfed3c964073a0ee172f3daa62325af021a68f707511a	b6b4699f87d56126c9117a7da55bd0085246f4c56dbc95d20172612e9d38e8d7ca75e573a126ed88d4e30a46f80a666854d675cf3ba81de0de043c3774f061560f55edc256a787afe701677c0f602900	
v0-bit-33-5	d75a980182b10ab7d54bfed3c964073a0ee172f3daa62325af021a68f707511a	b6b4699f87d56126c9117a7da55bd0085246f4c56dbc95d20172612e9d38e8d7ca45e573a126ed88d4e30a46f80a666854d675cf3ba81de0de043c3774f061560f55edc256a787afe701677c0f602900	
v0-bit-33-6	d75a980182b10ab7d54bfed3c964073a0ee172f3daa62325af021a68f707511a	b6b4699f87d56126c9117a7da55bd0085246f4c56dbc95d20172612e9d38e8d7ca25e573a126ed88d4e30a46f80a666854d675cf3ba81de0de043c3774f061560f55edc256a787afe701677c0f602900	
v0-bit-33-7	d75a980182b10ab7d54bfed3c964073a0ee172f3daa62325af021a68f707511a	b6b4699f87d56126c9117a7da55bd0085246f4c56dbc95d20172612e9d38e8d7cae5e573a126ed88d4e30a46f80a666854d675cf3ba81de0de043c3774f061560f55edc256a787afe701677c0f602900	
v0-bit-34-0	d75a980182b10ab7d54bfed3c964073a0ee172f3daa62325af021a68f707511a	b6b4699f87d56126c9117a7da55bd0085246f4c56dbc95d20172612e9d38e8d7ca65e473a126ed88d4e30a46f80a666854d675cf3ba81de0de043c3774f061560f55edc256a787afe701677c0f602900	
v0-bit-34-1	d75a980182b10ab7d54bfed3c964073a0ee172f3daa62325af021a68f707511a	b6b4699f87d56126c9117a7da55bd0085246f4c56dbc95d20172612e9d38e8d7ca65e773a126ed88d4e30a46f80a666854d675cf3ba81de0de043c3774f061560f55edc256a787afe701677c0f602900	
v0-bit-34-2	d75a980182b10ab7d54bfed3c964073a0ee172f3daa62325af021a68f707511a	b6b4699f87d56126c9117a7da55bd0085246f4c56dbc95d20172612e9d38e8d7ca65e173a126ed88d4e30a46f80a666854d675cf3ba81de0de043c3774f061560f55edc256a787afe701677c0f602900	
v0-bit-34-3	d75a980182b10ab7d54bfed3c964073a0ee172f3daa62325af021a68f707511a	b6b4699f87d56126c9117a7da55bd0085246f4c56dbc95d20172612e9d38e8d7ca65ed73a126ed88d4e30a46f80a666854d675cf3ba81de0de043c3774f061560f55edc256a787afe701677c0f602900	
v0-bit-34-4	d75a980182b10ab7d54bfed3c964073a0ee172f3daa62325af021a68f707511a	b6b4699f87d56126c9117a7da55bd0085246f4c56dbc95d20172612e9d38e8d7ca65f573a126ed88d4e30a46f80a666854d675cf3ba81de0de043c3774f061560f55edc256a787afe701677c0f602900	
v0-bit-34-5	d75a980182b10ab7d54bfed3c964073a0ee172f3daa62325af021a68f707511a	b6b4699f87d56126c9117a7da55bd0085246f4c56dbc95d20172612e9d38e8d7ca65c573a126ed88d4e30a46f80a666854d675cf3ba81de0de043c3774f061560f55edc256a787afe701677c0f602900	
v0-bit-34-6	d75a980182b10ab7d54bfed3c964073a0ee172f3daa62325af021a68f707511a	b6b4699f87d56126c9117a7da55bd0085246f4c56dbc95d20172612e9d38e8d7ca65a573a126ed88d4e30a46f80a666854d675cf3ba81de0de043c3774f061560f55edc256a787afe701677c0f602900	
v0-bit-34-7	d75a980182b10ab7d54bfed3c964073a0ee172f3daa62325af021a68f707511a	b6b4699f87d56126c9117a7da55bd0085246f4c56dbc95d20172612e9d38e8d7ca656573a126ed88d4e30a46f80a666854d675cf3ba81de0de043c3774f061560f55edc256a787afe701677c0f602900	
v0-bit-35-0	d75a980182b10ab7d54bfed3c964073a0ee172f3daa62325af021a68f707511a	b6b4699f87d56126c9117a7da55bd0085246f4c56dbc95d20172612e9d38e8d7ca65e572a126ed88d4e30a46f80a666854d675cf3ba81de0de043c3774f061560f55edc256a787afe701677c0f602900	
v0-bit-35-1	d75a980182b10ab7d54bfed3c964073a0ee172f3daa62325af021a68f707511a	b6b4699f87d56126c9117a7da55bd0085246f4c56dbc95d20172612e9d38e8d7ca65e571a126ed88d4e30a46f80a666854d675cf3ba81de0de043c3774f061560f55edc256a787afe701677c0f602900	
v0-bit-35-2	d75a980182b10ab7d54bfed3c964073a0ee172f3daa62325af021a68f707511a	b6b4699f87d56126c9117a7da55bd0085246f4c56dbc95d20172612e9d38e8d7ca65e577a126ed88d4e30a46f80a666854d675cf3ba81de0de043c3774f061560f55edc256a787afe701677c0f602900	
v0-bit-35-3	d75a980182b10ab7d54bfed3c964073a0ee172f3daa62325af021a68f707511a	b6b4699f87d56126c9117a7da55bd0085246f4c56dbc95d20172612e9d38e8d7ca65e57ba126ed88d4e30a46f80a666854d675cf3ba81de0de043c3774f061560f55edc256a787afe701677c0f602900	
v0-bit-35-4	d75a980182b10ab7d54bfed3c964073a0ee172f3daa62325af021a68f707511a	b6b4699f87d56126c9117a7da55bd0085246f4c56dbc95d20172612e9d38e8d7ca65e563a126ed88d4e30a46f80a666854d675cf3ba81de0de043c3774f061560f55edc256a787afe701677c0f602900	
v0-bit-35-5	d75a980182b10ab7d54bfed3c964073a0ee172f3daa62325af021a68f707511a	b6b4699f87d56126c9117a7da55bd0085246f4c56dbc95d20172612e9d38e8d7ca65e553a126ed88d4e30a46f80a666854d675cf3ba81de0de043c3774f061560f55edc256a787afe701677c0f602900	
v0-bit-35-6	d75a980182b10ab7d54bfed3c964073a0ee172f3daa62325af021a68f707511a	b6b4699f87d56126c9117a7da55bd0085246f4c56dbc95d20172612e9d38e8d7ca65e533a126ed88d4e30a46f80a666854d675cf3ba81de0de043c3774f061560f55edc256a787afe701677c0f602900	
v0-bit-35-7	d75a980182b10ab7d54bfed3c964073a0ee172f3daa62325af021a68f707511a	b6b4699f87d56126c9117a7da55bd0085246f4c56dbc95d20172612e9d38e8d7ca65e5f3a126ed88d4e30a46f80a666854d675cf3ba81de0de043c3774f061560f55edc256a787afe701677c0f602900	
v0-bit-36-0	d75a980182b10ab7d54bfed3c964073a0ee172f3daa62325af021a68f707511a	b6b4699f87d56126c9117a7da55bd0085246f4c56dbc95d20172612e9d38e8d7ca65e573a026ed88d4e30a46f80a666854d675cf3ba81de0de043c3774f061560f55edc256a787afe701677c0f602900	
v0-bit-36-1	d75a980182b10ab7d54bfed3c964073a0ee172f3daa62325af021a68f707511a	b6b4699f87d56126c9117a7da55bd0085246f4c56dbc95d20172612e9d38e8d7ca65e573a326ed88d4e30a46f80a666854d675cf3ba81de0de043c3774f061560f55edc256a787afe701677c0f602900	
v0-bit-36-2	d75a980182b10ab7d54bfed3c964073a0ee172f3daa62325af021a68f707511a	b6b4699f87d56126c9117a7da55bd0085246f4c56dbc95d20172612e9d38e8d7ca65e573a526ed88d4e30a46f80a666854d675cf3ba81de0de043c3774f061560f55edc256a787afe701677c0f602900	
v0-bit-36-3	d75a980182b10ab7d54bfed3c964073a0ee172f3daa62325af021a68f707511a	b6b4699f87d56126c9117a7da55bd0085246f4c56dbc95d20172612e9d38e8d7ca65e573a926ed88d4e30a46f80a666854d675cf3ba81de0de043c3774f061560f55edc256a787afe701677c0f602900	
v0-bit-36-4	d75a980182b10ab7d54bfed3c964073a0ee172f3daa62325af021a68f707511a	b6b4699f87d56126c9117a7da55bd0085246f4c56dbc95d20172612e9d38e8d7ca65e573b126ed88d4e30a46f80a666854d675cf3ba81de0de043c3774f061560f55edc256a787afe701677c0f602900	
v0-bit-36-5	d75a980182b10ab7d54bfed3c964073a0ee172f3daa62325af021a68f707511a	b6b4699f87d56126c9117a7da55bd0085246f4c56dbc95d20172612e9d38e8d7ca65e5738126ed88d4e30a46f80a666854d675cf3ba81de0de043c3774f061560f55edc256a787afe701677c0f602900	
v0-bit-36-6	d75a980182b10ab7d54bfed3c964073a0ee172f3daa62325af021a68f707511a	b6b4699f87d56126c9117a7da55bd0085246f4c56dbc95d20172612e9d38e8d7ca65e573e126ed88d4e30a46f80a666854d675cf3ba81de0de043c3774f061560f55edc256a787afe701677c0f602900	
v0-bit-36-7	d75a980182b10ab7d54bfed3c964073a0ee172f3daa62325af021a68f707511a	b6b4699f87d56126c9117a7da55bd0085246f4c56dbc95d20172612e9d38e8d7ca65e5732126ed88d4e30a46f80a666854d675cf3ba81de0de043c3774f061560f55edc256a787afe701677c0f602900	
v0-bit-37-0	d75a980182b10ab7d54bfed3c964073a0ee172f3daa62325af021a68f707511a	b6b4699f87d56126c9117a7da55bd0085246f4c56dbc95d20172612e9d38e8d7ca65e573a127ed88d4e30a46f80a666854d675cf3ba81de0de043c3774f061560f55edc256a787afe701677c0f602900	
v0-bit-37-1	d75a980182b10ab7d54bfed3c964073a0ee172f3daa62325af021a68f707511a	b6b4699f87d56126c9117a7da55bd0085246f4c56dbc95d20172612e9d38e8d7ca65e573a124ed88d4e30a46f80a666854d675cf3ba81de0de043c3774f061560f55edc256a787afe701677c0f602900	
v0-bit-37-2	d75a980182b10ab7d54bfed3c964073a0ee172f3daa62325af021a68f707511a	b6b4699f87d56126c9117a7da55bd0085246f4c56dbc95d20172612e9d38e8d7ca65e573a122ed88d4e30a46f80a666854d675cf3ba81de0de043c3774f061560f55edc256a787afe701677c0f602900	
v0-bit-37-3	d75a980182b10ab7d54bfed3c964073a0ee172f3daa62325af021a68f707511a	b6b4699f87d56126c9117a7da55bd0085246f4c56dbc95d20172612e9d38e8d7ca65e573a12eed88d4e30a46f80a666854d675cf3ba81de0de043c3774f061560f55edc256a787afe701677c0f602900	
v0-bit-37-4	d75a980182b10ab7d54bfed3c964073a0ee172f3daa62325af021a68f707511a	b6b4699f87d56126c9117a7da55bd0085246f4c56dbc95d20172612e9d38e8d7ca65e573a136ed88d4e30a46f80a666854d675cf3ba81de0de043c3774f061560f55edc256a787afe701677c0f602900	
v0-bit-37-5	d75a980182b10ab7d54bfed3c964073a0ee172f3daa62325af021a68f707511a	b6b4699f87d56126c9117a7da55bd0085246f4c56dbc95d20172612e9d38e8d7ca65e573a106ed88d4e30a46f80a666854d675cf3ba81de0de043c3774f061560f55edc256a787afe701677c0f602900	
v0-bit-37-6	d75a980182b10ab7d54bfed3c964073a0ee172f3daa62325af021a68f707511a	b6b4699f87d56126c9117a7da55bd0085246f4c56dbc95d20172612e9d38e8d7ca65e573a166ed88d4e30a46f80a666854d675cf3ba81de0de043c3774f061560f55edc256a787afe701677c0f602900	
v0-bit-37-7	d75a980182b10ab7d54bfed3c964073a0ee172f3daa62325af021a68f707511a	b6b4699f87d56126c9117a7da55bd0085246f4c56dbc95d20172612e9d38e8d7ca65e573a1a6ed88d4e30a46f80a666854d675cf3ba81de0de043c3774f061560f55edc256a787afe701677c0f602900	
v0-bit-38-0	d75a980182b10ab7d54bfed3c964073a0ee172f3daa62325af021a68f707511a	b6b4699f87d56126c9117a7da55bd0085246f4c56dbc95d20172612e9d38e8d7ca65e573a126ec88d4e30a46f80a666854d675cf3ba81de0de043c3774f061560f55edc256a787afe701677c0f602900	
v0-bit-38-1	d75a980182b10ab7d54bfed3c964073a0ee172f3daa62325af021a68f707511a	b6b4699f87d56126c9117a7da55bd0085246f4c56dbc95d20172612e9d38e8d7ca65e573a126ef88d4e30a46f80a666854d675cf3ba81de0de043c3774f061560f55edc256a787afe701677c0f602900	
v0-bit-38-2	d75a980182b10ab7d54bfed3c964073a0ee172f3daa62325af021a68f707511a	b6b4699f87d56126c9117a7da55bd0085246f4c56dbc95d20172612e9d38e8d7ca65e573a126e988d4e30a46f80a666854d675cf3ba81de0de043c3774f061560f55edc256a787afe701677c0f602900	
v0-bit-38-3	d75a980182b10ab7d54bfed3c964073a0ee172f3daa62325af021a68f707511a	b6b4699f87d56126c9117a7da55bd0085246f4c56dbc95d20172612e9d38e8d7ca65e573a126e588d4e30a46f80a666854d675cf3ba81de0de043c3774f061560f55edc256a787afe701677c0f602900	
v0-bit-38-4	d75a980182b10ab7d54bfed3c964073a0ee172f3daa62325af021a68f707511a	b6b4699f87d56126c9117a7da55bd0085246f4c56dbc95d20172612e9d38e8d7ca65e573a126fd88d4e30a46f80a666854d675cf3ba81de0de043c3774f061560f55edc256a787afe701677c0f602900	
v0-bit-38-5	d75a980182b10ab7d54bfed3c964073a0ee172f3daa62325af021a68f707511a	b6b4699f87d56126c9117a7da55bd0085246f4c56dbc95d20172612e9d38e8d7ca65e573a126cd88d4e30a46f80a666854d675cf3ba81de0de043c3774f061560f55edc256a787afe701677c0f602900	
v0-bit-38-6	d75a980182b10ab7d54bfed3c964073a0ee172f3daa62325af021a68f707511a	b6b4699f87d56126c9117a7da55bd0085246f4c56dbc95d20172612e9d38e8d7ca65e573a126ad88d4e30a46f80a666854d675cf3ba81de0de043c3774f061560f55edc256a787afe701677c0f602900	
v0-bit-38-7	d75a980182b10ab7d54bfed3c964073a0ee172f3daa62325af021a68f707511a	b6b4699f87d56126c9117a7da55bd0085246f4c56dbc95d20172612e9d38e8d7ca65e573a1266d88d4e30a46f80a666854d675cf3ba81de0de043c3774f061560f55edc256a787afe701677c0f602900	
v0-bit-39-0	d75a980182b10ab7d54bfed3c964073a0ee172f3daa62325af021a68f707511a	b6b4699f87d56126c9117a7da55bd0085246f4c56dbc95d20172612e9d38e8d7ca65e573a126ed89d4e30a46f80a666854d675cf3ba81de0de043c3774f061560f55edc256a787afe701677c0f602900	
v0-bit-39-1	d75a980182b10ab7d54bfed3c964073a0ee172f3daa62325af021a68f707511a	b6b4699f87d56126c9117a7da55bd0085246f4c56dbc95d20172612e9d38e8d7ca65e573a126ed8ad4e30a46f80a666854d675cf3ba81de0de043c3774f061560f55edc256a787afe701677c0f602900	
v0-bit-39-2	d75a980182b10ab7d54bfed3c964073a0ee172f3daa62325af021a68f707511a	b6b4699f87d56126c9117a7da55bd0085246f4c56dbc95d20172612e9d38e8d7ca65e573a126ed8cd4e30a46f80a666854d675cf3ba81de0de043c3774f061560f55edc256a787afe701677c0f602900	
v0-bit-39-3	d75a980182b10ab7d54bfed3c964073a0ee172f3daa62325af021a68f707511a	b6b4699f87d56126c9117a7da55bd0085246f4c56dbc95d20172612e9d38e8d7ca65e573a126ed80d4e30a46f80a666854d675cf3ba81de0de043c3774f061560f55edc256a787afe701677c0f602900	
v0-bit-39-4	d75a980182b10ab7d54bfed3c964073a0ee172f3daa62325af021a68f707511a	b6b4699f87d56126c9117a7da55bd0085246f4c56dbc95d20172612e9d38e8d7ca65e573a126ed98d4e30a46f80a666854d675cf3ba81de0de043c3774f061560f55edc256a787afe701677c0f602900	
v0-bit-39-5	d75a980182b10ab7d54bfed3c964073a0ee172f3daa62325af021a68f707511a	b6b4699f87d56126c9117a7da55bd0085246f4c56dbc95d20172612e9d38e8d7ca65e573a126eda8d4e30a46f80a666854d675cf3ba81de0de043c3774f061560f55edc256a787afe701677c0f602900	
v0-bit-39-6	d75a980182b10ab7d54bfed3c964073a0ee172f3daa62325af021a68f707511a	b6b4699f87d56126c9117a7da55bd0085246f4c56dbc95d20172612e9d38e8d7ca65e573a126edc8d4e30a46f80a666854d675cf3ba81de0de043c3774f061560f55edc256a787afe701677c0f602900	
v0-bit-39-7	d75a980182b10ab7d54bfed3c964073a0ee172f3daa62325af021a68f707511a	b6b4699f87d56126c9117a7da55bd0085246f4c56dbc95d20172612e9d38e8d7ca65e573a126ed08d4e30a46f80a666854d675cf3ba81de0de043c3774f061560f55edc256a787afe701677c0f602900	
v0-bit-40-0	d75a980182b10ab7d54bfed3c964073a0ee172f3daa62325af021a68f707511a	b6b4699f87d56126c9117a7da55bd0085246f4c56dbc95d20172612e9d38e8d7ca65e573a126ed88d5e30a46f80a666854d675cf3ba81de0de043c3774f061560f55edc256a787afe701677c0f602900	
v0-bit-40-1	d75a980182b10ab7d54bfed3c964073a0ee172f3daa62325af021a68f707511a	b6b4699f87d56126c9117a7da55bd0085246f4c56dbc95d20172612e9d38e8d7ca65e573a126ed88d6e30a46f80a666854d675cf3ba81de0de043c3774f061560f55edc256a787afe701677c0f602900	
v0-bit-40-2	d75a980182b10ab7d54bfed3c964073a0ee172f3daa62325af021a68f707511a	b6b4699f87d56126c9117a7da55bd0085246f4c56dbc95d20172612e9d38e8d7ca65e573a126ed88d0e30a46f80a666854d675cf3ba81de0de043c3774f061560f55edc256a787afe701677c0f602900	
v0-bit-40-3	d75a980182b10ab7d54bfed3c964073a0ee172f3daa62325af021a68f707511a	b6b4699f87d56126c9117a7da55bd0085246f4c56dbc95d20172612e9d38e8d7ca65e573a126ed88dce30a46f80a666854d675cf3ba81de0de043c3774f061560f55edc256a787afe701677c0f602900	
v0-bit-40-4	d75a980182b10ab7d54bfed3c964073a0ee172f3daa62325af021a68f707511a	b6b4699f87d56126c9117a7da55bd0085246f4c56dbc95d20172612e9d38e8d7ca65e573a126ed88c4e30a46f80a666854d675cf3ba81de0de043c3774f061560f55edc256a787afe701677c0f602900	
v0-bit-40-5	d75a980182b10ab7d54bfed3c964073a0ee172f3daa62325af021a68f707511a	b6b4699f87d56126c9117a7da55bd0085246f4c56dbc95d20172612e9d38e8d7ca65e573a126ed88f4e30a46f80a666854d675cf3ba81de0de043c3774f061560f55edc256a787afe701677c0f602900	
v0-bit-40-6	d75a980182b10ab7d54bfed3c964073a0ee172f3daa62325af021a68f707511a	b6b4699f87d56126c9117a7da55bd0085246f4c56dbc95d20172612e9d38e8d7ca65e573a126ed8894e30a46f80a666854d675cf3ba81de0de043c3774f061560f55edc256a787afe701677c0f602900	
v0-bit-40-7	d75a980182b10ab7d54bfed3c964073a0ee172f3daa62325af021a68f707511a	b6b4699f87d56126c9117a7da55bd0085246f4c56dbc95d20172612e9d38e8d7ca65e573a126ed8854e30a46f80a666854d675cf3ba81de0de043c3774f061560f55edc256a787afe701677c0f602900	
v0-bit-41-0	d75a980182b10ab7d54bfed3c964073a0ee172f3daa62325af021a68f707511a	b6b4699f87d56126c9117a7da55bd0085246f4c56dbc95d20172612e9d38e8d7ca65e573a126ed88d4e20a46f80a666854d675cf3ba81de0de043c3774f061560f55edc256a787afe701677c0f602900	
v0-bit-41-1	d75a980182b10ab7d54bfed3c964073a0ee172f3daa62325af021a68f707511a	b6b4699f87d56126c9117a7da55bd0085246f4c56dbc95d20172612e9d38e8d7ca65e573a126ed88d4e10a46f80a666854d675cf3ba81de0de043c3774f061560f55edc256a787afe701677c0f602900	
v0-bit-41-2	d75a980182b10ab7d54bfed3c964073a0ee172f3daa62325af021a68f707511a	b6b4699f87d56126c9117a7da55bd0085246f4c56dbc95d20172612e9d38e8d7ca65e573a126ed88d4e70a46f80a666854d675cf3ba81de0de043c3774f061560f55edc256a787afe701677c0f602900	
v0-bit-41-3	d75a980182b10ab7d54bfed3c964073a0ee172f3daa62325af021a68f707511a	b6b4699f87d56126c9117a7da55bd0085246f4c56dbc95d20172612e9d38e8d7ca65e573a126ed88d4eb0a46f80a666854d675cf3ba81de0de043c3774f061560f55edc256a787afe701677c0f602900	
v0-bit-41-4	d75a980182b10ab7d54bfed3c964073a0ee172f3daa62325af021a68f707511a	b6b4699f87d56126c9117a7da55bd0085246f4c56dbc95d20172612e9d38e8d7ca65e573a126ed88d4f30a46f80a666854d675cf3ba81de0de043c3774f061560f55edc256a787afe701677c0f602900	
v0-bit-41-5	d75a980182b10ab7d54bfed3c964073a0ee172f3daa62325af021a68f707511a	b6b4699f87d56126c9117a7da55bd0085246f4c56dbc95d20172612e9d38e8d7ca65e573a126ed88d4c30a46f80a666854d675cf3ba81de0de043c3774f061560f55edc256a787afe701677c0f602900	
v0-bit-41-6	d75a980182b10ab7d54bfed3c964073a0ee172f3daa62325af021a68f707511a	b6b4699f87d56126c9117a7da55bd0085246f4c56dbc95d20172612e9d38e8d7ca65e573a126ed88d4a30a46f80a666854d675cf3ba81de0de043c3774f061560f55edc256a787afe701677c0f602900	
v0-bit-41-7	d75a980182b10ab7d54bfed3c964073a0ee172f3daa62325af021a68f707511a	b6b4699f87d56126c9117a7da55bd0085246f4c56dbc95d20172612e9d38e8d7ca65e573a126ed88d4630a46f80a666854d675cf3ba81de0de043c3774f061560f55edc256a787afe701677c0f602900	
v0-bit-42-0	d75a980182b10ab7d54bfed3c964073a0ee172f3daa62325af021a68f707511a	b6b4699f87d56126c9117a7da55bd0085246f4c56dbc95d20172612e9d38e8d7ca65e573a126ed88d4e30b46f80a666854d675cf3ba81de0de043c3774f061560f55edc256a787afe701677c0f602900	
v0-bit-42-1	d75a980182b10ab7d54bfed3c964073a0ee172f3daa62325af021a68f707511a	b6b4699f87d56126c9117a7da55bd0085246f4c56dbc95d20172612e9d38e8d7ca65e573a126ed88d4e30846f80a666854d675cf3ba81de0de043c3774f061560f55edc256a787afe701677c0f602900	
v0-bit-42-2	d75a980182b10ab7d54bfed3c964073a0ee172f3daa62325af021a68f707511a	b6b4699f87d56126c9117a7da55bd0085246f4c56dbc95d20172612e9d38e8d7ca65e573a126ed88d4e30e46f80a666854d675cf3ba81de0de043c3774f061560f55edc256a787afe701677c0f602900	
v0-bit-42-3	d75a980182b10ab7d54bfed3c964073a0ee172f3daa62325af021a68f707511a	b6b4699f87d56126c9117a7da55bd0085246f4c56dbc95d20172612e9d38e8d7ca65e573a126ed88d4e30246f80a666854d675cf3ba81de0de043c3774f061560f55edc256a787afe701677c0f602900	
v0-bit-42-4	d75a980182b10ab7d54bfed3c964073a0ee172f3daa62325af021a68f707511a	b6b4699f87d56126c9117a7da55bd0085246f4c56dbc95d20172612e9d38e8d7ca65e573a126ed88d4e31a46f80a666854d675cf3ba81de0de043c3774f061560f55edc256a787afe701677c0f602900	
v0-bit-42-5	d75a980182b10ab7d54bfed3c964073a0ee172f3daa62325af021a68f707511a	b6b4699f87d56126c9117a7da55bd0085246f4c56dbc95d20172612e9d38e8d7ca65e573a126ed88d4e32a46f80a666854d675cf3ba81de0de043c3774f061560f55edc256a787afe701677c0f602900	
v0-bit-42-6	d75a980182b10ab7d54bfed3c964073a0ee172f3daa62325af021a68f707511a	b6b4699f87d56126c9117a7da55bd0085246f4c56dbc95d20172612e9d38e8d7ca65e573a126ed88d4e34a46f80a666854d675cf3ba81de0de043c3774f061560f55edc256a787afe701677c0f602900	
v0-bit-42-7	d75a980182b10ab7d54bfed3c964073a0ee172f3daa62325af021a68f707511a	b6b4699f87d56126c9117a7da55bd0085246f4c56dbc95d20172612e9d38e8d7ca65e573a126ed88d4e38a46f80a666854d675cf3ba81de0de043c3774f061560f55edc256a787afe701677c0f602900	
v0-bit-43-0	d75a980182b10ab7d54bfed3c964073a0ee172f3daa62325af021a68f707511a	b6b4699f87d56126c9117a7da55bd0085246f4c56dbc95d20172612e9d38e8d7ca65e573a126ed88d4e30a47f80a666854d675cf3ba81de0de043c3774f061560f55edc256a787afe701677c0f602900	
v0-bit-43-1	d75a980182b10ab7d54bfed3c964073a0ee172f3daa62325af021a68f707511a	b6b4699f87d56126c9117a7da55bd0085246f4c56dbc95d20172612e9d38e8d7ca65e573a126ed88d4e30a44f80a666854d675cf3ba81de0de043c3774f061560f55edc256a787afe701677c0f602900	
v0-bit-43-2	d75a980182b10ab7d54bfed3c964073a0ee172f3daa62325af021a68f707511a	b6b4699f87d56126c9117a7da55bd0085246f4c56dbc95d20172612e9d38e8d7ca65e573a126ed88d4e30a42f80a666854d675cf3ba81de0de043c3774f061560f55edc256a787afe701677c0f602900	
v0-bit-43-3	d75a980182b10ab7d54bfed3c964073a0ee172f3daa62325af021a68f707511a	b6b4699f87d56126c9117a7da55bd0085246f4c56dbc95d20172612e9d38e8d7ca65e573a126ed88d4e30a4ef80a666854d675cf3ba81de0de043c3774f061560f55edc256a787afe701677c0f602900	
v0-bit-43-4	d75a980182b10ab7d54bfed3c964073a0ee172f3daa62325af021a68f707511a	b6b4699f87d56126c9117a7da55bd0085246f4c56dbc95d20172612e9d38e8d7ca65e573a126ed88d4e30a56f80a666854d675cf3ba81de0de043c3774f061560f55edc256a787afe701677c0f602900	
v0-bit-43-5	d75a980182b10ab7d54bfed3c964073a0ee172f3daa62325af021a68f707511a	b6b4699f87d56126c9117a7da55bd0085246f4c56dbc95d20172612e9d38e8d7ca65e573a126ed88d4e30a66f80a666854d675cf3ba81de0de043c3774f061560f55edc256a787afe701677c0f602900	
v0-bit-43-6	d75a980182b10ab7d54bfed3c964073a0ee172f3daa62325af021a68f707511a	b6b4699f87d56126c9117a7da55bd0085246f4c56dbc95d20172612e9d38e8d7ca65e573a126ed88d4e30a06f80a666854d675cf3ba81de0de043c3774f061560f55edc256a787afe701677c0f602900	
v0-bit-43-7	d75a980182b10ab7d54bfed3c964073a0ee172f3daa62325af021a68f707511a	b6b4699f87d56126c9117a7da55bd0085246f4c56dbc95d20172612e9d38e8d7ca65e573a126ed88d4e30ac6f80a666854d675cf3ba81de0de043c3774f061560f55edc256a787afe701677c0f602900	
v0-bit-44-0	d75a980182b10ab7d54bfed3c964073a0ee172f3daa62325af021a68f707511a	b6b4699f87d56126c9117a7da55bd0085246f4c56dbc95d20172612e9d38e8d7ca65e573a126ed88d4e30a46f90a666854d675cf3ba81de0de043c3774f061560f55edc256a787afe701677c0f602900	
v0-bit-44-1	d75a980182b10ab7d54bfed3c964073a0ee172f3daa62325af021a68f707511a	b6b4699f87d56126c9117a7da55bd0085246f4c56dbc95d20172612e9d38e8d7ca65e573a126ed88d4e30a46fa0a666854d675cf3ba81de0de043c3774f061560f55edc256a787afe701677c0f602900	
v0-bit-44-2	d75a980182b10ab7d54bfed3c964073a0ee172f3daa62325af021a68f707511a	b6b4699f87d56126c9117a7da55bd0085246f4c56dbc95d20172612e9d38e8d7ca65e573a126ed88d4e30a46fc0a666854d675cf3ba81de0de043c3774f061560f55edc256a787afe701677c0f602900	
v0-bit-44-3	d75a980182b10ab7d54bfed3c964073a0ee172f3daa62325af021a68f707511a	b6b4699f87d56126c9117a7da55bd0085246f4c56dbc95d20172612e9d38e8d7ca65e573a126ed88d4e30a46f00a666854d675cf3ba81de0de043c3774f061560f55edc256a787afe701677c0f602900	
v0-bit-44-4	d75a980182b10ab7d54bfed3c964073a0ee172f3daa62325af021a68f707511a	b6b4699f87d56126c9117a7da55bd0085246f4c56dbc95d20172612e9d38e8d7ca65e573a126ed88d4e30a46e80a666854d675cf3ba81de0de043c3774f061560f55edc256a787afe701677c0f602900	
v0-bit-44-5	d75a980182b10ab7d54bfed3c964073a0ee172f3daa62325af021a68f707511a	b6b4699f87d56126c9117a7da55bd0085246f4c56dbc95d20172612e9d38e8d7ca65e573a126ed88d4e30a46d80a666854d675cf3ba81de0de043c3774f061560f55edc256a787afe701677c0f602900	
v0-bit-44-6	d75a980182b10ab7d54bfed3c964073a0ee172f3daa62325af021a68f707511a	b6b4699f87d56126c9117a7da55bd0085246f4c56dbc95d20172612e9d38e8d7ca65e573a126ed88d4e30a46b80a666854d675cf3ba81de0de043c3774f061560f55edc256a787afe701677c0f602900	
v0-bit-44-7	d75a980182b10ab7d54bfed3c964073a0ee172f3daa62325af021a68f707511a	b6b4699f87d56126c9117a7da55bd0085246f4c56dbc95d20172612e9d38e8d7ca65e573a126ed88d4e30a46780a666854d675cf3ba81de0de043c3774f061560f55edc256a787afe701677c0f602900	
v0-bit-45-0	d75a980182b10ab7d54bfed3c964073a0ee172f3daa62325af021a68f707511a	b6b4699f87d56126c9117a7da55bd0085246f4c56dbc95d20172612e9d38e8d7ca65e573a126ed88d4e30a46f80b666854d675cf3ba81de0de043c3774f061560f55edc256a787afe701677c0f602900	
v0-bit-45-1	d75a980182b10ab7d54bfed3c964073a0ee172f3daa62325af021a68f707511a	b6b4699f87d56126c9117a7da55bd0085246f4c56dbc95d20172612e9d38e8d7ca65e573a126ed88d4e30a46f808666854d675cf3ba81de0de043c3774f061560f55edc256a787afe701677c0f602900	
v0-bit-45-2	d75a980182b10ab7d54bfed3c964073a0ee172f3daa62325af021a68f707511a	b6b4699f87d56126c9117a7da55bd0085246f4c56dbc95d20172612e9d38e8d7ca65e573a126ed88d4e30a46f80e666854d675cf3ba81de0de043c3774f061560f55edc256a787afe701677c0f602900	
v0-bit-45-3	d75a980182b10ab7d54bfed3c964073a0ee172f3daa62325af021a68f707511a	b6b4699f87d56126c9117a7da55bd0085246f4c56dbc95d20172612e9d38e8d7ca65e573a126ed88d4e30a46f802666854d675cf3ba81de0de043c3774f061560f55edc256a787afe701677c0f602900	
v0-bit-45-4	d75a980182b10ab7d54bfed3c964073a0ee172f3daa62325af021a68f707511a	b6b4699f87d56126c9117a7da55bd0085246f4c56dbc95d20172612e9d38e8d7ca65e573a126ed88d4e30a46f81a666854d675cf3ba81de0de043c3774f061560f55edc256a787afe701677c0f602900	
v0-bit-45-5	d75a980182b10ab7d54bfed3c964073a0ee172f3daa62325af021a68f707511a	b6b4699f87d56126c9117a7da55bd0085246f4c56dbc95d20172612e9d38e8d7ca65e573a126ed88d4e30a46f82a666854d675cf3ba81de0de043c3774f061560f55edc256a787afe701677c0f602900	
v0-bit-45-6	d75a980182b10ab7d54bfed3c964073a0ee172f3daa62325af021a68f707511a	b6b4699f87d56126c9117a7da55bd0085246f4c56dbc95d20172612e9d38e8d7ca65e573a126ed88d4e30a46f84a666854d675cf3ba81de0de043c3774f061560f55edc256a787afe701677c0f602900	
v0-bit-45-7	d75a980182b10ab7d54bfed3c964073a0ee172f3daa62325af021a68f707511a	b6b4699f87d56126c9117a7da55bd0085246f4c56dbc95d20172612e9d38e8d7ca65e573a126ed88d4e30a46f88a666854d675cf3ba81de0de043c3774f061560f55edc256a787afe701677c0f602900	
v0-bit-46-0	d75a980182b10ab7d54bfed3c964073a0ee172f3daa62325af021a68f707511a	b6b4699f87d56126c9117a7da55bd0085246f4c56dbc95d20172612e9d38e8d7ca65e573a126ed88d4e30a46f80a676854d675cf3ba81de0de043c3774f061560f55edc256a787afe701677c0f602900	
v0-bit-46-1	d75a980182b10ab7d54bfed3c964073a0ee172f3daa62325af021a68f707511a	b6b4699f87d56126c9117a7da55bd0085246f4c56dbc95d20172612e9d38e8d7ca65e573a126ed88d4e30a46f80a646854d675cf3ba81de0de043c3774f061560f55edc256a787afe701677c0f602900	
v0-bit-46-2	d75a980182b10ab7d54bfed3c964073a0ee172f3daa62325af021a68f707511a	b6b4699f87d56126c9117a7da55bd0085246f4c56dbc95d20172612e9d38e8d7ca65e573a126ed88d4e30a46f80a626854d675cf3ba81de0de043c3774f061560f55edc256a787afe701677c0f602900	
v0-bit-46-3	d75a980182b10ab7d54bfed3c964073a0ee172f3daa62325af021a68f707511a	b6b4699f87d56126c9117a7da55bd0085246f4c56dbc95d20172612e9d38e8d7ca65e573a126ed88d4e30a46f80a6e6854d675cf3ba81de0de043c3774f061560f55edc256a787afe701677c0f602900	
v0-bit-46-4	d75a980182b10ab7d54bfed3c964073a0ee172f3daa62325af021a68f707511a	b6b4699f87d56126c9117a7da55bd0085246f4c56dbc95d20172612e9d38e8d7ca65e573a126ed88d4e30a46f80a766854d675cf3ba81de0de043c3774f061560f55edc256a787afe701677c0f602900	
v0-bit-46-5	d75a980182b10ab7d54bfed3c964073a0ee172f3daa62325af021a68f707511a	b6b4699f87d56126c9117a7da55bd0085246f4c56dbc95d20172612e9d38e8d7ca65e573a126ed88d4e30a46f80a466854d675cf3ba81de0de043c3774f061560f55edc256a787afe701677c0f602900	
v0-bit-46-6	d75a980182b10ab7d54bfed3c964073a0ee172f3daa62325af021a68f707511a	b6b4699f87d56126c9117a7da55bd0085246f4c56dbc95d20172612e9d38e8d7ca65e573a126ed88d4e30a46f80a266854d675cf3ba81de0de043c3774f061560f55edc256a787afe701677c0f602900	
v0-bit-46-7	d75a980182b10ab7d54bfed3c964073a0ee172f3daa62325af021a68f707511a	b6b4699f87d56126c9117a7da55bd0085246f4c56dbc95d20172612e9d38e8d7ca65e573a126ed88d4e30a46f80ae66854d675cf3ba81de0de043c3774f061560f55edc256a787afe701677c0f602900	
v0-bit-47-0	d75a980182b10ab7d54bfed3c964073a0ee172f3daa62325af021a68f707511a	b6b4699f87d56126c9117a7da55bd0085246f4c56dbc95d20172612e9d38e8d7ca65e573a126ed88d4e30a46f80a666954d675cf3ba81de0de043c3774f061560f55edc256a787afe701677c0f602900	
v0-bit-47-1	d75a980182b10ab7d54bfed3c964073a0ee172f3daa62325af021a68f707511a	b6b4699f87d56126c9117a7da55bd0085246f4c56dbc95d20172612e9d38e8d7ca65e573a126ed88d4e30a46f80a666a54d675cf3ba81de0de043c3774f061560f55edc256a787afe701677c0f602900	
v0-bit-47-2	d75a980182b10ab7d54bfed3c964073a0ee172f3daa62325af021a68f707511a	b6b4699f87d56126c9117a7da55bd0085246f4c56dbc95d20172612e9d38e8d7ca65e573a126ed88d4e30a46f80a666c54d675cf3ba81de0de043c3774f061560f55edc256a787afe701677c0f602900	
v0-bit-47-3	d75a980182b10ab7d54bfed3c964073a0ee172f3daa62325af021a68f707511a	b6b4699f87d56126c9117a7da55bd0085246f4c56dbc95d20172612e9d38e8d7ca65e573a126ed88d4e30a46f80a666054d675cf3ba81de0de043c3774f061560f55edc256a787afe701677c0f602900	
v0-bit-47-4	d75a980182b10ab7d54bfed3c964073a0ee172f3daa62325af021a68f707511a	b6b4699f87d56126c9117a7da55bd0085246f4c56dbc95d20172612e9d38e8d7ca65e573a126ed88d4e30a46f80a667854d675cf3ba81de0de043c3774f061560f55edc256a787afe701677c0f602900	
v0-bit-47-5	d75a980182b10ab7d54bfed3c964073a0ee172f3daa62325af021a68f707511a	b6b4699f87d56126c9117a7da55bd0085246f4c56dbc95d20172612e9d38e8d7ca65e573a126ed88d4e30a46f80a664854d675cf3ba81de0de043c3774f061560f55edc256a787afe701677c0f602900	
v0-bit-47-6	d75a980182b10ab7d54bfed3c964073a0ee172f3daa62325af021a68f707511a	b6b4699f87d56126c9117a7da55bd0085246f4c56dbc95d20172612e9d38e8d7ca65e573a126ed88d4e30a46f80a662854d675cf3ba81de0de043c3774f061560f55edc256a787afe701677c0f602900	
v0-bit-47-7	d75a980182b10ab7d54bfed3c964073a0ee172f3daa62325af021a68f707511a	b6b4699f87d56126c9117a7da55bd0085246f4c56dbc95d20172612e9d38e8d7ca65e573a126ed88d4e30a46f80a66e854d675cf3ba81de0de043c3774f061560f55edc256a787afe701677c0f602900	
v0-bit-48-0	d75a980182b10ab7d54bfed3c964073a0ee172f3daa62325af021a68f707511a	b6b4699f87d56126c9117a7da55bd0085246f4c56dbc95d20172612e9d38e8d7ca65e573a126ed88d4e30a46f80a666855d675cf3ba81de0de043c3774f061560f55edc256a787afe701677c0f602900	
v0-bit-48-1	d75a980182b10ab7d54bfed3c964073a0ee172f3daa62325af021a68f707511a	b6b4699f87d56126c9117a7da55bd0085246f4c56dbc95d20172612e9d38e8d7ca65e573a126ed88d4e30a46f80a666856d675cf3ba81de0de043c3774f061560f55edc256a787afe701677c0f602900	
v0-bit-48-2	d75a980182b10ab7d54bfed3c964073a0ee172f3daa62325af021a68f707511a	b6b4699f87d56126c9117a7da55bd0085246f4c56dbc95d20172612e9d38e8d7ca65e573a126ed88d4e30a46f80a666850d675cf3ba81de0de043c3774f061560f55edc256a787afe701677c0f602900	
v0-bit-48-3	d75a980182b10ab7d54bfed3c964073a0ee172f3daa62325af021a68f707511a	b6b4699f87d56126c9117a7da55bd0085246f4c56dbc95d20172612e9d38e8d7ca65e573a126ed88d4e30a46f80a66685cd675cf3ba81de0de043c3774f061560f55edc256a787afe701677c0f602900	
v0-bit-48-4	d75a980182b10ab7d54bfed3c964073a0ee172f3daa62325af021a68f707511a	b6b4699f87d56126c9117a7da55bd0085246f4c56dbc95d20172612e9d38e8d7ca65e573a126ed88d4e30a46f80a666844d675cf3ba81de0de043c3774f061560f55edc256a787afe701677c0f602900	
v0-bit-48-5	d75a980182b10ab7d54bfed3c964073a0ee172f3daa62325af021a68f707511a	b6b4699f87d56126c9117a7da55bd0085246f4c56dbc95d20172612e9d38e8d7ca65e573a126ed88d4e30a46f80a666874d675cf3ba81de0de043c3774f061560f55edc256a787afe701677c0f602900	
v0-bit-48-6	d75a980182b10ab7d54bfed3c964073a0ee172f3daa62325af021a68f707511a	b6b4699f87d56126c9117a7da55bd0085246f4c56dbc95d20172612e9d38e8d7ca65e573a126ed88d4e30a46f80a666814d675cf3ba81de0de043c3774f061560f55edc256a787afe701677c0f602900	
v0-bit-48-7	d75a980182b10ab7d54bfed3c964073a0ee172f3daa62325af021a68f707511a	b6b4699f87d56126c9117a7da55bd0085246f4c56dbc95d20172612e9d38e8d7ca65e573a126ed88d4e30a46f80a6668d4d675cf3ba81de0de043c3774f061560f55edc256a787afe701677c0f602900	
v0-bit-49-0	d75a980182b10ab7d54bfed3c964073a0ee172f3daa62325af021a68f707511a	b6b4699f87d56126c9117a7da55bd0085246f4c56dbc95d20172612e9d38e8d7ca65e573a126ed88d4e30a46f80a666854d775cf3ba81de0de043c3774f061560f55edc256a787afe701677c0f602900	
v0-bit-49-1	d75a980182b10ab7d54bfed3c964073a0ee172f3daa62325af021a68f707511a	b6b4699f87d56126c9117a7da55bd0085246f4c56dbc95d20172612e9d38e8d7ca65e573a126ed88d4e30a46f80a666854d475cf3ba81de0de043c3774f061560f55edc256a787afe701677c0f602900	
v0-bit-49-2	d75a980182b10ab7d54bfed3c964073a0ee172f3daa62325af021a68f707511a	b6b4699f87d56126c9117a7da55bd0085246f4c56dbc95d20172612e9d38e8d7ca65e573a126ed88d4e30a46f80a666854d275cf3ba81de0de043c3774f061560f55edc256a787afe701677c0f602900	
v0-bit-49-3	d75a980182b10ab7d54bfed3c964073a0ee172f3daa62325af021a68f707511a	b6b4699f87d56126c9117a7da55bd0085246f4c56dbc95d20172612e9d38e8d7ca65e573a126ed88d4e30a46f80a666854de75cf3ba81de0de043c3774f061560f55edc256a787afe701677c0f602900	
v0-bit-49-4	d75a980182b10ab7d54bfed3c964073a0ee172f3daa62325af021a68f707511a	b6b4699f87d56126c9117a7da55bd0085246f4c56dbc95d20172612e9d38e8d7ca65e573a126ed88d4e30a46f80a666854c675cf3ba81de0de043c3774f061560f55edc256a787afe701677c0f602900	
v0-bit-49-5	d75a980182b10ab7d54bfed3c964073a0ee172f3daa62325af021a68f707511a	b6b4699f87d56126c9117a7da55bd0085246f4c56dbc95d20172612e9d38e8d7ca65e573a126ed88d4e30a46f80a666854f675cf3ba81de0de043c3774f061560f55edc256a787afe701677c0f602900	
v0-bit-49-6	d75a980182b10ab7d54bfed3c964073a0ee172f3daa62325af021a68f707511a	b6b4699f87d56126c9117a7da55bd0085246f4c56dbc95d20172612e9d38e8d7ca65e573a126ed88d4e30a46f80a6668549675cf3ba81de0de043c3774f061560f55edc256a787afe701677c0f602900	
v0-bit-49-7	d75a980182b10ab7d54bfed3c964073a0ee172f3daa62325af021a68f707511a	b6b4699f87d56126c9117a7da55bd0085246f4c56dbc95d20172612e9d38e8d7ca65e573a126ed88d4e30a46f80a6668545675cf3ba81de0de043c3774f061560f55edc256a787afe701677c0f602900	
v0-bit-50-0	d75a980182b10ab7d54bfed3c964073a0ee172f3daa62325af021a68f707511a	b6b4699f87d56126c9117a7da55bd0085246f4c56dbc95d20172612e9d38e8d7ca65e573a126ed88d4e30a46f80a666854d674cf3ba81de0de043c3774f061560f55edc256a787afe701677c0f602900	
v0-bit-50-1	d75a980182b10ab7d54bfed3c964073a0ee172f3daa62325af021a68f707511a	b6b4699f87d56126c9117a7da55bd0085246f4c56dbc95d20172612e9d38e8d7ca65e573a126ed88d4e30a46f80a666854d677cf3ba81de0de043c3774f061560f55edc256a787afe701677c0f602900	
v0-bit-50-2	d75a980182b10ab7d54bfed3c964073a0ee172f3daa62325af021a68f707511a	b6b4699f87d56126c9117a7da55bd0085246f4c56dbc95d20172612e9d38e8d7ca65e573a126ed88d4e30a46f80a666854d671cf3ba81de0de043c3774f061560f55edc256a787afe701677c0f602900	
v0-bit-50-3	d75a980182b10ab7d54bfed3c964073a0ee172f3daa62325af021a68f707511a	b6b4699f87d56126c9117a7da55bd0085246f4c56dbc95d20172612e9d38e8d7ca65e573a126ed88d4e30a46f80a666854d67dcf3ba81de0de043c3774f061560f55edc256a787afe701677c0f602900	
v0-bit-50-4	d75a980182b10ab7d54bfed3c964073a0ee172f3daa62325af021a68f707511a	b6b4699f87d56126c9117a7da55bd0085246f4c56dbc95d20172612e9d38e8d7ca65e573a126ed88d4e30a46f80a666854d665cf3ba81de0de043c3774f061560f55edc256a787afe701677c0f602900	
v0-bit-50-5	d75a980182b10ab7d54bfed3c964073a0ee172f3daa62325af021a68f707511a	b6b4699f87d56126c9117a7da55bd0085246f4c56dbc95d20172612e9d38e8d7ca65e573a126ed88d4e30a46f80a666854d655cf3ba81de0de043c3774f061560f55edc256a787afe701677c0f602900	
v0-bit-50-6	d75a980182b10ab7d54bfed3c964073a0ee172f3daa62325af021a68f707511a	b6b4699f87d56126c9117a7da55bd0085246f4c56dbc95d20172612e9d38e8d7ca65e573a126ed88d4e30a46f80a666854d635cf3ba81de0de043c3774f061560f55edc256a787afe701677c0f602900	
v0-bit-50-7	d75a980182b10ab7d54bfed3c964073a0ee172f3daa62325af021a68f707511a	b6b4699f87d56126c9117a7da55bd0085246f4c56dbc95d20172612e9d38e8d7ca65e573a126ed88d4e30a46f80a666854d6f5cf3ba81de0de043c3774f061560f55edc256a787afe701677c0f602900	
v0-bit-51-0	d75a980182b10ab7d54bfed3c964073a0ee172f3daa62325af021a68f707511a	b6b4699f87d56126c9117a7da55bd0085246f4c56dbc95d20172612e9d38e8d7ca65e573a126ed88d4e30a46f80a666854d675ce3ba81de0de043c3774f061560f55edc256a787afe701677c0f602900	
v0-bit-51-1	d75a980182b10ab7d54bfed3c964073a0ee172f3daa62325af021a68f707511a	b6b4699f87d56126c9117a7da55bd0085246f4c56dbc95d20172612e9d38e8d7ca65e573a126ed88d4e30a46f80a666854d675cd3ba81de0de043c3774f061560f55edc256a787afe701677c0f602900	
v0-bit-51-2	d75a980182b10ab7d54bfed3c964073a0ee172f3daa62325af021a68f707511a	b6b4699f87d56126c9117a7da55bd0085246f4c56dbc95d20172612e9d38e8d7ca65e573a126ed88d4e30a46f80a666854d675cb3ba81de0de043c3774f061560f55edc256a787afe701677c0f602900	
v0-bit-51-3	d75a980182b10ab7d54bfed3c964073a0ee172f3daa62325af021a68f707511a	b6b4699f87d56126c9117a7da55bd0085246f4c56dbc95d20172612e9d38e8d7ca65e573a126ed88d4e30a46f80a666854d675c73ba81de0de043c3774f061560f55edc256a787afe701677c0f602900	
v0-bit-51-4	d75a980182b10ab7d54bfed3c964073a0ee172f3daa62325af021a68f707511a	b6b4699f87d56126c9117a7da55bd0085246f4c56dbc95d20172612e9d38e8d7ca65e573a126ed88d4e30a46f80a666854d675df3ba81de0de043c3774f061560f55edc256a787afe701677c0f602900	
v0-bit-51-5	d75a980182b10ab7d54bfed3c964073a0ee172f3daa62325af021a68f707511a	b6b4699f87d56126c9117a7da55bd0085246f4c56dbc95d20172612e9d38e8d7ca65e573a126ed88d4e30a46f80a666854d675ef3ba81de0de043c3774f061560f55edc256a787afe701677c0f602900	
v0-bit-51-6	d75a980182b10ab7d54bfed3c964073a0ee172f3daa62325af021a68f707511a	b6b4699f87d56126c9117a7da55bd0085246f4c56dbc95d20172612e9d38e8d7ca65e573a126ed88d4e30a46f80a666854d6758f3ba81de0de043c3774f061560f55edc256a787afe701677c0f602900	
v0-bit-51-7	d75a980182b10ab7d54bfed3c964073a0ee172f3daa62325af021a68f707511a	b6b4699f87d56126c9117a7da55bd0085246f4c56dbc95d20172612e9d38e8d7ca65e573a126ed88d4e30a46f80a666854d6754f3ba81de0de043c3774f061560f55edc256a787afe701677c0f602900	
v0-bit-52-0	d75a980182b10ab7d54bfed3c964073a0ee172f3daa62325af021a68f707511a	b6b4699f87d56126c9117a7da55bd0085246f4c56dbc95d20172612e9d38e8d7ca65e573a126ed88d4e30a46f80a666854d675cf3aa81de0de043c3774f061560f55edc256a787afe701677c0f602900	
v0-bit-52-1	d75a980182b10ab7d54bfed3c964073a0ee172f3daa62325af021a68f707511a	b6b4699f87d56126c9117a7da55bd0085246f4c56dbc95d20172612e9d38e8d7ca65e573a126ed88d4e30a46f80a666854d675cf39a81de0de043c3774f061560f55edc256a787afe701677c0f602900	
v0-bit-52-2	d75a980182b10ab7d54bfed3c964073a0ee172f3daa62325af021a68f707511a	b6b4699f87d56126c9117a7da55bd0085246f4c56dbc95d20172612e9d38e8d7ca65e573a126ed88d4e30a46f80a666854d675cf3fa81de0de043c3774f061560f55edc256a787afe701677c0f602900	
v0-bit-52-3	d75a980182b10ab7d54bfed3c964073a0ee172f3daa62325af021a68f707511a	b6b4699f87d56126c9117a7da55bd0085246f4c56dbc95d20172612e9d38e8d7ca65e573a126ed88d4e30a46f80a666854d675cf33a81de0de043c3774f061560f55edc256a787afe701677c0f602900	
v0-bit-52-4	d75a980182b10ab7d54bfed3c964073a0ee172f3daa62325af021a68f707511a	b6b4699f87d56126c9117a7da55bd0085246f4c56dbc95d20172612e9d38e8d7ca65e573a126ed88d4e30a46f80a666854d675cf2ba81de0de043c3774f061560f55edc256a787afe701677c0f602900	
v0-bit-52-5	d75a980182b10ab7d54bfed3c964073a0ee172f3daa62325af021a68f707511a	b6b4699f87d56126c9117a7da55bd0085246f4c56dbc95d20172612e9d38e8d7ca65e573a126ed88d4e30a46f80a666854d675cf1ba81de0de043c3774f061560f55edc256a787afe701677c0f602900	
v0-bit-52-6	d75a980182b10ab7d54bfed3c964073a0ee172f3daa62325af021a68f707511a	b6b4699f87d56126c9117a7da55bd0085246f4c56dbc95d20172612e9d38e8d7ca65e573a126ed88d4e30a46f80a666854d675cf7ba81de0de043c3774f061560f55edc256a787afe701677c0f602900	
v0-bit-52-7	d75a980182b10ab7d54bfed3c964073a0ee172f3daa62325af021a68f707511a	b6b4699f87d56126c9117a7da55bd0085246f4c56dbc95d20172612e9d38e8d7ca65e573a126ed88d4e30a46f80a666854d675cfbba81de0de043c3774f061560f55edc256a787afe701677c0f602900	
v0-bit-53-0	d75a980182b10ab7d54bfed3c964073a0ee172f3daa62325af021a68f707511a	b6b4699f87d56126c9117a7da55bd0085246f4c56dbc95d20172612e9d38e8d7ca65e573a126ed88d4e30a46f80a666854d675cf3ba91de0de043c3774f061560f55edc256a787afe701677c0f602900	
v0-bit-53-1	d75a980182b10ab7d54bfed3c964073a0ee172f3daa62325af021a68f707511a	b6b4699f87d56126c9117a7da55bd0085246f4c56dbc95d20172612e9d38e8d7ca65e573a126ed88d4e30a46f80a666854d675cf3baa1de0de043c3774f061560f55edc256a787afe701677c0f602900	
v0-bit-53-2	d75a980182b10ab7d54bfed3c964073a0ee172f3daa62325af021a68f707511a	b6b4699f87d56126c9117a7da55bd0085246f4c56dbc95d20172612e9d38e8d7ca65e573a126ed88d4e30a46f80a666854d675cf3bac1de0de043c3774f061560f55edc256a787afe701677c0f602900	
v0-bit-53-3	d75a980182b10ab7d54bfed3c964073a0ee172f3daa62325af021a68f707511a	b6b4699f87d56126c9117a7da55bd0085246f4c56dbc95d20172612e9d38e8d7ca65e573a126ed88d4e30a46f80a666854d675cf3ba01de0de043c3774f061560f55edc256a787afe701677c0f602900	
v0-bit-53-4	d75a980182b10ab7d54bfed3c964073a0ee172f3daa62325af021a68f707511a	b6b4699f87d56126c9117a7da55bd0085246f4c56dbc95d20172612e9d38e8d7ca65e573a126ed88d4e30a46f80a666854d675cf3bb81de0de043c3774f061560f55edc256a787afe701677c0f602900	
v0-bit-53-5	d75a980182b10ab7d54bfed3c964073a0ee172f3daa62325af021a68f707511a	b6b4699f87d56126c9117a7da55bd0085246f4c56dbc95d20172612e9d38e8d7ca65e573a126ed88d4e30a46f80a666854d675cf3b881de0de043c3774f061560f55edc256a787afe701677c0f602900	
v0-bit-53-6	d75a980182b10ab7d54bfed3c964073a0ee172f3daa62325af021a68f707511a	b6b4699f87d56126c9117a7da55bd0085246f4c56dbc95d20172612e9d38e8d7ca65e573a126ed88d4e30a46f80a666854d675cf3be81de0de043c3774f061560f55edc256a787afe701677c0f602900	
v0-bit-53-7	d75a980182b10ab7d54bfed3c964073a0ee172f3daa62325af021a68f707511a	b6b4699f87d56126c9117a7da55bd0085246f4c56dbc95d20172612e9d38e8d7ca65e573a126ed88d4e30a46f80a666854d675cf3b281de0de043c3774f061560f55edc256a787afe701677c0f602900	
v0-bit-54-0	d75a980182b10ab7d54bfed3c964073a0ee172f3daa62325af021a68f707511a	b6b4699f87d56126c9117a7da55bd0085246f4c56dbc95d20172612e9d38e8d7ca65e573a126ed88d4e30a46f80a666854d675cf3ba81ce0de043c3774f061560f55edc256a787afe701677c0f602900	
v0-bit-54-1	d75a980182b10ab7d54bfed3c964073a0ee172f3daa62325af021a68f707511a	b6b4699f87d56126c9117a7da55bd0085246f4c56dbc95d20172612e9d38e8d7ca65e573a126ed88d4e30a46f80a666854d675cf3ba81fe0de043c3774f061560f55edc256a787afe701677c0f602900	
v0-bit-54-2	d75a980182b10ab7d54bfed3c964073a0ee172f3daa62325af021a68f707511a	b6b4699f87d56126c9117a7da55bd0085246f4c56dbc95d20172612e9d38e8d7ca65e573a126ed88d4e30a46f80a666854d675cf3ba819e0de043c3774f061560f55edc256a787afe701677c0f602900	
v0-bit-54-3	d75a980182b10ab7d54bfed3c964073a0ee172f3daa62325af021a68f707511a	b6b4699f87d56126c9117a7da55bd0085246f4c56dbc95d20172612e9d38e8d7ca65e573a126ed88d4e30a46f80a666854d675cf3ba815e0de043c3774f061560f55edc256a787afe701677c0f602900	
v0-bit-54-4	d75a980182b10ab7d54bfed3c964073a0ee172f3daa62325af021a68f707511a	b6b4699f87d56126c9117a7da55bd0085246f4c56dbc95d20172612e9d38e8d7ca65e573a126ed88d4e30a46f80a666854d675cf3ba80de0de043c3774f061560f55edc256a787afe701677c0f602900	
v0-bit-54-5	d75a980182b10ab7d54bfed3c964073a0ee172f3daa62325af021a68f707511a	b6b4699f87d56126c9117a7da55bd0085246f4c56dbc95d20172612e9d38e8d7ca65e573a126ed88d4e30a46f80a666854d675cf3ba83de0de043c3774f061560f55edc256a787afe701677c0f602900	
v0-bit-54-6	d75a980182b10ab7d54bfed3c964073a0ee172f3daa62325af021a68f707511a	b6b4699f87d56126c9117a7da55bd0085246f4c56dbc95d20172612e9d38e8d7ca65e573a126ed88d4e30a46f80a666854d675cf3ba85de0de043c3774f061560f55edc256a787afe701677c0f602900	
v0-bit-54-7	d75a980182b10ab7d54bfed3c964073a0ee172f3daa62325af021a68f707511a	b6b4699f87d56126c9117a7da55bd0085246f4c56dbc95d20172612e9d38e8d7ca65e573a126ed88d4e30a46f80a666854d675cf3ba89de0de043c3774f061560f55edc256a787afe701677c0f602900	
v0-bit-55-0	d75a980182b10ab7d54bfed3c964073a0ee172f3daa62325af021a68f707511a	b6b4699f87d56126c9117a7da55bd0085246f4c56dbc95d20172612e9d38e8d7ca65e573a126ed88d4e30a46f80a666854d675cf3ba81de1de043c3774f061560f55edc256a787afe701677c0f602900	
v0-bit-55-1	d75a980182b10ab7d54bfed3c964073a0ee172f3daa62325af021a68f707511a	b6b4699f87d56126c9117a7da55bd0085246f4c56dbc95d20172612e9d38e8d7ca65e573a126ed88d4e30a46f80a666854d675cf3ba81de2de043c3774f061560f55edc256a787afe701677c0f602900	
v0-bit-55-2	d75a980182b10ab7d54bfed3c964073a0ee172f3daa62325af021a68f707511a	b6b4699f87d56126c9117a7da55bd0085246f4c56dbc95d20172612e9d38e8d7ca65e573a126ed88d4e30a46f80a666854d675cf3ba81de4de043c3774f061560f55edc256a787afe701677c0f602900	
v0-bit-55-3	d75a980182b10ab7d54bfed3c964073a0ee172f3daa62325af021a68f707511a	b6b4699f87d56126c9117a7da55bd0085246f4c56dbc95d20172612e9d38e8d7ca65e573a126ed88d4e30a46f80a666854d675cf3ba81de8de043c3774f061560f55edc256a787afe701677c0f602900	
v0-bit-55-4	d75a980182b10ab7d54bfed3c964073a0ee172f3daa62325af021a68f707511a	b6b4699f87d56126c9117a7da55bd0085246f4c56dbc95d20172612e9d38e8d7ca65e573a126ed88d4e30a46f80a666854d675cf3ba81df0de043c3774f061560f55edc256a787afe701677c0f602900	
v0-bit-55-5	d75a980182b10ab7d54bfed3c964073a0ee172f3daa62325af021a68f707511a	b6b4699f87d56126c9117a7da55bd0085246f4c56dbc95d20172612e9d38e8d7ca65e573a126ed88d4e30a46f80a666854d675cf3ba81dc0de043c3774f061560f55edc256a787afe701677c0f602900	
v0-bit-55-6	d75a980182b10ab7d54bfed3c964073a0ee172f3daa62325af021a68f707511a	b6b4699f87d56126c9117a7da55bd0085246f4c56dbc95d20172612e9d38e8d7ca65e573a126ed88d4e30a46f80a666854d675cf3ba81da0de043c3774f061560f55edc256a787afe701677c0f602900	
v0-bit-55-7	d75a980182b10ab7d54bfed3c964073a0ee172f3daa62325af021a68f707511a	b6b4699f87d56126c9117a7da55bd0085246f4c56dbc95d20172612e9d38e8d7ca65e573a126ed88d4e30a46f80a666854d675cf3ba81d60de043c3774f061560f55edc256a787afe701677c0f602900	
v0-bit-56-0	d75a980182b10ab7d54bfed3c964073a0ee172f3daa62325af021a68f707511a	b6b4699f87d56126c9117a7da55bd0085246f4c56dbc95d20172612e9d38e8d7ca65e573a126ed88d4e30a46f80a666854d675cf3ba81de0df043c3774f061560f55edc256a787afe701677c0f602900	
v0-bit-56-1	d75a980182b10ab7d54bfed3c964073a0ee172f3daa62325af021a68f707511a	b6b4699f87d56126c9117a7da55bd0085246f4c56dbc95d20172612e9d38e8d7ca65e573a126ed88d4e30a46f80a666854d675cf3ba81de0dc043c3774f061560f55edc256a787afe701677c0f602900	
v0-bit-56-2	d75a980182b10ab7d54bfed3c964073a0ee172f3daa62325af021a68f707511a	b6b4699f87d56126c9117a7da55bd0085246f4c56dbc95d20172612e9d38e8d7ca65e573a126ed88d4e30a46f80a666854d675cf3ba81de0da043c3774f061560f55edc256a787afe701677c0f602900	
v0-bit-56-3	d75a980182b10ab7d54bfed3c964073a0ee172f3daa62325af021a68f707511a	b6b4699f87d56126c9117a7da55bd0085246f4c56dbc95d20172612e9d38e8d7ca65e573a126ed88d4e30a46f80a666854d675cf3ba81de0d6043c3774f061560f55edc256a787afe701677c0f602900	
v0-bit-56-4	d75a980182b10ab7d54bfed3c964073a0ee172f3daa62325af021a68f707511a	b6b4699f87d56126c9117a7da55bd0085246f4c56dbc95d20172612e9d38e8d7ca65e573a126ed88d4e30a46f80a666854d675cf3ba81de0ce043c3774f061560f55edc256a787afe701677c0f602900	
v0-bit-56-5	d75a980182b10ab7d54bfed3c964073a0ee172f3daa62325af021a68f707511a	b6b4699f87d56126c9117a7da55bd0085246f4c56dbc95d20172612e9d38e8d7ca65e573a126ed88d4e30a46f80a666854d675cf3ba81de0fe043c3774f061560f55edc256a787afe701677c0f602900	
v0-bit-56-6	d75a980182b10ab7d54bfed3c964073a0ee172f3daa62325af021a68f707511a	b6b4699f87d56126c9117a7da55bd0085246f4c56dbc95d20172612e9d38e8d7ca65e573a126ed88d4e30a46f80a666854d675cf3ba81de09e043c3774f061560f55edc256a787afe701677c0f602900	
v0-bit-56-7	d75a980182b10ab7d54bfed3c964073a0ee172f3daa62325af021a68f707511a	b6b4699f87d56126c9117a7da55bd0085246f4c56dbc95d20172612e9d38e8d7ca65e573a126ed88d4e30a46f80a666854d675cf3ba81de05e043c3774f061560f55edc256a787afe701677c0f602900	
v0-bit-57-0	d75a980182b10ab7d54bfed3c964073a0ee172f3daa62325af021a68f707511a	b6b4699f87d56126c9117a7da55bd0085246f4c56dbc95d20172612e9d38e8d7ca65e573a126ed88d4e30a46f80a666854d675cf3ba81de0de053c3774f061560f55edc256a787afe701677c0f602900	
v0-bit-57-1	d75a980182b10ab7d54bfed3c964073a0ee172f3daa62325af021a68f707511a	b6b4699f87d56126c9117a7da55bd0085246f4c56dbc95d20172612e9d38e8d7ca65e573a126ed88d4e30a46f80a666854d675cf3ba81de0de063c3774f061560f55edc256a787afe701677c0f602900	
v0-bit-57-2	d75a980182b10ab7d54bfed3c964073a0ee172f3daa62325af021a68f707511a	b6b4699f87d56126c9117a7da55bd0085246f4c56dbc95d20172612e9d38e8d7ca65e573a126ed88d4e30a46f80a666854d675cf3ba81de0de003c3774f061560f55edc256a787afe701677c0f602900	
v0-bit-57-3	d75a980182b10ab7d54bfed3c964073a0ee172f3daa62325af021a68f707511a	b6b4699f87d56126c9117a7da55bd0085246f4c56dbc95d20172612e9d38e8d7ca65e573a126ed88d4e30a46f80a666854d675cf3ba81de0de0c3c3774f061560f55edc256a787afe701677c0f602900	
v0-bit-57-4	d75a980182b10ab7d54bfed3c964073a0ee172f3daa62325af021a68f707511a	b6b4699f87d56126c9117a7da55bd0085246f4c56dbc95d20172612e9d38e8d7ca65e573a126ed88d4e30a46f80a666854d675cf3ba81de0de143c3774f061560f55edc256a787afe701677c0f602900	
v0-bit-57-5	d75a980182b10ab7d54bfed3c964073a0ee172f3daa62325af021a68f707511a	b6b4699f87d56126c9117a7da55bd0085246f4c56dbc95d20172612e9d38e8d7ca65e573a126ed88d4e30a46f80a666854d675cf3ba81de0de243c3774f061560f55edc256a787afe701677c0f602900	
v0-bit-57-6	d75a980182b10ab7d54bfed3c964073a0ee172f3daa62325af021a68f707511a	b6b4699f87d56126c9117a7da55bd0085246f4c56dbc95d20172612e9d38e8d7ca65e573a126ed88d4e30a46f80a666854d675cf3ba81de0de443c3774f061560f55edc256a787afe701677c0f602900	
v0-bit-57-7	d75a980182b10ab7d54bfed3c964073a0ee172f3daa62325af021a68f707511a	b6b4699f87d56126c9117a7da55bd0085246f4c56dbc95d20172612e9d38e8d7ca65e573a126ed88d4e30a46f80a666854d675cf3ba81de0de843c3774f061560f55edc256a787afe701677c0f602900	
v0-bit-58-0	d75a980182b10ab7d54bfed3c964073a0ee172f3daa62325af021a68f707511a	b6b4699f87d56126c9117a7da55bd0085246f4c56dbc95d20172612e9d38e8d7ca65e573a126ed88d4e30a46f80a666854d675cf3ba81de0de043d3774f061560f55edc256a787afe701677c0f602900	
v0-bit-58-1	d75a980182b10ab7d54bfed3c964073a0ee172f3daa62325af021a68f707511a	b6b4699f87d56126c9117a7da55bd0085246f4c56dbc95d20172612e9d38e8d7ca65e573a126ed88d4e30a46f80a666854d675cf3ba81de0de043e3774f061560f55edc256a787afe701677c0f602900	
v0-bit-58-2	d75a980182b10ab7d54bfed3c964073a0ee172f3daa62325af021a68f707511a	b6b4699f87d56126c9117a7da55bd0085246f4c56dbc95d20172612e9d38e8d7ca65e573a126ed88d4e30a46f80a666854d675cf3ba81de0de04383774f061560f55edc256a787afe701677c0f602900	
v0-bit-58-3	d75a980182b10ab7d54bfed3c964073a0ee172f3daa62325af021a68f707511a	b6b4699f87d56126c9117a7da55bd0085246f4c56dbc95d20172612e9d38e8d7ca65e573a126ed88d4e30a46f80a666854d675cf3ba81de0de04343774f061560f55edc256a787afe701677c0f602900	
v0-bit-58-4	d75a980182b10ab7d54bfed3c964073a0ee172f3daa62325af021a68f707511a	b6b4699f87d56126c9117a7da55bd0085246f4c56dbc95d20172612e9d38e8d7ca65e573a126ed88d4e30a46f80a666854d675cf3ba81de0de042c3774f061560f55edc256a787afe701677c0f602900	
v0-bit-58-5	d75a980182b10ab7d54bfed3c964073a0ee172f3daa62325af021a68f707511a	b6b4699f87d56126c9117a7da55bd0085246f4c56dbc95d20172612e9d38e8d7ca65e573a126ed88d4e30a46f80a666854d675cf3ba81de0de041c3774f061560f55edc256a787afe701677c0f602900	
v0-bit-58-6	d75a980182b10ab7d54bfed3c964073a0ee172f3daa62325af021a68f707511a	b6b4699f87d56126c9117a7da55bd0085246f4c56dbc95d20172612e9d38e8d7ca65e573a126ed88d4e30a46f80a666854d675cf3ba81de0de047c3774f061560f55edc256a787afe701677c0f602900	
v0-bit-58-7	d75a980182b10ab7d54bfed3c964073a0ee172f3daa62325af021a68f707511a	b6b4699f87d56126c9117a7da55bd0085246f4c56dbc95d20172612e9d38e8d7ca65e573a126ed88d4e30a46f80a666854d675cf3ba81de0de04bc3774f061560f55edc256a787afe701677c0f602900	
v0-bit-59-0	d75a980182b10ab7d54bfed3c964073a0ee172f3daa62325af021a68f707511a	b6b4699f87d56126c9117a7da55bd0085246f4c56dbc95d20172612e9d38e8d7ca65e573a126ed88d4e30a46f80a666854d675cf3ba81de0de043c3674f061560f55edc256a787afe701677c0f602900	
v0-bit-59-1	d75a980182b10ab7d54bfed3c964073a0ee172f3daa62325af021a68f707511a	b6b4699f87d56126c9117a7da55bd0085246f4c56dbc95d20172612e9d38e8d7ca65e573a126ed88d4e30a46f80a666854d675cf3ba81de0de043c3574f061560f55edc256a787afe701677c0f602900	
v0-bit-59-2	d75a980182b10ab7d54bfed3c964073a0ee172f3daa62325af021a68f707511a	b6b4699f87d56126c9117a7da55bd0085246f4c56dbc95d20172612e9d38e8d7ca65e573a126ed88d4e30a46f80a666854d675cf3ba81de0de043c3374f061560f55edc256a787afe701677c0f602900	
v0-bit-59-3	d75a980182b10ab7d54bfed3c964073a0ee172f3daa62325af021a68f707511a	b6b4699f87d56126c9117a7da55bd0085246f4c56dbc95d20172612e9d38e8d7ca65e573a126ed88d4e30a46f80a666854d675cf3ba81de0de043c3f74f061560f55edc256a787afe701677c0f602900	
v0-bit-59-4	d75a980182b10ab7d54bfed3c964073a0ee172f3daa62325af021a68f707511a	b6b4699f87d56126c9117a7da55bd0085246f4c56dbc95d20172612e9d38e8d7ca65e573a126ed88d4e30a46f80a666854d675cf3ba81de0de043c2774f061560f55edc256a787afe701677c0f602900	
v0-bit-59-5	d75a980182b10ab7d54bfed3c964073a0ee172f3daa62325af021a68f707511a	b6b4699f87d56126c9117a7da55bd0085246f4c56dbc95d20172612e9d38e8d7ca65e573a126ed88d4e30a46f80a666854d675cf3ba81de0de043c1774f061560f55edc256a787afe701677c0f602900	
v0-bit-59-6	d75a980182b10ab7d54bfed3c964073a0ee172f3daa62325af021a68f707511a	b6b4699f87d56126c9117a7da55bd0085246f4c56dbc95d20172612e9d38e8d7ca65e573a126ed88d4e30a46f80a666854d675cf3ba81de0de043c7774f061560f55edc256a787afe701677c0f602900	
v0-bit-59-7	d75a980182b10ab7d54bfed3c964073a0ee172f3daa62325af021a68f707511a	b6b4699f87d56126c9117a7da55bd0085246f4c56dbc95d20172612e9d38e8d7ca65e573a126ed88d4e30a46f80a666854d675cf3ba81de0de043cb774f061560f55edc256a787afe701677c0f602900	
v0-bit-60-0	d75a980182b10ab7d54bfed3c964073a0ee172f3daa62325af021a68f707511a	b6b4699f87d56126c9117a7da55bd0085246f4c56dbc95d20172612e9d38e8d7ca65e573a126ed88d4e30a46f80a666854d675cf3ba81de0de043c3775f061560f55edc256a787afe701677c0f602900	
v0-bit-60-1	d75a980182b10ab7d54bfed3c964073a0ee172f3daa62325af021a68f707511a	b6b4699f87d56126c9117a7da55bd0085246f4c56dbc95d20172612e9d38e8d7ca65e573a126ed88d4e30a46f80a666854d675cf3ba81de0de043c3776f061560f55edc256a787afe701677c0f602900	
v0-bit-60-2	d75a980182b10ab7d54bfed3c964073a0ee172f3daa62325af021a68f707511a	b6b4699f87d56126c9117a7da55bd0085246f4c56dbc95d20172612e9d38e8d7ca65e573a126ed88d4e30a46f80a666854d675cf3ba81de0de043c3770f061560f55edc256a787afe701677c0f602900	
v0-bit-60-3	d75a980182b10ab7d54bfed3c964073a0ee172f3daa62325af021a68f707511a	b6b4699f87d56126c9117a7da55bd0085246f4c56dbc95d20172612e9d38e8d7ca65e573a126ed88d4e30a46f80a666854d675cf3ba81de0de043c377cf061560f55edc256a787afe701677c0f602900	
v0-bit-60-4	d75a980182b10ab7d54bfed3c964073a0ee172f3daa62325af021a68f707511a	b6b4699f87d56126c9117a7da55bd0085246f4c56dbc95d20172612e9d38e8d7ca65e573a126ed88d4e30a46f80a666854d675cf3ba81de0de043c3764f061560f55edc256a787afe701677c0f602900	
v0-bit-60-5	d75a980182b10ab7d54bfed3c964073a0ee172f3daa62325af021a68f707511a	b6b4699f87d56126c9117a7da55bd0085246f4c56dbc95d20172612e9d38e8d7ca65e573a126ed88d4e30a46f80a666854d675cf3ba81de0de043c3754f061560f55edc256a787afe701677c0f602900	
v0-bit-60-6	d75a980182b10ab7d54bfed3c964073a0ee172f3daa62325af021a68f707511a	b6b4699f87d56126c9117a7da55bd0085246f4c56dbc95d20172612e9d38e8d7ca65e573a126ed88d4e30a46f80a666854d675cf3ba81de0de043c3734f061560f55edc256a787afe701677c0f602900	
v0-bit-60-7	d75a980182b10ab7d54bfed3c964073a0ee172f3daa62325af021a68f707511a	b6b4699f87d56126c9117a7da55bd0085246f4c56dbc95d20172612e9d38e8d7ca65e573a126ed88d4e30a46f80a666854d675cf3ba81de0de043c37f4f061560f55edc256a787afe701677c0f602900	
v0-bit-61-0	d75a980182b10ab7d54bfed3c964073a0ee172f3daa62325af021a68f707511a	b6b4699f87d56126c9117a7da55bd0085246f4c56dbc95d20172612e9d38e8d7ca65e573a126ed88d4e30a46f80a666854d675cf3ba81de0de043c3774f161560f55edc256a787afe701677c0f602900	
v0-bit-61-1	d75a980182b10ab7d54bfed3c964073a0ee172f3daa62325af021a68f707511a	b6b4699f87d56126c9117a7da55bd0085246f4c56dbc95d20172612e9d38e8d7ca65e573a126ed88d4e30a46f80a666854d675cf3ba81de0de043c3774f261560f55edc256a787afe701677c0f602900	
v0-bit-61-2	d75a980182b10ab7d54bfed3c964073a0ee172f3daa62325af021a68f707511a	b6b4699f87d56126c9117a7da55bd0085246f4c56dbc95d20172612e9d38e8d7ca65e573a126ed88d4e30a46f80a666854d675cf3ba81de0de043c3774f461560f55edc256a787afe701677c0f602900	
v0-bit-61-3	d75a980182b10ab7d54bfed3c964073a0ee172f3daa62325af021a68f707511a	b6b4699f87d56126c9117a7da55bd0085246f4c56dbc95d20172612e9d38e8d7ca65e573a126ed88d4e30a46f80a666854d675cf3ba81de0de043c3774f861560f55edc256a787afe701677c0f602900	
v0-bit-61-4	d75a980182b10ab7d54bfed3c964073a0ee172f3daa62325af021a68f707511a	b6b4699f87d56126c9117a7da55bd0085246f4c56dbc95d20172612e9d38e8d7ca65e573a126ed88d4e30a46f80a666854d675cf3ba81de0de043c3774e061560f55edc256a787afe701677c0f602900	
v0-bit-61-5	d75a980182b10ab7d54bfed3c964073a0ee172f3daa62325af021a68f707511a	b6b4699f87d56126c9117a7da55bd0085246f4c56dbc95d20172612e9d38e8d7ca65e573a126ed88d4e30a46f80a666854d675cf3ba81de0de043c3774d061560f55edc256a787afe701677c0f602900	
v0-bit-61-6	d75a980182b10ab7d54bfed3c964073a0ee172f3daa62325af021a68f707511a	b6b4699f87d56126c9117a7da55bd0085246f4c56dbc95d20172612e9d38e8d7ca65e573a126ed88d4e30a46f80a666854d675cf3ba81de0de043c3774b061560f55edc256a787afe701677c0f602900	
v0-bit-61-7	d75a980182b10ab7d54bfed3c964073a0ee172f3daa62325af021a68f707511a	b6b4699f87d56126c9117a7da55bd0085246f4c56dbc95d20172612e9d38e8d7ca65e573a126ed88d4e30a46f80a666854d675cf3ba81de0de043c37747061560f55edc256a787afe701677c0f602900	
v0-bit-62-0	d75a980182b10ab7d54bfed3c964073a0ee172f3daa62325af021a68f707511a	b6b4699f87d56126c9117a7da55bd0085246f4c56dbc95d20172612e9d38e8d7ca65e573a126ed88d4e30a46f80a666854d675cf3ba81de0de043c3774f060560f55edc256a787afe701677c0f602900	
v0-bit-62-1	d75a980182b10ab7d54bfed3c964073a0ee172f3daa62325af021a68f707511a	b6b4699f87d56126c9117a7da55bd0085246f4c56dbc95d20172612e9d38e8d7ca65e573a126ed88d4e30a46f80a666854d675cf3ba81de0de043c3774f063560f55edc256a787afe701677c0f602900	
v0-bit-62-2	d75a980182b10ab7d54bfed3c964073a0ee172f3daa62325af021a68f707511a	b6b4699f87d56126c9117a7da55bd0085246f4c56dbc95d20172612e9d38e8d7ca65e573a126ed88d4e30a46f80a666854d675cf3ba81de0de043c3774f065560f55edc256a787afe701677c0f602900	
v0-bit-62-3	d75a980182b10ab7d54bfed3c964073a0ee172f3daa62325af021a68f707511a	b6b4699f87d56126c9117a7da55bd0085246f4c56dbc95d20172612e9d38e8d7ca65e573a126ed88d4e30a46f80a666854d675cf3ba81de0de043c3774f069560f55edc256a787afe701677c0f602900	
v0-bit-62-4	d75a980182b10ab7d54bfed3c964073a0ee172f3daa62325af021a68f707511a	b6b4699f87d56126c9117a7da55bd0085246f4c56dbc95d20172612e9d38e8d7ca65e573a126ed88d4e30a46f80a666854d675cf3ba81de0de043c3774f071560f55edc256a787afe701677c0f602900	
v0-bit-62-5	d75a980182b10ab7d54bfed3c964073a0ee172f3daa62325af021a68f707511a	b6b4699f87d56126c9117a7da55bd0085246f4c56dbc95d20172612e9d38e8d7ca65e573a126ed88d4e30a46f80a666854d675cf3ba81de0de043c3774f041560f55edc256a787afe701677c0f602900	
v0-bit-62-6	d75a980182b10ab7d54bfed3c964073a0ee172f3daa62325af021a68f707511a	b6b4699f87d56126c9117a7da55bd0085246f4c56dbc95d20172612e9d38e8d7ca65e573a126ed88d4e30a46f80a666854d675cf3ba81de0de043c3774f021560f55edc256a787afe701677c0f602900	
v0-bit-62-7	d75a980182b10ab7d54bfed3c964073a0ee172f3daa62325af021a68f707511a	b6b4699f87d56126c9117a7da55bd0085246f4c56dbc95d20172612e9d38e8d7ca65e573a126ed88d4e30a46f80a666854d675cf3ba81de0de043c3774f0e1560f55edc256a787afe701677c0f602900	
v0-bit-63-0	d75a980182b10ab7d54bfed3c964073a0ee172f3daa62325af021a68f707511a	b6b4699f87d56126c9117a7da55bd0085246f4c56dbc95d20172612e9d38e8d7ca65e573a126ed88d4e30a46f80a666854d675cf3ba81de0de043c3774f061570f55edc256a787afe701677c0f602900	
v0-bit-63-1	d75a980182b10ab7d54bfed3c964073a0ee172f3daa62325af021a68f707511a	b6b4699f87d56126c9117a7da55bd0085246f4c56dbc95d20172612e9d38e8d7ca65e573a126ed88d4e30a46f80a666854d675cf3ba81de0de043c3774f061540f55edc256a787afe701677c0f602900	
v0-bit-63-2	d75a980182b10ab7d54bfed3c964073a0ee172f3daa62325af021a68f707511a	b6b4699f87d56126c9117a7da55bd0085246f4c56dbc95d20172612e9d38e8d7ca65e573a126ed88d4e30a46f80a666854d675cf3ba81de0de043c3774f061520f55edc256a787afe701677c0f602900	
v0-bit-63-3	d75a980182b10ab7d54bfed3c964073a0ee172f3daa62325af021a68f707511a	b6b4699f87d56126c9117a7da55bd0085246f4c56dbc95d20172612e9d38e8d7ca65e573a126ed88d4e30a46f80a666854d675cf3ba81de0de043c3774f0615e0f55edc256a787afe701677c0f602900	
v0-bit-63-4	d75a980182b10ab7d54bfed3c964073a0ee172f3daa62325af021a68f707511a	b6b4699f87d56126c9117a7da55bd0085246f4c56dbc95d20172612e9d38e8d7ca65e573a126ed88d4e30a46f80a666854d675cf3ba81de0de043c3774f061460f55edc256a787afe701677c0f602900	
v0-bit-63-5	d75a980182b10ab7d54bfed3c964073a0ee172f3daa62325af021a68f707511a	b6b4699f87d56126c9117a7da55bd0085246f4c56dbc95d20172612e9d38e8d7ca65e573a126ed88d4e30a46f80a666854d675cf3ba81de0de043c3774f061760f55edc256a787afe701677c0f602900	
v0-bit-63-6	d75a980182b10ab7d54bfed3c964073a0ee172f3daa62325af021a68f707511a	b6b4699f87d56126c9117a7da55bd0085246f4c56dbc95d20172612e9d38e8d7ca65e573a126ed88d4e30a46f80a666854d675cf3ba81de0de043c3774f061160f55edc256a787afe701677c0f602900	
v0-bit-63-7	d75a980182b10ab7d54bfed3c964073a0ee172f3daa62325af021a68f707511a	b6b4699f87d56126c9117a7da55bd0085246f4c56dbc95d20172612e9d38e8d7ca65e573a126ed88d4e30a46f80a666854d675cf3ba81de0de043c3774f061d60f55edc256a787afe701677c0f602900	
v0-bit-64-0	d75a980182b10ab7d54bfed3c964073a0ee172f3daa62325af021a68f707511a	b6b4699f87d56126c9117a7da55bd0085246f4c56dbc95d20172612e9d38e8d7ca65e573a126ed88d4e30a46f80a666854d675cf3ba81de0de043c3774f061560e55edc256a787afe701677c0f602900	
v0-bit-64-1	d75a980182b10ab7d54bfed3c964073a0ee172f3daa62325af021a68f707511a	b6b4699f87d56126c9117a7da55bd0085246f4c56dbc95d20172612e9d38e8d7ca65e573a126ed88d4e30a46f80a666854d675cf3ba81de0de043c3774f061560d55edc256a787afe701677c0f602900	
v0-bit-64-2	d75a980182b10ab7d54bfed3c964073a0ee172f3daa62325af021a68f707511a	b6b4699f87d56126c9117a7da55bd0085246f4c56dbc95d20172612e9d38e8d7ca65e573a126ed88d4e30a46f80a666854d675cf3ba81de0de043c3774f061560b55edc256a787afe701677c0f602900	
v0-bit-64-3	d75a980182b10ab7d54bfed3c964073a0ee172f3daa62325af021a68f707511a	b6b4699f87d56126c9117a7da55bd0085246f4c56dbc95d20172612e9d38e8d7ca65e573a126ed88d4e30a46f80a666854d675cf3ba81de0de043c3774f061560755edc256a787afe701677c0f602900	
v0-bit-64-4	d75a980182b10ab7d54bfed3c964073a0ee172f3daa62325af021a68f707511a	b6b4699f87d56126c9117a7da55bd0085246f4c56dbc95d20172612e9d38e8d7ca65e573a126ed88d4e30a46f80a666854d675cf3ba81de0de043c3774f061561f55edc256a787afe701677c0f602900	
v0-bit-64-5	d75a980182b10ab7d54bfed3c964073a0ee172f3daa62325af021a68f707511a	b6b4699f87d56126c9117a7da55bd0085246f4c56dbc95d20172612e9d38e8d7ca65e573a126ed88d4e30a46f80a666854d675cf3ba81de0de043c3774f061562f55edc256a787afe701677c0f602900	
v0-bit-64-6	d75a980182b10ab7d54bfed3c964073a0ee172f3daa62325af021a68f707511a	b6b4699f87d56126c9117a7da55bd0085246f4c56dbc95d20172612e9d38e8d7ca65e573a126ed88d4e30a46f80a666854d675cf3ba81de0de043c3774f061564f55edc256a787afe701677c0f602900	
v0-bit-64-7	d75a980182b10ab7d54bfed3c964073a0ee172f3daa62325af021a68f707511a	b6b4699f87d56126c9117a7da55bd0085246f4c56dbc95d20172612e9d38e8d7ca65e573a126ed88d4e30a46f80a666854d675cf3ba81de0de043c3774f061568f55edc256a787afe701677c0f602900	
v0-bit-65-0	d75a980182b10ab7d54bfed3c964073a0ee172f3daa62325af021a68f707511a	b6b4699f87d56126c9117a7da55bd0085246f4c56dbc95d20172612e9d38e8d7ca65e573a126ed88d4e30a46f80a666854d675cf3ba81de0de043c3774f061560f54edc256a787afe701677c0f602900	
v0-bit-65-1	d75a980182b10ab7d54bfed3c964073a0ee172f3daa62325af021a68f707511a	b6b4699f87d56126c9117a7da55bd0085246f4c56dbc95d20172612e9d38e8d7ca65e573a126ed88d4e30a46f80a666854d675cf3ba81de0de043c3774f061560f57edc256a787afe701677c0f602900	
v0-bit-65-2	d75a980182b10ab7d54bfed3c964073a0ee172f3daa62325af021a68f707511a	b6b4699f87d56126c9117a7da55bd0085246f4c56dbc95d20172612e9d38e8d7ca65e573a126ed88d4e30a46f80a666854d675cf3ba81de0de043c3774f061560f51edc256a787afe701677c0f602900	
v0-bit-65-3	d75a980182b10ab7d54bfed3c964073a0ee172f3daa62325af021a68f707511a	b6b4699f87d56126c9117a7da55bd0085246f4c56dbc95d20172612e9d38e8d7ca65e573a126ed88d4e30a46f80a666854d675cf3ba81de0de043c3774f061560f5dedc256a787afe701677c0f602900	
v0-bit-65-4	d75a980182b10ab7d54bfed3c964073a0ee172f3daa62325af021a68f707511a	b6b4699f87d56126c9117a7da55bd0085246f4c56dbc95d20172612e9d38e8d7ca65e573a126ed88d4e30a46f80a666854d675cf3ba81de0de043c3774f061560f45edc256a787afe701677c0f602900	
v0-bit-65-5	d75a980182b10ab7d54bfed3c964073a0ee172f3daa62325af021a68f707511a	b6b4699f87d56126c9117a7da55bd0085246f4c56dbc95d20172612e9d38e8d7ca65e573a126ed88d4e30a46f80a666854d675cf3ba81de0de043c3774f061560f75edc256a787afe701677c0f602900	
v0-bit-65-6	d75a980182b10ab7d54bfed3c964073a0ee172f3daa62325af021a68f707511a	b6b4699f87d56126c9117a7da55bd0085246f4c56dbc95d20172612e9d38e8d7ca65e573a126ed88d4e30a46f80a666854d675cf3ba81de0de043c3774f061560f15edc256a787afe701677c0f602900	
v0-bit-65-7	d75a980182b10ab7d54bfed3c964073a0ee172f3daa62325af021a68f707511a	b6b4699f87d56126c9117a7da55bd0085246f4c56dbc95d20172612e9d38e8d7ca65e573a126ed88d4e30a46f80a666854d675cf3ba81de0de043c3774f061560fd5edc256a787afe701677c0f602900	
v0-bit-66-0	d75a980182b10ab7d54bfed3c964073a0ee172f3daa62325af021a68f707511a	b6b4699f87d56126c9117a7da55bd0085246f4c56dbc95d20172612e9d38e8d7ca65e573a126ed88d4e30a46f80a666854d675cf3ba81de0de043c3774f061560f55ecc256a787afe701677c0f602900	
v0-bit-66-1	d75a980182b10ab7d54bfed3c964073a0ee172f3daa62325af021a68f707511a	b6b4699f87d56126c9117a7da55bd0085246f4c56dbc95d20172612e9d38e8d7ca65e573a126ed88d4e30a46f80a666854d675cf3ba81de0de043c3774f061560f55efc256a787afe701677c0f602900	
v0-bit-66-2	d75a980182b10ab7d54bfed3c964073a0ee172f3daa62325af021a68f707511a	b6b4699f87d56126c9117a7da55bd0085246f4c56dbc95d20172612e9d38e8d7ca65e573a126ed88d4e30a46f80a666854d675cf3ba81de0de043c3774f061560f55e9c256a787afe701677c0f602900	
v0-bit-66-3	d75a980182b10ab7d54bfed3c964073a0ee172f3daa62325af021a68f707511a	b6b4699f87d56126c9117a7da55bd0085246f4c56dbc95d20172612e9d38e8d7ca65e573a126ed88d4e30a46f80a666854d675cf3ba81de0de043c3774f061560f55e5c256a787afe701677c0f602900	
v0-bit-66-4	d75a980182b10ab7d54bfed3c964073a0ee172f3daa62325af021a68f707511a	b6b4699f87d56126c9117a7da55bd0085246f4c56dbc95d20172612e9d38e8d7ca65e573a126ed88d4e30a46f80a666854d675cf3ba81de0de043c3774f061560f55fdc256a787afe701677c0f602900	
v0-bit-66-5	d75a980182b10ab7d54bfed3c964073a0ee172f3daa62325af021a68f707511a	b6b4699f87d56126c9117a7da55bd0085246f4c56dbc95d20172612e9d38e8d7ca65e573a126ed88d4e30a46f80a666854d675cf3ba81de0de043c3774f061560f55cdc256a787afe701677c0f602900	
v0-bit-66-6	d75a980182b10ab7d54bfed3c964073a0ee172f3daa62325af021a68f707511a	b6b4699f87d56126c9117a7da55bd0085246f4c56dbc95d20172612e9d38e8d7ca65e573a126ed88d4e30a46f80a666854d675cf3ba81de0de043c3774f061560f55adc256a787afe701677c0f602900	
v0-bit-66-7	d75a980182b10ab7d54bfed3c964073a0ee172f3daa62325af021a68f707511a	b6b4699f87d56126c9117a7da55bd0085246f4c56dbc95d20172612e9d38e8d7ca65e573a126ed88d4e30a46f80a666854d675cf3ba81de0de043c3774f061560f556dc256a787afe701677c0f602900	
v0-bit-67-0	d75a980182b10ab7d54bfed3c964073a0ee172f3daa62325af021a68f707511a	b6b4699f87d56126c9117a7da55bd0085246f4c56dbc95d20172612e9d38e8d7ca65e573a126ed88d4e30a46f80a666854d675cf3ba81de0de043c3774f061560f55edc356a787afe701677c0f602900	
v0-bit-67-1	d75a980182b10ab7d54bfed3c964073a0ee172f3daa62325af021a68f707511a	b6b4699f87d56126c9117a7da55bd0085246f4c56dbc95d20172612e9d38e8d7ca65e573a126ed88d4e30a46f80a666854d675cf3ba81de0de043c3774f061560f55edc056a787afe701677c0f602900	
v0-bit-67-2	d75a980182b10ab7d54bfed3c964073a0ee172f3daa62325af021a68f707511a	b6b4699f87d56126c9117a7da55bd0085246f4c56dbc95d20172612e9d38e8d7ca65e573a126ed88d4e30a46f80a666854d675cf3ba81de0de043c3774f061560f55edc656a787afe701677c0f602900	
v0-bit-67-3	d75a980182b10ab7d54bfed3c964073a0ee172f3daa62325af021a68f707511a	b6b4699f87d56126c9117a7da55bd0085246f4c56dbc95d20172612e9d38e8d7ca65e573a126ed88d4e30a46f80a666854d675cf3ba81de0de043c3774f061560f55edca56a787afe701677c0f602900	
v0-bit-67-4	d75a980182b10ab7d54bfed3c964073a0ee172f3daa62325af021a68f707511a	b6b4699f87d56126c9117a7da55bd0085246f4c56dbc95d20172612e9d38e8d7ca65e573a126ed88d4e30a46f80a666854d675cf3ba81de0de043c3774f061560f55edd256a787afe701677c0f602900	
v0-bit-67-5	d75a980182b10ab7d54bfed3c964073a0ee172f3daa62325af021a68f707511a	b6b4699f87d56126c9117a7da55bd0085246f4c56dbc95d20172612e9d38e8d7ca65e573a126ed88d4e30a46f80a666854d675cf3ba81de0de043c3774f061560f55ede256a787afe701677c0f602900	
v0-bit-67-6	d75a980182b10ab7d54bfed3c964073a0ee172f3daa62325af021a68f707511a	b6b4699f87d56126c9117a7da55bd0085246f4c56dbc95d20172612e9d38e8d7ca65e573a126ed88d4e30a46f80a666854d675cf3ba81de0de043c3774f061560f55ed8256a787afe701677c0f602900	
v0-bit-67-7	d75a980182b10ab7d54bfed3c964073a0ee172f3daa62325af021a68f707511a	b6b4699f87d56126c9117a7da55bd0085246f4c56dbc95d20172612e9d38e8d7ca65e573a126ed88d4e30a46f80a666854d675cf3ba81de0de043c3774f061560f55ed4256a787afe701677c0f602900	
v0-bit-68-0	d75a980182b10ab7d54bfed3c964073a0ee172f3daa62325af021a68f707511a	b6b4699f87d56126c9117a7da55bd0085246f4c56dbc95d20172612e9d38e8d7ca65e573a126ed88d4e30a46f80a666854d675cf3ba81de0de043c3774f061560f55edc257a787afe701677c0f602900	
v0-bit-68-1	d75a980182b10ab7d54bfed3c964073a0ee172f3daa62325af021a68f707511a	b6b4699f87d56126c9117a7da55bd0085246f4c56dbc95d20172612e9d38e8d7ca65e573a126ed88d4e30a46f80a666854d675cf3ba81de0de043c3774f061560f55edc254a787afe701677c0f602900	
v0-bit-68-2	d75a980182b10ab7d54bfed3c964073a0ee172f3daa62325af021a68f707511a	b6b4699f87d56126c9117a7da55bd0085246f4c56dbc95d20172612e9d38e8d7ca65e573a126ed88d4e30a46f80a666854d675cf3ba81de0de043c3774f061560f55edc252a787afe701677c0f602900	
v0-bit-68-3	d75a980182b10ab7d54bfed3c964073a0ee172f3daa62325af021a68f707511a	b6b4699f87d56126c9117a7da55bd0085246f4c56dbc95d20172612e9d38e8d7ca65e573a126ed88d4e30a46f80a666854d675cf3ba81de0de043c3774f061560f55edc25ea787afe701677c0f602900	
v0-bit-68-4	d75a980182b10ab7d54bfed3c964073a0ee172f3daa62325af021a68f707511a	b6b4699f87d56126c9117a7da55bd0085246f4c56dbc95d20172612e9d38e8d7ca65e573a126ed88d4e30a46f80a666854d675cf3ba81de0de043c3774f061560f55edc246a787afe701677c0f602900	
v0-bit-68-5	d75a980182b10ab7d54bfed3c964073a0ee172f3daa62325af021a68f707511a	b6b4699f87d56126c9117a7da55bd0085246f4c56dbc95d20172612e9d38e8d7ca65e573a126ed88d4e30a46f80a666854d675cf3ba81de0de043c3774f061560f55edc276a787afe701677c0f602900	
v0-bit-68-6	d75a980182b10ab7d54bfed3c964073a0ee172f3daa62325af021a68f707511a	b6b4699f87d56126c9117a7da55bd0085246f4c56dbc95d20172612e9d38e8d7ca65e573a126ed88d4e30a46f80a666854d675cf3ba81de0de043c3774f061560f55edc216a787afe701677c0f602900	
v0-bit-68-7	d75a980182b10ab7d54bfed3c964073a0ee172f3daa62325af021a68f707511a	b6b4699f87d56126c9117a7da55bd0085246f4c56dbc95d20172612e9d38e8d7ca65e573a126ed88d4e30a46f80a666854d675cf3ba81de0de043c3774f061560f55edc2d6a787afe701677c0f602900	
v0-bit-69-0	d75a980182b10ab7d54bfed3c964073a0ee172f3daa62325af021a68f707511a	b6b4699f87d56126c9117a7da55bd0085246f4c56dbc95d20172612e9d38e8d7ca65e573a126ed88d4e30a46f80a666854d675cf3ba81de0de043c3774f061560f55edc256a687afe701677c0f602900	
v0-bit-69-1	d75a980182b10ab7d54bfed3c964073a0ee172f3daa62325af021a68f707511a	b6b4699f87d56126c9117a7da55bd0085246f4c56dbc95d20172612e9d38e8d7ca65e573a126ed88d4e30a46f80a666854d675cf3ba81de0de043c3774f061560f55edc256a587afe701677c0f602900	
v0-bit-69-2	d75a980182b10ab7d54bfed3c964073a0ee172f3daa62325af021a68f707511a	b6b4699f87d56126c9117a7da55bd0085246f4c56dbc95d20172612e9d38e8d7ca65e573a126ed88d4e30a46f80a666854d675cf3ba81de0de043c3774f061560f55edc256a387afe701677c0f602900	
v0-bit-69-3	d75a980182b10ab7d54bfed3c964073a0ee172f3daa62325af021a68f707511a	b6b4699f87d56126c9117a7da55bd0085246f4c56dbc95d20172612e9d38e8d7ca65e573a126ed88d4e30a46f80a666854d675cf3ba81de0de043c3774f061560f55edc256af87afe701677c0f602900	
v0-bit-69-4	d75a980182b10ab7d54bfed3c964073a0ee172f3daa62325af021a68f707511a	b6b4699f87d56126c9117a7da55bd0085246f4c56dbc95d20172612e9d38e8d7ca65e573a126ed88d4e30a46f80a666854d675cf3ba81de0de043c3774f061560f55edc256b787afe701677c0f602900	
v0-bit-69-5	d75a980182b10ab7d54bfed3c964073a0ee172f3daa62325af021a68f707511a	b6b4699f87d56126c9117a7da55bd0085246f4c56dbc95d20172612e9d38e8d7ca65e573a126ed88d4e30a46f80a666854d675cf3ba81de0de043c3774f061560f55edc2568787afe701677c0f602900	
v0-bit-69-6	d75a980182b10ab7d54bfed3c964073a0ee172f3daa62325af021a68f707511a	b6b4699f87d56126c9117a7da55bd0085246f4c56dbc95d20172612e9d38e8d7ca65e573a126ed88d4e30a46f80a666854d675cf3ba81de0de043c3774f061560f55edc256e787afe701677c0f602900	
v0-bit-69-7	d75a980182b10ab7d54bfed3c964073a0ee172f3daa62325af021a68f707511a	b6b4699f87d56126c9117a7da55bd0085246f4c56dbc95d20172612e9d38e8d7ca65e573a126ed88d4e30a46f80a666854d675cf3ba81de0de043c3774f061560f55edc2562787afe701677c0f602900	
v0-bit-70-0	d75a980182b10ab7d54bfed3c964073a0ee172f3daa62325af021a68f707511a	b6b4699f87d56126c9117a7da55bd0085246f4c56dbc95d20172612e9d38e8d7ca65e573a126ed88d4e30a46f80a666854d675cf3ba81de0de043c3774f061560f55edc256a786afe701677c0f602900	
v0-bit-70-1	d75a980182b10ab7d54bfed3c964073a0ee172f3daa62325af021a68f707511a	b6b4699f87d56126c9117a7da55bd0085246f4c56dbc95d20172612e9d38e8d7ca65e573a126ed88d4e30a46f80a666854d675cf3ba81de0de043c3774f061560f55edc256a785afe701677c0f602900	
v0-bit-70-2	d75a980182b10ab7d54bfed3c964073a0ee172f3daa62325af021a68f707511a	b6b4699f87d56126c9117a7da55bd0085246f4c56dbc95d20172612e9d38e8d7ca65e573a126ed88d4e30a46f80a666854d675cf3ba81de0de043c3774f061560f55edc256a783afe701677c0f602900	
v0-bit-70-3	d75a980182b10ab7d54bfed3c964073a0ee172f3daa62325af021a68f707511a	b6b4699f87d56126c9117a7da55bd0085246f4c56dbc95d20172612e9d38e8d7ca65e573a126ed88d4e30a46f80a666854d675cf3ba81de0de043c3774f061560f55edc256a78fafe701677c0f602900	
v0-bit-70-4	d75a980182b10ab7d54bfed3c964073a0ee172f3daa62325af021a68f707511a	b6b4699f87d56126c9117a7da55bd0085246f4c56dbc95d20172612e9d38e8d7ca65e573a126ed88d4e30a46f80a666854d675cf3ba81de0de043c3774f061560f55edc256a797afe701677c0f602900	
v0-bit-70-5	d75a980182b10ab7d54bfed3c964073a0ee172f3daa62325af021a68f707511a	b6b4699f87d56126c9117a7da55bd0085246f4c56dbc95d20172612e9d38e8d7ca65e573a126ed88d4e30a46f80a666854d675cf3ba81de0de043c3774f061560f55edc256a7a7afe701677c0f602900	
v0-bit-70-6	d75a980182b10ab7d54bfed3c964073a0ee172f3daa62325af021a68f707511a	b6b4699f87d56126c9117a7da55bd0085246f4c56dbc95d20172612e9d38e8d7ca65e573a126ed88d4e30a46f80a666854d675cf3ba81de0de043c3774f061560f55edc256a7c7afe701677c0f602900	
v0-bit-70-7	d75a980182b10ab7d54bfed3c964073a0ee172f3daa62325af021a68f707511a	b6b4699f87d56126c9117a7da55bd0085246f4c56dbc95d20172612e9d38e8d7ca65e573a126ed88d4e30a46f80a666854d675cf3ba81de0de043c3774f061560f55edc256a707afe701677c0f602900	
v0-bit-71-0	d75a980182b10ab7d54bfed3c964073a0ee172f3daa62325af021a68f707511a	b6b4699f87d56126c9117a7da55bd0085246f4c56dbc95d20172612e9d38e8d7ca65e573a126ed88d4e30a46f80a666854d675cf3ba81de0de043c3774f061560f55edc256a787aee701677c0f602900	
v0-bit-71-1	d75a980182b10ab7d54bfed3c964073a0ee172f3daa62325af021a68f707511a	b6b4699f87d56126c9117a7da55bd0085246f4c56dbc95d20172612e9d38e8d7ca65e573a126ed88d4e30a46f80a666854d675cf3ba81de0de043c3774f061560f55edc256a787ade701677c0f602900	
v0-bit-71-2	d75a980182b10ab7d54bfed3c964073a0ee172f3daa62325af021a68f707511a	b6b4699f87d56126c9117a7da55bd0085246f4c56dbc95d20172612e9d38e8d7ca65e573a126ed88d4e30a46f80a666854d675cf3ba81de0de043c3774f061560f55edc256a787abe701677c0f602900	
v0-bit-71-3	d75a980182b10ab7d54bfed3c964073a0ee172f3daa62325af021a68f707511a	b6b4699f87d56126c9117a7da55bd0085246f4c56dbc95d20172612e9d38e8d7ca65e573a126ed88d4e30a46f80a666854d675cf3ba81de0de043c3774f061560f55edc256a787a7e701677c0f602900	
v0-bit-71-4	d75a980182b10ab7d54bfed3c964073a0ee172f3daa62325af021a68f707511a	b6b4699f87d56126c9117a7da55bd0085246f4c56dbc95d20172612e9d38e8d7ca65e573a126ed88d4e30a46f80a666854d675cf3ba81de0de043c3774f061560f55edc256a787bfe701677c0f602900	
v0-bit-71-5	d75a980182b10ab7d54bfed3c964073a0ee172f3daa62325af021a68f707511a	b6b4699f87d56126c9117a7da55bd0085246f4c56dbc95d20172612e9d38e8d7ca65e573a126ed88d4e30a46f80a666854d675cf3ba81de0de043c3774f061560f55edc256a7878fe701677c0f602900	
v0-bit-71-6	d75a980182b10ab7d54bfed3c964073a0ee172f3daa62325af021a68f707511a	b6b4699f87d56126c9117a7da55bd0085246f4c56dbc95d20172612e9d38e8d7ca65e573a126ed88d4e30a46f80a666854d675cf3ba81de0de043c3774f061560f55edc256a787efe701677c0f602900	
v0-bit-71-7	d75a980182b10ab7d54bfed3c964073a0ee172f3daa62325af021a68f707511a	b6b4699f87d56126c9117a7da55bd0085246f4c56dbc95d20172612e9d38e8d7ca65e573a126ed88d4e30a46f80a666854d675cf3ba81de0de043c3774f061560f55edc256a7872fe701677c0f602900	
v0-bit-72-0	d75a980182b10ab7d54bfed3c964073a0ee172f3daa62325af021a68f707511a	b6b4699f87d56126c9117a7da55bd0085246f4c56dbc95d20172612e9d38e8d7ca65e573a126ed88d4e30a46f80a666854d675cf3ba81de0de043c3774f061560f55edc256a787afe601677c0f602900	
v0-bit-72-1	d75a980182b10ab7d54bfed3c964073a0ee172f3daa62325af021a68f707511a	b6b4699f87d56126c9117a7da55bd0085246f4c56dbc95d20172612e9d38e8d7ca65e573a126ed88d4e30a46f80a666854d675cf3ba81de0de043c3774f061560f55edc256a787afe501677c0f602900	
v0-bit-72-2	d75a980182b10ab7d54bfed3c964073a0ee172f3daa62325af021a68f707511a	b6b4699f87d56126c9117a7da55bd0085246f4c56dbc95d20172612e9d38e8d7ca65e573a126ed88d4e30a46f80a666854d675cf3ba81de0de043c3774f061560f55edc256a787afe301677c0f602900	
v0-bit-72-3	d75a980182b10ab7d54bfed3c964073a0ee172f3daa62325af021a68f707511a	b6b4699f87d56126c9117a7da55bd0085246f4c56dbc95d20172612e9d38e8d7ca65e573a126ed88d4e30a46f80a666854d675cf3ba81de0de043c3774f061560f55edc256a787afef01677c0f602900	
v0-bit-72-4	d75a980182b10ab7d54bfed3c964073a0ee172f3daa62325af021a68f707511a	b6b4699f87d56126c9117a7da55bd0085246f4c56dbc95d20172612e9d38e8d7ca65e573a126ed88d4e30a46f80a666854d675cf3ba81de0de043c3774f061560f55edc256a787aff701677c0f602900	
v0-bit-72-5	d75a980182b10ab7d54bfed3c964073a0ee172f3daa62325af021a68f707511a	b6b4699f87d56126c9117a7da55bd0085246f4c56dbc95d20172612e9d38e8d7ca65e573a126ed88d4e30a46f80a666854d675cf3ba81de0de043c3774f061560f55edc256a787afc701677c0f602900	
v0-bit-72-6	d75a980182b10ab7d54bfed3c964073a0ee172f3daa62325af021a68f707511a	b6b4699f87d56126c9117a7da55bd0085246f4c56dbc95d20172612e9d38e8d7ca65e573a126ed88d4e30a46f80a666854d675cf3ba81de0de043c3774f061560f55edc256a787afa701677c0f602900	
v0-bit-72-7	d75a980182b10ab7d54bfed3c964073a0ee172f3daa62325af021a68f707511a	b6b4699f87d56126c9117a7da55bd0085246f4c56dbc95d20172612e9d38e8d7ca65e573a126ed88d4e30a46f80a666854d675cf3ba81de0de043c3774f061560f55edc256a787af6701677c0f602900	
v0-bit-73-0	d75a980182b10ab7d54bfed3c964073a0ee172f3daa62325af021a68f707511a	b6b4699f87d56126c9117a7da55bd0085246f4c56dbc95d20172612e9d38e8d7ca65e573a126ed88d4e30a46f80a666854d675cf3ba81de0de043c3774f061560f55edc256a787afe700677c0f602900	
v0-bit-73-1	d75a980182b10ab7d54bfed3c964073a0ee172f3daa62325af021a68f707511a	b6b4699f87d56126c9117a7da55bd0085246f4c56dbc95d20172612e9d38e8d7ca65e573a126ed88d4e30a46f80a666854d675cf3ba81de0de043c3774f061560f55edc256a787afe703677c0f602900	
v0-bit-73-2	d75a980182b10ab7d54bfed3c964073a0ee172f3daa62325af021a68f707511a	b6b4699f87d56126c9117a7da55bd0085246f4c56dbc95d20172612e9d38e8d7ca65e573a126ed88d4e30a46f80a666854d675cf3ba81de0de043c3774f061560f55edc256a787afe705677c0f602900	
v0-bit-73-3	d75a980182b10ab7d54bfed3c964073a0ee172f3daa62325af021a68f707511a	b6b4699f87d56126c9117a7da55bd0085246f4c56dbc95d20172612e9d38e8d7ca65e573a126ed88d4e30a46f80a666854d675cf3ba81de0de043c3774f061560f55edc256a787afe709677c0f602900	
v0-bit-73-4	d75a980182b10ab7d54bfed3c964073a0ee172f3daa62325af021a68f707511a	b6b4699f87d56126c9117a7da55bd0085246f4c56dbc95d20172612e9d38e8d7ca65e573a126ed88d4e30a46f80a666854d675cf3ba81de0de043c3774f061560f55edc256a787afe711677c0f602900	
v0-bit-73-5	d75a980182b10ab7d54bfed3c964073a0ee172f3daa62325af021a68f707511a	b6b4699f87d56126c9117a7da55bd0085246f4c56dbc95d20172612e9d38e8d7ca65e573a126ed88d4e30a46f80a666854d675cf3ba81de0de043c3774f061560f55edc256a787afe721677c0f602900	
v0-bit-73-6	d75a980182b10ab7d54bfed3c964073a0ee172f3daa62325af021a68f707511a	b6b4699f87d56126c9117a7da55bd0085246f4c56dbc95d20172612e9d38e8d7ca65e573a126ed88d4e30a46f80a666854d675cf3ba81de0de043c3774f061560f55edc256a787afe741677c0f602900	
v0-bit-73-7	d75a980182b10ab7d54bfed3c964073a0ee172f3daa62325af021a68f707511a	b6b4699f87d56126c9117a7da55bd0085246f4c56dbc95d20172612e9d38e8d7ca65e573a126ed88d4e30a46f80a666854d675cf3ba81de0de043c3774f061560f55edc256a787afe781677c0f602900	
v0-bit-74-0	d75a980182b10ab7d54bfed3c964073a0ee172f3daa62325af021a68f707511a	b6b4699f87d56126c9117a7da55bd0085246f4c56dbc95d20172612e9d38e8d7ca65e573a126ed88d4e30a46f80a666854d675cf3ba81de0de043c3774f061560f55edc256a787afe701667c0f602900	
v0-bit-74-1	d75a980182b10ab7d54bfed3c964073a0ee172f3daa62325af021a68f707511a	b6b4699f87d56126c9117a7da55bd0085246f4c56dbc95d20172612e9d38e8d7ca65e573a126ed88d4e30a46f80a666854d675cf3ba81de0de043c3774f061560f55edc256a787afe701657c0f602900	
v0-bit-74-2	d75a980182b10ab7d54bfed3c964073a0ee172f3daa62325af021a68f707511a	b6b4699f87d56126c9117a7da55bd0085246f4c56dbc95d20172612e9d38e8d7ca65e573a126ed88d4e30a46f80a666854d675cf3ba81de0de043c3774f061560f55edc256a787afe701637c0f602900	
v0-bit-74-3	d75a980182b10ab7d54bfed3c964073a0ee172f3daa62325af021a68f707511a	b6b4699f87d56126c9117a7da55bd0085246f4c56dbc95d20172612e9d38e8d7ca65e573a126ed88d4e30a46f80a666854d675cf3ba81de0de043c3774f061560f55edc256a787afe7016f7c0f602900	
v0-bit-74-4	d75a980182b10ab7d54bfed3c964073a0ee172f3daa62325af021a68f707511a	b6b4699f87d56126c9117a7da55bd0085246f4c56dbc95d20172612e9d38e8d7ca65e573a126ed88d4e30a46f80a666854d675cf3ba81de0de043c3774f061560f55edc256a787afe701777c0f602900	
v0-bit-74-5	d75a980182b10ab7d54bfed3c964073a0ee172f3daa62325af021a68f707511a	b6b4699f87d56126c9117a7da55bd0085246f4c56dbc95d20172612e9d38e8d7ca65e573a126ed88d4e30a46f80a666854d675cf3ba81de0de043c3774f061560f55edc256a787afe701477c0f602900	
v0-bit-74-6	d75a980182b10ab7d54bfed3c964073a0ee172f3daa62325af021a68f707511a	b6b4699f87d56126c9117a7da55bd0085246f4c56dbc95d20172612e9d38e8d7ca65e573a126ed88d4e30a46f80a666854d675cf3ba81de0de043c3774f061560f55edc256a787afe701277c0f602900	
v0-bit-74-7	d75a980182b10ab7d54bfed3c964073a0ee172f3daa62325af021a68f707511a	b6b4699f87d56126c9117a7da55bd0085246f4c56dbc95d20172612e9d38e8d7ca65e573a126ed88d4e30a46f80a666854d675cf3ba81de0de043c3774f061560f55edc256a787afe701e77c0f602900	
v0-bit-75-0	d75a980182b10ab7d54bfed3c964073a0ee172f3daa62325af021a68f707511a	b6b4699f87d56126c9117a7da55bd0085246f4c56dbc95d20172612e9d38e8d7ca65e573a126ed88d4e30a46f80a666854d675cf3ba81de0de043c3774f061560f55edc256a787afe701677d0f602900	
v0-bit-75-1	d75a980182b10ab7d54bfed3c964073a0ee172f3daa62325af021a68f707511a	b6b4699f87d56126c9117a7da55bd0085246f4c56dbc95d20172612e9d38e8d7ca65e573a126ed88d4e30a46f80a666854d675cf3ba81de0de043c3774f061560f55edc256a787afe701677e0f602900	
v0-bit-75-2	d75a980182b10ab7d54bfed3c964073a0ee172f3daa62325af021a68f707511a	b6b4699f87d56126c9117a7da55bd0085246f4c56dbc95d20172612e9d38e8d7ca65e573a126ed88d4e30a46f80a666854d675cf3ba81de0de043c3774f061560f55edc256a787afe70167780f602900	
v0-bit-75-3	d75a980182b10ab7d54bfed3c964073a0ee172f3daa62325af021a68f707511a	b6b4699f87d56126c9117a7da55bd0085246f4c56dbc95d20172612e9d38e8d7ca65e573a126ed88d4e30a46f80a666854d675cf3ba81de0de043c3774f061560f55edc256a787afe70167740f602900	
v0-bit-75-4	d75a980182b10ab7d54bfed3c964073a0ee172f3daa62325af021a68f707511a	b6b4699f87d56126c9117a7da55bd0085246f4c56dbc95d20172612e9d38e8d7ca65e573a126ed88d4e30a46f80a666854d675cf3ba81de0de043c3774f061560f55edc256a787afe701676c0f602900	
v0-bit-75-5	d75a980182b10ab7d54bfed3c964073a0ee172f3daa62325af021a68f707511a	b6b4699f87d56126c9117a7da55bd0085246f4c56dbc95d20172612e9d38e8d7ca65e573a126ed88d4e30a46f80a666854d675cf3ba81de0de043c3774f061560f55edc256a787afe701675c0f602900	
v0-bit-75-6	d75a980182b10ab7d54bfed3c964073a0ee172f3daa62325af021a68f707511a	b6b4699f87d56126c9117a7da55bd0085246f4c56dbc95d20172612e9d38e8d7ca65e573a126ed88d4e30a46f80a666854d675cf3ba81de0de043c3774f061560f55edc256a787afe701673c0f602900	
v0-bit-75-7	d75a980182b10ab7d54bfed3c964073a0ee172f3daa62325af021a68f707511a	b6b4699f87d56126c9117a7da55bd0085246f4c56dbc95d20172612e9d38e8d7ca65e573a126ed88d4e30a46f80a666854d675cf3ba81de0de043c3774f061560f55edc256a787afe70167fc0f602900	
v0-bit-76-0	d75a980182b10ab7d54bfed3c964073a0ee172f3daa62325af021a68f707511a	b6b4699f87d56126c9117a7da55bd0085246f4c56dbc95d20172612e9d38e8d7ca65e573a126ed88d4e30a46f80a666854d675cf3ba81de0de043c3774f061560f55edc256a787afe701677c0e602900	
v0-bit-76-1	d75a980182b10ab7d54bfed3c964073a0ee172f3daa62325af021a68f707511a	b6b4699f87d56126c9117a7da55bd0085246f4c56dbc95d20172612e9d38e8d7ca65e573a126ed88d4e30a46f80a666854d675cf3ba81de0de043c3774f061560f55edc256a787afe701677c0d602900	
v0-bit-76-2	d75a980182b10ab7d54bfed3c964073a0ee172f3daa62325af021a68f707511a	b6b4699f87d56126c9117a7da55bd0085246f4c56dbc95d20172612e9d38e8d7ca65e573a126ed88d4e30a46f80a666854d675cf3ba81de0de043c3774f061560f55edc256a787afe701677c0b602900	
v0-bit-76-3	d75a980182b10ab7d54bfed3c964073a0ee172f3daa62325af021a68f707511a	b6b4699f87d56126c9117a7da55bd0085246f4c56dbc95d20172612e9d38e8d7ca65e573a126ed88d4e30a46f80a666854d675cf3ba81de0de043c3774f061560f55edc256a787afe701677c07602900	
v0-bit-76-4	d75a980182b10ab7d54bfed3c964073a0ee172f3daa62325af021a68f707511a	b6b4699f87d56126c9117a7da55bd0085246f4c56dbc95d20172612e9d38e8d7ca65e573a126ed88d4e30a46f80a666854d675cf3ba81de0de043c3774f061560f55edc256a787afe701677c1f602900	
v0-bit-76-5	d75a980182b10ab7d54bfed3c964073a0ee172f3daa62325af021a68f707511a	b6b4699f87d56126c9117a7da55bd0085246f4c56dbc95d20172612e9d38e8d7ca65e573a126ed88d4e30a46f80a666854d675cf3ba81de0de043c3774f061560f55edc256a787afe701677c2f602900	
v0-bit-76-6	d75a980182b10ab7d54bfed3c964073a0ee172f3daa62325af021a68f707511a	b6b4699f87d56126c9117a7da55bd0085246f4c56dbc95d20172612e9d38e8d7ca65e573a126ed88d4e30a46f80a666854d675cf3ba81de0de043c3774f061560f55edc256a787afe701677c4f602900	
v0-bit-76-7	d75a980182b10ab7d54bfed3c964073a0ee172f3daa62325af021a68f707511a	b6b4699f87d56126c9117a7da55bd0085246f4c56dbc95d20172612e9d38e8d7ca65e573a126ed88d4e30a46f80a666854d675cf3ba81de0de043c3774f061560f55edc256a787afe701677c8f602900	
v0-bit-77-0	d75a980182b10ab7d54bfed3c964073a0ee172f3daa62325af021a68f707511a	b6b4699f87d56126c9117a7da55bd0085246f4c56dbc95d20172612e9d38e8d7ca65e573a126ed88d4e30a46f80a666854d675cf3ba81de0de043c3774f061560f55edc256a787afe701677c0f612900	
v0-bit-77-1	d75a980182b10ab7d54bfed3c964073a0ee172f3daa62325af021a68f707511a	b6b4699f87d56126c9117a7da55bd0085246f4c56dbc95d20172612e9d38e8d7ca65e573a126ed88d4e30a46f80a666854d675cf3ba81de0de043c3774f061560f55edc256a787afe701677c0f622900	
v0-bit-77-2	d75a980182b10ab7d54bfed3c964073a0ee172f3daa62325af021a68f707511a	b6b4699f87d56126c9117a7da55bd0085246f4c56dbc95d20172612e9d38e8d7ca65e573a126ed88d4e30a46f80a666854d675cf3ba81de0de043c3774f061560f55edc256a787afe701677c0f642900	
v0-bit-77-3	d75a980182b10ab7d54bfed3c964073a0ee172f3daa62325af021a68f707511a	b6b4699f87d56126c9117a7da55bd0085246f4c56dbc95d20172612e9d38e8d7ca65e573a126ed88d4e30a46f80a666854d675cf3ba81de0de043c3774f061560f55edc256a787afe701677c0f682900	
v0-bit-77-4	d75a980182b10ab7d54bfed3c964073a0ee172f3daa62325af021a68f707511a	b6b4699f87d56126c9117a7da55bd0085246f4c56dbc95d20172612e9d38e8d7ca65e573a126ed88d4e30a46f80a666854d675cf3ba81de0de043c3774f061560f55edc256a787afe701677c0f702900	
v0-bit-77-5	d75a980182b10ab7d54bfed3c964073a0ee172f3daa62325af021a68f707511a	b6b4699f87d56126c9117a7da55bd0085246f4c56dbc95d20172612e9d38e8d7ca65e573a126ed88d4e30a46f80a666854d675cf3ba81de0de043c3774f061560f55edc256a787afe701677c0f402900	
v0-bit-77-6	d75a980182b10ab7d54bfed3c964073a0ee172f3daa62325af021a68f707511a	b6b4699f87d56126c9117a7da55bd0085246f4c56dbc95d20172612e9d38e8d7ca65e573a126ed88d4e30a46f80a666854d675cf3ba81de0de043c3774f061560f55edc256a787afe701677c0f202900	
v0-bit-77-7	d75a980182b10ab7d54bfed3c964073a0ee172f3daa62325af021a68f707511a	b6b4699f87d56126c9117a7da55bd0085246f4c56dbc95d20172612e9d38e8d7ca65e573a126ed88d4e30a46f80a666854d675cf3ba81de0de043c3774f061560f55edc256a787afe701677c0fe02900	
v0-bit-78-0	d75a980182b10ab7d54bfed3c964073a0ee172f3daa62325af021a68f707511a	b6b4699f87d56126c9117a7da55bd0085246f4c56dbc95d20172612e9d38e8d7ca65e573a126ed88d4e30a46f80a666854d675cf3ba81de0de043c3774f061560f55edc256a787afe701677c0f602800	
v0-bit-78-1	d75a980182b10ab7d54bfed3c964073a0ee172f3daa62325af021a68f707511a	b6b4699f87d56126c9117a7da55bd0085246f4c56dbc95d20172612e9d38e8d7ca65e573a126ed88d4e30a46f80a666854d675cf3ba81de0de043c3774f061560f55edc256a787afe701677c0f602b00	
v0-bit-78-2	d75a980182b10ab7d54bfed3c964073a0ee172f3daa62325af021a68f707511a	b6b4699f87d56126c9117a7da55bd0085246f4c56dbc95d20172612e9d38e8d7ca65e573a126ed88d4e30a46f80a666854d675cf3ba81de0de043c3774f061560f55edc256a787afe701677c0f602d00	
v0-bit-78-3	d75a980182b10ab7d54bfed3c964073a0ee172f3daa62325af021a68f707511a	b6b4699f87d56126c9117a7da55bd0085246f4c56dbc95d20172612e9d38e8d7ca65e573a126ed88d4e30a46f80a666854d675cf3ba81de0de043c3774f061560f55edc256a787afe701677c0f602100	
v0-bit-78-4	d75a980182b10ab7d54bfed3c964073a0ee172f3daa62325af021a68f707511a	b6b4699f87d56126c9117a7da55bd0085246f4c56dbc95d20172612e9d38e8d7ca65e573a126ed88d4e30a46f80a666854d675cf3ba81de0de043c3774f061560f55edc256a787afe701677c0f603900	
v0-bit-78-5	d75a980182b10ab7d54bfed3c964073a0ee172f3daa62325af021a68f707511a	b6b4699f87d56126c9117a7da55bd0085246f4c56dbc95d20172612e9d38e8d7ca65e573a126ed88d4e30a46f80a666854d675cf3ba81de0de043c3774f061560f55edc256a787afe701677c0f600900	
v0-bit-78-6	d75a980182b10ab7d54bfed3c964073a0ee172f3daa62325af021a68f707511a	b6b4699f87d56126c9117a7da55bd0085246f4c56dbc95d20172612e9d38e8d7ca65e573a126ed88d4e30a46f80a666854d675cf3ba81de0de043c3774f061560f55edc256a787afe701677c0f606900	
v0-bit-78-7	d75a980182b10ab7d54bfed3c964073a0ee172f3daa62325af021a68f707511a	b6b4699f87d56126c9117a7da55bd0085246f4c56dbc95d20172612e9d38e8d7ca65e573a126ed88d4e30a46f80a666854d675cf3ba81de0de043c3774f061560f55edc256a787afe701677c0f60a900	
v0-bit-79-0	d75a980182b10ab7d54bfed3c964073a0ee172f3daa62325af021a68f707511a	b6b4699f87d56126c9117a7da55bd0085246f4c56dbc95d20172612e9d38e8d7ca65e573a126ed88d4e30a46f80a666854d675cf3ba81de0de043c3774f061560f55edc256a787afe701677c0f602901	
v0-bit-79-1	d75a980182b10ab7d54bfed3c964073a0ee172f3daa62325af021a68f707511a	b6b4699f87d56126c9117a7da55bd0085246f4c56dbc95d20172612e9d38e8d7ca65e573a126ed88d4e30a46f80a666854d675cf3ba81de0de043c3774f061560f55edc256a787afe701677c0f602902	
v0-bit-79-2	d75a980182b10ab7d54bfed3c964073a0ee172f3daa62325af021a68f707511a	b6b4699f87d56126c9117a7da55bd0085246f4c56dbc95d20172612e9d38e8d7ca65e573a126ed88d4e30a46f80a666854d675cf3ba81de0de043c3774f061560f55edc256a787afe701677c0f602904	
v0-bit-79-3	d75a980182b10ab7d54bfed3c964073a0ee172f3daa62325af021a68f707511a	b6b4699f87d56126c9117a7da55bd0085246f4c56dbc95d20172612e9d38e8d7ca65e573a126ed88d4e30a46f80a666854d675cf3ba81de0de043c3774f061560f55edc256a787afe701677c0f602908	
v0-bit-79-4	d75a980182b10ab7d54bfed3c964073a0ee172f3daa62325af021a68f707511a	b6b4699f87d56126c9117a7da55bd0085246f4c56dbc95d20172612e9d38e8d7ca65e573a126ed88d4e30a46f80a666854d675cf3ba81de0de043c3774f061560f55edc256a787afe701677c0f602910	
v0-bit-79-5	d75a980182b10ab7d54bfed3c964073a0ee172f3daa62325af021a68f707511a	b6b4699f87d56126c9117a7da55bd0085246f4c56dbc95d20172612e9d38e8d7ca65e573a126ed88d4e30a46f80a666854d675cf3ba81de0de043c3774f061560f55edc256a787afe701677c0f602920	
v0-bit-79-6	d75a980182b10ab7d54bfed3c964073a0ee172f3daa62325af021a68f707511a	b6b4699f87d56126c9117a7da55bd0085246f4c56dbc95d20172612e9d38e8d7ca65e573a126ed88d4e30a46f80a666854d675cf3ba81de0de043c3774f061560f55edc256a787afe701677c0f602940	
v0-bit-79-7	d75a980182b10ab7d54bfed3c964073a0ee172f3daa62325af021a68f707511a	b6b4699f87d56126c9117a7da55bd0085246f4c56dbc95d20172612e9d38e8d7ca65e573a126ed88d4e30a46f80a666854d675cf3ba81de0de043c3774f061560f55edc256a787afe701677c0f602980	
v0-s-plus-1L	d75a980182b10ab7d54bfed3c964073a0ee172f3daa62325af021a68f707511a	b6b4699f87d56126c9117a7da55bd0085246f4c56dbc95d20172612e9d38e8d7ca65e573a126ed88d4e30a46f80a666841aa6b2c560b3038b5a133da52ea406b0f55edc256a787afe701677c0f602910	
v0-s-plus-2L	d75a980182b10ab7d54bfed3c964073a0ee172f3daa62325af021a68f707511a	b6b4699f87d56126c9117a7da55bd0085246f4c56dbc95d20172612e9d38e8d7ca65e573a126ed88d4e30a46f80a66682e7e6189706e42908b3e2b7d31e41f800f55edc256a787afe701677c0f602920	
v0-s-plus-3L	d75a980182b10ab7d54bfed3c964073a0ee172f3daa62325af021a68f707511a	b6b4699f87d56126c9117a7da55bd0085246f4c56dbc95d20172612e9d38e8d7ca65e573a126ed88d4e30a46f80a66681b5257e68ad154e861db222010defe940f55edc256a787afe701677c0f602930	
v0-s-plus-4L	d75a980182b10ab7d54bfed3c964073a0ee172f3daa62325af021a68f707511a	b6b4699f87d56126c9117a7da55bd0085246f4c56dbc95d20172612e9d38e8d7ca65e573a126ed88d4e30a46f80a666808264d43a534674038781ac3eed7dda90f55edc256a787afe701677c0f602940	
v0-s-plus-5L	d75a980182b10ab7d54bfed3c964073a0ee172f3daa62325af021a68f707511a	b6b4699f87d56126c9117a7da55bd0085246f4c56dbc95d20172612e9d38e8d7ca65e573a126ed88d4e30a46f80a6668f5f942a0bf9779980e151266cdd1bcbe0f55edc256a787afe701677c0f602950	
v0-s-plus-6L	d75a980182b10ab7d54bfed3c964073a0ee172f3daa62325af021a68f707511a	b6b4699f87d56126c9117a7da55bd0085246f4c56dbc95d20172612e9d38e8d7ca65e573a126ed88d4e30a46f80a6668e2cd38fdd9fa8bf0e4b10909accb9bd30f55edc256a787afe701677c0f602960	
v0-s-plus-7L	d75a980182b10ab7d54bfed3c964073a0ee172f3daa62325af021a68f707511a	b6b4699f87d56126c9117a7da55bd0085246f4c56dbc95d20172612e9d38e8d7ca65e573a126ed88d4e30a46f80a6668cfa12e5af45d9e48bb4e01ac8ac57ae80f55edc256a787afe701677c0f602970	
v0-s-plus-8L	d75a980182b10ab7d54bfed3c964073a0ee172f3daa62325af021a68f707511a	b6b4699f87d56126c9117a7da55bd0085246f4c56dbc95d20172612e9d38e8d7ca65e573a126ed88d4e30a46f80a6668bc7524b70ec1b0a091ebf84e69bf59fd0f55edc256a787afe701677c0f602980	
v0-s-plus-9L	d75a980182b10ab7d54bfed3c964073a0ee172f3daa62325af021a68f707511a	b6b4699f87d56126c9117a7da55bd0085246f4c56dbc95d20172612e9d38e8d7ca65e573a126ed88d4e30a46f80a6668a9491a142924c3f86788f0f147b938121055edc256a787afe701677c0f602990	
v0-s-plus-10L	d75a980182b10ab7d54bfed3c964073a0ee172f3daa62325af021a68f707511a	b6b4699f87d56126c9117a7da55bd0085246f4c56dbc95d20172612e9d38e8d7ca65e573a126ed88d4e30a46f80a6668961d10714387d5503e25e89426b317271055edc256a787afe701677c0f6029a0	
v0-s-plus-11L	d75a980182b10ab7d54bfed3c964073a0ee172f3daa62325af021a68f707511a	b6b4699f87d56126c9117a7da55bd0085246f4c56dbc95d20172612e9d38e8d7ca65e573a126ed88d4e30a46f80a666883f105ce5deae7a814c2df3705adf63b1055edc256a787afe701677c0f6029b0	
v0-s-plus-12L	d75a980182b10ab7d54bfed3c964073a0ee172f3daa62325af021a68f707511a	b6b4699f87d56126c9117a7da55bd0085246f4c56dbc95d20172612e9d38e8d7ca65e573a126ed88d4e30a46f80a666870c5fb2a784dfa00eb5ed7dae3a6d5501055edc256a787afe701677c0f6029c0	
v0-s-plus-13L	d75a980182b10ab7d54bfed3c964073a0ee172f3daa62325af021a68f707511a	b6b4699f87d56126c9117a7da55bd0085246f4c56dbc95d20172612e9d38e8d7ca65e573a126ed88d4e30a46f80a66685d99f18792b00c59c1fbce7dc2a0b4651055edc256a787afe701677c0f6029d0	
v0-s-plus-14L	d75a980182b10ab7d54bfed3c964073a0ee172f3daa62325af021a68f707511a	b6b4699f87d56126c9117a7da55bd0085246f4c56dbc95d20172612e9d38e8d7ca65e573a126ed88d4e30a46f80a66684a6de7e4ac131fb19798c620a19a937a1055edc256a787afe701677c0f6029e0	
v0-s-plus-15L	d75a980182b10ab7d54bfed3c964073a0ee172f3daa62325af021a68f707511a	b6b4699f87d56126c9117a7da55bd0085246f4c56dbc95d20172612e9d38e8d7ca65e573a126ed88d4e30a46f80a66683741dd41c77631096e35bec37f94728f1055edc256a787afe701677c0f6029f0	
v0-pk-zero	0000000000000000000000000000000000000000000000000000000000000000	b6b4699f87d56126c9117a7da55bd0085246f4c56dbc95d20172612e9d38e8d7ca65e573a126ed88d4e30a46f80a666854d675cf3ba81de0de043c3774f061560f55edc256a787afe701677c0f602900	
v0-gamma-zero	d75a980182b10ab7d54bfed3c964073a0ee172f3daa62325af021a68f707511a	0000000000000000000000000000000000000000000000000000000000000000ca65e573a126ed88d4e30a46f80a666854d675cf3ba81de0de043c3774f061560f55edc256a787afe701677c0f602900	
v0-pk-identity	0100000000000000000000000000000000000000000000000000000000000000	b6b4699f87d56126c9117a7da55bd0085246f4c56dbc95d20172612e9d38e8d7ca65e573a126ed88d4e30a46f80a666854d675cf3ba81de0de043c3774f061560f55edc256a787afe701677c0f602900	
v0-gamma-identity	d75a980182b10ab7d54bfed3c964073a0ee172f3daa62325af021a68f707511a	0100000000000000000000000000000000000000000000000000000000000000ca65e573a126ed88d4e30a46f80a666854d675cf3ba81de0de043c3774f061560f55edc256a787afe701677c0f602900	
v0-pk-minus-one	ecffffffffffffffffffffffffffffffffffffffffffffffffffffffffffff7f	b6b4699f87d56126c9117a7da55bd0085246f4c56dbc95d20172612e9d38e8d7ca65e573a126ed88d4e30a46f80a666854d675cf3ba81de0de043c3774f061560f55edc256a787afe701677c0f602900	
v0-gamma-minus-one	d75a980182b10ab7d54bfed3c964073a0ee172f3daa62325af021a68f707511a	ecffffffffffffffffffffffffffffffffffffffffffffffffffffffffffff7fca65e573a126ed88d4e30a46f80a666854d675cf3ba81de0de043c3774f061560f55edc256a787afe701677c0f602900	
v0-pk-p	edffffffffffffffffffffffffffffffffffffffffffffffffffffffffffff7f	b6b4699f87d56126c9117a7da55bd0085246f4c56dbc95d20172612e9d38e8d7ca65e573a126ed88d4e30a46f80a666854d675cf3ba81de0de043c3774f061560f55edc256a787afe701677c0f602900	
v0-gamma-p	d75a980182b10ab7d54bfed3c964073a0ee172f3daa62325af021a68f707511a	edffffffffffffffffffffffffffffffffffffffffffffffffffffffffffff7fca65e573a126ed88d4e30a46f80a666854d675cf3ba81de0de043c3774f061560f55edc256a787afe701677c0f602900	
v0-pk-p-plus-one	eeffffffffffffffffffffffffffffffffffffffffffffffffffffffffffff7f	b6b4699f87d56126c9117a7da55bd0085246f4c56dbc95d20172612e9d38e8d7ca65e573a126ed88d4e30a46f80a666854d675cf3ba81de0de043c3774f061560f55edc256a787afe701677c0f602900	
v0-gamma-p-plus-one	d75a980182b10ab7d54bfed3c964073a0ee172f3daa62325af021a68f707511a	eeffffffffffffffffffffffffffffffffffffffffffffffffffffffffffff7fca65e573a126ed88d4e30a46f80a666854d675cf3ba81de0de043c3774f061560f55edc256a787afe701677c0f602900	
v0-pk-negative-zero	0100000000000000000000000000000000000000000000000000000000000080	b6b4699f87d56126c9117a7da55bd0085246f4c56dbc95d20172612e9d38e8d7ca65e573a126ed88d4e30a46f80a666854d675cf3ba81de0de043c3774f061560f55edc256a787afe701677c0f602900	
v0-gamma-negative-zero	d75a980182b10ab7d54bfed3c964073a0ee172f3daa62325af021a68f707511a	0100000000000000000000000000000000000000000000000000000000000080ca65e573a126ed88d4e30a46f80a666854d675cf3ba81de0de043c3774f061560f55edc256a787afe701677c0f602900	
v0-wrong-message	d75a980182b10ab7d54bfed3c964073a0ee172f3daa62325af021a68f707511a	b6b4699f87d56126c9117a7da55bd0085246f4c56dbc95d20172612e9d38e8d7ca65e573a126ed88d4e30a46f80a666854d675cf3ba81de0de043c3774f061560f55edc256a787afe701677c0f602900	00
v0-pk-length-0		b6b4699f87d56126c9117a7da55bd0085246f4c56dbc95d20172612e9d38e8d7ca65e573a126ed88d4e30a46f80a666854d675cf3ba81de0de043c3774f061560f55edc256a787afe701677c0f602900	
v0-pk-length-31	d75a980182b10ab7d54bfed3c964073a0ee172f3daa62325af021a68f70751	b6b4699f87d56126c9117a7da55bd0085246f4c56dbc95d20172612e9d38e8d7ca65e573a126ed88d4e30a46f80a666854d675cf3ba81de0de043c3774f061560f55edc256a787afe701677c0f602900	
v0-pk-length-33	d75a980182b10ab7d54bfed3c964073a0ee172f3daa62325af021a68f707511a00	b6b4699f87d56126c9117a7da55bd0085246f4c56dbc95d20172612e9d38e8d7ca65e573a126ed88d4e30a46f80a666854d675cf3ba81de0de043c3774f061560f55edc256a787afe701677c0f602900	
v0-proof-length-0	d75a980182b10ab7d54bfed3c964073a0ee172f3daa62325af021a68f707511a		
v0-proof-length-79	d75a980182b10ab7d54bfed3c964073a0ee172f3daa62325af021a68f707511a	b6b4699f87d56126c9117a7da55bd0085246f4c56dbc95d20172612e9d38e8d7ca65e573a126ed88d4e30a46f80a666854d675cf3ba81de0de043c3774f061560f55edc256a787afe701677c0f6029	
v0-proof-length-81	d75a980182b10ab7d54bfed3c964073a0ee172f3daa62325af021a68f707511a	b6b4699f87d56126c9117a7da55bd0085246f4c56dbc95d20172612e9d38e8d7ca65e573a126ed88d4e30a46f80a666854d675cf3ba81de0de043c3774f061560f55edc256a787afe701677c0f60290000	
v0-pk-null	NULL	b6b4699f87d56126c9117a7da55bd0085246f4c56dbc95d20172612e9d38e8d7ca65e573a126ed88d4e30a46f80a666854d675cf3ba81de0de043c3774f061560f55edc256a787afe701677c0f602900	
v0-proof-null	d75a980182b10ab7d54bfed3c964073a0ee172f3daa62325af021a68f707511a	NULL	
v0-alpha-null	d75a980182b10ab7d54bfed3c964073a0ee172f3daa62325af021a68f707511a	b6b4699f87d56126c9117a7da55bd0085246f4c56dbc95d20172612e9d38e8d7ca65e573a126ed88d4e30a46f80a666854d675cf3ba81de0de043c3774f061560f55edc256a787afe701677c0f602900	NULL
v1	3d4017c3e843895a92b70aa74d1b7ebc9c982ccf2ec4968cc0cd55f12af4660c	ae5b66bdf04b4c010bfe32b2fc126ead2107b697634f6f7337b9bff8785ee111200095ece87dde4dbe87343f6df3b107d91798c8a7eb1245d3bb9c5aafb093358c13e6ae1111a55717e895fd15f99f07	72
v1-upstream-bitflip-0	3d4017c3e843895a92b70aa74d1b7ebc9c982ccf2ec4968cc0cd55f12af4660c	af5b66bdf04b4c010bfe32b2fc126ead2107b697634f6f7337b9bff8785ee111200095ece87dde4dbe87343f6df3b107d91798c8a7eb1245d3bb9c5aafb093358c13e6ae1111a55717e895fd15f99f07	72
v1-upstream-bitflip-32	3d4017c3e843895a92b70aa74d1b7ebc9c982ccf2ec4968cc0cd55f12af4660c	ae5b66bdf04b4c010bfe32b2fc126ead2107b697634f6f7337b9bff8785ee111210095ece87dde4dbe87343f6df3b107d91798c8a7eb1245d3bb9c5aafb093358c13e6ae1111a55717e895fd15f99f07	72
v1-upstream-bitflip-48	3d4017c3e843895a92b70aa74d1b7ebc9c982ccf2ec4968cc0cd55f12af4660c	ae5b66bdf04b4c010bfe32b2fc126ead2107b697634f6f7337b9bff8785ee111200095ece87dde4dbe87343f6df3b107d81798c8a7eb1245d3bb9c5aafb093358c13e6ae1111a55717e895fd15f99f07	72
v1-upstream-bitflip-79	3d4017c3e843895a92b70aa74d1b7ebc9c982ccf2ec4968cc0cd55f12af4660c	ae5b66bdf04b4c010bfe32b2fc126ead2107b697634f6f7337b9bff8785ee111200095ece87dde4dbe87343f6df3b107d91798c8a7eb1245d3bb9c5aafb093358c13e6ae1111a55717e895fd15f99f87	72
v1-bit-0-0	3d4017c3e843895a92b70aa74d1b7ebc9c982ccf2ec4968cc0cd55f12af4660c	af5b66bdf04b4c010bfe32b2fc126ead2107b697634f6f7337b9bff8785ee111200095ece87dde4dbe87343f6df3b107d91798c8a7eb1245d3bb9c5aafb093358c13e6ae1111a55717e895fd15f99f07	72
v1-bit-0-1	3d4017c3e843895a92b70aa74d1b7ebc9c982ccf2ec4968cc0cd55f12af4660c	ac5b66bdf04b4c010bfe32b2fc126ead2107b697634f6f7337b9bff8785ee111200095ece87dde4dbe87343f6df3b107d91798c8a7eb1245d3bb9c5aafb093358c13e6ae1111a55717e895fd15f99f07	72
v1-bit-0-2	3d4017c3e843895a92b70aa74d1b7ebc9c982ccf2ec4968cc0cd55f12af4660c	aa5b66bdf04b4c010bfe32b2fc126ead2107b697634f6f7337b9bff8785ee111200095ece87dde4dbe87343f6df3b107d91798c8a7eb1245d3bb9c5aafb093358c13e6ae1111a55717e895fd15f99f07	72
v1-bit-0-3	3d4017c3e843895a92b70aa74d1b7ebc9c982ccf2ec4968cc0cd55f12af4660c	a65b66bdf04b4c010bfe32b2fc126ead2107b697634f6f7337b9bff8785ee111200095ece87dde4dbe87343f6df3b107d91798c8a7eb1245d3bb9c5aafb093358c13e6ae1111a55717e895fd15f99f07	72
v1-bit-0-4	3d4017c3e843895a92b70aa74d1b7ebc9c982ccf2ec4968cc0cd55f12af4660c	be5b66bdf04b4c010bfe32b2fc126ead2107b697634f6f7337b9bff8785ee111200095ece87dde4dbe87343f6df3b107d91798c8a7eb1245d3bb9c5aafb093358c13e6ae1111a55717e895fd15f99f07	72
v1-bit-0-5	3d4017c3e843895a92b70aa74d1b7ebc9c982ccf2ec4968cc0cd55f12af4660c	8e5b66bdf04b4c010bfe32b2fc126ead2107b697634f6f7337b9bff8785ee111200095ece87dde4dbe87343f6df3b107d91798c8a7eb1245d3bb9c5aafb093358c13e6ae1111a55717e895fd15f99f07	72
v1-bit-0-6	3d4017c3e843895a92b70aa74d1b7ebc9c982ccf2ec4968cc0cd55f12af4660c	ee5b66bdf04b4c010bfe32b2fc126ead2107b697634f6f7337b9bff8785ee111200095ece87dde4dbe87343f6df3b107d91798c8a7eb1245d3bb9c5aafb093358c13e6ae1111a55717e895fd15f99f07	72
v1-bit-0-7	3d4017c3e843895a92b70aa74d1b7ebc9c982ccf2ec4968cc0cd55f12af4660c	2e5b66bdf04b4c010bfe32b2fc126ead2107b697634f6f7337b9bff8785ee111200095ece87dde4dbe87343f6df3b107d91798c8a7eb1245d3bb9c5aafb093358c13e6ae1111a55717e895fd15f99f07	72
v1-bit-1-0	3d4017c3e843895a92b70aa74d1b7ebc9c982ccf2ec4968cc0cd55f12af4660c	ae5a66bdf04b4c010bfe32b2fc126ead2107b697634f6f7337b9bff8785ee111200095ece87dde4dbe87343f6df3b107d91798c8a7eb1245d3bb9c5aafb093358c13e6ae1111a55717e895fd15f99f07	72
v1-bit-1-1	3d4017c3e843895a92b70aa74d1b7ebc9c982ccf2ec4968cc0cd55f12af4660c	ae5966bdf04b4c010bfe32b2fc126ead2107b697634f6f7337b9bff8785ee111200095ece87dde4dbe87343f6df3b107d91798c8a7eb1245d3bb9c5aafb093358c13e6ae1111a55717e895fd15f99f07	72
v1-bit-1-2	3d4017c3e843895a92b70aa74d1b7ebc9c982ccf2ec4968cc0cd55f12af4660c	ae5f66bdf04b4c010bfe32b2fc126ead2107b697634f6f7337b9bff8785ee111200095ece87dde4dbe87343f6df3b107d91798c8a7eb1245d3bb9c5aafb093358c13e6ae1111a55717e895fd15f99f07	72
v1-bit-1-3	3d4017c3e843895a92b70aa74d1b7ebc9c982ccf2ec4968cc0cd55f12af4660c	ae5366bdf04b4c010bfe32b2fc126ead2107b697634f6f7337b9bff8785ee111200095ece87dde4dbe87343f6df3b107d91798c8a7eb1245d3bb9c5aafb093358c13e6ae1111a55717e895fd15f99f07	72
v1-bit-1-4	3d4017c3e843895a92b70aa74d1b7ebc9c982ccf2ec4968cc0cd55f12af4660c	ae4b66bdf04b4c010bfe32b2fc126ead2107b697634f6f7337b9bff8785ee111200095ece87dde4dbe87343f6df3b107d91798c8a7eb1245d3bb9c5aafb093358c13e6ae1111a55717e895fd15f99f07	72
v1-bit-1-5	3d4017c3e843895a92b70aa74d1b7ebc9c982ccf2ec4968cc0cd55f12af4660c	ae7b66bdf04b4c010bfe32b2fc126ead2107b697634f6f7337b9bff8785ee111200095ece87dde4dbe87343f6df3b107d91798c8a7eb1245d3bb9c5aafb093358c13e6ae1111a55717e895fd15f99f07	72
v1-bit-1-6	3d4017c3e843895a92b70aa74d1b7ebc9c982ccf2ec4968cc0cd55f12af4660c	ae1b66bdf04b4c010bfe32b2fc126ead2107b697634f6f7337b9bff8785ee111200095ece87dde4dbe87343f6df3b107d91798c8a7eb1245d3bb9c5aafb093358c13e6ae1111a55717e895fd15f99f07	72
v1-bit-1-7	3d4017c3e843895a92b70aa74d1b7ebc9c982ccf2ec4968cc0cd55f12af4660c	aedb66bdf04b4c010bfe32b2fc126ead2107b697634f6f7337b9bff8785ee111200095ece87dde4dbe87343f6df3b107d91798c8a7eb1245d3bb9c5aafb093358c13e6ae1111a55717e895fd15f99f07	72
v1-bit-2-0	3d4017c3e843895a92b70aa74d1b7ebc9c982ccf2ec4968cc0cd55f12af4660c	ae5b67bdf04b4c010bfe32b2fc126ead2107b697634f6f7337b9bff8785ee111200095ece87dde4dbe87343f6df3b107d91798c8a7eb1245d3bb9c5aafb093358c13e6ae1111a55717e895fd15f99f07	72
v1-bit-2-1	3d4017c3e843895a92b70aa74d1b7ebc9c982ccf2ec4968cc0cd55f12af4660c	ae5b64bdf04b4c010bfe32b2fc126ead2107b697634f6f7337b9bff8785ee111200095ece87dde4dbe87343f6df3b107d91798c8a7eb1245d3bb9c5aafb093358c13e6ae1111a55717e895fd15f99f07	72
v1-bit-2-2	3d4017c3e843895a92b70aa74d1b7ebc9c982ccf2ec4968cc0cd55f12af4660c	ae5b62bdf04b4c010bfe32b2fc126ead2107b697634f6f7337b9bff8785ee111200095ece87dde4dbe87343f6df3b107d91798c8a7eb1245d3bb9c5aafb093358c13e6ae1111a55717e895fd15f99f07	72
v1-bit-2-3	3d4017c3e843895a92b70aa74d1b7ebc9c982ccf2ec4968cc0cd55f12af4660c	ae5b6ebdf04b4c010bfe32b2fc126ead2107b697634f6f7337b9bff8785ee111200095ece87dde4dbe87343f6df3b107d91798c8a7eb1245d3bb9c5aafb093358c13e6ae1111a55717e895fd15f99f07	72
v1-bit-2-4	3d4017c3e843895a92b70aa74d1b7ebc9c982ccf2ec4968cc0cd55f12af4660c	ae5b76bdf04b4c010bfe32b2fc126ead2107b697634f6f7337b9bff8785ee111200095ece87dde4dbe87343f6df3b107d91798c8a7eb1245d3bb9c5aafb093358c13e6ae1111a55717e895fd15f99f07	72
v1-bit-2-5	3d4017c3e843895a92b70aa74d1b7ebc9c982ccf2ec4968cc0cd55f12af4660c	ae5b46bdf04b4c010bfe32b2fc126ead2107b697634f6f7337b9bff8785ee111200095ece87dde4dbe87343f6df3b107d91798c8a7eb1245d3bb9c5aafb093358c13e6ae1111a55717e895fd15f99f07	72
v1-bit-2-6	3d4017c3e843895a92b70aa74d1b7ebc9c982ccf2ec4968cc0cd55f12af4660c	ae5b26bdf04b4c010bfe32b2fc126ead2107b697634f6f7337b9bff8785ee111200095ece87dde4dbe87343f6df3b107d91798c8a7eb1245d3bb9c5aafb093358c13e6ae1111a55717e895fd15f99f07	72
v1-bit-2-7	3d4017c3e843895a92b70aa74d1b7ebc9c982ccf2ec4968cc0cd55f12af4660c	ae5be6bdf04b4c010bfe32b2fc126ead2107b697634f6f7337b9bff8785ee111200095ece87dde4dbe87343f6df3b107d91798c8a7eb1245d3bb9c5aafb093358c13e6ae1111a55717e895fd15f99f07	72
v1-bit-3-0	3d4017c3e843895a92b70aa74d1b7ebc9c982ccf2ec4968cc0cd55f12af4660c	ae5b66bcf04b4c010bfe32b2fc126ead2107b697634f6f7337b9bff8785ee111200095ece87dde4dbe87343f6df3b107d91798c8a7eb1245d3bb9c5aafb093358c13e6ae1111a55717e895fd15f99f07	72
v1-bit-3-1	3d4017c3e843895a92b70aa74d1b7ebc9c982ccf2ec4968cc0cd55f12af4660c	ae5b66bff04b4c010bfe32b2fc126ead2107b697634f6f7337b9bff8785ee111200095ece87dde4dbe87343f6df3b107d91798c8a7eb1245d3bb9c5aafb093358c13e6ae1111a55717e895fd15f99f07	72
v1-bit-3-2	3d4017c3e843895a92b70aa74d1b7ebc9c982ccf2ec4968cc0cd55f12af4660c	ae5b66b9f04b4c010bfe32b2fc126ead2107b697634f6f7337b9bff8785ee111200095ece87dde4dbe87343f6df3b107d91798c8a7eb1245d3bb9c5aafb093358c13e6ae1111a55717e895fd15f99f07	72
v1-bit-3-3	3d4017c3e843895a92b70aa74d1b7ebc9c982ccf2ec4968cc0cd55f12af4660c	ae5b66b5f04b4c010bfe32b2fc126ead2107b697634f6f7337b9bff8785ee111200095ece87dde4dbe87343f6df3b107d91798c8a7eb1245d3bb9c5aafb093358c13e6ae1111a55717e895fd15f99f07	72
v1-bit-3-4	3d4017c3e843895a92b70aa74d1b7ebc9c982ccf2ec4968cc0cd55f12af4660c	ae5b66adf04b4c010bfe32b2fc126ead2107b697634f6f7337b9bff8785ee111200095ece87dde4dbe87343f6df3b107d91798c8a7eb1245d3bb9c5aafb093358c13e6ae1111a55717e895fd15f99f07	72
v1-bit-3-5	3d4017c3e843895a92b70aa74d1b7ebc9c982ccf2ec4968cc0cd55f12af4660c	ae5b669df04b4c010bfe32b2fc126ead2107b697634f6f7337b9bff8785ee111200095ece87dde4dbe87343f6df3b107d91798c8a7eb1245d3bb9c5aafb093358c13e6ae1111a55717e895fd15f99f07	72
v1-bit-3-6	3d4017c3e843895a92b70aa74d1b7ebc9c982ccf2ec4968cc0cd55f12af4660c	ae5b66fdf04b4c010bfe32b2fc126ead2107b697634f6f7337b9bff8785ee111200095ece87dde4dbe87343f6df3b107d91798c8a7eb1245d3bb9c5aafb093358c13e6ae1111a55717e895fd15f99f07	72
v1-bit-3-7	3d4017c3e843895a92b70aa74d1b7ebc9c982ccf2ec4968cc0cd55f12af4660c	ae5b663df04b4c010bfe32b2fc126ead2107b697634f6f7337b9bff8785ee111200095ece87dde4dbe87343f6df3b107d91798c8a7eb1245d3bb9c5aafb093358c13e6ae1111a55717e895fd15f99f07	72
v1-bit-4-0	3d4017c3e843895a92b70aa74d1b7ebc9c982ccf2ec4968cc0cd55f12af4660c	ae5b66bdf14b4c010bfe32b2fc126ead2107b697634f6f7337b9bff8785ee111200095ece87dde4dbe87343f6df3b107d91798c8a7eb1245d3bb9c5aafb093358c13e6ae1111a55717e895fd15f99f07	72
v1-bit-4-1	3d4017c3e843895a92b70aa74d1b7ebc9c982ccf2ec4968cc0cd55f12af4660c	ae5b66bdf24b4c010bfe32b2fc126ead2107b697634f6f7337b9bff8785ee111200095ece87dde4dbe87343f6df3b107d91798c8a7eb1245d3bb9c5aafb093358c13e6ae1111a55717e895fd15f99f07	72
v1-bit-4-2	3d4017c3e843895a92b70aa74d1b7ebc9c982ccf2ec4968cc0cd55f12af4660c	ae5b66bdf44b4c010bfe32b2fc126ead2107b697634f6f7337b9bff8785ee111200095ece87dde4dbe87343f6df3b107d91798c8a7eb1245d3bb9c5aafb093358c13e6ae1111a55717e895fd15f99f07	72
v1-bit-4-3	3d4017c3e843895a92b70aa74d1b7ebc9c982ccf2ec4968cc0cd55f12af4660c	ae5b66bdf84b4c010bfe32b2fc126ead2107b697634f6f7337b9bff8785ee111200095ece87dde4dbe87343f6df3b107d91798c8a7eb1245d3bb9c5aafb093358c13e6ae1111a55717e895fd15f99f07	72
v1-bit-4-4	3d4017c3e843895a92b70aa74d1b7ebc9c982ccf2ec4968cc0cd55f12af4660c	ae5b66bde04b4c010bfe32b2fc126ead2107b697634f6f7337b9bff8785ee111200095ece87dde4dbe87343f6df3b107d91798c8a7eb1245d3bb9c5aafb093358c13e6ae1111a55717e895fd15f99f07	72
v1-bit-4-5	3d4017c3e843895a92b70aa74d1b7ebc9c982ccf2ec4968cc0cd55f12af4660c	ae5b66bdd04b4c010bfe32b2fc126ead2107b697634f6f7337b9bff8785ee111200095ece87dde4dbe87343f6df3b107d91798c8a7eb1245d3bb9c5aafb093358c13e6ae1111a55717e895fd15f99f07	72
v1-bit-4-6	3d4017c3e843895a92b70aa74d1b7ebc9c982ccf2ec4968cc0cd55f12af4660c	ae5b66bdb04b4c010bfe32b2fc126ead2107b697634f6f7337b9bff8785ee111200095ece87dde4dbe87343f6df3b107d91798c8a7eb1245d3bb9c5aafb093358c13e6ae1111a55717e895fd15f99f07	72
v1-bit-4-7	3d4017c3e843895a92b70aa74d1b7ebc9c982ccf2ec4968cc0cd55f12af4660c	ae5b66bd704b4c010bfe32b2fc126ead2107b697634f6f7337b9bff8785ee111200095ece87dde4dbe87343f6df3b107d91798c8a7eb1245d3bb9c5aafb093358c13e6ae1111a55717e895fd15f99f07	72
v1-bit-5-0	3d4017c3e843895a92b70aa74d1b7ebc9c982ccf2ec4968cc0cd55f12af4660c	ae5b66bdf04a4c010bfe32b2fc126ead2107b697634f6f7337b9bff8785ee111200095ece87dde4dbe87343f6df3b107d91798c8a7eb1245d3bb9c5aafb093358c13e6ae1111a55717e895fd15f99f07	72
v1-bit-5-1	3d4017c3e843895a92b70aa74d1b7ebc9c982ccf2ec4968cc0cd55f12af4660c	ae5b66bdf0494c010bfe32b2fc126ead2107b697634f6f7337b9bff8785ee111200095ece87dde4dbe87343f6df3b107d91798c8a7eb1245d3bb9c5aafb093358c13e6ae1111a55717e895fd15f99f07	72
v1-bit-5-2	3d4017c3e843895a92b70aa74d1b7ebc9c982ccf2ec4968cc0cd55f12af4660c	ae5b66bdf04f4c010bfe32b2fc126ead2107b697634f6f7337b9bff8785ee111200095ece87dde4dbe87343f6df3b107d91798c8a7eb1245d3bb9c5aafb093358c13e6ae1111a55717e895fd15f99f07	72
v1-bit-5-3	3d4017c3e843895a92b70aa74d1b7ebc9c982ccf2ec4968cc0cd55f12af4660c	ae5b66bdf0434c010bfe32b2fc126ead2107b697634f6f7337b9bff8785ee111200095ece87dde4dbe87343f6df3b107d91798c8a7eb1245d3bb9c5aafb093358c13e6ae1111a55717e895fd15f99f07	72
v1-bit-5-4	3d4017c3e843895a92b70aa74d1b7ebc9c982ccf2ec4968cc0cd55f12af4660c	ae5b66bdf05b4c010bfe32b2fc126ead2107b697634f6f7337b9bff8785ee111200095ece87dde4dbe87343f6df3b107d91798c8a7eb1245d3bb9c5aafb093358c13e6ae1111a55717e895fd15f99f07	72
v1-bit-5-5	3d4017c3e843895a92b70aa74d1b7ebc9c982ccf2ec4968cc0cd55f12af4660c	ae5b66bdf06b4c010bfe32b2fc126ead2107b697634f6f7337b9bff8785ee111200095ece87dde4dbe87343f6df3b107d91798c8a7eb1245d3bb9c5aafb093358c13e6ae1111a55717e895fd15f99f07	72
v1-bit-5-6	3d4017c3e843895a92b70aa74d1b7ebc9c982ccf2ec4968cc0cd55f12af4660c	ae5b66bdf00b4c010bfe32b2fc126ead2107b697634f6f7337b9bff8785ee111200095ece87dde4dbe87343f6df3b107d91798c8a7eb1245d3bb9c5aafb093358c13e6ae1111a55717e895fd15f99f07	72
v1-bit-5-7	3d4017c3e843895a92b70aa74d1b7ebc9c982ccf2ec4968cc0cd55f12af4660c	ae5b66bdf0cb4c010bfe32b2fc126ead2107b697634f6f7337b9bff8785ee111200095ece87dde4dbe87343f6df3b107d91798c8a7eb1245d3bb9c5aafb093358c13e6ae1111a55717e895fd15f99f07	72
v1-bit-6-0	3d4017c3e843895a92b70aa74d1b7ebc9c982ccf2ec4968cc0cd55f12af4660c	ae5b66bdf04b4d010bfe32b2fc126ead2107b697634f6f7337b9bff8785ee111200095ece87dde4dbe87343f6df3b107d91798c8a7eb1245d3bb9c5aafb093358c13e6ae1111a55717e895fd15f99f07	72
v1-bit-6-1	3d4017c3e843895a92b70aa74d1b7ebc9c982ccf2ec4968cc0cd55f12af4660c	ae5b66bdf04b4e010bfe32b2fc126ead2107b697634f6f7337b9bff8785ee111200095ece87dde4dbe87343f6df3b107d91798c8a7eb1245d3bb9c5aafb093358c13e6ae1111a55717e895fd15f99f07	72
v1-bit-6-2	3d4017c3e843895a92b70aa74d1b7ebc9c982ccf2ec4968cc0cd55f12af4660c	ae5b66bdf04b48010bfe32b2fc126ead2107b697634f6f7337b9bff8785ee111200095ece87dde4dbe87343f6df3b107d91798c8a7eb1245d3bb9c5aafb093358c13e6ae1111a55717e895fd15f99f07	72
v1-bit-6-3	3d4017c3e843895a92b70aa74d1b7ebc9c982ccf2ec4968cc0cd55f12af4660c	ae5b66bdf04b44010bfe32b2fc126ead2107b697634f6f7337b9bff8785ee111200095ece87dde4dbe87343f6df3b107d91798c8a7eb1245d3bb9c5aafb093358c13e6ae1111a55717e895fd15f99f07	72
v1-bit-6-4	3d4017c3e843895a92b70aa74d1b7ebc9c982ccf2ec4968cc0cd55f12af4660c	ae5b66bdf04b5c010bfe32b2fc126ead2107b697634f6f7337b9bff8785ee111200095ece87dde4dbe87343f6df3b107d91798c8a7eb1245d3bb9c5aafb093358c13e6ae1111a55717e895fd15f99f07	72
v1-bit-6-5	3d4017c3e843895a92b70aa74d1b7ebc9c982ccf2ec4968cc0cd55f12af4660c	ae5b66bdf04b6c010bfe32b2fc126ead2107b697634f6f7337b9bff8785ee111200095ece87dde4dbe87343f6df3b107d91798c8a7eb1245d3bb9c5aafb093358c13e6ae1111a55717e895fd15f99f07	72
v1-bit-6-6	3d4017c3e843895a92b70aa74d1b7ebc9c982ccf2ec4968cc0cd55f12af4660c	ae5b66bdf04b0c010bfe32b2fc126ead2107b697634f6f7337b9bff8785ee111200095ece87dde4dbe87343f6df3b107d91798c8a7eb1245d3bb9c5aafb093358c13e6ae1111a55717e895fd15f99f07	72
v1-bit-6-7	3d4017c3e843895a92b70aa74d1b7ebc9c982ccf2ec4968cc0cd55f12af4660c	ae5b66bdf04bcc010bfe32b2fc126ead2107b697634f6f7337b9bff8785ee111200095ece87dde4dbe87343f6df3b107d91798c8a7eb1245d3bb9c5aafb093358c13e6ae1111a55717e895fd15f99f07	72
v1-bit-7-0	3d4017c3e843895a92b70aa74d1b7ebc9c982ccf2ec4968cc0cd55f12af4660c	ae5b66bdf04b4c000bfe32b2fc126ead2107b697634f6f7337b9bff8785ee111200095ece87dde4dbe87343f6df3b107d91798c8a7eb1245d3bb9c5aafb093358c13e6ae1111a55717e895fd15f99f07	72
v1-bit-7-1	3d4017c3e843895a92b70aa74d1b7ebc9c982ccf2ec4968cc0cd55f12af4660c	ae5b66bdf04b4c030bfe32b2fc126ead2107b697634f6f7337b9bff8785ee111200095ece87dde4dbe87343f6df3b107d91798c8a7eb1245d3bb9c5aafb093358c13e6ae1111a55717e895fd15f99f07	72
v1-bit-7-2	3d4017c3e843895a92b70aa74d1b7ebc9c982ccf2ec4968cc0cd55f12af4660c	ae5b66bdf04b4c050bfe32b2fc126ead2107b697634f6f7337b9bff8785ee111200095ece87dde4dbe87343f6df3b107d91798c8a7eb1245d3bb9c5aafb093358c13e6ae1111a55717e895fd15f99f07	72
v1-bit-7-3	3d4017c3e843895a92b70aa74d1b7ebc9c982ccf2ec4968cc0cd55f12af4660c	ae5b66bdf04b4c090bfe32b2fc126ead2107b697634f6f7337b9bff8785ee111200095ece87dde4dbe87343f6df3b107d91798c8a7eb1245d3bb9c5aafb093358c13e6ae1111a55717e895fd15f99f07	72
v1-bit-7-4	3d4017c3e843895a92b70aa74d1b7ebc9c982ccf2ec4968cc0cd55f12af4660c	ae5b66bdf04b4c110bfe32b2fc126ead2107b697634f6f7337b9bff8785ee111200095ece87dde4dbe87343f6df3b107d91798c8a7eb1245d3bb9c5aafb093358c13e6ae1111a55717e895fd15f99f07	72
v1-bit-7-5	3d4017c3e843895a92b70aa74d1b7ebc9c982ccf2ec4968cc0cd55f12af4660c	ae5b66bdf04b4c210bfe32b2fc126ead2107b697634f6f7337b9bff8785ee111200095ece87dde4dbe87343f6df3b107d91798c8a7eb1245d3bb9c5aafb093358c13e6ae1111a55717e895fd15f99f07	72
v1-bit-7-6	3d4017c3e843895a92b70aa74d1b7ebc9c982ccf2ec4968cc0cd55f12af4660c	ae5b66bdf04b4c410bfe32b2fc126ead2107b697634f6f7337b9bff8785ee111200095ece87dde4dbe87343f6df3b107d91798c8a7eb1245d3bb9c5aafb093358c13e6ae1111a55717e895fd15f99f07	72
v1-bit-7-7	3d4017c3e843895a92b70aa74d1b7ebc9c982ccf2ec4968cc0cd55f12af4660c	ae5b66bdf04b4c810bfe32b2fc126ead2107b697634f6f7337b9bff8785ee111200095ece87dde4dbe87343f6df3b107d91798c8a7eb1245d3bb9c5aafb093358c13e6ae1111a55717e895fd15f99f07	72
v1-bit-8-0	3d4017c3e843895a92b70aa74d1b7ebc9c982ccf2ec4968cc0cd55f12af4660c	ae5b66bdf04b4c010afe32b2fc126ead2107b697634f6f7337b9bff8785ee111200095ece87dde4dbe87343f6df3b107d91798c8a7eb1245d3bb9c5aafb093358c13e6ae1111a55717e895fd15f99f07	72
v1-bit-8-1	3d4017c3e843895a92b70aa74d1b7ebc9c982ccf2ec4968cc0cd55f12af4660c	ae5b66bdf04b4c0109fe32b2fc126ead2107b697634f6f7337b9bff8785ee111200095ece87dde4dbe87343f6df3b107d91798c8a7eb1245d3bb9c5aafb093358c13e6ae1111a55717e895fd15f99f07	72
v1-bit-8-2	3d4017c3e843895a92b70aa74d1b7ebc9c982ccf2ec4968cc0cd55f12af4660c	ae5b66bdf04b4c010ffe32b2fc126ead2107b697634f6f7337b9bff8785ee111200095ece87dde4dbe87343f6df3b107d91798c8a7eb1245d3bb9c5aafb093358c13e6ae1111a55717e895fd15f99f07	72
v1-bit-8-3	3d4017c3e843895a92b70aa74d1b7ebc9c982ccf2ec4968cc0cd55f12af4660c	ae5b66bdf04b4c0103fe32b2fc126ead2107b697634f6f7337b9bff8785ee111200095ece87dde4dbe87343f6df3b107d91798c8a7eb1245d3bb9c5aafb093358c13e6ae1111a55717e895fd15f99f07	72
v1-bit-8-4	3d4017c3e843895a92b70aa74d1b7ebc9c982ccf2ec4968cc0cd55f12af4660c	ae5b66bdf04b4c011bfe32b2fc126ead2107b697634f6f7337b9bff8785ee111200095ece87dde4dbe87343f6df3b107d91798c8a7eb1245d3bb9c5aafb093358c13e6ae1111a55717e895fd15f99f07	72
v1-bit-8-5	3d4017c3e843895a92b70aa74d1b7ebc9c982ccf2ec4968cc0cd55f12af4660c	ae5b66bdf04b4c012bfe32b2fc126ead2107b697634f6f7337b9bff8785ee111200095ece87dde4dbe87343f6df3b107d91798c8a7eb1245d3bb9c5aafb093358c13e6ae1111a55717e895fd15f99f07	72
v1-bit-8-6	3d4017c3e843895a92b70aa74d1b7ebc9c982ccf2ec4968cc0cd55f12af4660c	ae5b66bdf04b4c014bfe32b2fc126ead2107b697634f6f7337b9bff8785ee111200095ece87dde4dbe87343f6df3b107d91798c8a7eb1245d3bb9c5aafb093358c13e6ae1111a55717e895fd15f99f07	72
v1-bit-8-7	3d4017c3e843895a92b70aa74d1b7ebc9c982ccf2ec4968cc0cd55f12af4660c	ae5b66bdf04b4c018bfe32b2fc126ead2107b697634f6f7337b9bff8785ee111200095ece87dde4dbe87343f6df3b107d91798c8a7eb1245d3bb9c5aafb093358c13e6ae1111a55717e895fd15f99f07	72
v1-bit-9-0	3d4017c3e843895a92b70aa74d1b7ebc9c982ccf2ec4968cc0cd55f12af4660c	ae5b66bdf04b4c010bff32b2fc126ead2107b697634f6f7337b9bff8785ee111200095ece87dde4dbe87343f6df3b107d91798c8a7eb1245d3bb9c5aafb093358c13e6ae1111a55717e895fd15f99f07	72
v1-bit-9-1	3d4017c3e843895a92b70aa74d1b7ebc9c982ccf2ec4968cc0cd55f12af4660c	ae5b66bdf04b4c010bfc32b2fc126ead2107b697634f6f7337b9bff8785ee111200095ece87dde4dbe87343f6df3b107d91798c8a7eb1245d3bb9c5aafb093358c13e6ae1111a55717e895fd15f99f07	72
v1-bit-9-2	3d4017c3e843895a92b70aa74d1b7ebc9c982ccf2ec4968cc0cd55f12af4660c	ae5b66bdf04b4c010bfa32b2fc126ead2107b697634f6f7337b9bff8785ee111200095ece87dde4dbe87343f6df3b107d91798c8a7eb1245d3bb9c5aafb093358c13e6ae1111a55717e895fd15f99f07	72
v1-bit-9-3	3d4017c3e843895a92b70aa74d1b7ebc9c982ccf2ec4968cc0cd55f12af4660c	ae5b66bdf04b4c010bf632b2fc126ead2107b697634f6f7337b9bff8785ee111200095ece87dde4dbe87343f6df3b107d91798c8a7eb1245d3bb9c5aafb093358c13e6ae1111a55717e895fd15f99f07	72
v1-bit-9-4	3d4017c3e843895a92b70aa74d1b7ebc9c982ccf2ec4968cc0cd55f12af4660c	ae5b66bdf04b4c010bee32b2fc126ead2107b697634f6f7337b9bff8785ee111200095ece87dde4dbe87343f6df3b107d91798c8a7eb1245d3bb9c5aafb093358c13e6ae1111a55717e895fd15f99f07	72
v1-bit-9-5	3d4017c3e843895a92b70aa74d1b7ebc9c982ccf2ec4968cc0cd55f12af4660c	ae5b66bdf04b4c010bde32b2fc126ead2107b697634f6f7337b9bff8785ee111200095ece87dde4dbe87343f6df3b107d91798c8a7eb1245d3bb9c5aafb093358c13e6ae1111a55717e895fd15f99f07	72
v1-bit-9-6	3d4017c3e843895a92b70aa74d1b7ebc9c982ccf2ec4968cc0cd55f12af4660c	ae5b66bdf04b4c010bbe32b2fc126ead2107b697634f6f7337b9bff8785ee111200095ece87dde4dbe87343f6df3b107d91798c8a7eb1245d3bb9c5aafb093358c13e6ae1111a55717e895fd15f99f07	72
v1-bit-9-7	3d4017c3e843895a92b70aa74d1b7ebc9c982ccf2ec4968cc0cd55f12af4660c	ae5b66bdf04b4c010b7e32b2fc126ead2107b697634f6f7337b9bff8785ee111200095ece87dde4dbe87343f6df3b107d91798c8a7eb1245d3bb9c5aafb093358c13e6ae1111a55717e895fd15f99f07	72
v1-bit-10-0	3d4017c3e843895a92b70aa74d1b7ebc9c982ccf2ec4968cc0cd55f12af4660c	ae5b66bdf04b4c010bfe33b2fc126ead2107b697634f6f7337b9bff8785ee111200095ece87dde4dbe87343f6df3b107d91798c8a7eb1245d3bb9c5aafb093358c13e6ae1111a55717e895fd15f99f07	72
v1-bit-10-1	3d4017c3e843895a92b70aa74d1b7ebc9c982ccf2ec4968cc0cd55f12af4660c	ae5b66bdf04b4c010bfe30b2fc126ead2107b697634f6f7337b9bff8785ee111200095ece87dde4dbe87343f6df3b107d91798c8a7eb1245d3bb9c5aafb093358c13e6ae1111a55717e895fd15f99f07	72
v1-bit-10-2	3d4017c3e843895a92b70aa74d1b7ebc9c982ccf2ec4968cc0cd55f12af4660c	ae5b66bdf04b4c010bfe36b2fc126ead2107b697634f6f7337b9bff8785ee111200095ece87dde4dbe87343f6df3b107d91798c8a7eb1245d3bb9c5aafb093358c13e6ae1111a55717e895fd15f99f07	72
v1-bit-10-3	3d4017c3e843895a92b70aa74d1b7ebc9c982ccf2ec4968cc0cd55f12af4660c	ae5b66bdf04b4c010bfe3ab2fc126ead2107b697634f6f7337b9bff8785ee111200095ece87dde4dbe87343f6df3b107d91798c8a7eb1245d3bb9c5aafb093358c13e6ae1111a55717e895fd15f99f07	72
v1-bit-10-4	3d4017c3e843895a92b70aa74d1b7ebc9c982ccf2ec4968cc0cd55f12af4660c	ae5b66bdf04b4c010bfe22b2fc126ead2107b697634f6f7337b9bff8785ee111200095ece87dde4dbe87343f6df3b107d91798c8a7eb1245d3bb9c5aafb093358c13e6ae1111a55717e895fd15f99f07	72
v1-bit-10-5	3d4017c3e843895a92b70aa74d1b7ebc9c982ccf2ec4968cc0cd55f12af4660c	ae5b66bdf04b4c010bfe12b2fc126ead2107b697634f6f7337b9bff8785ee111200095ece87dde4dbe87343f6df3b107d91798c8a7eb1245d3bb9c5aafb093358c13e6ae1111a55717e895fd15f99f07	72
v1-bit-10-6	3d4017c3e843895a92b70aa74d1b7ebc9c982ccf2ec4968cc0cd55f12af4660c	ae5b66bdf04b4c010bfe72b2fc126ead2107b697634f6f7337b9bff8785ee111200095ece87dde4dbe87343f6df3b107d91798c8a7eb1245d3bb9c5aafb093358c13e6ae1111a55717e895fd15f99f07	72
v1-bit-10-7	3d4017c3e843895a92b70aa74d1b7ebc9c982ccf2ec4968cc0cd55f12af4660c	ae5b66bdf04b4c010bfeb2b2fc126ead2107b697634f6f7337b9bff8785ee111200095ece87dde4dbe87343f6df3b107d91798c8a7eb1245d3bb9c5aafb093358c13e6ae1111a55717e895fd15f99f07	72
v1-bit-11-0	3d4017c3e843895a92b70aa74d1b7ebc9c982ccf2ec4968cc0cd55f12af4660c	ae5b66bdf04b4c010bfe32b3fc126ead2107b697634f6f7337b9bff8785ee111200095ece87dde4dbe87343f6df3b107d91798c8a7eb1245d3bb9c5aafb093358c13e6ae1111a55717e895fd15f99f07	72
v1-bit-11-1	3d4017c3e843895a92b70aa74d1b7ebc9c982ccf2ec4968cc0cd55f12af4660c	ae5b66bdf04b4c010bfe32b0fc126ead2107b697634f6f7337b9bff8785ee111200095ece87dde4dbe87343f6df3b107d91798c8a7eb1245d3bb9c5aafb093358c13e6ae1111a55717e895fd15f99f07	72
v1-bit-11-2	3d4017c3e843895a92b70aa74d1b7ebc9c982ccf2ec4968cc0cd55f12af4660c	ae5b66bdf04b4c010bfe32b6fc126ead2107b697634f6f7337b9bff8785ee111200095ece87dde4dbe87343f6df3b107d91798c8a7eb1245d3bb9c5aafb093358c13e6ae1111a55717e895fd15f99f07	72
v1-bit-11-3	3d4017c3e843895a92b70aa74d1b7ebc9c982ccf2ec4968cc0cd55f12af4660c	ae5b66bdf04b4c010bfe32bafc126ead2107b697634f6f7337b9bff8785ee111200095ece87dde4dbe87343f6df3b107d91798c8a7eb1245d3bb9c5aafb093358c13e6ae1111a55717e895fd15f99f07	72
v1-bit-11-4	3d4017c3e843895a92b70aa74d1b7ebc9c982ccf2ec4968cc0cd55f12af4660c	ae5b66bdf04b4c010bfe32a2fc126ead2107b697634f6f7337b9bff8785ee111200095ece87dde4dbe87343f6df3b107d91798c8a7eb1245d3bb9c5aafb093358c13e6ae1111a55717e895fd15f99f07	72
v1-bit-11-5	3d4017c3e843895a92b70aa74d1b7ebc9c982ccf2ec4968cc0cd55f12af4660c	ae5b66bdf04b4c010bfe3292fc126ead2107b697634f6f7337b9bff8785ee111200095ece87dde4dbe87343f6df3b107d91798c8a7eb1245d3bb9c5aafb093358c13e6ae1111a55717e895fd15f99f07	72
v1-bit-11-6	3d4017c3e843895a92b70aa74d1b7ebc9c982ccf2ec4968cc0cd55f12af4660c	ae5b66bdf04b4c010bfe32f2fc126ead2107b697634f6f7337b9bff8785ee111200095ece87dde4dbe87343f6df3b107d91798c8a7eb1245d3bb9c5aafb093358c13e6ae1111a55717e895fd15f99f07	72
v1-bit-11-7	3d4017c3e843895a92b70aa74d1b7ebc9c982ccf2ec4968cc0cd55f12af4660c	ae5b66bdf04b4c010bfe3232fc126ead2107b697634f6f7337b9bff8785ee111200095ece87dde4dbe87343f6df3b107d91798c8a7eb1245d3bb9c5aafb093358c13e6ae1111a55717e895fd15f99f07	72
v1-bit-12-0	3d4017c3e843895a92b70aa74d1b7ebc9c982ccf2ec4968cc0cd55f12af4660c	ae5b66bdf04b4c010bfe32b2fd126ead2107b697634f6f7337b9bff8785ee111200095ece87dde4dbe87343f6df3b107d91798c8a7eb1245d3bb9c5aafb093358c13e6ae1111a55717e895fd15f99f07	72
v1-bit-12-1	3d4017c3e843895a92b70aa74d1b7ebc9c982ccf2ec4968cc0cd55f12af4660c	ae5b66bdf04b4c010bfe32b2fe126ead2107b697634f6f7337b9bff8785ee111200095ece87dde4dbe87343f6df3b107d91798c8a7eb1245d3bb9c5aafb093358c13e6ae1111a55717e895fd15f99f07	72
v1-bit-12-2	3d4017c3e843895a92b70aa74d1b7ebc9c982ccf2ec4968cc0cd55f12af4660c	ae5b66bdf04b4c010bfe32b2f8126ead2107b697634f6f7337b9bff8785ee111200095ece87dde4dbe87343f6df3b107d91798c8a7eb1245d3bb9c5aafb093358c13e6ae1111a55717e895fd15f99f07	72
v1-bit-12-3	3d4017c3e843895a92b70aa74d1b7ebc9c982ccf2ec4968cc0cd55f12af4660c	ae5b66bdf04b4c010bfe32b2f4126ead2107b697634f6f7337b9bff8785ee111200095ece87dde4dbe87343f6df3b107d91798c8a7eb1245d3bb9c5aafb093358c13e6ae1111a55717e895fd15f99f07	72
v1-bit-12-4	3d4017c3e843895a92b70aa74d1b7ebc9c982ccf2ec4968cc0cd55f12af4660c	ae5b66bdf04b4c010bfe32b2ec126ead2107b697634f6f7337b9bff8785ee111200095ece87dde4dbe87343f6df3b107d91798c8a7eb1245d3bb9c5aafb093358c13e6ae1111a55717e895fd15f99f07	72
v1-bit-12-5	3d4017c3e843895a92b70aa74d1b7ebc9c982ccf2ec4968cc0cd55f12af4660c	ae5b66bdf04b4c010bfe32b2dc126ead2107b697634f6f7337b9bff8785ee111200095ece87dde4dbe87343f6df3b107d91798c8a7eb1245d3bb9c5aafb093358c13e6ae1111a55717e895fd15f99f07	72
v1-bit-12-6	3d4017c3e843895a92b70aa74d1b7ebc9c982ccf2ec4968cc0cd55f12af4660c	ae5b66bdf04b4c010bfe32b2bc126ead2107b697634f6f7337b9bff8785ee111200095ece87dde4dbe87343f6df3b107d91798c8a7eb1245d3bb9c5aafb093358c13e6ae1111a55717e895fd15f99f07	72
v1-bit-12-7	3d4017c3e843895a92b70aa74d1b7ebc9c982ccf2ec4968cc0cd55f12af4660c	ae5b66bdf04b4c010bfe32b27c126ead2107b697634f6f7337b9bff8785ee111200095ece87dde4dbe87343f6df3b107d91798c8a7eb1245d3bb9c5aafb093358c13e6ae1111a55717e895fd15f99f07	72
v1-bit-13-0	3d4017c3e843895a92b70aa74d1b7ebc9c982ccf2ec4968cc0cd55f12af4660c	ae5b66bdf04b4c010bfe32b2fc136ead2107b697634f6f7337b9bff8785ee111200095ece87dde4dbe87343f6df3b107d91798c8a7eb1245d3bb9c5aafb093358c13e6ae1111a55717e895fd15f99f07	72
v1-bit-13-1	3d4017c3e843895a92b70aa74d1b7ebc9c982ccf2ec4968cc0cd55f12af4660c	ae5b66bdf04b4c010bfe32b2fc106ead2107b697634f6f7337b9bff8785ee111200095ece87dde4dbe87343f6df3b107d91798c8a7eb1245d3bb9c5aafb093358c13e6ae1111a55717e895fd15f99f07	72
v1-bit-13-2	3d4017c3e843895a92b70aa74d1b7ebc9c982ccf2ec4968cc0cd55f12af4660c	ae5b66bdf04b4c010bfe32b2fc166ead2107b697634f6f7337b9bff8785ee111200095ece87dde4dbe87343f6df3b107d91798c8a7eb1245d3bb9c5aafb093358c13e6ae1111a55717e895fd15f99f07	72
v1-bit-13-3	3d4017c3e843895a92b70aa74d1b7ebc9c982ccf2ec4968cc0cd55f12af4660c	ae5b66bdf04b4c010bfe32b2fc1a6ead2107b697634f6f7337b9bff8785ee111200095ece87dde4dbe87343f6df3b107d91798c8a7eb1245d3bb9c5aafb093358c13e6ae1111a55717e895fd15f99f07	72
v1-bit-13-4	3d4017c3e843895a92b70aa74d1b7ebc9c982ccf2ec4968cc0cd55f12af4660c	ae5b66bdf04b4c010bfe32b2fc026ead2107b697634f6f7337b9bff8785ee111200095ece87dde4dbe87343f6df3b107d91798c8a7eb1245d3bb9c5aafb093358c13e6ae1111a55717e895fd15f99f07	72
v1-bit-13-5	3d4017c3e843895a92b70aa74d1b7ebc9c982ccf2ec4968cc0cd55f12af4660c	ae5b66bdf04b4c010bfe32b2fc326ead2107b697634f6f7337b9bff8785ee111200095ece87dde4dbe87343f6df3b107d91798c8a7eb1245d3bb9c5aafb093358c13e6ae1111a55717e895fd15f99f07	72
v1-bit-13-6	3d4017c3e843895a92b70aa74d1b7ebc9c982ccf2ec4968cc0cd55f12af4660c	ae5b66bdf04b4c010bfe32b2fc526ead2107b697634f6f7337b9bff8785ee111200095ece87dde4dbe87343f6df3b107d91798c8a7eb1245d3bb9c5aafb093358c13e6ae1111a55717e895fd15f99f07	72
v1-bit-13-7	3d4017c3e843895a92b70aa74d1b7ebc9c982ccf2ec4968cc0cd55f12af4660c	ae5b66bdf04b4c010bfe32b2fc926ead2107b697634f6f7337b9bff8785ee111200095ece87dde4dbe87343f6df3b107d91798c8a7eb1245d3bb9c5aafb093358c13e6ae1111a55717e895fd15f99f07	72
v1-bit-14-0	3d4017c3e843895a92b70aa74d1b7ebc9c982ccf2ec4968cc0cd55f12af4660c	ae5b66bdf04b4c010bfe32b2fc126fad2107b697634f6f7337b9bff8785ee111200095ece87dde4dbe87343f6df3b107d91798c8a7eb1245d3bb9c5aafb093358c13e6ae1111a55717e895fd15f99f07	72
v1-bit-14-1	3d4017c3e843895a92b70aa74d1b7ebc9c982ccf2ec4968cc0cd55f12af4660c	ae5b66bdf04b4c010bfe32b2fc126cad2107b697634f6f7337b9bff8785ee111200095ece87dde4dbe87343f6df3b107d91798c8a7eb1245d3bb9c5aafb093358c13e6ae1111a55717e895fd15f99f07	72
v1-bit-14-2	3d4017c3e843895a92b70aa74d1b7ebc9c982ccf2ec4968cc0cd55f12af4660c	ae5b66bdf04b4c010bfe32b2fc126aad2107b697634f6f7337b9bff8785ee111200095ece87dde4dbe87343f6df3b107d91798c8a7eb1245d3bb9c5aafb093358c13e6ae1111a55717e895fd15f99f07	72
v1-bit-14-3	3d4017c3e843895a92b70aa74d1b7ebc9c982ccf2ec4968cc0cd55f12af4660c	ae5b66bdf04b4c010bfe32b2fc1266ad2107b697634f6f7337b9bff8785ee111200095ece87dde4dbe87343f6df3b107d91798c8a7eb1245d3bb9c5aafb093358c13e6ae1111a55717e895fd15f99f07	72
v1-bit-14-4	3d4017c3e843895a92b70aa74d1b7ebc9c982ccf2ec4968cc0cd55f12af4660c	ae5b66bdf04b4c010bfe32b2fc127ead2107b697634f6f7337b9bff8785ee111200095ece87dde4dbe87343f6df3b107d91798c8a7eb1245d3bb9c5aafb093358c13e6ae1111a55717e895fd15f99f07	72
v1-bit-14-5	3d4017c3e843895a92b70aa74d1b7ebc9c982ccf2ec4968cc0cd55f12af4660c	ae5b66bdf04b4c010bfe32b2fc124ead2107b697634f6f7337b9bff8785ee111200095ece87dde4dbe87343f6df3b107d91798c8a7eb1245d3bb9c5aafb093358c13e6ae1111a55717e895fd15f99f07	72
v1-bit-14-6	3d4017c3e843895a92b70aa74d1b7ebc9c982ccf2ec4968cc0cd55f12af4660c	ae5b66bdf04b4c010bfe32b2fc122ead2107b697634f6f7337b9bff8785ee111200095ece87dde4dbe87343f6df3b107d91798c8a7eb1245d3bb9c5aafb093358c13e6ae1111a55717e895fd15f99f07	72
v1-bit-14-7	3d4017c3e843895a92b70aa74d1b7ebc9c982ccf2ec4968cc0cd55f12af4660c	ae5b66bdf04b4c010bfe32b2fc12eead2107b697634f6f7337b9bff8785ee111200095ece87dde4dbe87343f6df3b107d91798c8a7eb1245d3bb9c5aafb093358c13e6ae1111a55717e895fd15f99f07	72
v1-bit-15-0	3d4017c3e843895a92b70aa74d1b7ebc9c982ccf2ec4968cc0cd55f12af4660c	ae5b66bdf04b4c010bfe32b2fc126eac2107b697634f6f7337b9bff8785ee111200095ece87dde4dbe87343f6df3b107d91798c8a7eb1245d3bb9c5aafb093358c13e6ae1111a55717e895fd15f99f07	72
v1-bit-15-1	3d4017c3e843895a92b70aa74d1b7ebc9c982ccf2ec4968cc0cd55f12af4660c	ae5b66bdf04b4c010bfe32b2fc126eaf2107b697634f6f7337b9bff8785ee111200095ece87dde4dbe87343f6df3b107d91798c8a7eb1245d3bb9c5aafb093358c13e6ae1111a55717e895fd15f99f07	72
v1-bit-15-2	3d4017c3e843895a92b70aa74d1b7ebc9c982ccf2ec4968cc0cd55f12af4660c	ae5b66bdf04b4c010bfe32b2fc126ea92107b697634f6f7337b9bff8785ee111200095ece87dde4dbe87343f6df3b107d91798c8a7eb1245d3bb9c5aafb093358c13e6ae1111a55717e895fd15f99f07	72
v1-bit-15-3	3d4017c3e843895a92b70aa74d1b7ebc9c982ccf2ec4968cc0cd55f12af4660c	ae5b66bdf04b4c010bfe32b2fc126ea52107b697634f6f7337b9bff8785ee111200095ece87dde4dbe87343f6df3b107d91798c8a7eb1245d3bb9c5aafb093358c13e6ae1111a55717e895fd15f99f07	72
v1-bit-15-4	3d4017c3e843895a92b70aa74d1b7ebc9c982ccf2ec4968cc0cd55f12af4660c	ae5b66bdf04b4c010bfe32b2fc126ebd2107b697634f6f7337b9bff8785ee111200095ece87dde4dbe87343f6df3b107d91798c8a7eb1245d3bb9c5aafb093358c13e6ae1111a55717e895fd15f99f07	72
v1-bit-15-5	3d4017c3e843895a92b70aa74d1b7ebc9c982ccf2ec4968cc0cd55f12af4660c	ae5b66bdf04b4c010bfe32b2fc126e8d2107b697634f6f7337b9bff8785ee111200095ece87dde4dbe87343f6df3b107d91798c8a7eb1245d3bb9c5aafb093358c13e6ae1111a55717e895fd15f99f07	72
v1-bit-15-6	3d4017c3e843895a92b70aa74d1b7ebc9c982ccf2ec4968cc0cd55f12af4660c	ae5b66bdf04b4c010bfe32b2fc126eed2107b697634f6f7337b9bff8785ee111200095ece87dde4dbe87343f6df3b107d91798c8a7eb1245d3bb9c5aafb093358c13e6ae1111a55717e895fd15f99f07	72
v1-bit-15-7	3d4017c3e843895a92b70aa74d1b7ebc9c982ccf2ec4968cc0cd55f12af4660c	ae5b66bdf04b4c010bfe32b2fc126e2d2107b697634f6f7337b9bff8785ee111200095ece87dde4dbe87343f6df3b107d91798c8a7eb1245d3bb9c5aafb093358c13e6ae1111a55717e895fd15f99f07	72
v1-bit-16-0	3d4017c3e843895a92b70aa74d1b7ebc9c982ccf2ec4968cc0cd55f12af4660c	ae5b66bdf04b4c010bfe32b2fc126ead2007b697634f6f7337b9bff8785ee111200095ece87dde4dbe87343f6df3b107d91798c8a7eb1245d3bb9c5aafb093358c13e6ae1111a55717e895fd15f99f07	72
v1-bit-16-1	3d4017c3e843895a92b70aa74d1b7ebc9c982ccf2ec4968cc0cd55f12af4660c	ae5b66bdf04b4c010bfe32b2fc126ead2307b697634f6f7337b9bff8785ee111200095ece87dde4dbe87343f6df3b107d91798c8a7eb1245d3bb9c5aafb093358c13e6ae1111a55717e895fd15f99f07	72
v1-bit-16-2	3d4017c3e843895a92b70aa74d1b7ebc9c982ccf2ec4968cc0cd55f12af4660c	ae5b66bdf04b4c010bfe32b2fc126ead2507b697634f6f7337b9bff8785ee111200095ece87dde4dbe87343f6df3b107d91798c8a7eb1245d3bb9c5aafb093358c13e6ae1111a55717e895fd15f99f07	72
v1-bit-16-3	3d4017c3e843895a92b70aa74d1b7ebc9c982ccf2ec4968cc0cd55f12af4660c	ae5b66bdf04b4c010bfe32b2fc126ead2907b697634f6f7337b9bff8785ee111200095ece87dde4dbe87343f6df3b107d91798c8a7eb1245d3bb9c5aafb093358c13e6ae1111a55717e895fd15f99f07	72
v1-bit-16-4	3d4017c3e843895a92b70aa74d1b7ebc9c982ccf2ec4968cc0cd55f12af4660c	ae5b66bdf04b4c010bfe32b2fc126ead3107b697634f6f7337b9bff8785ee111200095ece87dde4dbe87343f6df3b107d91798c8a7eb1245d3bb9c5aafb093358c13e6ae1111a55717e895fd15f99f07	72
v1-bit-16-5	3d4017c3e843895a92b70aa74d1b7ebc9c982ccf2ec4968cc0cd55f12af4660c	ae5b66bdf04b4c010bfe32b2fc126ead0107b697634f6f7337b9bff8785ee111200095ece87dde4dbe87343f6df3b107d91798c8a7eb1245d3bb9c5aafb093358c13e6ae1111a55717e895fd15f99f07	72
v1-bit-16-6	3d4017c3e843895a92b70aa74d1b7ebc9c982ccf2ec4968cc0cd55f12af4660c	ae5b66bdf04b4c010bfe32b2fc126ead6107b697634f6f7337b9bff8785ee111200095ece87dde4dbe87343f6df3b107d91798c8a7eb1245d3bb9c5aafb093358c13e6ae1111a55717e895fd15f99f07	72
v1-bit-16-7	3d4017c3e843895a92b70aa74d1b7ebc9c982ccf2ec4968cc0cd55f12af4660c	ae5b66bdf04b4c010bfe32b2fc126eada107b697634f6f7337b9bff8785ee111200095ece87dde4dbe87343f6df3b107d91798c8a7eb1245d3bb9c5aafb093358c13e6ae1111a55717e895fd15f99f07	72
v1-bit-17-0	3d4017c3e843895a92b70aa74d1b7ebc9c982ccf2ec4968cc0cd55f12af4660c	ae5b66bdf04b4c010bfe32b2fc126ead2106b697634f6f7337b9bff8785ee111200095ece87dde4dbe87343f6df3b107d91798c8a7eb1245d3bb9c5aafb093358c13e6ae1111a55717e895fd15f99f07	72
v1-bit-17-1	3d4017c3e843895a92b70aa74d1b7ebc9c982ccf2ec4968cc0cd55f12af4660c	ae5b66bdf04b4c010bfe32b2fc126ead2105b697634f6f7337b9bff8785ee111200095ece87dde4dbe87343f6df3b107d91798c8a7eb1245d3bb9c5aafb093358c13e6ae1111a55717e895fd15f99f07	72
v1-bit-17-2	3d4017c3e843895a92b70aa74d1b7ebc9c982ccf2ec4968cc0cd55f12af4660c	ae5b66bdf04b4c010bfe32b2fc126ead2103b697634f6f7337b9bff8785ee111200095ece87dde4dbe87343f6df3b107d91798c8a7eb1245d3bb9c5aafb093358c13e6ae1111a55717e895fd15f99f07	72
v1-bit-17-3	3d4017c3e843895a92b70aa74d1b7ebc9c982ccf2ec4968cc0cd55f12af4660c	ae5b66bdf04b4c010bfe32b2fc126ead210fb697634f6f7337b9bff8785ee111200095ece87dde4dbe87343f6df3b107d91798c8a7eb1245d3bb9c5aafb093358c13e6ae1111a55717e895fd15f99f07	72
v1-bit-17-4	3d4017c3e843895a92b70aa74d1b7ebc9c982ccf2ec4968cc0cd55f12af4660c	ae5b66bdf04b4c010bfe32b2fc126ead2117b697634f6f7337b9bff8785ee111200095ece87dde4dbe87343f6df3b107d91798c8a7eb1245d3bb9c5aafb093358c13e6ae1111a55717e895fd15f99f07	72
v1-bit-17-5	3d4017c3e843895a92b70aa74d1b7ebc9c982ccf2ec4968cc0cd55f12af4660c	ae5b66bdf04b4c010bfe32b2fc126ead2127b697634f6f7337b9bff8785ee111200095ece87dde4dbe87343f6df3b107d91798c8a7eb1245d3bb9c5aafb093358c13e6ae1111a55717e895fd15f99f07	72
v1-bit-17-6	3d4017c3e843895a92b70aa74d1b7ebc9c982ccf2ec4968cc0cd55f12af4660c	ae5b66bdf04b4c010bfe32b2fc126ead2147b697634f6f7337b9bff8785ee111200095ece87dde4dbe87343f6df3b107d91798c8a7eb1245d3bb9c5aafb093358c13e6ae1111a55717e895fd15f99f07	72
v1-bit-17-7	3d4017c3e843895a92b70aa74d1b7ebc9c982ccf2ec4968cc0cd55f12af4660c	ae5b66bdf04b4c010bfe32b2fc126ead2187b697634f6f7337b9bff8785ee111200095ece87dde4dbe87343f6df3b107d91798c8a7eb1245d3bb9c5aafb093358c13e6ae1111a55717e895fd15f99f07	72
v1-bit-18-0	3d4017c3e843895a92b70aa74d1b7ebc9c982ccf2ec4968cc0cd55f12af4660c	ae5b66bdf04b4c010bfe32b2fc126ead2107b797634f6f7337b9bff8785ee111200095ece87dde4dbe87343f6df3b107d91798c8a7eb1245d3bb9c5aafb093358c13e6ae1111a55717e895fd15f99f07	72
v1-bit-18-1	3d4017c3e843895a92b70aa74d1b7ebc9c982ccf2ec4968cc0cd55f12af4660c	ae5b66bdf04b4c010bfe32b2fc126ead2107b497634f6f7337b9bff8785ee111200095ece87dde4dbe87343f6df3b107d91798c8a7eb1245d3bb9c5aafb093358c13e6ae1111a55717e895fd15f99f07	72
v1-bit-18-2	3d4017c3e843895a92b70aa74d1b7ebc9c982ccf2ec4968cc0cd55f12af4660c	ae5b66bdf04b4c010bfe32b2fc126ead2107b297634f6f7337b9bff8785ee111200095ece87dde4dbe87343f6df3b107d91798c8a7eb1245d3bb9c5aafb093358c13e6ae1111a55717e895fd15f99f07	72
v1-bit-18-3	3d4017c3e843895a92b70aa74d1b7ebc9c982ccf2ec4968cc0cd55f12af4660c	ae5b66bdf04b4c010bfe32b2fc126ead2107be97634f6f7337b9bff8785ee111200095ece87dde4dbe87343f6df3b107d91798c8a7eb1245d3bb9c5aafb093358c13e6ae1111a55717e895fd15f99f07	72
v1-bit-18-4	3d4017c3e843895a92b70aa74d1b7ebc9c982ccf2ec4968cc0cd55f12af4660c	ae5b66bdf04b4c010bfe32b2fc126ead2107a697634f6f7337b9bff8785ee111200095ece87dde4dbe87343f6df3b107d91798c8a7eb1245d3bb9c5aafb093358c13e6ae1111a55717e895fd15f99f07	72
v1-bit-18-5	3d4017c3e843895a92b70aa74d1b7ebc9c982ccf2ec4968cc0cd55f12af4660c	ae5b66bdf04b4c010bfe32b2fc126ead21079697634f6f7337b9bff8785ee111200095ece87dde4dbe87343f6df3b107d91798c8a7eb1245d3bb9c5aafb093358c13e6ae1111a55717e895fd15f99f07	72
v1-bit-18-6	3d4017c3e843895a92b70aa74d1b7ebc9c982ccf2ec4968cc0cd55f12af4660c	ae5b66bdf04b4c010bfe32b2fc126ead2107f697634f6f7337b9bff8785ee111200095ece87dde4dbe87343f6df3b107d91798c8a7eb1245d3bb9c5aafb093358c13e6ae1111a55717e895fd15f99f07	72
v1-bit-18-7	3d4017c3e843895a92b70aa74d1b7ebc9c982ccf2ec4968cc0cd55f12af4660c	ae5b66bdf04b4c010bfe32b2fc126ead21073697634f6f7337b9bff8785ee111200095ece87dde4dbe87343f6df3b107d91798c8a7eb1245d3bb9c5aafb093358c13e6ae1111a55717e895fd15f99f07	72
v1-bit-19-0	3d4017c3e843895a92b70aa74d1b7ebc9c982ccf2ec4968cc0cd55f12af4660c	ae5b66bdf04b4c010bfe32b2fc126ead2107b696634f6f7337b9bff8785ee111200095ece87dde4dbe87343f6df3b107d91798c8a7eb1245d3bb9c5aafb093358c13e6ae1111a55717e895fd15f99f07	72
v1-bit-19-1	3d4017c3e843895a92b70aa74d1b7ebc9c982ccf2ec4968cc0cd55f12af4660c	ae5b66bdf04b4c010bfe32b2fc126ead2107b695634f6f7337b9bff8785ee111200095ece87dde4dbe87343f6df3b107d91798c8a7eb1245d3bb9c5aafb093358c13e6ae1111a55717e895fd15f99f07	72
v1-bit-19-2	3d4017c3e843895a92b70aa74d1b7ebc9c982ccf2ec4968cc0cd55f12af4660c	ae5b66bdf04b4c010bfe32b2fc126ead2107b693634f6f7337b9bff8785ee111200095ece87dde4dbe87343f6df3b107d91798c8a7eb1245d3bb9c5aafb093358c13e6ae1111a55717e895fd15f99f07	72
v1-bit-19-3	3d4017c3e843895a92b70aa74d1b7ebc9c982ccf2ec4968cc0cd55f12af4660c	ae5b66bdf04b4c010bfe32b2fc126ead2107b69f634f6f7337b9bff8785ee111200095ece87dde4dbe87343f6df3b107d91798c8a7eb1245d3bb9c5aafb093358c13e6ae1111a55717e895fd15f99f07	72
v1-bit-19-4	3d4017c3e843895a92b70aa74d1b7ebc9c982ccf2ec4968cc0cd55f12af4660c	ae5b66bdf04b4c010bfe32b2fc126ead2107b687634f6f7337b9bff8785ee111200095ece87dde4dbe87343f6df3b107d91798c8a7eb1245d3bb9c5aafb093358c13e6ae1111a55717e895fd15f99f07	72
v1-bit-19-5	3d4017c3e843895a92b70aa74d1b7ebc9c982ccf2ec4968cc0cd55f12af4660c	ae5b66bdf04b4c010bfe32b2fc126ead2107b6b7634f6f7337b9bff8785ee111200095ece87dde4dbe87343f6df3b107d91798c8a7eb1245d3bb9c5aafb093358c13e6ae1111a55717e895fd15f99f07	72
v1-bit-19-6	3d4017c3e843895a92b70aa74d1b7ebc9c982ccf2ec4968cc0cd55f12af4660c	ae5b66bdf04b4c010bfe32b2fc126ead2107b6d7634f6f7337b9bff8785ee111200095ece87dde4dbe87343f6df3b107d91798c8a7eb1245d3bb9c5aafb093358c13e6ae1111a55717e895fd15f99f07	72
v1-bit-19-7	3d4017c3e843895a92b70aa74d1b7ebc9c982ccf2ec4968cc0cd55f12af4660c	ae5b66bdf04b4c010bfe32b2fc126ead2107b617634f6f7337b9bff8785ee111200095ece87dde4dbe87343f6df3b107d91798c8a7eb1245d3bb9c5aafb093358c13e6ae1111a55717e895fd15f99f07	72
v1-bit-20-0	3d4017c3e843895a92b70aa74d1b7ebc9c982ccf2ec4968cc0cd55f12af4660c	ae5b66bdf04b4c010bfe32b2fc126ead2107b697624f6f7337b9bff8785ee111200095ece87dde4dbe87343f6df3b107d91798c8a7eb1245d3bb9c5aafb093358c13e6ae1111a55717e895fd15f99f07	72
v1-bit-20-1	3d4017c3e843895a92b70aa74d1b7ebc9c982ccf2ec4968cc0cd55f12af4660c	ae5b66bdf04b4c010bfe32b2fc126ead2107b697614f6f7337b9bff8785ee111200095ece87dde4dbe87343f6df3b107d91798c8a7eb1245d3bb9c5aafb093358c13e6ae1111a55717e895fd15f99f07	72
v1-bit-20-2	3d4017c3e843895a92b70aa74d1b7ebc9c982ccf2ec4968cc0cd55f12af4660c	ae5b66bdf04b4c010bfe32b2fc126ead2107b697674f6f7337b9bff8785ee111200095ece87dde4dbe87343f6df3b107d91798c8a7eb1245d3bb9c5aafb093358c13e6ae1111a55717e895fd15f99f07	72
v1-bit-20-3	3d4017c3e843895a92b70aa74d1b7ebc9c982ccf2ec4968cc0cd55f12af4660c	ae5b66bdf04b4c010bfe32b2fc126ead2107b6976b4f6f7337b9bff8785ee111200095ece87dde4dbe87343f6df3b107d91798c8a7eb1245d3bb9c5aafb093358c13e6ae1111a55717e895fd15f99f07	72
v1-bit-20-4	3d4017c3e843895a92b70aa74d1b7ebc9c982ccf2ec4968cc0cd55f12af4660c	ae5b66bdf04b4c010bfe32b2fc126ead2107b697734f6f7337b9bff8785ee111200095ece87dde4dbe87343f6df3b107d91798c8a7eb1245d3bb9c5aafb093358c13e6ae1111a55717e895fd15f99f07	72
v1-bit-20-5	3d4017c3e843895a92b70aa74d1b7ebc9c982ccf2ec4968cc0cd55f12af4660c	ae5b66bdf04b4c010bfe32b2fc126ead2107b697434f6f7337b9bff8785ee111200095ece87dde4dbe87343f6df3b107d91798c8a7eb1245d3bb9c5aafb093358c13e6ae1111a55717e895fd15f99f07	72
v1-bit-20-6	3d4017c3e843895a92b70aa74d1b7ebc9c982ccf2ec4968cc0cd55f12af4660c	ae5b66bdf04b4c010bfe32b2fc126ead2107b697234f6f7337b9bff8785ee111200095ece87dde4dbe87343f6df3b107d91798c8a7eb1245d3bb9c5aafb093358c13e6ae1111a55717e895fd15f99f07	72
v1-bit-20-7	3d4017c3e843895a92b70aa74d1b7ebc9c982ccf2ec4968cc0cd55f12af4660c	ae5b66bdf04b4c010bfe32b2fc126ead2107b697e34f6f7337b9bff8785ee111200095ece87dde4dbe87343f6df3b107d91798c8a7eb1245d3bb9c5aafb093358c13e6ae1111a55717e895fd15f99f07	72
v1-bit-21-0	3d4017c3e843895a92b70aa74d1b7ebc9c982ccf2ec4968cc0cd55f12af4660c	ae5b66bdf04b4c010bfe32b2fc126ead2107b697634e6f7337b9bff8785ee111200095ece87dde4dbe87343f6df3b107d91798c8a7eb1245d3bb9c5aafb093358c13e6ae1111a55717e895fd15f99f07	72
v1-bit-21-1	3d4017c3e843895a92b70aa74d1b7ebc9c982ccf2ec4968cc0cd55f12af4660c	ae5b66bdf04b4c010bfe32b2fc126ead2107b697634d6f7337b9bff8785ee111200095ece87dde4dbe87343f6df3b107d91798c8a7eb1245d3bb9c5aafb093358c13e6ae1111a55717e895fd15f99f07	72
v1-bit-21-2	3d4017c3e843895a92b70aa74d1b7ebc9c982ccf2ec4968cc0cd55f12af4660c	ae5b66bdf04b4c010bfe32b2fc126ead2107b697634b6f7337b9bff8785ee111200095ece87dde4dbe87343f6df3b107d91798c8a7eb1245d3bb9c5aafb093358c13e6ae1111a55717e895fd15f99f07	72
v1-bit-21-3	3d4017c3e843895a92b70aa74d1b7ebc9c982ccf2ec4968cc0cd55f12af4660c	ae5b66bdf04b4c010bfe32b2fc126ead2107b69763476f7337b9bff8785ee111200095ece87dde4dbe87343f6df3b107d91798c8a7eb1245d3bb9c5aafb093358c13e6ae1111a55717e895fd15f99f07	72
v1-bit-21-4	3d4017c3e843895a92b70aa74d1b7ebc9c982ccf2ec4968cc0cd55f12af4660c	ae5b66bdf04b4c010bfe32b2fc126ead2107b697635f6f7337b9bff8785ee111200095ece87dde4dbe87343f6df3b107d91798c8a7eb1245d3bb9c5aafb093358c13e6ae1111a55717e895fd15f99f07	72
v1-bit-21-5	3d4017c3e843895a92b70aa74d1b7ebc9c982ccf2ec4968cc0cd55f12af4660c	ae5b66bdf04b4c010bfe32b2fc126ead2107b697636f6f7337b9bff8785ee111200095ece87dde4dbe87343f6df3b107d91798c8a7eb1245d3bb9c5aafb093358c13e6ae1111a55717e895fd15f99f07	72
v1-bit-21-6	3d4017c3e843895a92b70aa74d1b7ebc9c982ccf2ec4968cc0cd55f12af4660c	ae5b66bdf04b4c010bfe32b2fc126ead2107b697630f6f7337b9bff8785ee111200095ece87dde4dbe87343f6df3b107d91798c8a7eb1245d3bb9c5aafb093358c13e6ae1111a55717e895fd15f99f07	72
v1-bit-21-7	3d4017c3e843895a92b70aa74d1b7ebc9c982ccf2ec4968cc0cd55f12af4660c	ae5b66bdf04b4c010bfe32b2fc126ead2107b69763cf6f7337b9bff8785ee111200095ece87dde4dbe87343f6df3b107d91798c8a7eb1245d3bb9c5aafb093358c13e6ae1111a55717e895fd15f99f07	72
v1-bit-22-0	3d4017c3e843895a92b70aa74d1b7ebc9c982ccf2ec4968cc0cd55f12af4660c	ae5b66bdf04b4c010bfe32b2fc126ead2107b697634f6e7337b9bff8785ee111200095ece87dde4dbe87343f6df3b107d91798c8a7eb1245d3bb9c5aafb093358c13e6ae1111a55717e895fd15f99f07	72
v1-bit-22-1	3d4017c3e843895a92b70aa74d1b7ebc9c982ccf2ec4968cc0cd55f12af4660c	ae5b66bdf04b4c010bfe32b2fc126ead2107b697634f6d7337b9bff8785ee111200095ece87dde4dbe87343f6df3b107d91798c8a7eb1245d3bb9c5aafb093358c13e6ae1111a55717e895fd15f99f07	72
v1-bit-22-2	3d4017c3e843895a92b70aa74d1b7ebc9c982ccf2ec4968cc0cd55f12af4660c	ae5b66bdf04b4c010bfe32b2fc126ead2107b697634f6b7337b9bff8785ee111200095ece87dde4dbe87343f6df3b107d91798c8a7eb1245d3bb9c5aafb093358c13e6ae1111a55717e895fd15f99f07	72
v1-bit-22-3	3d4017c3e843895a92b70aa74d1b7ebc9c982ccf2ec4968cc0cd55f12af4660c	ae5b66bdf04b4c010bfe32b2fc126ead2107b697634f677337b9bff8785ee111200095ece87dde4dbe87343f6df3b107d91798c8a7eb1245d3bb9c5aafb093358c13e6ae1111a55717e895fd15f99f07	72
v1-bit-22-4	3d4017c3e843895a92b70aa74d1b7ebc9c982ccf2ec4968cc0cd55f12af4660c	ae5b66bdf04b4c010bfe32b2fc126ead2107b697634f7f7337b9bff8785ee111200095ece87dde4dbe87343f6df3b107d91798c8a7eb1245d3bb9c5aafb093358c13e6ae1111a55717e895fd15f99f07	72
v1-bit-22-5	3d4017c3e843895a92b70aa74d1b7ebc9c982ccf2ec4968cc0cd55f12af4660c	ae5b66bdf04b4c010bfe32b2fc126ead2107b697634f4f7337b9bff8785ee111200095ece87dde4dbe87343f6df3b107d91798c8a7eb1245d3bb9c5aafb093358c13e6ae1111a55717e895fd15f99f07	72
v1-bit-22-6	3d4017c3e843895a92b70aa74d1b7ebc9c982ccf2ec4968cc0cd55f12af4660c	ae5b66bdf04b4c010bfe32b2fc126ead2107b697634f2f7337b9bff8785ee111200095ece87dde4dbe87343f6df3b107d91798c8a7eb1245d3bb9c5aafb093358c13e6ae1111a55717e895fd15f99f07	72
v1-bit-22-7	3d4017c3e843895a92b70aa74d1b7ebc9c982ccf2ec4968cc0cd55f12af4660c	ae5b66bdf04b4c010bfe32b2fc126ead2107b697634fef7337b9bff8785ee111200095ece87dde4dbe87343f6df3b107d91798c8a7eb1245d3bb9c5aafb093358c13e6ae1111a55717e895fd15f99f07	72
v1-bit-23-0	3d4017c3e843895a92b70aa74d1b7ebc9c982ccf2ec4968cc0cd55f12af4660c	ae5b66bdf04b4c010bfe32b2fc126ead2107b697634f6f7237b9bff8785ee111200095ece87dde4dbe87343f6df3b107d91798c8a7eb1245d3bb9c5aafb093358c13e6ae1111a55717e895fd15f99f07	72
v1-bit-23-1	3d4017c3e843895a92b70aa74d1b7ebc9c982ccf2ec4968cc0cd55f12af4660c	ae5b66bdf04b4c010bfe32b2fc126ead2107b697634f6f7137b9bff8785ee111200095ece87dde4dbe87343f6df3b107d91798c8a7eb1245d3bb9c5aafb093358c13e6ae1111a55717e895fd15f99f07	72
v1-bit-23-2	3d4017c3e843895a92b70aa74d1b7ebc9c982ccf2ec4968cc0cd55f12af4660c	ae5b66bdf04b4c010bfe32b2fc126ead2107b697634f6f7737b9bff8785ee111200095ece87dde4dbe87343f6df3b107d91798c8a7eb1245d3bb9c5aafb093358c13e6ae1111a55717e895fd15f99f07	72
v1-bit-23-3	3d4017c3e843895a92b70aa74d1b7ebc9c982ccf2ec4968cc0cd55f12af4660c	ae5b66bdf04b4c010bfe32b2fc126ead2107b697634f6f7b37b9bff8785ee111200095ece87dde4dbe87343f6df3b107d91798c8a7eb1245d3bb9c5aafb093358c13e6ae1111a55717e895fd15f99f07	72
v1-bit-23-4	3d4017c3e843895a92b70aa74d1b7ebc9c982ccf2ec4968cc0cd55f12af4660c	ae5b66bdf04b4c010bfe32b2fc126ead2107b697634f6f6337b9bff8785ee111200095ece87dde4dbe87343f6df3b107d91798c8a7eb1245d3bb9c5aafb093358c13e6ae1111a55717e895fd15f99f07	72
v1-bit-23-5	3d4017c3e843895a92b70aa74d1b7ebc9c982ccf2ec4968cc0cd55f12af4660c	ae5b66bdf04b4c010bfe32b2fc126ead2107b697634f6f5337b9bff8785ee111200095ece87dde4dbe87343f6df3b107d91798c8a7eb1245d3bb9c5aafb093358c13e6ae1111a55717e895fd15f99f07	72
v1-bit-23-6	3d4017c3e843895a92b70aa74d1b7ebc9c982ccf2ec4968cc0cd55f12af4660c	ae5b66bdf04b4c010bfe32b2fc126ead2107b697634f6f3337b9bff8785ee111200095ece87dde4dbe87343f6df3b107d91798c8a7eb1245d3bb9c5aafb093358c13e6ae1111a55717e895fd15f99f07	72
v1-bit-23-7	3d4017c3e843895a92b70aa74d1b7ebc9c982ccf2ec4968cc0cd55f12af4660c	ae5b66bdf04b4c010bfe32b2fc126ead2107b697634f6ff337b9bff8785ee111200095ece87dde4dbe87343f6df3b107d91798c8a7eb1245d3bb9c5aafb093358c13e6ae1111a55717e895fd15f99f07	72
v1-bit-24-0	3d4017c3e843895a92b70aa74d1b7ebc9c982ccf2ec4968cc0cd55f12af4660c	ae5b66bdf04b4c010bfe32b2fc126ead2107b697634f6f7336b9bff8785ee111200095ece87dde4dbe87343f6df3b107d91798c8a7eb1245d3bb9c5aafb093358c13e6ae1111a55717e895fd15f99f07	72
v1-bit-24-1	3d4017c3e843895a92b70aa74d1b7ebc9c982ccf2ec4968cc0cd55f12af4660c	ae5b66bdf04b4c010bfe32b2fc126ead2107b697634f6f7335b9bff8785ee111200095ece87dde4dbe87343f6df3b107d91798c8a7eb1245d3bb9c5aafb093358c13e6ae1111a55717e895fd15f99f07	72
v1-bit-24-2	3d4017c3e843895a92b70aa74d1b7ebc9c982ccf2ec4968cc0cd55f12af4660c	ae5b66bdf04b4c010bfe32b2fc126ead2107b697634f6f7333b9bff8785ee111200095ece87dde4dbe87343f6df3b107d91798c8a7eb1245d3bb9c5aafb093358c13e6ae1111a55717e895fd15f99f07	72
v1-bit-24-3	3d4017c3e843895a92b70aa74d1b7ebc9c982ccf2ec4968cc0cd55f12af4660c	ae5b66bdf04b4c010bfe32b2fc126ead2107b697634f6f733fb9bff8785ee111200095ece87dde4dbe87343f6df3b107d91798c8a7eb1245d3bb9c5aafb093358c13e6ae1111a55717e895fd15f99f07	72
v1-bit-24-4	3d4017c3e843895a92b70aa74d1b7ebc9c982ccf2ec4968cc0cd55f12af4660c	ae5b66bdf04b4c010bfe32b2fc126ead2107b697634f6f7327b9bff8785ee111200095ece87dde4dbe87343f6df3b107d91798c8a7eb1245d3bb9c5aafb093358c13e6ae1111a55717e895fd15f99f07	72
v1-bit-24-5	3d4017c3e843895a92b70aa74d1b7ebc9c982ccf2ec4968cc0cd55f12af4660c	ae5b66bdf04b4c010bfe32b2fc126ead2107b697634f6f7317b9bff8785ee111200095ece87dde4dbe87343f6df3b107d91798c8a7eb1245d3bb9c5aafb093358c13e6ae1111a55717e895fd15f99f07	72
v1-bit-24-6	3d4017c3e843895a92b70aa74d1b7ebc9c982ccf2ec4968cc0cd55f12af4660c	ae5b66bdf04b4c010bfe32b2fc126ead2107b697634f6f7377b9bff8785ee111200095ece87dde4dbe87343f6df3b107d91798c8a7eb1245d3bb9c5aafb093358c13e6ae1111a55717e895fd15f99f07	72
v1-bit-24-7	3d4017c3e843895a92b70aa74d1b7ebc9c982ccf2ec4968cc0cd55f12af4660c	ae5b66bdf04b4c010bfe32b2fc126ead2107b697634f6f73b7b9bff8785ee111200095ece87dde4dbe87343f6df3b107d91798c8a7eb1245d3bb9c5aafb093358c13e6ae1111a55717e895fd15f99f07	72
v1-bit-25-0	3d4017c3e843895a92b70aa74d1b7ebc9c982ccf2ec4968cc0cd55f12af4660c	ae5b66bdf04b4c010bfe32b2fc126ead2107b697634f6f7337b8bff8785ee111200095ece87dde4dbe87343f6df3b107d91798c8a7eb1245d3bb9c5aafb093358c13e6ae1111a55717e895fd15f99f07	72
v1-bit-25-1	3d4017c3e843895a92b70aa74d1b7ebc9c982ccf2ec4968cc0cd55f12af4660c	ae5b66bdf04b4c010bfe32b2fc126ead2107b697634f6f7337bbbff8785ee111200095ece87dde4dbe87343f6df3b107d91798c8a7eb1245d3bb9c5aafb093358c13e6ae1111a55717e895fd15f99f07	72
v1-bit-25-2	3d4017c3e843895a92b70aa74d1b7ebc9c982ccf2ec4968cc0cd55f12af4660c	ae5b66bdf04b4c010bfe32b2fc126ead2107b697634f6f7337bdbff8785ee111200095ece87dde4dbe87343f6df3b107d91798c8a7eb1245d3bb9c5aafb093358c13e6ae1111a55717e895fd15f99f07	72
v1-bit-25-3	3d4017c3e843895a92b70aa74d1b7ebc9c982ccf2ec4968cc0cd55f12af4660c	ae5b66bdf04b4c010bfe32b2fc126ead2107b697634f6f7337b1bff8785ee111200095ece87dde4dbe87343f6df3b107d91798c8a7eb1245d3bb9c5aafb093358c13e6ae1111a55717e895fd15f99f07	72
v1-bit-25-4	3d4017c3e843895a92b70aa74d1b7ebc9c982ccf2ec4968cc0cd55f12af4660c	ae5b66bdf04b4c010bfe32b2fc126ead2107b697634f6f7337a9bff8785ee111200095ece87dde4dbe87343f6df3b107d91798c8a7eb1245d3bb9c5aafb093358c13e6ae1111a55717e895fd15f99f07	72
v1-bit-25-5	3d4017c3e843895a92b70aa74d1b7ebc9c982ccf2ec4968cc0cd55f12af4660c	ae5b66bdf04b4c010bfe32b2fc126ead2107b697634f6f733799bff8785ee111200095ece87dde4dbe87343f6df3b107d91798c8a7eb1245d3bb9c5aafb093358c13e6ae1111a55717e895fd15f99f07	72
v1-bit-25-6	3d4017c3e843895a92b70aa74d1b7ebc9c982ccf2ec4968cc0cd55f12af4660c	ae5b66bdf04b4c010bfe32b2fc126ead2107b697634f6f7337f9bff8785ee111200095ece87dde4dbe87343f6df3b107d91798c8a7eb1245d3bb9c5aafb093358c13e6ae1111a55717e895fd15f99f07	72
v1-bit-25-7	3d4017c3e843895a92b70aa74d1b7ebc9c982ccf2ec4968cc0cd55f12af4660c	ae5b66bdf04b4c010bfe32b2fc126ead2107b697634f6f733739bff8785ee111200095ece87dde4dbe87343f6df3b107d91798c8a7eb1245d3bb9c5aafb093358c13e6ae1111a55717e895fd15f99f07	72
v1-bit-26-0	3d4017c3e843895a92b70aa74d1b7ebc9c982ccf2ec4968cc0cd55f12af4660c	ae5b66bdf04b4c010bfe32b2fc126ead2107b697634f6f7337b9bef8785ee111200095ece87dde4dbe87343f6df3b107d91798c8a7eb1245d3bb9c5aafb093358c13e6ae1111a55717e895fd15f99f07	72
v1-bit-26-1	3d4017c3e843895a92b70aa74d1b7ebc9c982ccf2ec4968cc0cd55f12af4660c	ae5b66bdf04b4c010bfe32b2fc126ead2107b697634f6f7337b9bdf8785ee111200095ece87dde4dbe87343f6df3b107d91798c8a7eb1245d3bb9c5aafb093358c13e6ae1111a55717e895fd15f99f07	72
v1-bit-26-2	3d4017c3e843895a92b70aa74d1b7ebc9c982ccf2ec4968cc0cd55f12af4660c	ae5b66bdf04b4c010bfe32b2fc126ead2107b697634f6f7337b9bbf8785ee111200095ece87dde4dbe87343f6df3b107d91798c8a7eb1245d3bb9c5aafb093358c13e6ae1111a55717e895fd15f99f07	72
v1-bit-26-3	3d4017c3e843895a92b70aa74d1b7ebc9c982ccf2ec4968cc0cd55f12af4660c	ae5b66bdf04b4c010bfe32b2fc126ead2107b697634f6f7337b9b7f8785ee111200095ece87dde4dbe87343f6df3b107d91798c8a7eb1245d3bb9c5aafb093358c13e6ae1111a55717e895fd15f99f07	72
v1-bit-26-4	3d4017c3e843895a92b70aa74d1b7ebc9c982ccf2ec4968cc0cd55f12af4660c	ae5b66bdf04b4c010bfe32b2fc126ead2107b697634f6f7337b9aff8785ee111200095ece87dde4dbe87343f6df3b107d91798c8a7eb1245d3bb9c5aafb093358c13e6ae1111a55717e895fd15f99f07	72
v1-bit-26-5	3d4017c3e843895a92b70aa74d1b7ebc9c982ccf2ec4968cc0cd55f12af4660c	ae5b66bdf04b4c010bfe32b2fc126ead2107b697634f6f7337b99ff8785ee111200095ece87dde4dbe87343f6df3b107d91798c8a7eb1245d3bb9c5aafb093358c13e6ae1111a55717e895fd15f99f07	72
v1-bit-26-6	3d4017c3e843895a92b70aa74d1b7ebc9c982ccf2ec4968cc0cd55f12af4660c	ae5b66bdf04b4c010bfe32b2fc126ead2107b697634f6f7337b9fff8785ee111200095ece87dde4dbe87343f6df3b107d91798c8a7eb1245d3bb9c5aafb093358c13e6ae1111a55717e895fd15f99f07	72
v1-bit-26-7	3d4017c3e843895a92b70aa74d1b7ebc9c982ccf2ec4968cc0cd55f12af4660c	ae5b66bdf04b4c010bfe32b2fc126ead2107b697634f6f7337b93ff8785ee111200095ece87dde4dbe87343f6df3b107d91798c8a7eb1245d3bb9c5aafb093358c13e6ae1111a55717e895fd15f99f07	72
v1-bit-27-0	3d4017c3e843895a92b70aa74d1b7ebc9c982ccf2ec4968cc0cd55f12af4660c	ae5b66bdf04b4c010bfe32b2fc126ead2107b697634f6f7337b9bff9785ee111200095ece87dde4dbe87343f6df3b107d91798c8a7eb1245d3bb9c5aafb093358c13e6ae1111a55717e895fd15f99f07	72
v1-bit-27-1	3d4017c3e843895a92b70aa74d1b7ebc9c982ccf2ec4968cc0cd55f12af4660c	ae5b66bdf04b4c010bfe32b2fc126ead2107b697634f6f7337b9bffa785ee111200095ece87dde4dbe87343f6df3b107d91798c8a7eb1245d3bb9c5aafb093358c13e6ae1111a55717e895fd15f99f07	72
v1-bit-27-2	3d4017c3e843895a92b70aa74d1b7ebc9c982ccf2ec4968cc0cd55f12af4660c	ae5b66bdf04b4c010bfe32b2fc126ead2107b697634f6f7337b9bffc785ee111200095ece87dde4dbe87343f6df3b107d91798c8a7eb1245d3bb9c5aafb093358c13e6ae1111a55717e895fd15f99f07	72
v1-bit-27-3	3d4017c3e843895a92b70aa74d1b7ebc9c982ccf2ec4968cc0cd55f12af4660c	ae5b66bdf04b4c010bfe32b2fc126ead2107b697634f6f7337b9bff0785ee111200095ece87dde4dbe87343f6df3b107d91798c8a7eb1245d3bb9c5aafb093358c13e6ae1111a55717e895fd15f99f07	72
v1-bit-27-4	3d4017c3e843895a92b70aa74d1b7ebc9c982ccf2ec4968cc0cd55f12af4660c	ae5b66bdf04b4c010bfe32b2fc126ead2107b697634f6f7337b9bfe8785ee111200095ece87dde4dbe87343f6df3b107d91798c8a7eb1245d3bb9c5aafb093358c13e6ae1111a55717e895fd15f99f07	72
v1-bit-27-5	3d4017c3e843895a92b70aa74d1b7ebc9c982ccf2ec4968cc0cd55f12af4660c	ae5b66bdf04b4c010bfe32b2fc126ead2107b697634f6f7337b9bfd8785ee111200095ece87dde4dbe87343f6df3b107d91798c8a7eb1245d3bb9c5aafb093358c13e6ae1111a55717e895fd15f99f07	72
v1-bit-27-6	3d4017c3e843895a92b70aa74d1b7ebc9c982ccf2ec4968cc0cd55f12af4660c	ae5b66bdf04b4c010bfe32b2fc126ead2107b697634f6f7337b9bfb8785ee111200095ece87dde4dbe87343f6df3b107d91798c8a7eb1245d3bb9c5aafb093358c13e6ae1111a55717e895fd15f99f07	72
v1-bit-27-7	3d4017c3e843895a92b70aa74d1b7ebc9c982ccf2ec4968cc0cd55f12af4660c	ae5b66bdf04b4c010bfe32b2fc126ead2107b697634f6f7337b9bf78785ee111200095ece87dde4dbe87343f6df3b107d91798c8a7eb1245d3bb9c5aafb093358c13e6ae1111a55717e895fd15f99f07	72
v1-bit-28-0	3d4017c3e843895a92b70aa74d1b7ebc9c982ccf2ec4968cc0cd55f12af4660c	ae5b66bdf04b4c010bfe32b2fc126ead2107b697634f6f7337b9bff8795ee111200095ece87dde4dbe87343f6df3b107d91798c8a7eb1245d3bb9c5aafb093358c13e6ae1111a55717e895fd15f99f07	72
v1-bit-28-1	3d4017c3e843895a92b70aa74d1b7ebc9c982ccf2ec4968cc0cd55f12af4660c	ae5b66bdf04b4c010bfe32b2fc126ead2107b697634f6f7337b9bff87a5ee111200095ece87dde4dbe87343f6df3b107d91798c8a7eb1245d3bb9c5aafb093358c13e6ae1111a55717e895fd15f99f07	72
v1-bit-28-2	3d4017c3e843895a92b70aa74d1b7ebc9c982ccf2ec4968cc0cd55f12af4660c	ae5b66bdf04b4c010bfe32b2fc126ead2107b697634f6f7337b9bff87c5ee111200095ece87dde4dbe87343f6df3b107d91798c8a7eb1245d3bb9c5aafb093358c13e6ae1111a55717e895fd15f99f07	72
v1-bit-28-3	3d4017c3e843895a92b70aa74d1b7ebc9c982ccf2ec4968cc0cd55f12af4660c	ae5b66bdf04b4c010bfe32b2fc126ead2107b697634f6f7337b9bff8705ee111200095ece87dde4dbe87343f6df3b107d91798c8a7eb1245d3bb9c5aafb093358c13e6ae1111a55717e895fd15f99f07	72
v1-bit-28-4	3d4017c3e843895a92b70aa74d1b7ebc9c982ccf2ec4968cc0cd55f12af4660c	ae5b66bdf04b4c010bfe32b2fc126ead2107b697634f6f7337b9bff8685ee111200095ece87dde4dbe87343f6df3b107d91798c8a7eb1245d3bb9c5aafb093358c13e6ae1111a55717e895fd15f99f07	72
v1-bit-28-5	3d4017c3e843895a92b70aa74d1b7ebc9c982ccf2ec4968cc0cd55f12af4660c	ae5b66bdf04b4c010bfe32b2fc126ead2107b697634f6f7337b9bff8585ee111200095ece87dde4dbe87343f6df3b107d91798c8a7eb1245d3bb9c5aafb093358c13e6ae1111a55717e895fd15f99f07	72
v1-bit-28-6	3d4017c3e843895a92b70aa74d1b7ebc9c982ccf2ec4968cc0cd55f12af4660c	ae5b66bdf04b4c010bfe32b2fc126ead2107b697634f6f7337b9bff8385ee111200095ece87dde4dbe87343f6df3b107d91798c8a7eb1245d3bb9c5aafb093358c13e6ae1111a55717e895fd15f99f07	72
v1-bit-28-7	3d4017c3e843895a92b70aa74d1b7ebc9c982ccf2ec4968cc0cd55f12af4660c	ae5b66bdf04b4c010bfe32b2fc126ead2107b697634f6f7337b9bff8f85ee111200095ece87dde4dbe87343f6df3b107d91798c8a7eb1245d3bb9c5aafb093358c13e6ae1111a55717e895fd15f99f07	72
v1-bit-29-0	3d4017c3e843895a92b70aa74d1b7ebc9c982ccf2ec4968cc0cd55f12af4660c	ae5b66bdf04b4c010bfe32b2fc126ead2107b697634f6f7337b9bff8785fe111200095ece87dde4dbe87343f6df3b107d91798c8a7eb1245d3bb9c5aafb093358c13e6ae1111a55717e895fd15f99f07	72
v1-bit-29-1	3d4017c3e843895a92b70aa74d1b7ebc9c982ccf2ec4968cc0cd55f12af4660c	ae5b66bdf04b4c010bfe32b2fc126ead2107b697634f6f7337b9bff8785ce111200095ece87dde4dbe87343f6df3b107d91798c8a7eb1245d3bb9c5aafb093358c13e6ae1111a55717e895fd15f99f07	72
v1-bit-29-2	3d4017c3e843895a92b70aa74d1b7ebc9c982ccf2ec4968cc0cd55f12af4660c	ae5b66bdf04b4c010bfe32b2fc126ead2107b697634f6f7337b9bff8785ae111200095ece87dde4dbe87343f6df3b107d91798c8a7eb1245d3bb9c5aafb093358c13e6ae1111a55717e895fd15f99f07	72
v1-bit-29-3	3d4017c3e843895a92b70aa74d1b7ebc9c982ccf2ec4968cc0cd55f12af4660c	ae5b66bdf04b4c010bfe32b2fc126ead2107b697634f6f7337b9bff87856e111200095ece87dde4dbe87343f6df3b107d91798c8a7eb1245d3bb9c5aafb093358c13e6ae1111a55717e895fd15f99f07	72
v1-bit-29-4	3d4017c3e843895a92b70aa74d1b7ebc9c982ccf2ec4968cc0cd55f12af4660c	ae5b66bdf04b4c010bfe32b2fc126ead2107b697634f6f7337b9bff8784ee111200095ece87dde4dbe87343f6df3b107d91798c8a7eb1245d3bb9c5aafb093358c13e6ae1111a55717e895fd15f99f07	72
v1-bit-29-5	3d4017c3e843895a92b70aa74d1b7ebc9c982ccf2ec4968cc0cd55f12af4660c	ae5b66bdf04b4c010bfe32b2fc126ead2107b697634f6f7337b9bff8787ee111200095ece87dde4dbe87343f6df3b107d91798c8a7eb1245d3bb9c5aafb093358c13e6ae1111a55717e895fd15f99f07	72
v1-bit-29-6	3d4017c3e843895a92b70aa74d1b7ebc9c982ccf2ec4968cc0cd55f12af4660c	ae5b66bdf04b4c010bfe32b2fc126ead2107b697634f6f7337b9bff8781ee111200095ece87dde4dbe87343f6df3b107d91798c8a7eb1245d3bb9c5aafb093358c13e6ae1111a55717e895fd15f99f07	72
v1-bit-29-7	3d4017c3e843895a92b70aa74d1b7ebc9c982ccf2ec4968cc0cd55f12af4660c	ae5b66bdf04b4c010bfe32b2fc126ead2107b697634f6f7337b9bff878dee111200095ece87dde4dbe87343f6df3b107d91798c8a7eb1245d3bb9c5aafb093358c13e6ae1111a55717e895fd15f99f07	72
v1-bit-30-0	3d4017c3e843895a92b70aa74d1b7ebc9c982ccf2ec4968cc0cd55f12af4660c	ae5b66bdf04b4c010bfe32b2fc126ead2107b697634f6f7337b9bff8785ee011200095ece87dde4dbe87343f6df3b107d91798c8a7eb1245d3bb9c5aafb093358c13e6ae1111a55717e895fd15f99f07	72
v1-bit-30-1	3d4017c3e843895a92b70aa74d1b7ebc9c982ccf2ec4968cc0cd55f12af4660c	ae5b66bdf04b4c010bfe32b2fc126ead2107b697634f6f7337b9bff8785ee311200095ece87dde4dbe87343f6df3b107d91798c8a7eb1245d3bb9c5aafb093358c13e6ae1111a55717e895fd15f99f07	72
v1-bit-30-2	3d4017c3e843895a92b70aa74d1b7ebc9c982ccf2ec4968cc0cd55f12af4660c	ae5b66bdf04b4c010bfe32b2fc126ead2107b697634f6f7337b9bff8785ee511200095ece87dde4dbe87343f6df3b107d91798c8a7eb1245d3bb9c5aafb093358c13e6ae1111a55717e895fd15f99f07	72
v1-bit-30-3	3d4017c3e843895a92b70aa74d1b7ebc9c982ccf2ec4968cc0cd55f12af4660c	ae5b66bdf04b4c010bfe32b2fc126ead2107b697634f6f7337b9bff8785ee911200095ece87dde4dbe87343f6df3b107d91798c8a7eb1245d3bb9c5aafb093358c13e6ae1111a55717e895fd15f99f07	72
v1-bit-30-4	3d4017c3e843895a92b70aa74d1b7ebc9c982ccf2ec4968cc0cd55f12af4660c	ae5b66bdf04b4c010bfe32b2fc126ead2107b697634f6f7337b9bff8785ef111200095ece87dde4dbe87343f6df3b107d91798c8a7eb1245d3bb9c5aafb093358c13e6ae1111a55717e895fd15f99f07	72
v1-bit-30-5	3d4017c3e843895a92b70aa74d1b7ebc9c982ccf2ec4968cc0cd55f12af4660c	ae5b66bdf04b4c010bfe32b2fc126ead2107b697634f6f7337b9bff8785ec111200095ece87dde4dbe87343f6df3b107d91798c8a7eb1245d3bb9c5aafb093358c13e6ae1111a55717e895fd15f99f07	72
v1-bit-30-6	3d4017c3e843895a92b70aa74d1b7ebc9c982ccf2ec4968cc0cd55f12af4660c	ae5b66bdf04b4c010bfe32b2fc126ead2107b697634f6f7337b9bff8785ea111200095ece87dde4dbe87343f6df3b107d91798c8a7eb1245d3bb9c5aafb093358c13e6ae1111a55717e895fd15f99f07	72
v1-bit-30-7	3d4017c3e843895a92b70aa74d1b7ebc9c982ccf2ec4968cc0cd55f12af4660c	ae5b66bdf04b4c010bfe32b2fc126ead2107b697634f6f7337b9bff8785e6111200095ece87dde4dbe87343f6df3b107d91798c8a7eb1245d3bb9c5aafb093358c13e6ae1111a55717e895fd15f99f07	72
v1-bit-31-0	3d4017c3e843895a92b70aa74d1b7ebc9c982ccf2ec4968cc0cd55f12af4660c	ae5b66bdf04b4c010bfe32b2fc126ead2107b697634f6f7337b9bff8785ee110200095ece87dde4dbe87343f6df3b107d91798c8a7eb1245d3bb9c5aafb093358c13e6ae1111a55717e895fd15f99f07	72
v1-bit-31-1	3d4017c3e843895a92b70aa74d1b7ebc9c982ccf2ec4968cc0cd55f12af4660c	ae5b66bdf04b4c010bfe32b2fc126ead2107b697634f6f7337b9bff8785ee113200095ece87dde4dbe87343f6df3b107d91798c8a7eb1245d3bb9c5aafb093358c13e6ae1111a55717e895fd15f99f07	72
v1-bit-31-2	3d4017c3e843895a92b70aa74d1b7ebc9c982ccf2ec4968cc0cd55f12af4660c	ae5b66bdf04b4c010bfe32b2fc126ead2107b697634f6f7337b9bff8785ee115200095ece87dde4dbe87343f6df3b107d91798c8a7eb1245d3bb9c5aafb093358c13e6ae1111a55717e895fd15f99f07	72
v1-bit-31-3	3d4017c3e843895a92b70aa74d1b7ebc9c982ccf2ec4968cc0cd55f12af4660c	ae5b66bdf04b4c010bfe32b2fc126ead2107b697634f6f7337b9bff8785ee119200095ece87dde4dbe87343f6df3b107d91798c8a7eb1245d3bb9c5aafb093358c13e6ae1111a55717e895fd15f99f07	72
v1-bit-31-4	3d4017c3e843895a92b70aa74d1b7ebc9c982ccf2ec4968cc0cd55f12af4660c	ae5b66bdf04b4c010bfe32b2fc126ead2107b697634f6f7337b9bff8785ee101200095ece87dde4dbe87343f6df3b107d91798c8a7eb1245d3bb9c5aafb093358c13e6ae1111a55717e895fd15f99f07	72
v1-bit-31-5	3d4017c3e843895a92b70aa74d1b7ebc9c982ccf2ec4968cc0cd55f12af4660c	ae5b66bdf04b4c010bfe32b2fc126ead2107b697634f6f7337b9bff8785ee131200095ece87dde4dbe87343f6df3b107d91798c8a7eb1245d3bb9c5aafb093358c13e6ae1111a55717e895fd15f99f07	72
v1-bit-31-6	3d4017c3e843895a92b70aa74d1b7ebc9c982ccf2ec4968cc0cd55f12af4660c	ae5b66bdf04b4c010bfe32b2fc126ead2107b697634f6f7337b9bff8785ee151200095ece87dde4dbe87343f6df3b107d91798c8a7eb1245d3bb9c5aafb093358c13e6ae1111a55717e895fd15f99f07	72
v1-bit-31-7	3d4017c3e843895a92b70aa74d1b7ebc9c982ccf2ec4968cc0cd55f12af4660c	ae5b66bdf04b4c010bfe32b2fc126ead2107b697634f6f7337b9bff8785ee191200095ece87dde4dbe87343f6df3b107d91798c8a7eb1245d3bb9c5aafb093358c13e6ae1111a55717e895fd15f99f07	72
v1-bit-32-0	3d4017c3e843895a92b70aa74d1b7ebc9c982ccf2ec4968cc0cd55f12af4660c	ae5b66bdf04b4c010bfe32b2fc126ead2107b697634f6f7337b9bff8785ee111210095ece87dde4dbe87343f6df3b107d91798c8a7eb1245d3bb9c5aafb093358c13e6ae1111a55717e895fd15f99f07	72
v1-bit-32-1	3d4017c3e843895a92b70aa74d1b7ebc9c982ccf2ec4968cc0cd55f12af4660c	ae5b66bdf04b4c010bfe32b2fc126ead2107b697634f6f7337b9bff8785ee111220095ece87dde4dbe87343f6df3b107d91798c8a7eb1245d3bb9c5aafb093358c13e6ae1111a55717e895fd15f99f07	72
v1-bit-32-2	3d4017c3e843895a92b70aa74d1b7ebc9c982ccf2ec4968cc0cd55f12af4660c	ae5b66bdf04b4c010bfe32b2fc126ead2107b697634f6f7337b9bff8785ee111240095ece87dde4dbe87343f6df3b107d91798c8a7eb1245d3bb9c5aafb093358c13e6ae1111a55717e895fd15f99f07	72
v1-bit-32-3	3d4017c3e843895a92b70aa74d1b7ebc9c982ccf2ec4968cc0cd55f12af4660c	ae5b66bdf04b4c010bfe32b2fc126ead2107b697634f6f7337b9bff8785ee111280095ece87dde4dbe87343f6df3b107d91798c8a7eb1245d3bb9c5aafb093358c13e6ae1111a55717e895fd15f99f07	72
v1-bit-32-4	3d4017c3e843895a92b70aa74d1b7ebc9c982ccf2ec4968cc0cd55f12af4660c	ae5b66bdf04b4c010bfe32b2fc126ead2107b697634f6f7337b9bff8785ee111300095ece87dde4dbe87343f6df3b107d91798c8a7eb1245d3bb9c5aafb093358c13e6ae1111a55717e895fd15f99f07	72
v1-bit-32-5	3d4017c3e843895a92b70aa74d1b7ebc9c982ccf2ec4968cc0cd55f12af4660c	ae5b66bdf04b4c010bfe32b2fc126ead2107b697634f6f7337b9bff8785ee111000095ece87dde4dbe87343f6df3b107d91798c8a7eb1245d3bb9c5aafb093358c13e6ae1111a55717e895fd15f99f07	72
v1-bit-32-6	3d4017c3e843895a92b70aa74d1b7ebc9c982ccf2ec4968cc0cd55f12af4660c	ae5b66bdf04b4c010bfe32b2fc126ead2107b697634f6f7337b9bff8785ee111600095ece87dde4dbe87343f6df3b107d91798c8a7eb1245d3bb9c5aafb093358c13e6ae1111a55717e895fd15f99f07	72
v1-bit-32-7	3d4017c3e843895a92b70aa74d1b7ebc9c982ccf2ec4968cc0cd55f12af4660c	ae5b66bdf04b4c010bfe32b2fc126ead2107b697634f6f7337b9bff8785ee111a00095ece87dde4dbe87343f6df3b107d91798c8a7eb1245d3bb9c5aafb093358c13e6ae1111a55717e895fd15f99f07	72
v1-bit-33-0	3d4017c3e843895a92b70aa74d1b7ebc9c982ccf2ec4968cc0cd55f12af4660c	ae5b66bdf04b4c010bfe32b2fc126ead2107b697634f6f7337b9bff8785ee111200195ece87dde4dbe87343f6df3b107d91798c8a7eb1245d3bb9c5aafb093358c13e6ae1111a55717e895fd15f99f07	72
v1-bit-33-1	3d4017c3e843895a92b70aa74d1b7ebc9c982ccf2ec4968cc0cd55f12af4660c	ae5b66bdf04b4c010bfe32b2fc126ead2107b697634f6f7337b9bff8785ee111200295ece87dde4dbe87343f6df3b107d91798c8a7eb1245d3bb9c5aafb093358c13e6ae1111a55717e895fd15f99f07	72
v1-bit-33-2	3d4017c3e843895a92b70aa74d1b7ebc9c982ccf2ec4968cc0cd55f12af4660c	ae5b66bdf04b4c010bfe32b2fc126ead2107b697634f6f7337b9bff8785ee111200495ece87dde4dbe87343f6df3b107d91798c8a7eb1245d3bb9c5aafb093358c13e6ae1111a55717e895fd15f99f07	72
v1-bit-33-3	3d4017c3e843895a92b70aa74d1b7ebc9c982ccf2ec4968cc0cd55f12af4660c	ae5b66bdf04b4c010bfe32b2fc126ead2107b697634f6f7337b9bff8785ee111200895ece87dde4dbe87343f6df3b107d91798c8a7eb1245d3bb9c5aafb093358c13e6ae1111a55717e895fd15f99f07	72
v1-bit-33-4	3d4017c3e843895a92b70aa74d1b7ebc9c982ccf2ec4968cc0cd55f12af4660c	ae5b66bdf04b4c010bfe32b2fc126ead2107b697634f6f7337b9bff8785ee111201095ece87dde4dbe87343f6df3b107d91798c8a7eb1245d3bb9c5aafb093358c13e6ae1111a55717e895fd15f99f07	72
v1-bit-33-5	3d4017c3e843895a92b70aa74d1b7ebc9c982ccf2ec4968cc0cd55f12af4660c	ae5b66bdf04b4c010bfe32b2fc126ead2107b697634f6f7337b9bff8785ee111202095ece87dde4dbe87343f6df3b107d91798c8a7eb1245d3bb9c5aafb093358c13e6ae1111a55717e895fd15f99f07	72
v1-bit-33-6	3d4017c3e843895a92b70aa74d1b7ebc9c982ccf2ec4968cc0cd55f12af4660c	ae5b66bdf04b4c010bfe32b2fc126ead2107b697634f6f7337b9bff8785ee111204095ece87dde4dbe87343f6df3b107d91798c8a7eb1245d3bb9c5aafb093358c13e6ae1111a55717e895fd15f99f07	72
v1-bit-33-7	3d4017c3e843895a92b70aa74d1b7ebc9c982ccf2ec4968cc0cd55f12af4660c	ae5b66bdf04b4c010bfe32b2fc126ead2107b697634f6f7337b9bff8785ee111208095ece87dde4dbe87343f6df3b107d91798c8a7eb1245d3bb9c5aafb093358c13e6ae1111a55717e895fd15f99f07	72
v1-bit-34-0	3d4017c3e843895a92b70aa74d1b7ebc9c982ccf2ec4968cc0cd55f12af4660c	ae5b66bdf04b4c010bfe32b2fc126ead2107b697634f6f7337b9bff8785ee111200094ece87dde4dbe87343f6df3b107d91798c8a7eb1245d3bb9c5aafb093358c13e6ae1111a55717e895fd15f99f07	72
v1-bit-34-1	3d4017c3e843895a92b70aa74d1b7ebc9c982ccf2ec4968cc0cd55f12af4660c	ae5b66bdf04b4c010bfe32b2fc126ead2107b697634f6f7337b9bff8785ee111200097ece87dde4dbe87343f6df3b107d91798c8a7eb1245d3bb9c5aafb093358c13e6ae1111a55717e895fd15f99f07	72
v1-bit-34-2	3d4017c3e843895a92b70aa74d1b7ebc9c982ccf2ec4968cc0cd55f12af4660c	ae5b66bdf04b4c010bfe32b2fc126ead2107b697634f6f7337b9bff8785ee111200091ece87dde4dbe87343f6df3b107d91798c8a7eb1245d3bb9c5aafb093358c13e6ae1111a55717e895fd15f99f07	72
v1-bit-34-3	3d4017c3e843895a92b70aa74d1b7ebc9c982ccf2ec4968cc0cd55f12af4660c	ae5b66bdf04b4c010bfe32b2fc126ead2107b697634f6f7337b9bff8785ee11120009dece87dde4dbe87343f6df3b107d91798c8a7eb1245d3bb9c5aafb093358c13e6ae1111a55717e895fd15f99f07	72
v1-bit-34-4	3d4017c3e843895a92b70aa74d1b7ebc9c982ccf2ec4968cc0cd55f12af4660c	ae5b66bdf04b4c010bfe32b2fc126ead2107b697634f6f7337b9bff8785ee111200085ece87dde4dbe87343f6df3b107d91798c8a7eb1245d3bb9c5aafb093358c13e6ae1111a55717e895fd15f99f07	72
v1-bit-34-5	3d4017c3e843895a92b70aa74d1b7ebc9c982ccf2ec4968cc0cd55f12af4660c	ae5b66bdf04b4c010bfe32b2fc126ead2107b697634f6f7337b9bff8785ee1112000b5ece87dde4dbe87343f6df3b107d91798c8a7eb1245d3bb9c5aafb093358c13e6ae1111a55717e895fd15f99f07	72
v1-bit-34-6	3d4017c3e843895a92b70aa74d1b7ebc9c982ccf2ec4968cc0cd55f12af4660c	ae5b66bdf04b4c010bfe32b2fc126ead2107b697634f6f7337b9bff8785ee1112000d5ece87dde4dbe87343f6df3b107d91798c8a7eb1245d3bb9c5aafb093358c13e6ae1111a55717e895fd15f99f07	72
v1-bit-34-7	3d4017c3e843895a92b70aa74d1b7ebc9c982ccf2ec4968cc0cd55f12af4660c	ae5b66bdf04b4c010bfe32b2fc126ead2107b697634f6f7337b9bff8785ee111200015ece87dde4dbe87343f6df3b107d91798c8a7eb1245d3bb9c5aafb093358c13e6ae1111a55717e895fd15f99f07	72
v1-bit-35-0	3d4017c3e843895a92b70aa74d1b7ebc9c982ccf2ec4968cc0cd55f12af4660c	ae5b66bdf04b4c010bfe32b2fc126ead2107b697634f6f7337b9bff8785ee111200095ede87dde4dbe87343f6df3b107d91798c8a7eb1245d3bb9c5aafb093358c13e6ae1111a55717e895fd15f99f07	72
v1-bit-35-1	3d4017c3e843895a92b70aa74d1b7ebc9c982ccf2ec4968cc0cd55f12af4660c	ae5b66bdf04b4c010bfe32b2fc126ead2107b697634f6f7337b9bff8785ee111200095eee87dde4dbe87343f6df3b107d91798c8a7eb1245d3bb9c5aafb093358c13e6ae1111a55717e895fd15f99f07	72
v1-bit-35-2	3d4017c3e843895a92b70aa74d1b7ebc9c982ccf2ec4968cc0cd55f12af4660c	ae5b66bdf04b4c010bfe32b2fc126ead2107b697634f6f7337b9bff8785ee111200095e8e87dde4dbe87343f6df3b107d91798c8a7eb1245d3bb9c5aafb093358c13e6ae1111a55717e895fd15f99f07	72
v1-bit-35-3	3d4017c3e843895a92b70aa74d1b7ebc9c982ccf2ec4968cc0cd55f12af4660c	ae5b66bdf04b4c010bfe32b2fc126ead2107b697634f6f7337b9bff8785ee111200095e4e87dde4dbe87343f6df3b107d91798c8a7eb1245d3bb9c5aafb093358c13e6ae1111a55717e895fd15f99f07	72
v1-bit-35-4	3d4017c3e843895a92b70aa74d1b7ebc9c982ccf2ec4968cc0cd55f12af4660c	ae5b66bdf04b4c010bfe32b2fc126ead2107b697634f6f7337b9bff8785ee111200095fce87dde4dbe87343f6df3b107d91798c8a7eb1245d3bb9c5aafb093358c13e6ae1111a55717e895fd15f99f07	72
v1-bit-35-5	3d4017c3e843895a92b70aa74d1b7ebc9c982ccf2ec4968cc0cd55f12af4660c	ae5b66bdf04b4c010bfe32b2fc126ead2107b697634f6f7337b9bff8785ee111200095cce87dde4dbe87343f6df3b107d91798c8a7eb1245d3bb9c5aafb093358c13e6ae1111a55717e895fd15f99f07	72
v1-bit-35-6	3d4017c3e843895a92b70aa74d1b7ebc9c982ccf2ec4968cc0cd55f12af4660c	ae5b66bdf04b4c010bfe32b2fc126ead2107b697634f6f7337b9bff8785ee111200095ace87dde4dbe87343f6df3b107d91798c8a7eb1245d3bb9c5aafb093358c13e6ae1111a55717e895fd15f99f07	72
v1-bit-35-7	3d4017c3e843895a92b70aa74d1b7ebc9c982ccf2ec4968cc0cd55f12af4660c	ae5b66bdf04b4c010bfe32b2fc126ead2107b697634f6f7337b9bff8785ee1112000956ce87dde4dbe87343f6df3b107d91798c8a7eb1245d3bb9c5aafb093358c13e6ae1111a55717e895fd15f99f07	72
v1-bit-36-0	3d4017c3e843895a92b70aa74d1b7ebc9c982ccf2ec4968cc0cd55f12af4660c	ae5b66bdf04b4c010bfe32b2fc126ead2107b697634f6f7337b9bff8785ee111200095ece97dde4dbe87343f6df3b107d91798c8a7eb1245d3bb9c5aafb093358c13e6ae1111a55717e895fd15f99f07	72
v1-bit-36-1	3d4017c3e843895a92b70aa74d1b7ebc9c982ccf2ec4968cc0cd55f12af4660c	ae5b66bdf04b4c010bfe32b2fc126ead2107b697634f6f7337b9bff8785ee111200095ecea7dde4dbe87343f6df3b107d91798c8a7eb1245d3bb9c5aafb093358c13e6ae1111a55717e895fd15f99f07	72
v1-bit-36-2	3d4017c3e843895a92b70aa74d1b7ebc9c982ccf2ec4968cc0cd55f12af4660c	ae5b66bdf04b4c010bfe32b2fc126ead2107b697634f6f7337b9bff8785ee111200095ecec7dde4dbe87343f6df3b107d91798c8a7eb1245d3bb9c5aafb093358c13e6ae1111a55717e895fd15f99f07	72
v1-bit-36-3	3d4017c3e843895a92b70aa74d1b7ebc9c982ccf2ec4968cc0cd55f12af4660c	ae5b66bdf04b4c010bfe32b2fc126ead2107b697634f6f7337b9bff8785ee111200095ece07dde4dbe87343f6df3b107d91798c8a7eb1245d3bb9c5aafb093358c13e6ae1111a55717e895fd15f99f07	72
v1-bit-36-4	3d4017c3e843895a92b70aa74d1b7ebc9c982ccf2ec4968cc0cd55f12af4660c	ae5b66bdf04b4c010bfe32b2fc126ead2107b697634f6f7337b9bff8785ee111200095ecf87dde4dbe87343f6df3b107d91798c8a7eb1245d3bb9c5aafb093358c13e6ae1111a55717e895fd15f99f07	72
v1-bit-36-5	3d4017c3e843895a92b70aa74d1b7ebc9c982ccf2ec4968cc0cd55f12af4660c	ae5b66bdf04b4c010bfe32b2fc126ead2107b697634f6f7337b9bff8785ee111200095ecc87dde4dbe87343f6df3b107d91798c8a7eb1245d3bb9c5aafb093358c13e6ae1111a55717e895fd15f99f07	72
v1-bit-36-6	3d4017c3e843895a92b70aa74d1b7ebc9c982ccf2ec4968cc0cd55f12af4660c	ae5b66bdf04b4c010bfe32b2fc126ead2107b697634f6f7337b9bff8785ee111200095eca87dde4dbe87343f6df3b107d91798c8a7eb1245d3bb9c5aafb093358c13e6ae1111a55717e895fd15f99f07	72
v1-bit-36-7	3d4017c3e843895a92b70aa74d1b7ebc9c982ccf2ec4968cc0cd55f12af4660c	ae5b66bdf04b4c010bfe32b2fc126ead2107b697634f6f7337b9bff8785ee111200095ec687dde4dbe87343f6df3b107d91798c8a7eb1245d3bb9c5aafb093358c13e6ae1111a55717e895fd15f99f07	72
v1-bit-37-0	3d4017c3e843895a92b70aa74d1b7ebc9c982ccf2ec4968cc0cd55f12af4660c	ae5b66bdf04b4c010bfe32b2fc126ead2107b697634f6f7337b9bff8785ee111200095ece87cde4dbe87343f6df3b107d91798c8a7eb1245d3bb9c5aafb093358c13e6ae1111a55717e895fd15f99f07	72
v1-bit-37-1	3d4017c3e843895a92b70aa74d1b7ebc9c982ccf2ec4968cc0cd55f12af4660c	ae5b66bdf04b4c010bfe32b2fc126ead2107b697634f6f7337b9bff8785ee111200095ece87fde4dbe87343f6df3b107d91798c8a7eb1245d3bb9c5aafb093358c13e6ae1111a55717e895fd15f99f07	72
v1-bit-37-2	3d4017c3e843895a92b70aa74d1b7ebc9c982ccf2ec4968cc0cd55f12af4660c	ae5b66bdf04b4c010bfe32b2fc126ead2107b697634f6f7337b9bff8785ee111200095ece879de4dbe87343f6df3b107d91798c8a7eb1245d3bb9c5aafb093358c13e6ae1111a55717e895fd15f99f07	72
v1-bit-37-3	3d4017c3e843895a92b70aa74d1b7ebc9c982ccf2ec4968cc0cd55f12af4660c	ae5b66bdf04b4c010bfe32b2fc126ead2107b697634f6f7337b9bff8785ee111200095ece875de4dbe87343f6df3b107d91798c8a7eb1245d3bb9c5aafb093358c13e6ae1111a55717e895fd15f99f07	72
v1-bit-37-4	3d4017c3e843895a92b70aa74d1b7ebc9c982ccf2ec4968cc0cd55f12af4660c	ae5b66bdf04b4c010bfe32b2fc126ead2107b697634f6f7337b9bff8785ee111200095ece86dde4dbe87343f6df3b107d91798c8a7eb1245d3bb9c5aafb093358c13e6ae1111a55717e895fd15f99f07	72
v1-bit-37-5	3d4017c3e843895a92b70aa74d1b7ebc9c982ccf2ec4968cc0cd55f12af4660c	ae5b66bdf04b4c010bfe32b2fc126ead2107b697634f6f7337b9bff8785ee111200095ece85dde4dbe87343f6df3b107d91798c8a7eb1245d3bb9c5aafb093358c13e6ae1111a55717e895fd15f99f07	72
v1-bit-37-6	3d4017c3e843895a92b70aa74d1b7ebc9c982ccf2ec4968cc0cd55f12af4660c	ae5b66bdf04b4c010bfe32b2fc126ead2107b697634f6f7337b9bff8785ee111200095ece83dde4dbe87343f6df3b107d91798c8a7eb1245d3bb9c5aafb093358c13e6ae1111a55717e895fd15f99f07	72
v1-bit-37-7	3d4017c3e843895a92b70aa74d1b7ebc9c982ccf2ec4968cc0cd55f12af4660c	ae5b66bdf04b4c010bfe32b2fc126ead2107b697634f6f7337b9bff8785ee111200095ece8fdde4dbe87343f6df3b107d91798c8a7eb1245d3bb9c5aafb093358c13e6ae1111a55717e895fd15f99f07	72
v1-bit-38-0	3d4017c3e843895a92b70aa74d1b7ebc9c982ccf2ec4968cc0cd55f12af4660c	ae5b66bdf04b4c010bfe32b2fc126ead2107b697634f6f7337b9bff8785ee111200095ece87ddf4dbe87343f6df3b107d91798c8a7eb1245d3bb9c5aafb093358c13e6ae1111a55717e895fd15f99f07	72
v1-bit-38-1	3d4017c3e843895a92b70aa74d1b7ebc9c982ccf2ec4968cc0cd55f12af4660c	ae5b66bdf04b4c010bfe32b2fc126ead2107b697634f6f7337b9bff8785ee111200095ece87ddc4dbe87343f6df3b107d91798c8a7eb1245d3bb9c5aafb093358c13e6ae1111a55717e895fd15f99f07	72
v1-bit-38-2	3d4017c3e843895a92b70aa74d1b7ebc9c982ccf2ec4968cc0cd55f12af4660c	ae5b66bdf04b4c010bfe32b2fc126ead2107b697634f6f7337b9bff8785ee111200095ece87dda4dbe87343f6df3b107d91798c8a7eb1245d3bb9c5aafb093358c13e6ae1111a55717e895fd15f99f07	72
v1-bit-38-3	3d4017c3e843895a92b70aa74d1b7ebc9c982ccf2ec4968cc0cd55f12af4660c	ae5b66bdf04b4c010bfe32b2fc126ead2107b697634f6f7337b9bff8785ee111200095ece87dd64dbe87343f6df3b107d91798c8a7eb1245d3bb9c5aafb093358c13e6ae1111a55717e895fd15f99f07	72
v1-bit-38-4	3d4017c3e843895a92b70aa74d1b7ebc9c982ccf2ec4968cc0cd55f12af4660c	ae5b66bdf04b4c010bfe32b2fc126ead2107b697634f6f7337b9bff8785ee111200095ece87dce4dbe87343f6df3b107d91798c8a7eb1245d3bb9c5aafb093358c13e6ae1111a55717e895fd15f99f07	72
v1-bit-38-5	3d4017c3e843895a92b70aa74d1b7ebc9c982ccf2ec4968cc0cd55f12af4660c	ae5b66bdf04b4c010bfe32b2fc126ead2107b697634f6f7337b9bff8785ee111200095ece87dfe4dbe87343f6df3b107d91798c8a7eb1245d3bb9c5aafb093358c13e6ae1111a55717e895fd15f99f07	72
v1-bit-38-6	3d4017c3e843895a92b70aa74d1b7ebc9c982ccf2ec4968cc0cd55f12af4660c	ae5b66bdf04b4c010bfe32b2fc126ead2107b697634f6f7337b9bff8785ee111200095ece87d9e4dbe87343f6df3b107d91798c8a7eb1245d3bb9c5aafb093358c13e6ae1111a55717e895fd15f99f07	72
v1-bit-38-7	3d4017c3e843895a92b70aa74d1b7ebc9c982ccf2ec4968cc0cd55f12af4660c	ae5b66bdf04b4c010bfe32b2fc126ead2107b697634f6f7337b9bff8785ee111200095ece87d5e4dbe87343f6df3b107d91798c8a7eb1245d3bb9c5aafb093358c13e6ae1111a55717e895fd15f99f07	72
v1-bit-39-0	3d4017c3e843895a92b70aa74d1b7ebc9c982ccf2ec4968cc0cd55f12af4660c	ae5b66bdf04b4c010bfe32b2fc126ead2107b697634f6f7337b9bff8785ee111200095ece87dde4cbe87343f6df3b107d91798c8a7eb1245d3bb9c5aafb093358c13e6ae1111a55717e895fd15f99f07	72
v1-bit-39-1	3d4017c3e843895a92b70aa74d1b7ebc9c982ccf2ec4968cc0cd55f12af4660c	ae5b66bdf04b4c010bfe32b2fc126ead2107b697634f6f7337b9bff8785ee111200095ece87dde4fbe87343f6df3b107d91798c8a7eb1245d3bb9c5aafb093358c13e6ae1111a55717e895fd15f99f07	72
v1-bit-39-2	3d4017c3e843895a92b70aa74d1b7ebc9c982ccf2ec4968cc0cd55f12af4660c	ae5b66bdf04b4c010bfe32b2fc126ead2107b697634f6f7337b9bff8785ee111200095ece87dde49be87343f6df3b107d91798c8a7eb1245d3bb9c5aafb093358c13e6ae1111a55717e895fd15f99f07	72
v1-bit-39-3	3d4017c3e843895a92b70aa74d1b7ebc9c982ccf2ec4968cc0cd55f12af4660c	ae5b66bdf04b4c010bfe32b2fc126ead2107b697634f6f7337b9bff8785ee111200095ece87dde45be87343f6df3b107d91798c8a7eb1245d3bb9c5aafb093358c13e6ae1111a55717e895fd15f99f07	72
v1-bit-39-4	3d4017c3e843895a92b70aa74d1b7ebc9c982ccf2ec4968cc0cd55f12af4660c	ae5b66bdf04b4c010bfe32b2fc126ead2107b697634f6f7337b9bff8785ee111200095ece87dde5dbe87343f6df3b107d91798c8a7eb1245d3bb9c5aafb093358c13e6ae1111a55717e895fd15f99f07	72
v1-bit-39-5	3d4017c3e843895a92b70aa74d1b7ebc9c982ccf2ec4968cc0cd55f12af4660c	ae5b66bdf04b4c010bfe32b2fc126ead2107b697634f6f7337b9bff8785ee111200095ece87dde6dbe87343f6df3b107d91798c8a7eb1245d3bb9c5aafb093358c13e6ae1111a55717e895fd15f99f07	72
v1-bit-39-6	3d4017c3e843895a92b70aa74d1b7ebc9c982ccf2ec4968cc0cd55f12af4660c	ae5b66bdf04b4c010bfe32b2fc126ead2107b697634f6f7337b9bff8785ee111200095ece87dde0dbe87343f6df3b107d91798c8a7eb1245d3bb9c5aafb093358c13e6ae1111a55717e895fd15f99f07	72
v1-bit-39-7	3d4017c3e843895a92b70aa74d1b7ebc9c982ccf2ec4968cc0cd55f12af4660c	ae5b66bdf04b4c010bfe32b2fc126ead2107b697634f6f7337b9bff8785ee111200095ece87ddecdbe87343f6df3b107d91798c8a7eb1245d3bb9c5aafb093358c13e6ae1111a55717e895fd15f99f07	72
v1-bit-40-0	3d4017c3e843895a92b70aa74d1b7ebc9c982ccf2ec4968cc0cd55f12af4660c	ae5b66bdf04b4c010bfe32b2fc126ead2107b697634f6f7337b9bff8785ee111200095ece87dde4dbf87343f6df3b107d91798c8a7eb1245d3bb9c5aafb093358c13e6ae1111a55717e895fd15f99f07	72
v1-bit-40-1	3d4017c3e843895a92b70aa74d1b7ebc9c982ccf2ec4968cc0cd55f12af4660c	ae5b66bdf04b4c010bfe32b2fc126ead2107b697634f6f7337b9bff8785ee111200095ece87dde4dbc87343f6df3b107d91798c8a7eb1245d3bb9c5aafb093358c13e6ae1111a55717e895fd15f99f07	72
v1-bit-40-2	3d4017c3e843895a92b70aa74d1b7ebc9c982ccf2ec4968cc0cd55f12af4660c	ae5b66bdf04b4c010bfe32b2fc126ead2107b697634f6f7337b9bff8785ee111200095ece87dde4dba87343f6df3b107d91798c8a7eb1245d3bb9c5aafb093358c13e6ae1111a55717e895fd15f99f07	72
v1-bit-40-3	3d4017c3e843895a92b70aa74d1b7ebc9c982ccf2ec4968cc0cd55f12af4660c	ae5b66bdf04b4c010bfe32b2fc126ead2107b697634f6f7337b9bff8785ee111200095ece87dde4db687343f6df3b107d91798c8a7eb1245d3bb9c5aafb093358c13e6ae1111a55717e895fd15f99f07	72
v1-bit-40-4	3d4017c3e843895a92b70aa74d1b7ebc9c982ccf2ec4968cc0cd55f12af4660c	ae5b66bdf04b4c010bfe32b2fc126ead2107b697634f6f7337b9bff8785ee111200095ece87dde4dae87343f6df3b107d91798c8a7eb1245d3bb9c5aafb093358c13e6ae1111a55717e895fd15f99f07	72
v1-bit-40-5	3d4017c3e843895a92b70aa74d1b7ebc9c982ccf2ec4968cc0cd55f12af4660c	ae5b66bdf04b4c010bfe32b2fc126ead2107b697634f6f7337b9bff8785ee111200095ece87dde4d9e87343f6df3b107d91798c8a7eb1245d3bb9c5aafb093358c13e6ae1111a55717e895fd15f99f07	72
v1-bit-40-6	3d4017c3e843895a92b70aa74d1b7ebc9c982ccf2ec4968cc0cd55f12af4660c	ae5b66bdf04b4c010bfe32b2fc126ead2107b697634f6f7337b9bff8785ee111200095ece87dde4dfe87343f6df3b107d91798c8a7eb1245d3bb9c5aafb093358c13e6ae1111a55717e895fd15f99f07	72
v1-bit-40-7	3d4017c3e843895a92b70aa74d1b7ebc9c982ccf2ec4968cc0cd55f12af4660c	ae5b66bdf04b4c010bfe32b2fc126ead2107b697634f6f7337b9bff8785ee111200095ece87dde4d3e87343f6df3b107d91798c8a7eb1245d3bb9c5aafb093358c13e6ae1111a55717e895fd15f99f07	72
v1-bit-41-0	3d4017c3e843895a92b70aa74d1b7ebc9c982ccf2ec4968cc0cd55f12af4660c	ae5b66bdf04b4c010bfe32b2fc126ead2107b697634f6f7337b9bff8785ee111200095ece87dde4dbe86343f6df3b107d91798c8a7eb1245d3bb9c5aafb093358c13e6ae1111a55717e895fd15f99f07	72
v1-bit-41-1	3d4017c3e843895a92b70aa74d1b7ebc9c982ccf2ec4968cc0cd55f12af4660c	ae5b66bdf04b4c010bfe32b2fc126ead2107b697634f6f7337b9bff8785ee111200095ece87dde4dbe85343f6df3b107d91798c8a7eb1245d3bb9c5aafb093358c13e6ae1111a55717e895fd15f99f07	72
v1-bit-41-2	3d4017c3e843895a92b70aa74d1b7ebc9c982ccf2ec4968cc0cd55f12af4660c	ae5b66bdf04b4c010bfe32b2fc126ead2107b697634f6f7337b9bff8785ee111200095ece87dde4dbe83343f6df3b107d91798c8a7eb1245d3bb9c5aafb093358c13e6ae1111a55717e895fd15f99f07	72
v1-bit-41-3	3d4017c3e843895a92b70aa74d1b7ebc9c982ccf2ec4968cc0cd55f12af4660c	ae5b66bdf04b4c010bfe32b2fc126ead2107b697634f6f7337b9bff8785ee111200095ece87dde4dbe8f343f6df3b107d91798c8a7eb1245d3bb9c5aafb093358c13e6ae1111a55717e895fd15f99f07	72
v1-bit-41-4	3d4017c3e843895a92b70aa74d1b7ebc9c982ccf2ec4968cc0cd55f12af4660c	ae5b66bdf04b4c010bfe32b2fc126ead2107b697634f6f7337b9bff8785ee111200095ece87dde4dbe97343f6df3b107d91798c8a7eb1245d3bb9c5aafb093358c13e6ae1111a55717e895fd15f99f07	72
v1-bit-41-5	3d4017c3e843895a92b70aa74d1b7ebc9c982ccf2ec4968cc0cd55f12af4660c	ae5b66bdf04b4c010bfe32b2fc126ead2107b697634f6f7337b9bff8785ee111200095ece87dde4dbea7343f6df3b107d91798c8a7eb1245d3bb9c5aafb093358c13e6ae1111a55717e895fd15f99f07	72
v1-bit-41-6	3d4017c3e843895a92b70aa74d1b7ebc9c982ccf2ec4968cc0cd55f12af4660c	ae5b66bdf04b4c010bfe32b2fc126ead2107b697634f6f7337b9bff8785ee111200095ece87dde4dbec7343f6df3b107d91798c8a7eb1245d3bb9c5aafb093358c13e6ae1111a55717e895fd15f99f07	72
v1-bit-41-7	3d4017c3e843895a92b70aa74d1b7ebc9c982ccf2ec4968cc0cd55f12af4660c	ae5b66bdf04b4c010bfe32b2fc126ead2107b697634f6f7337b9bff8785ee111200095ece87dde4dbe07343f6df3b107d91798c8a7eb1245d3bb9c5aafb093358c13e6ae1111a55717e895fd15f99f07	72
v1-bit-42-0	3d4017c3e843895a92b70aa74d1b7ebc9c982ccf2ec4968cc0cd55f12af4660c	ae5b66bdf04b4c010bfe32b2fc126ead2107b697634f6f7337b9bff8785ee111200095ece87dde4dbe87353f6df3b107d91798c8a7eb1245d3bb9c5aafb093358c13e6ae1111a55717e895fd15f99f07	72
v1-bit-42-1	3d4017c3e843895a92b70aa74d1b7ebc9c982ccf2ec4968cc0cd55f12af4660c	ae5b66bdf04b4c010bfe32b2fc126ead2107b697634f6f7337b9bff8785ee111200095ece87dde4dbe87363f6df3b107d91798c8a7eb1245d3bb9c5aafb093358c13e6ae1111a55717e895fd15f99f07	72
v1-bit-42-2	3d4017c3e843895a92b70aa74d1b7ebc9c982ccf2ec4968cc0cd55f12af4660c	ae5b66bdf04b4c010bfe32b2fc126ead2107b697634f6f7337b9bff8785ee111200095ece87dde4dbe87303f6df3b107d91798c8a7eb1245d3bb9c5aafb093358c13e6ae1111a55717e895fd15f99f07	72
v1-bit-42-3	3d4017c3e843895a92b70aa74d1b7ebc9c982ccf2ec4968cc0cd55f12af4660c	ae5b66bdf04b4c010bfe32b2fc126ead2107b697634f6f7337b9bff8785ee111200095ece87dde4dbe873c3f6df3b107d91798c8a7eb1245d3bb9c5aafb093358c13e6ae1111a55717e895fd15f99f07	72
v1-bit-42-4	3d4017c3e843895a92b70aa74d1b7ebc9c982ccf2ec4968cc0cd55f12af4660c	ae5b66bdf04b4c010bfe32b2fc126ead2107b697634f6f7337b9bff8785ee111200095ece87dde4dbe87243f6df3b107d91798c8a7eb1245d3bb9c5aafb093358c13e6ae1111a55717e895fd15f99f07	72
v1-bit-42-5	3d4017c3e843895a92b70aa74d1b7ebc9c982ccf2ec4968cc0cd55f12af4660c	ae5b66bdf04b4c010bfe32b2fc126ead2107b697634f6f7337b9bff8785ee111200095ece87dde4dbe87143f6df3b107d91798c8a7eb1245d3bb9c5aafb093358c13e6ae1111a55717e895fd15f99f07	72
v1-bit-42-6	3d4017c3e843895a92b70aa74d1b7ebc9c982ccf2ec4968cc0cd55f12af4660c	ae5b66bdf04b4c010bfe32b2fc126ead2107b697634f6f7337b9bff8785ee111200095ece87dde4dbe87743f6df3b107d91798c8a7eb1245d3bb9c5aafb093358c13e6ae1111a55717e895fd15f99f07	72
v1-bit-42-7	3d4017c3e843895a92b70aa74d1b7ebc9c982ccf2ec4968cc0cd55f12af4660c	ae5b66bdf04b4c010bfe32b2fc126ead2107b697634f6f7337b9bff8785ee111200095ece87dde4dbe87b43f6df3b107d91798c8a7eb1245d3bb9c5aafb093358c13e6ae1111a55717e895fd15f99f07	72
v1-bit-43-0	3d4017c3e843895a92b70aa74d1b7ebc9c982ccf2ec4968cc0cd55f12af4660c	ae5b66bdf04b4c010bfe32b2fc126ead2107b697634f6f7337b9bff8785ee111200095ece87dde4dbe87343e6df3b107d91798c8a7eb1245d3bb9c5aafb093358c13e6ae1111a55717e895fd15f99f07	72
v1-bit-43-1	3d4017c3e843895a92b70aa74d1b7ebc9c982ccf2ec4968cc0cd55f12af4660c	ae5b66bdf04b4c010bfe32b2fc126ead2107b697634f6f7337b9bff8785ee111200095ece87dde4dbe87343d6df3b107d91798c8a7eb1245d3bb9c5aafb093358c13e6ae1111a55717e895fd15f99f07	72
v1-bit-43-2	3d4017c3e843895a92b70aa74d1b7ebc9c982ccf2ec4968cc0cd55f12af4660c	ae5b66bdf04b4c010bfe32b2fc126ead2107b697634f6f7337b9bff8785ee111200095ece87dde4dbe87343b6df3b107d91798c8a7eb1245d3bb9c5aafb093358c13e6ae1111a55717e895fd15f99f07	72
v1-bit-43-3	3d4017c3e843895a92b70aa74d1b7ebc9c982ccf2ec4968cc0cd55f12af4660c	ae5b66bdf04b4c010bfe32b2fc126ead2107b697634f6f7337b9bff8785ee111200095ece87dde4dbe8734376df3b107d91798c8a7eb1245d3bb9c5aafb093358c13e6ae1111a55717e895fd15f99f07	72
v1-bit-43-4	3d4017c3e843895a92b70aa74d1b7ebc9c982ccf2ec4968cc0cd55f12af4660c	ae5b66bdf04b4c010bfe32b2fc126ead2107b697634f6f7337b9bff8785ee111200095ece87dde4dbe87342f6df3b107d91798c8a7eb1245d3bb9c5aafb093358c13e6ae1111a55717e895fd15f99f07	72
v1-bit-43-5	3d4017c3e843895a92b70aa74d1b7ebc9c982ccf2ec4968cc0cd55f12af4660c	ae5b66bdf04b4c010bfe32b2fc126ead2107b697634f6f7337b9bff8785ee111200095ece87dde4dbe87341f6df3b107d91798c8a7eb1245d3bb9c5aafb093358c13e6ae1111a55717e895fd15f99f07	72
v1-bit-43-6	3d4017c3e843895a92b70aa74d1b7ebc9c982ccf2ec4968cc0cd55f12af4660c	ae5b66bdf04b4c010bfe32b2fc126ead2107b697634f6f7337b9bff8785ee111200095ece87dde4dbe87347f6df3b107d91798c8a7eb1245d3bb9c5aafb093358c13e6ae1111a55717e895fd15f99f07	72
v1-bit-43-7	3d4017c3e843895a92b70aa74d1b7ebc9c982ccf2ec4968cc0cd55f12af4660c	ae5b66bdf04b4c010bfe32b2fc126ead2107b697634f6f7337b9bff8785ee111200095ece87dde4dbe8734bf6df3b107d91798c8a7eb1245d3bb9c5aafb093358c13e6ae1111a55717e895fd15f99f07	72
v1-bit-44-0	3d4017c3e843895a92b70aa74d1b7ebc9c982ccf2ec4968cc0cd55f12af4660c	ae5b66bdf04b4c010bfe32b2fc126ead2107b697634f6f7337b9bff8785ee111200095ece87dde4dbe87343f6cf3b107d91798c8a7eb1245d3bb9c5aafb093358c13e6ae1111a55717e895fd15f99f07	72
v1-bit-44-1	3d4017c3e843895a92b70aa74d1b7ebc9c982ccf2ec4968cc0cd55f12af4660c	ae5b66bdf04b4c010bfe32b2fc126ead2107b697634f6f7337b9bff8785ee111200095ece87dde4dbe87343f6ff3b107d91798c8a7eb1245d3bb9c5aafb093358c13e6ae1111a55717e895fd15f99f07	72
v1-bit-44-2	3d4017c3e843895a92b70aa74d1b7ebc9c982ccf2ec4968cc0cd55f12af4660c	ae5b66bdf04b4c010bfe32b2fc126ead2107b697634f6f7337b9bff8785ee111200095ece87dde4dbe87343f69f3b107d91798c8a7eb1245d3bb9c5aafb093358c13e6ae1111a55717e895fd15f99f07	72
v1-bit-44-3	3d4017c3e843895a92b70aa74d1b7ebc9c982ccf2ec4968cc0cd55f12af4660c	ae5b66bdf04b4c010bfe32b2fc126ead2107b697634f6f7337b9bff8785ee111200095ece87dde4dbe87343f65f3b107d91798c8a7eb1245d3bb9c5aafb093358c13e6ae1111a55717e895fd15f99f07	72
v1-bit-44-4	3d4017c3e843895a92b70aa74d1b7ebc9c982ccf2ec4968cc0cd55f12af4660c	ae5b66bdf04b4c010bfe32b2fc126ead2107b697634f6f7337b9bff8785ee111200095ece87dde4dbe87343f7df3b107d91798c8a7eb1245d3bb9c5aafb093358c13e6ae1111a55717e895fd15f99f07	72
v1-bit-44-5	3d4017c3e843895a92b70aa74d1b7ebc9c982ccf2ec4968cc0cd55f12af4660c	ae5b66bdf04b4c010bfe32b2fc126ead2107b697634f6f7337b9bff8785ee111200095ece87dde4dbe87343f4df3b107d91798c8a7eb1245d3bb9c5aafb093358c13e6ae1111a55717e895fd15f99f07	72
v1-bit-44-6	3d4017c3e843895a92b70aa74d1b7ebc9c982ccf2ec4968cc0cd55f12af4660c	ae5b66bdf04b4c010bfe32b2fc126ead2107b697634f6f7337b9bff8785ee111200095ece87dde4dbe87343f2df3b107d91798c8a7eb1245d3bb9c5aafb093358c13e6ae1111a55717e895fd15f99f07	72
v1-bit-44-7	3d4017c3e843895a92b70aa74d1b7ebc9c982ccf2ec4968cc0cd55f12af4660c	ae5b66bdf04b4c010bfe32b2fc126ead2107b697634f6f7337b9bff8785ee111200095ece87dde4dbe87343fedf3b107d91798c8a7eb1245d3bb9c5aafb093358c13e6ae1111a55717e895fd15f99f07	72
v1-bit-45-0	3d4017c3e843895a92b70aa74d1b7ebc9c982ccf2ec4968cc0cd55f12af4660c	ae5b66bdf04b4c010bfe32b2fc126ead2107b697634f6f7337b9bff8785ee111200095ece87dde4dbe87343f6df2b107d91798c8a7eb1245d3bb9c5aafb093358c13e6ae1111a55717e895fd15f99f07	72
v1-bit-45-1	3d4017c3e843895a92b70aa74d1b7ebc9c982ccf2ec4968cc0cd55f12af4660c	ae5b66bdf04b4c010bfe32b2fc126ead2107b697634f6f7337b9bff8785ee111200095ece87dde4dbe87343f6df1b107d91798c8a7eb1245d3bb9c5aafb093358c13e6ae1111a55717e895fd15f99f07	72
v1-bit-45-2	3d4017c3e843895a92b70aa74d1b7ebc9c982ccf2ec4968cc0cd55f12af4660c	ae5b66bdf04b4c010bfe32b2fc126ead2107b697634f6f7337b9bff8785ee111200095ece87dde4dbe87343f6df7b107d91798c8a7eb1245d3bb9c5aafb093358c13e6ae1111a55717e895fd15f99f07	72
v1-bit-45-3	3d4017c3e843895a92b70aa74d1b7ebc9c982ccf2ec4968cc0cd55f12af4660c	ae5b66bdf04b4c010bfe32b2fc126ead2107b697634f6f7337b9bff8785ee111200095ece87dde4dbe87343f6dfbb107d91798c8a7eb1245d3bb9c5aafb093358c13e6ae1111a55717e895fd15f99f07	72
v1-bit-45-4	3d4017c3e843895a92b70aa74d1b7ebc9c982ccf2ec4968cc0cd55f12af4660c	ae5b66bdf04b4c010bfe32b2fc126ead2107b697634f6f7337b9bff8785ee111200095ece87dde4dbe87343f6de3b107d91798c8a7eb1245d3bb9c5aafb093358c13e6ae1111a55717e895fd15f99f07	72
v1-bit-45-5	3d4017c3e843895a92b70aa74d1b7ebc9c982ccf2ec4968cc0cd55f12af4660c	ae5b66bdf04b4c010bfe32b2fc126ead2107b697634f6f7337b9bff8785ee111200095ece87dde4dbe87343f6dd3b107d91798c8a7eb1245d3bb9c5aafb093358c13e6ae1111a55717e895fd15f99f07	72
v1-bit-45-6	3d4017c3e843895a92b70aa74d1b7ebc9c982ccf2ec4968cc0cd55f12af4660c	ae5b66bdf04b4c010bfe32b2fc126ead2107b697634f6f7337b9bff8785ee111200095ece87dde4dbe87343f6db3b107d91798c8a7eb1245d3bb9c5aafb093358c13e6ae1111a55717e895fd15f99f07	72
v1-bit-45-7	3d4017c3e843895a92b70aa74d1b7ebc9c982ccf2ec4968cc0cd55f12af4660c	ae5b66bdf04b4c010bfe32b2fc126ead2107b697634f6f7337b9bff8785ee111200095ece87dde4dbe87343f6d73b107d91798c8a7eb1245d3bb9c5aafb093358c13e6ae1111a55717e895fd15f99f07	72
v1-bit-46-0	3d4017c3e843895a92b70aa74d1b7ebc9c982ccf2ec4968cc0cd55f12af4660c	ae5b66bdf04b4c010bfe32b2fc126ead2107b697634f6f7337b9bff8785ee111200095ece87dde4dbe87343f6df3b007d91798c8a7eb1245d3bb9c5aafb093358c13e6ae1111a55717e895fd15f99f07	72
v1-bit-46-1	3d4017c3e843895a92b70aa74d1b7ebc9c982ccf2ec4968cc0cd55f12af4660c	ae5b66bdf04b4c010bfe32b2fc126ead2107b697634f6f7337b9bff8785ee111200095ece87dde4dbe87343f6df3b307d91798c8a7eb1245d3bb9c5aafb093358c13e6ae1111a55717e895fd15f99f07	72
v1-bit-46-2	3d4017c3e843895a92b70aa74d1b7ebc9c982ccf2ec4968cc0cd55f12af4660c	ae5b66bdf04b4c010bfe32b2fc126ead2107b697634f6f7337b9bff8785ee111200095ece87dde4dbe87343f6df3b507d91798c8a7eb1245d3bb9c5aafb093358c13e6ae1111a55717e895fd15f99f07	72
v1-bit-46-3	3d4017c3e843895a92b70aa74d1b7ebc9c982ccf2ec4968cc0cd55f12af4660c	ae5b66bdf04b4c010bfe32b2fc126ead2107b697634f6f7337b9bff8785ee111200095ece87dde4dbe87343f6df3b907d91798c8a7eb1245d3bb9c5aafb093358c13e6ae1111a55717e895fd15f99f07	72
v1-bit-46-4	3d4017c3e843895a92b70aa74d1b7ebc9c982ccf2ec4968cc0cd55f12af4660c	ae5b66bdf04b4c010bfe32b2fc126ead2107b697634f6f7337b9bff8785ee111200095ece87dde4dbe87343f6df3a107d91798c8a7eb1245d3bb9c5aafb093358c13e6ae1111a55717e895fd15f99f07	72
v1-bit-46-5	3d4017c3e843895a92b70aa74d1b7ebc9c982ccf2ec4968cc0cd55f12af4660c	ae5b66bdf04b4c010bfe32b2fc126ead2107b697634f6f7337b9bff8785ee111200095ece87dde4dbe87343f6df39107d91798c8a7eb1245d3bb9c5aafb093358c13e6ae1111a55717e895fd15f99f07	72
v1-bit-46-6	3d4017c3e843895a92b70aa74d1b7ebc9c982ccf2ec4968cc0cd55f12af4660c	ae5b66bdf04b4c010bfe32b2fc126ead2107b697634f6f7337b9bff8785ee111200095ece87dde4dbe87343f6df3f107d91798c8a7eb1245d3bb9c5aafb093358c13e6ae1111a55717e895fd15f99f07	72
v1-bit-46-7	3d4017c3e843895a92b70aa74d1b7ebc9c982ccf2ec4968cc0cd55f12af4660c	ae5b66bdf04b4c010bfe32b2fc126ead2107b697634f6f7337b9bff8785ee111200095ece87dde4dbe87343f6df33107d91798c8a7eb1245d3bb9c5aafb093358c13e6ae1111a55717e895fd15f99f07	72
v1-bit-47-0	3d4017c3e843895a92b70aa74d1b7ebc9c982ccf2ec4968cc0cd55f12af4660c	ae5b66bdf04b4c010bfe32b2fc126ead2107b697634f6f7337b9bff8785ee111200095ece87dde4dbe87343f6df3b106d91798c8a7eb1245d3bb9c5aafb093358c13e6ae1111a55717e895fd15f99f07	72
v1-bit-47-1	3d4017c3e843895a92b70aa74d1b7ebc9c982ccf2ec4968cc0cd55f12af4660c	ae5b66bdf04b4c010bfe32b2fc126ead2107b697634f6f7337b9bff8785ee111200095ece87dde4dbe87343f6df3b105d91798c8a7eb1245d3bb9c5aafb093358c13e6ae1111a55717e895fd15f99f07	72
v1-bit-47-2	3d4017c3e843895a92b70aa74d1b7ebc9c982ccf2ec4968cc0cd55f12af4660c	ae5b66bdf04b4c010bfe32b2fc126ead2107b697634f6f7337b9bff8785ee111200095ece87dde4dbe87343f6df3b103d91798c8a7eb1245d3bb9c5aafb093358c13e6ae1111a55717e895fd15f99f07	72
v1-bit-47-3	3d4017c3e843895a92b70aa74d1b7ebc9c982ccf2ec4968cc0cd55f12af4660c	ae5b66bdf04b4c010bfe32b2fc126ead2107b697634f6f7337b9bff8785ee111200095ece87dde4dbe87343f6df3b10fd91798c8a7eb1245d3bb9c5aafb093358c13e6ae1111a55717e895fd15f99f07	72
v1-bit-47-4	3d4017c3e843895a92b70aa74d1b7ebc9c982ccf2ec4968cc0cd55f12af4660c	ae5b66bdf04b4c010bfe32b2fc126ead2107b697634f6f7337b9bff8785ee111200095ece87dde4dbe87343f6df3b117d91798c8a7eb1245d3bb9c5aafb093358c13e6ae1111a55717e895fd15f99f07	72
v1-bit-47-5	3d4017c3e843895a92b70aa74d1b7ebc9c982ccf2ec4968cc0cd55f12af4660c	ae5b66bdf04b4c010bfe32b2fc126ead2107b697634f6f7337b9bff8785ee111200095ece87dde4dbe87343f6df3b127d91798c8a7eb1245d3bb9c5aafb093358c13e6ae1111a55717e895fd15f99f07	72
v1-bit-47-6	3d4017c3e843895a92b70aa74d1b7ebc9c982ccf2ec4968cc0cd55f12af4660c	ae5b66bdf04b4c010bfe32b2fc126ead2107b697634f6f7337b9bff8785ee111200095ece87dde4dbe87343f6df3b147d91798c8a7eb1245d3bb9c5aafb093358c13e6ae1111a55717e895fd15f99f07	72
v1-bit-47-7	3d4017c3e843895a92b70aa74d1b7ebc9c982ccf2ec4968cc0cd55f12af4660c	ae5b66bdf04b4c010bfe32b2fc126ead2107b697634f6f7337b9bff8785ee111200095ece87dde4dbe87343f6df3b187d91798c8a7eb1245d3bb9c5aafb093358c13e6ae1111a55717e895fd15f99f07	72
v1-bit-48-0	3d4017c3e843895a92b70aa74d1b7ebc9c982ccf2ec4968cc0cd55f12af4660c	ae5b66bdf04b4c010bfe32b2fc126ead2107b697634f6f7337b9bff8785ee111200095ece87dde4dbe87343f6df3b107d81798c8a7eb1245d3bb9c5aafb093358c13e6ae1111a55717e895fd15f99f07	72
v1-bit-48-1	3d4017c3e843895a92b70aa74d1b7ebc9c982ccf2ec4968cc0cd55f12af4660c	ae5b66bdf04b4c010bfe32b2fc126ead2107b697634f6f7337b9bff8785ee111200095ece87dde4dbe87343f6df3b107db1798c8a7eb1245d3bb9c5aafb093358c13e6ae1111a55717e895fd15f99f07	72
v1-bit-48-2	3d4017c3e843895a92b70aa74d1b7ebc9c982ccf2ec4968cc0cd55f12af4660c	ae5b66bdf04b4c010bfe32b2fc126ead2107b697634f6f7337b9bff8785ee111200095ece87dde4dbe87343f6df3b107dd1798c8a7eb1245d3bb9c5aafb093358c13e6ae1111a55717e895fd15f99f07	72
v1-bit-48-3	3d4017c3e843895a92b70aa74d1b7ebc9c982ccf2ec4968cc0cd55f12af4660c	ae5b66bdf04b4c010bfe32b2fc126ead2107b697634f6f7337b9bff8785ee111200095ece87dde4dbe87343f6df3b107d11798c8a7eb1245d3bb9c5aafb093358c13e6ae1111a55717e895fd15f99f07	72
v1-bit-48-4	3d4017c3e843895a92b70aa74d1b7ebc9c982ccf2ec4968cc0cd55f12af4660c	ae5b66bdf04b4c010bfe32b2fc126ead2107b697634f6f7337b9bff8785ee111200095ece87dde4dbe87343f6df3b107c91798c8a7eb1245d3bb9c5aafb093358c13e6ae1111a55717e895fd15f99f07	72
v1-bit-48-5	3d4017c3e843895a92b70aa74d1b7ebc9c982ccf2ec4968cc0cd55f12af4660c	ae5b66bdf04b4c010bfe32b2fc126ead2107b697634f6f7337b9bff8785ee111200095ece87dde4dbe87343f6df3b107f91798c8a7eb1245d3bb9c5aafb093358c13e6ae1111a55717e895fd15f99f07	72
v1-bit-48-6	3d4017c3e843895a92b70aa74d1b7ebc9c982ccf2ec4968cc0cd55f12af4660c	ae5b66bdf04b4c010bfe32b2fc126ead2107b697634f6f7337b9bff8785ee111200095ece87dde4dbe87343f6df3b107991798c8a7eb1245d3bb9c5aafb093358c13e6ae1111a55717e895fd15f99f07	72
v1-bit-48-7	3d4017c3e843895a92b70aa74d1b7ebc9c982ccf2ec4968cc0cd55f12af4660c	ae5b66bdf04b4c010bfe32b2fc126ead2107b697634f6f7337b9bff8785ee111200095ece87dde4dbe87343f6df3b107591798c8a7eb1245d3bb9c5aafb093358c13e6ae1111a55717e895fd15f99f07	72
v1-bit-49-0	3d4017c3e843895a92b70aa74d1b7ebc9c982ccf2ec4968cc0cd55f12af4660c	ae5b66bdf04b4c010bfe32b2fc126ead2107b697634f6f7337b9bff8785ee111200095ece87dde4dbe87343f6df3b107d91698c8a7eb1245d3bb9c5aafb093358c13e6ae1111a55717e895fd15f99f07	72
v1-bit-49-1	3d4017c3e843895a92b70aa74d1b7ebc9c982ccf2ec4968cc0cd55f12af4660c	ae5b66bdf04b4c010bfe32b2fc126ead2107b697634f6f7337b9bff8785ee111200095ece87dde4dbe87343f6df3b107d91598c8a7eb1245d3bb9c5aafb093358c13e6ae1111a55717e895fd15f99f07	72
v1-bit-49-2	3d4017c3e843895a92b70aa74d1b7ebc9c982ccf2ec4968cc0cd55f12af4660c	ae5b66bdf04b4c010bfe32b2fc126ead2107b697634f6f7337b9bff8785ee111200095ece87dde4dbe87343f6df3b107d91398c8a7eb1245d3bb9c5aafb093358c13e6ae1111a55717e895fd15f99f07	72
v1-bit-49-3	3d4017c3e843895a92b70aa74d1b7ebc9c982ccf2ec4968cc0cd55f12af4660c	ae5b66bdf04b4c010bfe32b2fc126ead2107b697634f6f7337b9bff8785ee111200095ece87dde4dbe87343f6df3b107d91f98c8a7eb1245d3bb9c5aafb093358c13e6ae1111a55717e895fd15f99f07	72
v1-bit-49-4	3d4017c3e843895a92b70aa74d1b7ebc9c982ccf2ec4968cc0cd55f12af4660c	ae5b66bdf04b4c010bfe32b2fc126ead2107b697634f6f7337b9bff8785ee111200095ece87dde4dbe87343f6df3b107d90798c8a7eb1245d3bb9c5aafb093358c13e6ae1111a55717e895fd15f99f07	72
v1-bit-49-5	3d4017c3e843895a92b70aa74d1b7ebc9c982ccf2ec4968cc0cd55f12af4660c	ae5b66bdf04b4c010bfe32b2fc126ead2107b697634f6f7337b9bff8785ee111200095ece87dde4dbe87343f6df3b107d93798c8a7eb1245d3bb9c5aafb093358c13e6ae1111a55717e895fd15f99f07	72
v1-bit-49-6	3d4017c3e843895a92b70aa74d1b7ebc9c982ccf2ec4968cc0cd55f12af4660c	ae5b66bdf04b4c010bfe32b2fc126ead2107b697634f6f7337b9bff8785ee111200095ece87dde4dbe87343f6df3b107d95798c8a7eb1245d3bb9c5aafb093358c13e6ae1111a55717e895fd15f99f07	72
v1-bit-49-7	3d4017c3e843895a92b70aa74d1b7ebc9c982ccf2ec4968cc0cd55f12af4660c	ae5b66bdf04b4c010bfe32b2fc126ead2107b697634f6f7337b9bff8785ee111200095ece87dde4dbe87343f6df3b107d99798c8a7eb1245d3bb9c5aafb093358c13e6ae1111a55717e895fd15f99f07	72
v1-bit-50-0	3d4017c3e843895a92b70aa74d1b7ebc9c982ccf2ec4968cc0cd55f12af4660c	ae5b66bdf04b4c010bfe32b2fc126ead2107b697634f6f7337b9bff8785ee111200095ece87dde4dbe87343f6df3b107d91799c8a7eb1245d3bb9c5aafb093358c13e6ae1111a55717e895fd15f99f07	72
v1-bit-50-1	3d4017c3e843895a92b70aa74d1b7ebc9c982ccf2ec4968cc0cd55f12af4660c	ae5b66bdf04b4c010bfe32b2fc126ead2107b697634f6f7337b9bff8785ee111200095ece87dde4dbe87343f6df3b107d9179ac8a7eb1245d3bb9c5aafb093358c13e6ae1111a55717e895fd15f99f07	72
v1-bit-50-2	3d4017c3e843895a92b70aa74d1b7ebc9c982ccf2ec4968cc0cd55f12af4660c	ae5b66bdf04b4c010bfe32b2fc126ead2107b697634f6f7337b9bff8785ee111200095ece87dde4dbe87343f6df3b107d9179cc8a7eb1245d3bb9c5aafb093358c13e6ae1111a55717e895fd15f99f07	72
v1-bit-50-3	3d4017c3e843895a92b70aa74d1b7ebc9c982ccf2ec4968cc0cd55f12af4660c	ae5b66bdf04b4c010bfe32b2fc126ead2107b697634f6f7337b9bff8785ee111200095ece87dde4dbe87343f6df3b107d91790c8a7eb1245d3bb9c5aafb093358c13e6ae1111a55717e895fd15f99f07	72
v1-bit-50-4	3d4017c3e843895a92b70aa74d1b7ebc9c982ccf2ec4968cc0cd55f12af4660c	ae5b66bdf04b4c010bfe32b2fc126ead2107b697634f6f7337b9bff8785ee111200095ece87dde4dbe87343f6df3b107d91788c8a7eb1245d3bb9c5aafb093358c13e6ae1111a55717e895fd15f99f07	72
v1-bit-50-5	3d4017c3e843895a92b70aa74d1b7ebc9c982ccf2ec4968cc0cd55f12af4660c	ae5b66bdf04b4c010bfe32b2fc126ead2107b697634f6f7337b9bff8785ee111200095ece87dde4dbe87343f6df3b107d917b8c8a7eb1245d3bb9c5aafb093358c13e6ae1111a55717e895fd15f99f07	72
v1-bit-50-6	3d4017c3e843895a92b70aa74d1b7ebc9c982ccf2ec4968cc0cd55f12af4660c	ae5b66bdf04b4c010bfe32b2fc126ead2107b697634f6f7337b9bff8785ee111200095ece87dde4dbe87343f6df3b107d917d8c8a7eb1245d3bb9c5aafb093358c13e6ae1111a55717e895fd15f99f07	72
v1-bit-50-7	3d4017c3e843895a92b70aa74d1b7ebc9c982ccf2ec4968cc0cd55f12af4660c	ae5b66bdf04b4c010bfe32b2fc126ead2107b697634f6f7337b9bff8785ee111200095ece87dde4dbe87343f6df3b107d91718c8a7eb1245d3bb9c5aafb093358c13e6ae1111a55717e895fd15f99f07	72
v1-bit-51-0	3d4017c3e843895a92b70aa74d1b7ebc9c982ccf2ec4968cc0cd55f12af4660c	ae5b66bdf04b4c010bfe32b2fc126ead2107b697634f6f7337b9bff8785ee111200095ece87dde4dbe87343f6df3b107d91798c9a7eb1245d3bb9c5aafb093358c13e6ae1111a55717e895fd15f99f07	72
v1-bit-51-1	3d4017c3e843895a92b70aa74d1b7ebc9c982ccf2ec4968cc0cd55f12af4660c	ae5b66bdf04b4c010bfe32b2fc126ead2107b697634f6f7337b9bff8785ee111200095ece87dde4dbe87343f6df3b107d91798caa7eb1245d3bb9c5aafb093358c13e6ae1111a55717e895fd15f99f07	72
v1-bit-51-2	3d4017c3e843895a92b70aa74d1b7ebc9c982ccf2ec4968cc0cd55f12af4660c	ae5b66bdf04b4c010bfe32b2fc126ead2107b697634f6f7337b9bff8785ee111200095ece87dde4dbe87343f6df3b107d91798cca7eb1245d3bb9c5aafb093358c13e6ae1111a55717e895fd15f99f07	72
v1-bit-51-3	3d4017c3e843895a92b70aa74d1b7ebc9c982ccf2ec4968cc0cd55f12af4660c	ae5b66bdf04b4c010bfe32b2fc126ead2107b697634f6f7337b9bff8785ee111200095ece87dde4dbe87343f6df3b107d91798c0a7eb1245d3bb9c5aafb093358c13e6ae1111a55717e895fd15f99f07	72
v1-bit-51-4	3d4017c3e843895a92b70aa74d1b7ebc9c982ccf2ec4968cc0cd55f12af4660c	ae5b66bdf04b4c010bfe32b2fc126ead2107b697634f6f7337b9bff8785ee111200095ece87dde4dbe87343f6df3b107d91798d8a7eb1245d3bb9c5aafb093358c13e6ae1111a55717e895fd15f99f07	72
v1-bit-51-5	3d4017c3e843895a92b70aa74d1b7ebc9c982ccf2ec4968cc0cd55f12af4660c	ae5b66bdf04b4c010bfe32b2fc126ead2107b697634f6f7337b9bff8785ee111200095ece87dde4dbe87343f6df3b107d91798e8a7eb1245d3bb9c5aafb093358c13e6ae1111a55717e895fd15f99f07	72
v1-bit-51-6	3d4017c3e843895a92b70aa74d1b7ebc9c982ccf2ec4968cc0cd55f12af4660c	ae5b66bdf04b4c010bfe32b2fc126ead2107b697634f6f7337b9bff8785ee111200095ece87dde4dbe87343f6df3b107d9179888a7eb1245d3bb9c5aafb093358c13e6ae1111a55717e895fd15f99f07	72
v1-bit-51-7	3d4017c3e843895a92b70aa74d1b7ebc9c982ccf2ec4968cc0cd55f12af4660c	ae5b66bdf04b4c010bfe32b2fc126ead2107b697634f6f7337b9bff8785ee111200095ece87dde4dbe87343f6df3b107d9179848a7eb1245d3bb9c5aafb093358c13e6ae1111a55717e895fd15f99f07	72
v1-bit-52-0	3d4017c3e843895a92b70aa74d1b7ebc9c982ccf2ec4968cc0cd55f12af4660c	ae5b66bdf04b4c010bfe32b2fc126ead2107b697634f6f7337b9bff8785ee111200095ece87dde4dbe87343f6df3b107d91798c8a6eb1245d3bb9c5aafb093358c13e6ae1111a55717e895fd15f99f07	72
v1-bit-52-1	3d4017c3e843895a92b70aa74d1b7ebc9c982ccf2ec4968cc0cd55f12af4660c	ae5b66bdf04b4c010bfe32b2fc126ead2107b697634f6f7337b9bff8785ee111200095ece87dde4dbe87343f6df3b107d91798c8a5eb1245d3bb9c5aafb093358c13e6ae1111a55717e895fd15f99f07	72
v1-bit-52-2	3d4017c3e843895a92b70aa74d1b7ebc9c982ccf2ec4968cc0cd55f12af4660c	ae5b66bdf04b4c010bfe32b2fc126ead2107b697634f6f7337b9bff8785ee111200095ece87dde4dbe87343f6df3b107d91798c8a3eb1245d3bb9c5aafb093358c13e6ae1111a55717e895fd15f99f07	72
v1-bit-52-3	3d4017c3e843895a92b70aa74d1b7ebc9c982ccf2ec4968cc0cd55f12af4660c	ae5b66bdf04b4c010bfe32b2fc126ead2107b697634f6f7337b9bff8785ee111200095ece87dde4dbe87343f6df3b107d91798c8afeb1245d3bb9c5aafb093358c13e6ae1111a55717e895fd15f99f07	72
v1-bit-52-4	3d4017c3e843895a92b70aa74d1b7ebc9c982ccf2ec4968cc0cd55f12af4660c	ae5b66bdf04b4c010bfe32b2fc126ead2107b697634f6f7337b9bff8785ee111200095ece87dde4dbe87343f6df3b107d91798c8b7eb1245d3bb9c5aafb093358c13e6ae1111a55717e895fd15f99f07	72
v1-bit-52-5	3d4017c3e843895a92b70aa74d1b7ebc9c982ccf2ec4968cc0cd55f12af4660c	ae5b66bdf04b4c010bfe32b2fc126ead2107b697634f6f7337b9bff8785ee111200095ece87dde4dbe87343f6df3b107d91798c887eb1245d3bb9c5aafb093358c13e6ae1111a55717e895fd15f99f07	72
v1-bit-52-6	3d4017c3e843895a92b70aa74d1b7ebc9c982ccf2ec4968cc0cd55f12af4660c	ae5b66bdf04b4c010bfe32b2fc126ead2107b697634f6f7337b9bff8785ee111200095ece87dde4dbe87343f6df3b107d91798c8e7eb1245d3bb9c5aafb093358c13e6ae1111a55717e895fd15f99f07	72
v1-bit-52-7	3d4017c3e843895a92b70aa74d1b7ebc9c982ccf2ec4968cc0cd55f12af4660c	ae5b66bdf04b4c010bfe32b2fc126ead2107b697634f6f7337b9bff8785ee111200095ece87dde4dbe87343f6df3b107d91798c827eb1245d3bb9c5aafb093358c13e6ae1111a55717e895fd15f99f07	72
v1-bit-53-0	3d4017c3e843895a92b70aa74d1b7ebc9c982ccf2ec4968cc0cd55f12af4660c	ae5b66bdf04b4c010bfe32b2fc126ead2107b697634f6f7337b9bff8785ee111200095ece87dde4dbe87343f6df3b107d91798c8a7ea1245d3bb9c5aafb093358c13e6ae1111a55717e895fd15f99f07	72
v1-bit-53-1	3d4017c3e843895a92b70aa74d1b7ebc9c982ccf2ec4968cc0cd55f12af4660c	ae5b66bdf04b4c010bfe32b2fc126ead2107b697634f6f7337b9bff8785ee111200095ece87dde4dbe87343f6df3b107d91798c8a7e91245d3bb9c5aafb093358c13e6ae1111a55717e895fd15f99f07	72
v1-bit-53-2	3d4017c3e843895a92b70aa74d1b7ebc9c982ccf2ec4968cc0cd55f12af4660c	ae5b66bdf04b4c010bfe32b2fc126ead2107b697634f6f7337b9bff8785ee111200095ece87dde4dbe87343f6df3b107d91798c8a7ef1245d3bb9c5aafb093358c13e6ae1111a55717e895fd15f99f07	72
v1-bit-53-3	3d4017c3e843895a92b70aa74d1b7ebc9c982ccf2ec4968cc0cd55f12af4660c	ae5b66bdf04b4c010bfe32b2fc126ead2107b697634f6f7337b9bff8785ee111200095ece87dde4dbe87343f6df3b107d91798c8a7e31245d3bb9c5aafb093358c13e6ae1111a55717e895fd15f99f07	72
v1-bit-53-4	3d4017c3e843895a92b70aa74d1b7ebc9c982ccf2ec4968cc0cd55f12af4660c	ae5b66bdf04b4c010bfe32b2fc126ead2107b697634f6f7337b9bff8785ee111200095ece87dde4dbe87343f6df3b107d91798c8a7fb1245d3bb9c5aafb093358c13e6ae1111a55717e895fd15f99f07	72
v1-bit-53-5	3d4017c3e843895a92b70aa74d1b7ebc9c982ccf2ec4968cc0cd55f12af4660c	ae5b66bdf04b4c010bfe32b2fc126ead2107b697634f6f7337b9bff8785ee111200095ece87dde4dbe87343f6df3b107d91798c8a7cb1245d3bb9c5aafb093358c13e6ae1111a55717e895fd15f99f07	72
v1-bit-53-6	3d4017c3e843895a92b70aa74d1b7ebc9c982ccf2ec4968cc0cd55f12af4660c	ae5b66bdf04b4c010bfe32b2fc126ead2107b697634f6f7337b9bff8785ee111200095ece87dde4dbe87343f6df3b107d91798c8a7ab1245d3bb9c5aafb093358c13e6ae1111a55717e895fd15f99f07	72
v1-bit-53-7	3d4017c3e843895a92b70aa74d1b7ebc9c982ccf2ec4968cc0cd55f12af4660c	ae5b66bdf04b4c010bfe32b2fc126ead2107b697634f6f7337b9bff8785ee111200095ece87dde4dbe87343f6df3b107d91798c8a76b1245d3bb9c5aafb093358c13e6ae1111a55717e895fd15f99f07	72
v1-bit-54-0	3d4017c3e843895a92b70aa74d1b7ebc9c982ccf2ec4968cc0cd55f12af4660c	ae5b66bdf04b4c010bfe32b2fc126ead2107b697634f6f7337b9bff8785ee111200095ece87dde4dbe87343f6df3b107d91798c8a7eb1345d3bb9c5aafb093358c13e6ae1111a55717e895fd15f99f07	72
v1-bit-54-1	3d4017c3e843895a92b70aa74d1b7ebc9c982ccf2ec4968cc0cd55f12af4660c	ae5b66bdf04b4c010bfe32b2fc126ead2107b697634f6f7337b9bff8785ee111200095ece87dde4dbe87343f6df3b107d91798c8a7eb1045d3bb9c5aafb093358c13e6ae1111a55717e895fd15f99f07	72
v1-bit-54-2	3d4017c3e843895a92b70aa74d1b7ebc9c982ccf2ec4968cc0cd55f12af4660c	ae5b66bdf04b4c010bfe32b2fc126ead2107b697634f6f7337b9bff8785ee111200095ece87dde4dbe87343f6df3b107d91798c8a7eb1645d3bb9c5aafb093358c13e6ae1111a55717e895fd15f99f07	72
v1-bit-54-3	3d4017c3e843895a92b70aa74d1b7ebc9c982ccf2ec4968cc0cd55f12af4660c	ae5b66bdf04b4c010bfe32b2fc126ead2107b697634f6f7337b9bff8785ee111200095ece87dde4dbe87343f6df3b107d91798c8a7eb1a45d3bb9c5aafb093358c13e6ae1111a55717e895fd15f99f07	72
v1-bit-54-4	3d4017c3e843895a92b70aa74d1b7ebc9c982ccf2ec4968cc0cd55f12af4660c	ae5b66bdf04b4c010bfe32b2fc126ead2107b697634f6f7337b9bff8785ee111200095ece87dde4dbe87343f6df3b107d91798c8a7eb0245d3bb9c5aafb093358c13e6ae1111a55717e895fd15f99f07	72
v1-bit-54-5	3d4017c3e843895a92b70aa74d1b7ebc9c982ccf2ec4968cc0cd55f12af4660c	ae5b66bdf04b4c010bfe32b2fc126ead2107b697634f6f7337b9bff8785ee111200095ece87dde4dbe87343f6df3b107d91798c8a7eb3245d3bb9c5aafb093358c13e6ae1111a55717e895fd15f99f07	72
v1-bit-54-6	3d4017c3e843895a92b70aa74d1b7ebc9c982ccf2ec4968cc0cd55f12af4660c	ae5b66bdf04b4c010bfe32b2fc126ead2107b697634f6f7337b9bff8785ee111200095ece87dde4dbe87343f6df3b107d91798c8a7eb5245d3bb9c5aafb093358c13e6ae1111a55717e895fd15f99f07	72
v1-bit-54-7	3d4017c3e843895a92b70aa74d1b7ebc9c982ccf2ec4968cc0cd55f12af4660c	ae5b66bdf04b4c010bfe32b2fc126ead2107b697634f6f7337b9bff8785ee111200095ece87dde4dbe87343f6df3b107d91798c8a7eb9245d3bb9c5aafb093358c13e6ae1111a55717e895fd15f99f07	72
v1-bit-55-0	3d4017c3e843895a92b70aa74d1b7ebc9c982ccf2ec4968cc0cd55f12af4660c	ae5b66bdf04b4c010bfe32b2fc126ead2107b697634f6f7337b9bff8785ee111200095ece87dde4dbe87343f6df3b107d91798c8a7eb1244d3bb9c5aafb093358c13e6ae1111a55717e895fd15f99f07	72
v1-bit-55-1	3d4017c3e843895a92b70aa74d1b7ebc9c982ccf2ec4968cc0cd55f12af4660c	ae5b66bdf04b4c010bfe32b2fc126ead2107b697634f6f7337b9bff8785ee111200095ece87dde4dbe87343f6df3b107d91798c8a7eb1247d3bb9c5aafb093358c13e6ae1111a55717e895fd15f99f07	72
v1-bit-55-2	3d4017c3e843895a92b70aa74d1b7ebc9c982ccf2ec4968cc0cd55f12af4660c	ae5b66bdf04b4c010bfe32b2fc126ead2107b697634f6f7337b9bff8785ee111200095ece87dde4dbe87343f6df3b107d91798c8a7eb1241d3bb9c5aafb093358c13e6ae1111a55717e895fd15f99f07	72
v1-bit-55-3	3d4017c3e843895a92b70aa74d1b7ebc9c982ccf2ec4968cc0cd55f12af4660c	ae5b66bdf04b4c010bfe32b2fc126ead2107b697634f6f7337b9bff8785ee111200095ece87dde4dbe87343f6df3b107d91798c8a7eb124dd3bb9c5aafb093358c13e6ae1111a55717e895fd15f99f07	72
v1-bit-55-4	3d4017c3e843895a92b70aa74d1b7ebc9c982ccf2ec4968cc0cd55f12af4660c	ae5b66bdf04b4c010bfe32b2fc126ead2107b697634f6f7337b9bff8785ee111200095ece87dde4dbe87343f6df3b107d91798c8a7eb1255d3bb9c5aafb093358c13e6ae1111a55717e895fd15f99f07	72
v1-bit-55-5	3d4017c3e843895a92b70aa74d1b7ebc9c982ccf2ec4968cc0cd55f12af4660c	ae5b66bdf04b4c010bfe32b2fc126ead2107b697634f6f7337b9bff8785ee111200095ece87dde4dbe87343f6df3b107d91798c8a7eb1265d3bb9c5aafb093358c13e6ae1111a55717e895fd15f99f07	72
v1-bit-55-6	3d4017c3e843895a92b70aa74d1b7ebc9c982ccf2ec4968cc0cd55f12af4660c	ae5b66bdf04b4c010bfe32b2fc126ead2107b697634f6f7337b9bff8785ee111200095ece87dde4dbe87343f6df3b107d91798c8a7eb1205d3bb9c5aafb093358c13e6ae1111a55717e895fd15f99f07	72
v1-bit-55-7	3d4017c3e843895a92b70aa74d1b7ebc9c982ccf2ec4968cc0cd55f12af4660c	ae5b66bdf04b4c010bfe32b2fc126ead2107b697634f6f7337b9bff8785ee111200095ece87dde4dbe87343f6df3b107d91798c8a7eb12c5d3bb9c5aafb093358c13e6ae1111a55717e895fd15f99f07	72
v1-bit-56-0	3d4017c3e843895a92b70aa74d1b7ebc9c982ccf2ec4968cc0cd55f12af4660c	ae5b66bdf04b4c010bfe32b2fc126ead2107b697634f6f7337b9bff8785ee111200095ece87dde4dbe87343f6df3b107d91798c8a7eb1245d2bb9c5aafb093358c13e6ae1111a55717e895fd15f99f07	72
v1-bit-56-1	3d4017c3e843895a92b70aa74d1b7ebc9c982ccf2ec4968cc0cd55f12af4660c	ae5b66bdf04b4c010bfe32b2fc126ead2107b697634f6f7337b9bff8785ee111200095ece87dde4dbe87343f6df3b107d91798c8a7eb1245d1bb9c5aafb093358c13e6ae1111a55717e895fd15f99f07	72
v1-bit-56-2	3d4017c3e843895a92b70aa74d1b7ebc9c982ccf2ec4968cc0cd55f12af4660c	ae5b66bdf04b4c010bfe32b2fc126ead2107b697634f6f7337b9bff8785ee111200095ece87dde4dbe87343f6df3b107d91798c8a7eb1245d7bb9c5aafb093358c13e6ae1111a55717e895fd15f99f07	72
v1-bit-56-3	3d4017c3e843895a92b70aa74d1b7ebc9c982ccf2ec4968cc0cd55f12af4660c	ae5b66bdf04b4c010bfe32b2fc126ead2107b697634f6f7337b9bff8785ee111200095ece87dde4dbe87343f6df3b107d91798c8a7eb1245dbbb9c5aafb093358c13e6ae1111a55717e895fd15f99f07	72
v1-bit-56-4	3d4017c3e843895a92b70aa74d1b7ebc9c982ccf2ec4968cc0cd55f12af4660c	ae5b66bdf04b4c010bfe32b2fc126ead2107b697634f6f7337b9bff8785ee111200095ece87dde4dbe87343f6df3b107d91798c8a7eb1245c3bb9c5aafb093358c13e6ae1111a55717e895fd15f99f07	72
v1-bit-56-5	3d4017c3e843895a92b70aa74d1b7ebc9c982ccf2ec4968cc0cd55f12af4660c	ae5b66bdf04b4c010bfe32b2fc126ead2107b697634f6f7337b9bff8785ee111200095ece87dde4dbe87343f6df3b107d91798c8a7eb1245f3bb9c5aafb093358c13e6ae1111a55717e895fd15f99f07	72
v1-bit-56-6	3d4017c3e843895a92b70aa74d1b7ebc9c982ccf2ec4968cc0cd55f12af4660c	ae5b66bdf04b4c010bfe32b2fc126ead2107b697634f6f7337b9bff8785ee111200095ece87dde4dbe87343f6df3b107d91798c8a7eb124593bb9c5aafb093358c13e6ae1111a55717e895fd15f99f07	72
v1-bit-56-7	3d4017c3e843895a92b70aa74d1b7ebc9c982ccf2ec4968cc0cd55f12af4660c	ae5b66bdf04b4c010bfe32b2fc126ead2107b697634f6f7337b9bff8785ee111200095ece87dde4dbe87343f6df3b107d91798c8a7eb124553bb9c5aafb093358c13e6ae1111a55717e895fd15f99f07	72
v1-bit-57-0	3d4017c3e843895a92b70aa74d1b7ebc9c982ccf2ec4968cc0cd55f12af4660c	ae5b66bdf04b4c010bfe32b2fc126ead2107b697634f6f7337b9bff8785ee111200095ece87dde4dbe87343f6df3b107d91798c8a7eb1245d3ba9c5aafb093358c13e6ae1111a55717e895fd15f99f07	72
v1-bit-57-1	3d4017c3e843895a92b70aa74d1b7ebc9c982ccf2ec4968cc0cd55f12af4660c	ae5b66bdf04b4c010bfe32b2fc126ead2107b697634f6f7337b9bff8785ee111200095ece87dde4dbe87343f6df3b107d91798c8a7eb1245d3b99c5aafb093358c13e6ae1111a55717e895fd15f99f07	72
v1-bit-57-2	3d4017c3e843895a92b70aa74d1b7ebc9c982ccf2ec4968cc0cd55f12af4660c	ae5b66bdf04b4c010bfe32b2fc126ead2107b697634f6f7337b9bff8785ee111200095ece87dde4dbe87343f6df3b107d91798c8a7eb1245d3bf9c5aafb093358c13e6ae1111a55717e895fd15f99f07	72
v1-bit-57-3	3d4017c3e843895a92b70aa74d1b7ebc9c982ccf2ec4968cc0cd55f12af4660c	ae5b66bdf04b4c010bfe32b2fc126ead2107b697634f6f7337b9bff8785ee111200095ece87dde4dbe87343f6df3b107d91798c8a7eb1245d3b39c5aafb093358c13e6ae1111a55717e895fd15f99f07	72
v1-bit-57-4	3d4017c3e843895a92b70aa74d1b7ebc9c982ccf2ec4968cc0cd55f12af4660c	ae5b66bdf04b4c010bfe32b2fc126ead2107b697634f6f7337b9bff8785ee111200095ece87dde4dbe87343f6df3b107d91798c8a7eb1245d3ab9c5aafb093358c13e6ae1111a55717e895fd15f99f07	72
v1-bit-57-5	3d4017c3e843895a92b70aa74d1b7ebc9c982ccf2ec4968cc0cd55f12af4660c	ae5b66bdf04b4c010bfe32b2fc126ead2107b697634f6f7337b9bff8785ee111200095ece87dde4dbe87343f6df3b107d91798c8a7eb1245d39b9c5aafb093358c13e6ae1111a55717e895fd15f99f07	72
v1-bit-57-6	3d4017c3e843895a92b70aa74d1b7ebc9c982ccf2ec4968cc0cd55f12af4660c	ae5b66bdf04b4c010bfe32b2fc126ead2107b697634f6f7337b9bff8785ee111200095ece87dde4dbe87343f6df3b107d91798c8a7eb1245d3fb9c5aafb093358c13e6ae1111a55717e895fd15f99f07	72
v1-bit-57-7	3d4017c3e843895a92b70aa74d1b7ebc9c982ccf2ec4968cc0cd55f12af4660c	ae5b66bdf04b4c010bfe32b2fc126ead2107b697634f6f7337b9bff8785ee111200095ece87dde4dbe87343f6df3b107d91798c8a7eb1245d33b9c5aafb093358c13e6ae1111a55717e895fd15f99f07	72
v1-bit-58-0	3d4017c3e843895a92b70aa74d1b7ebc9c982ccf2ec4968cc0cd55f12af4660c	ae5b66bdf04b4c010bfe32b2fc126ead2107b697634f6f7337b9bff8785ee111200095ece87dde4dbe87343f6df3b107d91798c8a7eb1245d3bb9d5aafb093358c13e6ae1111a55717e895fd15f99f07	72
v1-bit-58-1	3d4017c3e843895a92b70aa74d1b7ebc9c982ccf2ec4968cc0cd55f12af4660c	ae5b66bdf04b4c010bfe32b2fc126ead2107b697634f6f7337b9bff8785ee111200095ece87dde4dbe87343f6df3b107d91798c8a7eb1245d3bb9e5aafb093358c13e6ae1111a55717e895fd15f99f07	72
v1-bit-58-2	3d4017c3e843895a92b70aa74d1b7ebc9c982ccf2ec4968cc0cd55f12af4660c	ae5b66bdf04b4c010bfe32b2fc126ead2107b697634f6f7337b9bff8785ee111200095ece87dde4dbe87343f6df3b107d91798c8a7eb1245d3bb985aafb093358c13e6ae1111a55717e895fd15f99f07	72
v1-bit-58-3	3d4017c3e843895a92b70aa74d1b7ebc9c982ccf2ec4968cc0cd55f12af4660c	ae5b66bdf04b4c010bfe32b2fc126ead2107b697634f6f7337b9bff8785ee111200095ece87dde4dbe87343f6df3b107d91798c8a7eb1245d3bb945aafb093358c13e6ae1111a55717e895fd15f99f07	72
v1-bit-58-4	3d4017c3e843895a92b70aa74d1b7ebc9c982ccf2ec4968cc0cd55f12af4660c	ae5b66bdf04b4c010bfe32b2fc126ead2107b697634f6f7337b9bff8785ee111200095ece87dde4dbe87343f6df3b107d91798c8a7eb1245d3bb8c5aafb093358c13e6ae1111a55717e895fd15f99f07	72
v1-bit-58-5	3d4017c3e843895a92b70aa74d1b7ebc9c982ccf2ec4968cc0cd55f12af4660c	ae5b66bdf04b4c010bfe32b2fc126ead2107b697634f6f7337b9bff8785ee111200095ece87dde4dbe87343f6df3b107d91798c8a7eb1245d3bbbc5aafb093358c13e6ae1111a55717e895fd15f99f07	72
v1-bit-58-6	3d4017c3e843895a92b70aa74d1b7ebc9c982ccf2ec4968cc0cd55f12af4660c	ae5b66bdf04b4c010bfe32b2fc126ead2107b697634f6f7337b9bff8785ee111200095ece87dde4dbe87343f6df3b107d91798c8a7eb1245d3bbdc5aafb093358c13e6ae1111a55717e895fd15f99f07	72
v1-bit-58-7	3d4017c3e843895a92b70aa74d1b7ebc9c982ccf2ec4968cc0cd55f12af4660c	ae5b66bdf04b4c010bfe32b2fc126ead2107b697634f6f7337b9bff8785ee111200095ece87dde4dbe87343f6df3b107d91798c8a7eb1245d3bb1c5aafb093358c13e6ae1111a55717e895fd15f99f07	72
v1-bit-59-0	3d4017c3e843895a92b70aa74d1b7ebc9c982ccf2ec4968cc0cd55f12af4660c	ae5b66bdf04b4c010bfe32b2fc126ead2107b697634f6f7337b9bff8785ee111200095ece87dde4dbe87343f6df3b107d91798c8a7eb1245d3bb9c5bafb093358c13e6ae1111a55717e895fd15f99f07	72
v1-bit-59-1	3d4017c3e843895a92b70aa74d1b7ebc9c982ccf2ec4968cc0cd55f12af4660c	ae5b66bdf04b4c010bfe32b2fc126ead2107b697634f6f7337b9bff8785ee111200095ece87dde4dbe87343f6df3b107d91798c8a7eb1245d3bb9c58afb093358c13e6ae1111a55717e895fd15f99f07	72
v1-bit-59-2	3d4017c3e843895a92b70aa74d1b7ebc9c982ccf2ec4968cc0cd55f12af4660c	ae5b66bdf04b4c010bfe32b2fc126ead2107b697634f6f7337b9bff8785ee111200095ece87dde4dbe87343f6df3b107d91798c8a7eb1245d3bb9c5eafb093358c13e6ae1111a55717e895fd15f99f07	72
v1-bit-59-3	3d4017c3e843895a92b70aa74d1b7ebc9c982ccf2ec4968cc0cd55f12af4660c	ae5b66bdf04b4c010bfe32b2fc126ead2107b697634f6f7337b9bff8785ee111200095ece87dde4dbe87343f6df3b107d91798c8a7eb1245d3bb9c52afb093358c13e6ae1111a55717e895fd15f99f07	72
v1-bit-59-4	3d4017c3e843895a92b70aa74d1b7ebc9c982ccf2ec4968cc0cd55f12af4660c	ae5b66bdf04b4c010bfe32b2fc126ead2107b697634f6f7337b9bff8785ee111200095ece87dde4dbe87343f6df3b107d91798c8a7eb1245d3bb9c4aafb093358c13e6ae1111a55717e895fd15f99f07	72
v1-bit-59-5	3d4017c3e843895a92b70aa74d1b7ebc9c982ccf2ec4968cc0cd55f12af4660c	ae5b66bdf04b4c010bfe32b2fc126ead2107b697634f6f7337b9bff8785ee111200095ece87dde4dbe87343f6df3b107d91798c8a7eb1245d3bb9c7aafb093358c13e6ae1111a55717e895fd15f99f07	72
v1-bit-59-6	3d4017c3e843895a92b70aa74d1b7ebc9c982ccf2ec4968cc0cd55f12af4660c	ae5b66bdf04b4c010bfe32b2fc126ead2107b697634f6f7337b9bff8785ee111200095ece87dde4dbe87343f6df3b107d91798c8a7eb1245d3bb9c1aafb093358c13e6ae1111a55717e895fd15f99f07	72
v1-bit-59-7	3d4017c3e843895a92b70aa74d1b7ebc9c982ccf2ec4968cc0cd55f12af4660c	ae5b66bdf04b4c010bfe32b2fc126ead2107b697634f6f7337b9bff8785ee111200095ece87dde4dbe87343f6df3b107d91798c8a7eb1245d3bb9cdaafb093358c13e6ae1111a55717e895fd15f99f07	72
v1-bit-60-0	3d4017c3e843895a92b70aa74d1b7ebc9c982ccf2ec4968cc0cd55f12af4660c	ae5b66bdf04b4c010bfe32b2fc126ead2107b697634f6f7337b9bff8785ee111200095ece87dde4dbe87343f6df3b107d91798c8a7eb1245d3bb9c5aaeb093358c13e6ae1111a55717e895fd15f99f07	72
v1-bit-60-1	3d4017c3e843895a92b70aa74d1b7ebc9c982ccf2ec4968cc0cd55f12af4660c	ae5b66bdf04b4c010bfe32b2fc126ead2107b697634f6f7337b9bff8785ee111200095ece87dde4dbe87343f6df3b107d91798c8a7eb1245d3bb9c5aadb093358c13e6ae1111a55717e895fd15f99f07	72
v1-bit-60-2	3d4017c3e843895a92b70aa74d1b7ebc9c982ccf2ec4968cc0cd55f12af4660c	ae5b66bdf04b4c010bfe32b2fc126ead2107b697634f6f7337b9bff8785ee111200095ece87dde4dbe87343f6df3b107d91798c8a7eb1245d3bb9c5aabb093358c13e6ae1111a55717e895fd15f99f07	72
v1-bit-60-3	3d4017c3e843895a92b70aa74d1b7ebc9c982ccf2ec4968cc0cd55f12af4660c	ae5b66bdf04b4c010bfe32b2fc126ead2107b697634f6f7337b9bff8785ee111200095ece87dde4dbe87343f6df3b107d91798c8a7eb1245d3bb9c5aa7b093358c13e6ae1111a55717e895fd15f99f07	72
v1-bit-60-4	3d4017c3e843895a92b70aa74d1b7ebc9c982ccf2ec4968cc0cd55f12af4660c	ae5b66bdf04b4c010bfe32b2fc126ead2107b697634f6f7337b9bff8785ee111200095ece87dde4dbe87343f6df3b107d91798c8a7eb1245d3bb9c5abfb093358c13e6ae1111a55717e895fd15f99f07	72
v1-bit-60-5	3d4017c3e843895a92b70aa74d1b7ebc9c982ccf2ec4968cc0cd55f12af4660c	ae5b66bdf04b4c010bfe32b2fc126ead2107b697634f6f7337b9bff8785ee111200095ece87dde4dbe87343f6df3b107d91798c8a7eb1245d3bb9c5a8fb093358c13e6ae1111a55717e895fd15f99f07	72
v1-bit-60-6	3d4017c3e843895a92b70aa74d1b7ebc9c982ccf2ec4968cc0cd55f12af4660c	ae5b66bdf04b4c010bfe32b2fc126ead2107b697634f6f7337b9bff8785ee111200095ece87dde4dbe87343f6df3b107d91798c8a7eb1245d3bb9c5aefb093358c13e6ae1111a55717e895fd15f99f07	72
v1-bit-60-7	3d4017c3e843895a92b70aa74d1b7ebc9c982ccf2ec4968cc0cd55f12af4660c	ae5b66bdf04b4c010bfe32b2fc126ead2107b697634f6f7337b9bff8785ee111200095ece87dde4dbe87343f6df3b107d91798c8a7eb1245d3bb9c5a2fb093358c13e6ae1111a55717e895fd15f99f07	72
v1-bit-61-0	3d4017c3e843895a92b70aa74d1b7ebc9c982ccf2ec4968cc0cd55f12af4660c	ae5b66bdf04b4c010bfe32b2fc126ead2107b697634f6f7337b9bff8785ee111200095ece87dde4dbe87343f6df3b107d91798c8a7eb1245d3bb9c5aafb193358c13e6ae1111a55717e895fd15f99f07	72
v1-bit-61-1	3d4017c3e843895a92b70aa74d1b7ebc9c982ccf2ec4968cc0cd55f12af4660c	ae5b66bdf04b4c010bfe32b2fc126ead2107b697634f6f7337b9bff8785ee111200095ece87dde4dbe87343f6df3b107d91798c8a7eb1245d3bb9c5aafb293358c13e6ae1111a55717e895fd15f99f07	72
v1-bit-61-2	3d4017c3e843895a92b70aa74d1b7ebc9c982ccf2ec4968cc0cd55f12af4660c	ae5b66bdf04b4c010bfe32b2fc126ead2107b697634f6f7337b9bff8785ee111200095ece87dde4dbe87343f6df3b107d91798c8a7eb1245d3bb9c5aafb493358c13e6ae1111a55717e895fd15f99f07	72
v1-bit-61-3	3d4017c3e843895a92b70aa74d1b7ebc9c982ccf2ec4968cc0cd55f12af4660c	ae5b66bdf04b4c010bfe32b2fc126ead2107b697634f6f7337b9bff8785ee111200095ece87dde4dbe87343f6df3b107d91798c8a7eb1245d3bb9c5aafb893358c13e6ae1111a55717e895fd15f99f07	72
v1-bit-61-4	3d4017c3e843895a92b70aa74d1b7ebc9c982ccf2ec4968cc0cd55f12af4660c	ae5b66bdf04b4c010bfe32b2fc126ead2107b697634f6f7337b9bff8785ee111200095ece87dde4dbe87343f6df3b107d91798c8a7eb1245d3bb9c5aafa093358c13e6ae1111a55717e895fd15f99f07	72
v1-bit-61-5	3d4017c3e843895a92b70aa74d1b7ebc9c982ccf2ec4968cc0cd55f12af4660c	ae5b66bdf04b4c010bfe32b2fc126ead2107b697634f6f7337b9bff8785ee111200095ece87dde4dbe87343f6df3b107d91798c8a7eb1245d3bb9c5aaf9093358c13e6ae1111a55717e895fd15f99f07	72
v1-bit-61-6	3d4017c3e843895a92b70aa74d1b7ebc9c982ccf2ec4968cc0cd55f12af4660c	ae5b66bdf04b4c010bfe32b2fc126ead2107b697634f6f7337b9bff8785ee111200095ece87dde4dbe87343f6df3b107d91798c8a7eb1245d3bb9c5aaff093358c13e6ae1111a55717e895fd15f99f07	72
v1-bit-61-7	3d4017c3e843895a92b70aa74d1b7ebc9c982ccf2ec4968cc0cd55f12af4660c	ae5b66bdf04b4c010bfe32b2fc126ead2107b697634f6f7337b9bff8785ee111200095ece87dde4dbe87343f6df3b107d91798c8a7eb1245d3bb9c5aaf3093358c13e6ae1111a55717e895fd15f99f07	72
v1-bit-62-0	3d4017c3e843895a92b70aa74d1b7ebc9c982ccf2ec4968cc0cd55f12af4660c	ae5b66bdf04b4c010bfe32b2fc126ead2107b697634f6f7337b9bff8785ee111200095ece87dde4dbe87343f6df3b107d91798c8a7eb1245d3bb9c5aafb092358c13e6ae1111a55717e895fd15f99f07	72
v1-bit-62-1	3d4017c3e843895a92b70aa74d1b7ebc9c982ccf2ec4968cc0cd55f12af4660c	ae5b66bdf04b4c010bfe32b2fc126ead2107b697634f6f7337b9bff8785ee111200095ece87dde4dbe87343f6df3b107d91798c8a7eb1245d3bb9c5aafb091358c13e6ae1111a55717e895fd15f99f07	72
v1-bit-62-2	3d4017c3e843895a92b70aa74d1b7ebc9c982ccf2ec4968cc0cd55f12af4660c	ae5b66bdf04b4c010bfe32b2fc126ead2107b697634f6f7337b9bff8785ee111200095ece87dde4dbe87343f6df3b107d91798c8a7eb1245d3bb9c5aafb097358c13e6ae1111a55717e895fd15f99f07	72
v1-bit-62-3	3d4017c3e843895a92b70aa74d1b7ebc9c982ccf2ec4968cc0cd55f12af4660c	ae5b66bdf04b4c010bfe32b2fc126ead2107b697634f6f7337b9bff8785ee111200095ece87dde4dbe87343f6df3b107d91798c8a7eb1245d3bb9c5aafb09b358c13e6ae1111a55717e895fd15f99f07	72
v1-bit-62-4	3d4017c3e843895a92b70aa74d1b7ebc9c982ccf2ec4968cc0cd55f12af4660c	ae5b66bdf04b4c010bfe32b2fc126ead2107b697634f6f7337b9bff8785ee111200095ece87dde4dbe87343f6df3b107d91798c8a7eb1245d3bb9c5aafb083358c13e6ae1111a55717e895fd15f99f07	72
v1-bit-62-5	3d4017c3e843895a92b70aa74d1b7ebc9c982ccf2ec4968cc0cd55f12af4660c	ae5b66bdf04b4c010bfe32b2fc126ead2107b697634f6f7337b9bff8785ee111200095ece87dde4dbe87343f6df3b107d91798c8a7eb1245d3bb9c5aafb0b3358c13e6ae1111a55717e895fd15f99f07	72
v1-bit-62-6	3d4017c3e843895a92b70aa74d1b7ebc9c982ccf2ec4968cc0cd55f12af4660c	ae5b66bdf04b4c010bfe32b2fc126ead2107b697634f6f7337b9bff8785ee111200095ece87dde4dbe87343f6df3b107d91798c8a7eb1245d3bb9c5aafb0d3358c13e6ae1111a55717e895fd15f99f07	72
v1-bit-62-7	3d4017c3e843895a92b70aa74d1b7ebc9c982ccf2ec4968cc0cd55f12af4660c	ae5b66bdf04b4c010bfe32b2fc126ead2107b697634f6f7337b9bff8785ee111200095ece87dde4dbe87343f6df3b107d91798c8a7eb1245d3bb9c5aafb013358c13e6ae1111a55717e895fd15f99f07	72
v1-bit-63-0	3d4017c3e843895a92b70aa74d1b7ebc9c982ccf2ec4968cc0cd55f12af4660c	ae5b66bdf04b4c010bfe32b2fc126ead2107b697634f6f7337b9bff8785ee111200095ece87dde4dbe87343f6df3b107d91798c8a7eb1245d3bb9c5aafb093348c13e6ae1111a55717e895fd15f99f07	72
v1-bit-63-1	3d4017c3e843895a92b70aa74d1b7ebc9c982ccf2ec4968cc0cd55f12af4660c	ae5b66bdf04b4c010bfe32b2fc126ead2107b697634f6f7337b9bff8785ee111200095ece87dde4dbe87343f6df3b107d91798c8a7eb1245d3bb9c5aafb093378c13e6ae1111a55717e895fd15f99f07	72
v1-bit-63-2	3d4017c3e843895a92b70aa74d1b7ebc9c982ccf2ec4968cc0cd55f12af4660c	ae5b66bdf04b4c010bfe32b2fc126ead2107b697634f6f7337b9bff8785ee111200095ece87dde4dbe87343f6df3b107d91798c8a7eb1245d3bb9c5aafb093318c13e6ae1111a55717e895fd15f99f07	72
v1-bit-63-3	3d4017c3e843895a92b70aa74d1b7ebc9c982ccf2ec4968cc0cd55f12af4660c	ae5b66bdf04b4c010bfe32b2fc126ead2107b697634f6f7337b9bff8785ee111200095ece87dde4dbe87343f6df3b107d91798c8a7eb1245d3bb9c5aafb0933d8c13e6ae1111a55717e895fd15f99f07	72
v1-bit-63-4	3d4017c3e843895a92b70aa74d1b7ebc9c982ccf2ec4968cc0cd55f12af4660c	ae5b66bdf04b4c010bfe32b2fc126ead2107b697634f6f7337b9bff8785ee111200095ece87dde4dbe87343f6df3b107d91798c8a7eb1245d3bb9c5aafb093258c13e6ae1111a55717e895fd15f99f07	72
v1-bit-63-5	3d4017c3e843895a92b70aa74d1b7ebc9c982ccf2ec4968cc0cd55f12af4660c	ae5b66bdf04b4c010bfe32b2fc126ead2107b697634f6f7337b9bff8785ee111200095ece87dde4dbe87343f6df3b107d91798c8a7eb1245d3bb9c5aafb093158c13e6ae1111a55717e895fd15f99f07	72
v1-bit-63-6	3d4017c3e843895a92b70aa74d1b7ebc9c982ccf2ec4968cc0cd55f12af4660c	ae5b66bdf04b4c010bfe32b2fc126ead2107b697634f6f7337b9bff8785ee111200095ece87dde4dbe87343f6df3b107d91798c8a7eb1245d3bb9c5aafb093758c13e6ae1111a55717e895fd15f99f07	72
v1-bit-63-7	3d4017c3e843895a92b70aa74d1b7ebc9c982ccf2ec4968cc0cd55f12af4660c	ae5b66bdf04b4c010bfe32b2fc126ead2107b697634f6f7337b9bff8785ee111200095ece87dde4dbe87343f6df3b107d91798c8a7eb1245d3bb9c5aafb093b58c13e6ae1111a55717e895fd15f99f07	72
v1-bit-64-0	3d4017c3e843895a92b70aa74d1b7ebc9c982ccf2ec4968cc0cd55f12af4660c	ae5b66bdf04b4c010bfe32b2fc126ead2107b697634f6f7337b9bff8785ee111200095ece87dde4dbe87343f6df3b107d91798c8a7eb1245d3bb9c5aafb093358d13e6ae1111a55717e895fd15f99f07	72
v1-bit-64-1	3d4017c3e843895a92b70aa74d1b7ebc9c982ccf2ec4968cc0cd55f12af4660c	ae5b66bdf04b4c010bfe32b2fc126ead2107b697634f6f7337b9bff8785ee111200095ece87dde4dbe87343f6df3b107d91798c8a7eb1245d3bb9c5aafb093358e13e6ae1111a55717e895fd15f99f07	72
v1-bit-64-2	3d4017c3e843895a92b70aa74d1b7ebc9c982ccf2ec4968cc0cd55f12af4660c	ae5b66bdf04b4c010bfe32b2fc126ead2107b697634f6f7337b9bff8785ee111200095ece87dde4dbe87343f6df3b107d91798c8a7eb1245d3bb9c5aafb093358813e6ae1111a55717e895fd15f99f07	72
v1-bit-64-3	3d4017c3e843895a92b70aa74d1b7ebc9c982ccf2ec4968cc0cd55f12af4660c	ae5b66bdf04b4c010bfe32b2fc126ead2107b697634f6f7337b9bff8785ee111200095ece87dde4dbe87343f6df3b107d91798c8a7eb1245d3bb9c5aafb093358413e6ae1111a55717e895fd15f99f07	72
v1-bit-64-4	3d4017c3e843895a92b70aa74d1b7ebc9c982ccf2ec4968cc0cd55f12af4660c	ae5b66bdf04b4c010bfe32b2fc126ead2107b697634f6f7337b9bff8785ee111200095ece87dde4dbe87343f6df3b107d91798c8a7eb1245d3bb9c5aafb093359c13e6ae1111a55717e895fd15f99f07	72
v1-bit-64-5	3d4017c3e843895a92b70aa74d1b7ebc9c982ccf2ec4968cc0cd55f12af4660c	ae5b66bdf04b4c010bfe32b2fc126ead2107b697634f6f7337b9bff8785ee111200095ece87dde4dbe87343f6df3b107d91798c8a7eb1245d3bb9c5aafb09335ac13e6ae1111a55717e895fd15f99f07	72
v1-bit-64-6	3d4017c3e843895a92b70aa74d1b7ebc9c982ccf2ec4968cc0cd55f12af4660c	ae5b66bdf04b4c010bfe32b2fc126ead2107b697634f6f7337b9bff8785ee111200095ece87dde4dbe87343f6df3b107d91798c8a7eb1245d3bb9c5aafb09335cc13e6ae1111a55717e895fd15f99f07	72
v1-bit-64-7	3d4017c3e843895a92b70aa74d1b7ebc9c982ccf2ec4968cc0cd55f12af4660c	ae5b66bdf04b4c010bfe32b2fc126ead2107b697634f6f7337b9bff8785ee111200095ece87dde4dbe87343f6df3b107d91798c8a7eb1245d3bb9c5aafb093350c13e6ae1111a55717e895fd15f99f07	72
v1-bit-65-0	3d4017c3e843895a92b70aa74d1b7ebc9c982ccf2ec4968cc0cd55f12af4660c	ae5b66bdf04b4c010bfe32b2fc126ead2107b697634f6f7337b9bff8785ee111200095ece87dde4dbe87343f6df3b107d91798c8a7eb1245d3bb9c5aafb093358c12e6ae1111a55717e895fd15f99f07	72
v1-bit-65-1	3d4017c3e843895a92b70aa74d1b7ebc9c982ccf2ec4968cc0cd55f12af4660c	ae5b66bdf04b4c010bfe32b2fc126ead2107b697634f6f7337b9bff8785ee111200095ece87dde4dbe87343f6df3b107d91798c8a7eb1245d3bb9c5aafb093358c11e6ae1111a55717e895fd15f99f07	72
v1-bit-65-2	3d4017c3e843895a92b70aa74d1b7ebc9c982ccf2ec4968cc0cd55f12af4660c	ae5b66bdf04b4c010bfe32b2fc126ead2107b697634f6f7337b9bff8785ee111200095ece87dde4dbe87343f6df3b107d91798c8a7eb1245d3bb9c5aafb093358c17e6ae1111a55717e895fd15f99f07	72
v1-bit-65-3	3d4017c3e843895a92b70aa74d1b7ebc9c982ccf2ec4968cc0cd55f12af4660c	ae5b66bdf04b4c010bfe32b2fc126ead2107b697634f6f7337b9bff8785ee111200095ece87dde4dbe87343f6df3b107d91798c8a7eb1245d3bb9c5aafb093358c1be6ae1111a55717e895fd15f99f07	72
v1-bit-65-4	3d4017c3e843895a92b70aa74d1b7ebc9c982ccf2ec4968cc0cd55f12af4660c	ae5b66bdf04b4c010bfe32b2fc126ead2107b697634f6f7337b9bff8785ee111200095ece87dde4dbe87343f6df3b107d91798c8a7eb1245d3bb9c5aafb093358c03e6ae1111a55717e895fd15f99f07	72
v1-bit-65-5	3d4017c3e843895a92b70aa74d1b7ebc9c982ccf2ec4968cc0cd55f12af4660c	ae5b66bdf04b4c010bfe32b2fc126ead2107b697634f6f7337b9bff8785ee111200095ece87dde4dbe87343f6df3b107d91798c8a7eb1245d3bb9c5aafb093358c33e6ae1111a55717e895fd15f99f07	72
v1-bit-65-6	3d4017c3e843895a92b70aa74d1b7ebc9c982ccf2ec4968cc0cd55f12af4660c	ae5b66bdf04b4c010bfe32b2fc126ead2107b697634f6f7337b9bff8785ee111200095ece87dde4dbe87343f6df3b107d91798c8a7eb1245d3bb9c5aafb093358c53e6ae1111a55717e895fd15f99f07	72
v1-bit-65-7	3d4017c3e843895a92b70aa74d1b7ebc9c982ccf2ec4968cc0cd55f12af4660c	ae5b66bdf04b4c010bfe32b2fc126ead2107b697634f6f7337b9bff8785ee111200095ece87dde4dbe87343f6df3b107d91798c8a7eb1245d3bb9c5aafb093358c93e6ae1111a55717e895fd15f99f07	72
v1-bit-66-0	3d4017c3e843895a92b70aa74d1b7ebc9c982ccf2ec4968cc0cd55f12af4660c	ae5b66bdf04b4c010bfe32b2fc126ead2107b697634f6f7337b9bff8785ee111200095ece87dde4dbe87343f6df3b107d91798c8a7eb1245d3bb9c5aafb093358c13e7ae1111a55717e895fd15f99f07	72
v1-bit-66-1	3d4017c3e843895a92b70aa74d1b7ebc9c982ccf2ec4968cc0cd55f12af4660c	ae5b66bdf04b4c010bfe32b2fc126ead2107b697634f6f7337b9bff8785ee111200095ece87dde4dbe87343f6df3b107d91798c8a7eb1245d3bb9c5aafb093358c13e4ae1111a55717e895fd15f99f07	72
v1-bit-66-2	3d4017c3e843895a92b70aa74d1b7ebc9c982ccf2ec4968cc0cd55f12af4660c	ae5b66bdf04b4c010bfe32b2fc126ead2107b697634f6f7337b9bff8785ee111200095ece87dde4dbe87343f6df3b107d91798c8a7eb1245d3bb9c5aafb093358c13e2ae1111a55717e895fd15f99f07	72
v1-bit-66-3	3d4017c3e843895a92b70aa74d1b7ebc9c982ccf2ec4968cc0cd55f12af4660c	ae5b66bdf04b4c010bfe32b2fc126ead2107b697634f6f7337b9bff8785ee111200095ece87dde4dbe87343f6df3b107d91798c8a7eb1245d3bb9c5aafb093358c13eeae1111a55717e895fd15f99f07	72
v1-bit-66-4	3d4017c3e843895a92b70aa74d1b7ebc9c982ccf2ec4968cc0cd55f12af4660c	ae5b66bdf04b4c010bfe32b2fc126ead2107b697634f6f7337b9bff8785ee111200095ece87dde4dbe87343f6df3b107d91798c8a7eb1245d3bb9c5aafb093358c13f6ae1111a55717e895fd15f99f07	72
v1-bit-66-5	3d4017c3e843895a92b70aa74d1b7ebc9c982ccf2ec4968cc0cd55f12af4660c	ae5b66bdf04b4c010bfe32b2fc126ead2107b697634f6f7337b9bff8785ee111200095ece87dde4dbe87343f6df3b107d91798c8a7eb1245d3bb9c5aafb093358c13c6ae1111a55717e895fd15f99f07	72
v1-bit-66-6	3d4017c3e843895a92b70aa74d1b7ebc9c982ccf2ec4968cc0cd55f12af4660c	ae5b66bdf04b4c010bfe32b2fc126ead2107b697634f6f7337b9bff8785ee111200095ece87dde4dbe87343f6df3b107d91798c8a7eb1245d3bb9c5aafb093358c13a6ae1111a55717e895fd15f99f07	72
v1-bit-66-7	3d4017c3e843895a92b70aa74d1b7ebc9c982ccf2ec4968cc0cd55f12af4660c	ae5b66bdf04b4c010bfe32b2fc126ead2107b697634f6f7337b9bff8785ee111200095ece87dde4dbe87343f6df3b107d91798c8a7eb1245d3bb9c5aafb093358c1366ae1111a55717e895fd15f99f07	72
v1-bit-67-0	3d4017c3e843895a92b70aa74d1b7ebc9c982ccf2ec4968cc0cd55f12af4660c	ae5b66bdf04b4c010bfe32b2fc126ead2107b697634f6f7337b9bff8785ee111200095ece87dde4dbe87343f6df3b107d91798c8a7eb1245d3bb9c5aafb093358c13e6af1111a55717e895fd15f99f07	72
v1-bit-67-1	3d4017c3e843895a92b70aa74d1b7ebc9c982ccf2ec4968cc0cd55f12af4660c	ae5b66bdf04b4c010bfe32b2fc126ead2107b697634f6f7337b9bff8785ee111200095ece87dde4dbe87343f6df3b107d91798c8a7eb1245d3bb9c5aafb093358c13e6ac1111a55717e895fd15f99f07	72
v1-bit-67-2	3d4017c3e843895a92b70aa74d1b7ebc9c982ccf2ec4968cc0cd55f12af4660c	ae5b66bdf04b4c010bfe32b2fc126ead2107b697634f6f7337b9bff8785ee111200095ece87dde4dbe87343f6df3b107d91798c8a7eb1245d3bb9c5aafb093358c13e6aa1111a55717e895fd15f99f07	72
v1-bit-67-3	3d4017c3e843895a92b70aa74d1b7ebc9c982ccf2ec4968cc0cd55f12af4660c	ae5b66bdf04b4c010bfe32b2fc126ead2107b697634f6f7337b9bff8785ee111200095ece87dde4dbe87343f6df3b107d91798c8a7eb1245d3bb9c5aafb093358c13e6a61111a55717e895fd15f99f07	72
v1-bit-67-4	3d4017c3e843895a92b70aa74d1b7ebc9c982ccf2ec4968cc0cd55f12af4660c	ae5b66bdf04b4c010bfe32b2fc126ead2107b697634f6f7337b9bff8785ee111200095ece87dde4dbe87343f6df3b107d91798c8a7eb1245d3bb9c5aafb093358c13e6be1111a55717e895fd15f99f07	72
v1-bit-67-5	3d4017c3e843895a92b70aa74d1b7ebc9c982ccf2ec4968cc0cd55f12af4660c	ae5b66bdf04b4c010bfe32b2fc126ead2107b697634f6f7337b9bff8785ee111200095ece87dde4dbe87343f6df3b107d91798c8a7eb1245d3bb9c5aafb093358c13e68e1111a55717e895fd15f99f07	72
v1-bit-67-6	3d4017c3e843895a92b70aa74d1b7ebc9c982ccf2ec4968cc0cd55f12af4660c	ae5b66bdf04b4c010bfe32b2fc126ead2107b697634f6f7337b9bff8785ee111200095ece87dde4dbe87343f6df3b107d91798c8a7eb1245d3bb9c5aafb093358c13e6ee1111a55717e895fd15f99f07	72
v1-bit-67-7	3d4017c3e843895a92b70aa74d1b7ebc9c982ccf2ec4968cc0cd55f12af4660c	ae5b66bdf04b4c010bfe32b2fc126ead2107b697634f6f7337b9bff8785ee111200095ece87dde4dbe87343f6df3b107d91798c8a7eb1245d3bb9c5aafb093358c13e62e1111a55717e895fd15f99f07	72
v1-bit-68-0	3d4017c3e843895a92b70aa74d1b7ebc9c982ccf2ec4968cc0cd55f12af4660c	ae5b66bdf04b4c010bfe32b2fc126ead2107b697634f6f7337b9bff8785ee111200095ece87dde4dbe87343f6df3b107d91798c8a7eb1245d3bb9c5aafb093358c13e6ae1011a55717e895fd15f99f07	72
v1-bit-68-1	3d4017c3e843895a92b70aa74d1b7ebc9c982ccf2ec4968cc0cd55f12af4660c	ae5b66bdf04b4c010bfe32b2fc126ead2107b697634f6f7337b9bff8785ee111200095ece87dde4dbe87343f6df3b107d91798c8a7eb1245d3bb9c5aafb093358c13e6ae1311a55717e895fd15f99f07	72
v1-bit-68-2	3d4017c3e843895a92b70aa74d1b7ebc9c982ccf2ec4968cc0cd55f12af4660c	ae5b66bdf04b4c010bfe32b2fc126ead2107b697634f6f7337b9bff8785ee111200095ece87dde4dbe87343f6df3b107d91798c8a7eb1245d3bb9c5aafb093358c13e6ae1511a55717e895fd15f99f07	72
v1-bit-68-3	3d4017c3e843895a92b70aa74d1b7ebc9c982ccf2ec4968cc0cd55f12af4660c	ae5b66bdf04b4c010bfe32b2fc126ead2107b697634f6f7337b9bff8785ee111200095ece87dde4dbe87343f6df3b107d91798c8a7eb1245d3bb9c5aafb093358c13e6ae1911a55717e895fd15f99f07	72
v1-bit-68-4	3d4017c3e843895a92b70aa74d1b7ebc9c982ccf2ec4968cc0cd55f12af4660c	ae5b66bdf04b4c010bfe32b2fc126ead2107b697634f6f7337b9bff8785ee111200095ece87dde4dbe87343f6df3b107d91798c8a7eb1245d3bb9c5aafb093358c13e6ae0111a55717e895fd15f99f07	72
v1-bit-68-5	3d4017c3e843895a92b70aa74d1b7ebc9c982ccf2ec4968cc0cd55f12af4660c	ae5b66bdf04b4c010bfe32b2fc126ead2107b697634f6f7337b9bff8785ee111200095ece87dde4dbe87343f6df3b107d91798c8a7eb1245d3bb9c5aafb093358c13e6ae3111a55717e895fd15f99f07	72
v1-bit-68-6	3d4017c3e843895a92b70aa74d1b7ebc9c982ccf2ec4968cc0cd55f12af4660c	ae5b66bdf04b4c010bfe32b2fc126ead2107b697634f6f7337b9bff8785ee111200095ece87dde4dbe87343f6df3b107d91798c8a7eb1245d3bb9c5aafb093358c13e6ae5111a55717e895fd15f99f07	72
v1-bit-68-7	3d4017c3e843895a92b70aa74d1b7ebc9c982ccf2ec4968cc0cd55f12af4660c	ae5b66bdf04b4c010bfe32b2fc126ead2107b697634f6f7337b9bff8785ee111200095ece87dde4dbe87343f6df3b107d91798c8a7eb1245d3bb9c5aafb093358c13e6ae9111a55717e895fd15f99f07	72
v1-bit-69-0	3d4017c3e843895a92b70aa74d1b7ebc9c982ccf2ec4968cc0cd55f12af4660c	ae5b66bdf04b4c010bfe32b2fc126ead2107b697634f6f7337b9bff8785ee111200095ece87dde4dbe87343f6df3b107d91798c8a7eb1245d3bb9c5aafb093358c13e6ae1110a55717e895fd15f99f07	72
v1-bit-69-1	3d4017c3e843895a92b70aa74d1b7ebc9c982ccf2ec4968cc0cd55f12af4660c	ae5b66bdf04b4c010bfe32b2fc126ead2107b697634f6f7337b9bff8785ee111200095ece87dde4dbe87343f6df3b107d91798c8a7eb1245d3bb9c5aafb093358c13e6ae1113a55717e895fd15f99f07	72
v1-bit-69-2	3d4017c3e843895a92b70aa74d1b7ebc9c982ccf2ec4968cc0cd55f12af4660c	ae5b66bdf04b4c010bfe32b2fc126ead2107b697634f6f7337b9bff8785ee111200095ece87dde4dbe87343f6df3b107d91798c8a7eb1245d3bb9c5aafb093358c13e6ae1115a55717e895fd15f99f07	72
v1-bit-69-3	3d4017c3e843895a92b70aa74d1b7ebc9c982ccf2ec4968cc0cd55f12af4660c	ae5b66bdf04b4c010bfe32b2fc126ead2107b697634f6f7337b9bff8785ee111200095ece87dde4dbe87343f6df3b107d91798c8a7eb1245d3bb9c5aafb093358c13e6ae1119a55717e895fd15f99f07	72
v1-bit-69-4	3d4017c3e843895a92b70aa74d1b7ebc9c982ccf2ec4968cc0cd55f12af4660c	ae5b66bdf04b4c010bfe32b2fc126ead2107b697634f6f7337b9bff8785ee111200095ece87dde4dbe87343f6df3b107d91798c8a7eb1245d3bb9c5aafb093358c13e6ae1101a55717e895fd15f99f07	72
v1-bit-69-5	3d4017c3e843895a92b70aa74d1b7ebc9c982ccf2ec4968cc0cd55f12af4660c	ae5b66bdf04b4c010bfe32b2fc126ead2107b697634f6f7337b9bff8785ee111200095ece87dde4dbe87343f6df3b107d91798c8a7eb1245d3bb9c5aafb093358c13e6ae1131a55717e895fd15f99f07	72
v1-bit-69-6	3d4017c3e843895a92b70aa74d1b7ebc9c982ccf2ec4968cc0cd55f12af4660c	ae5b66bdf04b4c010bfe32b2fc126ead2107b697634f6f7337b9bff8785ee111200095ece87dde4dbe87343f6df3b107d91798c8a7eb1245d3bb9c5aafb093358c13e6ae1151a55717e895fd15f99f07	72
v1-bit-69-7	3d4017c3e843895a92b70aa74d1b7ebc9c982ccf2ec4968cc0cd55f12af4660c	ae5b66bdf04b4c010bfe32b2fc126ead2107b697634f6f7337b9bff8785ee111200095ece87dde4dbe87343f6df3b107d91798c8a7eb1245d3bb9c5aafb093358c13e6ae1191a55717e895fd15f99f07	72
v1-bit-70-0	3d4017c3e843895a92b70aa74d1b7ebc9c982ccf2ec4968cc0cd55f12af4660c	ae5b66bdf04b4c010bfe32b2fc126ead2107b697634f6f7337b9bff8785ee111200095ece87dde4dbe87343f6df3b107d91798c8a7eb1245d3bb9c5aafb093358c13e6ae1111a45717e895fd15f99f07	72
v1-bit-70-1	3d4017c3e843895a92b70aa74d1b7ebc9c982ccf2ec4968cc0cd55f12af4660c	ae5b66bdf04b4c010bfe32b2fc126ead2107b697634f6f7337b9bff8785ee111200095ece87dde4dbe87343f6df3b107d91798c8a7eb1245d3bb9c5aafb093358c13e6ae1111a75717e895fd15f99f07	72
v1-bit-70-2	3d4017c3e843895a92b70aa74d1b7ebc9c982ccf2ec4968cc0cd55f12af4660c	ae5b66bdf04b4c010bfe32b2fc126ead2107b697634f6f7337b9bff8785ee111200095ece87dde4dbe87343f6df3b107d91798c8a7eb1245d3bb9c5aafb093358c13e6ae1111a15717e895fd15f99f07	72
v1-bit-70-3	3d4017c3e843895a92b70aa74d1b7ebc9c982ccf2ec4968cc0cd55f12af4660c	ae5b66bdf04b4c010bfe32b2fc126ead2107b697634f6f7337b9bff8785ee111200095ece87dde4dbe87343f6df3b107d91798c8a7eb1245d3bb9c5aafb093358c13e6ae1111ad5717e895fd15f99f07	72
v1-bit-70-4	3d4017c3e843895a92b70aa74d1b7ebc9c982ccf2ec4968cc0cd55f12af4660c	ae5b66bdf04b4c010bfe32b2fc126ead2107b697634f6f7337b9bff8785ee111200095ece87dde4dbe87343f6df3b107d91798c8a7eb1245d3bb9c5aafb093358c13e6ae1111b55717e895fd15f99f07	72
v1-bit-70-5	3d4017c3e843895a92b70aa74d1b7ebc9c982ccf2ec4968cc0cd55f12af4660c	ae5b66bdf04b4c010bfe32b2fc126ead2107b697634f6f7337b9bff8785ee111200095ece87dde4dbe87343f6df3b107d91798c8a7eb1245d3bb9c5aafb093358c13e6ae1111855717e895fd15f99f07	72
v1-bit-70-6	3d4017c3e843895a92b70aa74d1b7ebc9c982ccf2ec4968cc0cd55f12af4660c	ae5b66bdf04b4c010bfe32b2fc126ead2107b697634f6f7337b9bff8785ee111200095ece87dde4dbe87343f6df3b107d91798c8a7eb1245d3bb9c5aafb093358c13e6ae1111e55717e895fd15f99f07	72
v1-bit-70-7	3d4017c3e843895a92b70aa74d1b7ebc9c982ccf2ec4968cc0cd55f12af4660c	ae5b66bdf04b4c010bfe32b2fc126ead2107b697634f6f7337b9bff8785ee111200095ece87dde4dbe87343f6df3b107d91798c8a7eb1245d3bb9c5aafb093358c13e6ae1111255717e895fd15f99f07	72
v1-bit-71-0	3d4017c3e843895a92b70aa74d1b7ebc9c982ccf2ec4968cc0cd55f12af4660c	ae5b66bdf04b4c010bfe32b2fc126ead2107b697634f6f7337b9bff8785ee111200095ece87dde4dbe87343f6df3b107d91798c8a7eb1245d3bb9c5aafb093358c13e6ae1111a55617e895fd15f99f07	72
v1-bit-71-1	3d4017c3e843895a92b70aa74d1b7ebc9c982ccf2ec4968cc0cd55f12af4660c	ae5b66bdf04b4c010bfe32b2fc126ead2107b697634f6f7337b9bff8785ee111200095ece87dde4dbe87343f6df3b107d91798c8a7eb1245d3bb9c5aafb093358c13e6ae1111a55517e895fd15f99f07	72
v1-bit-71-2	3d4017c3e843895a92b70aa74d1b7ebc9c982ccf2ec4968cc0cd55f12af4660c	ae5b66bdf04b4c010bfe32b2fc126ead2107b697634f6f7337b9bff8785ee111200095ece87dde4dbe87343f6df3b107d91798c8a7eb1245d3bb9c5aafb093358c13e6ae1111a55317e895fd15f99f07	72
v1-bit-71-3	3d4017c3e843895a92b70aa74d1b7ebc9c982ccf2ec4968cc0cd55f12af4660c	ae5b66bdf04b4c010bfe32b2fc126ead2107b697634f6f7337b9bff8785ee111200095ece87dde4dbe87343f6df3b107d91798c8a7eb1245d3bb9c5aafb093358c13e6ae1111a55f17e895fd15f99f07	72
v1-bit-71-4	3d4017c3e843895a92b70aa74d1b7ebc9c982ccf2ec4968cc0cd55f12af4660c	ae5b66bdf04b4c010bfe32b2fc126ead2107b697634f6f7337b9bff8785ee111200095ece87dde4dbe87343f6df3b107d91798c8a7eb1245d3bb9c5aafb093358c13e6ae1111a54717e895fd15f99f07	72
v1-bit-71-5	3d4017c3e843895a92b70aa74d1b7ebc9c982ccf2ec4968cc0cd55f12af4660c	ae5b66bdf04b4c010bfe32b2fc126ead2107b697634f6f7337b9bff8785ee111200095ece87dde4dbe87343f6df3b107d91798c8a7eb1245d3bb9c5aafb093358c13e6ae1111a57717e895fd15f99f07	72
v1-bit-71-6	3d4017c3e843895a92b70aa74d1b7ebc9c982ccf2ec4968cc0cd55f12af4660c	ae5b66bdf04b4c010bfe32b2fc126ead2107b697634f6f7337b9bff8785ee111200095ece87dde4dbe87343f6df3b107d91798c8a7eb1245d3bb9c5aafb093358c13e6ae1111a51717e895fd15f99f07	72
v1-bit-71-7	3d4017c3e843895a92b70aa74d1b7ebc9c982ccf2ec4968cc0cd55f12af4660c	ae5b66bdf04b4c010bfe32b2fc126ead2107b697634f6f7337b9bff8785ee111200095ece87dde4dbe87343f6df3b107d91798c8a7eb1245d3bb9c5aafb093358c13e6ae1111a5d717e895fd15f99f07	72
v1-bit-72-0	3d4017c3e843895a92b70aa74d1b7ebc9c982ccf2ec4968cc0cd55f12af4660c	ae5b66bdf04b4c010bfe32b2fc126ead2107b697634f6f7337b9bff8785ee111200095ece87dde4dbe87343f6df3b107d91798c8a7eb1245d3bb9c5aafb093358c13e6ae1111a55716e895fd15f99f07	72
v1-bit-72-1	3d4017c3e843895a92b70aa74d1b7ebc9c982ccf2ec4968cc0cd55f12af4660c	ae5b66bdf04b4c010bfe32b2fc126ead2107b697634f6f7337b9bff8785ee111200095ece87dde4dbe87343f6df3b107d91798c8a7eb1245d3bb9c5aafb093358c13e6ae1111a55715e895fd15f99f07	72
v1-bit-72-2	3d4017c3e843895a92b70aa74d1b7ebc9c982ccf2ec4968cc0cd55f12af4660c	ae5b66bdf04b4c010bfe32b2fc126ead2107b697634f6f7337b9bff8785ee111200095ece87dde4dbe87343f6df3b107d91798c8a7eb1245d3bb9c5aafb093358c13e6ae1111a55713e895fd15f99f07	72
v1-bit-72-3	3d4017c3e843895a92b70aa74d1b7ebc9c982ccf2ec4968cc0cd55f12af4660c	ae5b66bdf04b4c010bfe32b2fc126ead2107b697634f6f7337b9bff8785ee111200095ece87dde4dbe87343f6df3b107d91798c8a7eb1245d3bb9c5aafb093358c13e6ae1111a5571fe895fd15f99f07	72
v1-bit-72-4	3d4017c3e843895a92b70aa74d1b7ebc9c982ccf2ec4968cc0cd55f12af4660c	ae5b66bdf04b4c010bfe32b2fc126ead2107b697634f6f7337b9bff8785ee111200095ece87dde4dbe87343f6df3b107d91798c8a7eb1245d3bb9c5aafb093358c13e6ae1111a55707e895fd15f99f07	72
v1-bit-72-5	3d4017c3e843895a92b70aa74d1b7ebc9c982ccf2ec4968cc0cd55f12af4660c	ae5b66bdf04b4c010bfe32b2fc126ead2107b697634f6f7337b9bff8785ee111200095ece87dde4dbe87343f6df3b107d91798c8a7eb1245d3bb9c5aafb093358c13e6ae1111a55737e895fd15f99f07	72
v1-bit-72-6	3d4017c3e843895a92b70aa74d1b7ebc9c982ccf2ec4968cc0cd55f12af4660c	ae5b66bdf04b4c010bfe32b2fc126ead2107b697634f6f7337b9bff8785ee111200095ece87dde4dbe87343f6df3b107d91798c8a7eb1245d3bb9c5aafb093358c13e6ae1111a55757e895fd15f99f07	72
v1-bit-72-7	3d4017c3e843895a92b70aa74d1b7ebc9c982ccf2ec4968cc0cd55f12af4660c	ae5b66bdf04b4c010bfe32b2fc126ead2107b697634f6f7337b9bff8785ee111200095ece87dde4dbe87343f6df3b107d91798c8a7eb1245d3bb9c5aafb093358c13e6ae1111a55797e895fd15f99f07	72
v1-bit-73-0	3d4017c3e843895a92b70aa74d1b7ebc9c982ccf2ec4968cc0cd55f12af4660c	ae5b66bdf04b4c010bfe32b2fc126ead2107b697634f6f7337b9bff8785ee111200095ece87dde4dbe87343f6df3b107d91798c8a7eb1245d3bb9c5aafb093358c13e6ae1111a55717e995fd15f99f07	72
v1-bit-73-1	3d4017c3e843895a92b70aa74d1b7ebc9c982ccf2ec4968cc0cd55f12af4660c	ae5b66bdf04b4c010bfe32b2fc126ead2107b697634f6f7337b9bff8785ee111200095ece87dde4dbe87343f6df3b107d91798c8a7eb1245d3bb9c5aafb093358c13e6ae1111a55717ea95fd15f99f07	72
v1-bit-73-2	3d4017c3e843895a92b70aa74d1b7ebc9c982ccf2ec4968cc0cd55f12af4660c	ae5b66bdf04b4c010bfe32b2fc126ead2107b697634f6f7337b9bff8785ee111200095ece87dde4dbe87343f6df3b107d91798c8a7eb1245d3bb9c5aafb093358c13e6ae1111a55717ec95fd15f99f07	72
v1-bit-73-3	3d4017c3e843895a92b70aa74d1b7ebc9c982ccf2ec4968cc0cd55f12af4660c	ae5b66bdf04b4c010bfe32b2fc126ead2107b697634f6f7337b9bff8785ee111200095ece87dde4dbe87343f6df3b107d91798c8a7eb1245d3bb9c5aafb093358c13e6ae1111a55717e095fd15f99f07	72
v1-bit-73-4	3d4017c3e843895a92b70aa74d1b7ebc9c982ccf2ec4968cc0cd55f12af4660c	ae5b66bdf04b4c010bfe32b2fc126ead2107b697634f6f7337b9bff8785ee111200095ece87dde4dbe87343f6df3b107d91798c8a7eb1245d3bb9c5aafb093358c13e6ae1111a55717f895fd15f99f07	72
v1-bit-73-5	3d4017c3e843895a92b70aa74d1b7ebc9c982ccf2ec4968cc0cd55f12af4660c	ae5b66bdf04b4c010bfe32b2fc126ead2107b697634f6f7337b9bff8785ee111200095ece87dde4dbe87343f6df3b107d91798c8a7eb1245d3bb9c5aafb093358c13e6ae1111a55717c895fd15f99f07	72
v1-bit-73-6	3d4017c3e843895a92b70aa74d1b7ebc9c982ccf2ec4968cc0cd55f12af4660c	ae5b66bdf04b4c010bfe32b2fc126ead2107b697634f6f7337b9bff8785ee111200095ece87dde4dbe87343f6df3b107d91798c8a7eb1245d3bb9c5aafb093358c13e6ae1111a55717a895fd15f99f07	72
v1-bit-73-7	3d4017c3e843895a92b70aa74d1b7ebc9c982ccf2ec4968cc0cd55f12af4660c	ae5b66bdf04b4c010bfe32b2fc126ead2107b697634f6f7337b9bff8785ee111200095ece87dde4dbe87343f6df3b107d91798c8a7eb1245d3bb9c5aafb093358c13e6ae1111a557176895fd15f99f07	72
v1-bit-74-0	3d4017c3e843895a92b70aa74d1b7ebc9c982ccf2ec4968cc0cd55f12af4660c	ae5b66bdf04b4c010bfe32b2fc126ead2107b697634f6f7337b9bff8785ee111200095ece87dde4dbe87343f6df3b107d91798c8a7eb1245d3bb9c5aafb093358c13e6ae1111a55717e894fd15f99f07	72
v1-bit-74-1	3d4017c3e843895a92b70aa74d1b7ebc9c982ccf2ec4968cc0cd55f12af4660c	ae5b66bdf04b4c010bfe32b2fc126ead2107b697634f6f7337b9bff8785ee111200095ece87dde4dbe87343f6df3b107d91798c8a7eb1245d3bb9c5aafb093358c13e6ae1111a55717e897fd15f99f07	72
v1-bit-74-2	3d4017c3e843895a92b70aa74d1b7ebc9c982ccf2ec4968cc0cd55f12af4660c	ae5b66bdf04b4c010bfe32b2fc126ead2107b697634f6f7337b9bff8785ee111200095ece87dde4dbe87343f6df3b107d91798c8a7eb1245d3bb9c5aafb093358c13e6ae1111a55717e891fd15f99f07	72
v1-bit-74-3	3d4017c3e843895a92b70aa74d1b7ebc9c982ccf2ec4968cc0cd55f12af4660c	ae5b66bdf04b4c010bfe32b2fc126ead2107b697634f6f7337b9bff8785ee111200095ece87dde4dbe87343f6df3b107d91798c8a7eb1245d3bb9c5aafb093358c13e6ae1111a55717e89dfd15f99f07	72
v1-bit-74-4	3d4017c3e843895a92b70aa74d1b7ebc9c982ccf2ec4968cc0cd55f12af4660c	ae5b66bdf04b4c010bfe32b2fc126ead2107b697634f6f7337b9bff8785ee111200095ece87dde4dbe87343f6df3b107d91798c8a7eb1245d3bb9c5aafb093358c13e6ae1111a55717e885fd15f99f07	72
v1-bit-74-5	3d4017c3e843895a92b70aa74d1b7ebc9c982ccf2ec4968cc0cd55f12af4660c	ae5b66bdf04b4c010bfe32b2fc126ead2107b697634f6f7337b9bff8785ee111200095ece87dde4dbe87343f6df3b107d91798c8a7eb1245d3bb9c5aafb093358c13e6ae1111a55717e8b5fd15f99f07	72
v1-bit-74-6	3d4017c3e843895a92b70aa74d1b7ebc9c982ccf2ec4968cc0cd55f12af4660c	ae5b66bdf04b4c010bfe32b2fc126ead2107b697634f6f7337b9bff8785ee111200095ece87dde4dbe87343f6df3b107d91798c8a7eb1245d3bb9c5aafb093358c13e6ae1111a55717e8d5fd15f99f07	72
v1-bit-74-7	3d4017c3e843895a92b70aa74d1b7ebc9c982ccf2ec4968cc0cd55f12af4660c	ae5b66bdf04b4c010bfe32b2fc126ead2107b697634f6f7337b9bff8785ee111200095ece87dde4dbe87343f6df3b107d91798c8a7eb1245d3bb9c5aafb093358c13e6ae1111a55717e815fd15f99f07	72
v1-bit-75-0	3d4017c3e843895a92b70aa74d1b7ebc9c982ccf2ec4968cc0cd55f12af4660c	ae5b66bdf04b4c010bfe32b2fc126ead2107b697634f6f7337b9bff8785ee111200095ece87dde4dbe87343f6df3b107d91798c8a7eb1245d3bb9c5aafb093358c13e6ae1111a55717e895fc15f99f07	72
v1-bit-75-1	3d4017c3e843895a92b70aa74d1b7ebc9c982ccf2ec4968cc0cd55f12af4660c	ae5b66bdf04b4c010bfe32b2fc126ead2107b697634f6f7337b9bff8785ee111200095ece87dde4dbe87343f6df3b107d91798c8a7eb1245d3bb9c5aafb093358c13e6ae1111a55717e895ff15f99f07	72
v1-bit-75-2	3d4017c3e843895a92b70aa74d1b7ebc9c982ccf2ec4968cc0cd55f12af4660c	ae5b66bdf04b4c010bfe32b2fc126ead2107b697634f6f7337b9bff8785ee111200095ece87dde4dbe87343f6df3b107d91798c8a7eb1245d3bb9c5aafb093358c13e6ae1111a55717e895f915f99f07	72
v1-bit-75-3	3d4017c3e843895a92b70aa74d1b7ebc9c982ccf2ec4968cc0cd55f12af4660c	ae5b66bdf04b4c010bfe32b2fc126ead2107b697634f6f7337b9bff8785ee111200095ece87dde4dbe87343f6df3b107d91798c8a7eb1245d3bb9c5aafb093358c13e6ae1111a55717e895f515f99f07	72
v1-bit-75-4	3d4017c3e843895a92b70aa74d1b7ebc9c982ccf2ec4968cc0cd55f12af4660c	ae5b66bdf04b4c010bfe32b2fc126ead2107b697634f6f7337b9bff8785ee111200095ece87dde4dbe87343f6df3b107d91798c8a7eb1245d3bb9c5aafb093358c13e6ae1111a55717e895ed15f99f07	72
v1-bit-75-5	3d4017c3e843895a92b70aa74d1b7ebc9c982ccf2ec4968cc0cd55f12af4660c	ae5b66bdf04b4c010bfe32b2fc126ead2107b697634f6f7337b9bff8785ee111200095ece87dde4dbe87343f6df3b107d91798c8a7eb1245d3bb9c5aafb093358c13e6ae1111a55717e895dd15f99f07	72
v1-bit-75-6	3d4017c3e843895a92b70aa74d1b7ebc9c982ccf2ec4968cc0cd55f12af4660c	ae5b66bdf04b4c010bfe32b2fc126ead2107b697634f6f7337b9bff8785ee111200095ece87dde4dbe87343f6df3b107d91798c8a7eb1245d3bb9c5aafb093358c13e6ae1111a55717e895bd15f99f07	72
v1-bit-75-7	3d4017c3e843895a92b70aa74d1b7ebc9c982ccf2ec4968cc0cd55f12af4660c	ae5b66bdf04b4c010bfe32b2fc126ead2107b697634f6f7337b9bff8785ee111200095ece87dde4dbe87343f6df3b107d91798c8a7eb1245d3bb9c5aafb093358c13e6ae1111a55717e8957d15f99f07	72
v1-bit-76-0	3d4017c3e843895a92b70aa74d1b7ebc9c982ccf2ec4968cc0cd55f12af4660c	ae5b66bdf04b4c010bfe32b2fc126ead2107b697634f6f7337b9bff8785ee111200095ece87dde4dbe87343f6df3b107d91798c8a7eb1245d3bb9c5aafb093358c13e6ae1111a55717e895fd14f99f07	72
v1-bit-76-1	3d4017c3e843895a92b70aa74d1b7ebc9c982ccf2ec4968cc0cd55f12af4660c	ae5b66bdf04b4c010bfe32b2fc126ead2107b697634f6f7337b9bff8785ee111200095ece87dde4dbe87343f6df3b107d91798c8a7eb1245d3bb9c5aafb093358c13e6ae1111a55717e895fd17f99f07	72
v1-bit-76-2	3d4017c3e843895a92b70aa74d1b7ebc9c982ccf2ec4968cc0cd55f12af4660c	ae5b66bdf04b4c010bfe32b2fc126ead2107b697634f6f7337b9bff8785ee111200095ece87dde4dbe87343f6df3b107d91798c8a7eb1245d3bb9c5aafb093358c13e6ae1111a55717e895fd11f99f07	72
v1-bit-76-3	3d4017c3e843895a92b70aa74d1b7ebc9c982ccf2ec4968cc0cd55f12af4660c	ae5b66bdf04b4c010bfe32b2fc126ead2107b697634f6f7337b9bff8785ee111200095ece87dde4dbe87343f6df3b107d91798c8a7eb1245d3bb9c5aafb093358c13e6ae1111a55717e895fd1df99f07	72
v1-bit-76-4	3d4017c3e843895a92b70aa74d1b7ebc9c982ccf2ec4968cc0cd55f12af4660c	ae5b66bdf04b4c010bfe32b2fc126ead2107b697634f6f7337b9bff8785ee111200095ece87dde4dbe87343f6df3b107d91798c8a7eb1245d3bb9c5aafb093358c13e6ae1111a55717e895fd05f99f07	72
v1-bit-76-5	3d4017c3e843895a92b70aa74d1b7ebc9c982ccf2ec4968cc0cd55f12af4660c	ae5b66bdf04b4c010bfe32b2fc126ead2107b697634f6f7337b9bff8785ee111200095ece87dde4dbe87343f6df3b107d91798c8a7eb1245d3bb9c5aafb093358c13e6ae1111a55717e895fd35f99f07	72
v1-bit-76-6	3d4017c3e843895a92b70aa74d1b7ebc9c982ccf2ec4968cc0cd55f12af4660c	ae5b66bdf04b4c010bfe32b2fc126ead2107b697634f6f7337b9bff8785ee111200095ece87dde4dbe87343f6df3b107d91798c8a7eb1245d3bb9c5aafb093358c13e6ae1111a55717e895fd55f99f07	72
v1-bit-76-7	3d4017c3e843895a92b70aa74d1b7ebc9c982ccf2ec4968cc0cd55f12af4660c	ae5b66bdf04b4c010bfe32b2fc126ead2107b697634f6f7337b9bff8785ee111200095ece87dde4dbe87343f6df3b107d91798c8a7eb1245d3bb9c5aafb093358c13e6ae1111a55717e895fd95f99f07	72
v1-bit-77-0	3d4017c3e843895a92b70aa74d1b7ebc9c982ccf2ec4968cc0cd55f12af4660c	ae5b66bdf04b4c010bfe32b2fc126ead2107b697634f6f7337b9bff8785ee111200095ece87dde4dbe87343f6df3b107d91798c8a7eb1245d3bb9c5aafb093358c13e6ae1111a55717e895fd15f89f07	72
v1-bit-77-1	3d4017c3e843895a92b70aa74d1b7ebc9c982ccf2ec4968cc0cd55f12af4660c	ae5b66bdf04b4c010bfe32b2fc126ead2107b697634f6f7337b9bff8785ee111200095ece87dde4dbe87343f6df3b107d91798c8a7eb1245d3bb9c5aafb093358c13e6ae1111a55717e895fd15fb9f07	72
v1-bit-77-2	3d4017c3e843895a92b70aa74d1b7ebc9c982ccf2ec4968cc0cd55f12af4660c	ae5b66bdf04b4c010bfe32b2fc126ead2107b697634f6f7337b9bff8785ee111200095ece87dde4dbe87343f6df3b107d91798c8a7eb1245d3bb9c5aafb093358c13e6ae1111a55717e895fd15fd9f07	72
v1-bit-77-3	3d4017c3e843895a92b70aa74d1b7ebc9c982ccf2ec4968cc0cd55f12af4660c	ae5b66bdf04b4c010bfe32b2fc126ead2107b697634f6f7337b9bff8785ee111200095ece87dde4dbe87343f6df3b107d91798c8a7eb1245d3bb9c5aafb093358c13e6ae1111a55717e895fd15f19f07	72
v1-bit-77-4	3d4017c3e843895a92b70aa74d1b7ebc9c982ccf2ec4968cc0cd55f12af4660c	ae5b66bdf04b4c010bfe32b2fc126ead2107b697634f6f7337b9bff8785ee111200095ece87dde4dbe87343f6df3b107d91798c8a7eb1245d3bb9c5aafb093358c13e6ae1111a55717e895fd15e99f07	72
v1-bit-77-5	3d4017c3e843895a92b70aa74d1b7ebc9c982ccf2ec4968cc0cd55f12af4660c	ae5b66bdf04b4c010bfe32b2fc126ead2107b697634f6f7337b9bff8785ee111200095ece87dde4dbe87343f6df3b107d91798c8a7eb1245d3bb9c5aafb093358c13e6ae1111a55717e895fd15d99f07	72
v1-bit-77-6	3d4017c3e843895a92b70aa74d1b7ebc9c982ccf2ec4968cc0cd55f12af4660c	ae5b66bdf04b4c010bfe32b2fc126ead2107b697634f6f7337b9bff8785ee111200095ece87dde4dbe87343f6df3b107d91798c8a7eb1245d3bb9c5aafb093358c13e6ae1111a55717e895fd15b99f07	72
v1-bit-77-7	3d4017c3e843895a92b70aa74d1b7ebc9c982ccf2ec4968cc0cd55f12af4660c	ae5b66bdf04b4c010bfe32b2fc126ead2107b697634f6f7337b9bff8785ee111200095ece87dde4dbe87343f6df3b107d91798c8a7eb1245d3bb9c5aafb093358c13e6ae1111a55717e895fd15799f07	72
v1-bit-78-0	3d4017c3e843895a92b70aa74d1b7ebc9c982ccf2ec4968cc0cd55f12af4660c	ae5b66bdf04b4c010bfe32b2fc126ead2107b697634f6f7337b9bff8785ee111200095ece87dde4dbe87343f6df3b107d91798c8a7eb1245d3bb9c5aafb093358c13e6ae1111a55717e895fd15f99e07	72
v1-bit-78-1	3d4017c3e843895a92b70aa74d1b7ebc9c982ccf2ec4968cc0cd55f12af4660c	ae5b66bdf04b4c010bfe32b2fc126ead2107b697634f6f7337b9bff8785ee111200095ece87dde4dbe87343f6df3b107d91798c8a7eb1245d3bb9c5aafb093358c13e6ae1111a55717e895fd15f99d07	72
v1-bit-78-2	3d4017c3e843895a92b70aa74d1b7ebc9c982ccf2ec4968cc0cd55f12af4660c	ae5b66bdf04b4c010bfe32b2fc126ead2107b697634f6f7337b9bff8785ee111200095ece87dde4dbe87343f6df3b107d91798c8a7eb1245d3bb9c5aafb093358c13e6ae1111a55717e895fd15f99b07	72
v1-bit-78-3	3d4017c3e843895a92b70aa74d1b7ebc9c982ccf2ec4968cc0cd55f12af4660c	ae5b66bdf04b4c010bfe32b2fc126ead2107b697634f6f7337b9bff8785ee111200095ece87dde4dbe87343f6df3b107d91798c8a7eb1245d3bb9c5aafb093358c13e6ae1111a55717e895fd15f99707	72
v1-bit-78-4	3d4017c3e843895a92b70aa74d1b7ebc9c982ccf2ec4968cc0cd55f12af4660c	ae5b66bdf04b4c010bfe32b2fc126ead2107b697634f6f7337b9bff8785ee111200095ece87dde4dbe87343f6df3b107d91798c8a7eb1245d3bb9c5aafb093358c13e6ae1111a55717e895fd15f98f07	72
v1-bit-78-5	3d4017c3e843895a92b70aa74d1b7ebc9c982ccf2ec4968cc0cd55f12af4660c	ae5b66bdf04b4c010bfe32b2fc126ead2107b697634f6f7337b9bff8785ee111200095ece87dde4dbe87343f6df3b107d91798c8a7eb1245d3bb9c5aafb093358c13e6ae1111a55717e895fd15f9bf07	72
v1-bit-78-6	3d4017c3e843895a92b70aa74d1b7ebc9c982ccf2ec4968cc0cd55f12af4660c	ae5b66bdf04b4c010bfe32b2fc126ead2107b697634f6f7337b9bff8785ee111200095ece87dde4dbe87343f6df3b107d91798c8a7eb1245d3bb9c5aafb093358c13e6ae1111a55717e895fd15f9df07	72
v1-bit-78-7	3d4017c3e843895a92b70aa74d1b7ebc9c982ccf2ec4968cc0cd55f12af4660c	ae5b66bdf04b4c010bfe32b2fc126ead2107b697634f6f7337b9bff8785ee111200095ece87dde4dbe87343f6df3b107d91798c8a7eb1245d3bb9c5aafb093358c13e6ae1111a55717e895fd15f91f07	72
v1-bit-79-0	3d4017c3e843895a92b70aa74d1b7ebc9c982ccf2ec4968cc0cd55f12af4660c	ae5b66bdf04b4c010bfe32b2fc126ead2107b697634f6f7337b9bff8785ee111200095ece87dde4dbe87343f6df3b107d91798c8a7eb1245d3bb9c5aafb093358c13e6ae1111a55717e895fd15f99f06	72
v1-bit-79-1	3d4017c3e843895a92b70aa74d1b7ebc9c982ccf2ec4968cc0cd55f12af4660c	ae5b66bdf04b4c010bfe32b2fc126ead2107b697634f6f7337b9bff8785ee111200095ece87dde4dbe87343f6df3b107d91798c8a7eb1245d3bb9c5aafb093358c13e6ae1111a55717e895fd15f99f05	72
v1-bit-79-2	3d4017c3e843895a92b70aa74d1b7ebc9c982ccf2ec4968cc0cd55f12af4660c	ae5b66bdf04b4c010bfe32b2fc126ead2107b697634f6f7337b9bff8785ee111200095ece87dde4dbe87343f6df3b107d91798c8a7eb1245d3bb9c5aafb093358c13e6ae1111a55717e895fd15f99f03	72
v1-bit-79-3	3d4017c3e843895a92b70aa74d1b7ebc9c982ccf2ec4968cc0cd55f12af4660c	ae5b66bdf04b4c010bfe32b2fc126ead2107b697634f6f7337b9bff8785ee111200095ece87dde4dbe87343f6df3b107d91798c8a7eb1245d3bb9c5aafb093358c13e6ae1111a55717e895fd15f99f0f	72
v1-bit-79-4	3d4017c3e843895a92b70aa74d1b7ebc9c982ccf2ec4968cc0cd55f12af4660c	ae5b66bdf04b4c010bfe32b2fc126ead2107b697634f6f7337b9bff8785ee111200095ece87dde4dbe87343f6df3b107d91798c8a7eb1245d3bb9c5aafb093358c13e6ae1111a55717e895fd15f99f17	72
v1-bit-79-5	3d4017c3e843895a92b70aa74d1b7ebc9c982ccf2ec4968cc0cd55f12af4660c	ae5b66bdf04b4c010bfe32b2fc126ead2107b697634f6f7337b9bff8785ee111200095ece87dde4dbe87343f6df3b107d91798c8a7eb1245d3bb9c5aafb093358c13e6ae1111a55717e895fd15f99f27	72
v1-bit-79-6	3d4017c3e843895a92b70aa74d1b7ebc9c982ccf2ec4968cc0cd55f12af4660c	ae5b66bdf04b4c010bfe32b2fc126ead2107b697634f6f7337b9bff8785ee111200095ece87dde4dbe87343f6df3b107d91798c8a7eb1245d3bb9c5aafb093358c13e6ae1111a55717e895fd15f99f47	72
v1-bit-79-7	3d4017c3e843895a92b70aa74d1b7ebc9c982ccf2ec4968cc0cd55f12af4660c	ae5b66bdf04b4c010bfe32b2fc126ead2107b697634f6f7337b9bff8785ee111200095ece87dde4dbe87343f6df3b107d91798c8a7eb1245d3bb9c5aafb093358c13e6ae1111a55717e895fd15f99f87	72
v1-s-plus-1L	3d4017c3e843895a92b70aa74d1b7ebc9c982ccf2ec4968cc0cd55f12af4660c	ae5b66bdf04b4c010bfe32b2fc126ead2107b697634f6f7337b9bff8785ee111200095ece87dde4dbe87343f6df3b107c6eb8d25c24e259da95894fd8daa724a8c13e6ae1111a55717e895fd15f99f17	72
v1-s-plus-2L	3d4017c3e843895a92b70aa74d1b7ebc9c982ccf2ec4968cc0cd55f12af4660c	ae5b66bdf04b4c010bfe32b2fc126ead2107b697634f6f7337b9bff8785ee111200095ece87dde4dbe87343f6df3b107b3bf8382dcb137f57ff58ba06ca4515f8c13e6ae1111a55717e895fd15f99f27	72
v1-s-plus-3L	3d4017c3e843895a92b70aa74d1b7ebc9c982ccf2ec4968cc0cd55f12af4660c	ae5b66bdf04b4c010bfe32b2fc126ead2107b697634f6f7337b9bff8785ee111200095ece87dde4dbe87343f6df3b107a09379dff6144a4d569283434b9e30748c13e6ae1111a55717e895fd15f99f37	72
v1-s-plus-4L	3d4017c3e843895a92b70aa74d1b7ebc9c982ccf2ec4968cc0cd55f12af4660c	ae5b66bdf04b4c010bfe32b2fc126ead2107b697634f6f7337b9bff8785ee111200095ece87dde4dbe87343f6df3b1078d676f3c11785ca52c2f7be629980f898c13e6ae1111a55717e895fd15f99f47	72
v1-s-plus-5L	3d4017c3e843895a92b70aa74d1b7ebc9c982ccf2ec4968cc0cd55f12af4660c	ae5b66bdf04b4c010bfe32b2fc126ead2107b697634f6f7337b9bff8785ee111200095ece87dde4dbe87343f6df3b1077a3b65992bdb6efd02cc72890892ee9d8c13e6ae1111a55717e895fd15f99f57	72
v1-s-plus-6L	3d4017c3e843895a92b70aa74d1b7ebc9c982ccf2ec4968cc0cd55f12af4660c	ae5b66bdf04b4c010bfe32b2fc126ead2107b697634f6f7337b9bff8785ee111200095ece87dde4dbe87343f6df3b107670f5bf6453e8155d9686a2ce78bcdb28c13e6ae1111a55717e895fd15f99f67	72
v1-s-plus-7L	3d4017c3e843895a92b70aa74d1b7ebc9c982ccf2ec4968cc0cd55f12af4660c	ae5b66bdf04b4c010bfe32b2fc126ead2107b697634f6f7337b9bff8785ee111200095ece87dde4dbe87343f6df3b10754e3505360a193adaf0562cfc585acc78c13e6ae1111a55717e895fd15f99f77	72
v1-s-plus-8L	3d4017c3e843895a92b70aa74d1b7ebc9c982ccf2ec4968cc0cd55f12af4660c	ae5b66bdf04b4c010bfe32b2fc126ead2107b697634f6f7337b9bff8785ee111200095ece87dde4dbe87343f6df3b10741b746b07a04a60586a25972a47f8bdc8c13e6ae1111a55717e895fd15f99f87	72
v1-s-plus-9L	3d4017c3e843895a92b70aa74d1b7ebc9c982ccf2ec4968cc0cd55f12af4660c	ae5b66bdf04b4c010bfe32b2fc126ead2107b697634f6f7337b9bff8785ee111200095ece87dde4dbe87343f6df3b1072e8b3c0d9567b85d5c3f511583796af18c13e6ae1111a55717e895fd15f99f97	72
v1-s-plus-10L	3d4017c3e843895a92b70aa74d1b7ebc9c982ccf2ec4968cc0cd55f12af4660c	ae5b66bdf04b4c010bfe32b2fc126ead2107b697634f6f7337b9bff8785ee111200095ece87dde4dbe87343f6df3b1071b5f326aafcacab532dc48b8617349068d13e6ae1111a55717e895fd15f99fa7	72
v1-s-plus-11L	3d4017c3e843895a92b70aa74d1b7ebc9c982ccf2ec4968cc0cd55f12af4660c	ae5b66bdf04b4c010bfe32b2fc126ead2107b697634f6f7337b9bff8785ee111200095ece87dde4dbe87343f6df3b107083328c7c92ddd0d0979405b406d281b8d13e6ae1111a55717e895fd15f99fb7	72
v1-s-plus-12L	3d4017c3e843895a92b70aa74d1b7ebc9c982ccf2ec4968cc0cd55f12af4660c	ae5b66bdf04b4c010bfe32b2fc126ead2107b697634f6f7337b9bff8785ee111200095ece87dde4dbe87343f6df3b107f5061e24e490ef65df1538fe1e6707308d13e6ae1111a55717e895fd15f99fc7	72
v1-s-plus-13L	3d4017c3e843895a92b70aa74d1b7ebc9c982ccf2ec4968cc0cd55f12af4660c	ae5b66bdf04b4c010bfe32b2fc126ead2107b697634f6f7337b9bff8785ee111200095ece87dde4dbe87343f6df3b107e2da1381fef301beb5b22fa1fd60e6448d13e6ae1111a55717e895fd15f99fd7	72
v1-s-plus-14L	3d4017c3e843895a92b70aa74d1b7ebc9c982ccf2ec4968cc0cd55f12af4660c	ae5b66bdf04b4c010bfe32b2fc126ead2107b697634f6f7337b9bff8785ee111200095ece87dde4dbe87343f6df3b107cfae09de185714168c4f2744dc5ac5598d13e6ae1111a55717e895fd15f99fe7	72
v1-s-plus-15L	3d4017c3e843895a92b70aa74d1b7ebc9c982ccf2ec4968cc0cd55f12af4660c	ae5b66bdf04b4c010bfe32b2fc126ead2107b697634f6f7337b9bff8785ee111200095ece87dde4dbe87343f6df3b107bc82ff3a33ba266e62ec1ee7ba54a46e8d13e6ae1111a55717e895fd15f99ff7	72
v1-pk-zero	0000000000000000000000000000000000000000000000000000000000000000	ae5b66bdf04b4c010bfe32b2fc126ead2107b697634f6f7337b9bff8785ee111200095ece87dde4dbe87343f6df3b107d91798c8a7eb1245d3bb9c5aafb093358c13e6ae1111a55717e895fd15f99f07	72
v1-gamma-zero	3d4017c3e843895a92b70aa74d1b7ebc9c982ccf2ec4968cc0cd55f12af4660c	0000000000000000000000000000000000000000000000000000000000000000200095ece87dde4dbe87343f6df3b107d91798c8a7eb1245d3bb9c5aafb093358c13e6ae1111a55717e895fd15f99f07	72
v1-pk-identity	0100000000000000000000000000000000000000000000000000000000000000	ae5b66bdf04b4c010bfe32b2fc126ead2107b697634f6f7337b9bff8785ee111200095ece87dde4dbe87343f6df3b107d91798c8a7eb1245d3bb9c5aafb093358c13e6ae1111a55717e895fd15f99f07	72
v1-gamma-identity	3d4017c3e843895a92b70aa74d1b7ebc9c982ccf2ec4968cc0cd55f12af4660c	0100000000000000000000000000000000000000000000000000000000000000200095ece87dde4dbe87343f6df3b107d91798c8a7eb1245d3bb9c5aafb093358c13e6ae1111a55717e895fd15f99f07	72
v1-pk-minus-one	ecffffffffffffffffffffffffffffffffffffffffffffffffffffffffffff7f	ae5b66bdf04b4c010bfe32b2fc126ead2107b697634f6f7337b9bff8785ee111200095ece87dde4dbe87343f6df3b107d91798c8a7eb1245d3bb9c5aafb093358c13e6ae1111a55717e895fd15f99f07	72
v1-gamma-minus-one	3d4017c3e843895a92b70aa74d1b7ebc9c982ccf2ec4968cc0cd55f12af4660c	ecffffffffffffffffffffffffffffffffffffffffffffffffffffffffffff7f200095ece87dde4dbe87343f6df3b107d91798c8a7eb1245d3bb9c5aafb093358c13e6ae1111a55717e895fd15f99f07	72
v1-pk-p	edffffffffffffffffffffffffffffffffffffffffffffffffffffffffffff7f	ae5b66bdf04b4c010bfe32b2fc126ead2107b697634f6f7337b9bff8785ee111200095ece87dde4dbe87343f6df3b107d91798c8a7eb1245d3bb9c5aafb093358c13e6ae1111a55717e895fd15f99f07	72
v1-gamma-p	3d4017c3e843895a92b70aa74d1b7ebc9c982ccf2ec4968cc0cd55f12af4660c	edffffffffffffffffffffffffffffffffffffffffffffffffffffffffffff7f200095ece87dde4dbe87343f6df3b107d91798c8a7eb1245d3bb9c5aafb093358c13e6ae1111a55717e895fd15f99f07	72
v1-pk-p-plus-one	eeffffffffffffffffffffffffffffffffffffffffffffffffffffffffffff7f	ae5b66bdf04b4c010bfe32b2fc126ead2107b697634f6f7337b9bff8785ee111200095ece87dde4dbe87343f6df3b107d91798c8a7eb1245d3bb9c5aafb093358c13e6ae1111a55717e895fd15f99f07	72
v1-gamma-p-plus-one	3d4017c3e843895a92b70aa74d1b7ebc9c982ccf2ec4968cc0cd55f12af4660c	eeffffffffffffffffffffffffffffffffffffffffffffffffffffffffffff7f200095ece87dde4dbe87343f6df3b107d91798c8a7eb1245d3bb9c5aafb093358c13e6ae1111a55717e895fd15f99f07	72
v1-pk-negative-zero	0100000000000000000000000000000000000000000000000000000000000080	ae5b66bdf04b4c010bfe32b2fc126ead2107b697634f6f7337b9bff8785ee111200095ece87dde4dbe87343f6df3b107d91798c8a7eb1245d3bb9c5aafb093358c13e6ae1111a55717e895fd15f99f07	72
v1-gamma-negative-zero	3d4017c3e843895a92b70aa74d1b7ebc9c982ccf2ec4968cc0cd55f12af4660c	0100000000000000000000000000000000000000000000000000000000000080200095ece87dde4dbe87343f6df3b107d91798c8a7eb1245d3bb9c5aafb093358c13e6ae1111a55717e895fd15f99f07	72
v1-wrong-message	3d4017c3e843895a92b70aa74d1b7ebc9c982ccf2ec4968cc0cd55f12af4660c	ae5b66bdf04b4c010bfe32b2fc126ead2107b697634f6f7337b9bff8785ee111200095ece87dde4dbe87343f6df3b107d91798c8a7eb1245d3bb9c5aafb093358c13e6ae1111a55717e895fd15f99f07	7200
v1-truncated-message	3d4017c3e843895a92b70aa74d1b7ebc9c982ccf2ec4968cc0cd55f12af4660c	ae5b66bdf04b4c010bfe32b2fc126ead2107b697634f6f7337b9bff8785ee111200095ece87dde4dbe87343f6df3b107d91798c8a7eb1245d3bb9c5aafb093358c13e6ae1111a55717e895fd15f99f07	
v1-pk-length-0		ae5b66bdf04b4c010bfe32b2fc126ead2107b697634f6f7337b9bff8785ee111200095ece87dde4dbe87343f6df3b107d91798c8a7eb1245d3bb9c5aafb093358c13e6ae1111a55717e895fd15f99f07	72
v1-pk-length-31	3d4017c3e843895a92b70aa74d1b7ebc9c982ccf2ec4968cc0cd55f12af466	ae5b66bdf04b4c010bfe32b2fc126ead2107b697634f6f7337b9bff8785ee111200095ece87dde4dbe87343f6df3b107d91798c8a7eb1245d3bb9c5aafb093358c13e6ae1111a55717e895fd15f99f07	72
v1-pk-length-33	3d4017c3e843895a92b70aa74d1b7ebc9c982ccf2ec4968cc0cd55f12af4660c00	ae5b66bdf04b4c010bfe32b2fc126ead2107b697634f6f7337b9bff8785ee111200095ece87dde4dbe87343f6df3b107d91798c8a7eb1245d3bb9c5aafb093358c13e6ae1111a55717e895fd15f99f07	72
v1-proof-length-0	3d4017c3e843895a92b70aa74d1b7ebc9c982ccf2ec4968cc0cd55f12af4660c		72
v1-proof-length-79	3d4017c3e843895a92b70aa74d1b7ebc9c982ccf2ec4968cc0cd55f12af4660c	ae5b66bdf04b4c010bfe32b2fc126ead2107b697634f6f7337b9bff8785ee111200095ece87dde4dbe87343f6df3b107d91798c8a7eb1245d3bb9c5aafb093358c13e6ae1111a55717e895fd15f99f	72
v1-proof-length-81	3d4017c3e843895a92b70aa74d1b7ebc9c982ccf2ec4968cc0cd55f12af4660c	ae5b66bdf04b4c010bfe32b2fc126ead2107b697634f6f7337b9bff8785ee111200095ece87dde4dbe87343f6df3b107d91798c8a7eb1245d3bb9c5aafb093358c13e6ae1111a55717e895fd15f99f0700	72
v1-pk-null	NULL	ae5b66bdf04b4c010bfe32b2fc126ead2107b697634f6f7337b9bff8785ee111200095ece87dde4dbe87343f6df3b107d91798c8a7eb1245d3bb9c5aafb093358c13e6ae1111a55717e895fd15f99f07	72
v1-proof-null	3d4017c3e843895a92b70aa74d1b7ebc9c982ccf2ec4968cc0cd55f12af4660c	NULL	72
v1-alpha-null	3d4017c3e843895a92b70aa74d1b7ebc9c982ccf2ec4968cc0cd55f12af4660c	ae5b66bdf04b4c010bfe32b2fc126ead2107b697634f6f7337b9bff8785ee111200095ece87dde4dbe87343f6df3b107d91798c8a7eb1245d3bb9c5aafb093358c13e6ae1111a55717e895fd15f99f07	NULL
v2	fc51cd8e6218a1a38da47ed00230f0580816ed13ba3303ac5deb911548908025	dfa2cba34b611cc8c833a6ea83b8eb1bb5e2ef2dd1b0c481bc42ff36ae7847f6ab52b976cfd5def172fa412defde270c8b8bdfbaae1c7ece17d9833b1bcf31064fff78ef493f820055b561ece45e1009	af82
v2-upstream-bitflip-0	fc51cd8e6218a1a38da47ed00230f0580816ed13ba3303ac5deb911548908025	dea2cba34b611cc8c833a6ea83b8eb1bb5e2ef2dd1b0c481bc42ff36ae7847f6ab52b976cfd5def172fa412defde270c8b8bdfbaae1c7ece17d9833b1bcf31064fff78ef493f820055b561ece45e1009	af82
v2-upstream-bitflip-32	fc51cd8e6218a1a38da47ed00230f0580816ed13ba3303ac5deb911548908025	dfa2cba34b611cc8c833a6ea83b8eb1bb5e2ef2dd1b0c481bc42ff36ae7847f6aa52b976cfd5def172fa412defde270c8b8bdfbaae1c7ece17d9833b1bcf31064fff78ef493f820055b561ece45e1009	af82
v2-upstream-bitflip-48	fc51cd8e6218a1a38da47ed00230f0580816ed13ba3303ac5deb911548908025	dfa2cba34b611cc8c833a6ea83b8eb1bb5e2ef2dd1b0c481bc42ff36ae7847f6ab52b976cfd5def172fa412defde270c8a8bdfbaae1c7ece17d9833b1bcf31064fff78ef493f820055b561ece45e1009	af82
v2-upstream-bitflip-79	fc51cd8e6218a1a38da47ed00230f0580816ed13ba3303ac5deb911548908025	dfa2cba34b611cc8c833a6ea83b8eb1bb5e2ef2dd1b0c481bc42ff36ae7847f6ab52b976cfd5def172fa412defde270c8b8bdfbaae1c7ece17d9833b1bcf31064fff78ef493f820055b561ece45e1089	af82
v2-bit-0-0	fc51cd8e6218a1a38da47ed00230f0580816ed13ba3303ac5deb911548908025	dea2cba34b611cc8c833a6ea83b8eb1bb5e2ef2dd1b0c481bc42ff36ae7847f6ab52b976cfd5def172fa412defde270c8b8bdfbaae1c7ece17d9833b1bcf31064fff78ef493f820055b561ece45e1009	af82
v2-bit-0-1	fc51cd8e6218a1a38da47ed00230f0580816ed13ba3303ac5deb911548908025	dda2cba34b611cc8c833a6ea83b8eb1bb5e2ef2dd1b0c481bc42ff36ae7847f6ab52b976cfd5def172fa412defde270c8b8bdfbaae1c7ece17d9833b1bcf31064fff78ef493f820055b561ece45e1009	af82
v2-bit-0-2	fc51cd8e6218a1a38da47ed00230f0580816ed13ba3303ac5deb911548908025	dba2cba34b611cc8c833a6ea83b8eb1bb5e2ef2dd1b0c481bc42ff36ae7847f6ab52b976cfd5def172fa412defde270c8b8bdfbaae1c7ece17d9833b1bcf31064fff78ef493f820055b561ece45e1009	af82
v2-bit-0-3	fc51cd8e6218a1a38da47ed00230f0580816ed13ba3303ac5deb911548908025	d7a2cba34b611cc8c833a6ea83b8eb1bb5e2ef2dd1b0c481bc42ff36ae7847f6ab52b976cfd5def172fa412defde270c8b8bdfbaae1c7ece17d9833b1bcf31064fff78ef493f820055b561ece45e1009	af82
v2-bit-0-4	fc51cd8e6218a1a38da47ed00230f0580816ed13ba3303ac5deb911548908025	cfa2cba34b611cc8c833a6ea83b8eb1bb5e2ef2dd1b0c481bc42ff36ae7847f6ab52b976cfd5def172fa412defde270c8b8bdfbaae1c7ece17d9833b1bcf31064fff78ef493f820055b561ece45e1009	af82
v2-bit-0-5	fc51cd8e6218a1a38da47ed00230f0580816ed13ba3303ac5deb911548908025	ffa2cba34b611cc8c833a6ea83b8eb1bb5e2ef2dd1b0c481bc42ff36ae7847f6ab52b976cfd5def172fa412defde270c8b8bdfbaae1c7ece17d9833b1bcf31064fff78ef493f820055b561ece45e1009	af82
v2-bit-0-6	fc51cd8e6218a1a38da47ed00230f0580816ed13ba3303ac5deb911548908025	9fa2cba34b611cc8c833a6ea83b8eb1bb5e2ef2dd1b0c481bc42ff36ae7847f6ab52b976cfd5def172fa412defde270c8b8bdfbaae1c7ece17d9833b1bcf31064fff78ef493f820055b561ece45e1009	af82
v2-bit-0-7	fc51cd8e6218a1a38da47ed00230f0580816ed13ba3303ac5deb911548908025	5fa2cba34b611cc8c833a6ea83b8eb1bb5e2ef2dd1b0c481bc42ff36ae7847f6ab52b976cfd5def172fa412defde270c8b8bdfbaae1c7ece17d9833b1bcf31064fff78ef493f820055b561ece45e1009	af82
v2-bit-1-0	fc51cd8e6218a1a38da47ed00230f0580816ed13ba3303ac5deb911548908025	dfa3cba34b611cc8c833a6ea83b8eb1bb5e2ef2dd1b0c481bc42ff36ae7847f6ab52b976cfd5def172fa412defde270c8b8bdfbaae1c7ece17d9833b1bcf31064fff78ef493f820055b561ece45e1009	af82
v2-bit-1-1	fc51cd8e6218a1a38da47ed00230f0580816ed13ba3303ac5deb911548908025	dfa0cba34b611cc8c833a6ea83b8eb1bb5e2ef2dd1b0c481bc42ff36ae7847f6ab52b976cfd5def172fa412defde270c8b8bdfbaae1c7ece17d9833b1bcf31064fff78ef493f820055b561ece45e1009	af82
v2-bit-1-2	fc51cd8e6218a1a38da47ed00230f0580816ed13ba3303ac5deb911548908025	dfa6cba34b611cc8c833a6ea83b8eb1bb5e2ef2dd1b0c481bc42ff36ae7847f6ab52b976cfd5def172fa412defde270c8b8bdfbaae1c7ece17d9833b1bcf31064fff78ef493f820055b561ece45e1009	af82
v2-bit-1-3	fc51cd8e6218a1a38da47ed00230f0580816ed13ba3303ac5deb911548908025	dfaacba34b611cc8c833a6ea83b8eb1bb5e2ef2dd1b0c481bc42ff36ae7847f6ab52b976cfd5def172fa412defde270c8b8bdfbaae1c7ece17d9833b1bcf31064fff78ef493f820055b561ece45e1009	af82
v2-bit-1-4	fc51cd8e6218a1a38da47ed00230f0580816ed13ba3303ac5deb911548908025	dfb2cba34b611cc8c833a6ea83b8eb1bb5e2ef2dd1b0c481bc42ff36ae7847f6ab52b976cfd5def172fa412defde270c8b8bdfbaae1c7ece17d9833b1bcf31064fff78ef493f820055b561ece45e1009	af82
v2-bit-1-5	fc51cd8e6218a1a38da47ed00230f0580816ed13ba3303ac5deb911548908025	df82cba34b611cc8c833a6ea83b8eb1bb5e2ef2dd1b0c481bc42ff36ae7847f6ab52b976cfd5def172fa412defde270c8b8bdfbaae1c7ece17d9833b1bcf31064fff78ef493f820055b561ece45e1009	af82
v2-bit-1-6	fc51cd8e6218a1a38da47ed00230f0580816ed13ba3303ac5deb911548908025	dfe2cba34b611cc8c833a6ea83b8eb1bb5e2ef2dd1b0c481bc42ff36ae7847f6ab52b976cfd5def172fa412defde270c8b8bdfbaae1c7ece17d9833b1bcf31064fff78ef493f820055b561ece45e1009	af82
v2-bit-1-7	fc51cd8e6218a1a38da47ed00230f0580816ed13ba3303ac5deb911548908025	df22cba34b611cc8c833a6ea83b8eb1bb5e2ef2dd1b0c481bc42ff36ae7847f6ab52b976cfd5def172fa412defde270c8b8bdfbaae1c7ece17d9833b1bcf31064fff78ef493f820055b561ece45e1009	af82
v2-bit-2-0	fc51cd8e6218a1a38da47ed00230f0580816ed13ba3303ac5deb911548908025	dfa2caa34b611cc8c833a6ea83b8eb1bb5e2ef2dd1b0c481bc42ff36ae7847f6ab52b976cfd5def172fa412defde270c8b8bdfbaae1c7ece17d9833b1bcf31064fff78ef493f820055b561ece45e1009	af82
v2-bit-2-1	fc51cd8e6218a1a38da47ed00230f0580816ed13ba3303ac5deb911548908025	dfa2c9a34b611cc8c833a6ea83b8eb1bb5e2ef2dd1b0c481bc42ff36ae7847f6ab52b976cfd5def172fa412defde270c8b8bdfbaae1c7ece17d9833b1bcf31064fff78ef493f820055b561ece45e1009	af82
v2-bit-2-2	fc51cd8e6218a1a38da47ed00230f0580816ed13ba3303ac5deb911548908025	dfa2cfa34b611cc8c833a6ea83b8eb1bb5e2ef2dd1b0c481bc42ff36ae7847f6ab52b976cfd5def172fa412defde270c8b8bdfbaae1c7ece17d9833b1bcf31064fff78ef493f820055b561ece45e1009	af82
v2-bit-2-3	fc51cd8e6218a1a38da47ed00230f0580816ed13ba3303ac5deb911548908025	dfa2c3a34b611cc8c833a6ea83b8eb1bb5e2ef2dd1b0c481bc42ff36ae7847f6ab52b976cfd5def172fa412defde270c8b8bdfbaae1c7ece17d9833b1bcf31064fff78ef493f820055b561ece45e1009	af82
v2-bit-2-4	fc51cd8e6218a1a38da47ed00230f0580816ed13ba3303ac5deb911548908025	dfa2dba34b611cc8c833a6ea83b8eb1bb5e2ef2dd1b0c481bc42ff36ae7847f6ab52b976cfd5def172fa412defde270c8b8bdfbaae1c7ece17d9833b1bcf31064fff78ef493f820055b561ece45e1009	af82
v2-bit-2-5	fc51cd8e6218a1a38da47ed00230f0580816ed13ba3303ac5deb911548908025	dfa2eba34b611cc8c833a6ea83b8eb1bb5e2ef2dd1b0c481bc42ff36ae7847f6ab52b976cfd5def172fa412defde270c8b8bdfbaae1c7ece17d9833b1bcf31064fff78ef493f820055b561ece45e1009	af82
v2-bit-2-6	fc51cd8e6218a1a38da47ed00230f0580816ed13ba3303ac5deb911548908025	dfa28ba34b611cc8c833a6ea83b8eb1bb5e2ef2dd1b0c481bc42ff36ae7847f6ab52b976cfd5def172fa412defde270c8b8bdfbaae1c7ece17d9833b1bcf31064fff78ef493f820055b561ece45e1009	af82
v2-bit-2-7	fc51cd8e6218a1a38da47ed00230f0580816ed13ba3303ac5deb911548908025	dfa24ba34b611cc8c833a6ea83b8eb1bb5e2ef2dd1b0c481bc42ff36ae7847f6ab52b976cfd5def172fa412defde270c8b8bdfbaae1c7ece17d9833b1bcf31064fff78ef493f820055b561ece45e1009	af82
v2-bit-3-0	fc51cd8e6218a1a38da47ed00230f0580816ed13ba3303ac5deb911548908025	dfa2cba24b611cc8c833a6ea83b8eb1bb5e2ef2dd1b0c481bc42ff36ae7847f6ab52b976cfd5def172fa412defde270c8b8bdfbaae1c7ece17d9833b1bcf31064fff78ef493f820055b561ece45e1009	af82
v2-bit-3-1	fc51cd8e6218a1a38da47ed00230f0580816ed13ba3303ac5deb911548908025	dfa2cba14b611cc8c833a6ea83b8eb1bb5e2ef2dd1b0c481bc42ff36ae7847f6ab52b976cfd5def172fa412defde270c8b8bdfbaae1c7ece17d9833b1bcf31064fff78ef493f820055b561ece45e1009	af82
v2-bit-3-2	fc51cd8e6218a1a38da47ed00230f0580816ed13ba3303ac5deb911548908025	dfa2cba74b611cc8c833a6ea83b8eb1bb5e2ef2dd1b0c481bc42ff36ae7847f6ab52b976cfd5def172fa412defde270c8b8bdfbaae1c7ece17d9833b1bcf31064fff78ef493f820055b561ece45e1009	af82
v2-bit-3-3	fc51cd8e6218a1a38da47ed00230f0580816ed13ba3303ac5deb911548908025	dfa2cbab4b611cc8c833a6ea83b8eb1bb5e2ef2dd1b0c481bc42ff36ae7847f6ab52b976cfd5def172fa412defde270c8b8bdfbaae1c7ece17d9833b1bcf31064fff78ef493f820055b561ece45e1009	af82
v2-bit-3-4	fc51cd8e6218a1a38da47ed00230f0580816ed13ba3303ac5deb911548908025	dfa2cbb34b611cc8c833a6ea83b8eb1bb5e2ef2dd1b0c481bc42ff36ae7847f6ab52b976cfd5def172fa412defde270c8b8bdfbaae1c7ece17d9833b1bcf31064fff78ef493f820055b561ece45e1009	af82
v2-bit-3-5	fc51cd8e6218a1a38da47ed00230f0580816ed13ba3303ac5deb911548908025	dfa2cb834b611cc8c833a6ea83b8eb1bb5e2ef2dd1b0c481bc42ff36ae7847f6ab52b976cfd5def172fa412defde270c8b8bdfbaae1c7ece17d9833b1bcf31064fff78ef493f820055b561ece45e1009	af82
v2-bit-3-6	fc51cd8e6218a1a38da47ed00230f0580816ed13ba3303ac5deb911548908025	dfa2cbe34b611cc8c833a6ea83b8eb1bb5e2ef2dd1b0c481bc42ff36ae7847f6ab52b976cfd5def172fa412defde270c8b8bdfbaae1c7ece17d9833b1bcf31064fff78ef493f820055b561ece45e1009	af82
v2-bit-3-7	fc51cd8e6218a1a38da47ed00230f0580816ed13ba3303ac5deb911548908025	dfa2cb234b611cc8c833a6ea83b8eb1bb5e2ef2dd1b0c481bc42ff36ae7847f6ab52b976cfd5def172fa412defde270c8b8bdfbaae1c7ece17d9833b1bcf31064fff78ef493f820055b561ece45e1009	af82
v2-bit-4-0	fc51cd8e6218a1a38da47ed00230f0580816ed13ba3303ac5deb911548908025	dfa2cba34a611cc8c833a6ea83b8eb1bb5e2ef2dd1b0c481bc42ff36ae7847f6ab52b976cfd5def172fa412defde270c8b8bdfbaae1c7ece17d9833b1bcf31064fff78ef493f820055b561ece45e1009	af82
v2-bit-4-1	fc51cd8e6218a1a38da47ed00230f0580816ed13ba3303ac5deb911548908025	dfa2cba349611cc8c833a6ea83b8eb1bb5e2ef2dd1b0c481bc42ff36ae7847f6ab52b976cfd5def172fa412defde270c8b8bdfbaae1c7ece17d9833b1bcf31064fff78ef493f820055b561ece45e1009	af82
v2-bit-4-2	fc51cd8e6218a1a38da47ed00230f0580816ed13ba3303ac5deb911548908025	dfa2cba34f611cc8c833a6ea83b8eb1bb5e2ef2dd1b0c481bc42ff36ae7847f6ab52b976cfd5def172fa412defde270c8b8bdfbaae1c7ece17d9833b1bcf31064fff78ef493f820055b561ece45e1009	af82
v2-bit-4-3	fc51cd8e6218a1a38da47ed00230f0580816ed13ba3303ac5deb911548908025	dfa2cba343611cc8c833a6ea83b8eb1bb5e2ef2dd1b0c481bc42ff36ae7847f6ab52b976cfd5def172fa412defde270c8b8bdfbaae1c7ece17d9833b1bcf31064fff78ef493f820055b561ece45e1009	af82
v2-bit-4-4	fc51cd8e6218a1a38da47ed00230f0580816ed13ba3303ac5deb911548908025	dfa2cba35b611cc8c833a6ea83b8eb1bb5e2ef2dd1b0c481bc42ff36ae7847f6ab52b976cfd5def172fa412defde270c8b8bdfbaae1c7ece17d9833b1bcf31064fff78ef493f820055b561ece45e1009	af82
v2-bit-4-5	fc51cd8e6218a1a38da47ed00230f0580816ed13ba3303ac5deb911548908025	dfa2cba36b611cc8c833a6ea83b8eb1bb5e2ef2dd1b0c481bc42ff36ae7847f6ab52b976cfd5def172fa412defde270c8b8bdfbaae1c7ece17d9833b1bcf31064fff78ef493f820055b561ece45e1009	af82
v2-bit-4-6	fc51cd8e6218a1a38da47ed00230f0580816ed13ba3303ac5deb911548908025	dfa2cba30b611cc8c833a6ea83b8eb1bb5e2ef2dd1b0c481bc42ff36ae7847f6ab52b976cfd5def172fa412defde270c8b8bdfbaae1c7ece17d9833b1bcf31064fff78ef493f820055b561ece45e1009	af82
v2-bit-4-7	fc51cd8e6218a1a38da47ed00230f0580816ed13ba3303ac5deb911548908025	dfa2cba3cb611cc8c833a6ea83b8eb1bb5e2ef2dd1b0c481bc42ff36ae7847f6ab52b976cfd5def172fa412defde270c8b8bdfbaae1c7ece17d9833b1bcf31064fff78ef493f820055b561ece45e1009	af82
v2-bit-5-0	fc51cd8e6218a1a38da47ed00230f0580816ed13ba3303ac5deb911548908025	dfa2cba34b601cc8c833a6ea83b8eb1bb5e2ef2dd1b0c481bc42ff36ae7847f6ab52b976cfd5def172fa412defde270c8b8bdfbaae1c7ece17d9833b1bcf31064fff78ef493f820055b561ece45e1009	af82
v2-bit-5-1	fc51cd8e6218a1a38da47ed00230f0580816ed13ba3303ac5deb911548908025	dfa2cba34b631cc8c833a6ea83b8eb1bb5e2ef2dd1b0c481bc42ff36ae7847f6ab52b976cfd5def172fa412defde270c8b8bdfbaae1c7ece17d9833b1bcf31064fff78ef493f820055b561ece45e1009	af82
v2-bit-5-2	fc51cd8e6218a1a38da47ed00230f0580816ed13ba3303ac5deb911548908025	dfa2cba34b651cc8c833a6ea83b8eb1bb5e2ef2dd1b0c481bc42ff36ae7847f6ab52b976cfd5def172fa412defde270c8b8bdfbaae1c7ece17d9833b1bcf31064fff78ef493f820055b561ece45e1009	af82
v2-bit-5-3	fc51cd8e6218a1a38da47ed00230f0580816ed13ba3303ac5deb911548908025	dfa2cba34b691cc8c833a6ea83b8eb1bb5e2ef2dd1b0c481bc42ff36ae7847f6ab52b976cfd5def172fa412defde270c8b8bdfbaae1c7ece17d9833b1bcf31064fff78ef493f820055b561ece45e1009	af82
v2-bit-5-4	fc51cd8e6218a1a38da47ed00230f0580816ed13ba3303ac5deb911548908025	dfa2cba34b711cc8c833a6ea83b8eb1bb5e2ef2dd1b0c481bc42ff36ae7847f6ab52b976cfd5def172fa412defde270c8b8bdfbaae1c7ece17d9833b1bcf31064fff78ef493f820055b561ece45e1009	af82
v2-bit-5-5	fc51cd8e6218a1a38da47ed00230f0580816ed13ba3303ac5deb911548908025	dfa2cba34b411cc8c833a6ea83b8eb1bb5e2ef2dd1b0c481bc42ff36ae7847f6ab52b976cfd5def172fa412defde270c8b8bdfbaae1c7ece17d9833b1bcf31064fff78ef493f820055b561ece45e1009	af82
v2-bit-5-6	fc51cd8e6218a1a38da47ed00230f0580816ed13ba3303ac5deb911548908025	dfa2cba34b211cc8c833a6ea83b8eb1bb5e2ef2dd1b0c481bc42ff36ae7847f6ab52b976cfd5def172fa412defde270c8b8bdfbaae1c7ece17d9833b1bcf31064fff78ef493f820055b561ece45e1009	af82
v2-bit-5-7	fc51cd8e6218a1a38da47ed00230f0580816ed13ba3303ac5deb911548908025	dfa2cba34be11cc8c833a6ea83b8eb1bb5e2ef2dd1b0c481bc42ff36ae7847f6ab52b976cfd5def172fa412defde270c8b8bdfbaae1c7ece17d9833b1bcf31064fff78ef493f820055b561ece45e1009	af82
v2-bit-6-0	fc51cd8e6218a1a38da47ed00230f0580816ed13ba3303ac5deb911548908025	dfa2cba34b611dc8c833a6ea83b8eb1bb5e2ef2dd1b0c481bc42ff36ae7847f6ab52b976cfd5def172fa412defde270c8b8bdfbaae1c7ece17d9833b1bcf31064fff78ef493f820055b561ece45e1009	af82
v2-bit-6-1	fc51cd8e6218a1a38da47ed00230f0580816ed13ba3303ac5deb911548908025	dfa2cba34b611ec8c833a6ea83b8eb1bb5e2ef2dd1b0c481bc42ff36ae7847f6ab52b976cfd5def172fa412defde270c8b8bdfbaae1c7ece17d9833b1bcf31064fff78ef493f820055b561ece45e1009	af82
v2-bit-6-2	fc51cd8e6218a1a38da47ed00230f0580816ed13ba3303ac5deb911548908025	dfa2cba34b6118c8c833a6ea83b8eb1bb5e2ef2dd1b0c481bc42ff36ae7847f6ab52b976cfd5def172fa412defde270c8b8bdfbaae1c7ece17d9833b1bcf31064fff78ef493f820055b561ece45e1009	af82
v2-bit-6-3	fc51cd8e6218a1a38da47ed00230f0580816ed13ba3303ac5deb911548908025	dfa2cba34b6114c8c833a6ea83b8eb1bb5e2ef2dd1b0c481bc42ff36ae7847f6ab52b976cfd5def172fa412defde270c8b8bdfbaae1c7ece17d9833b1bcf31064fff78ef493f820055b561ece45e1009	af82
v2-bit-6-4	fc51cd8e6218a1a38da47ed00230f0580816ed13ba3303ac5deb911548908025	dfa2cba34b610cc8c833a6ea83b8eb1bb5e2ef2dd1b0c481bc42ff36ae7847f6ab52b976cfd5def172fa412defde270c8b8bdfbaae1c7ece17d9833b1bcf31064fff78ef493f820055b561ece45e1009	af82
v2-bit-6-5	fc51cd8e6218a1a38da47ed00230f0580816ed13ba3303ac5deb911548908025	dfa2cba34b613cc8c833a6ea83b8eb1bb5e2ef2dd1b0c481bc42ff36ae7847f6ab52b976cfd5def172fa412defde270c8b8bdfbaae1c7ece17d9833b1bcf31064fff78ef493f820055b561ece45e1009	af82
v2-bit-6-6	fc51cd8e6218a1a38da47ed00230f0580816ed13ba3303ac5deb911548908025	dfa2cba34b615cc8c833a6ea83b8eb1bb5e2ef2dd1b0c481bc42ff36ae7847f6ab52b976cfd5def172fa412defde270c8b8bdfbaae1c7ece17d9833b1bcf31064fff78ef493f820055b561ece45e1009	af82
v2-bit-6-7	fc51cd8e6218a1a38da47ed00230f0580816ed13ba3303ac5deb911548908025	dfa2cba34b619cc8c833a6ea83b8eb1bb5e2ef2dd1b0c481bc42ff36ae7847f6ab52b976cfd5def172fa412defde270c8b8bdfbaae1c7ece17d9833b1bcf31064fff78ef493f820055b561ece45e1009	af82
v2-bit-7-0	fc51cd8e6218a1a38da47ed00230f0580816ed13ba3303ac5deb911548908025	dfa2cba34b611cc9c833a6ea83b8eb1bb5e2ef2dd1b0c481bc42ff36ae7847f6ab52b976cfd5def172fa412defde270c8b8bdfbaae1c7ece17d9833b1bcf31064fff78ef493f820055b561ece45e1009	af82
v2-bit-7-1	fc51cd8e6218a1a38da47ed00230f0580816ed13ba3303ac5deb911548908025	dfa2cba34b611ccac833a6ea83b8eb1bb5e2ef2dd1b0c481bc42ff36ae7847f6ab52b976cfd5def172fa412defde270c8b8bdfbaae1c7ece17d9833b1bcf31064fff78ef493f820055b561ece45e1009	af82
v2-bit-7-2	fc51cd8e6218a1a38da47ed00230f0580816ed13ba3303ac5deb911548908025	dfa2cba34b611cccc833a6ea83b8eb1bb5e2ef2dd1b0c481bc42ff36ae7847f6ab52b976cfd5def172fa412defde270c8b8bdfbaae1c7ece17d9833b1bcf31064fff78ef493f820055b561ece45e1009	af82
v2-bit-7-3	fc51cd8e6218a1a38da47ed00230f0580816ed13ba3303ac5deb911548908025	dfa2cba34b611cc0c833a6ea83b8eb1bb5e2ef2dd1b0c481bc42ff36ae7847f6ab52b976cfd5def172fa412defde270c8b8bdfbaae1c7ece17d9833b1bcf31064fff78ef493f820055b561ece45e1009	af82
v2-bit-7-4	fc51cd8e6218a1a38da47ed00230f0580816ed13ba3303ac5deb911548908025	dfa2cba34b611cd8c833a6ea83b8eb1bb5e2ef2dd1b0c481bc42ff36ae7847f6ab52b976cfd5def172fa412defde270c8b8bdfbaae1c7ece17d9833b1bcf31064fff78ef493f820055b561ece45e1009	af82
v2-bit-7-5	fc51cd8e6218a1a38da47ed00230f0580816ed13ba3303ac5deb911548908025	dfa2cba34b611ce8c833a6ea83b8eb1bb5e2ef2dd1b0c481bc42ff36ae7847f6ab52b976cfd5def172fa412defde270c8b8bdfbaae1c7ece17d9833b1bcf31064fff78ef493f820055b561ece45e1009	af82
v2-bit-7-6	fc51cd8e6218a1a38da47ed00230f0580816ed13ba3303ac5deb911548908025	dfa2cba34b611c88c833a6ea83b8eb1bb5e2ef2dd1b0c481bc42ff36ae7847f6ab52b976cfd5def172fa412defde270c8b8bdfbaae1c7ece17d9833b1bcf31064fff78ef493f820055b561ece45e1009	af82
v2-bit-7-7	fc51cd8e6218a1a38da47ed00230f0580816ed13ba3303ac5deb911548908025	dfa2cba34b611c48c833a6ea83b8eb1bb5e2ef2dd1b0c481bc42ff36ae7847f6ab52b976cfd5def172fa412defde270c8b8bdfbaae1c7ece17d9833b1bcf31064fff78ef493f820055b561ece45e1009	af82
v2-bit-8-0	fc51cd8e6218a1a38da47ed00230f0580816ed13ba3303ac5deb911548908025	dfa2cba34b611cc8c933a6ea83b8eb1bb5e2ef2dd1b0c481bc42ff36ae7847f6ab52b976cfd5def172fa412defde270c8b8bdfbaae1c7ece17d9833b1bcf31064fff78ef493f820055b561ece45e1009	af82
v2-bit-8-1	fc51cd8e6218a1a38da47ed00230f0580816ed13ba3303ac5deb911548908025	dfa2cba34b611cc8ca33a6ea83b8eb1bb5e2ef2dd1b0c481bc42ff36ae7847f6ab52b976cfd5def172fa412defde270c8b8bdfbaae1c7ece17d9833b1bcf31064fff78ef493f820055b561ece45e1009	af82
v2-bit-8-2	fc51cd8e6218a1a38da47ed00230f0580816ed13ba3303ac5deb911548908025	dfa2cba34b611cc8cc33a6ea83b8eb1bb5e2ef2dd1b0c481bc42ff36ae7847f6ab52b976cfd5def172fa412defde270c8b8bdfbaae1c7ece17d9833b1bcf31064fff78ef493f820055b561ece45e1009	af82
v2-bit-8-3	fc51cd8e6218a1a38da47ed00230f0580816ed13ba3303ac5deb911548908025	dfa2cba34b611cc8c033a6ea83b8eb1bb5e2ef2dd1b0c481bc42ff36ae7847f6ab52b976cfd5def172fa412defde270c8b8bdfbaae1c7ece17d9833b1bcf31064fff78ef493f820055b561ece45e1009	af82
v2-bit-8-4	fc51cd8e6218a1a38da47ed00230f0580816ed13ba3303ac5deb911548908025	dfa2cba34b611cc8d833a6ea83b8eb1bb5e2ef2dd1b0c481bc42ff36ae7847f6ab52b976cfd5def172fa412defde270c8b8bdfbaae1c7ece17d9833b1bcf31064fff78ef493f820055b561ece45e1009	af82
v2-bit-8-5	fc51cd8e6218a1a38da47ed00230f0580816ed13ba3303ac5deb911548908025	dfa2cba34b611cc8e833a6ea83b8eb1bb5e2ef2dd1b0c481bc42ff36ae7847f6ab52b976cfd5def172fa412defde270c8b8bdfbaae1c7ece17d9833b1bcf31064fff78ef493f820055b561ece45e1009	af82
v2-bit-8-6	fc51cd8e6218a1a38da47ed00230f0580816ed13ba3303ac5deb911548908025	dfa2cba34b611cc88833a6ea83b8eb1bb5e2ef2dd1b0c481bc42ff36ae7847f6ab52b976cfd5def172fa412defde270c8b8bdfbaae1c7ece17d9833b1bcf31064fff78ef493f820055b561ece45e1009	af82
v2-bit-8-7	fc51cd8e6218a1a38da47ed00230f0580816ed13ba3303ac5deb911548908025	dfa2cba34b611cc84833a6ea83b8eb1bb5e2ef2dd1b0c481bc42ff36ae7847f6ab52b976cfd5def172fa412defde270c8b8bdfbaae1c7ece17d9833b1bcf31064fff78ef493f820055b561ece45e1009	af82
v2-bit-9-0	fc51cd8e6218a1a38da47ed00230f0580816ed13ba3303ac5deb911548908025	dfa2cba34b611cc8c832a6ea83b8eb1bb5e2ef2dd1b0c481bc42ff36ae7847f6ab52b976cfd5def172fa412defde270c8b8bdfbaae1c7ece17d9833b1bcf31064fff78ef493f820055b561ece45e1009	af82
v2-bit-9-1	fc51cd8e6218a1a38da47ed00230f0580816ed13ba3303ac5deb911548908025	dfa2cba34b611cc8c831a6ea83b8eb1bb5e2ef2dd1b0c481bc42ff36ae7847f6ab52b976cfd5def172fa412defde270c8b8bdfbaae1c7ece17d9833b1bcf31064fff78ef493f820055b561ece45e1009	af82
v2-bit-9-2	fc51cd8e6218a1a38da47ed00230f0580816ed13ba3303ac5deb911548908025	dfa2cba34b611cc8c837a6ea83b8eb1bb5e2ef2dd1b0c481bc42ff36ae7847f6ab52b976cfd5def172fa412defde270c8b8bdfbaae1c7ece17d9833b1bcf31064fff78ef493f820055b561ece45e1009	af82
v2-bit-9-3	fc51cd8e6218a1a38da47ed00230f0580816ed13ba3303ac5deb911548908025	dfa2cba34b611cc8c83ba6ea83b8eb1bb5e2ef2dd1b0c481bc42ff36ae7847f6ab52b976cfd5def172fa412defde270c8b8bdfbaae1c7ece17d9833b1bcf31064fff78ef493f820055b561ece45e1009	af82
v2-bit-9-4	fc51cd8e6218a1a38da47ed00230f0580816ed13ba3303ac5deb911548908025	dfa2cba34b611cc8c823a6ea83b8eb1bb5e2ef2dd1b0c481bc42ff36ae7847f6ab52b976cfd5def172fa412defde270c8b8bdfbaae1c7ece17d9833b1bcf31064fff78ef493f820055b561ece45e1009	af82
v2-bit-9-5	fc51cd8e6218a1a38da47ed00230f0580816ed13ba3303ac5deb911548908025	dfa2cba34b611cc8c813a6ea83b8eb1bb5e2ef2dd1b0c481bc42ff36ae7847f6ab52b976cfd5def172fa412defde270c8b8bdfbaae1c7ece17d9833b1bcf31064fff78ef493f820055b561ece45e1009	af82
v2-bit-9-6	fc51cd8e6218a1a38da47ed00230f0580816ed13ba3303ac5deb911548908025	dfa2cba34b611cc8c873a6ea83b8eb1bb5e2ef2dd1b0c481bc42ff36ae7847f6ab52b976cfd5def172fa412defde270c8b8bdfbaae1c7ece17d9833b1bcf31064fff78ef493f820055b561ece45e1009	af82
v2-bit-9-7	fc51cd8e6218a1a38da47ed00230f0580816ed13ba3303ac5deb911548908025	dfa2cba34b611cc8c8b3a6ea83b8eb1bb5e2ef2dd1b0c481bc42ff36ae7847f6ab52b976cfd5def172fa412defde270c8b8bdfbaae1c7ece17d9833b1bcf31064fff78ef493f820055b561ece45e1009	af82
v2-bit-10-0	fc51cd8e6218a1a38da47ed00230f0580816ed13ba3303ac5deb911548908025	dfa2cba34b611cc8c833a7ea83b8eb1bb5e2ef2dd1b0c481bc42ff36ae7847f6ab52b976cfd5def172fa412defde270c8b8bdfbaae1c7ece17d9833b1bcf31064fff78ef493f820055b561ece45e1009	af82
v2-bit-10-1	fc51cd8e6218a1a38da47ed00230f0580816ed13ba3303ac5deb911548908025	dfa2cba34b611cc8c833a4ea83b8eb1bb5e2ef2dd1b0c481bc42ff36ae7847f6ab52b976cfd5def172fa412defde270c8b8bdfbaae1c7ece17d9833b1bcf31064fff78ef493f820055b561ece45e1009	af82
v2-bit-10-2	fc51cd8e6218a1a38da47ed00230f0580816ed13ba3303ac5deb911548908025	dfa2cba34b611cc8c833a2ea83b8eb1bb5e2ef2dd1b0c481bc42ff36ae7847f6ab52b976cfd5def172fa412defde270c8b8bdfbaae1c7ece17d9833b1bcf31064fff78ef493f820055b561ece45e1009	af82
v2-bit-10-3	fc51cd8e6218a1a38da47ed00230f0580816ed13ba3303ac5deb911548908025	dfa2cba34b611cc8c833aeea83b8eb1bb5e2ef2dd1b0c481bc42ff36ae7847f6ab52b976cfd5def172fa412defde270c8b8bdfbaae1c7ece17d9833b1bcf31064fff78ef493f820055b561ece45e1009	af82
v2-bit-10-4	fc51cd8e6218a1a38da47ed00230f0580816ed13ba3303ac5deb911548908025	dfa2cba34b611cc8c833b6ea83b8eb1bb5e2ef2dd1b0c481bc42ff36ae7847f6ab52b976cfd5def172fa412defde270c8b8bdfbaae1c7ece17d9833b1bcf31064fff78ef493f820055b561ece45e1009	af82
v2-bit-10-5	fc51cd8e6218a1a38da47ed00230f0580816ed13ba3303ac5deb911548908025	dfa2cba34b611cc8c83386ea83b8eb1bb5e2ef2dd1b0c481bc42ff36ae7847f6ab52b976cfd5def172fa412defde270c8b8bdfbaae1c7ece17d9833b1bcf31064fff78ef493f820055b561ece45e1009	af82
v2-bit-10-6	fc51cd8e6218a1a38da47ed00230f0580816ed13ba3303ac5deb911548908025	dfa2cba34b611cc8c833e6ea83b8eb1bb5e2ef2dd1b0c481bc42ff36ae7847f6ab52b976cfd5def172fa412defde270c8b8bdfbaae1c7ece17d9833b1bcf31064fff78ef493f820055b561ece45e1009	af82
v2-bit-10-7	fc51cd8e6218a1a38da47ed00230f0580816ed13ba3303ac5deb911548908025	dfa2cba34b611cc8c83326ea83b8eb1bb5e2ef2dd1b0c481bc42ff36ae7847f6ab52b976cfd5def172fa412defde270c8b8bdfbaae1c7ece17d9833b1bcf31064fff78ef493f820055b561ece45e1009	af82
v2-bit-11-0	fc51cd8e6218a1a38da47ed00230f0580816ed13ba3303ac5deb911548908025	dfa2cba34b611cc8c833a6eb83b8eb1bb5e2ef2dd1b0c481bc42ff36ae7847f6ab52b976cfd5def172fa412defde270c8b8bdfbaae1c7ece17d9833b1bcf31064fff78ef493f820055b561ece45e1009	af82
v2-bit-11-1	fc51cd8e6218a1a38da47ed00230f0580816ed13ba3303ac5deb911548908025	dfa2cba34b611cc8c833a6e883b8eb1bb5e2ef2dd1b0c481bc42ff36ae7847f6ab52b976cfd5def172fa412defde270c8b8bdfbaae1c7ece17d9833b1bcf31064fff78ef493f820055b561ece45e1009	af82
v2-bit-11-2	fc51cd8e6218a1a38da47ed00230f0580816ed13ba3303ac5deb911548908025	dfa2cba34b611cc8c833a6ee83b8eb1bb5e2ef2dd1b0c481bc42ff36ae7847f6ab52b976cfd5def172fa412defde270c8b8bdfbaae1c7ece17d9833b1bcf31064fff78ef493f820055b561ece45e1009	af82
v2-bit-11-3	fc51cd8e6218a1a38da47ed00230f0580816ed13ba3303ac5deb911548908025	dfa2cba34b611cc8c833a6e283b8eb1bb5e2ef2dd1b0c481bc42ff36ae7847f6ab52b976cfd5def172fa412defde270c8b8bdfbaae1c7ece17d9833b1bcf31064fff78ef493f820055b561ece45e1009	af82
v2-bit-11-4	fc51cd8e6218a1a38da47ed00230f0580816ed13ba3303ac5deb911548908025	dfa2cba34b611cc8c833a6fa83b8eb1bb5e2ef2dd1b0c481bc42ff36ae7847f6ab52b976cfd5def172fa412defde270c8b8bdfbaae1c7ece17d9833b1bcf31064fff78ef493f820055b561ece45e1009	af82
v2-bit-11-5	fc51cd8e6218a1a38da47ed00230f0580816ed13ba3303ac5deb911548908025	dfa2cba34b611cc8c833a6ca83b8eb1bb5e2ef2dd1b0c481bc42ff36ae7847f6ab52b976cfd5def172fa412defde270c8b8bdfbaae1c7ece17d9833b1bcf31064fff78ef493f820055b561ece45e1009	af82
v2-bit-11-6	fc51cd8e6218a1a38da47ed00230f0580816ed13ba3303ac5deb911548908025	dfa2cba34b611cc8c833a6aa83b8eb1bb5e2ef2dd1b0c481bc42ff36ae7847f6ab52b976cfd5def172fa412defde270c8b8bdfbaae1c7ece17d9833b1bcf31064fff78ef493f820055b561ece45e1009	af82
v2-bit-11-7	fc51cd8e6218a1a38da47ed00230f0580816ed13ba3303ac5deb911548908025	dfa2cba34b611cc8c833a66a83b8eb1bb5e2ef2dd1b0c481bc42ff36ae7847f6ab52b976cfd5def172fa412defde270c8b8bdfbaae1c7ece17d9833b1bcf31064fff78ef493f820055b561ece45e1009	af82
v2-bit-12-0	fc51cd8e6218a1a38da47ed00230f0580816ed13ba3303ac5deb911548908025	dfa2cba34b611cc8c833a6ea82b8eb1bb5e2ef2dd1b0c481bc42ff36ae7847f6ab52b976cfd5def172fa412defde270c8b8bdfbaae1c7ece17d9833b1bcf31064fff78ef493f820055b561ece45e1009	af82
v2-bit-12-1	fc51cd8e6218a1a38da47ed00230f0580816ed13ba3303ac5deb911548908025	dfa2cba34b611cc8c833a6ea81b8eb1bb5e2ef2dd1b0c481bc42ff36ae7847f6ab52b976cfd5def172fa412defde270c8b8bdfbaae1c7ece17d9833b1bcf31064fff78ef493f820055b561ece45e1009	af82
v2-bit-12-2	fc51cd8e6218a1a38da47ed00230f0580816ed13ba3303ac5deb911548908025	dfa2cba34b611cc8c833a6ea87b8eb1bb5e2ef2dd1b0c481bc42ff36ae7847f6ab52b976cfd5def172fa412defde270c8b8bdfbaae1c7ece17d9833b1bcf31064fff78ef493f820055b561ece45e1009	af82
v2-bit-12-3	fc51cd8e6218a1a38da47ed00230f0580816ed13ba3303ac5deb911548908025	dfa2cba34b611cc8c833a6ea8bb8eb1bb5e2ef2dd1b0c481bc42ff36ae7847f6ab52b976cfd5def172fa412defde270c8b8bdfbaae1c7ece17d9833b1bcf31064fff78ef493f820055b561ece45e1009	af82
v2-bit-12-4	fc51cd8e6218a1a38da47ed00230f0580816ed13ba3303ac5deb911548908025	dfa2cba34b611cc8c833a6ea93b8eb1bb5e2ef2dd1b0c481bc42ff36ae7847f6ab52b976cfd5def172fa412defde270c8b8bdfbaae1c7ece17d9833b1bcf31064fff78ef493f820055b561ece45e1009	af82
v2-bit-12-5	fc51cd8e6218a1a38da47ed00230f0580816ed13ba3303ac5deb911548908025	dfa2cba34b611cc8c833a6eaa3b8eb1bb5e2ef2dd1b0c481bc42ff36ae7847f6ab52b976cfd5def172fa412defde270c8b8bdfbaae1c7ece17d9833b1bcf31064fff78ef493f820055b561ece45e1009	af82
v2-bit-12-6	fc51cd8e6218a1a38da47ed00230f0580816ed13ba3303ac5deb911548908025	dfa2cba34b611cc8c833a6eac3b8eb1bb5e2ef2dd1b0c481bc42ff36ae7847f6ab52b976cfd5def172fa412defde270c8b8bdfbaae1c7ece17d9833b1bcf31064fff78ef493f820055b561ece45e1009	af82
v2-bit-12-7	fc51cd8e6218a1a38da47ed00230f0580816ed13ba3303ac5deb911548908025	dfa2cba34b611cc8c833a6ea03b8eb1bb5e2ef2dd1b0c481bc42ff36ae7847f6ab52b976cfd5def172fa412defde270c8b8bdfbaae1c7ece17d9833b1bcf31064fff78ef493f820055b561ece45e1009	af82
v2-bit-13-0	fc51cd8e6218a1a38da47ed00230f0580816ed13ba3303ac5deb911548908025	dfa2cba34b611cc8c833a6ea83b9eb1bb5e2ef2dd1b0c481bc42ff36ae7847f6ab52b976cfd5def172fa412defde270c8b8bdfbaae1c7ece17d9833b1bcf31064fff78ef493f820055b561ece45e1009	af82
v2-bit-13-1	fc51cd8e6218a1a38da47ed00230f0580816ed13ba3303ac5deb911548908025	dfa2cba34b611cc8c833a6ea83baeb1bb5e2ef2dd1b0c481bc42ff36ae7847f6ab52b976cfd5def172fa412defde270c8b8bdfbaae1c7ece17d9833b1bcf31064fff78ef493f820055b561ece45e1009	af82
v2-bit-13-2	fc51cd8e6218a1a38da47ed00230f0580816ed13ba3303ac5deb911548908025	dfa2cba34b611cc8c833a6ea83bceb1bb5e2ef2dd1b0c481bc42ff36ae7847f6ab52b976cfd5def172fa412defde270c8b8bdfbaae1c7ece17d9833b1bcf31064fff78ef493f820055b561ece45e1009	af82
v2-bit-13-3	fc51cd8e6218a1a38da47ed00230f0580816ed13ba3303ac5deb911548908025	dfa2cba34b611cc8c833a6ea83b0eb1bb5e2ef2dd1b0c481bc42ff36ae7847f6ab52b976cfd5def172fa412defde270c8b8bdfbaae1c7ece17d9833b1bcf31064fff78ef493f820055b561ece45e1009	af82
v2-bit-13-4	fc51cd8e6218a1a38da47ed00230f0580816ed13ba3303ac5deb911548908025	dfa2cba34b611cc8c833a6ea83a8eb1bb5e2ef2dd1b0c481bc42ff36ae7847f6ab52b976cfd5def172fa412defde270c8b8bdfbaae1c7ece17d9833b1bcf31064fff78ef493f820055b561ece45e1009	af82
v2-bit-13-5	fc51cd8e6218a1a38da47ed00230f0580816ed13ba3303ac5deb911548908025	dfa2cba34b611cc8c833a6ea8398eb1bb5e2ef2dd1b0c481bc42ff36ae7847f6ab52b976cfd5def172fa412defde270c8b8bdfbaae1c7ece17d9833b1bcf31064fff78ef493f820055b561ece45e1009	af82
v2-bit-13-6	fc51cd8e6218a1a38da47ed00230f0580816ed13ba3303ac5deb911548908025	dfa2cba34b611cc8c833a6ea83f8eb1bb5e2ef2dd1b0c481bc42ff36ae7847f6ab52b976cfd5def172fa412defde270c8b8bdfbaae1c7ece17d9833b1bcf31064fff78ef493f820055b561ece45e1009	af82
v2-bit-13-7	fc51cd8e6218a1a38da47ed00230f0580816ed13ba3303ac5deb911548908025	dfa2cba34b611cc8c833a6ea8338eb1bb5e2ef2dd1b0c481bc42ff36ae7847f6ab52b976cfd5def172fa412defde270c8b8bdfbaae1c7ece17d9833b1bcf31064fff78ef493f820055b561ece45e1009	af82
v2-bit-14-0	fc51cd8e6218a1a38da47ed00230f0580816ed13ba3303ac5deb911548908025	dfa2cba34b611cc8c833a6ea83b8ea1bb5e2ef2dd1b0c481bc42ff36ae7847f6ab52b976cfd5def172fa412defde270c8b8bdfbaae1c7ece17d9833b1bcf31064fff78ef493f820055b561ece45e1009	af82
v2-bit-14-1	fc51cd8e6218a1a38da47ed00230f0580816ed13ba3303ac5deb911548908025	dfa2cba34b611cc8c833a6ea83b8e91bb5e2ef2dd1b0c481bc42ff36ae7847f6ab52b976cfd5def172fa412defde270c8b8bdfbaae1c7ece17d9833b1bcf31064fff78ef493f820055b561ece45e1009	af82
v2-bit-14-2	fc51cd8e6218a1a38da47ed00230f0580816ed13ba3303ac5deb911548908025	dfa2cba34b611cc8c833a6ea83b8ef1bb5e2ef2dd1b0c481bc42ff36ae7847f6ab52b976cfd5def172fa412defde270c8b8bdfbaae1c7ece17d9833b1bcf31064fff78ef493f820055b561ece45e1009	af82
v2-bit-14-3	fc51cd8e6218a1a38da47ed00230f0580816ed13ba3303ac5deb911548908025	dfa2cba34b611cc8c833a6ea83b8e31bb5e2ef2dd1b0c481bc42ff36ae7847f6ab52b976cfd5def172fa412defde270c8b8bdfbaae1c7ece17d9833b1bcf31064fff78ef493f820055b561ece45e1009	af82
v2-bit-14-4	fc51cd8e6218a1a38da47ed00230f0580816ed13ba3303ac5deb911548908025	dfa2cba34b611cc8c833a6ea83b8fb1bb5e2ef2dd1b0c481bc42ff36ae7847f6ab52b976cfd5def172fa412defde270c8b8bdfbaae1c7ece17d9833b1bcf31064fff78ef493f820055b561ece45e1009	af82
v2-bit-14-5	fc51cd8e6218a1a38da47ed00230f0580816ed13ba3303ac5deb911548908025	dfa2cba34b611cc8c833a6ea83b8cb1bb5e2ef2dd1b0c481bc42ff36ae7847f6ab52b976cfd5def172fa412defde270c8b8bdfbaae1c7ece17d9833b1bcf31064fff78ef493f820055b561ece45e1009	af82
v2-bit-14-6	fc51cd8e6218a1a38da47ed00230f0580816ed13ba3303ac5deb911548908025	dfa2cba34b611cc8c833a6ea83b8ab1bb5e2ef2dd1b0c481bc42ff36ae7847f6ab52b976cfd5def172fa412defde270c8b8bdfbaae1c7ece17d9833b1bcf31064fff78ef493f820055b561ece45e1009	af82
v2-bit-14-7	fc51cd8e6218a1a38da47ed00230f0580816ed13ba3303ac5deb911548908025	dfa2cba34b611cc8c833a6ea83b86b1bb5e2ef2dd1b0c481bc42ff36ae7847f6ab52b976cfd5def172fa412defde270c8b8bdfbaae1c7ece17d9833b1bcf31064fff78ef493f820055b561ece45e1009	af82
v2-bit-15-0	fc51cd8e6218a1a38da47ed00230f0580816ed13ba3303ac5deb911548908025	dfa2cba34b611cc8c833a6ea83b8eb1ab5e2ef2dd1b0c481bc42ff36ae7847f6ab52b976cfd5def172fa412defde270c8b8bdfbaae1c7ece17d9833b1bcf31064fff78ef493f820055b561ece45e1009	af82
v2-bit-15-1	fc51cd8e6218a1a38da47ed00230f0580816ed13ba3303ac5deb911548908025	dfa2cba34b611cc8c833a6ea83b8eb19b5e2ef2dd1b0c481bc42ff36ae7847f6ab52b976cfd5def172fa412defde270c8b8bdfbaae1c7ece17d9833b1bcf31064fff78ef493f820055b561ece45e1009	af82
v2-bit-15-2	fc51cd8e6218a1a38da47ed00230f0580816ed13ba3303ac5deb911548908025	dfa2cba34b611cc8c833a6ea83b8eb1fb5e2ef2dd1b0c481bc42ff36ae7847f6ab52b976cfd5def172fa412defde270c8b8bdfbaae1c7ece17d9833b1bcf31064fff78ef493f820055b561ece45e1009	af82
v2-bit-15-3	fc51cd8e6218a1a38da47ed00230f0580816ed13ba3303ac5deb911548908025	dfa2cba34b611cc8c833a6ea83b8eb13b5e2ef2dd1b0c481bc42ff36ae7847f6ab52b976cfd5def172fa412defde270c8b8bdfbaae1c7ece17d9833b1bcf31064fff78ef493f820055b561ece45e1009	af82
v2-bit-15-4	fc51cd8e6218a1a38da47ed00230f0580816ed13ba3303ac5deb911548908025	dfa2cba34b611cc8c833a6ea83b8eb0bb5e2ef2dd1b0c481bc42ff36ae7847f6ab52b976cfd5def172fa412defde270c8b8bdfbaae1c7ece17d9833b1bcf31064fff78ef493f820055b561ece45e1009	af82
v2-bit-15-5	fc51cd8e6218a1a38da47ed00230f0580816ed13ba3303ac5deb911548908025	dfa2cba34b611cc8c833a6ea83b8eb3bb5e2ef2dd1b0c481bc42ff36ae7847f6ab52b976cfd5def172fa412defde270c8b8bdfbaae1c7ece17d9833b1bcf31064fff78ef493f820055b561ece45e1009	af82
v2-bit-15-6	fc51cd8e6218a1a38da47ed00230f0580816ed13ba3303ac5deb911548908025	dfa2cba34b611cc8c833a6ea83b8eb5bb5e2ef2dd1b0c481bc42ff36ae7847f6ab52b976cfd5def172fa412defde270c8b8bdfbaae1c7ece17d9833b1bcf31064fff78ef493f820055b561ece45e1009	af82
v2-bit-15-7	fc51cd8e6218a1a38da47ed00230f0580816ed13ba3303ac5deb911548908025	dfa2cba34b611cc8c833a6ea83b8eb9bb5e2ef2dd1b0c481bc42ff36ae7847f6ab52b976cfd5def172fa412defde270c8b8bdfbaae1c7ece17d9833b1bcf31064fff78ef493f820055b561ece45e1009	af82
v2-bit-16-0	fc51cd8e6218a1a38da47ed00230f0580816ed13ba3303ac5deb911548908025	dfa2cba34b611cc8c833a6ea83b8eb1bb4e2ef2dd1b0c481bc42ff36ae7847f6ab52b976cfd5def172fa412defde270c8b8bdfbaae1c7ece17d9833b1bcf31064fff78ef493f820055b561ece45e1009	af82
v2-bit-16-1	fc51cd8e6218a1a38da47ed00230f0580816ed13ba3303ac5deb911548908025	dfa2cba34b611cc8c833a6ea83b8eb1bb7e2ef2dd1b0c481bc42ff36ae7847f6ab52b976cfd5def172fa412defde270c8b8bdfbaae1c7ece17d9833b1bcf31064fff78ef493f820055b561ece45e1009	af82
v2-bit-16-2	fc51cd8e6218a1a38da47ed00230f0580816ed13ba3303ac5deb911548908025	dfa2cba34b611cc8c833a6ea83b8eb1bb1e2ef2dd1b0c481bc42ff36ae7847f6ab52b976cfd5def172fa412defde270c8b8bdfbaae1c7ece17d9833b1bcf31064fff78ef493f820055b561ece45e1009	af82
v2-bit-16-3	fc51cd8e6218a1a38da47ed00230f0580816ed13ba3303ac5deb911548908025	dfa2cba34b611cc8c833a6ea83b8eb1bbde2ef2dd1b0c481bc42ff36ae7847f6ab52b976cfd5def172fa412defde270c8b8bdfbaae1c7ece17d9833b1bcf31064fff78ef493f820055b561ece45e1009	af82
v2-bit-16-4	fc51cd8e6218a1a38da47ed00230f0580816ed13ba3303ac5deb911548908025	dfa2cba34b611cc8c833a6ea83b8eb1ba5e2ef2dd1b0c481bc42ff36ae7847f6ab52b976cfd5def172fa412defde270c8b8bdfbaae1c7ece17d9833b1bcf31064fff78ef493f820055b561ece45e1009	af82
v2-bit-16-5	fc51cd8e6218a1a38da47ed00230f0580816ed13ba3303ac5deb911548908025	dfa2cba34b611cc8c833a6ea83b8eb1b95e2ef2dd1b0c481bc42ff36ae7847f6ab52b976cfd5def172fa412defde270c8b8bdfbaae1c7ece17d9833b1bcf31064fff78ef493f820055b561ece45e1009	af82
v2-bit-16-6	fc51cd8e6218a1a38da47ed00230f0580816ed13ba3303ac5deb911548908025	dfa2cba34b611cc8c833a6ea83b8eb1bf5e2ef2dd1b0c481bc42ff36ae7847f6ab52b976cfd5def172fa412defde270c8b8bdfbaae1c7ece17d9833b1bcf31064fff78ef493f820055b561ece45e1009	af82
v2-bit-16-7	fc51cd8e6218a1a38da47ed00230f0580816ed13ba3303ac5deb911548908025	dfa2cba34b611cc8c833a6ea83b8eb1b35e2ef2dd1b0c481bc42ff36ae7847f6ab52b976cfd5def172fa412defde270c8b8bdfbaae1c7ece17d9833b1bcf31064fff78ef493f820055b561ece45e1009	af82
v2-bit-17-0	fc51cd8e6218a1a38da47ed00230f0580816ed13ba3303ac5deb911548908025	dfa2cba34b611cc8c833a6ea83b8eb1bb5e3ef2dd1b0c481bc42ff36ae7847f6ab52b976cfd5def172fa412defde270c8b8bdfbaae1c7ece17d9833b1bcf31064fff78ef493f820055b561ece45e1009	af82
v2-bit-17-1	fc51cd8e6218a1a38da47ed00230f0580816ed13ba3303ac5deb911548908025	dfa2cba34b611cc8c833a6ea83b8eb1bb5e0ef2dd1b0c481bc42ff36ae7847f6ab52b976cfd5def172fa412defde270c8b8bdfbaae1c7ece17d9833b1bcf31064fff78ef493f820055b561ece45e1009	af82
v2-bit-17-2	fc51cd8e6218a1a38da47ed00230f0580816ed13ba3303ac5deb911548908025	dfa2cba34b611cc8c833a6ea83b8eb1bb5e6ef2dd1b0c481bc42ff36ae7847f6ab52b976cfd5def172fa412defde270c8b8bdfbaae1c7ece17d9833b1bcf31064fff78ef493f820055b561ece45e1009	af82
v2-bit-17-3	fc51cd8e6218a1a38da47ed00230f0580816ed13ba3303ac5deb911548908025	dfa2cba34b611cc8c833a6ea83b8eb1bb5eaef2dd1b0c481bc42ff36ae7847f6ab52b976cfd5def172fa412defde270c8b8bdfbaae1c7ece17d9833b1bcf31064fff78ef493f820055b561ece45e1009	af82
v2-bit-17-4	fc51cd8e6218a1a38da47ed00230f0580816ed13ba3303ac5deb911548908025	dfa2cba34b611cc8c833a6ea83b8eb1bb5f2ef2dd1b0c481bc42ff36ae7847f6ab52b976cfd5def172fa412defde270c8b8bdfbaae1c7ece17d9833b1bcf31064fff78ef493f820055b561ece45e1009	af82
v2-bit-17-5	fc51cd8e6218a1a38da47ed00230f0580816ed13ba3303ac5deb911548908025	dfa2cba34b611cc8c833a6ea83b8eb1bb5c2ef2dd1b0c481bc42ff36ae7847f6ab52b976cfd5def172fa412defde270c8b8bdfbaae1c7ece17d9833b1bcf31064fff78ef493f820055b561ece45e1009	af82
v2-bit-17-6	fc51cd8e6218a1a38da47ed00230f0580816ed13ba3303ac5deb911548908025	dfa2cba34b611cc8c833a6ea83b8eb1bb5a2ef2dd1b0c481bc42ff36ae7847f6ab52b976cfd5def172fa412defde270c8b8bdfbaae1c7ece17d9833b1bcf31064fff78ef493f820055b561ece45e1009	af82
v2-bit-17-7	fc51cd8e6218a1a38da47ed00230f0580816ed13ba3303ac5deb911548908025	dfa2cba34b611cc8c833a6ea83b8eb1bb562ef2dd1b0c481bc42ff36ae7847f6ab52b976cfd5def172fa412defde270c8b8bdfbaae1c7ece17d9833b1bcf31064fff78ef493f820055b561ece45e1009	af82
v2-bit-18-0	fc51cd8e6218a1a38da47ed00230f0580816ed13ba3303ac5deb911548908025	dfa2cba34b611cc8c833a6ea83b8eb1bb5e2ee2dd1b0c481bc42ff36ae7847f6ab52b976cfd5def172fa412defde270c8b8bdfbaae1c7ece17d9833b1bcf31064fff78ef493f820055b561ece45e1009	af82
v2-bit-18-1	fc51cd8e6218a1a38da47ed00230f0580816ed13ba3303ac5deb911548908025	dfa2cba34b611cc8c833a6ea83b8eb1bb5e2ed2dd1b0c481bc42ff36ae7847f6ab52b976cfd5def172fa412defde270c8b8bdfbaae1c7ece17d9833b1bcf31064fff78ef493f820055b561ece45e1009	af82
v2-bit-18-2	fc51cd8e6218a1a38da47ed00230f0580816ed13ba3303ac5deb911548908025	dfa2cba34b611cc8c833a6ea83b8eb1bb5e2eb2dd1b0c481bc42ff36ae7847f6ab52b976cfd5def172fa412defde270c8b8bdfbaae1c7ece17d9833b1bcf31064fff78ef493f820055b561ece45e1009	af82
v2-bit-18-3	fc51cd8e6218a1a38da47ed00230f0580816ed13ba3303ac5deb911548908025	dfa2cba34b611cc8c833a6ea83b8eb1bb5e2e72dd1b0c481bc42ff36ae7847f6ab52b976cfd5def172fa412defde270c8b8bdfbaae1c7ece17d9833b1bcf31064fff78ef493f820055b561ece45e1009	af82
v2-bit-18-4	fc51cd8e6218a1a38da47ed00230f0580816ed13ba3303ac5deb911548908025	dfa2cba34b611cc8c833a6ea83b8eb1bb5e2ff2dd1b0c481bc42ff36ae7847f6ab52b976cfd5def172fa412defde270c8b8bdfbaae1c7ece17d9833b1bcf31064fff78ef493f820055b561ece45e1009	af82
v2-bit-18-5	fc51cd8e6218a1a38da47ed00230f0580816ed13ba3303ac5deb911548908025	dfa2cba34b611cc8c833a6ea83b8eb1bb5e2cf2dd1b0c481bc42ff36ae7847f6ab52b976cfd5def172fa412defde270c8b8bdfbaae1c7ece17d9833b1bcf31064fff78ef493f820055b561ece45e1009	af82
v2-bit-18-6	fc51cd8e6218a1a38da47ed00230f0580816ed13ba3303ac5deb911548908025	dfa2cba34b611cc8c833a6ea83b8eb1bb5e2af2dd1b0c481bc42ff36ae7847f6ab52b976cfd5def172fa412defde270c8b8bdfbaae1c7ece17d9833b1bcf31064fff78ef493f820055b561ece45e1009	af82
v2-bit-18-7	fc51cd8e6218a1a38da47ed00230f0580816ed13ba3303ac5deb911548908025	dfa2cba34b611cc8c833a6ea83b8eb1bb5e26f2dd1b0c481bc42ff36ae7847f6ab52b976cfd5def172fa412defde270c8b8bdfbaae1c7ece17d9833b1bcf31064fff78ef493f820055b561ece45e1009	af82
v2-bit-19-0	fc51cd8e6218a1a38da47ed00230f0580816ed13ba3303ac5deb911548908025	dfa2cba34b611cc8c833a6ea83b8eb1bb5e2ef2cd1b0c481bc42ff36ae7847f6ab52b976cfd5def172fa412defde270c8b8bdfbaae1c7ece17d9833b1bcf31064fff78ef493f820055b561ece45e1009	af82
v2-bit-19-1	fc51cd8e6218a1a38da47ed00230f0580816ed13ba3303ac5deb911548908025	dfa2cba34b611cc8c833a6ea83b8eb1bb5e2ef2fd1b0c481bc42ff36ae7847f6ab52b976cfd5def172fa412defde270c8b8bdfbaae1c7ece17d9833b1bcf31064fff78ef493f820055b561ece45e1009	af82
v2-bit-19-2	fc51cd8e6218a1a38da47ed00230f0580816ed13ba3303ac5deb911548908025	dfa2cba34b611cc8c833a6ea83b8eb1bb5e2ef29d1b0c481bc42ff36ae7847f6ab52b976cfd5def172fa412defde270c8b8bdfbaae1c7ece17d9833b1bcf31064fff78ef493f820055b561ece45e1009	af82
v2-bit-19-3	fc51cd8e6218a1a38da47ed00230f0580816ed13ba3303ac5deb911548908025	dfa2cba34b611cc8c833a6ea83b8eb1bb5e2ef25d1b0c481bc42ff36ae7847f6ab52b976cfd5def172fa412defde270c8b8bdfbaae1c7ece17d9833b1bcf31064fff78ef493f820055b561ece45e1009	af82
v2-bit-19-4	fc51cd8e6218a1a38da47ed00230f0580816ed13ba3303ac5deb911548908025	dfa2cba34b611cc8c833a6ea83b8eb1bb5e2ef3dd1b0c481bc42ff36ae7847f6ab52b976cfd5def172fa412defde270c8b8bdfbaae1c7ece17d9833b1bcf31064fff78ef493f820055b561ece45e1009	af82
v2-bit-19-5	fc51cd8e6218a1a38da47ed00230f0580816ed13ba3303ac5deb911548908025	dfa2cba34b611cc8c833a6ea83b8eb1bb5e2ef0dd1b0c481bc42ff36ae7847f6ab52b976cfd5def172fa412defde270c8b8bdfbaae1c7ece17d9833b1bcf31064fff78ef493f820055b561ece45e1009	af82
v2-bit-19-6	fc51cd8e6218a1a38da47ed00230f0580816ed13ba3303ac5deb911548908025	dfa2cba34b611cc8c833a6ea83b8eb1bb5e2ef6dd1b0c481bc42ff36ae7847f6ab52b976cfd5def172fa412defde270c8b8bdfbaae1c7ece17d9833b1bcf31064fff78ef493f820055b561ece45e1009	af82
v2-bit-19-7	fc51cd8e6218a1a38da47ed00230f0580816ed13ba3303ac5deb911548908025	dfa2cba34b611cc8c833a6ea83b8eb1bb5e2efadd1b0c481bc42ff36ae7847f6ab52b976cfd5def172fa412defde270c8b8bdfbaae1c7ece17d9833b1bcf31064fff78ef493f820055b561ece45e1009	af82
v2-bit-20-0	fc51cd8e6218a1a38da47ed00230f0580816ed13ba3303ac5deb911548908025	dfa2cba34b611cc8c833a6ea83b8eb1bb5e2ef2dd0b0c481bc42ff36ae7847f6ab52b976cfd5def172fa412defde270c8b8bdfbaae1c7ece17d9833b1bcf31064fff78ef493f820055b561ece45e1009	af82
v2-bit-20-1	fc51cd8e6218a1a38da47ed00230f0580816ed13ba3303ac5deb911548908025	dfa2cba34b611cc8c833a6ea83b8eb1bb5e2ef2dd3b0c481bc42ff36ae7847f6ab52b976cfd5def172fa412defde270c8b8bdfbaae1c7ece17d9833b1bcf31064fff78ef493f820055b561ece45e1009	af82
v2-bit-20-2	fc51cd8e6218a1a38da47ed00230f0580816ed13ba3303ac5deb911548908025	dfa2cba34b611cc8c833a6ea83b8eb1bb5e2ef2dd5b0c481bc42ff36ae7847f6ab52b976cfd5def172fa412defde270c8b8bdfbaae1c7ece17d9833b1bcf31064fff78ef493f820055b561ece45e1009	af82
v2-bit-20-3	fc51cd8e6218a1a38da47ed00230f0580816ed13ba3303ac5deb911548908025	dfa2cba34b611cc8c833a6ea83b8eb1bb5e2ef2dd9b0c481bc42ff36ae7847f6ab52b976cfd5def172fa412defde270c8b8bdfbaae1c7ece17d9833b1bcf31064fff78ef493f820055b561ece45e1009	af82
v2-bit-20-4	fc51cd8e6218a1a38da47ed00230f0580816ed13ba3303ac5deb911548908025	dfa2cba34b611cc8c833a6ea83b8eb1bb5e2ef2dc1b0c481bc42ff36ae7847f6ab52b976cfd5def172fa412defde270c8b8bdfbaae1c7ece17d9833b1bcf31064fff78ef493f820055b561ece45e1009	af82
v2-bit-20-5	fc51cd8e6218a1a38da47ed00230f0580816ed13ba3303ac5deb911548908025	dfa2cba34b611cc8c833a6ea83b8eb1bb5e2ef2df1b0c481bc42ff36ae7847f6ab52b976cfd5def172fa412defde270c8b8bdfbaae1c7ece17d9833b1bcf31064fff78ef493f820055b561ece45e1009	af82
v2-bit-20-6	fc51cd8e6218a1a38da47ed00230f0580816ed13ba3303ac5deb911548908025	dfa2cba34b611cc8c833a6ea83b8eb1bb5e2ef2d91b0c481bc42ff36ae7847f6ab52b976cfd5def172fa412defde270c8b8bdfbaae1c7ece17d9833b1bcf31064fff78ef493f820055b561ece45e1009	af82
v2-bit-20-7	fc51cd8e6218a1a38da47ed00230f0580816ed13ba3303ac5deb911548908025	dfa2cba34b611cc8c833a6ea83b8eb1bb5e2ef2d51b0c481bc42ff36ae7847f6ab52b976cfd5def172fa412defde270c8b8bdfbaae1c7ece17d9833b1bcf31064fff78ef493f820055b561ece45e1009	af82
v2-bit-21-0	fc51cd8e6218a1a38da47ed00230f0580816ed13ba3303ac5deb911548908025	dfa2cba34b611cc8c833a6ea83b8eb1bb5e2ef2dd1b1c481bc42ff36ae7847f6ab52b976cfd5def172fa412defde270c8b8bdfbaae1c7ece17d9833b1bcf31064fff78ef493f820055b561ece45e1009	af82
v2-bit-21-1	fc51cd8e6218a1a38da47ed00230f0580816ed13ba3303ac5deb911548908025	dfa2cba34b611cc8c833a6ea83b8eb1bb5e2ef2dd1b2c481bc42ff36ae7847f6ab52b976cfd5def172fa412defde270c8b8bdfbaae1c7ece17d9833b1bcf31064fff78ef493f820055b561ece45e1009	af82
v2-bit-21-2	fc51cd8e6218a1a38da47ed00230f0580816ed13ba3303ac5deb911548908025	dfa2cba34b611cc8c833a6ea83b8eb1bb5e2ef2dd1b4c481bc42ff36ae7847f6ab52b976cfd5def172fa412defde270c8b8bdfbaae1c7ece17d9833b1bcf31064fff78ef493f820055b561ece45e1009	af82
v2-bit-21-3	fc51cd8e6218a1a38da47ed00230f0580816ed13ba3303ac5deb911548908025	dfa2cba34b611cc8c833a6ea83b8eb1bb5e2ef2dd1b8c481bc42ff36ae7847f6ab52b976cfd5def172fa412defde270c8b8bdfbaae1c7ece17d9833b1bcf31064fff78ef493f820055b561ece45e1009	af82
v2-bit-21-4	fc51cd8e6218a1a38da47ed00230f0580816ed13ba3303ac5deb911548908025	dfa2cba34b611cc8c833a6ea83b8eb1bb5e2ef2dd1a0c481bc42ff36ae7847f6ab52b976cfd5def172fa412defde270c8b8bdfbaae1c7ece17d9833b1bcf31064fff78ef493f820055b561ece45e1009	af82
v2-bit-21-5	fc51cd8e6218a1a38da47ed00230f0580816ed13ba3303ac5deb911548908025	dfa2cba34b611cc8c833a6ea83b8eb1bb5e2ef2dd190c481bc42ff36ae7847f6ab52b976cfd5def172fa412defde270c8b8bdfbaae1c7ece17d9833b1bcf31064fff78ef493f820055b561ece45e1009	af82
v2-bit-21-6	fc51cd8e6218a1a38da47ed00230f0580816ed13ba3303ac5deb911548908025	dfa2cba34b611cc8c833a6ea83b8eb1bb5e2ef2dd1f0c481bc42ff36ae7847f6ab52b976cfd5def172fa412defde270c8b8bdfbaae1c7ece17d9833b1bcf31064fff78ef493f820055b561ece45e1009	af82
v2-bit-21-7	fc51cd8e6218a1a38da47ed00230f0580816ed13ba3303ac5deb911548908025	dfa2cba34b611cc8c833a6ea83b8eb1bb5e2ef2dd130c481bc42ff36ae7847f6ab52b976cfd5def172fa412defde270c8b8bdfbaae1c7ece17d9833b1bcf31064fff78ef493f820055b561ece45e1009	af82
v2-bit-22-0	fc51cd8e6218a1a38da47ed00230f0580816ed13ba3303ac5deb911548908025	dfa2cba34b611cc8c833a6ea83b8eb1bb5e2ef2dd1b0c581bc42ff36ae7847f6ab52b976cfd5def172fa412defde270c8b8bdfbaae1c7ece17d9833b1bcf31064fff78ef493f820055b561ece45e1009	af82
v2-bit-22-1	fc51cd8e6218a1a38da47ed00230f0580816ed13ba3303ac5deb911548908025	dfa2cba34b611cc8c833a6ea83b8eb1bb5e2ef2dd1b0c681bc42ff36ae7847f6ab52b976cfd5def172fa412defde270c8b8bdfbaae1c7ece17d9833b1bcf31064fff78ef493f820055b561ece45e1009	af82
v2-bit-22-2	fc51cd8e6218a1a38da47ed00230f0580816ed13ba3303ac5deb911548908025	dfa2cba34b611cc8c833a6ea83b8eb1bb5e2ef2dd1b0c081bc42ff36ae7847f6ab52b976cfd5def172fa412defde270c8b8bdfbaae1c7ece17d9833b1bcf31064fff78ef493f820055b561ece45e1009	af82
v2-bit-22-3	fc51cd8e6218a1a38da47ed00230f0580816ed13ba3303ac5deb911548908025	dfa2cba34b611cc8c833a6ea83b8eb1bb5e2ef2dd1b0cc81bc42ff36ae7847f6ab52b976cfd5def172fa412defde270c8b8bdfbaae1c7ece17d9833b1bcf31064fff78ef493f820055b561ece45e1009	af82
v2-bit-22-4	fc51cd8e6218a1a38da47ed00230f0580816ed13ba3303ac5deb911548908025	dfa2cba34b611cc8c833a6ea83b8eb1bb5e2ef2dd1b0d481bc42ff36ae7847f6ab52b976cfd5def172fa412defde270c8b8bdfbaae1c7ece17d9833b1bcf31064fff78ef493f820055b561ece45e1009	af82
v2-bit-22-5	fc51cd8e6218a1a38da47ed00230f0580816ed13ba3303ac5deb911548908025	dfa2cba34b611cc8c833a6ea83b8eb1bb5e2ef2dd1b0e481bc42ff36ae7847f6ab52b976cfd5def172fa412defde270c8b8bdfbaae1c7ece17d9833b1bcf31064fff78ef493f820055b561ece45e1009	af82
v2-bit-22-6	fc51cd8e6218a1a38da47ed00230f0580816ed13ba3303ac5deb911548908025	dfa2cba34b611cc8c833a6ea83b8eb1bb5e2ef2dd1b08481bc42ff36ae7847f6ab52b976cfd5def172fa412defde270c8b8bdfbaae1c7ece17d9833b1bcf31064fff78ef493f820055b561ece45e1009	af82
v2-bit-22-7	fc51cd8e6218a1a38da47ed00230f0580816ed13ba3303ac5deb911548908025	dfa2cba34b611cc8c833a6ea83b8eb1bb5e2ef2dd1b04481bc42ff36ae7847f6ab52b976cfd5def172fa412defde270c8b8bdfbaae1c7ece17d9833b1bcf31064fff78ef493f820055b561ece45e1009	af82
v2-bit-23-0	fc51cd8e6218a1a38da47ed00230f0580816ed13ba3303ac5deb911548908025	dfa2cba34b611cc8c833a6ea83b8eb1bb5e2ef2dd1b0c480bc42ff36ae7847f6ab52b976cfd5def172fa412defde270c8b8bdfbaae1c7ece17d9833b1bcf31064fff78ef493f820055b561ece45e1009	af82
v2-bit-23-1	fc51cd8e6218a1a38da47ed00230f0580816ed13ba3303ac5deb911548908025	dfa2cba34b611cc8c833a6ea83b8eb1bb5e2ef2dd1b0c483bc42ff36ae7847f6ab52b976cfd5def172fa412defde270c8b8bdfbaae1c7ece17d9833b1bcf31064fff78ef493f820055b561ece45e1009	af82
v2-bit-23-2	fc51cd8e6218a1a38da47ed00230f0580816ed13ba3303ac5deb911548908025	dfa2cba34b611cc8c833a6ea83b8eb1bb5e2ef2dd1b0c485bc42ff36ae7847f6ab52b976cfd5def172fa412defde270c8b8bdfbaae1c7ece17d9833b1bcf31064fff78ef493f820055b561ece45e1009	af82
v2-bit-23-3	fc51cd8e6218a1a38da47ed00230f0580816ed13ba3303ac5deb911548908025	dfa2cba34b611cc8c833a6ea83b8eb1bb5e2ef2dd1b0c489bc42ff36ae7847f6ab52b976cfd5def172fa412defde270c8b8bdfbaae1c7ece17d9833b1bcf31064fff78ef493f820055b561ece45e1009	af82
v2-bit-23-4	fc51cd8e6218a1a38da47ed00230f0580816ed13ba3303ac5deb911548908025	dfa2cba34b611cc8c833a6ea83b8eb1bb5e2ef2dd1b0c491bc42ff36ae7847f6ab52b976cfd5def172fa412defde270c8b8bdfbaae1c7ece17d9833b1bcf31064fff78ef493f820055b561ece45e1009	af82
v2-bit-23-5	fc51cd8e6218a1a38da47ed00230f0580816ed13ba3303ac5deb911548908025	dfa2cba34b611cc8c833a6ea83b8eb1bb5e2ef2dd1b0c4a1bc42ff36ae7847f6ab52b976cfd5def172fa412defde270c8b8bdfbaae1c7ece17d9833b1bcf31064fff78ef493f820055b561ece45e1009	af82
v2-bit-23-6	fc51cd8e6218a1a38da47ed00230f0580816ed13ba3303ac5deb911548908025	dfa2cba34b611cc8c833a6ea83b8eb1bb5e2ef2dd1b0c4c1bc42ff36ae7847f6ab52b976cfd5def172fa412defde270c8b8bdfbaae1c7ece17d9833b1bcf31064fff78ef493f820055b561ece45e1009	af82
v2-bit-23-7	fc51cd8e6218a1a38da47ed00230f0580816ed13ba3303ac5deb911548908025	dfa2cba34b611cc8c833a6ea83b8eb1bb5e2ef2dd1b0c401bc42ff36ae7847f6ab52b976cfd5def172fa412defde270c8b8bdfbaae1c7ece17d9833b1bcf31064fff78ef493f820055b561ece45e1009	af82
v2-bit-24-0	fc51cd8e6218a1a38da47ed00230f0580816ed13ba3303ac5deb911548908025	dfa2cba34b611cc8c833a6ea83b8eb1bb5e2ef2dd1b0c481bd42ff36ae7847f6ab52b976cfd5def172fa412defde270c8b8bdfbaae1c7ece17d9833b1bcf31064fff78ef493f820055b561ece45e1009	af82
v2-bit-24-1	fc51cd8e6218a1a38da47ed00230f0580816ed13ba3303ac5deb911548908025	dfa2cba34b611cc8c833a6ea83b8eb1bb5e2ef2dd1b0c481be42ff36ae7847f6ab52b976cfd5def172fa412defde270c8b8bdfbaae1c7ece17d9833b1bcf31064fff78ef493f820055b561ece45e1009	af82
v2-bit-24-2	fc51cd8e6218a1a38da47ed00230f0580816ed13ba3303ac5deb911548908025	dfa2cba34b611cc8c833a6ea83b8eb1bb5e2ef2dd1b0c481b842ff36ae7847f6ab52b976cfd5def172fa412defde270c8b8bdfbaae1c7ece17d9833b1bcf31064fff78ef493f820055b561ece45e1009	af82
v2-bit-24-3	fc51cd8e6218a1a38da47ed00230f0580816ed13ba3303ac5deb911548908025	dfa2cba34b611cc8c833a6ea83b8eb1bb5e2ef2dd1b0c481b442ff36ae7847f6ab52b976cfd5def172fa412defde270c8b8bdfbaae1c7ece17d9833b1bcf31064fff78ef493f820055b561ece45e1009	af82
v2-bit-24-4	fc51cd8e6218a1a38da47ed00230f0580816ed13ba3303ac5deb911548908025	dfa2cba34b611cc8c833a6ea83b8eb1bb5e2ef2dd1b0c481ac42ff36ae7847f6ab52b976cfd5def172fa412defde270c8b8bdfbaae1c7ece17d9833b1bcf31064fff78ef493f820055b561ece45e1009	af82
v2-bit-24-5	fc51cd8e6218a1a38da47ed00230f0580816ed13ba3303ac5deb911548908025	dfa2cba34b611cc8c833a6ea83b8eb1bb5e2ef2dd1b0c4819c42ff36ae7847f6ab52b976cfd5def172fa412defde270c8b8bdfbaae1c7ece17d9833b1bcf31064fff78ef493f820055b561ece45e1009	af82
v2-bit-24-6	fc51cd8e6218a1a38da47ed00230f0580816ed13ba3303ac5deb911548908025	dfa2cba34b611cc8c833a6ea83b8eb1bb5e2ef2dd1b0c481fc42ff36ae7847f6ab52b976cfd5def172fa412defde270c8b8bdfbaae1c7ece17d9833b1bcf31064fff78ef493f820055b561ece45e1009	af82
v2-bit-24-7	fc51cd8e6218a1a38da47ed00230f0580816ed13ba3303ac5deb911548908025	dfa2cba34b611cc8c833a6ea83b8eb1bb5e2ef2dd1b0c4813c42ff36ae7847f6ab52b976cfd5def172fa412defde270c8b8bdfbaae1c7ece17d9833b1bcf31064fff78ef493f820055b561ece45e1009	af82
v2-bit-25-0	fc51cd8e6218a1a38da47ed00230f0580816ed13ba3303ac5deb911548908025	dfa2cba34b611cc8c833a6ea83b8eb1bb5e2ef2dd1b0c481bc43ff36ae7847f6ab52b976cfd5def172fa412defde270c8b8bdfbaae1c7ece17d9833b1bcf31064fff78ef493f820055b561ece45e1009	af82
v2-bit-25-1	fc51cd8e6218a1a38da47ed00230f0580816ed13ba3303ac5deb911548908025	dfa2cba34b611cc8c833a6ea83b8eb1bb5e2ef2dd1b0c481bc40ff36ae7847f6ab52b976cfd5def172fa412defde270c8b8bdfbaae1c7ece17d9833b1bcf31064fff78ef493f820055b561ece45e1009	af82
v2-bit-25-2	fc51cd8e6218a1a38da47ed00230f0580816ed13ba3303ac5deb911548908025	dfa2cba34b611cc8c833a6ea83b8eb1bb5e2ef2dd1b0c481bc46ff36ae7847f6ab52b976cfd5def172fa412defde270c8b8bdfbaae1c7ece17d9833b1bcf31064fff78ef493f820055b561ece45e1009	af82
v2-bit-25-3	fc51cd8e6218a1a38da47ed00230f0580816ed13ba3303ac5deb911548908025	dfa2cba34b611cc8c833a6ea83b8eb1bb5e2ef2dd1b0c481bc4aff36ae7847f6ab52b976cfd5def172fa412defde270c8b8bdfbaae1c7ece17d9833b1bcf31064fff78ef493f820055b561ece45e1009	af82
v2-bit-25-4	fc51cd8e6218a1a38da47ed00230f0580816ed13ba3303ac5deb911548908025	dfa2cba34b611cc8c833a6ea83b8eb1bb5e2ef2dd1b0c481bc52ff36ae7847f6ab52b976cfd5def172fa412defde270c8b8bdfbaae1c7ece17d9833b1bcf31064fff78ef493f820055b561ece45e1009	af82
v2-bit-25-5	fc51cd8e6218a1a38da47ed00230f0580816ed13ba3303ac5deb911548908025	dfa2cba34b611cc8c833a6ea83b8eb1bb5e2ef2dd1b0c481bc62ff36ae7847f6ab52b976cfd5def172fa412defde270c8b8bdfbaae1c7ece17d9833b1bcf31064fff78ef493f820055b561ece45e1009	af82
v2-bit-25-6	fc51cd8e6218a1a38da47ed00230f0580816ed13ba3303ac5deb911548908025	dfa2cba34b611cc8c833a6ea83b8eb1bb5e2ef2dd1b0c481bc02ff36ae7847f6ab52b976cfd5def172fa412defde270c8b8bdfbaae1c7ece17d9833b1bcf31064fff78ef493f820055b561ece45e1009	af82
v2-bit-25-7	fc51cd8e6218a1a38da47ed00230f0580816ed13ba3303ac5deb911548908025	dfa2cba34b611cc8c833a6ea83b8eb1bb5e2ef2dd1b0c481bcc2ff36ae7847f6ab52b976cfd5def172fa412defde270c8b8bdfbaae1c7ece17d9833b1bcf31064fff78ef493f820055b561ece45e1009	af82
v2-bit-26-0	fc51cd8e6218a1a38da47ed00230f0580816ed13ba3303ac5deb911548908025	dfa2cba34b611cc8c833a6ea83b8eb1bb5e2ef2dd1b0c481bc42fe36ae7847f6ab52b976cfd5def172fa412defde270c8b8bdfbaae1c7ece17d9833b1bcf31064fff78ef493f820055b561ece45e1009	af82
v2-bit-26-1	fc51cd8e6218a1a38da47ed00230f0580816ed13ba3303ac5deb911548908025	dfa2cba34b611cc8c833a6ea83b8eb1bb5e2ef2dd1b0c481bc42fd36ae7847f6ab52b976cfd5def172fa412defde270c8b8bdfbaae1c7ece17d9833b1bcf31064fff78ef493f820055b561ece45e1009	af82
v2-bit-26-2	fc51cd8e6218a1a38da47ed00230f0580816ed13ba3303ac5deb911548908025	dfa2cba34b611cc8c833a6ea83b8eb1bb5e2ef2dd1b0c481bc42fb36ae7847f6ab52b976cfd5def172fa412defde270c8b8bdfbaae1c7ece17d9833b1bcf31064fff78ef493f820055b561ece45e1009	af82
v2-bit-26-3	fc51cd8e6218a1a38da47ed00230f0580816ed13ba3303ac5deb911548908025	dfa2cba34b611cc8c833a6ea83b8eb1bb5e2ef2dd1b0c481bc42f736ae7847f6ab52b976cfd5def172fa412defde270c8b8bdfbaae1c7ece17d9833b1bcf31064fff78ef493f820055b561ece45e1009	af82
v2-bit-26-4	fc51cd8e6218a1a38da47ed00230f0580816ed13ba3303ac5deb911548908025	dfa2cba34b611cc8c833a6ea83b8eb1bb5e2ef2dd1b0c481bc42ef36ae7847f6ab52b976cfd5def172fa412defde270c8b8bdfbaae1c7ece17d9833b1bcf31064fff78ef493f820055b561ece45e1009	af82
v2-bit-26-5	fc51cd8e6218a1a38da47ed00230f0580816ed13ba3303ac5deb911548908025	dfa2cba34b611cc8c833a6ea83b8eb1bb5e2ef2dd1b0c481bc42df36ae7847f6ab52b976cfd5def172fa412defde270c8b8bdfbaae1c7ece17d9833b1bcf31064fff78ef493f820055b561ece45e1009	af82
v2-bit-26-6	fc51cd8e6218a1a38da47ed00230f0580816ed13ba3303ac5deb911548908025	dfa2cba34b611cc8c833a6ea83b8eb1bb5e2ef2dd1b0c481bc42bf36ae7847f6ab52b976cfd5def172fa412defde270c8b8bdfbaae1c7ece17d9833b1bcf31064fff78ef493f820055b561ece45e1009	af82
v2-bit-26-7	fc51cd8e6218a1a38da47ed00230f0580816ed13ba3303ac5deb911548908025	dfa2cba34b611cc8c833a6ea83b8eb1bb5e2ef2dd1b0c481bc427f36ae7847f6ab52b976cfd5def172fa412defde270c8b8bdfbaae1c7ece17d9833b1bcf31064fff78ef493f820055b561ece45e1009	af82
v2-bit-27-0	fc51cd8e6218a1a38da47ed00230f0580816ed13ba3303ac5deb911548908025	dfa2cba34b611cc8c833a6ea83b8eb1bb5e2ef2dd1b0c481bc42ff37ae7847f6ab52b976cfd5def172fa412defde270c8b8bdfbaae1c7ece17d9833b1bcf31064fff78ef493f820055b561ece45e1009	af82
v2-bit-27-1	fc51cd8e6218a1a38da47ed00230f0580816ed13ba3303ac5deb911548908025	dfa2cba34b611cc8c833a6ea83b8eb1bb5e2ef2dd1b0c481bc42ff34ae7847f6ab52b976cfd5def172fa412defde270c8b8bdfbaae1c7ece17d9833b1bcf31064fff78ef493f820055b561ece45e1009	af82
v2-bit-27-2	fc51cd8e6218a1a38da47ed00230f0580816ed13ba3303ac5deb911548908025	dfa2cba34b611cc8c833a6ea83b8eb1bb5e2ef2dd1b0c481bc42ff32ae7847f6ab52b976cfd5def172fa412defde270c8b8bdfbaae1c7ece17d9833b1bcf31064fff78ef493f820055b561ece45e1009	af82
v2-bit-27-3	fc51cd8e6218a1a38da47ed00230f0580816ed13ba3303ac5deb911548908025	dfa2cba34b611cc8c833a6ea83b8eb1bb5e2ef2dd1b0c481bc42ff3eae7847f6ab52b976cfd5def172fa412defde270c8b8bdfbaae1c7ece17d9833b1bcf31064fff78ef493f820055b561ece45e1009	af82
v2-bit-27-4	fc51cd8e6218a1a38da47ed00230f0580816ed13ba3303ac5deb911548908025	dfa2cba34b611cc8c833a6ea83b8eb1bb5e2ef2dd1b0c481bc42ff26ae7847f6ab52b976cfd5def172fa412defde270c8b8bdfbaae1c7ece17d9833b1bcf31064fff78ef493f820055b561ece45e1009	af82
v2-bit-27-5	fc51cd8e6218a1a38da47ed00230f0580816ed13ba3303ac5deb911548908025	dfa2cba34b611cc8c833a6ea83b8eb1bb5e2ef2dd1b0c481bc42ff16ae7847f6ab52b976cfd5def172fa412defde270c8b8bdfbaae1c7ece17d9833b1bcf31064fff78ef493f820055b561ece45e1009	af82
v2-bit-27-6	fc51cd8e6218a1a38da47ed00230f0580816ed13ba3303ac5deb911548908025	dfa2cba34b611cc8c833a6ea83b8eb1bb5e2ef2dd1b0c481bc42ff76ae7847f6ab52b976cfd5def172fa412defde270c8b8bdfbaae1c7ece17d9833b1bcf31064fff78ef493f820055b561ece45e1009	af82
v2-bit-27-7	fc51cd8e6218a1a38da47ed00230f0580816ed13ba3303ac5deb911548908025	dfa2cba34b611cc8c833a6ea83b8eb1bb5e2ef2dd1b0c481bc42ffb6ae7847f6ab52b976cfd5def172fa412defde270c8b8bdfbaae1c7ece17d9833b1bcf31064fff78ef493f820055b561ece45e1009	af82
v2-bit-28-0	fc51cd8e6218a1a38da47ed00230f0580816ed13ba3303ac5deb911548908025	dfa2cba34b611cc8c833a6ea83b8eb1bb5e2ef2dd1b0c481bc42ff36af7847f6ab52b976cfd5def172fa412defde270c8b8bdfbaae1c7ece17d9833b1bcf31064fff78ef493f820055b561ece45e1009	af82
v2-bit-28-1	fc51cd8e6218a1a38da47ed00230f0580816ed13ba3303ac5deb911548908025	dfa2cba34b611cc8c833a6ea83b8eb1bb5e2ef2dd1b0c481bc42ff36ac7847f6ab52b976cfd5def172fa412defde270c8b8bdfbaae1c7ece17d9833b1bcf31064fff78ef493f820055b561ece45e1009	af82
v2-bit-28-2	fc51cd8e6218a1a38da47ed00230f0580816ed13ba3303ac5deb911548908025	dfa2cba34b611cc8c833a6ea83b8eb1bb5e2ef2dd1b0c481bc42ff36aa7847f6ab52b976cfd5def172fa412defde270c8b8bdfbaae1c7ece17d9833b1bcf31064fff78ef493f820055b561ece45e1009	af82
v2-bit-28-3	fc51cd8e6218a1a38da47ed00230f0580816ed13ba3303ac5deb911548908025	dfa2cba34b611cc8c833a6ea83b8eb1bb5e2ef2dd1b0c481bc42ff36a67847f6ab52b976cfd5def172fa412defde270c8b8bdfbaae1c7ece17d9833b1bcf31064fff78ef493f820055b561ece45e1009	af82
v2-bit-28-4	fc51cd8e6218a1a38da47ed00230f0580816ed13ba3303ac5deb911548908025	dfa2cba34b611cc8c833a6ea83b8eb1bb5e2ef2dd1b0c481bc42ff36be7847f6ab52b976cfd5def172fa412defde270c8b8bdfbaae1c7ece17d9833b1bcf31064fff78ef493f820055b561ece45e1009	af82
v2-bit-28-5	fc51cd8e6218a1a38da47ed00230f0580816ed13ba3303ac5deb911548908025	dfa2cba34b611cc8c833a6ea83b8eb1bb5e2ef2dd1b0c481bc42ff368e7847f6ab52b976cfd5def172fa412defde270c8b8bdfbaae1c7ece17d9833b1bcf31064fff78ef493f820055b561ece45e1009	af82
v2-bit-28-6	fc51cd8e6218a1a38da47ed00230f0580816ed13ba3303ac5deb911548908025	dfa2cba34b611cc8c833a6ea83b8eb1bb5e2ef2dd1b0c481bc42ff36ee7847f6ab52b976cfd5def172fa412defde270c8b8bdfbaae1c7ece17d9833b1bcf31064fff78ef493f820055b561ece45e1009	af82
v2-bit-28-7	fc51cd8e6218a1a38da47ed00230f0580816ed13ba3303ac5deb911548908025	dfa2cba34b611cc8c833a6ea83b8eb1bb5e2ef2dd1b0c481bc42ff362e7847f6ab52b976cfd5def172fa412defde270c8b8bdfbaae1c7ece17d9833b1bcf31064fff78ef493f820055b561ece45e1009	af82
v2-bit-29-0	fc51cd8e6218a1a38da47ed00230f0580816ed13ba3303ac5deb911548908025	dfa2cba34b611cc8c833a6ea83b8eb1bb5e2ef2dd1b0c481bc42ff36ae7947f6ab52b976cfd5def172fa412defde270c8b8bdfbaae1c7ece17d9833b1bcf31064fff78ef493f820055b561ece45e1009	af82
v2-bit-29-1	fc51cd8e6218a1a38da47ed00230f0580816ed13ba3303ac5deb911548908025	dfa2cba34b611cc8c833a6ea83b8eb1bb5e2ef2dd1b0c481bc42ff36ae7a47f6ab52b976cfd5def172fa412defde270c8b8bdfbaae1c7ece17d9833b1bcf31064fff78ef493f820055b561ece45e1009	af82
v2-bit-29-2	fc51cd8e6218a1a38da47ed00230f0580816ed13ba3303ac5deb911548908025	dfa2cba34b611cc8c833a6ea83b8eb1bb5e2ef2dd1b0c481bc42ff36ae7c47f6ab52b976cfd5def172fa412defde270c8b8bdfbaae1c7ece17d9833b1bcf31064fff78ef493f820055b561ece45e1009	af82
v2-bit-29-3	fc51cd8e6218a1a38da47ed00230f0580816ed13ba3303ac5deb911548908025	dfa2cba34b611cc8c833a6ea83b8eb1bb5e2ef2dd1b0c481bc42ff36ae7047f6ab52b976cfd5def172fa412defde270c8b8bdfbaae1c7ece17d9833b1bcf31064fff78ef493f820055b561ece45e1009	af82
v2-bit-29-4	fc51cd8e6218a1a38da47ed00230f0580816ed13ba3303ac5deb911548908025	dfa2cba34b611cc8c833a6ea83b8eb1bb5e2ef2dd1b0c481bc42ff36ae6847f6ab52b976cfd5def172fa412defde270c8b8bdfbaae1c7ece17d9833b1bcf31064fff78ef493f820055b561ece45e1009	af82
v2-bit-29-5	fc51cd8e6218a1a38da47ed00230f0580816ed13ba3303ac5deb911548908025	dfa2cba34b611cc8c833a6ea83b8eb1bb5e2ef2dd1b0c481bc42ff36ae5847f6ab52b976cfd5def172fa412defde270c8b8bdfbaae1c7ece17d9833b1bcf31064fff78ef493f820055b561ece45e1009	af82
v2-bit-29-6	fc51cd8e6218a1a38da47ed00230f0580816ed13ba3303ac5deb911548908025	dfa2cba34b611cc8c833a6ea83b8eb1bb5e2ef2dd1b0c481bc42ff36ae3847f6ab52b976cfd5def172fa412defde270c8b8bdfbaae1c7ece17d9833b1bcf31064fff78ef493f820055b561ece45e1009	af82
v2-bit-29-7	fc51cd8e6218a1a38da47ed00230f0580816ed13ba3303ac5deb911548908025	dfa2cba34b611cc8c833a6ea83b8eb1bb5e2ef2dd1b0c481bc42ff36aef847f6ab52b976cfd5def172fa412defde270c8b8bdfbaae1c7ece17d9833b1bcf31064fff78ef493f820055b561ece45e1009	af82
v2-bit-30-0	fc51cd8e6218a1a38da47ed00230f0580816ed13ba3303ac5deb911548908025	dfa2cba34b611cc8c833a6ea83b8eb1bb5e2ef2dd1b0c481bc42ff36ae7846f6ab52b976cfd5def172fa412defde270c8b8bdfbaae1c7ece17d9833b1bcf31064fff78ef493f820055b561ece45e1009	af82
v2-bit-30-1	fc51cd8e6218a1a38da47ed00230f0580816ed13ba3303ac5deb911548908025	dfa2cba34b611cc8c833a6ea83b8eb1bb5e2ef2dd1b0c481bc42ff36ae7845f6ab52b976cfd5def172fa412defde270c8b8bdfbaae1c7ece17d9833b1bcf31064fff78ef493f820055b561ece45e1009	af82
v2-bit-30-2	fc51cd8e6218a1a38da47ed00230f0580816ed13ba3303ac5deb911548908025	dfa2cba34b611cc8c833a6ea83b8eb1bb5e2ef2dd1b0c481bc42ff36ae7843f6ab52b976cfd5def172fa412defde270c8b8bdfbaae1c7ece17d9833b1bcf31064fff78ef493f820055b561ece45e1009	af82
v2-bit-30-3	fc51cd8e6218a1a38da47ed00230f0580816ed13ba3303ac5deb911548908025	dfa2cba34b611cc8c833a6ea83b8eb1bb5e2ef2dd1b0c481bc42ff36ae784ff6ab52b976cfd5def172fa412defde270c8b8bdfbaae1c7ece17d9833b1bcf31064fff78ef493f820055b561ece45e1009	af82
v2-bit-30-4	fc51cd8e6218a1a38da47ed00230f0580816ed13ba3303ac5deb911548908025	dfa2cba34b611cc8c833a6ea83b8eb1bb5e2ef2dd1b0c481bc42ff36ae7857f6ab52b976cfd5def172fa412defde270c8b8bdfbaae1c7ece17d9833b1bcf31064fff78ef493f820055b561ece45e1009	af82
v2-bit-30-5	fc51cd8e6218a1a38da47ed00230f0580816ed13ba3303ac5deb911548908025	dfa2cba34b611cc8c833a6ea83b8eb1bb5e2ef2dd1b0c481bc42ff36ae7867f6ab52b976cfd5def172fa412defde270c8b8bdfbaae1c7ece17d9833b1bcf31064fff78ef493f820055b561ece45e1009	af82
v2-bit-30-6	fc51cd8e6218a1a38da47ed00230f0580816ed13ba3303ac5deb911548908025	dfa2cba34b611cc8c833a6ea83b8eb1bb5e2ef2dd1b0c481bc42ff36ae7807f6ab52b976cfd5def172fa412defde270c8b8bdfbaae1c7ece17d9833b1bcf31064fff78ef493f820055b561ece45e1009	af82
v2-bit-30-7	fc51cd8e6218a1a38da47ed00230f0580816ed13ba3303ac5deb911548908025	dfa2cba34b611cc8c833a6ea83b8eb1bb5e2ef2dd1b0c481bc42ff36ae78c7f6ab52b976cfd5def172fa412defde270c8b8bdfbaae1c7ece17d9833b1bcf31064fff78ef493f820055b561ece45e1009	af82
v2-bit-31-0	fc51cd8e6218a1a38da47ed00230f0580816ed13ba3303ac5deb911548908025	dfa2cba34b611cc8c833a6ea83b8eb1bb5e2ef2dd1b0c481bc42ff36ae7847f7ab52b976cfd5def172fa412defde270c8b8bdfbaae1c7ece17d9833b1bcf31064fff78ef493f820055b561ece45e1009	af82
v2-bit-31-1	fc51cd8e6218a1a38da47ed00230f0580816ed13ba3303ac5deb911548908025	dfa2cba34b611cc8c833a6ea83b8eb1bb5e2ef2dd1b0c481bc42ff36ae7847f4ab52b976cfd5def172fa412defde270c8b8bdfbaae1c7ece17d9833b1bcf31064fff78ef493f820055b561ece45e1009	af82
v2-bit-31-2	fc51cd8e6218a1a38da47ed00230f0580816ed13ba3303ac5deb911548908025	dfa2cba34b611cc8c833a6ea83b8eb1bb5e2ef2dd1b0c481bc42ff36ae7847f2ab52b976cfd5def172fa412defde270c8b8bdfbaae1c7ece17d9833b1bcf31064fff78ef493f820055b561ece45e1009	af82
v2-bit-31-3	fc51cd8e6218a1a38da47ed00230f0580816ed13ba3303ac5deb911548908025	dfa2cba34b611cc8c833a6ea83b8eb1bb5e2ef2dd1b0c481bc42ff36ae7847feab52b976cfd5def172fa412defde270c8b8bdfbaae1c7ece17d9833b1bcf31064fff78ef493f820055b561ece45e1009	af82
v2-bit-31-4	fc51cd8e6218a1a38da47ed00230f0580816ed13ba3303ac5deb911548908025	dfa2cba34b611cc8c833a6ea83b8eb1bb5e2ef2dd1b0c481bc42ff36ae7847e6ab52b976cfd5def172fa412defde270c8b8bdfbaae1c7ece17d9833b1bcf31064fff78ef493f820055b561ece45e1009	af82
v2-bit-31-5	fc51cd8e6218a1a38da47ed00230f0580816ed13ba3303ac5deb911548908025	dfa2cba34b611cc8c833a6ea83b8eb1bb5e2ef2dd1b0c481bc42ff36ae7847d6ab52b976cfd5def172fa412defde270c8b8bdfbaae1c7ece17d9833b1bcf31064fff78ef493f820055b561ece45e1009	af82
v2-bit-31-6	fc51cd8e6218a1a38da47ed00230f0580816ed13ba3303ac5deb911548908025	dfa2cba34b611cc8c833a6ea83b8eb1bb5e2ef2dd1b0c481bc42ff36ae7847b6ab52b976cfd5def172fa412defde270c8b8bdfbaae1c7ece17d9833b1bcf31064fff78ef493f820055b561ece45e1009	af82
v2-bit-31-7	fc51cd8e6218a1a38da47ed00230f0580816ed13ba3303ac5deb911548908025	dfa2cba34b611cc8c833a6ea83b8eb1bb5e2ef2dd1b0c481bc42ff36ae784776ab52b976cfd5def172fa412defde270c8b8bdfbaae1c7ece17d9833b1bcf31064fff78ef493f820055b561ece45e1009	af82
v2-bit-32-0	fc51cd8e6218a1a38da47ed00230f0580816ed13ba3303ac5deb911548908025	dfa2cba34b611cc8c833a6ea83b8eb1bb5e2ef2dd1b0c481bc42ff36ae7847f6aa52b976cfd5def172fa412defde270c8b8bdfbaae1c7ece17d9833b1bcf31064fff78ef493f820055b561ece45e1009	af82
v2-bit-32-1	fc51cd8e6218a1a38da47ed00230f0580816ed13ba3303ac5deb911548908025	dfa2cba34b611cc8c833a6ea83b8eb1bb5e2ef2dd1b0c481bc42ff36ae7847f6a952b976cfd5def172fa412defde270c8b8bdfbaae1c7ece17d9833b1bcf31064fff78ef493f820055b561ece45e1009	af82
v2-bit-32-2	fc51cd8e6218a1a38da47ed00230f0580816ed13ba3303ac5deb911548908025	dfa2cba34b611cc8c833a6ea83b8eb1bb5e2ef2dd1b0c481bc42ff36ae7847f6af52b976cfd5def172fa412defde270c8b8bdfbaae1c7ece17d9833b1bcf31064fff78ef493f820055b561ece45e1009	af82
v2-bit-32-3	fc51cd8e6218a1a38da47ed00230f0580816ed13ba3303ac5deb911548908025	dfa2cba34b611cc8c833a6ea83b8eb1bb5e2ef2dd1b0c481bc42ff36ae7847f6a352b976cfd5def172fa412defde270c8b8bdfbaae1c7ece17d9833b1bcf31064fff78ef493f820055b561ece45e1009	af82
v2-bit-32-4	fc51cd8e6218a1a38da47ed00230f0580816ed13ba3303ac5deb911548908025	dfa2cba34b611cc8c833a6ea83b8eb1bb5e2ef2dd1b0c481bc42ff36ae7847f6bb52b976cfd5def172fa412defde270c8b8bdfbaae1c7ece17d9833b1bcf31064fff78ef493f820055b561ece45e1009	af82
v2-bit-32-5	fc51cd8e6218a1a38da47ed00230f0580816ed13ba3303ac5deb911548908025	dfa2cba34b611cc8c833a6ea83b8eb1bb5e2ef2dd1b0c481bc42ff36ae7847f68b52b976cfd5def172fa412defde270c8b8bdfbaae1c7ece17d9833b1bcf31064fff78ef493f820055b561ece45e1009	af82
v2-bit-32-6	fc51cd8e6218a1a38da47ed00230f0580816ed13ba3303ac5deb911548908025	dfa2cba34b611cc8c833a6ea83b8eb1bb5e2ef2dd1b0c481bc42ff36ae7847f6eb52b976cfd5def172fa412defde270c8b8bdfbaae1c7ece17d9833b1bcf31064fff78ef493f820055b561ece45e1009	af82
v2-bit-32-7	fc51cd8e6218a1a38da47ed00230f0580816ed13ba3303ac5deb911548908025	dfa2cba34b611cc8c833a6ea83b8eb1bb5e2ef2dd1b0c481bc42ff36ae7847f62b52b976cfd5def172fa412defde270c8b8bdfbaae1c7ece17d9833b1bcf31064fff78ef493f820055b561ece45e1009	af82
v2-bit-33-0	fc51cd8e6218a1a38da47ed00230f0580816ed13ba3303ac5deb911548908025	dfa2cba34b611cc8c833a6ea83b8eb1bb5e2ef2dd1b0c481bc42ff36ae7847f6ab53b976cfd5def172fa412defde270c8b8bdfbaae1c7ece17d9833b1bcf31064fff78ef493f820055b561ece45e1009	af82
v2-bit-33-1	fc51cd8e6218a1a38da47ed00230f0580816ed13ba3303ac5deb911548908025	dfa2cba34b611cc8c833a6ea83b8eb1bb5e2ef2dd1b0c481bc42ff36ae7847f6ab50b976cfd5def172fa412defde270c8b8bdfbaae1c7ece17d9833b1bcf31064fff78ef493f820055b561ece45e1009	af82
v2-bit-33-2	fc51cd8e6218a1a38da47ed00230f0580816ed13ba3303ac5deb911548908025	dfa2cba34b611cc8c833a6ea83b8eb1bb5e2ef2dd1b0c481bc42ff36ae7847f6ab56b976cfd5def172fa412defde270c8b8bdfbaae1c7ece17d9833b1bcf31064fff78ef493f820055b561ece45e1009	af82
v2-bit-33-3	fc51cd8e6218a1a38da47ed00230f0580816ed13ba3303ac5deb911548908025	dfa2cba34b611cc8c833a6ea83b8eb1bb5e2ef2dd1b0c481bc42ff36ae7847f6ab5ab976cfd5def172fa412defde270c8b8bdfbaae1c7ece17d9833b1bcf31064fff78ef493f820055b561ece45e1009	af82
v2-bit-33-4	fc51cd8e6218a1a38da47ed00230f0580816ed13ba3303ac5deb911548908025	dfa2cba34b611cc8c833a6ea83b8eb1bb5e2ef2dd1b0c481bc42ff36ae7847f6ab42b976cfd5def172fa412defde270c8b8bdfbaae1c7ece17d9833b1bcf31064fff78ef493f820055b561ece45e1009	af82
v2-bit-33-5	fc51cd8e6218a1a38da47ed00230f0580816ed13ba3303ac5deb911548908025	dfa2cba34b611cc8c833a6ea83b8eb1bb5e2ef2dd1b0c481bc42ff36ae7847f6ab72b976cfd5def172fa412defde270c8b8bdfbaae1c7ece17d9833b1bcf31064fff78ef493f820055b561ece45e1009	af82
v2-bit-33-6	fc51cd8e6218a1a38da47ed00230f0580816ed13ba3303ac5deb911548908025	dfa2cba34b611cc8c833a6ea83b8eb1bb5e2ef2dd1b0c481bc42ff36ae7847f6ab12b976cfd5def172fa412defde270c8b8bdfbaae1c7ece17d9833b1bcf31064fff78ef493f820055b561ece45e1009	af82
v2-bit-33-7	fc51cd8e6218a1a38da47ed00230f0580816ed13ba3303ac5deb911548908025	dfa2cba34b611cc8c833a6ea83b8eb1bb5e2ef2dd1b0c481bc42ff36ae7847f6abd2b976cfd5def172fa412defde270c8b8bdfbaae1c7ece17d9833b1bcf31064fff78ef493f820055b561ece45e1009	af82
v2-bit-34-0	fc51cd8e6218a1a38da47ed00230f0580816ed13ba3303ac5deb911548908025	dfa2cba34b611cc8c833a6ea83b8eb1bb5e2ef2dd1b0c481bc42ff36ae7847f6ab52b876cfd5def172fa412defde270c8b8bdfbaae1c7ece17d9833b1bcf31064fff78ef493f820055b561ece45e1009	af82
v2-bit-34-1	fc51cd8e6218a1a38da47ed00230f0580816ed13ba3303ac5deb911548908025	dfa2cba34b611cc8c833a6ea83b8eb1bb5e2ef2dd1b0c481bc42ff36ae7847f6ab52bb76cfd5def172fa412defde270c8b8bdfbaae1c7ece17d9833b1bcf31064fff78ef493f820055b561ece45e1009	af82
v2-bit-34-2	fc51cd8e6218a1a38da47ed00230f0580816ed13ba3303ac5deb911548908025	dfa2cba34b611cc8c833a6ea83b8eb1bb5e2ef2dd1b0c481bc42ff36ae7847f6ab52bd76cfd5def172fa412defde270c8b8bdfbaae1c7ece17d9833b1bcf31064fff78ef493f820055b561ece45e1009	af82
v2-bit-34-3	fc51cd8e6218a1a38da47ed00230f0580816ed13ba3303ac5deb911548908025	dfa2cba34b611cc8c833a6ea83b8eb1bb5e2ef2dd1b0c481bc42ff36ae7847f6ab52b176cfd5def172fa412defde270c8b8bdfbaae1c7ece17d9833b1bcf31064fff78ef493f820055b561ece45e1009	af82
v2-bit-34-4	fc51cd8e6218a1a38da47ed00230f0580816ed13ba3303ac5deb911548908025	dfa2cba34b611cc8c833a6ea83b8eb1bb5e2ef2dd1b0c481bc42ff36ae7847f6ab52a976cfd5def172fa412defde270c8b8bdfbaae1c7ece17d9833b1bcf31064fff78ef493f820055b561ece45e1009	af82
v2-bit-34-5	fc51cd8e6218a1a38da47ed00230f0580816ed13ba3303ac5deb911548908025	dfa2cba34b611cc8c833a6ea83b8eb1bb5e2ef2dd1b0c481bc42ff36ae7847f6ab529976cfd5def172fa412defde270c8b8bdfbaae1c7ece17d9833b1bcf31064fff78ef493f820055b561ece45e1009	af82
v2-bit-34-6	fc51cd8e6218a1a38da47ed00230f0580816ed13ba3303ac5deb911548908025	dfa2cba34b611cc8c833a6ea83b8eb1bb5e2ef2dd1b0c481bc42ff36ae7847f6ab52f976cfd5def172fa412defde270c8b8bdfbaae1c7ece17d9833b1bcf31064fff78ef493f820055b561ece45e1009	af82
v2-bit-34-7	fc51cd8e6218a1a38da47ed00230f0580816ed13ba3303ac5deb911548908025	dfa2cba34b611cc8c833a6ea83b8eb1bb5e2ef2dd1b0c481bc42ff36ae7847f6ab523976cfd5def172fa412defde270c8b8bdfbaae1c7ece17d9833b1bcf31064fff78ef493f820055b561ece45e1009	af82
v2-bit-35-0	fc51cd8e6218a1a38da47ed00230f0580816ed13ba3303ac5deb911548908025	dfa2cba34b611cc8c833a6ea83b8eb1bb5e2ef2dd1b0c481bc42ff36ae7847f6ab52b977cfd5def172fa412defde270c8b8bdfbaae1c7ece17d9833b1bcf31064fff78ef493f820055b561ece45e1009	af82
v2-bit-35-1	fc51cd8e6218a1a38da47ed00230f0580816ed13ba3303ac5deb911548908025	dfa2cba34b611cc8c833a6ea83b8eb1bb5e2ef2dd1b0c481bc42ff36ae7847f6ab52b974cfd5def172fa412defde270c8b8bdfbaae1c7ece17d9833b1bcf31064fff78ef493f820055b561ece45e1009	af82
v2-bit-35-2	fc51cd8e6218a1a38da47ed00230f0580816ed13ba3303ac5deb911548908025	dfa2cba34b611cc8c833a6ea83b8eb1bb5e2ef2dd1b0c481bc42ff36ae7847f6ab52b972cfd5def172fa412defde270c8b8bdfbaae1c7ece17d9833b1bcf31064fff78ef493f820055b561ece45e1009	af82
v2-bit-35-3	fc51cd8e6218a1a38da47ed00230f0580816ed13ba3303ac5deb911548908025	dfa2cba34b611cc8c833a6ea83b8eb1bb5e2ef2dd1b0c481bc42ff36ae7847f6ab52b97ecfd5def172fa412defde270c8b8bdfbaae1c7ece17d9833b1bcf31064fff78ef493f820055b561ece45e1009	af82
v2-bit-35-4	fc51cd8e6218a1a38da47ed00230f0580816ed13ba3303ac5deb911548908025	dfa2cba34b611cc8c833a6ea83b8eb1bb5e2ef2dd1b0c481bc42ff36ae7847f6ab52b966cfd5def172fa412defde270c8b8bdfbaae1c7ece17d9833b1bcf31064fff78ef493f820055b561ece45e1009	af82
v2-bit-35-5	fc51cd8e6218a1a38da47ed00230f0580816ed13ba3303ac5deb911548908025	dfa2cba34b611cc8c833a6ea83b8eb1bb5e2ef2dd1b0c481bc42ff36ae7847f6ab52b956cfd5def172fa412defde270c8b8bdfbaae1c7ece17d9833b1bcf31064fff78ef493f820055b561ece45e1009	af82
v2-bit-35-6	fc51cd8e6218a1a38da47ed00230f0580816ed13ba3303ac5deb911548908025	dfa2cba34b611cc8c833a6ea83b8eb1bb5e2ef2dd1b0c481bc42ff36ae7847f6ab52b936cfd5def172fa412defde270c8b8bdfbaae1c7ece17d9833b1bcf31064fff78ef493f820055b561ece45e1009	af82
v2-bit-35-7	fc51cd8e6218a1a38da47ed00230f0580816ed13ba3303ac5deb911548908025	dfa2cba34b611cc8c833a6ea83b8eb1bb5e2ef2dd1b0c481bc42ff36ae7847f6ab52b9f6cfd5def172fa412defde270c8b8bdfbaae1c7ece17d9833b1bcf31064fff78ef493f820055b561ece45e1009	af82
v2-bit-36-0	fc51cd8e6218a1a38da47ed00230f0580816ed13ba3303ac5deb911548908025	dfa2cba34b611cc8c833a6ea83b8eb1bb5e2ef2dd1b0c481bc42ff36ae7847f6ab52b976ced5def172fa412defde270c8b8bdfbaae1c7ece17d9833b1bcf31064fff78ef493f820055b561ece45e1009	af82
v2-bit-36-1	fc51cd8e6218a1a38da47ed00230f0580816ed13ba3303ac5deb911548908025	dfa2cba34b611cc8c833a6ea83b8eb1bb5e2ef2dd1b0c481bc42ff36ae7847f6ab52b976cdd5def172fa412defde270c8b8bdfbaae1c7ece17d9833b1bcf31064fff78ef493f820055b561ece45e1009	af82
v2-bit-36-2	fc51cd8e6218a1a38da47ed00230f0580816ed13ba3303ac5deb911548908025	dfa2cba34b611cc8c833a6ea83b8eb1bb5e2ef2dd1b0c481bc42ff36ae7847f6ab52b976cbd5def172fa412defde270c8b8bdfbaae1c7ece17d9833b1bcf31064fff78ef493f820055b561ece45e1009	af82
v2-bit-36-3	fc51cd8e6218a1a38da47ed00230f0580816ed13ba3303ac5deb911548908025	dfa2cba34b611cc8c833a6ea83b8eb1bb5e2ef2dd1b0c481bc42ff36ae7847f6ab52b976c7d5def172fa412defde270c8b8bdfbaae1c7ece17d9833b1bcf31064fff78ef493f820055b561ece45e1009	af82
v2-bit-36-4	fc51cd8e6218a1a38da47ed00230f0580816ed13ba3303ac5deb911548908025	dfa2cba34b611cc8c833a6ea83b8eb1bb5e2ef2dd1b0c481bc42ff36ae7847f6ab52b976dfd5def172fa412defde270c8b8bdfbaae1c7ece17d9833b1bcf31064fff78ef493f820055b561ece45e1009	af82
v2-bit-36-5	fc51cd8e6218a1a38da47ed00230f0580816ed13ba3303ac5deb911548908025	dfa2cba34b611cc8c833a6ea83b8eb1bb5e2ef2dd1b0c481bc42ff36ae7847f6ab52b976efd5def172fa412defde270c8b8bdfbaae1c7ece17d9833b1bcf31064fff78ef493f820055b561ece45e1009	af82
v2-bit-36-6	fc51cd8e6218a1a38da47ed00230f0580816ed13ba3303ac5deb911548908025	dfa2cba34b611cc8c833a6ea83b8eb1bb5e2ef2dd1b0c481bc42ff36ae7847f6ab52b9768fd5def172fa412defde270c8b8bdfbaae1c7ece17d9833b1bcf31064fff78ef493f820055b561ece45e1009	af82
v2-bit-36-7	fc51cd8e6218a1a38da47ed00230f0580816ed13ba3303ac5deb911548908025	dfa2cba34b611cc8c833a6ea83b8eb1bb5e2ef2dd1b0c481bc42ff36ae7847f6ab52b9764fd5def172fa412defde270c8b8bdfbaae1c7ece17d9833b1bcf31064fff78ef493f820055b561ece45e1009	af82
v2-bit-37-0	fc51cd8e6218a1a38da47ed00230f0580816ed13ba3303ac5deb911548908025	dfa2cba34b611cc8c833a6ea83b8eb1bb5e2ef2dd1b0c481bc42ff36ae7847f6ab52b976cfd4def172fa412defde270c8b8bdfbaae1c7ece17d9833b1bcf31064fff78ef493f820055b561ece45e1009	af82
v2-bit-37-1	fc51cd8e6218a1a38da47ed00230f0580816ed13ba3303ac5deb911548908025	dfa2cba34b611cc8c833a6ea83b8eb1bb5e2ef2dd1b0c481bc42ff36ae7847f6ab52b976cfd7def172fa412defde270c8b8bdfbaae1c7ece17d9833b1bcf31064fff78ef493f820055b561ece45e1009	af82
v2-bit-37-2	fc51cd8e6218a1a38da47ed00230f0580816ed13ba3303ac5deb911548908025	dfa2cba34b611cc8c833a6ea83b8eb1bb5e2ef2dd1b0c481bc42ff36ae7847f6ab52b976cfd1def172fa412defde270c8b8bdfbaae1c7ece17d9833b1bcf31064fff78ef493f820055b561ece45e1009	af82
v2-bit-37-3	fc51cd8e6218a1a38da47ed00230f0580816ed13ba3303ac5deb911548908025	dfa2cba34b611cc8c833a6ea83b8eb1bb5e2ef2dd1b0c481bc42ff36ae7847f6ab52b976cfdddef172fa412defde270c8b8bdfbaae1c7ece17d9833b1bcf31064fff78ef493f820055b561ece45e1009	af82
v2-bit-37-4	fc51cd8e6218a1a38da47ed00230f0580816ed13ba3303ac5deb911548908025	dfa2cba34b611cc8c833a6ea83b8eb1bb5e2ef2dd1b0c481bc42ff36ae7847f6ab52b976cfc5def172fa412defde270c8b8bdfbaae1c7ece17d9833b1bcf31064fff78ef493f820055b561ece45e1009	af82
v2-bit-37-5	fc51cd8e6218a1a38da47ed00230f0580816ed13ba3303ac5deb911548908025	dfa2cba34b611cc8c833a6ea83b8eb1bb5e2ef2dd1b0c481bc42ff36ae7847f6ab52b976cff5def172fa412defde270c8b8bdfbaae1c7ece17d9833b1bcf31064fff78ef493f820055b561ece45e1009	af82
v2-bit-37-6	fc51cd8e6218a1a38da47ed00230f0580816ed13ba3303ac5deb911548908025	dfa2cba34b611cc8c833a6ea83b8eb1bb5e2ef2dd1b0c481bc42ff36ae7847f6ab52b976cf95def172fa412defde270c8b8bdfbaae1c7ece17d9833b1bcf31064fff78ef493f820055b561ece45e1009	af82
v2-bit-37-7	fc51cd8e6218a1a38da47ed00230f0580816ed13ba3303ac5deb911548908025	dfa2cba34b611cc8c833a6ea83b8eb1bb5e2ef2dd1b0c481bc42ff36ae7847f6ab52b976cf55def172fa412defde270c8b8bdfbaae1c7ece17d9833b1bcf31064fff78ef493f820055b561ece45e1009	af82
v2-bit-38-0	fc51cd8e6218a1a38da47ed00230f0580816ed13ba3303ac5deb911548908025	dfa2cba34b611cc8c833a6ea83b8eb1bb5e2ef2dd1b0c481bc42ff36ae7847f6ab52b976cfd5dff172fa412defde270c8b8bdfbaae1c7ece17d9833b1bcf31064fff78ef493f820055b561ece45e1009	af82
v2-bit-38-1	fc51cd8e6218a1a38da47ed00230f0580816ed13ba3303ac5deb911548908025	dfa2cba34b611cc8c833a6ea83b8eb1bb5e2ef2dd1b0c481bc42ff36ae7847f6ab52b976cfd5dcf172fa412defde270c8b8bdfbaae1c7ece17d9833b1bcf31064fff78ef493f820055b561ece45e1009	af82
v2-bit-38-2	fc51cd8e6218a1a38da47ed00230f0580816ed13ba3303ac5deb911548908025	dfa2cba34b611cc8c833a6ea83b8eb1bb5e2ef2dd1b0c481bc42ff36ae7847f6ab52b976cfd5daf172fa412defde270c8b8bdfbaae1c7ece17d9833b1bcf31064fff78ef493f820055b561ece45e1009	af82
v2-bit-38-3	fc51cd8e6218a1a38da47ed00230f0580816ed13ba3303ac5deb911548908025	dfa2cba34b611cc8c833a6ea83b8eb1bb5e2ef2dd1b0c481bc42ff36ae7847f6ab52b976cfd5d6f172fa412defde270c8b8bdfbaae1c7ece17d9833b1bcf31064fff78ef493f820055b561ece45e1009	af82
v2-bit-38-4	fc51cd8e6218a1a38da47ed00230f0580816ed13ba3303ac5deb911548908025	dfa2cba34b611cc8c833a6ea83b8eb1bb5e2ef2dd1b0c481bc42ff36ae7847f6ab52b976cfd5cef172fa412defde270c8b8bdfbaae1c7ece17d9833b1bcf31064fff78ef493f820055b561ece45e1009	af82
v2-bit-38-5	fc51cd8e6218a1a38da47ed00230f0580816ed13ba3303ac5deb911548908025	dfa2cba34b611cc8c833a6ea83b8eb1bb5e2ef2dd1b0c481bc42ff36ae7847f6ab52b976cfd5fef172fa412defde270c8b8bdfbaae1c7ece17d9833b1bcf31064fff78ef493f820055b561ece45e1009	af82
v2-bit-38-6	fc51cd8e6218a1a38da47ed00230f0580816ed13ba3303ac5deb911548908025	dfa2cba34b611cc8c833a6ea83b8eb1bb5e2ef2dd1b0c481bc42ff36ae7847f6ab52b976cfd59ef172fa412defde270c8b8bdfbaae1c7ece17d9833b1bcf31064fff78ef493f820055b561ece45e1009	af82
v2-bit-38-7	fc51cd8e6218a1a38da47ed00230f0580816ed13ba3303ac5deb911548908025	dfa2cba34b611cc8c833a6ea83b8eb1bb5e2ef2dd1b0c481bc42ff36ae7847f6ab52b976cfd55ef172fa412defde270c8b8bdfbaae1c7ece17d9833b1bcf31064fff78ef493f820055b561ece45e1009	af82
v2-bit-39-0	fc51cd8e6218a1a38da47ed00230f0580816ed13ba3303ac5deb911548908025	dfa2cba34b611cc8c833a6ea83b8eb1bb5e2ef2dd1b0c481bc42ff36ae7847f6ab52b976cfd5def072fa412defde270c8b8bdfbaae1c7ece17d9833b1bcf31064fff78ef493f820055b561ece45e1009	af82
v2-bit-39-1	fc51cd8e6218a1a38da47ed00230f0580816ed13ba3303ac5deb911548908025	dfa2cba34b611cc8c833a6ea83b8eb1bb5e2ef2dd1b0c481bc42ff36ae7847f6ab52b976cfd5def372fa412defde270c8b8bdfbaae1c7ece17d9833b1bcf31064fff78ef493f820055b561ece45e1009	af82
v2-bit-39-2	fc51cd8e6218a1a38da47ed00230f0580816ed13ba3303ac5deb911548908025	dfa2cba34b611cc8c833a6ea83b8eb1bb5e2ef2dd1b0c481bc42ff36ae7847f6ab52b976cfd5def572fa412defde270c8b8bdfbaae1c7ece17d9833b1bcf31064fff78ef493f820055b561ece45e1009	af82
v2-bit-39-3	fc51cd8e6218a1a38da47ed00230f0580816ed13ba3303ac5deb911548908025	dfa2cba34b611cc8c833a6ea83b8eb1bb5e2ef2dd1b0c481bc42ff36ae7847f6ab52b976cfd5def972fa412defde270c8b8bdfbaae1c7ece17d9833b1bcf31064fff78ef493f820055b561ece45e1009	af82
v2-bit-39-4	fc51cd8e6218a1a38da47ed00230f0580816ed13ba3303ac5deb911548908025	dfa2cba34b611cc8c833a6ea83b8eb1bb5e2ef2dd1b0c481bc42ff36ae7847f6ab52b976cfd5dee172fa412defde270c8b8bdfbaae1c7ece17d9833b1bcf31064fff78ef493f820055b561ece45e1009	af82
v2-bit-39-5	fc51cd8e6218a1a38da47ed00230f0580816ed13ba3303ac5deb911548908025	dfa2cba34b611cc8c833a6ea83b8eb1bb5e2ef2dd1b0c481bc42ff36ae7847f6ab52b976cfd5ded172fa412defde270c8b8bdfbaae1c7ece17d9833b1bcf31064fff78ef493f820055b561ece45e1009	af82
v2-bit-39-6	fc51cd8e6218a1a38da47ed00230f0580816ed13ba3303ac5deb911548908025	dfa2cba34b611cc8c833a6ea83b8eb1bb5e2ef2dd1b0c481bc42ff36ae7847f6ab52b976cfd5deb172fa412defde270c8b8bdfbaae1c7ece17d9833b1bcf31064fff78ef493f820055b561ece45e1009	af82
v2-bit-39-7	fc51cd8e6218a1a38da47ed00230f0580816ed13ba3303ac5deb911548908025	dfa2cba34b611cc8c833a6ea83b8eb1bb5e2ef2dd1b0c481bc42ff36ae7847f6ab52b976cfd5de7172fa412defde270c8b8bdfbaae1c7ece17d9833b1bcf31064fff78ef493f820055b561ece45e1009	af82
v2-bit-40-0	fc51cd8e6218a1a38da47ed00230f0580816ed13ba3303ac5deb911548908025	dfa2cba34b611cc8c833a6ea83b8eb1bb5e2ef2dd1b0c481bc42ff36ae7847f6ab52b976cfd5def173fa412defde270c8b8bdfbaae1c7ece17d9833b1bcf31064fff78ef493f820055b561ece45e1009	af82
v2-bit-40-1	fc51cd8e6218a1a38da47ed00230f0580816ed13ba3303ac5deb911548908025	dfa2cba34b611cc8c833a6ea83b8eb1bb5e2ef2dd1b0c481bc42ff36ae7847f6ab52b976cfd5def170fa412defde270c8b8bdfbaae1c7ece17d9833b1bcf31064fff78ef493f820055b561ece45e1009	af82
v2-bit-40-2	fc51cd8e6218a1a38da47ed00230f0580816ed13ba3303ac5deb911548908025	dfa2cba34b611cc8c833a6ea83b8eb1bb5e2ef2dd1b0c481bc42ff36ae7847f6ab52b976cfd5def176fa412defde270c8b8bdfbaae1c7ece17d9833b1bcf31064fff78ef493f820055b561ece45e1009	af82
v2-bit-40-3	fc51cd8e6218a1a38da47ed00230f0580816ed13ba3303ac5deb911548908025	dfa2cba34b611cc8c833a6ea83b8eb1bb5e2ef2dd1b0c481bc42ff36ae7847f6ab52b976cfd5def17afa412defde270c8b8bdfbaae1c7ece17d9833b1bcf31064fff78ef493f820055b561ece45e1009	af82
v2-bit-40-4	fc51cd8e6218a1a38da47ed00230f0580816ed13ba3303ac5deb911548908025	dfa2cba34b611cc8c833a6ea83b8eb1bb5e2ef2dd1b0c481bc42ff36ae7847f6ab52b976cfd5def162fa412defde270c8b8bdfbaae1c7ece17d9833b1bcf31064fff78ef493f820055b561ece45e1009	af82
v2-bit-40-5	fc51cd8e6218a1a38da47ed00230f0580816ed13ba3303ac5deb911548908025	dfa2cba34b611cc8c833a6ea83b8eb1bb5e2ef2dd1b0c481bc42ff36ae7847f6ab52b976cfd5def152fa412defde270c8b8bdfbaae1c7ece17d9833b1bcf31064fff78ef493f820055b561ece45e1009	af82
v2-bit-40-6	fc51cd8e6218a1a38da47ed00230f0580816ed13ba3303ac5deb911548908025	dfa2cba34b611cc8c833a6ea83b8eb1bb5e2ef2dd1b0c481bc42ff36ae7847f6ab52b976cfd5def132fa412defde270c8b8bdfbaae1c7ece17d9833b1bcf31064fff78ef493f820055b561ece45e1009	af82
v2-bit-40-7	fc51cd8e6218a1a38da47ed00230f0580816ed13ba3303ac5deb911548908025	dfa2cba34b611cc8c833a6ea83b8eb1bb5e2ef2dd1b0c481bc42ff36ae7847f6ab52b976cfd5def1f2fa412defde270c8b8bdfbaae1c7ece17d9833b1bcf31064fff78ef493f820055b561ece45e1009	af82
v2-bit-41-0	fc51cd8e6218a1a38da47ed00230f0580816ed13ba3303ac5deb911548908025	dfa2cba34b611cc8c833a6ea83b8eb1bb5e2ef2dd1b0c481bc42ff36ae7847f6ab52b976cfd5def172fb412defde270c8b8bdfbaae1c7ece17d9833b1bcf31064fff78ef493f820055b561ece45e1009	af82
v2-bit-41-1	fc51cd8e6218a1a38da47ed00230f0580816ed13ba3303ac5deb911548908025	dfa2cba34b611cc8c833a6ea83b8eb1bb5e2ef2dd1b0c481bc42ff36ae7847f6ab52b976cfd5def172f8412defde270c8b8bdfbaae1c7ece17d9833b1bcf31064fff78ef493f820055b561ece45e1009	af82
v2-bit-41-2	fc51cd8e6218a1a38da47ed00230f0580816ed13ba3303ac5deb911548908025	dfa2cba34b611cc8c833a6ea83b8eb1bb5e2ef2dd1b0c481bc42ff36ae7847f6ab52b976cfd5def172fe412defde270c8b8bdfbaae1c7ece17d9833b1bcf31064fff78ef493f820055b561ece45e1009	af82
v2-bit-41-3	fc51cd8e6218a1a38da47ed00230f0580816ed13ba3303ac5deb911548908025	dfa2cba34b611cc8c833a6ea83b8eb1bb5e2ef2dd1b0c481bc42ff36ae7847f6ab52b976cfd5def172f2412defde270c8b8bdfbaae1c7ece17d9833b1bcf31064fff78ef493f820055b561ece45e1009	af82
v2-bit-41-4	fc51cd8e6218a1a38da47ed00230f0580816ed13ba3303ac5deb911548908025	dfa2cba34b611cc8c833a6ea83b8eb1bb5e2ef2dd1b0c481bc42ff36ae7847f6ab52b976cfd5def172ea412defde270c8b8bdfbaae1c7ece17d9833b1bcf31064fff78ef493f820055b561ece45e1009	af82
v2-bit-41-5	fc51cd8e6218a1a38da47ed00230f0580816ed13ba3303ac5deb911548908025	dfa2cba34b611cc8c833a6ea83b8eb1bb5e2ef2dd1b0c481bc42ff36ae7847f6ab52b976cfd5def172da412defde270c8b8bdfbaae1c7ece17d9833b1bcf31064fff78ef493f820055b561ece45e1009	af82
v2-bit-41-6	fc51cd8e6218a1a38da47ed00230f0580816ed13ba3303ac5deb911548908025	dfa2cba34b611cc8c833a6ea83b8eb1bb5e2ef2dd1b0c481bc42ff36ae7847f6ab52b976cfd5def172ba412defde270c8b8bdfbaae1c7ece17d9833b1bcf31064fff78ef493f820055b561ece45e1009	af82
v2-bit-41-7	fc51cd8e6218a1a38da47ed00230f0580816ed13ba3303ac5deb911548908025	dfa2cba34b611cc8c833a6ea83b8eb1bb5e2ef2dd1b0c481bc42ff36ae7847f6ab52b976cfd5def1727a412defde270c8b8bdfbaae1c7ece17d9833b1bcf31064fff78ef493f820055b561ece45e1009	af82
v2-bit-42-0	fc51cd8e6218a1a38da47ed00230f0580816ed13ba3303ac5deb911548908025	dfa2cba34b611cc8c833a6ea83b8eb1bb5e2ef2dd1b0c481bc42ff36ae7847f6ab52b976cfd5def172fa402defde270c8b8bdfbaae1c7ece17d9833b1bcf31064fff78ef493f820055b561ece45e1009	af82
v2-bit-42-1	fc51cd8e6218a1a38da47ed00230f0580816ed13ba3303ac5deb911548908025	dfa2cba34b611cc8c833a6ea83b8eb1bb5e2ef2dd1b0c481bc42ff36ae7847f6ab52b976cfd5def172fa432defde270c8b8bdfbaae1c7ece17d9833b1bcf31064fff78ef493f820055b561ece45e1009	af82
v2-bit-42-2	fc51cd8e6218a1a38da47ed00230f0580816ed13ba3303ac5deb911548908025	dfa2cba34b611cc8c833a6ea83b8eb1bb5e2ef2dd1b0c481bc42ff36ae7847f6ab52b976cfd5def172fa452defde270c8b8bdfbaae1c7ece17d9833b1bcf31064fff78ef493f820055b561ece45e1009	af82
v2-bit-42-3	fc51cd8e6218a1a38da47ed00230f0580816ed13ba3303ac5deb911548908025	dfa2cba34b611cc8c833a6ea83b8eb1bb5e2ef2dd1b0c481bc42ff36ae7847f6ab52b976cfd5def172fa492defde270c8b8bdfbaae1c7ece17d9833b1bcf31064fff78ef493f820055b561ece45e1009	af82
v2-bit-42-4	fc51cd8e6218a1a38da47ed00230f0580816ed13ba3303ac5deb911548908025	dfa2cba34b611cc8c833a6ea83b8eb1bb5e2ef2dd1b0c481bc42ff36ae7847f6ab52b976cfd5def172fa512defde270c8b8bdfbaae1c7ece17d9833b1bcf31064fff78ef493f820055b561ece45e1009	af82
v2-bit-42-5	fc51cd8e6218a1a38da47ed00230f0580816ed13ba3303ac5deb911548908025	dfa2cba34b611cc8c833a6ea83b8eb1bb5e2ef2dd1b0c481bc42ff36ae7847f6ab52b976cfd5def172fa612defde270c8b8bdfbaae1c7ece17d9833b1bcf31064fff78ef493f820055b561ece45e1009	af82
v2-bit-42-6	fc51cd8e6218a1a38da47ed00230f0580816ed13ba3303ac5deb911548908025	dfa2cba34b611cc8c833a6ea83b8eb1bb5e2ef2dd1b0c481bc42ff36ae7847f6ab52b976cfd5def172fa012defde270c8b8bdfbaae1c7ece17d9833b1bcf31064fff78ef493f820055b561ece45e1009	af82
v2-bit-42-7	fc51cd8e6218a1a38da47ed00230f0580816ed13ba3303ac5deb911548908025	dfa2cba34b611cc8c833a6ea83b8eb1bb5e2ef2dd1b0c481bc42ff36ae7847f6ab52b976cfd5def172fac12defde270c8b8bdfbaae1c7ece17d9833b1bcf31064fff78ef493f820055b561ece45e1009	af82
v2-bit-43-0	fc51cd8e6218a1a38da47ed00230f0580816ed13ba3303ac5deb911548908025	dfa2cba34b611cc8c833a6ea83b8eb1bb5e2ef2dd1b0c481bc42ff36ae7847f6ab52b976cfd5def172fa412cefde270c8b8bdfbaae1c7ece17d9833b1bcf31064fff78ef493f820055b561ece45e1009	af82
v2-bit-43-1	fc51cd8e6218a1a38da47ed00230f0580816ed13ba3303ac5deb911548908025	dfa2cba34b611cc8c833a6ea83b8eb1bb5e2ef2dd1b0c481bc42ff36ae7847f6ab52b976cfd5def172fa412fefde270c8b8bdfbaae1c7ece17d9833b1bcf31064fff78ef493f820055b561ece45e1009	af82
v2-bit-43-2	fc51cd8e6218a1a38da47ed00230f0580816ed13ba3303ac5deb911548908025	dfa2cba34b611cc8c833a6ea83b8eb1bb5e2ef2dd1b0c481bc42ff36ae7847f6ab52b976cfd5def172fa4129efde270c8b8bdfbaae1c7ece17d9833b1bcf31064fff78ef493f820055b561ece45e1009	af82
v2-bit-43-3	fc51cd8e6218a1a38da47ed00230f0580816ed13ba3303ac5deb911548908025	dfa2cba34b611cc8c833a6ea83b8eb1bb5e2ef2dd1b0c481bc42ff36ae7847f6ab52b976cfd5def172fa4125efde270c8b8bdfbaae1c7ece17d9833b1bcf31064fff78ef493f820055b561ece45e1009	af82
v2-bit-43-4	fc51cd8e6218a1a38da47ed00230f0580816ed13ba3303ac5deb911548908025	dfa2cba34b611cc8c833a6ea83b8eb1bb5e2ef2dd1b0c481bc42ff36ae7847f6ab52b976cfd5def172fa413defde270c8b8bdfbaae1c7ece17d9833b1bcf31064fff78ef493f820055b561ece45e1009	af82
v2-bit-43-5	fc51cd8e6218a1a38da47ed00230f0580816ed13ba3303ac5deb911548908025	dfa2cba34b611cc8c833a6ea83b8eb1bb5e2ef2dd1b0c481bc42ff36ae7847f6ab52b976cfd5def172fa410defde270c8b8bdfbaae1c7ece17d9833b1bcf31064fff78ef493f820055b561ece45e1009	af82
v2-bit-43-6	fc51cd8e6218a1a38da47ed00230f0580816ed13ba3303ac5deb911548908025	dfa2cba34b611cc8c833a6ea83b8eb1bb5e2ef2dd1b0c481bc42ff36ae7847f6ab52b976cfd5def172fa416defde270c8b8bdfbaae1c7ece17d9833b1bcf31064fff78ef493f820055b561ece45e1009	af82
v2-bit-43-7	fc51cd8e6218a1a38da47ed00230f0580816ed13ba3303ac5deb911548908025	dfa2cba34b611cc8c833a6ea83b8eb1bb5e2ef2dd1b0c481bc42ff36ae7847f6ab52b976cfd5def172fa41adefde270c8b8bdfbaae1c7ece17d9833b1bcf31064fff78ef493f820055b561ece45e1009	af82
v2-bit-44-0	fc51cd8e6218a1a38da47ed00230f0580816ed13ba3303ac5deb911548908025	dfa2cba34b611cc8c833a6ea83b8eb1bb5e2ef2dd1b0c481bc42ff36ae7847f6ab52b976cfd5def172fa412deede270c8b8bdfbaae1c7ece17d9833b1bcf31064fff78ef493f820055b561ece45e1009	af82
v2-bit-44-1	fc51cd8e6218a1a38da47ed00230f0580816ed13ba3303ac5deb911548908025	dfa2cba34b611cc8c833a6ea83b8eb1bb5e2ef2dd1b0c481bc42ff36ae7847f6ab52b976cfd5def172fa412dedde270c8b8bdfbaae1c7ece17d9833b1bcf31064fff78ef493f820055b561ece45e1009	af82
v2-bit-44-2	fc51cd8e6218a1a38da47ed00230f0580816ed13ba3303ac5deb911548908025	dfa2cba34b611cc8c833a6ea83b8eb1bb5e2ef2dd1b0c481bc42ff36ae7847f6ab52b976cfd5def172fa412debde270c8b8bdfbaae1c7ece17d9833b1bcf31064fff78ef493f820055b561ece45e1009	af82
v2-bit-44-3	fc51cd8e6218a1a38da47ed00230f0580816ed13ba3303ac5deb911548908025	dfa2cba34b611cc8c833a6ea83b8eb1bb5e2ef2dd1b0c481bc42ff36ae7847f6ab52b976cfd5def172fa412de7de270c8b8bdfbaae1c7ece17d9833b1bcf31064fff78ef493f820055b561ece45e1009	af82
v2-bit-44-4	fc51cd8e6218a1a38da47ed00230f0580816ed13ba3303ac5deb911548908025	dfa2cba34b611cc8c833a6ea83b8eb1bb5e2ef2dd1b0c481bc42ff36ae7847f6ab52b976cfd5def172fa412dffde270c8b8bdfbaae1c7ece17d9833b1bcf31064fff78ef493f820055b561ece45e1009	af82
v2-bit-44-5	fc51cd8e6218a1a38da47ed00230f0580816ed13ba3303ac5deb911548908025	dfa2cba34b611cc8c833a6ea83b8eb1bb5e2ef2dd1b0c481bc42ff36ae7847f6ab52b976cfd5def172fa412dcfde270c8b8bdfbaae1c7ece17d9833b1bcf31064fff78ef493f820055b561ece45e1009	af82
v2-bit-44-6	fc51cd8e6218a1a38da47ed00230f0580816ed13ba3303ac5deb911548908025	dfa2cba34b611cc8c833a6ea83b8eb1bb5e2ef2dd1b0c481bc42ff36ae7847f6ab52b976cfd5def172fa412dafde270c8b8bdfbaae1c7ece17d9833b1bcf31064fff78ef493f820055b561ece45e1009	af82
v2-bit-44-7	fc51cd8e6218a1a38da47ed00230f0580816ed13ba3303ac5deb911548908025	dfa2cba34b611cc8c833a6ea83b8eb1bb5e2ef2dd1b0c481bc42ff36ae7847f6ab52b976cfd5def172fa412d6fde270c8b8bdfbaae1c7ece17d9833b1bcf31064fff78ef493f820055b561ece45e1009	af82
v2-bit-45-0	fc51cd8e6218a1a38da47ed00230f0580816ed13ba3303ac5deb911548908025	dfa2cba34b611cc8c833a6ea83b8eb1bb5e2ef2dd1b0c481bc42ff36ae7847f6ab52b976cfd5def172fa412defdf270c8b8bdfbaae1c7ece17d9833b1bcf31064fff78ef493f820055b561ece45e1009	af82
v2-bit-45-1	fc51cd8e6218a1a38da47ed00230f0580816ed13ba3303ac5deb911548908025	dfa2cba34b611cc8c833a6ea83b8eb1bb5e2ef2dd1b0c481bc42ff36ae7847f6ab52b976cfd5def172fa412defdc270c8b8bdfbaae1c7ece17d9833b1bcf31064fff78ef493f820055b561ece45e1009	af82
v2-bit-45-2	fc51cd8e6218a1a38da47ed00230f0580816ed13ba3303ac5deb911548908025	dfa2cba34b611cc8c833a6ea83b8eb1bb5e2ef2dd1b0c481bc42ff36ae7847f6ab52b976cfd5def172fa412defda270c8b8bdfbaae1c7ece17d9833b1bcf31064fff78ef493f820055b561ece45e1009	af82
v2-bit-45-3	fc51cd8e6218a1a38da47ed00230f0580816ed13ba3303ac5deb911548908025	dfa2cba34b611cc8c833a6ea83b8eb1bb5e2ef2dd1b0c481bc42ff36ae7847f6ab52b976cfd5def172fa412defd6270c8b8bdfbaae1c7ece17d9833b1bcf31064fff78ef493f820055b561ece45e1009	af82
v2-bit-45-4	fc51cd8e6218a1a38da47ed00230f0580816ed13ba3303ac5deb911548908025	dfa2cba34b611cc8c833a6ea83b8eb1bb5e2ef2dd1b0c481bc42ff36ae7847f6ab52b976cfd5def172fa412defce270c8b8bdfbaae1c7ece17d9833b1bcf31064fff78ef493f820055b561ece45e1009	af82
v2-bit-45-5	fc51cd8e6218a1a38da47ed00230f0580816ed13ba3303ac5deb911548908025	dfa2cba34b611cc8c833a6ea83b8eb1bb5e2ef2dd1b0c481bc42ff36ae7847f6ab52b976cfd5def172fa412deffe270c8b8bdfbaae1c7ece17d9833b1bcf31064fff78ef493f820055b561ece45e1009	af82
v2-bit-45-6	fc51cd8e6218a1a38da47ed00230f0580816ed13ba3303ac5deb911548908025	dfa2cba34b611cc8c833a6ea83b8eb1bb5e2ef2dd1b0c481bc42ff36ae7847f6ab52b976cfd5def172fa412def9e270c8b8bdfbaae1c7ece17d9833b1bcf31064fff78ef493f820055b561ece45e1009	af82
v2-bit-45-7	fc51cd8e6218a1a38da47ed00230f0580816ed13ba3303ac5deb911548908025	dfa2cba34b611cc8c833a6ea83b8eb1bb5e2ef2dd1b0c481bc42ff36ae7847f6ab52b976cfd5def172fa412def5e270c8b8bdfbaae1c7ece17d9833b1bcf31064fff78ef493f820055b561ece45e1009	af82
v2-bit-46-0	fc51cd8e6218a1a38da47ed00230f0580816ed13ba3303ac5deb911548908025	dfa2cba34b611cc8c833a6ea83b8eb1bb5e2ef2dd1b0c481bc42ff36ae7847f6ab52b976cfd5def172fa412defde260c8b8bdfbaae1c7ece17d9833b1bcf31064fff78ef493f820055b561ece45e1009	af82
v2-bit-46-1	fc51cd8e6218a1a38da47ed00230f0580816ed13ba3303ac5deb911548908025	dfa2cba34b611cc8c833a6ea83b8eb1bb5e2ef2dd1b0c481bc42ff36ae7847f6ab52b976cfd5def172fa412defde250c8b8bdfbaae1c7ece17d9833b1bcf31064fff78ef493f820055b561ece45e1009	af82
v2-bit-46-2	fc51cd8e6218a1a38da47ed00230f0580816ed13ba3303ac5deb911548908025	dfa2cba34b611cc8c833a6ea83b8eb1bb5e2ef2dd1b0c481bc42ff36ae7847f6ab52b976cfd5def172fa412defde230c8b8bdfbaae1c7ece17d9833b1bcf31064fff78ef493f820055b561ece45e1009	af82
v2-bit-46-3	fc51cd8e6218a1a38da47ed00230f0580816ed13ba3303ac5deb911548908025	dfa2cba34b611cc8c833a6ea83b8eb1bb5e2ef2dd1b0c481bc42ff36ae7847f6ab52b976cfd5def172fa412defde2f0c8b8bdfbaae1c7ece17d9833b1bcf31064fff78ef493f820055b561ece45e1009	af82
v2-bit-46-4	fc51cd8e6218a1a38da47ed00230f0580816ed13ba3303ac5deb911548908025	dfa2cba34b611cc8c833a6ea83b8eb1bb5e2ef2dd1b0c481bc42ff36ae7847f6ab52b976cfd5def172fa412defde370c8b8bdfbaae1c7ece17d9833b1bcf31064fff78ef493f820055b561ece45e1009	af82
v2-bit-46-5	fc51cd8e6218a1a38da47ed00230f0580816ed13ba3303ac5deb911548908025	dfa2cba34b611cc8c833a6ea83b8eb1bb5e2ef2dd1b0c481bc42ff36ae7847f6ab52b976cfd5def172fa412defde070c8b8bdfbaae1c7ece17d9833b1bcf31064fff78ef493f820055b561ece45e1009	af82
v2-bit-46-6	fc51cd8e6218a1a38da47ed00230f0580816ed13ba3303ac5deb911548908025	dfa2cba34b611cc8c833a6ea83b8eb1bb5e2ef2dd1b0c481bc42ff36ae7847f6ab52b976cfd5def172fa412defde670c8b8bdfbaae1c7ece17d9833b1bcf31064fff78ef493f820055b561ece45e1009	af82
v2-bit-46-7	fc51cd8e6218a1a38da47ed00230f0580816ed13ba3303ac5deb911548908025	dfa2cba34b611cc8c833a6ea83b8eb1bb5e2ef2dd1b0c481bc42ff36ae7847f6ab52b976cfd5def172fa412defdea70c8b8bdfbaae1c7ece17d9833b1bcf31064fff78ef493f820055b561ece45e1009	af82
v2-bit-47-0	fc51cd8e6218a1a38da47ed00230f0580816ed13ba3303ac5deb911548908025	dfa2cba34b611cc8c833a6ea83b8eb1bb5e2ef2dd1b0c481bc42ff36ae7847f6ab52b976cfd5def172fa412defde270d8b8bdfbaae1c7ece17d9833b1bcf31064fff78ef493f820055b561ece45e1009	af82
v2-bit-47-1	fc51cd8e6218a1a38da47ed00230f0580816ed13ba3303ac5deb911548908025	dfa2cba34b611cc8c833a6ea83b8eb1bb5e2ef2dd1b0c481bc42ff36ae7847f6ab52b976cfd5def172fa412defde270e8b8bdfbaae1c7ece17d9833b1bcf31064fff78ef493f820055b561ece45e1009	af82
v2-bit-47-2	fc51cd8e6218a1a38da47ed00230f0580816ed13ba3303ac5deb911548908025	dfa2cba34b611cc8c833a6ea83b8eb1bb5e2ef2dd1b0c481bc42ff36ae7847f6ab52b976cfd5def172fa412defde27088b8bdfbaae1c7ece17d9833b1bcf31064fff78ef493f820055b561ece45e1009	af82
v2-bit-47-3	fc51cd8e6218a1a38da47ed00230f0580816ed13ba3303ac5deb911548908025	dfa2cba34b611cc8c833a6ea83b8eb1bb5e2ef2dd1b0c481bc42ff36ae7847f6ab52b976cfd5def172fa412defde27048b8bdfbaae1c7ece17d9833b1bcf31064fff78ef493f820055b561ece45e1009	af82
v2-bit-47-4	fc51cd8e6218a1a38da47ed00230f0580816ed13ba3303ac5deb911548908025	dfa2cba34b611cc8c833a6ea83b8eb1bb5e2ef2dd1b0c481bc42ff36ae7847f6ab52b976cfd5def172fa412defde271c8b8bdfbaae1c7ece17d9833b1bcf31064fff78ef493f820055b561ece45e1009	af82
v2-bit-47-5	fc51cd8e6218a1a38da47ed00230f0580816ed13ba3303ac5deb911548908025	dfa2cba34b611cc8c833a6ea83b8eb1bb5e2ef2dd1b0c481bc42ff36ae7847f6ab52b976cfd5def172fa412defde272c8b8bdfbaae1c7ece17d9833b1bcf31064fff78ef493f820055b561ece45e1009	af82
v2-bit-47-6	fc51cd8e6218a1a38da47ed00230f0580816ed13ba3303ac5deb911548908025	dfa2cba34b611cc8c833a6ea83b8eb1bb5e2ef2dd1b0c481bc42ff36ae7847f6ab52b976cfd5def172fa412defde274c8b8bdfbaae1c7ece17d9833b1bcf31064fff78ef493f820055b561ece45e1009	af82
v2-bit-47-7	fc51cd8e6218a1a38da47ed00230f0580816ed13ba3303ac5deb911548908025	dfa2cba34b611cc8c833a6ea83b8eb1bb5e2ef2dd1b0c481bc42ff36ae7847f6ab52b976cfd5def172fa412defde278c8b8bdfbaae1c7ece17d9833b1bcf31064fff78ef493f820055b561ece45e1009	af82
v2-bit-48-0	fc51cd8e6218a1a38da47ed00230f0580816ed13ba3303ac5deb911548908025	dfa2cba34b611cc8c833a6ea83b8eb1bb5e2ef2dd1b0c481bc42ff36ae7847f6ab52b976cfd5def172fa412defde270c8a8bdfbaae1c7ece17d9833b1bcf31064fff78ef493f820055b561ece45e1009	af82
v2-bit-48-1	fc51cd8e6218a1a38da47ed00230f0580816ed13ba3303ac5deb911548908025	dfa2cba34b611cc8c833a6ea83b8eb1bb5e2ef2dd1b0c481bc42ff36ae7847f6ab52b976cfd5def172fa412defde270c898bdfbaae1c7ece17d9833b1bcf31064fff78ef493f820055b561ece45e1009	af82
v2-bit-48-2	fc51cd8e6218a1a38da47ed00230f0580816ed13ba3303ac5deb911548908025	dfa2cba34b611cc8c833a6ea83b8eb1bb5e2ef2dd1b0c481bc42ff36ae7847f6ab52b976cfd5def172fa412defde270c8f8bdfbaae1c7ece17d9833b1bcf31064fff78ef493f820055b561ece45e1009	af82
v2-bit-48-3	fc51cd8e6218a1a38da47ed00230f0580816ed13ba3303ac5deb911548908025	dfa2cba34b611cc8c833a6ea83b8eb1bb5e2ef2dd1b0c481bc42ff36ae7847f6ab52b976cfd5def172fa412defde270c838bdfbaae1c7ece17d9833b1bcf31064fff78ef493f820055b561ece45e1009	af82
v2-bit-48-4	fc51cd8e6218a1a38da47ed00230f0580816ed13ba3303ac5deb911548908025	dfa2cba34b611cc8c833a6ea83b8eb1bb5e2ef2dd1b0c481bc42ff36ae7847f6ab52b976cfd5def172fa412defde270c9b8bdfbaae1c7ece17d9833b1bcf31064fff78ef493f820055b561ece45e1009	af82
v2-bit-48-5	fc51cd8e6218a1a38da47ed00230f0580816ed13ba3303ac5deb911548908025	dfa2cba34b611cc8c833a6ea83b8eb1bb5e2ef2dd1b0c481bc42ff36ae7847f6ab52b976cfd5def172fa412defde270cab8bdfbaae1c7ece17d9833b1bcf31064fff78ef493f820055b561ece45e1009	af82
v2-bit-48-6	fc51cd8e6218a1a38da47ed00230f0580816ed13ba3303ac5deb911548908025	dfa2cba34b611cc8c833a6ea83b8eb1bb5e2ef2dd1b0c481bc42ff36ae7847f6ab52b976cfd5def172fa412defde270ccb8bdfbaae1c7ece17d9833b1bcf31064fff78ef493f820055b561ece45e1009	af82
v2-bit-48-7	fc51cd8e6218a1a38da47ed00230f0580816ed13ba3303ac5deb911548908025	dfa2cba34b611cc8c833a6ea83b8eb1bb5e2ef2dd1b0c481bc42ff36ae7847f6ab52b976cfd5def172fa412defde270c0b8bdfbaae1c7ece17d9833b1bcf31064fff78ef493f820055b561ece45e1009	af82
v2-bit-49-0	fc51cd8e6218a1a38da47ed00230f0580816ed13ba3303ac5deb911548908025	dfa2cba34b611cc8c833a6ea83b8eb1bb5e2ef2dd1b0c481bc42ff36ae7847f6ab52b976cfd5def172fa412defde270c8b8adfbaae1c7ece17d9833b1bcf31064fff78ef493f820055b561ece45e1009	af82
v2-bit-49-1	fc51cd8e6218a1a38da47ed00230f0580816ed13ba3303ac5deb911548908025	dfa2cba34b611cc8c833a6ea83b8eb1bb5e2ef2dd1b0c481bc42ff36ae7847f6ab52b976cfd5def172fa412defde270c8b89dfbaae1c7ece17d9833b1bcf31064fff78ef493f820055b561ece45e1009	af82
v2-bit-49-2	fc51cd8e6218a1a38da47ed00230f0580816ed13ba3303ac5deb911548908025	dfa2cba34b611cc8c833a6ea83b8eb1bb5e2ef2dd1b0c481bc42ff36ae7847f6ab52b976cfd5def172fa412defde270c8b8fdfbaae1c7ece17d9833b1bcf31064fff78ef493f820055b561ece45e1009	af82
v2-bit-49-3	fc51cd8e6218a1a38da47ed00230f0580816ed13ba3303ac5deb911548908025	dfa2cba34b611cc8c833a6ea83b8eb1bb5e2ef2dd1b0c481bc42ff36ae7847f6ab52b976cfd5def172fa412defde270c8b83dfbaae1c7ece17d9833b1bcf31064fff78ef493f820055b561ece45e1009	af82
v2-bit-49-4	fc51cd8e6218a1a38da47ed00230f0580816ed13ba3303ac5deb911548908025	dfa2cba34b611cc8c833a6ea83b8eb1bb5e2ef2dd1b0c481bc42ff36ae7847f6ab52b976cfd5def172fa412defde270c8b9bdfbaae1c7ece17d9833b1bcf31064fff78ef493f820055b561ece45e1009	af82
v2-bit-49-5	fc51cd8e6218a1a38da47ed00230f0580816ed13ba3303ac5deb911548908025	dfa2cba34b611cc8c833a6ea83b8eb1bb5e2ef2dd1b0c481bc42ff36ae7847f6ab52b976cfd5def172fa412defde270c8babdfbaae1c7ece17d9833b1bcf31064fff78ef493f820055b561ece45e1009	af82
v2-bit-49-6	fc51cd8e6218a1a38da47ed00230f0580816ed13ba3303ac5deb911548908025	dfa2cba34b611cc8c833a6ea83b8eb1bb5e2ef2dd1b0c481bc42ff36ae7847f6ab52b976cfd5def172fa412defde270c8bcbdfbaae1c7ece17d9833b1bcf31064fff78ef493f820055b561ece45e1009	af82
v2-bit-49-7	fc51cd8e6218a1a38da47ed00230f0580816ed13ba3303ac5deb911548908025	dfa2cba34b611cc8c833a6ea83b8eb1bb5e2ef2dd1b0c481bc42ff36ae7847f6ab52b976cfd5def172fa412defde270c8b0bdfbaae1c7ece17d9833b1bcf31064fff78ef493f820055b561ece45e1009	af82
v2-bit-50-0	fc51cd8e6218a1a38da47ed00230f0580816ed13ba3303ac5deb911548908025	dfa2cba34b611cc8c833a6ea83b8eb1bb5e2ef2dd1b0c481bc42ff36ae7847f6ab52b976cfd5def172fa412defde270c8b8bdebaae1c7ece17d9833b1bcf31064fff78ef493f820055b561ece45e1009	af82
v2-bit-50-1	fc51cd8e6218a1a38da47ed00230f0580816ed13ba3303ac5deb911548908025	dfa2cba34b611cc8c833a6ea83b8eb1bb5e2ef2dd1b0c481bc42ff36ae7847f6ab52b976cfd5def172fa412defde270c8b8bddbaae1c7ece17d9833b1bcf31064fff78ef493f820055b561ece45e1009	af82
v2-bit-50-2	fc51cd8e6218a1a38da47ed00230f0580816ed13ba3303ac5deb911548908025	dfa2cba34b611cc8c833a6ea83b8eb1bb5e2ef2dd1b0c481bc42ff36ae7847f6ab52b976cfd5def172fa412defde270c8b8bdbbaae1c7ece17d9833b1bcf31064fff78ef493f820055b561ece45e1009	af82
v2-bit-50-3	fc51cd8e6218a1a38da47ed00230f0580816ed13ba3303ac5deb911548908025	dfa2cba34b611cc8c833a6ea83b8eb1bb5e2ef2dd1b0c481bc42ff36ae7847f6ab52b976cfd5def172fa412defde270c8b8bd7baae1c7ece17d9833b1bcf31064fff78ef493f820055b561ece45e1009	af82
v2-bit-50-4	fc51cd8e6218a1a38da47ed00230f0580816ed13ba3303ac5deb911548908025	dfa2cba34b611cc8c833a6ea83b8eb1bb5e2ef2dd1b0c481bc42ff36ae7847f6ab52b976cfd5def172fa412defde270c8b8bcfbaae1c7ece17d9833b1bcf31064fff78ef493f820055b561ece45e1009	af82
v2-bit-50-5	fc51cd8e6218a1a38da47ed00230f0580816ed13ba3303ac5deb911548908025	dfa2cba34b611cc8c833a6ea83b8eb1bb5e2ef2dd1b0c481bc42ff36ae7847f6ab52b976cfd5def172fa412defde270c8b8bffbaae1c7ece17d9833b1bcf31064fff78ef493f820055b561ece45e1009	af82
v2-bit-50-6	fc51cd8e6218a1a38da47ed00230f0580816ed13ba3303ac5deb911548908025	dfa2cba34b611cc8c833a6ea83b8eb1bb5e2ef2dd1b0c481bc42ff36ae7847f6ab52b976cfd5def172fa412defde270c8b8b9fbaae1c7ece17d9833b1bcf31064fff78ef493f820055b561ece45e1009	af82
v2-bit-50-7	fc51cd8e6218a1a38da47ed00230f0580816ed13ba3303ac5deb911548908025	dfa2cba34b611cc8c833a6ea83b8eb1bb5e2ef2dd1b0c481bc42ff36ae7847f6ab52b976cfd5def172fa412defde270c8b8b5fbaae1c7ece17d9833b1bcf31064fff78ef493f820055b561ece45e1009	af82
v2-bit-51-0	fc51cd8e6218a1a38da47ed00230f0580816ed13ba3303ac5deb911548908025	dfa2cba34b611cc8c833a6ea83b8eb1bb5e2ef2dd1b0c481bc42ff36ae7847f6ab52b976cfd5def172fa412defde270c8b8bdfbbae1c7ece17d9833b1bcf31064fff78ef493f820055b561ece45e1009	af82
v2-bit-51-1	fc51cd8e6218a1a38da47ed00230f0580816ed13ba3303ac5deb911548908025	dfa2cba34b611cc8c833a6ea83b8eb1bb5e2ef2dd1b0c481bc42ff36ae7847f6ab52b976cfd5def172fa412defde270c8b8bdfb8ae1c7ece17d9833b1bcf31064fff78ef493f820055b561ece45e1009	af82
v2-bit-51-2	fc51cd8e6218a1a38da47ed00230f0580816ed13ba3303ac5deb911548908025	dfa2cba34b611cc8c833a6ea83b8eb1bb5e2ef2dd1b0c481bc42ff36ae7847f6ab52b976cfd5def172fa412defde270c8b8bdfbeae1c7ece17d9833b1bcf31064fff78ef493f820055b561ece45e1009	af82
v2-bit-51-3	fc51cd8e6218a1a38da47ed00230f0580816ed13ba3303ac5deb911548908025	dfa2cba34b611cc8c833a6ea83b8eb1bb5e2ef2dd1b0c481bc42ff36ae7847f6ab52b976cfd5def172fa412defde270c8b8bdfb2ae1c7ece17d9833b1bcf31064fff78ef493f820055b561ece45e1009	af82
v2-bit-51-4	fc51cd8e6218a1a38da47ed00230f0580816ed13ba3303ac5deb911548908025	dfa2cba34b611cc8c833a6ea83b8eb1bb5e2ef2dd1b0c481bc42ff36ae7847f6ab52b976cfd5def172fa412defde270c8b8bdfaaae1c7ece17d9833b1bcf31064fff78ef493f820055b561ece45e1009	af82
v2-bit-51-5	fc51cd8e6218a1a38da47ed00230f0580816ed13ba3303ac5deb911548908025	dfa2cba34b611cc8c833a6ea83b8eb1bb5e2ef2dd1b0c481bc42ff36ae7847f6ab52b976cfd5def172fa412defde270c8b8bdf9aae1c7ece17d9833b1bcf31064fff78ef493f820055b561ece45e1009	af82
v2-bit-51-6	fc51cd8e6218a1a38da47ed00230f0580816ed13ba3303ac5deb911548908025	dfa2cba34b611cc8c833a6ea83b8eb1bb5e2ef2dd1b0c481bc42ff36ae7847f6ab52b976cfd5def172fa412defde270c8b8bdffaae1c7ece17d9833b1bcf31064fff78ef493f820055b561ece45e1009	af82
v2-bit-51-7	fc51cd8e6218a1a38da47ed00230f0580816ed13ba3303ac5deb911548908025	dfa2cba34b611cc8c833a6ea83b8eb1bb5e2ef2dd1b0c481bc42ff36ae7847f6ab52b976cfd5def172fa412defde270c8b8bdf3aae1c7ece17d9833b1bcf31064fff78ef493f820055b561ece45e1009	af82
v2-bit-52-0	fc51cd8e6218a1a38da47ed00230f0580816ed13ba3303ac5deb911548908025	dfa2cba34b611cc8c833a6ea83b8eb1bb5e2ef2dd1b0c481bc42ff36ae7847f6ab52b976cfd5def172fa412defde270c8b8bdfbaaf1c7ece17d9833b1bcf31064fff78ef493f820055b561ece45e1009	af82
v2-bit-52-1	fc51cd8e6218a1a38da47ed00230f0580816ed13ba3303ac5deb911548908025	dfa2cba34b611cc8c833a6ea83b8eb1bb5e2ef2dd1b0c481bc42ff36ae7847f6ab52b976cfd5def172fa412defde270c8b8bdfbaac1c7ece17d9833b1bcf31064fff78ef493f820055b561ece45e1009	af82
v2-bit-52-2	fc51cd8e6218a1a38da47ed00230f0580816ed13ba3303ac5deb911548908025	dfa2cba34b611cc8c833a6ea83b8eb1bb5e2ef2dd1b0c481bc42ff36ae7847f6ab52b976cfd5def172fa412defde270c8b8bdfbaaa1c7ece17d9833b1bcf31064fff78ef493f820055b561ece45e1009	af82
v2-bit-52-3	fc51cd8e6218a1a38da47ed00230f0580816ed13ba3303ac5deb911548908025	dfa2cba34b611cc8c833a6ea83b8eb1bb5e2ef2dd1b0c481bc42ff36ae7847f6ab52b976cfd5def172fa412defde270c8b8bdfbaa61c7ece17d9833b1bcf31064fff78ef493f820055b561ece45e1009	af82
v2-bit-52-4	fc51cd8e6218a1a38da47ed00230f0580816ed13ba3303ac5deb911548908025	dfa2cba34b611cc8c833a6ea83b8eb1bb5e2ef2dd1b0c481bc42ff36ae7847f6ab52b976cfd5def172fa412defde270c8b8bdfbabe1c7ece17d9833b1bcf31064fff78ef493f820055b561ece45e1009	af82
v2-bit-52-5	fc51cd8e6218a1a38da47ed00230f0580816ed13ba3303ac5deb911548908025	dfa2cba34b611cc8c833a6ea83b8eb1bb5e2ef2dd1b0c481bc42ff36ae7847f6ab52b976cfd5def172fa412defde270c8b8bdfba8e1c7ece17d9833b1bcf31064fff78ef493f820055b561ece45e1009	af82
v2-bit-52-6	fc51cd8e6218a1a38da47ed00230f0580816ed13ba3303ac5deb911548908025	dfa2cba34b611cc8c833a6ea83b8eb1bb5e2ef2dd1b0c481bc42ff36ae7847f6ab52b976cfd5def172fa412defde270c8b8bdfbaee1c7ece17d9833b1bcf31064fff78ef493f820055b561ece45e1009	af82
v2-bit-52-7	fc51cd8e6218a1a38da47ed00230f0580816ed13ba3303ac5deb911548908025	dfa2cba34b611cc8c833a6ea83b8eb1bb5e2ef2dd1b0c481bc42ff36ae7847f6ab52b976cfd5def172fa412defde270c8b8bdfba2e1c7ece17d9833b1bcf31064fff78ef493f820055b561ece45e1009	af82
v2-bit-53-0	fc51cd8e6218a1a38da47ed00230f0580816ed13ba3303ac5deb911548908025	dfa2cba34b611cc8c833a6ea83b8eb1bb5e2ef2dd1b0c481bc42ff36ae7847f6ab52b976cfd5def172fa412defde270c8b8bdfbaae1d7ece17d9833b1bcf31064fff78ef493f820055b561ece45e1009	af82
v2-bit-53-1	fc51cd8e6218a1a38da47ed00230f0580816ed13ba3303ac5deb911548908025	dfa2cba34b611cc8c833a6ea83b8eb1bb5e2ef2dd1b0c481bc42ff36ae7847f6ab52b976cfd5def172fa412defde270c8b8bdfbaae1e7ece17d9833b1bcf31064fff78ef493f820055b561ece45e1009	af82
v2-bit-53-2	fc51cd8e6218a1a38da47ed00230f0580816ed13ba3303ac5deb911548908025	dfa2cba34b611cc8c833a6ea83b8eb1bb5e2ef2dd1b0c481bc42ff36ae7847f6ab52b976cfd5def172fa412defde270c8b8bdfbaae187ece17d9833b1bcf31064fff78ef493f820055b561ece45e1009	af82
v2-bit-53-3	fc51cd8e6218a1a38da47ed00230f0580816ed13ba3303ac5deb911548908025	dfa2cba34b611cc8c833a6ea83b8eb1bb5e2ef2dd1b0c481bc42ff36ae7847f6ab52b976cfd5def172fa412defde270c8b8bdfbaae147ece17d9833b1bcf31064fff78ef493f820055b561ece45e1009	af82
v2-bit-53-4	fc51cd8e6218a1a38da47ed00230f0580816ed13ba3303ac5deb911548908025	dfa2cba34b611cc8c833a6ea83b8eb1bb5e2ef2dd1b0c481bc42ff36ae7847f6ab52b976cfd5def172fa412defde270c8b8bdfbaae0c7ece17d9833b1bcf31064fff78ef493f820055b561ece45e1009	af82
v2-bit-53-5	fc51cd8e6218a1a38da47ed00230f0580816ed13ba3303ac5deb911548908025	dfa2cba34b611cc8c833a6ea83b8eb1bb5e2ef2dd1b0c481bc42ff36ae7847f6ab52b976cfd5def172fa412defde270c8b8bdfbaae3c7ece17d9833b1bcf31064fff78ef493f820055b561ece45e1009	af82
v2-bit-53-6	fc51cd8e6218a1a38da47ed00230f0580816ed13ba3303ac5deb911548908025	dfa2cba34b611cc8c833a6ea83b8eb1bb5e2ef2dd1b0c481bc42ff36ae7847f6ab52b976cfd5def172fa412defde270c8b8bdfbaae5c7ece17d9833b1bcf31064fff78ef493f820055b561ece45e1009	af82
v2-bit-53-7	fc51cd8e6218a1a38da47ed00230f0580816ed13ba3303ac5deb911548908025	dfa2cba34b611cc8c833a6ea83b8eb1bb5e2ef2dd1b0c481bc42ff36ae7847f6ab52b976cfd5def172fa412defde270c8b8bdfbaae9c7ece17d9833b1bcf31064fff78ef493f820055b561ece45e1009	af82
v2-bit-54-0	fc51cd8e6218a1a38da47ed00230f0580816ed13ba3303ac5deb911548908025	dfa2cba34b611cc8c833a6ea83b8eb1bb5e2ef2dd1b0c481bc42ff36ae7847f6ab52b976cfd5def172fa412defde270c8b8bdfbaae1c7fce17d9833b1bcf31064fff78ef493f820055b561ece45e1009	af82
v2-bit-54-1	fc51cd8e6218a1a38da47ed00230f0580816ed13ba3303ac5deb911548908025	dfa2cba34b611cc8c833a6ea83b8eb1bb5e2ef2dd1b0c481bc42ff36ae7847f6ab52b976cfd5def172fa412defde270c8b8bdfbaae1c7cce17d9833b1bcf31064fff78ef493f820055b561ece45e1009	af82
v2-bit-54-2	fc51cd8e6218a1a38da47ed00230f0580816ed13ba3303ac5deb911548908025	dfa2cba34b611cc8c833a6ea83b8eb1bb5e2ef2dd1b0c481bc42ff36ae7847f6ab52b976cfd5def172fa412defde270c8b8bdfbaae1c7ace17d9833b1bcf31064fff78ef493f820055b561ece45e1009	af82
v2-bit-54-3	fc51cd8e6218a1a38da47ed00230f0580816ed13ba3303ac5deb911548908025	dfa2cba34b611cc8c833a6ea83b8eb1bb5e2ef2dd1b0c481bc42ff36ae7847f6ab52b976cfd5def172fa412defde270c8b8bdfbaae1c76ce17d9833b1bcf31064fff78ef493f820055b561ece45e1009	af82
v2-bit-54-4	fc51cd8e6218a1a38da47ed00230f0580816ed13ba3303ac5deb911548908025	dfa2cba34b611cc8c833a6ea83b8eb1bb5e2ef2dd1b0c481bc42ff36ae7847f6ab52b976cfd5def172fa412defde270c8b8bdfbaae1c6ece17d9833b1bcf31064fff78ef493f820055b561ece45e1009	af82
v2-bit-54-5	fc51cd8e6218a1a38da47ed00230f0580816ed13ba3303ac5deb911548908025	dfa2cba34b611cc8c833a6ea83b8eb1bb5e2ef2dd1b0c481bc42ff36ae7847f6ab52b976cfd5def172fa412defde270c8b8bdfbaae1c5ece17d9833b1bcf31064fff78ef493f820055b561ece45e1009	af82
v2-bit-54-6	fc51cd8e6218a1a38da47ed00230f0580816ed13ba3303ac5deb911548908025	dfa2cba34b611cc8c833a6ea83b8eb1bb5e2ef2dd1b0c481bc42ff36ae7847f6ab52b976cfd5def172fa412defde270c8b8bdfbaae1c3ece17d9833b1bcf31064fff78ef493f820055b561ece45e1009	af82
v2-bit-54-7	fc51cd8e6218a1a38da47ed00230f0580816ed13ba3303ac5deb911548908025	dfa2cba34b611cc8c833a6ea83b8eb1bb5e2ef2dd1b0c481bc42ff36ae7847f6ab52b976cfd5def172fa412defde270c8b8bdfbaae1cfece17d9833b1bcf31064fff78ef493f820055b561ece45e1009	af82
v2-bit-55-0	fc51cd8e6218a1a38da47ed00230f0580816ed13ba3303ac5deb911548908025	dfa2cba34b611cc8c833a6ea83b8eb1bb5e2ef2dd1b0c481bc42ff36ae7847f6ab52b976cfd5def172fa412defde270c8b8bdfbaae1c7ecf17d9833b1bcf31064fff78ef493f820055b561ece45e1009	af82
v2-bit-55-1	fc51cd8e6218a1a38da47ed00230f0580816ed13ba3303ac5deb911548908025	dfa2cba34b611cc8c833a6ea83b8eb1bb5e2ef2dd1b0c481bc42ff36ae7847f6ab52b976cfd5def172fa412defde270c8b8bdfbaae1c7ecc17d9833b1bcf31064fff78ef493f820055b561ece45e1009	af82
v2-bit-55-2	fc51cd8e6218a1a38da47ed00230f0580816ed13ba3303ac5deb911548908025	dfa2cba34b611cc8c833a6ea83b8eb1bb5e2ef2dd1b0c481bc42ff36ae7847f6ab52b976cfd5def172fa412defde270c8b8bdfbaae1c7eca17d9833b1bcf31064fff78ef493f820055b561ece45e1009	af82
v2-bit-55-3	fc51cd8e6218a1a38da47ed00230f0580816ed13ba3303ac5deb911548908025	dfa2cba34b611cc8c833a6ea83b8eb1bb5e2ef2dd1b0c481bc42ff36ae7847f6ab52b976cfd5def172fa412defde270c8b8bdfbaae1c7ec617d9833b1bcf31064fff78ef493f820055b561ece45e1009	af82
v2-bit-55-4	fc51cd8e6218a1a38da47ed00230f0580816ed13ba3303ac5deb911548908025	dfa2cba34b611cc8c833a6ea83b8eb1bb5e2ef2dd1b0c481bc42ff36ae7847f6ab52b976cfd5def172fa412defde270c8b8bdfbaae1c7ede17d9833b1bcf31064fff78ef493f820055b561ece45e1009	af82
v2-bit-55-5	fc51cd8e6218a1a38da47ed00230f0580816ed13ba3303ac5deb911548908025	dfa2cba34b611cc8c833a6ea83b8eb1bb5e2ef2dd1b0c481bc42ff36ae7847f6ab52b976cfd5def172fa412defde270c8b8bdfbaae1c7eee17d9833b1bcf31064fff78ef493f820055b561ece45e1009	af82
v2-bit-55-6	fc51cd8e6218a1a38da47ed00230f0580816ed13ba3303ac5deb911548908025	dfa2cba34b611cc8c833a6ea83b8eb1bb5e2ef2dd1b0c481bc42ff36ae7847f6ab52b976cfd5def172fa412defde270c8b8bdfbaae1c7e8e17d9833b1bcf31064fff78ef493f820055b561ece45e1009	af82
v2-bit-55-7	fc51cd8e6218a1a38da47ed00230f0580816ed13ba3303ac5deb911548908025	dfa2cba34b611cc8c833a6ea83b8eb1bb5e2ef2dd1b0c481bc42ff36ae7847f6ab52b976cfd5def172fa412defde270c8b8bdfbaae1c7e4e17d9833b1bcf31064fff78ef493f820055b561ece45e1009	af82
v2-bit-56-0	fc51cd8e6218a1a38da47ed00230f0580816ed13ba3303ac5deb911548908025	dfa2cba34b611cc8c833a6ea83b8eb1bb5e2ef2dd1b0c481bc42ff36ae7847f6ab52b976cfd5def172fa412defde270c8b8bdfbaae1c7ece16d9833b1bcf31064fff78ef493f820055b561ece45e1009	af82
v2-bit-56-1	fc51cd8e6218a1a38da47ed00230f0580816ed13ba3303ac5deb911548908025	dfa2cba34b611cc8c833a6ea83b8eb1bb5e2ef2dd1b0c481bc42ff36ae7847f6ab52b976cfd5def172fa412defde270c8b8bdfbaae1c7ece15d9833b1bcf31064fff78ef493f820055b561ece45e1009	af82
v2-bit-56-2	fc51cd8e6218a1a38da47ed00230f0580816ed13ba3303ac5deb911548908025	dfa2cba34b611cc8c833a6ea83b8eb1bb5e2ef2dd1b0c481bc42ff36ae7847f6ab52b976cfd5def172fa412defde270c8b8bdfbaae1c7ece13d9833b1bcf31064fff78ef493f820055b561ece45e1009	af82
v2-bit-56-3	fc51cd8e6218a1a38da47ed00230f0580816ed13ba3303ac5deb911548908025	dfa2cba34b611cc8c833a6ea83b8eb1bb5e2ef2dd1b0c481bc42ff36ae7847f6ab52b976cfd5def172fa412defde270c8b8bdfbaae1c7ece1fd9833b1bcf31064fff78ef493f820055b561ece45e1009	af82
v2-bit-56-4	fc51cd8e6218a1a38da47ed00230f0580816ed13ba3303ac5deb911548908025	dfa2cba34b611cc8c833a6ea83b8eb1bb5e2ef2dd1b0c481bc42ff36ae7847f6ab52b976cfd5def172fa412defde270c8b8bdfbaae1c7ece07d9833b1bcf31064fff78ef493f820055b561ece45e1009	af82
v2-bit-56-5	fc51cd8e6218a1a38da47ed00230f0580816ed13ba3303ac5deb911548908025	dfa2cba34b611cc8c833a6ea83b8eb1bb5e2ef2dd1b0c481bc42ff36ae7847f6ab52b976cfd5def172fa412defde270c8b8bdfbaae1c7ece37d9833b1bcf31064fff78ef493f820055b561ece45e1009	af82
v2-bit-56-6	fc51cd8e6218a1a38da47ed00230f0580816ed13ba3303ac5deb911548908025	dfa2cba34b611cc8c833a6ea83b8eb1bb5e2ef2dd1b0c481bc42ff36ae7847f6ab52b976cfd5def172fa412defde270c8b8bdfbaae1c7ece57d9833b1bcf31064fff78ef493f820055b561ece45e1009	af82
v2-bit-56-7	fc51cd8e6218a1a38da47ed00230f0580816ed13ba3303ac5deb911548908025	dfa2cba34b611cc8c833a6ea83b8eb1bb5e2ef2dd1b0c481bc42ff36ae7847f6ab52b976cfd5def172fa412defde270c8b8bdfbaae1c7ece97d9833b1bcf31064fff78ef493f820055b561ece45e1009	af82
v2-bit-57-0	fc51cd8e6218a1a38da47ed00230f0580816ed13ba3303ac5deb911548908025	dfa2cba34b611cc8c833a6ea83b8eb1bb5e2ef2dd1b0c481bc42ff36ae7847f6ab52b976cfd5def172fa412defde270c8b8bdfbaae1c7ece17d8833b1bcf31064fff78ef493f820055b561ece45e1009	af82
v2-bit-57-1	fc51cd8e6218a1a38da47ed00230f0580816ed13ba3303ac5deb911548908025	dfa2cba34b611cc8c833a6ea83b8eb1bb5e2ef2dd1b0c481bc42ff36ae7847f6ab52b976cfd5def172fa412defde270c8b8bdfbaae1c7ece17db833b1bcf31064fff78ef493f820055b561ece45e1009	af82
v2-bit-57-2	fc51cd8e6218a1a38da47ed00230f0580816ed13ba3303ac5deb911548908025	dfa2cba34b611cc8c833a6ea83b8eb1bb5e2ef2dd1b0c481bc42ff36ae7847f6ab52b976cfd5def172fa412defde270c8b8bdfbaae1c7ece17dd833b1bcf31064fff78ef493f820055b561ece45e1009	af82
v2-bit-57-3	fc51cd8e6218a1a38da47ed00230f0580816ed13ba3303ac5deb911548908025	dfa2cba34b611cc8c833a6ea83b8eb1bb5e2ef2dd1b0c481bc42ff36ae7847f6ab52b976cfd5def172fa412defde270c8b8bdfbaae1c7ece17d1833b1bcf31064fff78ef493f820055b561ece45e1009	af82
v2-bit-57-4	fc51cd8e6218a1a38da47ed00230f0580816ed13ba3303ac5deb911548908025	dfa2cba34b611cc8c833a6ea83b8eb1bb5e2ef2dd1b0c481bc42ff36ae7847f6ab52b976cfd5def172fa412defde270c8b8bdfbaae1c7ece17c9833b1bcf31064fff78ef493f820055b561ece45e1009	af82
v2-bit-57-5	fc51cd8e6218a1a38da47ed00230f0580816ed13ba3303ac5deb911548908025	dfa2cba34b611cc8c833a6ea83b8eb1bb5e2ef2dd1b0c481bc42ff36ae7847f6ab52b976cfd5def172fa412defde270c8b8bdfbaae1c7ece17f9833b1bcf31064fff78ef493f820055b561ece45e1009	af82
v2-bit-57-6	fc51cd8e6218a1a38da47ed00230f0580816ed13ba3303ac5deb911548908025	dfa2cba34b611cc8c833a6ea83b8eb1bb5e2ef2dd1b0c481bc42ff36ae7847f6ab52b976cfd5def172fa412defde270c8b8bdfbaae1c7ece1799833b1bcf31064fff78ef493f820055b561ece45e1009	af82
v2-bit-57-7	fc51cd8e6218a1a38da47ed00230f0580816ed13ba3303ac5deb911548908025	dfa2cba34b611cc8c833a6ea83b8eb1bb5e2ef2dd1b0c481bc42ff36ae7847f6ab52b976cfd5def172fa412defde270c8b8bdfbaae1c7ece1759833b1bcf31064fff78ef493f820055b561ece45e1009	af82
v2-bit-58-0	fc51cd8e6218a1a38da47ed00230f0580816ed13ba3303ac5deb911548908025	dfa2cba34b611cc8c833a6ea83b8eb1bb5e2ef2dd1b0c481bc42ff36ae7847f6ab52b976cfd5def172fa412defde270c8b8bdfbaae1c7ece17d9823b1bcf31064fff78ef493f820055b561ece45e1009	af82
v2-bit-58-1	fc51cd8e6218a1a38da47ed00230f0580816ed13ba3303ac5deb911548908025	dfa2cba34b611cc8c833a6ea83b8eb1bb5e2ef2dd1b0c481bc42ff36ae7847f6ab52b976cfd5def172fa412defde270c8b8bdfbaae1c7ece17d9813b1bcf31064fff78ef493f820055b561ece45e1009	af82
v2-bit-58-2	fc51cd8e6218a1a38da47ed00230f0580816ed13ba3303ac5deb911548908025	dfa2cba34b611cc8c833a6ea83b8eb1bb5e2ef2dd1b0c481bc42ff36ae7847f6ab52b976cfd5def172fa412defde270c8b8bdfbaae1c7ece17d9873b1bcf31064fff78ef493f820055b561ece45e1009	af82
v2-bit-58-3	fc51cd8e6218a1a38da47ed00230f0580816ed13ba3303ac5deb911548908025	dfa2cba34b611cc8c833a6ea83b8eb1bb5e2ef2dd1b0c481bc42ff36ae7847f6ab52b976cfd5def172fa412defde270c8b8bdfbaae1c7ece17d98b3b1bcf31064fff78ef493f820055b561ece45e1009	af82
v2-bit-58-4	fc51cd8e6218a1a38da47ed00230f0580816ed13ba3303ac5deb911548908025	dfa2cba34b611cc8c833a6ea83b8eb1bb5e2ef2dd1b0c481bc42ff36ae7847f6ab52b976cfd5def172fa412defde270c8b8bdfbaae1c7ece17d9933b1bcf31064fff78ef493f820055b561ece45e1009	af82
v2-bit-58-5	fc51cd8e6218a1a38da47ed00230f0580816ed13ba3303ac5deb911548908025	dfa2cba34b611cc8c833a6ea83b8eb1bb5e2ef2dd1b0c481bc42ff36ae7847f6ab52b976cfd5def172fa412defde270c8b8bdfbaae1c7ece17d9a33b1bcf31064fff78ef493f820055b561ece45e1009	af82
v2-bit-58-6	fc51cd8e6218a1a38da47ed00230f0580816ed13ba3303ac5deb911548908025	dfa2cba34b611cc8c833a6ea83b8eb1bb5e2ef2dd1b0c481bc42ff36ae7847f6ab52b976cfd5def172fa412defde270c8b8bdfbaae1c7ece17d9c33b1bcf31064fff78ef493f820055b561ece45e1009	af82
v2-bit-58-7	fc51cd8e6218a1a38da47ed00230f0580816ed13ba3303ac5deb911548908025	dfa2cba34b611cc8c833a6ea83b8eb1bb5e2ef2dd1b0c481bc42ff36ae7847f6ab52b976cfd5def172fa412defde270c8b8bdfbaae1c7ece17d9033b1bcf31064fff78ef493f820055b561ece45e1009	af82
v2-bit-59-0	fc51cd8e6218a1a38da47ed00230f0580816ed13ba3303ac5deb911548908025	dfa2cba34b611cc8c833a6ea83b8eb1bb5e2ef2dd1b0c481bc42ff36ae7847f6ab52b976cfd5def172fa412defde270c8b8bdfbaae1c7ece17d9833a1bcf31064fff78ef493f820055b561ece45e1009	af82
v2-bit-59-1	fc51cd8e6218a1a38da47ed00230f0580816ed13ba3303ac5deb911548908025	dfa2cba34b611cc8c833a6ea83b8eb1bb5e2ef2dd1b0c481bc42ff36ae7847f6ab52b976cfd5def172fa412defde270c8b8bdfbaae1c7ece17d983391bcf31064fff78ef493f820055b561ece45e1009	af82
v2-bit-59-2	fc51cd8e6218a1a38da47ed00230f0580816ed13ba3303ac5deb911548908025	dfa2cba34b611cc8c833a6ea83b8eb1bb5e2ef2dd1b0c481bc42ff36ae7847f6ab52b976cfd5def172fa412defde270c8b8bdfbaae1c7ece17d9833f1bcf31064fff78ef493f820055b561ece45e1009	af82
v2-bit-59-3	fc51cd8e6218a1a38da47ed00230f0580816ed13ba3303ac5deb911548908025	dfa2cba34b611cc8c833a6ea83b8eb1bb5e2ef2dd1b0c481bc42ff36ae7847f6ab52b976cfd5def172fa412defde270c8b8bdfbaae1c7ece17d983331bcf31064fff78ef493f820055b561ece45e1009	af82
v2-bit-59-4	fc51cd8e6218a1a38da47ed00230f0580816ed13ba3303ac5deb911548908025	dfa2cba34b611cc8c833a6ea83b8eb1bb5e2ef2dd1b0c481bc42ff36ae7847f6ab52b976cfd5def172fa412defde270c8b8bdfbaae1c7ece17d9832b1bcf31064fff78ef493f820055b561ece45e1009	af82
v2-bit-59-5	fc51cd8e6218a1a38da47ed00230f0580816ed13ba3303ac5deb911548908025	dfa2cba34b611cc8c833a6ea83b8eb1bb5e2ef2dd1b0c481bc42ff36ae7847f6ab52b976cfd5def172fa412defde270c8b8bdfbaae1c7ece17d9831b1bcf31064fff78ef493f820055b561ece45e1009	af82
v2-bit-59-6	fc51cd8e6218a1a38da47ed00230f0580816ed13ba3303ac5deb911548908025	dfa2cba34b611cc8c833a6ea83b8eb1bb5e2ef2dd1b0c481bc42ff36ae7847f6ab52b976cfd5def172fa412defde270c8b8bdfbaae1c7ece17d9837b1bcf31064fff78ef493f820055b561ece45e1009	af82
v2-bit-59-7	fc51cd8e6218a1a38da47ed00230f0580816ed13ba3303ac5deb911548908025	dfa2cba34b611cc8c833a6ea83b8eb1bb5e2ef2dd1b0c481bc42ff36ae7847f6ab52b976cfd5def172fa412defde270c8b8bdfbaae1c7ece17d983bb1bcf31064fff78ef493f820055b561ece45e1009	af82
v2-bit-60-0	fc51cd8e6218a1a38da47ed00230f0580816ed13ba3303ac5deb911548908025	dfa2cba34b611cc8c833a6ea83b8eb1bb5e2ef2dd1b0c481bc42ff36ae7847f6ab52b976cfd5def172fa412defde270c8b8bdfbaae1c7ece17d9833b1acf31064fff78ef493f820055b561ece45e1009	af82
v2-bit-60-1	fc51cd8e6218a1a38da47ed00230f0580816ed13ba3303ac5deb911548908025	dfa2cba34b611cc8c833a6ea83b8eb1bb5e2ef2dd1b0c481bc42ff36ae7847f6ab52b976cfd5def172fa412defde270c8b8bdfbaae1c7ece17d9833b19cf31064fff78ef493f820055b561ece45e1009	af82
v2-bit-60-2	fc51cd8e6218a1a38da47ed00230f0580816ed13ba3303ac5deb911548908025	dfa2cba34b611cc8c833a6ea83b8eb1bb5e2ef2dd1b0c481bc42ff36ae7847f6ab52b976cfd5def172fa412defde270c8b8bdfbaae1c7ece17d9833b1fcf31064fff78ef493f820055b561ece45e1009	af82
v2-bit-60-3	fc51cd8e6218a1a38da47ed00230f0580816ed13ba3303ac5deb911548908025	dfa2cba34b611cc8c833a6ea83b8eb1bb5e2ef2dd1b0c481bc42ff36ae7847f6ab52b976cfd5def172fa412defde270c8b8bdfbaae1c7ece17d9833b13cf31064fff78ef493f820055b561ece45e1009	af82
v2-bit-60-4	fc51cd8e6218a1a38da47ed00230f0580816ed13ba3303ac5deb911548908025	dfa2cba34b611cc8c833a6ea83b8eb1bb5e2ef2dd1b0c481bc42ff36ae7847f6ab52b976cfd5def172fa412defde270c8b8bdfbaae1c7ece17d9833b0bcf31064fff78ef493f820055b561ece45e1009	af82
v2-bit-60-5	fc51cd8e6218a1a38da47ed00230f0580816ed13ba3303ac5deb911548908025	dfa2cba34b611cc8c833a6ea83b8eb1bb5e2ef2dd1b0c481bc42ff36ae7847f6ab52b976cfd5def172fa412defde270c8b8bdfbaae1c7ece17d9833b3bcf31064fff78ef493f820055b561ece45e1009	af82
v2-bit-60-6	fc51cd8e6218a1a38da47ed00230f0580816ed13ba3303ac5deb911548908025	dfa2cba34b611cc8c833a6ea83b8eb1bb5e2ef2dd1b0c481bc42ff36ae7847f6ab52b976cfd5def172fa412defde270c8b8bdfbaae1c7ece17d9833b5bcf31064fff78ef493f820055b561ece45e1009	af82
v2-bit-60-7	fc51cd8e6218a1a38da47ed00230f0580816ed13ba3303ac5deb911548908025	dfa2cba34b611cc8c833a6ea83b8eb1bb5e2ef2dd1b0c481bc42ff36ae7847f6ab52b976cfd5def172fa412defde270c8b8bdfbaae1c7ece17d9833b9bcf31064fff78ef493f820055b561ece45e1009	af82
v2-bit-61-0	fc51cd8e6218a1a38da47ed00230f0580816ed13ba3303ac5deb911548908025	dfa2cba34b611cc8c833a6ea83b8eb1bb5e2ef2dd1b0c481bc42ff36ae7847f6ab52b976cfd5def172fa412defde270c8b8bdfbaae1c7ece17d9833b1bce31064fff78ef493f820055b561ece45e1009	af82
v2-bit-61-1	fc51cd8e6218a1a38da47ed00230f0580816ed13ba3303ac5deb911548908025	dfa2cba34b611cc8c833a6ea83b8eb1bb5e2ef2dd1b0c481bc42ff36ae7847f6ab52b976cfd5def172fa412defde270c8b8bdfbaae1c7ece17d9833b1bcd31064fff78ef493f820055b561ece45e1009	af82
v2-bit-61-2	fc51cd8e6218a1a38da47ed00230f0580816ed13ba3303ac5deb911548908025	dfa2cba34b611cc8c833a6ea83b8eb1bb5e2ef2dd1b0c481bc42ff36ae7847f6ab52b976cfd5def172fa412defde270c8b8bdfbaae1c7ece17d9833b1bcb31064fff78ef493f820055b561ece45e1009	af82
v2-bit-61-3	fc51cd8e6218a1a38da47ed00230f0580816ed13ba3303ac5deb911548908025	dfa2cba34b611cc8c833a6ea83b8eb1bb5e2ef2dd1b0c481bc42ff36ae7847f6ab52b976cfd5def172fa412defde270c8b8bdfbaae1c7ece17d9833b1bc731064fff78ef493f820055b561ece45e1009	af82
v2-bit-61-4	fc51cd8e6218a1a38da47ed00230f0580816ed13ba3303ac5deb911548908025	dfa2cba34b611cc8c833a6ea83b8eb1bb5e2ef2dd1b0c481bc42ff36ae7847f6ab52b976cfd5def172fa412defde270c8b8bdfbaae1c7ece17d9833b1bdf31064fff78ef493f820055b561ece45e1009	af82
v2-bit-61-5	fc51cd8e6218a1a38da47ed00230f0580816ed13ba3303ac5deb911548908025	dfa2cba34b611cc8c833a6ea83b8eb1bb5e2ef2dd1b0c481bc42ff36ae7847f6ab52b976cfd5def172fa412defde270c8b8bdfbaae1c7ece17d9833b1bef31064fff78ef493f820055b561ece45e1009	af82
v2-bit-61-6	fc51cd8e6218a1a38da47ed00230f0580816ed13ba3303ac5deb911548908025	dfa2cba34b611cc8c833a6ea83b8eb1bb5e2ef2dd1b0c481bc42ff36ae7847f6ab52b976cfd5def172fa412defde270c8b8bdfbaae1c7ece17d9833b1b8f31064fff78ef493f820055b561ece45e1009	af82
v2-bit-61-7	fc51cd8e6218a1a38da47ed00230f0580816ed13ba3303ac5deb911548908025	dfa2cba34b611cc8c833a6ea83b8eb1bb5e2ef2dd1b0c481bc42ff36ae7847f6ab52b976cfd5def172fa412defde270c8b8bdfbaae1c7ece17d9833b1b4f31064fff78ef493f820055b561ece45e1009	af82
v2-bit-62-0	fc51cd8e6218a1a38da47ed00230f0580816ed13ba3303ac5deb911548908025	dfa2cba34b611cc8c833a6ea83b8eb1bb5e2ef2dd1b0c481bc42ff36ae7847f6ab52b976cfd5def172fa412defde270c8b8bdfbaae1c7ece17d9833b1bcf30064fff78ef493f820055b561ece45e1009	af82
v2-bit-62-1	fc51cd8e6218a1a38da47ed00230f0580816ed13ba3303ac5deb911548908025	dfa2cba34b611cc8c833a6ea83b8eb1bb5e2ef2dd1b0c481bc42ff36ae7847f6ab52b976cfd5def172fa412defde270c8b8bdfbaae1c7ece17d9833b1bcf33064fff78ef493f820055b561ece45e1009	af82
v2-bit-62-2	fc51cd8e6218a1a38da47ed00230f0580816ed13ba3303ac5deb911548908025	dfa2cba34b611cc8c833a6ea83b8eb1bb5e2ef2dd1b0c481bc42ff36ae7847f6ab52b976cfd5def172fa412defde270c8b8bdfbaae1c7ece17d9833b1bcf35064fff78ef493f820055b561ece45e1009	af82
v2-bit-62-3	fc51cd8e6218a1a38da47ed00230f0580816ed13ba3303ac5deb911548908025	dfa2cba34b611cc8c833a6ea83b8eb1bb5e2ef2dd1b0c481bc42ff36ae7847f6ab52b976cfd5def172fa412defde270c8b8bdfbaae1c7ece17d9833b1bcf39064fff78ef493f820055b561ece45e1009	af82
v2-bit-62-4	fc51cd8e6218a1a38da47ed00230f0580816ed13ba3303ac5deb911548908025	dfa2cba34b611cc8c833a6ea83b8eb1bb5e2ef2dd1b0c481bc42ff36ae7847f6ab52b976cfd5def172fa412defde270c8b8bdfbaae1c7ece17d9833b1bcf21064fff78ef493f820055b561ece45e1009	af82
v2-bit-62-5	fc51cd8e6218a1a38da47ed00230f0580816ed13ba3303ac5deb911548908025	dfa2cba34b611cc8c833a6ea83b8eb1bb5e2ef2dd1b0c481bc42ff36ae7847f6ab52b976cfd5def172fa412defde270c8b8bdfbaae1c7ece17d9833b1bcf11064fff78ef493f820055b561ece45e1009	af82
v2-bit-62-6	fc51cd8e6218a1a38da47ed00230f0580816ed13ba3303ac5deb911548908025	dfa2cba34b611cc8c833a6ea83b8eb1bb5e2ef2dd1b0c481bc42ff36ae7847f6ab52b976cfd5def172fa412defde270c8b8bdfbaae1c7ece17d9833b1bcf71064fff78ef493f820055b561ece45e1009	af82
v2-bit-62-7	fc51cd8e6218a1a38da47ed00230f0580816ed13ba3303ac5deb911548908025	dfa2cba34b611cc8c833a6ea83b8eb1bb5e2ef2dd1b0c481bc42ff36ae7847f6ab52b976cfd5def172fa412defde270c8b8bdfbaae1c7ece17d9833b1bcfb1064fff78ef493f820055b561ece45e1009	af82
v2-bit-63-0	fc51cd8e6218a1a38da47ed00230f0580816ed13ba3303ac5deb911548908025	dfa2cba34b611cc8c833a6ea83b8eb1bb5e2ef2dd1b0c481bc42ff36ae7847f6ab52b976cfd5def172fa412defde270c8b8bdfbaae1c7ece17d9833b1bcf31074fff78ef493f820055b561ece45e1009	af82
v2-bit-63-1	fc51cd8e6218a1a38da47ed00230f0580816ed13ba3303ac5deb911548908025	dfa2cba34b611cc8c833a6ea83b8eb1bb5e2ef2dd1b0c481bc42ff36ae7847f6ab52b976cfd5def172fa412defde270c8b8bdfbaae1c7ece17d9833b1bcf31044fff78ef493f820055b561ece45e1009	af82
v2-bit-63-2	fc51cd8e6218a1a38da47ed00230f0580816ed13ba3303ac5deb911548908025	dfa2cba34b611cc8c833a6ea83b8eb1bb5e2ef2dd1b0c481bc42ff36ae7847f6ab52b976cfd5def172fa412defde270c8b8bdfbaae1c7ece17d9833b1bcf31024fff78ef493f820055b561ece45e1009	af82
v2-bit-63-3	fc51cd8e6218a1a38da47ed00230f0580816ed13ba3303ac5deb911548908025	dfa2cba34b611cc8c833a6ea83b8eb1bb5e2ef2dd1b0c481bc42ff36ae7847f6ab52b976cfd5def172fa412defde270c8b8bdfbaae1c7ece17d9833b1bcf310e4fff78ef493f820055b561ece45e1009	af82
v2-bit-63-4	fc51cd8e6218a1a38da47ed00230f0580816ed13ba3303ac5deb911548908025	dfa2cba34b611cc8c833a6ea83b8eb1bb5e2ef2dd1b0c481bc42ff36ae7847f6ab52b976cfd5def172fa412defde270c8b8bdfbaae1c7ece17d9833b1bcf31164fff78ef493f820055b561ece45e1009	af82
v2-bit-63-5	fc51cd8e6218a1a38da47ed00230f0580816ed13ba3303ac5deb911548908025	dfa2cba34b611cc8c833a6ea83b8eb1bb5e2ef2dd1b0c481bc42ff36ae7847f6ab52b976cfd5def172fa412defde270c8b8bdfbaae1c7ece17d9833b1bcf31264fff78ef493f820055b561ece45e1009	af82
v2-bit-63-6	fc51cd8e6218a1a38da47ed00230f0580816ed13ba3303ac5deb911548908025	dfa2cba34b611cc8c833a6ea83b8eb1bb5e2ef2dd1b0c481bc42ff36ae7847f6ab52b976cfd5def172fa412defde270c8b8bdfbaae1c7ece17d9833b1bcf31464fff78ef493f820055b561ece45e1009	af82
v2-bit-63-7	fc51cd8e6218a1a38da47ed00230f0580816ed13ba3303ac5deb911548908025	dfa2cba34b611cc8c833a6ea83b8eb1bb5e2ef2dd1b0c481bc42ff36ae7847f6ab52b976cfd5def172fa412defde270c8b8bdfbaae1c7ece17d9833b1bcf31864fff78ef493f820055b561ece45e1009	af82
v2-bit-64-0	fc51cd8e6218a1a38da47ed00230f0580816ed13ba3303ac5deb911548908025	dfa2cba34b611cc8c833a6ea83b8eb1bb5e2ef2dd1b0c481bc42ff36ae7847f6ab52b976cfd5def172fa412defde270c8b8bdfbaae1c7ece17d9833b1bcf31064eff78ef493f820055b561ece45e1009	af82
v2-bit-64-1	fc51cd8e6218a1a38da47ed00230f0580816ed13ba3303ac5deb911548908025	dfa2cba34b611cc8c833a6ea83b8eb1bb5e2ef2dd1b0c481bc42ff36ae7847f6ab52b976cfd5def172fa412defde270c8b8bdfbaae1c7ece17d9833b1bcf31064dff78ef493f820055b561ece45e1009	af82
v2-bit-64-2	fc51cd8e6218a1a38da47ed00230f0580816ed13ba3303ac5deb911548908025	dfa2cba34b611cc8c833a6ea83b8eb1bb5e2ef2dd1b0c481bc42ff36ae7847f6ab52b976cfd5def172fa412defde270c8b8bdfbaae1c7ece17d9833b1bcf31064bff78ef493f820055b561ece45e1009	af82
v2-bit-64-3	fc51cd8e6218a1a38da47ed00230f0580816ed13ba3303ac5deb911548908025	dfa2cba34b611cc8c833a6ea83b8eb1bb5e2ef2dd1b0c481bc42ff36ae7847f6ab52b976cfd5def172fa412defde270c8b8bdfbaae1c7ece17d9833b1bcf310647ff78ef493f820055b561ece45e1009	af82
v2-bit-64-4	fc51cd8e6218a1a38da47ed00230f0580816ed13ba3303ac5deb911548908025	dfa2cba34b611cc8c833a6ea83b8eb1bb5e2ef2dd1b0c481bc42ff36ae7847f6ab52b976cfd5def172fa412defde270c8b8bdfbaae1c7ece17d9833b1bcf31065fff78ef493f820055b561ece45e1009	af82
v2-bit-64-5	fc51cd8e6218a1a38da47ed00230f0580816ed13ba3303ac5deb911548908025	dfa2cba34b611cc8c833a6ea83b8eb1bb5e2ef2dd1b0c481bc42ff36ae7847f6ab52b976cfd5def172fa412defde270c8b8bdfbaae1c7ece17d9833b1bcf31066fff78ef493f820055b561ece45e1009	af82
v2-bit-64-6	fc51cd8e6218a1a38da47ed00230f0580816ed13ba3303ac5deb911548908025	dfa2cba34b611cc8c833a6ea83b8eb1bb5e2ef2dd1b0c481bc42ff36ae7847f6ab52b976cfd5def172fa412defde270c8b8bdfbaae1c7ece17d9833b1bcf31060fff78ef493f820055b561ece45e1009	af82
v2-bit-64-7	fc51cd8e6218a1a38da47ed00230f0580816ed13ba3303ac5deb911548908025	dfa2cba34b611cc8c833a6ea83b8eb1bb5e2ef2dd1b0c481bc42ff36ae7847f6ab52b976cfd5def172fa412defde270c8b8bdfbaae1c7ece17d9833b1bcf3106cfff78ef493f820055b561ece45e1009	af82
v2-bit-65-0	fc51cd8e6218a1a38da47ed00230f0580816ed13ba3303ac5deb911548908025	dfa2cba34b611cc8c833a6ea83b8eb1bb5e2ef2dd1b0c481bc42ff36ae7847f6ab52b976cfd5def172fa412defde270c8b8bdfbaae1c7ece17d9833b1bcf31064ffe78ef493f820055b561ece45e1009	af82
v2-bit-65-1	fc51cd8e6218a1a38da47ed00230f0580816ed13ba3303ac5deb911548908025	dfa2cba34b611cc8c833a6ea83b8eb1bb5e2ef2dd1b0c481bc42ff36ae7847f6ab52b976cfd5def172fa412defde270c8b8bdfbaae1c7ece17d9833b1bcf31064ffd78ef493f820055b561ece45e1009	af82
v2-bit-65-2	fc51cd8e6218a1a38da47ed00230f0580816ed13ba3303ac5deb911548908025	dfa2cba34b611cc8c833a6ea83b8eb1bb5e2ef2dd1b0c481bc42ff36ae7847f6ab52b976cfd5def172fa412defde270c8b8bdfbaae1c7ece17d9833b1bcf31064ffb78ef493f820055b561ece45e1009	af82
v2-bit-65-3	fc51cd8e6218a1a38da47ed00230f0580816ed13ba3303ac5deb911548908025	dfa2cba34b611cc8c833a6ea83b8eb1bb5e2ef2dd1b0c481bc42ff36ae7847f6ab52b976cfd5def172fa412defde270c8b8bdfbaae1c7ece17d9833b1bcf31064ff778ef493f820055b561ece45e1009	af82
v2-bit-65-4	fc51cd8e6218a1a38da47ed00230f0580816ed13ba3303ac5deb911548908025	dfa2cba34b611cc8c833a6ea83b8eb1bb5e2ef2dd1b0c481bc42ff36ae7847f6ab52b976cfd5def172fa412defde270c8b8bdfbaae1c7ece17d9833b1bcf31064fef78ef493f820055b561ece45e1009	af82
v2-bit-65-5	fc51cd8e6218a1a38da47ed00230f0580816ed13ba3303ac5deb911548908025	dfa2cba34b611cc8c833a6ea83b8eb1bb5e2ef2dd1b0c481bc42ff36ae7847f6ab52b976cfd5def172fa412defde270c8b8bdfbaae1c7ece17d9833b1bcf31064fdf78ef493f820055b561ece45e1009	af82
v2-bit-65-6	fc51cd8e6218a1a38da47ed00230f0580816ed13ba3303ac5deb911548908025	dfa2cba34b611cc8c833a6ea83b8eb1bb5e2ef2dd1b0c481bc42ff36ae7847f6ab52b976cfd5def172fa412defde270c8b8bdfbaae1c7ece17d9833b1bcf31064fbf78ef493f820055b561ece45e1009	af82
v2-bit-65-7	fc51cd8e6218a1a38da47ed00230f0580816ed13ba3303ac5deb911548908025	dfa2cba34b611cc8c833a6ea83b8eb1bb5e2ef2dd1b0c481bc42ff36ae7847f6ab52b976cfd5def172fa412defde270c8b8bdfbaae1c7ece17d9833b1bcf31064f7f78ef493f820055b561ece45e1009	af82
v2-bit-66-0	fc51cd8e6218a1a38da47ed00230f0580816ed13ba3303ac5deb911548908025	dfa2cba34b611cc8c833a6ea83b8eb1bb5e2ef2dd1b0c481bc42ff36ae7847f6ab52b976cfd5def172fa412defde270c8b8bdfbaae1c7ece17d9833b1bcf31064fff79ef493f820055b561ece45e1009	af82
v2-bit-66-1	fc51cd8e6218a1a38da47ed00230f0580816ed13ba3303ac5deb911548908025	dfa2cba34b611cc8c833a6ea83b8eb1bb5e2ef2dd1b0c481bc42ff36ae7847f6ab52b976cfd5def172fa412defde270c8b8bdfbaae1c7ece17d9833b1bcf31064fff7aef493f820055b561ece45e1009	af82
v2-bit-66-2	fc51cd8e6218a1a38da47ed00230f0580816ed13ba3303ac5deb911548908025	dfa2cba34b611cc8c833a6ea83b8eb1bb5e2ef2dd1b0c481bc42ff36ae7847f6ab52b976cfd5def172fa412defde270c8b8bdfbaae1c7ece17d9833b1bcf31064fff7cef493f820055b561ece45e1009	af82
v2-bit-66-3	fc51cd8e6218a1a38da47ed00230f0580816ed13ba3303ac5deb911548908025	dfa2cba34b611cc8c833a6ea83b8eb1bb5e2ef2dd1b0c481bc42ff36ae7847f6ab52b976cfd5def172fa412defde270c8b8bdfbaae1c7ece17d9833b1bcf31064fff70ef493f820055b561ece45e1009	af82
v2-bit-66-4	fc51cd8e6218a1a38da47ed00230f0580816ed13ba3303ac5deb911548908025	dfa2cba34b611cc8c833a6ea83b8eb1bb5e2ef2dd1b0c481bc42ff36ae7847f6ab52b976cfd5def172fa412defde270c8b8bdfbaae1c7ece17d9833b1bcf31064fff68ef493f820055b561ece45e1009	af82
v2-bit-66-5	fc51cd8e6218a1a38da47ed00230f0580816ed13ba3303ac5deb911548908025	dfa2cba34b611cc8c833a6ea83b8eb1bb5e2ef2dd1b0c481bc42ff36ae7847f6ab52b976cfd5def172fa412defde270c8b8bdfbaae1c7ece17d9833b1bcf31064fff58ef493f820055b561ece45e1009	af82
v2-bit-66-6	fc51cd8e6218a1a38da47ed00230f0580816ed13ba3303ac5deb911548908025	dfa2cba34b611cc8c833a6ea83b8eb1bb5e2ef2dd1b0c481bc42ff36ae7847f6ab52b976cfd5def172fa412defde270c8b8bdfbaae1c7ece17d9833b1bcf31064fff38ef493f820055b561ece45e1009	af82
v2-bit-66-7	fc51cd8e6218a1a38da47ed00230f0580816ed13ba3303ac5deb911548908025	dfa2cba34b611cc8c833a6ea83b8eb1bb5e2ef2dd1b0c481bc42ff36ae7847f6ab52b976cfd5def172fa412defde270c8b8bdfbaae1c7ece17d9833b1bcf31064ffff8ef493f820055b561ece45e1009	af82
v2-bit-67-0	fc51cd8e6218a1a38da47ed00230f0580816ed13ba3303ac5deb911548908025	dfa2cba34b611cc8c833a6ea83b8eb1bb5e2ef2dd1b0c481bc42ff36ae7847f6ab52b976cfd5def172fa412defde270c8b8bdfbaae1c7ece17d9833b1bcf31064fff78ee493f820055b561ece45e1009	af82
v2-bit-67-1	fc51cd8e6218a1a38da47ed00230f0580816ed13ba3303ac5deb911548908025	dfa2cba34b611cc8c833a6ea83b8eb1bb5e2ef2dd1b0c481bc42ff36ae7847f6ab52b976cfd5def172fa412defde270c8b8bdfbaae1c7ece17d9833b1bcf31064fff78ed493f820055b561ece45e1009	af82
v2-bit-67-2	fc51cd8e6218a1a38da47ed00230f0580816ed13ba3303ac5deb911548908025	dfa2cba34b611cc8c833a6ea83b8eb1bb5e2ef2dd1b0c481bc42ff36ae7847f6ab52b976cfd5def172fa412defde270c8b8bdfbaae1c7ece17d9833b1bcf31064fff78eb493f820055b561ece45e1009	af82
v2-bit-67-3	fc51cd8e6218a1a38da47ed00230f0580816ed13ba3303ac5deb911548908025	dfa2cba34b611cc8c833a6ea83b8eb1bb5e2ef2dd1b0c481bc42ff36ae7847f6ab52b976cfd5def172fa412defde270c8b8bdfbaae1c7ece17d9833b1bcf31064fff78e7493f820055b561ece45e1009	af82
v2-bit-67-4	fc51cd8e6218a1a38da47ed00230f0580816ed13ba3303ac5deb911548908025	dfa2cba34b611cc8c833a6ea83b8eb1bb5e2ef2dd1b0c481bc42ff36ae7847f6ab52b976cfd5def172fa412defde270c8b8bdfbaae1c7ece17d9833b1bcf31064fff78ff493f820055b561ece45e1009	af82
v2-bit-67-5	fc51cd8e6218a1a38da47ed00230f0580816ed13ba3303ac5deb911548908025	dfa2cba34b611cc8c833a6ea83b8eb1bb5e2ef2dd1b0c481bc42ff36ae7847f6ab52b976cfd5def172fa412defde270c8b8bdfbaae1c7ece17d9833b1bcf31064fff78cf493f820055b561ece45e1009	af82
v2-bit-67-6	fc51cd8e6218a1a38da47ed00230f0580816ed13ba3303ac5deb911548908025	dfa2cba34b611cc8c833a6ea83b8eb1bb5e2ef2dd1b0c481bc42ff36ae7847f6ab52b976cfd5def172fa412defde270c8b8bdfbaae1c7ece17d9833b1bcf31064fff78af493f820055b561ece45e1009	af82
v2-bit-67-7	fc51cd8e6218a1a38da47ed00230f0580816ed13ba3303ac5deb911548908025	dfa2cba34b611cc8c833a6ea83b8eb1bb5e2ef2dd1b0c481bc42ff36ae7847f6ab52b976cfd5def172fa412defde270c8b8bdfbaae1c7ece17d9833b1bcf31064fff786f493f820055b561ece45e1009	af82
v2-bit-68-0	fc51cd8e6218a1a38da47ed00230f0580816ed13ba3303ac5deb911548908025	dfa2cba34b611cc8c833a6ea83b8eb1bb5e2ef2dd1b0c481bc42ff36ae7847f6ab52b976cfd5def172fa412defde270c8b8bdfbaae1c7ece17d9833b1bcf31064fff78ef483f820055b561ece45e1009	af82
v2-bit-68-1	fc51cd8e6218a1a38da47ed00230f0580816ed13ba3303ac5deb911548908025	dfa2cba34b611cc8c833a6ea83b8eb1bb5e2ef2dd1b0c481bc42ff36ae7847f6ab52b976cfd5def172fa412defde270c8b8bdfbaae1c7ece17d9833b1bcf31064fff78ef4b3f820055b561ece45e1009	af82
v2-bit-68-2	fc51cd8e6218a1a38da47ed00230f0580816ed13ba3303ac5deb911548908025	dfa2cba34b611cc8c833a6ea83b8eb1bb5e2ef2dd1b0c481bc42ff36ae7847f6ab52b976cfd5def172fa412defde270c8b8bdfbaae1c7ece17d9833b1bcf31064fff78ef4d3f820055b561ece45e1009	af82
v2-bit-68-3	fc51cd8e6218a1a38da47ed00230f0580816ed13ba3303ac5deb911548908025	dfa2cba34b611cc8c833a6ea83b8eb1bb5e2ef2dd1b0c481bc42ff36ae7847f6ab52b976cfd5def172fa412defde270c8b8bdfbaae1c7ece17d9833b1bcf31064fff78ef413f820055b561ece45e1009	af82
v2-bit-68-4	fc51cd8e6218a1a38da47ed00230f0580816ed13ba3303ac5deb911548908025	dfa2cba34b611cc8c833a6ea83b8eb1bb5e2ef2dd1b0c481bc42ff36ae7847f6ab52b976cfd5def172fa412defde270c8b8bdfbaae1c7ece17d9833b1bcf31064fff78ef593f820055b561ece45e1009	af82
v2-bit-68-5	fc51cd8e6218a1a38da47ed00230f0580816ed13ba3303ac5deb911548908025	dfa2cba34b611cc8c833a6ea83b8eb1bb5e2ef2dd1b0c481bc42ff36ae7847f6ab52b976cfd5def172fa412defde270c8b8bdfbaae1c7ece17d9833b1bcf31064fff78ef693f820055b561ece45e1009	af82
v2-bit-68-6	fc51cd8e6218a1a38da47ed00230f0580816ed13ba3303ac5deb911548908025	dfa2cba34b611cc8c833a6ea83b8eb1bb5e2ef2dd1b0c481bc42ff36ae7847f6ab52b976cfd5def172fa412defde270c8b8bdfbaae1c7ece17d9833b1bcf31064fff78ef093f820055b561ece45e1009	af82
v2-bit-68-7	fc51cd8e6218a1a38da47ed00230f0580816ed13ba3303ac5deb911548908025	dfa2cba34b611cc8c833a6ea83b8eb1bb5e2ef2dd1b0c481bc42ff36ae7847f6ab52b976cfd5def172fa412defde270c8b8bdfbaae1c7ece17d9833b1bcf31064fff78efc93f820055b561ece45e1009	af82
v2-bit-69-0	fc51cd8e6218a1a38da47ed00230f0580816ed13ba3303ac5deb911548908025	dfa2cba34b611cc8c833a6ea83b8eb1bb5e2ef2dd1b0c481bc42ff36ae7847f6ab52b976cfd5def172fa412defde270c8b8bdfbaae1c7ece17d9833b1bcf31064fff78ef493e820055b561ece45e1009	af82
v2-bit-69-1	fc51cd8e6218a1a38da47ed00230f0580816ed13ba3303ac5deb911548908025	dfa2cba34b611cc8c833a6ea83b8eb1bb5e2ef2dd1b0c481bc42ff36ae7847f6ab52b976cfd5def172fa412defde270c8b8bdfbaae1c7ece17d9833b1bcf31064fff78ef493d820055b561ece45e1009	af82
v2-bit-69-2	fc51cd8e6218a1a38da47ed00230f0580816ed13ba3303ac5deb911548908025	dfa2cba34b611cc8c833a6ea83b8eb1bb5e2ef2dd1b0c481bc42ff36ae7847f6ab52b976cfd5def172fa412defde270c8b8bdfbaae1c7ece17d9833b1bcf31064fff78ef493b820055b561ece45e1009	af82
v2-bit-69-3	fc51cd8e6218a1a38da47ed00230f0580816ed13ba3303ac5deb911548908025	dfa2cba34b611cc8c833a6ea83b8eb1bb5e2ef2dd1b0c481bc42ff36ae7847f6ab52b976cfd5def172fa412defde270c8b8bdfbaae1c7ece17d9833b1bcf31064fff78ef4937820055b561ece45e1009	af82
v2-bit-69-4	fc51cd8e6218a1a38da47ed00230f0580816ed13ba3303ac5deb911548908025	dfa2cba34b611cc8c833a6ea83b8eb1bb5e2ef2dd1b0c481bc42ff36ae7847f6ab52b976cfd5def172fa412defde270c8b8bdfbaae1c7ece17d9833b1bcf31064fff78ef492f820055b561ece45e1009	af82
v2-bit-69-5	fc51cd8e6218a1a38da47ed00230f0580816ed13ba3303ac5deb911548908025	dfa2cba34b611cc8c833a6ea83b8eb1bb5e2ef2dd1b0c481bc42ff36ae7847f6ab52b976cfd5def172fa412defde270c8b8bdfbaae1c7ece17d9833b1bcf31064fff78ef491f820055b561ece45e1009	af82
v2-bit-69-6	fc51cd8e6218a1a38da47ed00230f0580816ed13ba3303ac5deb911548908025	dfa2cba34b611cc8c833a6ea83b8eb1bb5e2ef2dd1b0c481bc42ff36ae7847f6ab52b976cfd5def172fa412defde270c8b8bdfbaae1c7ece17d9833b1bcf31064fff78ef497f820055b561ece45e1009	af82
v2-bit-69-7	fc51cd8e6218a1a38da47ed00230f0580816ed13ba3303ac5deb911548908025	dfa2cba34b611cc8c833a6ea83b8eb1bb5e2ef2dd1b0c481bc42ff36ae7847f6ab52b976cfd5def172fa412defde270c8b8bdfbaae1c7ece17d9833b1bcf31064fff78ef49bf820055b561ece45e1009	af82
v2-bit-70-0	fc51cd8e6218a1a38da47ed00230f0580816ed13ba3303ac5deb911548908025	dfa2cba34b611cc8c833a6ea83b8eb1bb5e2ef2dd1b0c481bc42ff36ae7847f6ab52b976cfd5def172fa412defde270c8b8bdfbaae1c7ece17d9833b1bcf31064fff78ef493f830055b561ece45e1009	af82
v2-bit-70-1	fc51cd8e6218a1a38da47ed00230f0580816ed13ba3303ac5deb911548908025	dfa2cba34b611cc8c833a6ea83b8eb1bb5e2ef2dd1b0c481bc42ff36ae7847f6ab52b976cfd5def172fa412defde270c8b8bdfbaae1c7ece17d9833b1bcf31064fff78ef493f800055b561ece45e1009	af82
v2-bit-70-2	fc51cd8e6218a1a38da47ed00230f0580816ed13ba3303ac5deb911548908025	dfa2cba34b611cc8c833a6ea83b8eb1bb5e2ef2dd1b0c481bc42ff36ae7847f6ab52b976cfd5def172fa412defde270c8b8bdfbaae1c7ece17d9833b1bcf31064fff78ef493f860055b561ece45e1009	af82
v2-bit-70-3	fc51cd8e6218a1a38da47ed00230f0580816ed13ba3303ac5deb911548908025	dfa2cba34b611cc8c833a6ea83b8eb1bb5e2ef2dd1b0c481bc42ff36ae7847f6ab52b976cfd5def172fa412defde270c8b8bdfbaae1c7ece17d9833b1bcf31064fff78ef493f8a0055b561ece45e1009	af82
v2-bit-70-4	fc51cd8e6218a1a38da47ed00230f0580816ed13ba3303ac5deb911548908025	dfa2cba34b611cc8c833a6ea83b8eb1bb5e2ef2dd1b0c481bc42ff36ae7847f6ab52b976cfd5def172fa412defde270c8b8bdfbaae1c7ece17d9833b1bcf31064fff78ef493f920055b561ece45e1009	af82
v2-bit-70-5	fc51cd8e6218a1a38da47ed00230f0580816ed13ba3303ac5deb911548908025	dfa2cba34b611cc8c833a6ea83b8eb1bb5e2ef2dd1b0c481bc42ff36ae7847f6ab52b976cfd5def172fa412defde270c8b8bdfbaae1c7ece17d9833b1bcf31064fff78ef493fa20055b561ece45e1009	af82
v2-bit-70-6	fc51cd8e6218a1a38da47ed00230f0580816ed13ba3303ac5deb911548908025	dfa2cba34b611cc8c833a6ea83b8eb1bb5e2ef2dd1b0c481bc42ff36ae7847f6ab52b976cfd5def172fa412defde270c8b8bdfbaae1c7ece17d9833b1bcf31064fff78ef493fc20055b561ece45e1009	af82
v2-bit-70-7	fc51cd8e6218a1a38da47ed00230f0580816ed13ba3303ac5deb911548908025	dfa2cba34b611cc8c833a6ea83b8eb1bb5e2ef2dd1b0c481bc42ff36ae7847f6ab52b976cfd5def172fa412defde270c8b8bdfbaae1c7ece17d9833b1bcf31064fff78ef493f020055b561ece45e1009	af82
v2-bit-71-0	fc51cd8e6218a1a38da47ed00230f0580816ed13ba3303ac5deb911548908025	dfa2cba34b611cc8c833a6ea83b8eb1bb5e2ef2dd1b0c481bc42ff36ae7847f6ab52b976cfd5def172fa412defde270c8b8bdfbaae1c7ece17d9833b1bcf31064fff78ef493f820155b561ece45e1009	af82
v2-bit-71-1	fc51cd8e6218a1a38da47ed00230f0580816ed13ba3303ac5deb911548908025	dfa2cba34b611cc8c833a6ea83b8eb1bb5e2ef2dd1b0c481bc42ff36ae7847f6ab52b976cfd5def172fa412defde270c8b8bdfbaae1c7ece17d9833b1bcf31064fff78ef493f820255b561ece45e1009	af82
v2-bit-71-2	fc51cd8e6218a1a38da47ed00230f0580816ed13ba3303ac5deb911548908025	dfa2cba34b611cc8c833a6ea83b8eb1bb5e2ef2dd1b0c481bc42ff36ae7847f6ab52b976cfd5def172fa412defde270c8b8bdfbaae1c7ece17d9833b1bcf31064fff78ef493f820455b561ece45e1009	af82
v2-bit-71-3	fc51cd8e6218a1a38da47ed00230f0580816ed13ba3303ac5deb911548908025	dfa2cba34b611cc8c833a6ea83b8eb1bb5e2ef2dd1b0c481bc42ff36ae7847f6ab52b976cfd5def172fa412defde270c8b8bdfbaae1c7ece17d9833b1bcf31064fff78ef493f820855b561ece45e1009	af82
v2-bit-71-4	fc51cd8e6218a1a38da47ed00230f0580816ed13ba3303ac5deb911548908025	dfa2cba34b611cc8c833a6ea83b8eb1bb5e2ef2dd1b0c481bc42ff36ae7847f6ab52b976cfd5def172fa412defde270c8b8bdfbaae1c7ece17d9833b1bcf31064fff78ef493f821055b561ece45e1009	af82
v2-bit-71-5	fc51cd8e6218a1a38da47ed00230f0580816ed13ba3303ac5deb911548908025	dfa2cba34b611cc8c833a6ea83b8eb1bb5e2ef2dd1b0c481bc42ff36ae7847f6ab52b976cfd5def172fa412defde270c8b8bdfbaae1c7ece17d9833b1bcf31064fff78ef493f822055b561ece45e1009	af82
v2-bit-71-6	fc51cd8e6218a1a38da47ed00230f0580816ed13ba3303ac5deb911548908025	dfa2cba34b611cc8c833a6ea83b8eb1bb5e2ef2dd1b0c481bc42ff36ae7847f6ab52b976cfd5def172fa412defde270c8b8bdfbaae1c7ece17d9833b1bcf31064fff78ef493f824055b561ece45e1009	af82
v2-bit-71-7	fc51cd8e6218a1a38da47ed00230f0580816ed13ba3303ac5deb911548908025	dfa2cba34b611cc8c833a6ea83b8eb1bb5e2ef2dd1b0c481bc42ff36ae7847f6ab52b976cfd5def172fa412defde270c8b8bdfbaae1c7ece17d9833b1bcf31064fff78ef493f828055b561ece45e1009	af82
v2-bit-72-0	fc51cd8e6218a1a38da47ed00230f0580816ed13ba3303ac5deb911548908025	dfa2cba34b611cc8c833a6ea83b8eb1bb5e2ef2dd1b0c481bc42ff36ae7847f6ab52b976cfd5def172fa412defde270c8b8bdfbaae1c7ece17d9833b1bcf31064fff78ef493f820054b561ece45e1009	af82
v2-bit-72-1	fc51cd8e6218a1a38da47ed00230f0580816ed13ba3303ac5deb911548908025	dfa2cba34b611cc8c833a6ea83b8eb1bb5e2ef2dd1b0c481bc42ff36ae7847f6ab52b976cfd5def172fa412defde270c8b8bdfbaae1c7ece17d9833b1bcf31064fff78ef493f820057b561ece45e1009	af82
v2-bit-72-2	fc51cd8e6218a1a38da47ed00230f0580816ed13ba3303ac5deb911548908025	dfa2cba34b611cc8c833a6ea83b8eb1bb5e2ef2dd1b0c481bc42ff36ae7847f6ab52b976cfd5def172fa412defde270c8b8bdfbaae1c7ece17d9833b1bcf31064fff78ef493f820051b561ece45e1009	af82
v2-bit-72-3	fc51cd8e6218a1a38da47ed00230f0580816ed13ba3303ac5deb911548908025	dfa2cba34b611cc8c833a6ea83b8eb1bb5e2ef2dd1b0c481bc42ff36ae7847f6ab52b976cfd5def172fa412defde270c8b8bdfbaae1c7ece17d9833b1bcf31064fff78ef493f82005db561ece45e1009	af82
v2-bit-72-4	fc51cd8e6218a1a38da47ed00230f0580816ed13ba3303ac5deb911548908025	dfa2cba34b611cc8c833a6ea83b8eb1bb5e2ef2dd1b0c481bc42ff36ae7847f6ab52b976cfd5def172fa412defde270c8b8bdfbaae1c7ece17d9833b1bcf31064fff78ef493f820045b561ece45e1009	af82
v2-bit-72-5	fc51cd8e6218a1a38da47ed00230f0580816ed13ba3303ac5deb911548908025	dfa2cba34b611cc8c833a6ea83b8eb1bb5e2ef2dd1b0c481bc42ff36ae7847f6ab52b976cfd5def172fa412defde270c8b8bdfbaae1c7ece17d9833b1bcf31064fff78ef493f820075b561ece45e1009	af82
v2-bit-72-6	fc51cd8e6218a1a38da47ed00230f0580816ed13ba3303ac5deb911548908025	dfa2cba34b611cc8c833a6ea83b8eb1bb5e2ef2dd1b0c481bc42ff36ae7847f6ab52b976cfd5def172fa412defde270c8b8bdfbaae1c7ece17d9833b1bcf31064fff78ef493f820015b561ece45e1009	af82
v2-bit-72-7	fc51cd8e6218a1a38da47ed00230f0580816ed13ba3303ac5deb911548908025	dfa2cba34b611cc8c833a6ea83b8eb1bb5e2ef2dd1b0c481bc42ff36ae7847f6ab52b976cfd5def172fa412defde270c8b8bdfbaae1c7ece17d9833b1bcf31064fff78ef493f8200d5b561ece45e1009	af82
v2-bit-73-0	fc51cd8e6218a1a38da47ed00230f0580816ed13ba3303ac5deb911548908025	dfa2cba34b611cc8c833a6ea83b8eb1bb5e2ef2dd1b0c481bc42ff36ae7847f6ab52b976cfd5def172fa412defde270c8b8bdfbaae1c7ece17d9833b1bcf31064fff78ef493f820055b461ece45e1009	af82
v2-bit-73-1	fc51cd8e6218a1a38da47ed00230f0580816ed13ba3303ac5deb911548908025	dfa2cba34b611cc8c833a6ea83b8eb1bb5e2ef2dd1b0c481bc42ff36ae7847f6ab52b976cfd5def172fa412defde270c8b8bdfbaae1c7ece17d9833b1bcf31064fff78ef493f820055b761ece45e1009	af82
v2-bit-73-2	fc51cd8e6218a1a38da47ed00230f0580816ed13ba3303ac5deb911548908025	dfa2cba34b611cc8c833a6ea83b8eb1bb5e2ef2dd1b0c481bc42ff36ae7847f6ab52b976cfd5def172fa412defde270c8b8bdfbaae1c7ece17d9833b1bcf31064fff78ef493f820055b161ece45e1009	af82
v2-bit-73-3	fc51cd8e6218a1a38da47ed00230f0580816ed13ba3303ac5deb911548908025	dfa2cba34b611cc8c833a6ea83b8eb1bb5e2ef2dd1b0c481bc42ff36ae7847f6ab52b976cfd5def172fa412defde270c8b8bdfbaae1c7ece17d9833b1bcf31064fff78ef493f820055bd61ece45e1009	af82
v2-bit-73-4	fc51cd8e6218a1a38da47ed00230f0580816ed13ba3303ac5deb911548908025	dfa2cba34b611cc8c833a6ea83b8eb1bb5e2ef2dd1b0c481bc42ff36ae7847f6ab52b976cfd5def172fa412defde270c8b8bdfbaae1c7ece17d9833b1bcf31064fff78ef493f820055a561ece45e1009	af82
v2-bit-73-5	fc51cd8e6218a1a38da47ed00230f0580816ed13ba3303ac5deb911548908025	dfa2cba34b611cc8c833a6ea83b8eb1bb5e2ef2dd1b0c481bc42ff36ae7847f6ab52b976cfd5def172fa412defde270c8b8bdfbaae1c7ece17d9833b1bcf31064fff78ef493f8200559561ece45e1009	af82
v2-bit-73-6	fc51cd8e6218a1a38da47ed00230f0580816ed13ba3303ac5deb911548908025	dfa2cba34b611cc8c833a6ea83b8eb1bb5e2ef2dd1b0c481bc42ff36ae7847f6ab52b976cfd5def172fa412defde270c8b8bdfbaae1c7ece17d9833b1bcf31064fff78ef493f820055f561ece45e1009	af82
v2-bit-73-7	fc51cd8e6218a1a38da47ed00230f0580816ed13ba3303ac5deb911548908025	dfa2cba34b611cc8c833a6ea83b8eb1bb5e2ef2dd1b0c481bc42ff36ae7847f6ab52b976cfd5def172fa412defde270c8b8bdfbaae1c7ece17d9833b1bcf31064fff78ef493f8200553561ece45e1009	af82
v2-bit-74-0	fc51cd8e6218a1a38da47ed00230f0580816ed13ba3303ac5deb911548908025	dfa2cba34b611cc8c833a6ea83b8eb1bb5e2ef2dd1b0c481bc42ff36ae7847f6ab52b976cfd5def172fa412defde270c8b8bdfbaae1c7ece17d9833b1bcf31064fff78ef493f820055b560ece45e1009	af82
v2-bit-74-1	fc51cd8e6218a1a38da47ed00230f0580816ed13ba3303ac5deb911548908025	dfa2cba34b611cc8c833a6ea83b8eb1bb5e2ef2dd1b0c481bc42ff36ae7847f6ab52b976cfd5def172fa412defde270c8b8bdfbaae1c7ece17d9833b1bcf31064fff78ef493f820055b563ece45e1009	af82
v2-bit-74-2	fc51cd8e6218a1a38da47ed00230f0580816ed13ba3303ac5deb911548908025	dfa2cba34b611cc8c833a6ea83b8eb1bb5e2ef2dd1b0c481bc42ff36ae7847f6ab52b976cfd5def172fa412defde270c8b8bdfbaae1c7ece17d9833b1bcf31064fff78ef493f820055b565ece45e1009	af82
v2-bit-74-3	fc51cd8e6218a1a38da47ed00230f0580816ed13ba3303ac5deb911548908025	dfa2cba34b611cc8c833a6ea83b8eb1bb5e2ef2dd1b0c481bc42ff36ae7847f6ab52b976cfd5def172fa412defde270c8b8bdfbaae1c7ece17d9833b1bcf31064fff78ef493f820055b569ece45e1009	af82
v2-bit-74-4	fc51cd8e6218a1a38da47ed00230f0580816ed13ba3303ac5deb911548908025	dfa2cba34b611cc8c833a6ea83b8eb1bb5e2ef2dd1b0c481bc42ff36ae7847f6ab52b976cfd5def172fa412defde270c8b8bdfbaae1c7ece17d9833b1bcf31064fff78ef493f820055b571ece45e1009	af82
v2-bit-74-5	fc51cd8e6218a1a38da47ed00230f0580816ed13ba3303ac5deb911548908025	dfa2cba34b611cc8c833a6ea83b8eb1bb5e2ef2dd1b0c481bc42ff36ae7847f6ab52b976cfd5def172fa412defde270c8b8bdfbaae1c7ece17d9833b1bcf31064fff78ef493f820055b541ece45e1009	af82
v2-bit-74-6	fc51cd8e6218a1a38da47ed00230f0580816ed13ba3303ac5deb911548908025	dfa2cba34b611cc8c833a6ea83b8eb1bb5e2ef2dd1b0c481bc42ff36ae7847f6ab52b976cfd5def172fa412defde270c8b8bdfbaae1c7ece17d9833b1bcf31064fff78ef493f820055b521ece45e1009	af82
v2-bit-74-7	fc51cd8e6218a1a38da47ed00230f0580816ed13ba3303ac5deb911548908025	dfa2cba34b611cc8c833a6ea83b8eb1bb5e2ef2dd1b0c481bc42ff36ae7847f6ab52b976cfd5def172fa412defde270c8b8bdfbaae1c7ece17d9833b1bcf31064fff78ef493f820055b5e1ece45e1009	af82
v2-bit-75-0	fc51cd8e6218a1a38da47ed00230f0580816ed13ba3303ac5deb911548908025	dfa2cba34b611cc8c833a6ea83b8eb1bb5e2ef2dd1b0c481bc42ff36ae7847f6ab52b976cfd5def172fa412defde270c8b8bdfbaae1c7ece17d9833b1bcf31064fff78ef493f820055b561ede45e1009	af82
v2-bit-75-1	fc51cd8e6218a1a38da47ed00230f0580816ed13ba3303ac5deb911548908025	dfa2cba34b611cc8c833a6ea83b8eb1bb5e2ef2dd1b0c481bc42ff36ae7847f6ab52b976cfd5def172fa412defde270c8b8bdfbaae1c7ece17d9833b1bcf31064fff78ef493f820055b561eee45e1009	af82
v2-bit-75-2	fc51cd8e6218a1a38da47ed00230f0580816ed13ba3303ac5deb911548908025	dfa2cba34b611cc8c833a6ea83b8eb1bb5e2ef2dd1b0c481bc42ff36ae7847f6ab52b976cfd5def172fa412defde270c8b8bdfbaae1c7ece17d9833b1bcf31064fff78ef493f820055b561e8e45e1009	af82
v2-bit-75-3	fc51cd8e6218a1a38da47ed00230f0580816ed13ba3303ac5deb911548908025	dfa2cba34b611cc8c833a6ea83b8eb1bb5e2ef2dd1b0c481bc42ff36ae7847f6ab52b976cfd5def172fa412defde270c8b8bdfbaae1c7ece17d9833b1bcf31064fff78ef493f820055b561e4e45e1009	af82
v2-bit-75-4	fc51cd8e6218a1a38da47ed00230f0580816ed13ba3303ac5deb911548908025	dfa2cba34b611cc8c833a6ea83b8eb1bb5e2ef2dd1b0c481bc42ff36ae7847f6ab52b976cfd5def172fa412defde270c8b8bdfbaae1c7ece17d9833b1bcf31064fff78ef493f820055b561fce45e1009	af82
v2-bit-75-5	fc51cd8e6218a1a38da47ed00230f0580816ed13ba3303ac5deb911548908025	dfa2cba34b611cc8c833a6ea83b8eb1bb5e2ef2dd1b0c481bc42ff36ae7847f6ab52b976cfd5def172fa412defde270c8b8bdfbaae1c7ece17d9833b1bcf31064fff78ef493f820055b561cce45e1009	af82
v2-bit-75-6	fc51cd8e6218a1a38da47ed00230f0580816ed13ba3303ac5deb911548908025	dfa2cba34b611cc8c833a6ea83b8eb1bb5e2ef2dd1b0c481bc42ff36ae7847f6ab52b976cfd5def172fa412defde270c8b8bdfbaae1c7ece17d9833b1bcf31064fff78ef493f820055b561ace45e1009	af82
v2-bit-75-7	fc51cd8e6218a1a38da47ed00230f0580816ed13ba3303ac5deb911548908025	dfa2cba34b611cc8c833a6ea83b8eb1bb5e2ef2dd1b0c481bc42ff36ae7847f6ab52b976cfd5def172fa412defde270c8b8bdfbaae1c7ece17d9833b1bcf31064fff78ef493f820055b5616ce45e1009	af82
v2-bit-76-0	fc51cd8e6218a1a38da47ed00230f0580816ed13ba3303ac5deb911548908025	dfa2cba34b611cc8c833a6ea83b8eb1bb5e2ef2dd1b0c481bc42ff36ae7847f6ab52b976cfd5def172fa412defde270c8b8bdfbaae1c7ece17d9833b1bcf31064fff78ef493f820055b561ece55e1009	af82
v2-bit-76-1	fc51cd8e6218a1a38da47ed00230f0580816ed13ba3303ac5deb911548908025	dfa2cba34b611cc8c833a6ea83b8eb1bb5e2ef2dd1b0c481bc42ff36ae7847f6ab52b976cfd5def172fa412defde270c8b8bdfbaae1c7ece17d9833b1bcf31064fff78ef493f820055b561ece65e1009	af82
v2-bit-76-2	fc51cd8e6218a1a38da47ed00230f0580816ed13ba3303ac5deb911548908025	dfa2cba34b611cc8c833a6ea83b8eb1bb5e2ef2dd1b0c481bc42ff36ae7847f6ab52b976cfd5def172fa412defde270c8b8bdfbaae1c7ece17d9833b1bcf31064fff78ef493f820055b561ece05e1009	af82
v2-bit-76-3	fc51cd8e6218a1a38da47ed00230f0580816ed13ba3303ac5deb911548908025	dfa2cba34b611cc8c833a6ea83b8eb1bb5e2ef2dd1b0c481bc42ff36ae7847f6ab52b976cfd5def172fa412defde270c8b8bdfbaae1c7ece17d9833b1bcf31064fff78ef493f820055b561ecec5e1009	af82
v2-bit-76-4	fc51cd8e6218a1a38da47ed00230f0580816ed13ba3303ac5deb911548908025	dfa2cba34b611cc8c833a6ea83b8eb1bb5e2ef2dd1b0c481bc42ff36ae7847f6ab52b976cfd5def172fa412defde270c8b8bdfbaae1c7ece17d9833b1bcf31064fff78ef493f820055b561ecf45e1009	af82
v2-bit-76-5	fc51cd8e6218a1a38da47ed00230f0580816ed13ba3303ac5deb911548908025	dfa2cba34b611cc8c833a6ea83b8eb1bb5e2ef2dd1b0c481bc42ff36ae7847f6ab52b976cfd5def172fa412defde270c8b8bdfbaae1c7ece17d9833b1bcf31064fff78ef493f820055b561ecc45e1009	af82
v2-bit-76-6	fc51cd8e6218a1a38da47ed00230f0580816ed13ba3303ac5deb911548908025	dfa2cba34b611cc8c833a6ea83b8eb1bb5e2ef2dd1b0c481bc42ff36ae7847f6ab52b976cfd5def172fa412defde270c8b8bdfbaae1c7ece17d9833b1bcf31064fff78ef493f820055b561eca45e1009	af82
v2-bit-76-7	fc51cd8e6218a1a38da47ed00230f0580816ed13ba3303ac5deb911548908025	dfa2cba34b611cc8c833a6ea83b8eb1bb5e2ef2dd1b0c481bc42ff36ae7847f6ab52b976cfd5def172fa412defde270c8b8bdfbaae1c7ece17d9833b1bcf31064fff78ef493f820055b561ec645e1009	af82
v2-bit-77-0	fc51cd8e6218a1a38da47ed00230f0580816ed13ba3303ac5deb911548908025	dfa2cba34b611cc8c833a6ea83b8eb1bb5e2ef2dd1b0c481bc42ff36ae7847f6ab52b976cfd5def172fa412defde270c8b8bdfbaae1c7ece17d9833b1bcf31064fff78ef493f820055b561ece45f1009	af82
v2-bit-77-1	fc51cd8e6218a1a38da47ed00230f0580816ed13ba3303ac5deb911548908025	dfa2cba34b611cc8c833a6ea83b8eb1bb5e2ef2dd1b0c481bc42ff36ae7847f6ab52b976cfd5def172fa412defde270c8b8bdfbaae1c7ece17d9833b1bcf31064fff78ef493f820055b561ece45c1009	af82
v2-bit-77-2	fc51cd8e6218a1a38da47ed00230f0580816ed13ba3303ac5deb911548908025	dfa2cba34b611cc8c833a6ea83b8eb1bb5e2ef2dd1b0c481bc42ff36ae7847f6ab52b976cfd5def172fa412defde270c8b8bdfbaae1c7ece17d9833b1bcf31064fff78ef493f820055b561ece45a1009	af82
v2-bit-77-3	fc51cd8e6218a1a38da47ed00230f0580816ed13ba3303ac5deb911548908025	dfa2cba34b611cc8c833a6ea83b8eb1bb5e2ef2dd1b0c481bc42ff36ae7847f6ab52b976cfd5def172fa412defde270c8b8bdfbaae1c7ece17d9833b1bcf31064fff78ef493f820055b561ece4561009	af82
v2-bit-77-4	fc51cd8e6218a1a38da47ed00230f0580816ed13ba3303ac5deb911548908025	dfa2cba34b611cc8c833a6ea83b8eb1bb5e2ef2dd1b0c481bc42ff36ae7847f6ab52b976cfd5def172fa412defde270c8b8bdfbaae1c7ece17d9833b1bcf31064fff78ef493f820055b561ece44e1009	af82
v2-bit-77-5	fc51cd8e6218a1a38da47ed00230f0580816ed13ba3303ac5deb911548908025	dfa2cba34b611cc8c833a6ea83b8eb1bb5e2ef2dd1b0c481bc42ff36ae7847f6ab52b976cfd5def172fa412defde270c8b8bdfbaae1c7ece17d9833b1bcf31064fff78ef493f820055b561ece47e1009	af82
v2-bit-77-6	fc51cd8e6218a1a38da47ed00230f0580816ed13ba3303ac5deb911548908025	dfa2cba34b611cc8c833a6ea83b8eb1bb5e2ef2dd1b0c481bc42ff36ae7847f6ab52b976cfd5def172fa412defde270c8b8bdfbaae1c7ece17d9833b1bcf31064fff78ef493f820055b561ece41e1009	af82
v2-bit-77-7	fc51cd8e6218a1a38da47ed00230f0580816ed13ba3303ac5deb911548908025	dfa2cba34b611cc8c833a6ea83b8eb1bb5e2ef2dd1b0c481bc42ff36ae7847f6ab52b976cfd5def172fa412defde270c8b8bdfbaae1c7ece17d9833b1bcf31064fff78ef493f820055b561ece4de1009	af82
v2-bit-78-0	fc51cd8e6218a1a38da47ed00230f0580816ed13ba3303ac5deb911548908025	dfa2cba34b611cc8c833a6ea83b8eb1bb5e2ef2dd1b0c481bc42ff36ae7847f6ab52b976cfd5def172fa412defde270c8b8bdfbaae1c7ece17d9833b1bcf31064fff78ef493f820055b561ece45e1109	af82
v2-bit-78-1	fc51cd8e6218a1a38da47ed00230f0580816ed13ba3303ac5deb911548908025	dfa2cba34b611cc8c833a6ea83b8eb1bb5e2ef2dd1b0c481bc42ff36ae7847f6ab52b976cfd5def172fa412defde270c8b8bdfbaae1c7ece17d9833b1bcf31064fff78ef493f820055b561ece45e1209	af82
v2-bit-78-2	fc51cd8e6218a1a38da47ed00230f0580816ed13ba3303ac5deb911548908025	dfa2cba34b611cc8c833a6ea83b8eb1bb5e2ef2dd1b0c481bc42ff36ae7847f6ab52b976cfd5def172fa412defde270c8b8bdfbaae1c7ece17d9833b1bcf31064fff78ef493f820055b561ece45e1409	af82
v2-bit-78-3	fc51cd8e6218a1a38da47ed00230f0580816ed13ba3303ac5deb911548908025	dfa2cba34b611cc8c833a6ea83b8eb1bb5e2ef2dd1b0c481bc42ff36ae7847f6ab52b976cfd5def172fa412defde270c8b8bdfbaae1c7ece17d9833b1bcf31064fff78ef493f820055b561ece45e1809	af82
v2-bit-78-4	fc51cd8e6218a1a38da47ed00230f0580816ed13ba3303ac5deb911548908025	dfa2cba34b611cc8c833a6ea83b8eb1bb5e2ef2dd1b0c481bc42ff36ae7847f6ab52b976cfd5def172fa412defde270c8b8bdfbaae1c7ece17d9833b1bcf31064fff78ef493f820055b561ece45e0009	af82
v2-bit-78-5	fc51cd8e6218a1a38da47ed00230f0580816ed13ba3303ac5deb911548908025	dfa2cba34b611cc8c833a6ea83b8eb1bb5e2ef2dd1b0c481bc42ff36ae7847f6ab52b976cfd5def172fa412defde270c8b8bdfbaae1c7ece17d9833b1bcf31064fff78ef493f820055b561ece45e3009	af82
v2-bit-78-6	fc51cd8e6218a1a38da47ed00230f0580816ed13ba3303ac5deb911548908025	dfa2cba34b611cc8c833a6ea83b8eb1bb5e2ef2dd1b0c481bc42ff36ae7847f6ab52b976cfd5def172fa412defde270c8b8bdfbaae1c7ece17d9833b1bcf31064fff78ef493f820055b561ece45e5009	af82
v2-bit-78-7	fc51cd8e6218a1a38da47ed00230f0580816ed13ba3303ac5deb911548908025	dfa2cba34b611cc8c833a6ea83b8eb1bb5e2ef2dd1b0c481bc42ff36ae7847f6ab52b976cfd5def172fa412defde270c8b8bdfbaae1c7ece17d9833b1bcf31064fff78ef493f820055b561ece45e9009	af82
v2-bit-79-0	fc51cd8e6218a1a38da47ed00230f0580816ed13ba3303ac5deb911548908025	dfa2cba34b611cc8c833a6ea83b8eb1bb5e2ef2dd1b0c481bc42ff36ae7847f6ab52b976cfd5def172fa412defde270c8b8bdfbaae1c7ece17d9833b1bcf31064fff78ef493f820055b561ece45e1008	af82
v2-bit-79-1	fc51cd8e6218a1a38da47ed00230f0580816ed13ba3303ac5deb911548908025	dfa2cba34b611cc8c833a6ea83b8eb1bb5e2ef2dd1b0c481bc42ff36ae7847f6ab52b976cfd5def172fa412defde270c8b8bdfbaae1c7ece17d9833b1bcf31064fff78ef493f820055b561ece45e100b	af82
v2-bit-79-2	fc51cd8e6218a1a38da47ed00230f0580816ed13ba3303ac5deb911548908025	dfa2cba34b611cc8c833a6ea83b8eb1bb5e2ef2dd1b0c481bc42ff36ae7847f6ab52b976cfd5def172fa412defde270c8b8bdfbaae1c7ece17d9833b1bcf31064fff78ef493f820055b561ece45e100d	af82
v2-bit-79-3	fc51cd8e6218a1a38da47ed00230f0580816ed13ba3303ac5deb911548908025	dfa2cba34b611cc8c833a6ea83b8eb1bb5e2ef2dd1b0c481bc42ff36ae7847f6ab52b976cfd5def172fa412defde270c8b8bdfbaae1c7ece17d9833b1bcf31064fff78ef493f820055b561ece45e1001	af82
v2-bit-79-4	fc51cd8e6218a1a38da47ed00230f0580816ed13ba3303ac5deb911548908025	dfa2cba34b611cc8c833a6ea83b8eb1bb5e2ef2dd1b0c481bc42ff36ae7847f6ab52b976cfd5def172fa412defde270c8b8bdfbaae1c7ece17d9833b1bcf31064fff78ef493f820055b561ece45e1019	af82
v2-bit-79-5	fc51cd8e6218a1a38da47ed00230f0580816ed13ba3303ac5deb911548908025	dfa2cba34b611cc8c833a6ea83b8eb1bb5e2ef2dd1b0c481bc42ff36ae7847f6ab52b976cfd5def172fa412defde270c8b8bdfbaae1c7ece17d9833b1bcf31064fff78ef493f820055b561ece45e1029	af82
v2-bit-79-6	fc51cd8e6218a1a38da47ed00230f0580816ed13ba3303ac5deb911548908025	dfa2cba34b611cc8c833a6ea83b8eb1bb5e2ef2dd1b0c481bc42ff36ae7847f6ab52b976cfd5def172fa412defde270c8b8bdfbaae1c7ece17d9833b1bcf31064fff78ef493f820055b561ece45e1049	af82
v2-bit-79-7	fc51cd8e6218a1a38da47ed00230f0580816ed13ba3303ac5deb911548908025	dfa2cba34b611cc8c833a6ea83b8eb1bb5e2ef2dd1b0c481bc42ff36ae7847f6ab52b976cfd5def172fa412defde270c8b8bdfbaae1c7ece17d9833b1bcf31064fff78ef493f820055b561ece45e1089	af82
v2-s-plus-1L	fc51cd8e6218a1a38da47ed00230f0580816ed13ba3303ac5deb911548908025	dfa2cba34b611cc8c833a6ea83b8eb1bb5e2ef2dd1b0c481bc42ff36ae7847f6ab52b976cfd5def172fa412defde270c785fd517c97f9026ee757bdef9c8101b4fff78ef493f820055b561ece45e1019	af82
v2-s-plus-2L	fc51cd8e6218a1a38da47ed00230f0580816ed13ba3303ac5deb911548908025	dfa2cba34b611cc8c833a6ea83b8eb1bb5e2ef2dd1b0c481bc42ff36ae7847f6ab52b976cfd5def172fa412defde270c6533cb74e3e2a27ec4127381d8c2ef2f4fff78ef493f820055b561ece45e1029	af82
v2-s-plus-3L	fc51cd8e6218a1a38da47ed00230f0580816ed13ba3303ac5deb911548908025	dfa2cba34b611cc8c833a6ea83b8eb1bb5e2ef2dd1b0c481bc42ff36ae7847f6ab52b976cfd5def172fa412defde270c5207c1d1fd45b5d69aaf6a24b7bcce444fff78ef493f820055b561ece45e1039	af82
v2-s-plus-4L	fc51cd8e6218a1a38da47ed00230f0580816ed13ba3303ac5deb911548908025	dfa2cba34b611cc8c833a6ea83b8eb1bb5e2ef2dd1b0c481bc42ff36ae7847f6ab52b976cfd5def172fa412defde270c3fdbb62e18a9c72e714c62c795b6ad594fff78ef493f820055b561ece45e1049	af82
v2-s-plus-5L	fc51cd8e6218a1a38da47ed00230f0580816ed13ba3303ac5deb911548908025	dfa2cba34b611cc8c833a6ea83b8eb1bb5e2ef2dd1b0c481bc42ff36ae7847f6ab52b976cfd5def172fa412defde270c2cafac8b320cda8647e9596a74b08c6e4fff78ef493f820055b561ece45e1059	af82
v2-s-plus-6L	fc51cd8e6218a1a38da47ed00230f0580816ed13ba3303ac5deb911548908025	dfa2cba34b611cc8c833a6ea83b8eb1bb5e2ef2dd1b0c481bc42ff36ae7847f6ab52b976cfd5def172fa412defde270c1983a2e84c6fecde1d86510d53aa6b834fff78ef493f820055b561ece45e1069	af82
v2-s-plus-7L	fc51cd8e6218a1a38da47ed00230f0580816ed13ba3303ac5deb911548908025	dfa2cba34b611cc8c833a6ea83b8eb1bb5e2ef2dd1b0c481bc42ff36ae7847f6ab52b976cfd5def172fa412defde270c0657984567d2fe36f42249b031a44a984fff78ef493f820055b561ece45e1079	af82
v2-s-plus-8L	fc51cd8e6218a1a38da47ed00230f0580816ed13ba3303ac5deb911548908025	dfa2cba34b611cc8c833a6ea83b8eb1bb5e2ef2dd1b0c481bc42ff36ae7847f6ab52b976cfd5def172fa412defde270cf32a8ea28135118fcabf4053109e29ad4fff78ef493f820055b561ece45e1089	af82
v2-s-plus-9L	fc51cd8e6218a1a38da47ed00230f0580816ed13ba3303ac5deb911548908025	dfa2cba34b611cc8c833a6ea83b8eb1bb5e2ef2dd1b0c481bc42ff36ae7847f6ab52b976cfd5def172fa412defde270ce0fe83ff9b9823e7a05c38f6ee9708c24fff78ef493f820055b561ece45e1099	af82
v2-s-plus-10L	fc51cd8e6218a1a38da47ed00230f0580816ed13ba3303ac5deb911548908025	dfa2cba34b611cc8c833a6ea83b8eb1bb5e2ef2dd1b0c481bc42ff36ae7847f6ab52b976cfd5def172fa412defde270ccdd2795cb6fb353f77f92f99cd91e7d64fff78ef493f820055b561ece45e10a9	af82
v2-s-plus-11L	fc51cd8e6218a1a38da47ed00230f0580816ed13ba3303ac5deb911548908025	dfa2cba34b611cc8c833a6ea83b8eb1bb5e2ef2dd1b0c481bc42ff36ae7847f6ab52b976cfd5def172fa412defde270cbaa66fb9d05e48974d96273cac8bc6eb4fff78ef493f820055b561ece45e10b9	af82
v2-s-plus-12L	fc51cd8e6218a1a38da47ed00230f0580816ed13ba3303ac5deb911548908025	dfa2cba34b611cc8c833a6ea83b8eb1bb5e2ef2dd1b0c481bc42ff36ae7847f6ab52b976cfd5def172fa412defde270ca77a6516ebc15aef23331fdf8a85a50050ff78ef493f820055b561ece45e10c9	af82
v2-s-plus-13L	fc51cd8e6218a1a38da47ed00230f0580816ed13ba3303ac5deb911548908025	dfa2cba34b611cc8c833a6ea83b8eb1bb5e2ef2dd1b0c481bc42ff36ae7847f6ab52b976cfd5def172fa412defde270c944e5b7305256d47facf1682697f841550ff78ef493f820055b561ece45e10d9	af82
v2-s-plus-14L	fc51cd8e6218a1a38da47ed00230f0580816ed13ba3303ac5deb911548908025	dfa2cba34b611cc8c833a6ea83b8eb1bb5e2ef2dd1b0c481bc42ff36ae7847f6ab52b976cfd5def172fa412defde270c812251d01f887f9fd06c0e254879632a50ff78ef493f820055b561ece45e10e9	af82
v2-s-plus-15L	fc51cd8e6218a1a38da47ed00230f0580816ed13ba3303ac5deb911548908025	dfa2cba34b611cc8c833a6ea83b8eb1bb5e2ef2dd1b0c481bc42ff36ae7847f6ab52b976cfd5def172fa412defde270c6ef6462d3aeb91f7a60906c82673423f50ff78ef493f820055b561ece45e10f9	af82
v2-pk-zero	0000000000000000000000000000000000000000000000000000000000000000	dfa2cba34b611cc8c833a6ea83b8eb1bb5e2ef2dd1b0c481bc42ff36ae7847f6ab52b976cfd5def172fa412defde270c8b8bdfbaae1c7ece17d9833b1bcf31064fff78ef493f820055b561ece45e1009	af82
v2-gamma-zero	fc51cd8e6218a1a38da47ed00230f0580816ed13ba3303ac5deb911548908025	0000000000000000000000000000000000000000000000000000000000000000ab52b976cfd5def172fa412defde270c8b8bdfbaae1c7ece17d9833b1bcf31064fff78ef493f820055b561ece45e1009	af82
v2-pk-identity	0100000000000000000000000000000000000000000000000000000000000000	dfa2cba34b611cc8c833a6ea83b8eb1bb5e2ef2dd1b0c481bc42ff36ae7847f6ab52b976cfd5def172fa412defde270c8b8bdfbaae1c7ece17d9833b1bcf31064fff78ef493f820055b561ece45e1009	af82
v2-gamma-identity	fc51cd8e6218a1a38da47ed00230f0580816ed13ba3303ac5deb911548908025	0100000000000000000000000000000000000000000000000000000000000000ab52b976cfd5def172fa412defde270c8b8bdfbaae1c7ece17d9833b1bcf31064fff78ef493f820055b561ece45e1009	af82
v2-pk-minus-one	ecffffffffffffffffffffffffffffffffffffffffffffffffffffffffffff7f	dfa2cba34b611cc8c833a6ea83b8eb1bb5e2ef2dd1b0c481bc42ff36ae7847f6ab52b976cfd5def172fa412defde270c8b8bdfbaae1c7ece17d9833b1bcf31064fff78ef493f820055b561ece45e1009	af82
v2-gamma-minus-one	fc51cd8e6218a1a38da47ed00230f0580816ed13ba3303ac5deb911548908025	ecffffffffffffffffffffffffffffffffffffffffffffffffffffffffffff7fab52b976cfd5def172fa412defde270c8b8bdfbaae1c7ece17d9833b1bcf31064fff78ef493f820055b561ece45e1009	af82
v2-pk-p	edffffffffffffffffffffffffffffffffffffffffffffffffffffffffffff7f	dfa2cba34b611cc8c833a6ea83b8eb1bb5e2ef2dd1b0c481bc42ff36ae7847f6ab52b976cfd5def172fa412defde270c8b8bdfbaae1c7ece17d9833b1bcf31064fff78ef493f820055b561ece45e1009	af82
v2-gamma-p	fc51cd8e6218a1a38da47ed00230f0580816ed13ba3303ac5deb911548908025	edffffffffffffffffffffffffffffffffffffffffffffffffffffffffffff7fab52b976cfd5def172fa412defde270c8b8bdfbaae1c7ece17d9833b1bcf31064fff78ef493f820055b561ece45e1009	af82
v2-pk-p-plus-one	eeffffffffffffffffffffffffffffffffffffffffffffffffffffffffffff7f	dfa2cba34b611cc8c833a6ea83b8eb1bb5e2ef2dd1b0c481bc42ff36ae7847f6ab52b976cfd5def172fa412defde270c8b8bdfbaae1c7ece17d9833b1bcf31064fff78ef493f820055b561ece45e1009	af82
v2-gamma-p-plus-one	fc51cd8e6218a1a38da47ed00230f0580816ed13ba3303ac5deb911548908025	eeffffffffffffffffffffffffffffffffffffffffffffffffffffffffffff7fab52b976cfd5def172fa412defde270c8b8bdfbaae1c7ece17d9833b1bcf31064fff78ef493f820055b561ece45e1009	af82
v2-pk-negative-zero	0100000000000000000000000000000000000000000000000000000000000080	dfa2cba34b611cc8c833a6ea83b8eb1bb5e2ef2dd1b0c481bc42ff36ae7847f6ab52b976cfd5def172fa412defde270c8b8bdfbaae1c7ece17d9833b1bcf31064fff78ef493f820055b561ece45e1009	af82
v2-gamma-negative-zero	fc51cd8e6218a1a38da47ed00230f0580816ed13ba3303ac5deb911548908025	0100000000000000000000000000000000000000000000000000000000000080ab52b976cfd5def172fa412defde270c8b8bdfbaae1c7ece17d9833b1bcf31064fff78ef493f820055b561ece45e1009	af82
v2-wrong-message	fc51cd8e6218a1a38da47ed00230f0580816ed13ba3303ac5deb911548908025	dfa2cba34b611cc8c833a6ea83b8eb1bb5e2ef2dd1b0c481bc42ff36ae7847f6ab52b976cfd5def172fa412defde270c8b8bdfbaae1c7ece17d9833b1bcf31064fff78ef493f820055b561ece45e1009	af8200
v2-truncated-message	fc51cd8e6218a1a38da47ed00230f0580816ed13ba3303ac5deb911548908025	dfa2cba34b611cc8c833a6ea83b8eb1bb5e2ef2dd1b0c481bc42ff36ae7847f6ab52b976cfd5def172fa412defde270c8b8bdfbaae1c7ece17d9833b1bcf31064fff78ef493f820055b561ece45e1009	af
v2-pk-length-0		dfa2cba34b611cc8c833a6ea83b8eb1bb5e2ef2dd1b0c481bc42ff36ae7847f6ab52b976cfd5def172fa412defde270c8b8bdfbaae1c7ece17d9833b1bcf31064fff78ef493f820055b561ece45e1009	af82
v2-pk-length-31	fc51cd8e6218a1a38da47ed00230f0580816ed13ba3303ac5deb9115489080	dfa2cba34b611cc8c833a6ea83b8eb1bb5e2ef2dd1b0c481bc42ff36ae7847f6ab52b976cfd5def172fa412defde270c8b8bdfbaae1c7ece17d9833b1bcf31064fff78ef493f820055b561ece45e1009	af82
v2-pk-length-33	fc51cd8e6218a1a38da47ed00230f0580816ed13ba3303ac5deb91154890802500	dfa2cba34b611cc8c833a6ea83b8eb1bb5e2ef2dd1b0c481bc42ff36ae7847f6ab52b976cfd5def172fa412defde270c8b8bdfbaae1c7ece17d9833b1bcf31064fff78ef493f820055b561ece45e1009	af82
v2-proof-length-0	fc51cd8e6218a1a38da47ed00230f0580816ed13ba3303ac5deb911548908025		af82
v2-proof-length-79	fc51cd8e6218a1a38da47ed00230f0580816ed13ba3303ac5deb911548908025	dfa2cba34b611cc8c833a6ea83b8eb1bb5e2ef2dd1b0c481bc42ff36ae7847f6ab52b976cfd5def172fa412defde270c8b8bdfbaae1c7ece17d9833b1bcf31064fff78ef493f820055b561ece45e10	af82
v2-proof-length-81	fc51cd8e6218a1a38da47ed00230f0580816ed13ba3303ac5deb911548908025	dfa2cba34b611cc8c833a6ea83b8eb1bb5e2ef2dd1b0c481bc42ff36ae7847f6ab52b976cfd5def172fa412defde270c8b8bdfbaae1c7ece17d9833b1bcf31064fff78ef493f820055b561ece45e100900	af82
v2-pk-null	NULL	dfa2cba34b611cc8c833a6ea83b8eb1bb5e2ef2dd1b0c481bc42ff36ae7847f6ab52b976cfd5def172fa412defde270c8b8bdfbaae1c7ece17d9833b1bcf31064fff78ef493f820055b561ece45e1009	af82
v2-proof-null	fc51cd8e6218a1a38da47ed00230f0580816ed13ba3303ac5deb911548908025	NULL	af82
v2-alpha-null	fc51cd8e6218a1a38da47ed00230f0580816ed13ba3303ac5deb911548908025	dfa2cba34b611cc8c833a6ea83b8eb1bb5e2ef2dd1b0c481bc42ff36ae7847f6ab52b976cfd5def172fa412defde270c8b8bdfbaae1c7ece17d9833b1bcf31064fff78ef493f820055b561ece45e1009	NULL
