70070331	original	VERIFIED	6	1
70070331	period/0	REJECTED	2	0
70070331	period/1	REJECTED	2	0
70070331	period/2	REJECTED	2	0
70070331	period/3	REJECTED	2	0
70070331	period/4	REJECTED	2	0
70070331	period/5	REJECTED	2	0
70070331	period/6	REJECTED	2	0
70070331	period/7	REJECTED	2	0
70070331	period/8	REJECTED	2	0
70070331	period/9	REJECTED	2	0
70070331	period/10	REJECTED	2	0
70070331	period/11	REJECTED	2	0
70070331	period/12	REJECTED	2	0
70070331	period/13	REJECTED	2	0
70070331	period/14	REJECTED	2	0
70070331	period/15	REJECTED	2	0
70070331	period/16	REJECTED	2	0
70070331	period/17	REJECTED	2	0
70070331	period/18	REJECTED	2	0
70070331	period/19	REJECTED	2	0
70070331	period/20	REJECTED	2	0
70070331	period/21	REJECTED	2	0
70070331	period/22	REJECTED	2	0
70070331	period/23	REJECTED	2	0
70070331	period/24	REJECTED	2	0
70070331	period/25	REJECTED	2	0
70070331	period/26	REJECTED	2	0
70070331	period/27	REJECTED	2	0
70070331	period/28	REJECTED	2	0
70070331	period/29	REJECTED	2	0
70070331	period/30	REJECTED	2	0
70070331	period/31	REJECTED	2	0
70070331	period/32	REJECTED	6	0
70070331	period/33	REJECTED	6	0
70070331	period/34	REJECTED	6	1
70070331	period/36	REJECTED	5	0
70070331	period/37	REJECTED	5	0
70070331	period/38	REJECTED	5	0
70070331	period/39	REJECTED	5	0
70070331	period/40	REJECTED	4	0
70070331	period/41	REJECTED	4	0
70070331	period/42	REJECTED	4	0
70070331	period/43	REJECTED	4	0
70070331	period/44	REJECTED	4	0
70070331	period/45	REJECTED	4	0
70070331	period/46	REJECTED	4	0
70070331	period/47	REJECTED	4	0
70070331	period/48	REJECTED	3	0
70070331	period/49	REJECTED	3	0
70070331	period/50	REJECTED	3	0
70070331	period/51	REJECTED	3	0
70070331	period/52	REJECTED	3	0
70070331	period/53	REJECTED	3	0
70070331	period/54	REJECTED	3	0
70070331	period/55	REJECTED	3	0
70070331	period/56	REJECTED	3	0
70070331	period/57	REJECTED	3	0
70070331	period/58	REJECTED	3	0
70070331	period/59	REJECTED	3	0
70070331	period/60	REJECTED	3	0
70070331	period/61	REJECTED	3	0
70070331	period/62	REJECTED	3	0
70070331	period/63	REJECTED	3	0
70070331	root/xor/0/0	REJECTED	1	0
70070331	root/xor/0/1	REJECTED	1	0
70070331	root/xor/0/2	REJECTED	1	0
70070331	root/xor/0/3	REJECTED	1	0
70070331	root/xor/0/4	REJECTED	1	0
70070331	root/xor/0/5	REJECTED	1	0
70070331	root/xor/0/6	REJECTED	1	0
70070331	root/xor/0/7	REJECTED	1	0
70070331	root/xor/1/0	REJECTED	1	0
70070331	root/xor/1/1	REJECTED	1	0
70070331	root/xor/1/2	REJECTED	1	0
70070331	root/xor/1/3	REJECTED	1	0
70070331	root/xor/1/4	REJECTED	1	0
70070331	root/xor/1/5	REJECTED	1	0
70070331	root/xor/1/6	REJECTED	1	0
70070331	root/xor/1/7	REJECTED	1	0
70070331	root/xor/2/0	REJECTED	1	0
70070331	root/xor/2/1	REJECTED	1	0
70070331	root/xor/2/2	REJECTED	1	0
70070331	root/xor/2/3	REJECTED	1	0
70070331	root/xor/2/4	REJECTED	1	0
70070331	root/xor/2/5	REJECTED	1	0
70070331	root/xor/2/6	REJECTED	1	0
70070331	root/xor/2/7	REJECTED	1	0
70070331	root/xor/3/0	REJECTED	1	0
70070331	root/xor/3/1	REJECTED	1	0
70070331	root/xor/3/2	REJECTED	1	0
70070331	root/xor/3/3	REJECTED	1	0
70070331	root/xor/3/4	REJECTED	1	0
70070331	root/xor/3/5	REJECTED	1	0
70070331	root/xor/3/6	REJECTED	1	0
70070331	root/xor/3/7	REJECTED	1	0
70070331	root/xor/4/0	REJECTED	1	0
70070331	root/xor/4/1	REJECTED	1	0
70070331	root/xor/4/2	REJECTED	1	0
70070331	root/xor/4/3	REJECTED	1	0
70070331	root/xor/4/4	REJECTED	1	0
70070331	root/xor/4/5	REJECTED	1	0
70070331	root/xor/4/6	REJECTED	1	0
70070331	root/xor/4/7	REJECTED	1	0
70070331	root/xor/5/0	REJECTED	1	0
70070331	root/xor/5/1	REJECTED	1	0
70070331	root/xor/5/2	REJECTED	1	0
70070331	root/xor/5/3	REJECTED	1	0
70070331	root/xor/5/4	REJECTED	1	0
70070331	root/xor/5/5	REJECTED	1	0
70070331	root/xor/5/6	REJECTED	1	0
70070331	root/xor/5/7	REJECTED	1	0
70070331	root/xor/6/0	REJECTED	1	0
70070331	root/xor/6/1	REJECTED	1	0
70070331	root/xor/6/2	REJECTED	1	0
70070331	root/xor/6/3	REJECTED	1	0
70070331	root/xor/6/4	REJECTED	1	0
70070331	root/xor/6/5	REJECTED	1	0
70070331	root/xor/6/6	REJECTED	1	0
70070331	root/xor/6/7	REJECTED	1	0
70070331	root/xor/7/0	REJECTED	1	0
70070331	root/xor/7/1	REJECTED	1	0
70070331	root/xor/7/2	REJECTED	1	0
70070331	root/xor/7/3	REJECTED	1	0
70070331	root/xor/7/4	REJECTED	1	0
70070331	root/xor/7/5	REJECTED	1	0
70070331	root/xor/7/6	REJECTED	1	0
70070331	root/xor/7/7	REJECTED	1	0
70070331	root/xor/8/0	REJECTED	1	0
70070331	root/xor/8/1	REJECTED	1	0
70070331	root/xor/8/2	REJECTED	1	0
70070331	root/xor/8/3	REJECTED	1	0
70070331	root/xor/8/4	REJECTED	1	0
70070331	root/xor/8/5	REJECTED	1	0
70070331	root/xor/8/6	REJECTED	1	0
70070331	root/xor/8/7	REJECTED	1	0
70070331	root/xor/9/0	REJECTED	1	0
70070331	root/xor/9/1	REJECTED	1	0
70070331	root/xor/9/2	REJECTED	1	0
70070331	root/xor/9/3	REJECTED	1	0
70070331	root/xor/9/4	REJECTED	1	0
70070331	root/xor/9/5	REJECTED	1	0
70070331	root/xor/9/6	REJECTED	1	0
70070331	root/xor/9/7	REJECTED	1	0
70070331	root/xor/10/0	REJECTED	1	0
70070331	root/xor/10/1	REJECTED	1	0
70070331	root/xor/10/2	REJECTED	1	0
70070331	root/xor/10/3	REJECTED	1	0
70070331	root/xor/10/4	REJECTED	1	0
70070331	root/xor/10/5	REJECTED	1	0
70070331	root/xor/10/6	REJECTED	1	0
70070331	root/xor/10/7	REJECTED	1	0
70070331	root/xor/11/0	REJECTED	1	0
70070331	root/xor/11/1	REJECTED	1	0
70070331	root/xor/11/2	REJECTED	1	0
70070331	root/xor/11/3	REJECTED	1	0
70070331	root/xor/11/4	REJECTED	1	0
70070331	root/xor/11/5	REJECTED	1	0
70070331	root/xor/11/6	REJECTED	1	0
70070331	root/xor/11/7	REJECTED	1	0
70070331	root/xor/12/0	REJECTED	1	0
70070331	root/xor/12/1	REJECTED	1	0
70070331	root/xor/12/2	REJECTED	1	0
70070331	root/xor/12/3	REJECTED	1	0
70070331	root/xor/12/4	REJECTED	1	0
70070331	root/xor/12/5	REJECTED	1	0
70070331	root/xor/12/6	REJECTED	1	0
70070331	root/xor/12/7	REJECTED	1	0
70070331	root/xor/13/0	REJECTED	1	0
70070331	root/xor/13/1	REJECTED	1	0
70070331	root/xor/13/2	REJECTED	1	0
70070331	root/xor/13/3	REJECTED	1	0
70070331	root/xor/13/4	REJECTED	1	0
70070331	root/xor/13/5	REJECTED	1	0
70070331	root/xor/13/6	REJECTED	1	0
70070331	root/xor/13/7	REJECTED	1	0
70070331	root/xor/14/0	REJECTED	1	0
70070331	root/xor/14/1	REJECTED	1	0
70070331	root/xor/14/2	REJECTED	1	0
70070331	root/xor/14/3	REJECTED	1	0
70070331	root/xor/14/4	REJECTED	1	0
70070331	root/xor/14/5	REJECTED	1	0
70070331	root/xor/14/6	REJECTED	1	0
70070331	root/xor/14/7	REJECTED	1	0
70070331	root/xor/15/0	REJECTED	1	0
70070331	root/xor/15/1	REJECTED	1	0
70070331	root/xor/15/2	REJECTED	1	0
70070331	root/xor/15/3	REJECTED	1	0
70070331	root/xor/15/4	REJECTED	1	0
70070331	root/xor/15/5	REJECTED	1	0
70070331	root/xor/15/6	REJECTED	1	0
70070331	root/xor/15/7	REJECTED	1	0
70070331	root/xor/16/0	REJECTED	1	0
70070331	root/xor/16/1	REJECTED	1	0
70070331	root/xor/16/2	REJECTED	1	0
70070331	root/xor/16/3	REJECTED	1	0
70070331	root/xor/16/4	REJECTED	1	0
70070331	root/xor/16/5	REJECTED	1	0
70070331	root/xor/16/6	REJECTED	1	0
70070331	root/xor/16/7	REJECTED	1	0
70070331	root/xor/17/0	REJECTED	1	0
70070331	root/xor/17/1	REJECTED	1	0
70070331	root/xor/17/2	REJECTED	1	0
70070331	root/xor/17/3	REJECTED	1	0
70070331	root/xor/17/4	REJECTED	1	0
70070331	root/xor/17/5	REJECTED	1	0
70070331	root/xor/17/6	REJECTED	1	0
70070331	root/xor/17/7	REJECTED	1	0
70070331	root/xor/18/0	REJECTED	1	0
70070331	root/xor/18/1	REJECTED	1	0
70070331	root/xor/18/2	REJECTED	1	0
70070331	root/xor/18/3	REJECTED	1	0
70070331	root/xor/18/4	REJECTED	1	0
70070331	root/xor/18/5	REJECTED	1	0
70070331	root/xor/18/6	REJECTED	1	0
70070331	root/xor/18/7	REJECTED	1	0
70070331	root/xor/19/0	REJECTED	1	0
70070331	root/xor/19/1	REJECTED	1	0
70070331	root/xor/19/2	REJECTED	1	0
70070331	root/xor/19/3	REJECTED	1	0
70070331	root/xor/19/4	REJECTED	1	0
70070331	root/xor/19/5	REJECTED	1	0
70070331	root/xor/19/6	REJECTED	1	0
70070331	root/xor/19/7	REJECTED	1	0
70070331	root/xor/20/0	REJECTED	1	0
70070331	root/xor/20/1	REJECTED	1	0
70070331	root/xor/20/2	REJECTED	1	0
70070331	root/xor/20/3	REJECTED	1	0
70070331	root/xor/20/4	REJECTED	1	0
70070331	root/xor/20/5	REJECTED	1	0
70070331	root/xor/20/6	REJECTED	1	0
70070331	root/xor/20/7	REJECTED	1	0
70070331	root/xor/21/0	REJECTED	1	0
70070331	root/xor/21/1	REJECTED	1	0
70070331	root/xor/21/2	REJECTED	1	0
70070331	root/xor/21/3	REJECTED	1	0
70070331	root/xor/21/4	REJECTED	1	0
70070331	root/xor/21/5	REJECTED	1	0
70070331	root/xor/21/6	REJECTED	1	0
70070331	root/xor/21/7	REJECTED	1	0
70070331	root/xor/22/0	REJECTED	1	0
70070331	root/xor/22/1	REJECTED	1	0
70070331	root/xor/22/2	REJECTED	1	0
70070331	root/xor/22/3	REJECTED	1	0
70070331	root/xor/22/4	REJECTED	1	0
70070331	root/xor/22/5	REJECTED	1	0
70070331	root/xor/22/6	REJECTED	1	0
70070331	root/xor/22/7	REJECTED	1	0
70070331	root/xor/23/0	REJECTED	1	0
70070331	root/xor/23/1	REJECTED	1	0
70070331	root/xor/23/2	REJECTED	1	0
70070331	root/xor/23/3	REJECTED	1	0
70070331	root/xor/23/4	REJECTED	1	0
70070331	root/xor/23/5	REJECTED	1	0
70070331	root/xor/23/6	REJECTED	1	0
70070331	root/xor/23/7	REJECTED	1	0
70070331	root/xor/24/0	REJECTED	1	0
70070331	root/xor/24/1	REJECTED	1	0
70070331	root/xor/24/2	REJECTED	1	0
70070331	root/xor/24/3	REJECTED	1	0
70070331	root/xor/24/4	REJECTED	1	0
70070331	root/xor/24/5	REJECTED	1	0
70070331	root/xor/24/6	REJECTED	1	0
70070331	root/xor/24/7	REJECTED	1	0
70070331	root/xor/25/0	REJECTED	1	0
70070331	root/xor/25/1	REJECTED	1	0
70070331	root/xor/25/2	REJECTED	1	0
70070331	root/xor/25/3	REJECTED	1	0
70070331	root/xor/25/4	REJECTED	1	0
70070331	root/xor/25/5	REJECTED	1	0
70070331	root/xor/25/6	REJECTED	1	0
70070331	root/xor/25/7	REJECTED	1	0
70070331	root/xor/26/0	REJECTED	1	0
70070331	root/xor/26/1	REJECTED	1	0
70070331	root/xor/26/2	REJECTED	1	0
70070331	root/xor/26/3	REJECTED	1	0
70070331	root/xor/26/4	REJECTED	1	0
70070331	root/xor/26/5	REJECTED	1	0
70070331	root/xor/26/6	REJECTED	1	0
70070331	root/xor/26/7	REJECTED	1	0
70070331	root/xor/27/0	REJECTED	1	0
70070331	root/xor/27/1	REJECTED	1	0
70070331	root/xor/27/2	REJECTED	1	0
70070331	root/xor/27/3	REJECTED	1	0
70070331	root/xor/27/4	REJECTED	1	0
70070331	root/xor/27/5	REJECTED	1	0
70070331	root/xor/27/6	REJECTED	1	0
70070331	root/xor/27/7	REJECTED	1	0
70070331	root/xor/28/0	REJECTED	1	0
70070331	root/xor/28/1	REJECTED	1	0
70070331	root/xor/28/2	REJECTED	1	0
70070331	root/xor/28/3	REJECTED	1	0
70070331	root/xor/28/4	REJECTED	1	0
70070331	root/xor/28/5	REJECTED	1	0
70070331	root/xor/28/6	REJECTED	1	0
70070331	root/xor/28/7	REJECTED	1	0
70070331	root/xor/29/0	REJECTED	1	0
70070331	root/xor/29/1	REJECTED	1	0
70070331	root/xor/29/2	REJECTED	1	0
70070331	root/xor/29/3	REJECTED	1	0
70070331	root/xor/29/4	REJECTED	1	0
70070331	root/xor/29/5	REJECTED	1	0
70070331	root/xor/29/6	REJECTED	1	0
70070331	root/xor/29/7	REJECTED	1	0
70070331	root/xor/30/0	REJECTED	1	0
70070331	root/xor/30/1	REJECTED	1	0
70070331	root/xor/30/2	REJECTED	1	0
70070331	root/xor/30/3	REJECTED	1	0
70070331	root/xor/30/4	REJECTED	1	0
70070331	root/xor/30/5	REJECTED	1	0
70070331	root/xor/30/6	REJECTED	1	0
70070331	root/xor/30/7	REJECTED	1	0
70070331	root/xor/31/0	REJECTED	1	0
70070331	root/xor/31/1	REJECTED	1	0
70070331	root/xor/31/2	REJECTED	1	0
70070331	root/xor/31/3	REJECTED	1	0
70070331	root/xor/31/4	REJECTED	1	0
70070331	root/xor/31/5	REJECTED	1	0
70070331	root/xor/31/6	REJECTED	1	0
70070331	root/xor/31/7	REJECTED	1	0
70070331	signature/xor/0/0	REJECTED	6	1
70070331	signature/xor/0/1	REJECTED	6	1
70070331	signature/xor/0/2	REJECTED	6	1
70070331	signature/xor/0/3	REJECTED	6	1
70070331	signature/xor/0/4	REJECTED	6	1
70070331	signature/xor/0/5	REJECTED	6	1
70070331	signature/xor/0/6	REJECTED	6	1
70070331	signature/xor/0/7	REJECTED	6	1
70070331	signature/xor/1/0	REJECTED	6	1
70070331	signature/xor/1/1	REJECTED	6	1
70070331	signature/xor/1/2	REJECTED	6	1
70070331	signature/xor/1/3	REJECTED	6	1
70070331	signature/xor/1/4	REJECTED	6	1
70070331	signature/xor/1/5	REJECTED	6	1
70070331	signature/xor/1/6	REJECTED	6	1
70070331	signature/xor/1/7	REJECTED	6	1
70070331	signature/xor/2/0	REJECTED	6	1
70070331	signature/xor/2/1	REJECTED	6	1
70070331	signature/xor/2/2	REJECTED	6	1
70070331	signature/xor/2/3	REJECTED	6	1
70070331	signature/xor/2/4	REJECTED	6	1
70070331	signature/xor/2/5	REJECTED	6	1
70070331	signature/xor/2/6	REJECTED	6	1
70070331	signature/xor/2/7	REJECTED	6	1
70070331	signature/xor/3/0	REJECTED	6	1
70070331	signature/xor/3/1	REJECTED	6	1
70070331	signature/xor/3/2	REJECTED	6	1
70070331	signature/xor/3/3	REJECTED	6	1
70070331	signature/xor/3/4	REJECTED	6	1
70070331	signature/xor/3/5	REJECTED	6	1
70070331	signature/xor/3/6	REJECTED	6	1
70070331	signature/xor/3/7	REJECTED	6	1
70070331	signature/xor/4/0	REJECTED	6	1
70070331	signature/xor/4/1	REJECTED	6	1
70070331	signature/xor/4/2	REJECTED	6	1
70070331	signature/xor/4/3	REJECTED	6	1
70070331	signature/xor/4/4	REJECTED	6	1
70070331	signature/xor/4/5	REJECTED	6	1
70070331	signature/xor/4/6	REJECTED	6	1
70070331	signature/xor/4/7	REJECTED	6	1
70070331	signature/xor/5/0	REJECTED	6	1
70070331	signature/xor/5/1	REJECTED	6	1
70070331	signature/xor/5/2	REJECTED	6	1
70070331	signature/xor/5/3	REJECTED	6	1
70070331	signature/xor/5/4	REJECTED	6	1
70070331	signature/xor/5/5	REJECTED	6	1
70070331	signature/xor/5/6	REJECTED	6	1
70070331	signature/xor/5/7	REJECTED	6	1
70070331	signature/xor/6/0	REJECTED	6	1
70070331	signature/xor/6/1	REJECTED	6	1
70070331	signature/xor/6/2	REJECTED	6	1
70070331	signature/xor/6/3	REJECTED	6	1
70070331	signature/xor/6/4	REJECTED	6	1
70070331	signature/xor/6/5	REJECTED	6	1
70070331	signature/xor/6/6	REJECTED	6	1
70070331	signature/xor/6/7	REJECTED	6	1
70070331	signature/xor/7/0	REJECTED	6	1
70070331	signature/xor/7/1	REJECTED	6	1
70070331	signature/xor/7/2	REJECTED	6	1
70070331	signature/xor/7/3	REJECTED	6	1
70070331	signature/xor/7/4	REJECTED	6	1
70070331	signature/xor/7/5	REJECTED	6	1
70070331	signature/xor/7/6	REJECTED	6	1
70070331	signature/xor/7/7	REJECTED	6	1
70070331	signature/xor/8/0	REJECTED	6	1
70070331	signature/xor/8/1	REJECTED	6	1
70070331	signature/xor/8/2	REJECTED	6	1
70070331	signature/xor/8/3	REJECTED	6	1
70070331	signature/xor/8/4	REJECTED	6	1
70070331	signature/xor/8/5	REJECTED	6	1
70070331	signature/xor/8/6	REJECTED	6	1
70070331	signature/xor/8/7	REJECTED	6	1
70070331	signature/xor/9/0	REJECTED	6	1
70070331	signature/xor/9/1	REJECTED	6	1
70070331	signature/xor/9/2	REJECTED	6	1
70070331	signature/xor/9/3	REJECTED	6	1
70070331	signature/xor/9/4	REJECTED	6	1
70070331	signature/xor/9/5	REJECTED	6	1
70070331	signature/xor/9/6	REJECTED	6	1
70070331	signature/xor/9/7	REJECTED	6	1
70070331	signature/xor/10/0	REJECTED	6	1
70070331	signature/xor/10/1	REJECTED	6	1
70070331	signature/xor/10/2	REJECTED	6	1
70070331	signature/xor/10/3	REJECTED	6	1
70070331	signature/xor/10/4	REJECTED	6	1
70070331	signature/xor/10/5	REJECTED	6	1
70070331	signature/xor/10/6	REJECTED	6	1
70070331	signature/xor/10/7	REJECTED	6	1
70070331	signature/xor/11/0	REJECTED	6	1
70070331	signature/xor/11/1	REJECTED	6	1
70070331	signature/xor/11/2	REJECTED	6	1
70070331	signature/xor/11/3	REJECTED	6	1
70070331	signature/xor/11/4	REJECTED	6	1
70070331	signature/xor/11/5	REJECTED	6	1
70070331	signature/xor/11/6	REJECTED	6	1
70070331	signature/xor/11/7	REJECTED	6	1
70070331	signature/xor/12/0	REJECTED	6	1
70070331	signature/xor/12/1	REJECTED	6	1
70070331	signature/xor/12/2	REJECTED	6	1
70070331	signature/xor/12/3	REJECTED	6	1
70070331	signature/xor/12/4	REJECTED	6	1
70070331	signature/xor/12/5	REJECTED	6	1
70070331	signature/xor/12/6	REJECTED	6	1
70070331	signature/xor/12/7	REJECTED	6	1
70070331	signature/xor/13/0	REJECTED	6	1
70070331	signature/xor/13/1	REJECTED	6	1
70070331	signature/xor/13/2	REJECTED	6	1
70070331	signature/xor/13/3	REJECTED	6	1
70070331	signature/xor/13/4	REJECTED	6	1
70070331	signature/xor/13/5	REJECTED	6	1
70070331	signature/xor/13/6	REJECTED	6	1
70070331	signature/xor/13/7	REJECTED	6	1
70070331	signature/xor/14/0	REJECTED	6	1
70070331	signature/xor/14/1	REJECTED	6	1
70070331	signature/xor/14/2	REJECTED	6	1
70070331	signature/xor/14/3	REJECTED	6	1
70070331	signature/xor/14/4	REJECTED	6	1
70070331	signature/xor/14/5	REJECTED	6	1
70070331	signature/xor/14/6	REJECTED	6	1
70070331	signature/xor/14/7	REJECTED	6	1
70070331	signature/xor/15/0	REJECTED	6	1
70070331	signature/xor/15/1	REJECTED	6	1
70070331	signature/xor/15/2	REJECTED	6	1
70070331	signature/xor/15/3	REJECTED	6	1
70070331	signature/xor/15/4	REJECTED	6	1
70070331	signature/xor/15/5	REJECTED	6	1
70070331	signature/xor/15/6	REJECTED	6	1
70070331	signature/xor/15/7	REJECTED	6	1
70070331	signature/xor/16/0	REJECTED	6	1
70070331	signature/xor/16/1	REJECTED	6	1
70070331	signature/xor/16/2	REJECTED	6	1
70070331	signature/xor/16/3	REJECTED	6	1
70070331	signature/xor/16/4	REJECTED	6	1
70070331	signature/xor/16/5	REJECTED	6	1
70070331	signature/xor/16/6	REJECTED	6	1
70070331	signature/xor/16/7	REJECTED	6	1
70070331	signature/xor/17/0	REJECTED	6	1
70070331	signature/xor/17/1	REJECTED	6	1
70070331	signature/xor/17/2	REJECTED	6	1
70070331	signature/xor/17/3	REJECTED	6	1
70070331	signature/xor/17/4	REJECTED	6	1
70070331	signature/xor/17/5	REJECTED	6	1
70070331	signature/xor/17/6	REJECTED	6	1
70070331	signature/xor/17/7	REJECTED	6	1
70070331	signature/xor/18/0	REJECTED	6	1
70070331	signature/xor/18/1	REJECTED	6	1
70070331	signature/xor/18/2	REJECTED	6	1
70070331	signature/xor/18/3	REJECTED	6	1
70070331	signature/xor/18/4	REJECTED	6	1
70070331	signature/xor/18/5	REJECTED	6	1
70070331	signature/xor/18/6	REJECTED	6	1
70070331	signature/xor/18/7	REJECTED	6	1
70070331	signature/xor/19/0	REJECTED	6	1
70070331	signature/xor/19/1	REJECTED	6	1
70070331	signature/xor/19/2	REJECTED	6	1
70070331	signature/xor/19/3	REJECTED	6	1
70070331	signature/xor/19/4	REJECTED	6	1
70070331	signature/xor/19/5	REJECTED	6	1
70070331	signature/xor/19/6	REJECTED	6	1
70070331	signature/xor/19/7	REJECTED	6	1
70070331	signature/xor/20/0	REJECTED	6	1
70070331	signature/xor/20/1	REJECTED	6	1
70070331	signature/xor/20/2	REJECTED	6	1
70070331	signature/xor/20/3	REJECTED	6	1
70070331	signature/xor/20/4	REJECTED	6	1
70070331	signature/xor/20/5	REJECTED	6	1
70070331	signature/xor/20/6	REJECTED	6	1
70070331	signature/xor/20/7	REJECTED	6	1
70070331	signature/xor/21/0	REJECTED	6	1
70070331	signature/xor/21/1	REJECTED	6	1
70070331	signature/xor/21/2	REJECTED	6	1
70070331	signature/xor/21/3	REJECTED	6	1
70070331	signature/xor/21/4	REJECTED	6	1
70070331	signature/xor/21/5	REJECTED	6	1
70070331	signature/xor/21/6	REJECTED	6	1
70070331	signature/xor/21/7	REJECTED	6	1
70070331	signature/xor/22/0	REJECTED	6	1
70070331	signature/xor/22/1	REJECTED	6	1
70070331	signature/xor/22/2	REJECTED	6	1
70070331	signature/xor/22/3	REJECTED	6	1
70070331	signature/xor/22/4	REJECTED	6	1
70070331	signature/xor/22/5	REJECTED	6	1
70070331	signature/xor/22/6	REJECTED	6	1
70070331	signature/xor/22/7	REJECTED	6	1
70070331	signature/xor/23/0	REJECTED	6	1
70070331	signature/xor/23/1	REJECTED	6	1
70070331	signature/xor/23/2	REJECTED	6	1
70070331	signature/xor/23/3	REJECTED	6	1
70070331	signature/xor/23/4	REJECTED	6	1
70070331	signature/xor/23/5	REJECTED	6	1
70070331	signature/xor/23/6	REJECTED	6	1
70070331	signature/xor/23/7	REJECTED	6	1
70070331	signature/xor/24/0	REJECTED	6	1
70070331	signature/xor/24/1	REJECTED	6	1
70070331	signature/xor/24/2	REJECTED	6	1
70070331	signature/xor/24/3	REJECTED	6	1
70070331	signature/xor/24/4	REJECTED	6	1
70070331	signature/xor/24/5	REJECTED	6	1
70070331	signature/xor/24/6	REJECTED	6	1
70070331	signature/xor/24/7	REJECTED	6	1
70070331	signature/xor/25/0	REJECTED	6	1
70070331	signature/xor/25/1	REJECTED	6	1
70070331	signature/xor/25/2	REJECTED	6	1
70070331	signature/xor/25/3	REJECTED	6	1
70070331	signature/xor/25/4	REJECTED	6	1
70070331	signature/xor/25/5	REJECTED	6	1
70070331	signature/xor/25/6	REJECTED	6	1
70070331	signature/xor/25/7	REJECTED	6	1
70070331	signature/xor/26/0	REJECTED	6	1
70070331	signature/xor/26/1	REJECTED	6	1
70070331	signature/xor/26/2	REJECTED	6	1
70070331	signature/xor/26/3	REJECTED	6	1
70070331	signature/xor/26/4	REJECTED	6	1
70070331	signature/xor/26/5	REJECTED	6	1
70070331	signature/xor/26/6	REJECTED	6	1
70070331	signature/xor/26/7	REJECTED	6	1
70070331	signature/xor/27/0	REJECTED	6	1
70070331	signature/xor/27/1	REJECTED	6	1
70070331	signature/xor/27/2	REJECTED	6	1
70070331	signature/xor/27/3	REJECTED	6	1
70070331	signature/xor/27/4	REJECTED	6	1
70070331	signature/xor/27/5	REJECTED	6	1
70070331	signature/xor/27/6	REJECTED	6	1
70070331	signature/xor/27/7	REJECTED	6	1
70070331	signature/xor/28/0	REJECTED	6	1
70070331	signature/xor/28/1	REJECTED	6	1
70070331	signature/xor/28/2	REJECTED	6	1
70070331	signature/xor/28/3	REJECTED	6	1
70070331	signature/xor/28/4	REJECTED	6	1
70070331	signature/xor/28/5	REJECTED	6	1
70070331	signature/xor/28/6	REJECTED	6	1
70070331	signature/xor/28/7	REJECTED	6	1
70070331	signature/xor/29/0	REJECTED	6	1
70070331	signature/xor/29/1	REJECTED	6	1
70070331	signature/xor/29/2	REJECTED	6	1
70070331	signature/xor/29/3	REJECTED	6	1
70070331	signature/xor/29/4	REJECTED	6	1
70070331	signature/xor/29/5	REJECTED	6	1
70070331	signature/xor/29/6	REJECTED	6	1
70070331	signature/xor/29/7	REJECTED	6	1
70070331	signature/xor/30/0	REJECTED	6	1
70070331	signature/xor/30/1	REJECTED	6	1
70070331	signature/xor/30/2	REJECTED	6	1
70070331	signature/xor/30/3	REJECTED	6	1
70070331	signature/xor/30/4	REJECTED	6	1
70070331	signature/xor/30/5	REJECTED	6	1
70070331	signature/xor/30/6	REJECTED	6	1
70070331	signature/xor/30/7	REJECTED	6	1
70070331	signature/xor/31/0	REJECTED	6	1
70070331	signature/xor/31/1	REJECTED	6	1
70070331	signature/xor/31/2	REJECTED	6	1
70070331	signature/xor/31/3	REJECTED	6	1
70070331	signature/xor/31/4	REJECTED	6	1
70070331	signature/xor/31/5	REJECTED	6	1
70070331	signature/xor/31/6	REJECTED	6	1
70070331	signature/xor/31/7	REJECTED	6	1
70070331	signature/xor/32/0	REJECTED	6	1
70070331	signature/xor/32/1	REJECTED	6	1
70070331	signature/xor/32/2	REJECTED	6	1
70070331	signature/xor/32/3	REJECTED	6	1
70070331	signature/xor/32/4	REJECTED	6	1
70070331	signature/xor/32/5	REJECTED	6	1
70070331	signature/xor/32/6	REJECTED	6	1
70070331	signature/xor/32/7	REJECTED	6	1
70070331	signature/xor/33/0	REJECTED	6	1
70070331	signature/xor/33/1	REJECTED	6	1
70070331	signature/xor/33/2	REJECTED	6	1
70070331	signature/xor/33/3	REJECTED	6	1
70070331	signature/xor/33/4	REJECTED	6	1
70070331	signature/xor/33/5	REJECTED	6	1
70070331	signature/xor/33/6	REJECTED	6	1
70070331	signature/xor/33/7	REJECTED	6	1
70070331	signature/xor/34/0	REJECTED	6	1
70070331	signature/xor/34/1	REJECTED	6	1
70070331	signature/xor/34/2	REJECTED	6	1
70070331	signature/xor/34/3	REJECTED	6	1
70070331	signature/xor/34/4	REJECTED	6	1
70070331	signature/xor/34/5	REJECTED	6	1
70070331	signature/xor/34/6	REJECTED	6	1
70070331	signature/xor/34/7	REJECTED	6	1
70070331	signature/xor/35/0	REJECTED	6	1
70070331	signature/xor/35/1	REJECTED	6	1
70070331	signature/xor/35/2	REJECTED	6	1
70070331	signature/xor/35/3	REJECTED	6	1
70070331	signature/xor/35/4	REJECTED	6	1
70070331	signature/xor/35/5	REJECTED	6	1
70070331	signature/xor/35/6	REJECTED	6	1
70070331	signature/xor/35/7	REJECTED	6	1
70070331	signature/xor/36/0	REJECTED	6	1
70070331	signature/xor/36/1	REJECTED	6	1
70070331	signature/xor/36/2	REJECTED	6	1
70070331	signature/xor/36/3	REJECTED	6	1
70070331	signature/xor/36/4	REJECTED	6	1
70070331	signature/xor/36/5	REJECTED	6	1
70070331	signature/xor/36/6	REJECTED	6	1
70070331	signature/xor/36/7	REJECTED	6	1
70070331	signature/xor/37/0	REJECTED	6	1
70070331	signature/xor/37/1	REJECTED	6	1
70070331	signature/xor/37/2	REJECTED	6	1
70070331	signature/xor/37/3	REJECTED	6	1
70070331	signature/xor/37/4	REJECTED	6	1
70070331	signature/xor/37/5	REJECTED	6	1
70070331	signature/xor/37/6	REJECTED	6	1
70070331	signature/xor/37/7	REJECTED	6	1
70070331	signature/xor/38/0	REJECTED	6	1
70070331	signature/xor/38/1	REJECTED	6	1
70070331	signature/xor/38/2	REJECTED	6	1
70070331	signature/xor/38/3	REJECTED	6	1
70070331	signature/xor/38/4	REJECTED	6	1
70070331	signature/xor/38/5	REJECTED	6	1
70070331	signature/xor/38/6	REJECTED	6	1
70070331	signature/xor/38/7	REJECTED	6	1
70070331	signature/xor/39/0	REJECTED	6	1
70070331	signature/xor/39/1	REJECTED	6	1
70070331	signature/xor/39/2	REJECTED	6	1
70070331	signature/xor/39/3	REJECTED	6	1
70070331	signature/xor/39/4	REJECTED	6	1
70070331	signature/xor/39/5	REJECTED	6	1
70070331	signature/xor/39/6	REJECTED	6	1
70070331	signature/xor/39/7	REJECTED	6	1
70070331	signature/xor/40/0	REJECTED	6	1
70070331	signature/xor/40/1	REJECTED	6	1
70070331	signature/xor/40/2	REJECTED	6	1
70070331	signature/xor/40/3	REJECTED	6	1
70070331	signature/xor/40/4	REJECTED	6	1
70070331	signature/xor/40/5	REJECTED	6	1
70070331	signature/xor/40/6	REJECTED	6	1
70070331	signature/xor/40/7	REJECTED	6	1
70070331	signature/xor/41/0	REJECTED	6	1
70070331	signature/xor/41/1	REJECTED	6	1
70070331	signature/xor/41/2	REJECTED	6	1
70070331	signature/xor/41/3	REJECTED	6	1
70070331	signature/xor/41/4	REJECTED	6	1
70070331	signature/xor/41/5	REJECTED	6	1
70070331	signature/xor/41/6	REJECTED	6	1
70070331	signature/xor/41/7	REJECTED	6	1
70070331	signature/xor/42/0	REJECTED	6	1
70070331	signature/xor/42/1	REJECTED	6	1
70070331	signature/xor/42/2	REJECTED	6	1
70070331	signature/xor/42/3	REJECTED	6	1
70070331	signature/xor/42/4	REJECTED	6	1
70070331	signature/xor/42/5	REJECTED	6	1
70070331	signature/xor/42/6	REJECTED	6	1
70070331	signature/xor/42/7	REJECTED	6	1
70070331	signature/xor/43/0	REJECTED	6	1
70070331	signature/xor/43/1	REJECTED	6	1
70070331	signature/xor/43/2	REJECTED	6	1
70070331	signature/xor/43/3	REJECTED	6	1
70070331	signature/xor/43/4	REJECTED	6	1
70070331	signature/xor/43/5	REJECTED	6	1
70070331	signature/xor/43/6	REJECTED	6	1
70070331	signature/xor/43/7	REJECTED	6	1
70070331	signature/xor/44/0	REJECTED	6	1
70070331	signature/xor/44/1	REJECTED	6	1
70070331	signature/xor/44/2	REJECTED	6	1
70070331	signature/xor/44/3	REJECTED	6	1
70070331	signature/xor/44/4	REJECTED	6	1
70070331	signature/xor/44/5	REJECTED	6	1
70070331	signature/xor/44/6	REJECTED	6	1
70070331	signature/xor/44/7	REJECTED	6	1
70070331	signature/xor/45/0	REJECTED	6	1
70070331	signature/xor/45/1	REJECTED	6	1
70070331	signature/xor/45/2	REJECTED	6	1
70070331	signature/xor/45/3	REJECTED	6	1
70070331	signature/xor/45/4	REJECTED	6	1
70070331	signature/xor/45/5	REJECTED	6	1
70070331	signature/xor/45/6	REJECTED	6	1
70070331	signature/xor/45/7	REJECTED	6	1
70070331	signature/xor/46/0	REJECTED	6	1
70070331	signature/xor/46/1	REJECTED	6	1
70070331	signature/xor/46/2	REJECTED	6	1
70070331	signature/xor/46/3	REJECTED	6	1
70070331	signature/xor/46/4	REJECTED	6	1
70070331	signature/xor/46/5	REJECTED	6	1
70070331	signature/xor/46/6	REJECTED	6	1
70070331	signature/xor/46/7	REJECTED	6	1
70070331	signature/xor/47/0	REJECTED	6	1
70070331	signature/xor/47/1	REJECTED	6	1
70070331	signature/xor/47/2	REJECTED	6	1
70070331	signature/xor/47/3	REJECTED	6	1
70070331	signature/xor/47/4	REJECTED	6	1
70070331	signature/xor/47/5	REJECTED	6	1
70070331	signature/xor/47/6	REJECTED	6	1
70070331	signature/xor/47/7	REJECTED	6	1
70070331	signature/xor/48/0	REJECTED	6	1
70070331	signature/xor/48/1	REJECTED	6	1
70070331	signature/xor/48/2	REJECTED	6	1
70070331	signature/xor/48/3	REJECTED	6	1
70070331	signature/xor/48/4	REJECTED	6	1
70070331	signature/xor/48/5	REJECTED	6	1
70070331	signature/xor/48/6	REJECTED	6	1
70070331	signature/xor/48/7	REJECTED	6	1
70070331	signature/xor/49/0	REJECTED	6	1
70070331	signature/xor/49/1	REJECTED	6	1
70070331	signature/xor/49/2	REJECTED	6	1
70070331	signature/xor/49/3	REJECTED	6	1
70070331	signature/xor/49/4	REJECTED	6	1
70070331	signature/xor/49/5	REJECTED	6	1
70070331	signature/xor/49/6	REJECTED	6	1
70070331	signature/xor/49/7	REJECTED	6	1
70070331	signature/xor/50/0	REJECTED	6	1
70070331	signature/xor/50/1	REJECTED	6	1
70070331	signature/xor/50/2	REJECTED	6	1
70070331	signature/xor/50/3	REJECTED	6	1
70070331	signature/xor/50/4	REJECTED	6	1
70070331	signature/xor/50/5	REJECTED	6	1
70070331	signature/xor/50/6	REJECTED	6	1
70070331	signature/xor/50/7	REJECTED	6	1
70070331	signature/xor/51/0	REJECTED	6	1
70070331	signature/xor/51/1	REJECTED	6	1
70070331	signature/xor/51/2	REJECTED	6	1
70070331	signature/xor/51/3	REJECTED	6	1
70070331	signature/xor/51/4	REJECTED	6	1
70070331	signature/xor/51/5	REJECTED	6	1
70070331	signature/xor/51/6	REJECTED	6	1
70070331	signature/xor/51/7	REJECTED	6	1
70070331	signature/xor/52/0	REJECTED	6	1
70070331	signature/xor/52/1	REJECTED	6	1
70070331	signature/xor/52/2	REJECTED	6	1
70070331	signature/xor/52/3	REJECTED	6	1
70070331	signature/xor/52/4	REJECTED	6	1
70070331	signature/xor/52/5	REJECTED	6	1
70070331	signature/xor/52/6	REJECTED	6	1
70070331	signature/xor/52/7	REJECTED	6	1
70070331	signature/xor/53/0	REJECTED	6	1
70070331	signature/xor/53/1	REJECTED	6	1
70070331	signature/xor/53/2	REJECTED	6	1
70070331	signature/xor/53/3	REJECTED	6	1
70070331	signature/xor/53/4	REJECTED	6	1
70070331	signature/xor/53/5	REJECTED	6	1
70070331	signature/xor/53/6	REJECTED	6	1
70070331	signature/xor/53/7	REJECTED	6	1
70070331	signature/xor/54/0	REJECTED	6	1
70070331	signature/xor/54/1	REJECTED	6	1
70070331	signature/xor/54/2	REJECTED	6	1
70070331	signature/xor/54/3	REJECTED	6	1
70070331	signature/xor/54/4	REJECTED	6	1
70070331	signature/xor/54/5	REJECTED	6	1
70070331	signature/xor/54/6	REJECTED	6	1
70070331	signature/xor/54/7	REJECTED	6	1
70070331	signature/xor/55/0	REJECTED	6	1
70070331	signature/xor/55/1	REJECTED	6	1
70070331	signature/xor/55/2	REJECTED	6	1
70070331	signature/xor/55/3	REJECTED	6	1
70070331	signature/xor/55/4	REJECTED	6	1
70070331	signature/xor/55/5	REJECTED	6	1
70070331	signature/xor/55/6	REJECTED	6	1
70070331	signature/xor/55/7	REJECTED	6	1
70070331	signature/xor/56/0	REJECTED	6	1
70070331	signature/xor/56/1	REJECTED	6	1
70070331	signature/xor/56/2	REJECTED	6	1
70070331	signature/xor/56/3	REJECTED	6	1
70070331	signature/xor/56/4	REJECTED	6	1
70070331	signature/xor/56/5	REJECTED	6	1
70070331	signature/xor/56/6	REJECTED	6	1
70070331	signature/xor/56/7	REJECTED	6	1
70070331	signature/xor/57/0	REJECTED	6	1
70070331	signature/xor/57/1	REJECTED	6	1
70070331	signature/xor/57/2	REJECTED	6	1
70070331	signature/xor/57/3	REJECTED	6	1
70070331	signature/xor/57/4	REJECTED	6	1
70070331	signature/xor/57/5	REJECTED	6	1
70070331	signature/xor/57/6	REJECTED	6	1
70070331	signature/xor/57/7	REJECTED	6	1
70070331	signature/xor/58/0	REJECTED	6	1
70070331	signature/xor/58/1	REJECTED	6	1
70070331	signature/xor/58/2	REJECTED	6	1
70070331	signature/xor/58/3	REJECTED	6	1
70070331	signature/xor/58/4	REJECTED	6	1
70070331	signature/xor/58/5	REJECTED	6	1
70070331	signature/xor/58/6	REJECTED	6	1
70070331	signature/xor/58/7	REJECTED	6	1
70070331	signature/xor/59/0	REJECTED	6	1
70070331	signature/xor/59/1	REJECTED	6	1
70070331	signature/xor/59/2	REJECTED	6	1
70070331	signature/xor/59/3	REJECTED	6	1
70070331	signature/xor/59/4	REJECTED	6	1
70070331	signature/xor/59/5	REJECTED	6	1
70070331	signature/xor/59/6	REJECTED	6	1
70070331	signature/xor/59/7	REJECTED	6	1
70070331	signature/xor/60/0	REJECTED	6	1
70070331	signature/xor/60/1	REJECTED	6	1
70070331	signature/xor/60/2	REJECTED	6	1
70070331	signature/xor/60/3	REJECTED	6	1
70070331	signature/xor/60/4	REJECTED	6	1
70070331	signature/xor/60/5	REJECTED	6	1
70070331	signature/xor/60/6	REJECTED	6	1
70070331	signature/xor/60/7	REJECTED	6	1
70070331	signature/xor/61/0	REJECTED	6	1
70070331	signature/xor/61/1	REJECTED	6	1
70070331	signature/xor/61/2	REJECTED	6	1
70070331	signature/xor/61/3	REJECTED	6	1
70070331	signature/xor/61/4	REJECTED	6	1
70070331	signature/xor/61/5	REJECTED	6	1
70070331	signature/xor/61/6	REJECTED	6	1
70070331	signature/xor/61/7	REJECTED	6	1
70070331	signature/xor/62/0	REJECTED	6	1
70070331	signature/xor/62/1	REJECTED	6	1
70070331	signature/xor/62/2	REJECTED	6	1
70070331	signature/xor/62/3	REJECTED	6	1
70070331	signature/xor/62/4	REJECTED	6	1
70070331	signature/xor/62/5	REJECTED	6	1
70070331	signature/xor/62/6	REJECTED	6	1
70070331	signature/xor/62/7	REJECTED	6	1
70070331	signature/xor/63/0	REJECTED	6	1
70070331	signature/xor/63/1	REJECTED	6	1
70070331	signature/xor/63/2	REJECTED	6	1
70070331	signature/xor/63/3	REJECTED	6	1
70070331	signature/xor/63/4	REJECTED	6	1
70070331	signature/xor/63/5	REJECTED	6	1
70070331	signature/xor/63/6	REJECTED	6	1
70070331	signature/xor/63/7	REJECTED	6	1
70070331	signature/xor/64/0	REJECTED	6	0
70070331	signature/xor/64/1	REJECTED	6	0
70070331	signature/xor/64/2	REJECTED	6	0
70070331	signature/xor/64/3	REJECTED	6	0
70070331	signature/xor/64/4	REJECTED	6	0
70070331	signature/xor/64/5	REJECTED	6	0
70070331	signature/xor/64/6	REJECTED	6	0
70070331	signature/xor/64/7	REJECTED	6	0
70070331	signature/xor/65/0	REJECTED	6	0
70070331	signature/xor/65/1	REJECTED	6	0
70070331	signature/xor/65/2	REJECTED	6	0
70070331	signature/xor/65/3	REJECTED	6	0
70070331	signature/xor/65/4	REJECTED	6	0
70070331	signature/xor/65/5	REJECTED	6	0
70070331	signature/xor/65/6	REJECTED	6	0
70070331	signature/xor/65/7	REJECTED	6	0
70070331	signature/xor/66/0	REJECTED	6	0
70070331	signature/xor/66/1	REJECTED	6	0
70070331	signature/xor/66/2	REJECTED	6	0
70070331	signature/xor/66/3	REJECTED	6	0
70070331	signature/xor/66/4	REJECTED	6	0
70070331	signature/xor/66/5	REJECTED	6	0
70070331	signature/xor/66/6	REJECTED	6	0
70070331	signature/xor/66/7	REJECTED	6	0
70070331	signature/xor/67/0	REJECTED	6	0
70070331	signature/xor/67/1	REJECTED	6	0
70070331	signature/xor/67/2	REJECTED	6	0
70070331	signature/xor/67/3	REJECTED	6	0
70070331	signature/xor/67/4	REJECTED	6	0
70070331	signature/xor/67/5	REJECTED	6	0
70070331	signature/xor/67/6	REJECTED	6	0
70070331	signature/xor/67/7	REJECTED	6	0
70070331	signature/xor/68/0	REJECTED	6	0
70070331	signature/xor/68/1	REJECTED	6	0
70070331	signature/xor/68/2	REJECTED	6	0
70070331	signature/xor/68/3	REJECTED	6	0
70070331	signature/xor/68/4	REJECTED	6	0
70070331	signature/xor/68/5	REJECTED	6	0
70070331	signature/xor/68/6	REJECTED	6	0
70070331	signature/xor/68/7	REJECTED	6	0
70070331	signature/xor/69/0	REJECTED	6	0
70070331	signature/xor/69/1	REJECTED	6	0
70070331	signature/xor/69/2	REJECTED	6	0
70070331	signature/xor/69/3	REJECTED	6	0
70070331	signature/xor/69/4	REJECTED	6	0
70070331	signature/xor/69/5	REJECTED	6	0
70070331	signature/xor/69/6	REJECTED	6	0
70070331	signature/xor/69/7	REJECTED	6	0
70070331	signature/xor/70/0	REJECTED	6	0
70070331	signature/xor/70/1	REJECTED	6	0
70070331	signature/xor/70/2	REJECTED	6	0
70070331	signature/xor/70/3	REJECTED	6	0
70070331	signature/xor/70/4	REJECTED	6	0
70070331	signature/xor/70/5	REJECTED	6	0
70070331	signature/xor/70/6	REJECTED	6	0
70070331	signature/xor/70/7	REJECTED	6	0
70070331	signature/xor/71/0	REJECTED	6	0
70070331	signature/xor/71/1	REJECTED	6	0
70070331	signature/xor/71/2	REJECTED	6	0
70070331	signature/xor/71/3	REJECTED	6	0
70070331	signature/xor/71/4	REJECTED	6	0
70070331	signature/xor/71/5	REJECTED	6	0
70070331	signature/xor/71/6	REJECTED	6	0
70070331	signature/xor/71/7	REJECTED	6	0
70070331	signature/xor/72/0	REJECTED	6	0
70070331	signature/xor/72/1	REJECTED	6	0
70070331	signature/xor/72/2	REJECTED	6	0
70070331	signature/xor/72/3	REJECTED	6	0
70070331	signature/xor/72/4	REJECTED	6	0
70070331	signature/xor/72/5	REJECTED	6	0
70070331	signature/xor/72/6	REJECTED	6	0
70070331	signature/xor/72/7	REJECTED	6	0
70070331	signature/xor/73/0	REJECTED	6	0
70070331	signature/xor/73/1	REJECTED	6	0
70070331	signature/xor/73/2	REJECTED	6	0
70070331	signature/xor/73/3	REJECTED	6	0
70070331	signature/xor/73/4	REJECTED	6	0
70070331	signature/xor/73/5	REJECTED	6	0
70070331	signature/xor/73/6	REJECTED	6	0
70070331	signature/xor/73/7	REJECTED	6	0
70070331	signature/xor/74/0	REJECTED	6	0
70070331	signature/xor/74/1	REJECTED	6	0
70070331	signature/xor/74/2	REJECTED	6	0
70070331	signature/xor/74/3	REJECTED	6	0
70070331	signature/xor/74/4	REJECTED	6	0
70070331	signature/xor/74/5	REJECTED	6	0
70070331	signature/xor/74/6	REJECTED	6	0
70070331	signature/xor/74/7	REJECTED	6	0
70070331	signature/xor/75/0	REJECTED	6	0
70070331	signature/xor/75/1	REJECTED	6	0
70070331	signature/xor/75/2	REJECTED	6	0
70070331	signature/xor/75/3	REJECTED	6	0
70070331	signature/xor/75/4	REJECTED	6	0
70070331	signature/xor/75/5	REJECTED	6	0
70070331	signature/xor/75/6	REJECTED	6	0
70070331	signature/xor/75/7	REJECTED	6	0
70070331	signature/xor/76/0	REJECTED	6	0
70070331	signature/xor/76/1	REJECTED	6	0
70070331	signature/xor/76/2	REJECTED	6	0
70070331	signature/xor/76/3	REJECTED	6	0
70070331	signature/xor/76/4	REJECTED	6	0
70070331	signature/xor/76/5	REJECTED	6	0
70070331	signature/xor/76/6	REJECTED	6	0
70070331	signature/xor/76/7	REJECTED	6	0
70070331	signature/xor/77/0	REJECTED	6	0
70070331	signature/xor/77/1	REJECTED	6	0
70070331	signature/xor/77/2	REJECTED	6	0
70070331	signature/xor/77/3	REJECTED	6	0
70070331	signature/xor/77/4	REJECTED	6	0
70070331	signature/xor/77/5	REJECTED	6	0
70070331	signature/xor/77/6	REJECTED	6	0
70070331	signature/xor/77/7	REJECTED	6	0
70070331	signature/xor/78/0	REJECTED	6	0
70070331	signature/xor/78/1	REJECTED	6	0
70070331	signature/xor/78/2	REJECTED	6	0
70070331	signature/xor/78/3	REJECTED	6	0
70070331	signature/xor/78/4	REJECTED	6	0
70070331	signature/xor/78/5	REJECTED	6	0
70070331	signature/xor/78/6	REJECTED	6	0
70070331	signature/xor/78/7	REJECTED	6	0
70070331	signature/xor/79/0	REJECTED	6	0
70070331	signature/xor/79/1	REJECTED	6	0
70070331	signature/xor/79/2	REJECTED	6	0
70070331	signature/xor/79/3	REJECTED	6	0
70070331	signature/xor/79/4	REJECTED	6	0
70070331	signature/xor/79/5	REJECTED	6	0
70070331	signature/xor/79/6	REJECTED	6	0
70070331	signature/xor/79/7	REJECTED	6	0
70070331	signature/xor/80/0	REJECTED	6	0
70070331	signature/xor/80/1	REJECTED	6	0
70070331	signature/xor/80/2	REJECTED	6	0
70070331	signature/xor/80/3	REJECTED	6	0
70070331	signature/xor/80/4	REJECTED	6	0
70070331	signature/xor/80/5	REJECTED	6	0
70070331	signature/xor/80/6	REJECTED	6	0
70070331	signature/xor/80/7	REJECTED	6	0
70070331	signature/xor/81/0	REJECTED	6	0
70070331	signature/xor/81/1	REJECTED	6	0
70070331	signature/xor/81/2	REJECTED	6	0
70070331	signature/xor/81/3	REJECTED	6	0
70070331	signature/xor/81/4	REJECTED	6	0
70070331	signature/xor/81/5	REJECTED	6	0
70070331	signature/xor/81/6	REJECTED	6	0
70070331	signature/xor/81/7	REJECTED	6	0
70070331	signature/xor/82/0	REJECTED	6	0
70070331	signature/xor/82/1	REJECTED	6	0
70070331	signature/xor/82/2	REJECTED	6	0
70070331	signature/xor/82/3	REJECTED	6	0
70070331	signature/xor/82/4	REJECTED	6	0
70070331	signature/xor/82/5	REJECTED	6	0
70070331	signature/xor/82/6	REJECTED	6	0
70070331	signature/xor/82/7	REJECTED	6	0
70070331	signature/xor/83/0	REJECTED	6	0
70070331	signature/xor/83/1	REJECTED	6	0
70070331	signature/xor/83/2	REJECTED	6	0
70070331	signature/xor/83/3	REJECTED	6	0
70070331	signature/xor/83/4	REJECTED	6	0
70070331	signature/xor/83/5	REJECTED	6	0
70070331	signature/xor/83/6	REJECTED	6	0
70070331	signature/xor/83/7	REJECTED	6	0
70070331	signature/xor/84/0	REJECTED	6	0
70070331	signature/xor/84/1	REJECTED	6	0
70070331	signature/xor/84/2	REJECTED	6	0
70070331	signature/xor/84/3	REJECTED	6	0
70070331	signature/xor/84/4	REJECTED	6	0
70070331	signature/xor/84/5	REJECTED	6	0
70070331	signature/xor/84/6	REJECTED	6	0
70070331	signature/xor/84/7	REJECTED	6	0
70070331	signature/xor/85/0	REJECTED	6	0
70070331	signature/xor/85/1	REJECTED	6	0
70070331	signature/xor/85/2	REJECTED	6	0
70070331	signature/xor/85/3	REJECTED	6	0
70070331	signature/xor/85/4	REJECTED	6	0
70070331	signature/xor/85/5	REJECTED	6	0
70070331	signature/xor/85/6	REJECTED	6	0
70070331	signature/xor/85/7	REJECTED	6	0
70070331	signature/xor/86/0	REJECTED	6	0
70070331	signature/xor/86/1	REJECTED	6	0
70070331	signature/xor/86/2	REJECTED	6	0
70070331	signature/xor/86/3	REJECTED	6	0
70070331	signature/xor/86/4	REJECTED	6	0
70070331	signature/xor/86/5	REJECTED	6	0
70070331	signature/xor/86/6	REJECTED	6	0
70070331	signature/xor/86/7	REJECTED	6	0
70070331	signature/xor/87/0	REJECTED	6	0
70070331	signature/xor/87/1	REJECTED	6	0
70070331	signature/xor/87/2	REJECTED	6	0
70070331	signature/xor/87/3	REJECTED	6	0
70070331	signature/xor/87/4	REJECTED	6	0
70070331	signature/xor/87/5	REJECTED	6	0
70070331	signature/xor/87/6	REJECTED	6	0
70070331	signature/xor/87/7	REJECTED	6	0
70070331	signature/xor/88/0	REJECTED	6	0
70070331	signature/xor/88/1	REJECTED	6	0
70070331	signature/xor/88/2	REJECTED	6	0
70070331	signature/xor/88/3	REJECTED	6	0
70070331	signature/xor/88/4	REJECTED	6	0
70070331	signature/xor/88/5	REJECTED	6	0
70070331	signature/xor/88/6	REJECTED	6	0
70070331	signature/xor/88/7	REJECTED	6	0
70070331	signature/xor/89/0	REJECTED	6	0
70070331	signature/xor/89/1	REJECTED	6	0
70070331	signature/xor/89/2	REJECTED	6	0
70070331	signature/xor/89/3	REJECTED	6	0
70070331	signature/xor/89/4	REJECTED	6	0
70070331	signature/xor/89/5	REJECTED	6	0
70070331	signature/xor/89/6	REJECTED	6	0
70070331	signature/xor/89/7	REJECTED	6	0
70070331	signature/xor/90/0	REJECTED	6	0
70070331	signature/xor/90/1	REJECTED	6	0
70070331	signature/xor/90/2	REJECTED	6	0
70070331	signature/xor/90/3	REJECTED	6	0
70070331	signature/xor/90/4	REJECTED	6	0
70070331	signature/xor/90/5	REJECTED	6	0
70070331	signature/xor/90/6	REJECTED	6	0
70070331	signature/xor/90/7	REJECTED	6	0
70070331	signature/xor/91/0	REJECTED	6	0
70070331	signature/xor/91/1	REJECTED	6	0
70070331	signature/xor/91/2	REJECTED	6	0
70070331	signature/xor/91/3	REJECTED	6	0
70070331	signature/xor/91/4	REJECTED	6	0
70070331	signature/xor/91/5	REJECTED	6	0
70070331	signature/xor/91/6	REJECTED	6	0
70070331	signature/xor/91/7	REJECTED	6	0
70070331	signature/xor/92/0	REJECTED	6	0
70070331	signature/xor/92/1	REJECTED	6	0
70070331	signature/xor/92/2	REJECTED	6	0
70070331	signature/xor/92/3	REJECTED	6	0
70070331	signature/xor/92/4	REJECTED	6	0
70070331	signature/xor/92/5	REJECTED	6	0
70070331	signature/xor/92/6	REJECTED	6	0
70070331	signature/xor/92/7	REJECTED	6	0
70070331	signature/xor/93/0	REJECTED	6	0
70070331	signature/xor/93/1	REJECTED	6	0
70070331	signature/xor/93/2	REJECTED	6	0
70070331	signature/xor/93/3	REJECTED	6	0
70070331	signature/xor/93/4	REJECTED	6	0
70070331	signature/xor/93/5	REJECTED	6	0
70070331	signature/xor/93/6	REJECTED	6	0
70070331	signature/xor/93/7	REJECTED	6	0
70070331	signature/xor/94/0	REJECTED	6	0
70070331	signature/xor/94/1	REJECTED	6	0
70070331	signature/xor/94/2	REJECTED	6	0
70070331	signature/xor/94/3	REJECTED	6	0
70070331	signature/xor/94/4	REJECTED	6	0
70070331	signature/xor/94/5	REJECTED	6	0
70070331	signature/xor/94/6	REJECTED	6	0
70070331	signature/xor/94/7	REJECTED	6	0
70070331	signature/xor/95/0	REJECTED	6	0
70070331	signature/xor/95/1	REJECTED	6	0
70070331	signature/xor/95/2	REJECTED	6	0
70070331	signature/xor/95/3	REJECTED	6	0
70070331	signature/xor/95/4	REJECTED	6	0
70070331	signature/xor/95/5	REJECTED	6	0
70070331	signature/xor/95/6	REJECTED	6	0
70070331	signature/xor/95/7	REJECTED	6	0
70070331	signature/xor/96/0	REJECTED	6	0
70070331	signature/xor/96/1	REJECTED	6	0
70070331	signature/xor/96/2	REJECTED	6	0
70070331	signature/xor/96/3	REJECTED	6	0
70070331	signature/xor/96/4	REJECTED	6	0
70070331	signature/xor/96/5	REJECTED	6	0
70070331	signature/xor/96/6	REJECTED	6	0
70070331	signature/xor/96/7	REJECTED	6	0
70070331	signature/xor/97/0	REJECTED	6	0
70070331	signature/xor/97/1	REJECTED	6	0
70070331	signature/xor/97/2	REJECTED	6	0
70070331	signature/xor/97/3	REJECTED	6	0
70070331	signature/xor/97/4	REJECTED	6	0
70070331	signature/xor/97/5	REJECTED	6	0
70070331	signature/xor/97/6	REJECTED	6	0
70070331	signature/xor/97/7	REJECTED	6	0
70070331	signature/xor/98/0	REJECTED	6	0
70070331	signature/xor/98/1	REJECTED	6	0
70070331	signature/xor/98/2	REJECTED	6	0
70070331	signature/xor/98/3	REJECTED	6	0
70070331	signature/xor/98/4	REJECTED	6	0
70070331	signature/xor/98/5	REJECTED	6	0
70070331	signature/xor/98/6	REJECTED	6	0
70070331	signature/xor/98/7	REJECTED	6	0
70070331	signature/xor/99/0	REJECTED	6	0
70070331	signature/xor/99/1	REJECTED	6	0
70070331	signature/xor/99/2	REJECTED	6	0
70070331	signature/xor/99/3	REJECTED	6	0
70070331	signature/xor/99/4	REJECTED	6	0
70070331	signature/xor/99/5	REJECTED	6	0
70070331	signature/xor/99/6	REJECTED	6	0
70070331	signature/xor/99/7	REJECTED	6	0
70070331	signature/xor/100/0	REJECTED	6	0
70070331	signature/xor/100/1	REJECTED	6	0
70070331	signature/xor/100/2	REJECTED	6	0
70070331	signature/xor/100/3	REJECTED	6	0
70070331	signature/xor/100/4	REJECTED	6	0
70070331	signature/xor/100/5	REJECTED	6	0
70070331	signature/xor/100/6	REJECTED	6	0
70070331	signature/xor/100/7	REJECTED	6	0
70070331	signature/xor/101/0	REJECTED	6	0
70070331	signature/xor/101/1	REJECTED	6	0
70070331	signature/xor/101/2	REJECTED	6	0
70070331	signature/xor/101/3	REJECTED	6	0
70070331	signature/xor/101/4	REJECTED	6	0
70070331	signature/xor/101/5	REJECTED	6	0
70070331	signature/xor/101/6	REJECTED	6	0
70070331	signature/xor/101/7	REJECTED	6	0
70070331	signature/xor/102/0	REJECTED	6	0
70070331	signature/xor/102/1	REJECTED	6	0
70070331	signature/xor/102/2	REJECTED	6	0
70070331	signature/xor/102/3	REJECTED	6	0
70070331	signature/xor/102/4	REJECTED	6	0
70070331	signature/xor/102/5	REJECTED	6	0
70070331	signature/xor/102/6	REJECTED	6	0
70070331	signature/xor/102/7	REJECTED	6	0
70070331	signature/xor/103/0	REJECTED	6	0
70070331	signature/xor/103/1	REJECTED	6	0
70070331	signature/xor/103/2	REJECTED	6	0
70070331	signature/xor/103/3	REJECTED	6	0
70070331	signature/xor/103/4	REJECTED	6	0
70070331	signature/xor/103/5	REJECTED	6	0
70070331	signature/xor/103/6	REJECTED	6	0
70070331	signature/xor/103/7	REJECTED	6	0
70070331	signature/xor/104/0	REJECTED	6	0
70070331	signature/xor/104/1	REJECTED	6	0
70070331	signature/xor/104/2	REJECTED	6	0
70070331	signature/xor/104/3	REJECTED	6	0
70070331	signature/xor/104/4	REJECTED	6	0
70070331	signature/xor/104/5	REJECTED	6	0
70070331	signature/xor/104/6	REJECTED	6	0
70070331	signature/xor/104/7	REJECTED	6	0
70070331	signature/xor/105/0	REJECTED	6	0
70070331	signature/xor/105/1	REJECTED	6	0
70070331	signature/xor/105/2	REJECTED	6	0
70070331	signature/xor/105/3	REJECTED	6	0
70070331	signature/xor/105/4	REJECTED	6	0
70070331	signature/xor/105/5	REJECTED	6	0
70070331	signature/xor/105/6	REJECTED	6	0
70070331	signature/xor/105/7	REJECTED	6	0
70070331	signature/xor/106/0	REJECTED	6	0
70070331	signature/xor/106/1	REJECTED	6	0
70070331	signature/xor/106/2	REJECTED	6	0
70070331	signature/xor/106/3	REJECTED	6	0
70070331	signature/xor/106/4	REJECTED	6	0
70070331	signature/xor/106/5	REJECTED	6	0
70070331	signature/xor/106/6	REJECTED	6	0
70070331	signature/xor/106/7	REJECTED	6	0
70070331	signature/xor/107/0	REJECTED	6	0
70070331	signature/xor/107/1	REJECTED	6	0
70070331	signature/xor/107/2	REJECTED	6	0
70070331	signature/xor/107/3	REJECTED	6	0
70070331	signature/xor/107/4	REJECTED	6	0
70070331	signature/xor/107/5	REJECTED	6	0
70070331	signature/xor/107/6	REJECTED	6	0
70070331	signature/xor/107/7	REJECTED	6	0
70070331	signature/xor/108/0	REJECTED	6	0
70070331	signature/xor/108/1	REJECTED	6	0
70070331	signature/xor/108/2	REJECTED	6	0
70070331	signature/xor/108/3	REJECTED	6	0
70070331	signature/xor/108/4	REJECTED	6	0
70070331	signature/xor/108/5	REJECTED	6	0
70070331	signature/xor/108/6	REJECTED	6	0
70070331	signature/xor/108/7	REJECTED	6	0
70070331	signature/xor/109/0	REJECTED	6	0
70070331	signature/xor/109/1	REJECTED	6	0
70070331	signature/xor/109/2	REJECTED	6	0
70070331	signature/xor/109/3	REJECTED	6	0
70070331	signature/xor/109/4	REJECTED	6	0
70070331	signature/xor/109/5	REJECTED	6	0
70070331	signature/xor/109/6	REJECTED	6	0
70070331	signature/xor/109/7	REJECTED	6	0
70070331	signature/xor/110/0	REJECTED	6	0
70070331	signature/xor/110/1	REJECTED	6	0
70070331	signature/xor/110/2	REJECTED	6	0
70070331	signature/xor/110/3	REJECTED	6	0
70070331	signature/xor/110/4	REJECTED	6	0
70070331	signature/xor/110/5	REJECTED	6	0
70070331	signature/xor/110/6	REJECTED	6	0
70070331	signature/xor/110/7	REJECTED	6	0
70070331	signature/xor/111/0	REJECTED	6	0
70070331	signature/xor/111/1	REJECTED	6	0
70070331	signature/xor/111/2	REJECTED	6	0
70070331	signature/xor/111/3	REJECTED	6	0
70070331	signature/xor/111/4	REJECTED	6	0
70070331	signature/xor/111/5	REJECTED	6	0
70070331	signature/xor/111/6	REJECTED	6	0
70070331	signature/xor/111/7	REJECTED	6	0
70070331	signature/xor/112/0	REJECTED	6	0
70070331	signature/xor/112/1	REJECTED	6	0
70070331	signature/xor/112/2	REJECTED	6	0
70070331	signature/xor/112/3	REJECTED	6	0
70070331	signature/xor/112/4	REJECTED	6	0
70070331	signature/xor/112/5	REJECTED	6	0
70070331	signature/xor/112/6	REJECTED	6	0
70070331	signature/xor/112/7	REJECTED	6	0
70070331	signature/xor/113/0	REJECTED	6	0
70070331	signature/xor/113/1	REJECTED	6	0
70070331	signature/xor/113/2	REJECTED	6	0
70070331	signature/xor/113/3	REJECTED	6	0
70070331	signature/xor/113/4	REJECTED	6	0
70070331	signature/xor/113/5	REJECTED	6	0
70070331	signature/xor/113/6	REJECTED	6	0
70070331	signature/xor/113/7	REJECTED	6	0
70070331	signature/xor/114/0	REJECTED	6	0
70070331	signature/xor/114/1	REJECTED	6	0
70070331	signature/xor/114/2	REJECTED	6	0
70070331	signature/xor/114/3	REJECTED	6	0
70070331	signature/xor/114/4	REJECTED	6	0
70070331	signature/xor/114/5	REJECTED	6	0
70070331	signature/xor/114/6	REJECTED	6	0
70070331	signature/xor/114/7	REJECTED	6	0
70070331	signature/xor/115/0	REJECTED	6	0
70070331	signature/xor/115/1	REJECTED	6	0
70070331	signature/xor/115/2	REJECTED	6	0
70070331	signature/xor/115/3	REJECTED	6	0
70070331	signature/xor/115/4	REJECTED	6	0
70070331	signature/xor/115/5	REJECTED	6	0
70070331	signature/xor/115/6	REJECTED	6	0
70070331	signature/xor/115/7	REJECTED	6	0
70070331	signature/xor/116/0	REJECTED	6	0
70070331	signature/xor/116/1	REJECTED	6	0
70070331	signature/xor/116/2	REJECTED	6	0
70070331	signature/xor/116/3	REJECTED	6	0
70070331	signature/xor/116/4	REJECTED	6	0
70070331	signature/xor/116/5	REJECTED	6	0
70070331	signature/xor/116/6	REJECTED	6	0
70070331	signature/xor/116/7	REJECTED	6	0
70070331	signature/xor/117/0	REJECTED	6	0
70070331	signature/xor/117/1	REJECTED	6	0
70070331	signature/xor/117/2	REJECTED	6	0
70070331	signature/xor/117/3	REJECTED	6	0
70070331	signature/xor/117/4	REJECTED	6	0
70070331	signature/xor/117/5	REJECTED	6	0
70070331	signature/xor/117/6	REJECTED	6	0
70070331	signature/xor/117/7	REJECTED	6	0
70070331	signature/xor/118/0	REJECTED	6	0
70070331	signature/xor/118/1	REJECTED	6	0
70070331	signature/xor/118/2	REJECTED	6	0
70070331	signature/xor/118/3	REJECTED	6	0
70070331	signature/xor/118/4	REJECTED	6	0
70070331	signature/xor/118/5	REJECTED	6	0
70070331	signature/xor/118/6	REJECTED	6	0
70070331	signature/xor/118/7	REJECTED	6	0
70070331	signature/xor/119/0	REJECTED	6	0
70070331	signature/xor/119/1	REJECTED	6	0
70070331	signature/xor/119/2	REJECTED	6	0
70070331	signature/xor/119/3	REJECTED	6	0
70070331	signature/xor/119/4	REJECTED	6	0
70070331	signature/xor/119/5	REJECTED	6	0
70070331	signature/xor/119/6	REJECTED	6	0
70070331	signature/xor/119/7	REJECTED	6	0
70070331	signature/xor/120/0	REJECTED	6	0
70070331	signature/xor/120/1	REJECTED	6	0
70070331	signature/xor/120/2	REJECTED	6	0
70070331	signature/xor/120/3	REJECTED	6	0
70070331	signature/xor/120/4	REJECTED	6	0
70070331	signature/xor/120/5	REJECTED	6	0
70070331	signature/xor/120/6	REJECTED	6	0
70070331	signature/xor/120/7	REJECTED	6	0
70070331	signature/xor/121/0	REJECTED	6	0
70070331	signature/xor/121/1	REJECTED	6	0
70070331	signature/xor/121/2	REJECTED	6	0
70070331	signature/xor/121/3	REJECTED	6	0
70070331	signature/xor/121/4	REJECTED	6	0
70070331	signature/xor/121/5	REJECTED	6	0
70070331	signature/xor/121/6	REJECTED	6	0
70070331	signature/xor/121/7	REJECTED	6	0
70070331	signature/xor/122/0	REJECTED	6	0
70070331	signature/xor/122/1	REJECTED	6	0
70070331	signature/xor/122/2	REJECTED	6	0
70070331	signature/xor/122/3	REJECTED	6	0
70070331	signature/xor/122/4	REJECTED	6	0
70070331	signature/xor/122/5	REJECTED	6	0
70070331	signature/xor/122/6	REJECTED	6	0
70070331	signature/xor/122/7	REJECTED	6	0
70070331	signature/xor/123/0	REJECTED	6	0
70070331	signature/xor/123/1	REJECTED	6	0
70070331	signature/xor/123/2	REJECTED	6	0
70070331	signature/xor/123/3	REJECTED	6	0
70070331	signature/xor/123/4	REJECTED	6	0
70070331	signature/xor/123/5	REJECTED	6	0
70070331	signature/xor/123/6	REJECTED	6	0
70070331	signature/xor/123/7	REJECTED	6	0
70070331	signature/xor/124/0	REJECTED	6	0
70070331	signature/xor/124/1	REJECTED	6	0
70070331	signature/xor/124/2	REJECTED	6	0
70070331	signature/xor/124/3	REJECTED	6	0
70070331	signature/xor/124/4	REJECTED	6	0
70070331	signature/xor/124/5	REJECTED	6	0
70070331	signature/xor/124/6	REJECTED	6	0
70070331	signature/xor/124/7	REJECTED	6	0
70070331	signature/xor/125/0	REJECTED	6	0
70070331	signature/xor/125/1	REJECTED	6	0
70070331	signature/xor/125/2	REJECTED	6	0
70070331	signature/xor/125/3	REJECTED	6	0
70070331	signature/xor/125/4	REJECTED	6	0
70070331	signature/xor/125/5	REJECTED	6	0
70070331	signature/xor/125/6	REJECTED	6	0
70070331	signature/xor/125/7	REJECTED	6	0
70070331	signature/xor/126/0	REJECTED	6	0
70070331	signature/xor/126/1	REJECTED	6	0
70070331	signature/xor/126/2	REJECTED	6	0
70070331	signature/xor/126/3	REJECTED	6	0
70070331	signature/xor/126/4	REJECTED	6	0
70070331	signature/xor/126/5	REJECTED	6	0
70070331	signature/xor/126/6	REJECTED	6	0
70070331	signature/xor/126/7	REJECTED	6	0
70070331	signature/xor/127/0	REJECTED	6	0
70070331	signature/xor/127/1	REJECTED	6	0
70070331	signature/xor/127/2	REJECTED	6	0
70070331	signature/xor/127/3	REJECTED	6	0
70070331	signature/xor/127/4	REJECTED	6	0
70070331	signature/xor/127/5	REJECTED	6	0
70070331	signature/xor/127/6	REJECTED	6	0
70070331	signature/xor/127/7	REJECTED	6	0
70070331	signature/xor/128/0	REJECTED	5	0
70070331	signature/xor/128/1	REJECTED	5	0
70070331	signature/xor/128/2	REJECTED	5	0
70070331	signature/xor/128/3	REJECTED	5	0
70070331	signature/xor/128/4	REJECTED	5	0
70070331	signature/xor/128/5	REJECTED	5	0
70070331	signature/xor/128/6	REJECTED	5	0
70070331	signature/xor/128/7	REJECTED	5	0
70070331	signature/xor/129/0	REJECTED	5	0
70070331	signature/xor/129/1	REJECTED	5	0
70070331	signature/xor/129/2	REJECTED	5	0
70070331	signature/xor/129/3	REJECTED	5	0
70070331	signature/xor/129/4	REJECTED	5	0
70070331	signature/xor/129/5	REJECTED	5	0
70070331	signature/xor/129/6	REJECTED	5	0
70070331	signature/xor/129/7	REJECTED	5	0
70070331	signature/xor/130/0	REJECTED	5	0
70070331	signature/xor/130/1	REJECTED	5	0
70070331	signature/xor/130/2	REJECTED	5	0
70070331	signature/xor/130/3	REJECTED	5	0
70070331	signature/xor/130/4	REJECTED	5	0
70070331	signature/xor/130/5	REJECTED	5	0
70070331	signature/xor/130/6	REJECTED	5	0
70070331	signature/xor/130/7	REJECTED	5	0
70070331	signature/xor/131/0	REJECTED	5	0
70070331	signature/xor/131/1	REJECTED	5	0
70070331	signature/xor/131/2	REJECTED	5	0
70070331	signature/xor/131/3	REJECTED	5	0
70070331	signature/xor/131/4	REJECTED	5	0
70070331	signature/xor/131/5	REJECTED	5	0
70070331	signature/xor/131/6	REJECTED	5	0
70070331	signature/xor/131/7	REJECTED	5	0
70070331	signature/xor/132/0	REJECTED	5	0
70070331	signature/xor/132/1	REJECTED	5	0
70070331	signature/xor/132/2	REJECTED	5	0
70070331	signature/xor/132/3	REJECTED	5	0
70070331	signature/xor/132/4	REJECTED	5	0
70070331	signature/xor/132/5	REJECTED	5	0
70070331	signature/xor/132/6	REJECTED	5	0
70070331	signature/xor/132/7	REJECTED	5	0
70070331	signature/xor/133/0	REJECTED	5	0
70070331	signature/xor/133/1	REJECTED	5	0
70070331	signature/xor/133/2	REJECTED	5	0
70070331	signature/xor/133/3	REJECTED	5	0
70070331	signature/xor/133/4	REJECTED	5	0
70070331	signature/xor/133/5	REJECTED	5	0
70070331	signature/xor/133/6	REJECTED	5	0
70070331	signature/xor/133/7	REJECTED	5	0
70070331	signature/xor/134/0	REJECTED	5	0
70070331	signature/xor/134/1	REJECTED	5	0
70070331	signature/xor/134/2	REJECTED	5	0
70070331	signature/xor/134/3	REJECTED	5	0
70070331	signature/xor/134/4	REJECTED	5	0
70070331	signature/xor/134/5	REJECTED	5	0
70070331	signature/xor/134/6	REJECTED	5	0
70070331	signature/xor/134/7	REJECTED	5	0
70070331	signature/xor/135/0	REJECTED	5	0
70070331	signature/xor/135/1	REJECTED	5	0
70070331	signature/xor/135/2	REJECTED	5	0
70070331	signature/xor/135/3	REJECTED	5	0
70070331	signature/xor/135/4	REJECTED	5	0
70070331	signature/xor/135/5	REJECTED	5	0
70070331	signature/xor/135/6	REJECTED	5	0
70070331	signature/xor/135/7	REJECTED	5	0
70070331	signature/xor/136/0	REJECTED	5	0
70070331	signature/xor/136/1	REJECTED	5	0
70070331	signature/xor/136/2	REJECTED	5	0
70070331	signature/xor/136/3	REJECTED	5	0
70070331	signature/xor/136/4	REJECTED	5	0
70070331	signature/xor/136/5	REJECTED	5	0
70070331	signature/xor/136/6	REJECTED	5	0
70070331	signature/xor/136/7	REJECTED	5	0
70070331	signature/xor/137/0	REJECTED	5	0
70070331	signature/xor/137/1	REJECTED	5	0
70070331	signature/xor/137/2	REJECTED	5	0
70070331	signature/xor/137/3	REJECTED	5	0
70070331	signature/xor/137/4	REJECTED	5	0
70070331	signature/xor/137/5	REJECTED	5	0
70070331	signature/xor/137/6	REJECTED	5	0
70070331	signature/xor/137/7	REJECTED	5	0
70070331	signature/xor/138/0	REJECTED	5	0
70070331	signature/xor/138/1	REJECTED	5	0
70070331	signature/xor/138/2	REJECTED	5	0
70070331	signature/xor/138/3	REJECTED	5	0
70070331	signature/xor/138/4	REJECTED	5	0
70070331	signature/xor/138/5	REJECTED	5	0
70070331	signature/xor/138/6	REJECTED	5	0
70070331	signature/xor/138/7	REJECTED	5	0
70070331	signature/xor/139/0	REJECTED	5	0
70070331	signature/xor/139/1	REJECTED	5	0
70070331	signature/xor/139/2	REJECTED	5	0
70070331	signature/xor/139/3	REJECTED	5	0
70070331	signature/xor/139/4	REJECTED	5	0
70070331	signature/xor/139/5	REJECTED	5	0
70070331	signature/xor/139/6	REJECTED	5	0
70070331	signature/xor/139/7	REJECTED	5	0
70070331	signature/xor/140/0	REJECTED	5	0
70070331	signature/xor/140/1	REJECTED	5	0
70070331	signature/xor/140/2	REJECTED	5	0
70070331	signature/xor/140/3	REJECTED	5	0
70070331	signature/xor/140/4	REJECTED	5	0
70070331	signature/xor/140/5	REJECTED	5	0
70070331	signature/xor/140/6	REJECTED	5	0
70070331	signature/xor/140/7	REJECTED	5	0
70070331	signature/xor/141/0	REJECTED	5	0
70070331	signature/xor/141/1	REJECTED	5	0
70070331	signature/xor/141/2	REJECTED	5	0
70070331	signature/xor/141/3	REJECTED	5	0
70070331	signature/xor/141/4	REJECTED	5	0
70070331	signature/xor/141/5	REJECTED	5	0
70070331	signature/xor/141/6	REJECTED	5	0
70070331	signature/xor/141/7	REJECTED	5	0
70070331	signature/xor/142/0	REJECTED	5	0
70070331	signature/xor/142/1	REJECTED	5	0
70070331	signature/xor/142/2	REJECTED	5	0
70070331	signature/xor/142/3	REJECTED	5	0
70070331	signature/xor/142/4	REJECTED	5	0
70070331	signature/xor/142/5	REJECTED	5	0
70070331	signature/xor/142/6	REJECTED	5	0
70070331	signature/xor/142/7	REJECTED	5	0
70070331	signature/xor/143/0	REJECTED	5	0
70070331	signature/xor/143/1	REJECTED	5	0
70070331	signature/xor/143/2	REJECTED	5	0
70070331	signature/xor/143/3	REJECTED	5	0
70070331	signature/xor/143/4	REJECTED	5	0
70070331	signature/xor/143/5	REJECTED	5	0
70070331	signature/xor/143/6	REJECTED	5	0
70070331	signature/xor/143/7	REJECTED	5	0
70070331	signature/xor/144/0	REJECTED	5	0
70070331	signature/xor/144/1	REJECTED	5	0
70070331	signature/xor/144/2	REJECTED	5	0
70070331	signature/xor/144/3	REJECTED	5	0
70070331	signature/xor/144/4	REJECTED	5	0
70070331	signature/xor/144/5	REJECTED	5	0
70070331	signature/xor/144/6	REJECTED	5	0
70070331	signature/xor/144/7	REJECTED	5	0
70070331	signature/xor/145/0	REJECTED	5	0
70070331	signature/xor/145/1	REJECTED	5	0
70070331	signature/xor/145/2	REJECTED	5	0
70070331	signature/xor/145/3	REJECTED	5	0
70070331	signature/xor/145/4	REJECTED	5	0
70070331	signature/xor/145/5	REJECTED	5	0
70070331	signature/xor/145/6	REJECTED	5	0
70070331	signature/xor/145/7	REJECTED	5	0
70070331	signature/xor/146/0	REJECTED	5	0
70070331	signature/xor/146/1	REJECTED	5	0
70070331	signature/xor/146/2	REJECTED	5	0
70070331	signature/xor/146/3	REJECTED	5	0
70070331	signature/xor/146/4	REJECTED	5	0
70070331	signature/xor/146/5	REJECTED	5	0
70070331	signature/xor/146/6	REJECTED	5	0
70070331	signature/xor/146/7	REJECTED	5	0
70070331	signature/xor/147/0	REJECTED	5	0
70070331	signature/xor/147/1	REJECTED	5	0
70070331	signature/xor/147/2	REJECTED	5	0
70070331	signature/xor/147/3	REJECTED	5	0
70070331	signature/xor/147/4	REJECTED	5	0
70070331	signature/xor/147/5	REJECTED	5	0
70070331	signature/xor/147/6	REJECTED	5	0
70070331	signature/xor/147/7	REJECTED	5	0
70070331	signature/xor/148/0	REJECTED	5	0
70070331	signature/xor/148/1	REJECTED	5	0
70070331	signature/xor/148/2	REJECTED	5	0
70070331	signature/xor/148/3	REJECTED	5	0
70070331	signature/xor/148/4	REJECTED	5	0
70070331	signature/xor/148/5	REJECTED	5	0
70070331	signature/xor/148/6	REJECTED	5	0
70070331	signature/xor/148/7	REJECTED	5	0
70070331	signature/xor/149/0	REJECTED	5	0
70070331	signature/xor/149/1	REJECTED	5	0
70070331	signature/xor/149/2	REJECTED	5	0
70070331	signature/xor/149/3	REJECTED	5	0
70070331	signature/xor/149/4	REJECTED	5	0
70070331	signature/xor/149/5	REJECTED	5	0
70070331	signature/xor/149/6	REJECTED	5	0
70070331	signature/xor/149/7	REJECTED	5	0
70070331	signature/xor/150/0	REJECTED	5	0
70070331	signature/xor/150/1	REJECTED	5	0
70070331	signature/xor/150/2	REJECTED	5	0
70070331	signature/xor/150/3	REJECTED	5	0
70070331	signature/xor/150/4	REJECTED	5	0
70070331	signature/xor/150/5	REJECTED	5	0
70070331	signature/xor/150/6	REJECTED	5	0
70070331	signature/xor/150/7	REJECTED	5	0
70070331	signature/xor/151/0	REJECTED	5	0
70070331	signature/xor/151/1	REJECTED	5	0
70070331	signature/xor/151/2	REJECTED	5	0
70070331	signature/xor/151/3	REJECTED	5	0
70070331	signature/xor/151/4	REJECTED	5	0
70070331	signature/xor/151/5	REJECTED	5	0
70070331	signature/xor/151/6	REJECTED	5	0
70070331	signature/xor/151/7	REJECTED	5	0
70070331	signature/xor/152/0	REJECTED	5	0
70070331	signature/xor/152/1	REJECTED	5	0
70070331	signature/xor/152/2	REJECTED	5	0
70070331	signature/xor/152/3	REJECTED	5	0
70070331	signature/xor/152/4	REJECTED	5	0
70070331	signature/xor/152/5	REJECTED	5	0
70070331	signature/xor/152/6	REJECTED	5	0
70070331	signature/xor/152/7	REJECTED	5	0
70070331	signature/xor/153/0	REJECTED	5	0
70070331	signature/xor/153/1	REJECTED	5	0
70070331	signature/xor/153/2	REJECTED	5	0
70070331	signature/xor/153/3	REJECTED	5	0
70070331	signature/xor/153/4	REJECTED	5	0
70070331	signature/xor/153/5	REJECTED	5	0
70070331	signature/xor/153/6	REJECTED	5	0
70070331	signature/xor/153/7	REJECTED	5	0
70070331	signature/xor/154/0	REJECTED	5	0
70070331	signature/xor/154/1	REJECTED	5	0
70070331	signature/xor/154/2	REJECTED	5	0
70070331	signature/xor/154/3	REJECTED	5	0
70070331	signature/xor/154/4	REJECTED	5	0
70070331	signature/xor/154/5	REJECTED	5	0
70070331	signature/xor/154/6	REJECTED	5	0
70070331	signature/xor/154/7	REJECTED	5	0
70070331	signature/xor/155/0	REJECTED	5	0
70070331	signature/xor/155/1	REJECTED	5	0
70070331	signature/xor/155/2	REJECTED	5	0
70070331	signature/xor/155/3	REJECTED	5	0
70070331	signature/xor/155/4	REJECTED	5	0
70070331	signature/xor/155/5	REJECTED	5	0
70070331	signature/xor/155/6	REJECTED	5	0
70070331	signature/xor/155/7	REJECTED	5	0
70070331	signature/xor/156/0	REJECTED	5	0
70070331	signature/xor/156/1	REJECTED	5	0
70070331	signature/xor/156/2	REJECTED	5	0
70070331	signature/xor/156/3	REJECTED	5	0
70070331	signature/xor/156/4	REJECTED	5	0
70070331	signature/xor/156/5	REJECTED	5	0
70070331	signature/xor/156/6	REJECTED	5	0
70070331	signature/xor/156/7	REJECTED	5	0
70070331	signature/xor/157/0	REJECTED	5	0
70070331	signature/xor/157/1	REJECTED	5	0
70070331	signature/xor/157/2	REJECTED	5	0
70070331	signature/xor/157/3	REJECTED	5	0
70070331	signature/xor/157/4	REJECTED	5	0
70070331	signature/xor/157/5	REJECTED	5	0
70070331	signature/xor/157/6	REJECTED	5	0
70070331	signature/xor/157/7	REJECTED	5	0
70070331	signature/xor/158/0	REJECTED	5	0
70070331	signature/xor/158/1	REJECTED	5	0
70070331	signature/xor/158/2	REJECTED	5	0
70070331	signature/xor/158/3	REJECTED	5	0
70070331	signature/xor/158/4	REJECTED	5	0
70070331	signature/xor/158/5	REJECTED	5	0
70070331	signature/xor/158/6	REJECTED	5	0
70070331	signature/xor/158/7	REJECTED	5	0
70070331	signature/xor/159/0	REJECTED	5	0
70070331	signature/xor/159/1	REJECTED	5	0
70070331	signature/xor/159/2	REJECTED	5	0
70070331	signature/xor/159/3	REJECTED	5	0
70070331	signature/xor/159/4	REJECTED	5	0
70070331	signature/xor/159/5	REJECTED	5	0
70070331	signature/xor/159/6	REJECTED	5	0
70070331	signature/xor/159/7	REJECTED	5	0
70070331	signature/xor/160/0	REJECTED	5	0
70070331	signature/xor/160/1	REJECTED	5	0
70070331	signature/xor/160/2	REJECTED	5	0
70070331	signature/xor/160/3	REJECTED	5	0
70070331	signature/xor/160/4	REJECTED	5	0
70070331	signature/xor/160/5	REJECTED	5	0
70070331	signature/xor/160/6	REJECTED	5	0
70070331	signature/xor/160/7	REJECTED	5	0
70070331	signature/xor/161/0	REJECTED	5	0
70070331	signature/xor/161/1	REJECTED	5	0
70070331	signature/xor/161/2	REJECTED	5	0
70070331	signature/xor/161/3	REJECTED	5	0
70070331	signature/xor/161/4	REJECTED	5	0
70070331	signature/xor/161/5	REJECTED	5	0
70070331	signature/xor/161/6	REJECTED	5	0
70070331	signature/xor/161/7	REJECTED	5	0
70070331	signature/xor/162/0	REJECTED	5	0
70070331	signature/xor/162/1	REJECTED	5	0
70070331	signature/xor/162/2	REJECTED	5	0
70070331	signature/xor/162/3	REJECTED	5	0
70070331	signature/xor/162/4	REJECTED	5	0
70070331	signature/xor/162/5	REJECTED	5	0
70070331	signature/xor/162/6	REJECTED	5	0
70070331	signature/xor/162/7	REJECTED	5	0
70070331	signature/xor/163/0	REJECTED	5	0
70070331	signature/xor/163/1	REJECTED	5	0
70070331	signature/xor/163/2	REJECTED	5	0
70070331	signature/xor/163/3	REJECTED	5	0
70070331	signature/xor/163/4	REJECTED	5	0
70070331	signature/xor/163/5	REJECTED	5	0
70070331	signature/xor/163/6	REJECTED	5	0
70070331	signature/xor/163/7	REJECTED	5	0
70070331	signature/xor/164/0	REJECTED	5	0
70070331	signature/xor/164/1	REJECTED	5	0
70070331	signature/xor/164/2	REJECTED	5	0
70070331	signature/xor/164/3	REJECTED	5	0
70070331	signature/xor/164/4	REJECTED	5	0
70070331	signature/xor/164/5	REJECTED	5	0
70070331	signature/xor/164/6	REJECTED	5	0
70070331	signature/xor/164/7	REJECTED	5	0
70070331	signature/xor/165/0	REJECTED	5	0
70070331	signature/xor/165/1	REJECTED	5	0
70070331	signature/xor/165/2	REJECTED	5	0
70070331	signature/xor/165/3	REJECTED	5	0
70070331	signature/xor/165/4	REJECTED	5	0
70070331	signature/xor/165/5	REJECTED	5	0
70070331	signature/xor/165/6	REJECTED	5	0
70070331	signature/xor/165/7	REJECTED	5	0
70070331	signature/xor/166/0	REJECTED	5	0
70070331	signature/xor/166/1	REJECTED	5	0
70070331	signature/xor/166/2	REJECTED	5	0
70070331	signature/xor/166/3	REJECTED	5	0
70070331	signature/xor/166/4	REJECTED	5	0
70070331	signature/xor/166/5	REJECTED	5	0
70070331	signature/xor/166/6	REJECTED	5	0
70070331	signature/xor/166/7	REJECTED	5	0
70070331	signature/xor/167/0	REJECTED	5	0
70070331	signature/xor/167/1	REJECTED	5	0
70070331	signature/xor/167/2	REJECTED	5	0
70070331	signature/xor/167/3	REJECTED	5	0
70070331	signature/xor/167/4	REJECTED	5	0
70070331	signature/xor/167/5	REJECTED	5	0
70070331	signature/xor/167/6	REJECTED	5	0
70070331	signature/xor/167/7	REJECTED	5	0
70070331	signature/xor/168/0	REJECTED	5	0
70070331	signature/xor/168/1	REJECTED	5	0
70070331	signature/xor/168/2	REJECTED	5	0
70070331	signature/xor/168/3	REJECTED	5	0
70070331	signature/xor/168/4	REJECTED	5	0
70070331	signature/xor/168/5	REJECTED	5	0
70070331	signature/xor/168/6	REJECTED	5	0
70070331	signature/xor/168/7	REJECTED	5	0
70070331	signature/xor/169/0	REJECTED	5	0
70070331	signature/xor/169/1	REJECTED	5	0
70070331	signature/xor/169/2	REJECTED	5	0
70070331	signature/xor/169/3	REJECTED	5	0
70070331	signature/xor/169/4	REJECTED	5	0
70070331	signature/xor/169/5	REJECTED	5	0
70070331	signature/xor/169/6	REJECTED	5	0
70070331	signature/xor/169/7	REJECTED	5	0
70070331	signature/xor/170/0	REJECTED	5	0
70070331	signature/xor/170/1	REJECTED	5	0
70070331	signature/xor/170/2	REJECTED	5	0
70070331	signature/xor/170/3	REJECTED	5	0
70070331	signature/xor/170/4	REJECTED	5	0
70070331	signature/xor/170/5	REJECTED	5	0
70070331	signature/xor/170/6	REJECTED	5	0
70070331	signature/xor/170/7	REJECTED	5	0
70070331	signature/xor/171/0	REJECTED	5	0
70070331	signature/xor/171/1	REJECTED	5	0
70070331	signature/xor/171/2	REJECTED	5	0
70070331	signature/xor/171/3	REJECTED	5	0
70070331	signature/xor/171/4	REJECTED	5	0
70070331	signature/xor/171/5	REJECTED	5	0
70070331	signature/xor/171/6	REJECTED	5	0
70070331	signature/xor/171/7	REJECTED	5	0
70070331	signature/xor/172/0	REJECTED	5	0
70070331	signature/xor/172/1	REJECTED	5	0
70070331	signature/xor/172/2	REJECTED	5	0
70070331	signature/xor/172/3	REJECTED	5	0
70070331	signature/xor/172/4	REJECTED	5	0
70070331	signature/xor/172/5	REJECTED	5	0
70070331	signature/xor/172/6	REJECTED	5	0
70070331	signature/xor/172/7	REJECTED	5	0
70070331	signature/xor/173/0	REJECTED	5	0
70070331	signature/xor/173/1	REJECTED	5	0
70070331	signature/xor/173/2	REJECTED	5	0
70070331	signature/xor/173/3	REJECTED	5	0
70070331	signature/xor/173/4	REJECTED	5	0
70070331	signature/xor/173/5	REJECTED	5	0
70070331	signature/xor/173/6	REJECTED	5	0
70070331	signature/xor/173/7	REJECTED	5	0
70070331	signature/xor/174/0	REJECTED	5	0
70070331	signature/xor/174/1	REJECTED	5	0
70070331	signature/xor/174/2	REJECTED	5	0
70070331	signature/xor/174/3	REJECTED	5	0
70070331	signature/xor/174/4	REJECTED	5	0
70070331	signature/xor/174/5	REJECTED	5	0
70070331	signature/xor/174/6	REJECTED	5	0
70070331	signature/xor/174/7	REJECTED	5	0
70070331	signature/xor/175/0	REJECTED	5	0
70070331	signature/xor/175/1	REJECTED	5	0
70070331	signature/xor/175/2	REJECTED	5	0
70070331	signature/xor/175/3	REJECTED	5	0
70070331	signature/xor/175/4	REJECTED	5	0
70070331	signature/xor/175/5	REJECTED	5	0
70070331	signature/xor/175/6	REJECTED	5	0
70070331	signature/xor/175/7	REJECTED	5	0
70070331	signature/xor/176/0	REJECTED	5	0
70070331	signature/xor/176/1	REJECTED	5	0
70070331	signature/xor/176/2	REJECTED	5	0
70070331	signature/xor/176/3	REJECTED	5	0
70070331	signature/xor/176/4	REJECTED	5	0
70070331	signature/xor/176/5	REJECTED	5	0
70070331	signature/xor/176/6	REJECTED	5	0
70070331	signature/xor/176/7	REJECTED	5	0
70070331	signature/xor/177/0	REJECTED	5	0
70070331	signature/xor/177/1	REJECTED	5	0
70070331	signature/xor/177/2	REJECTED	5	0
70070331	signature/xor/177/3	REJECTED	5	0
70070331	signature/xor/177/4	REJECTED	5	0
70070331	signature/xor/177/5	REJECTED	5	0
70070331	signature/xor/177/6	REJECTED	5	0
70070331	signature/xor/177/7	REJECTED	5	0
70070331	signature/xor/178/0	REJECTED	5	0
70070331	signature/xor/178/1	REJECTED	5	0
70070331	signature/xor/178/2	REJECTED	5	0
70070331	signature/xor/178/3	REJECTED	5	0
70070331	signature/xor/178/4	REJECTED	5	0
70070331	signature/xor/178/5	REJECTED	5	0
70070331	signature/xor/178/6	REJECTED	5	0
70070331	signature/xor/178/7	REJECTED	5	0
70070331	signature/xor/179/0	REJECTED	5	0
70070331	signature/xor/179/1	REJECTED	5	0
70070331	signature/xor/179/2	REJECTED	5	0
70070331	signature/xor/179/3	REJECTED	5	0
70070331	signature/xor/179/4	REJECTED	5	0
70070331	signature/xor/179/5	REJECTED	5	0
70070331	signature/xor/179/6	REJECTED	5	0
70070331	signature/xor/179/7	REJECTED	5	0
70070331	signature/xor/180/0	REJECTED	5	0
70070331	signature/xor/180/1	REJECTED	5	0
70070331	signature/xor/180/2	REJECTED	5	0
70070331	signature/xor/180/3	REJECTED	5	0
70070331	signature/xor/180/4	REJECTED	5	0
70070331	signature/xor/180/5	REJECTED	5	0
70070331	signature/xor/180/6	REJECTED	5	0
70070331	signature/xor/180/7	REJECTED	5	0
70070331	signature/xor/181/0	REJECTED	5	0
70070331	signature/xor/181/1	REJECTED	5	0
70070331	signature/xor/181/2	REJECTED	5	0
70070331	signature/xor/181/3	REJECTED	5	0
70070331	signature/xor/181/4	REJECTED	5	0
70070331	signature/xor/181/5	REJECTED	5	0
70070331	signature/xor/181/6	REJECTED	5	0
70070331	signature/xor/181/7	REJECTED	5	0
70070331	signature/xor/182/0	REJECTED	5	0
70070331	signature/xor/182/1	REJECTED	5	0
70070331	signature/xor/182/2	REJECTED	5	0
70070331	signature/xor/182/3	REJECTED	5	0
70070331	signature/xor/182/4	REJECTED	5	0
70070331	signature/xor/182/5	REJECTED	5	0
70070331	signature/xor/182/6	REJECTED	5	0
70070331	signature/xor/182/7	REJECTED	5	0
70070331	signature/xor/183/0	REJECTED	5	0
70070331	signature/xor/183/1	REJECTED	5	0
70070331	signature/xor/183/2	REJECTED	5	0
70070331	signature/xor/183/3	REJECTED	5	0
70070331	signature/xor/183/4	REJECTED	5	0
70070331	signature/xor/183/5	REJECTED	5	0
70070331	signature/xor/183/6	REJECTED	5	0
70070331	signature/xor/183/7	REJECTED	5	0
70070331	signature/xor/184/0	REJECTED	5	0
70070331	signature/xor/184/1	REJECTED	5	0
70070331	signature/xor/184/2	REJECTED	5	0
70070331	signature/xor/184/3	REJECTED	5	0
70070331	signature/xor/184/4	REJECTED	5	0
70070331	signature/xor/184/5	REJECTED	5	0
70070331	signature/xor/184/6	REJECTED	5	0
70070331	signature/xor/184/7	REJECTED	5	0
70070331	signature/xor/185/0	REJECTED	5	0
70070331	signature/xor/185/1	REJECTED	5	0
70070331	signature/xor/185/2	REJECTED	5	0
70070331	signature/xor/185/3	REJECTED	5	0
70070331	signature/xor/185/4	REJECTED	5	0
70070331	signature/xor/185/5	REJECTED	5	0
70070331	signature/xor/185/6	REJECTED	5	0
70070331	signature/xor/185/7	REJECTED	5	0
70070331	signature/xor/186/0	REJECTED	5	0
70070331	signature/xor/186/1	REJECTED	5	0
70070331	signature/xor/186/2	REJECTED	5	0
70070331	signature/xor/186/3	REJECTED	5	0
70070331	signature/xor/186/4	REJECTED	5	0
70070331	signature/xor/186/5	REJECTED	5	0
70070331	signature/xor/186/6	REJECTED	5	0
70070331	signature/xor/186/7	REJECTED	5	0
70070331	signature/xor/187/0	REJECTED	5	0
70070331	signature/xor/187/1	REJECTED	5	0
70070331	signature/xor/187/2	REJECTED	5	0
70070331	signature/xor/187/3	REJECTED	5	0
70070331	signature/xor/187/4	REJECTED	5	0
70070331	signature/xor/187/5	REJECTED	5	0
70070331	signature/xor/187/6	REJECTED	5	0
70070331	signature/xor/187/7	REJECTED	5	0
70070331	signature/xor/188/0	REJECTED	5	0
70070331	signature/xor/188/1	REJECTED	5	0
70070331	signature/xor/188/2	REJECTED	5	0
70070331	signature/xor/188/3	REJECTED	5	0
70070331	signature/xor/188/4	REJECTED	5	0
70070331	signature/xor/188/5	REJECTED	5	0
70070331	signature/xor/188/6	REJECTED	5	0
70070331	signature/xor/188/7	REJECTED	5	0
70070331	signature/xor/189/0	REJECTED	5	0
70070331	signature/xor/189/1	REJECTED	5	0
70070331	signature/xor/189/2	REJECTED	5	0
70070331	signature/xor/189/3	REJECTED	5	0
70070331	signature/xor/189/4	REJECTED	5	0
70070331	signature/xor/189/5	REJECTED	5	0
70070331	signature/xor/189/6	REJECTED	5	0
70070331	signature/xor/189/7	REJECTED	5	0
70070331	signature/xor/190/0	REJECTED	5	0
70070331	signature/xor/190/1	REJECTED	5	0
70070331	signature/xor/190/2	REJECTED	5	0
70070331	signature/xor/190/3	REJECTED	5	0
70070331	signature/xor/190/4	REJECTED	5	0
70070331	signature/xor/190/5	REJECTED	5	0
70070331	signature/xor/190/6	REJECTED	5	0
70070331	signature/xor/190/7	REJECTED	5	0
70070331	signature/xor/191/0	REJECTED	5	0
70070331	signature/xor/191/1	REJECTED	5	0
70070331	signature/xor/191/2	REJECTED	5	0
70070331	signature/xor/191/3	REJECTED	5	0
70070331	signature/xor/191/4	REJECTED	5	0
70070331	signature/xor/191/5	REJECTED	5	0
70070331	signature/xor/191/6	REJECTED	5	0
70070331	signature/xor/191/7	REJECTED	5	0
70070331	signature/xor/192/0	REJECTED	4	0
70070331	signature/xor/192/1	REJECTED	4	0
70070331	signature/xor/192/2	REJECTED	4	0
70070331	signature/xor/192/3	REJECTED	4	0
70070331	signature/xor/192/4	REJECTED	4	0
70070331	signature/xor/192/5	REJECTED	4	0
70070331	signature/xor/192/6	REJECTED	4	0
70070331	signature/xor/192/7	REJECTED	4	0
70070331	signature/xor/193/0	REJECTED	4	0
70070331	signature/xor/193/1	REJECTED	4	0
70070331	signature/xor/193/2	REJECTED	4	0
70070331	signature/xor/193/3	REJECTED	4	0
70070331	signature/xor/193/4	REJECTED	4	0
70070331	signature/xor/193/5	REJECTED	4	0
70070331	signature/xor/193/6	REJECTED	4	0
70070331	signature/xor/193/7	REJECTED	4	0
70070331	signature/xor/194/0	REJECTED	4	0
70070331	signature/xor/194/1	REJECTED	4	0
70070331	signature/xor/194/2	REJECTED	4	0
70070331	signature/xor/194/3	REJECTED	4	0
70070331	signature/xor/194/4	REJECTED	4	0
70070331	signature/xor/194/5	REJECTED	4	0
70070331	signature/xor/194/6	REJECTED	4	0
70070331	signature/xor/194/7	REJECTED	4	0
70070331	signature/xor/195/0	REJECTED	4	0
70070331	signature/xor/195/1	REJECTED	4	0
70070331	signature/xor/195/2	REJECTED	4	0
70070331	signature/xor/195/3	REJECTED	4	0
70070331	signature/xor/195/4	REJECTED	4	0
70070331	signature/xor/195/5	REJECTED	4	0
70070331	signature/xor/195/6	REJECTED	4	0
70070331	signature/xor/195/7	REJECTED	4	0
70070331	signature/xor/196/0	REJECTED	4	0
70070331	signature/xor/196/1	REJECTED	4	0
70070331	signature/xor/196/2	REJECTED	4	0
70070331	signature/xor/196/3	REJECTED	4	0
70070331	signature/xor/196/4	REJECTED	4	0
70070331	signature/xor/196/5	REJECTED	4	0
70070331	signature/xor/196/6	REJECTED	4	0
70070331	signature/xor/196/7	REJECTED	4	0
70070331	signature/xor/197/0	REJECTED	4	0
70070331	signature/xor/197/1	REJECTED	4	0
70070331	signature/xor/197/2	REJECTED	4	0
70070331	signature/xor/197/3	REJECTED	4	0
70070331	signature/xor/197/4	REJECTED	4	0
70070331	signature/xor/197/5	REJECTED	4	0
70070331	signature/xor/197/6	REJECTED	4	0
70070331	signature/xor/197/7	REJECTED	4	0
70070331	signature/xor/198/0	REJECTED	4	0
70070331	signature/xor/198/1	REJECTED	4	0
70070331	signature/xor/198/2	REJECTED	4	0
70070331	signature/xor/198/3	REJECTED	4	0
70070331	signature/xor/198/4	REJECTED	4	0
70070331	signature/xor/198/5	REJECTED	4	0
70070331	signature/xor/198/6	REJECTED	4	0
70070331	signature/xor/198/7	REJECTED	4	0
70070331	signature/xor/199/0	REJECTED	4	0
70070331	signature/xor/199/1	REJECTED	4	0
70070331	signature/xor/199/2	REJECTED	4	0
70070331	signature/xor/199/3	REJECTED	4	0
70070331	signature/xor/199/4	REJECTED	4	0
70070331	signature/xor/199/5	REJECTED	4	0
70070331	signature/xor/199/6	REJECTED	4	0
70070331	signature/xor/199/7	REJECTED	4	0
70070331	signature/xor/200/0	REJECTED	4	0
70070331	signature/xor/200/1	REJECTED	4	0
70070331	signature/xor/200/2	REJECTED	4	0
70070331	signature/xor/200/3	REJECTED	4	0
70070331	signature/xor/200/4	REJECTED	4	0
70070331	signature/xor/200/5	REJECTED	4	0
70070331	signature/xor/200/6	REJECTED	4	0
70070331	signature/xor/200/7	REJECTED	4	0
70070331	signature/xor/201/0	REJECTED	4	0
70070331	signature/xor/201/1	REJECTED	4	0
70070331	signature/xor/201/2	REJECTED	4	0
70070331	signature/xor/201/3	REJECTED	4	0
70070331	signature/xor/201/4	REJECTED	4	0
70070331	signature/xor/201/5	REJECTED	4	0
70070331	signature/xor/201/6	REJECTED	4	0
70070331	signature/xor/201/7	REJECTED	4	0
70070331	signature/xor/202/0	REJECTED	4	0
70070331	signature/xor/202/1	REJECTED	4	0
70070331	signature/xor/202/2	REJECTED	4	0
70070331	signature/xor/202/3	REJECTED	4	0
70070331	signature/xor/202/4	REJECTED	4	0
70070331	signature/xor/202/5	REJECTED	4	0
70070331	signature/xor/202/6	REJECTED	4	0
70070331	signature/xor/202/7	REJECTED	4	0
70070331	signature/xor/203/0	REJECTED	4	0
70070331	signature/xor/203/1	REJECTED	4	0
70070331	signature/xor/203/2	REJECTED	4	0
70070331	signature/xor/203/3	REJECTED	4	0
70070331	signature/xor/203/4	REJECTED	4	0
70070331	signature/xor/203/5	REJECTED	4	0
70070331	signature/xor/203/6	REJECTED	4	0
70070331	signature/xor/203/7	REJECTED	4	0
70070331	signature/xor/204/0	REJECTED	4	0
70070331	signature/xor/204/1	REJECTED	4	0
70070331	signature/xor/204/2	REJECTED	4	0
70070331	signature/xor/204/3	REJECTED	4	0
70070331	signature/xor/204/4	REJECTED	4	0
70070331	signature/xor/204/5	REJECTED	4	0
70070331	signature/xor/204/6	REJECTED	4	0
70070331	signature/xor/204/7	REJECTED	4	0
70070331	signature/xor/205/0	REJECTED	4	0
70070331	signature/xor/205/1	REJECTED	4	0
70070331	signature/xor/205/2	REJECTED	4	0
70070331	signature/xor/205/3	REJECTED	4	0
70070331	signature/xor/205/4	REJECTED	4	0
70070331	signature/xor/205/5	REJECTED	4	0
70070331	signature/xor/205/6	REJECTED	4	0
70070331	signature/xor/205/7	REJECTED	4	0
70070331	signature/xor/206/0	REJECTED	4	0
70070331	signature/xor/206/1	REJECTED	4	0
70070331	signature/xor/206/2	REJECTED	4	0
70070331	signature/xor/206/3	REJECTED	4	0
70070331	signature/xor/206/4	REJECTED	4	0
70070331	signature/xor/206/5	REJECTED	4	0
70070331	signature/xor/206/6	REJECTED	4	0
70070331	signature/xor/206/7	REJECTED	4	0
70070331	signature/xor/207/0	REJECTED	4	0
70070331	signature/xor/207/1	REJECTED	4	0
70070331	signature/xor/207/2	REJECTED	4	0
70070331	signature/xor/207/3	REJECTED	4	0
70070331	signature/xor/207/4	REJECTED	4	0
70070331	signature/xor/207/5	REJECTED	4	0
70070331	signature/xor/207/6	REJECTED	4	0
70070331	signature/xor/207/7	REJECTED	4	0
70070331	signature/xor/208/0	REJECTED	4	0
70070331	signature/xor/208/1	REJECTED	4	0
70070331	signature/xor/208/2	REJECTED	4	0
70070331	signature/xor/208/3	REJECTED	4	0
70070331	signature/xor/208/4	REJECTED	4	0
70070331	signature/xor/208/5	REJECTED	4	0
70070331	signature/xor/208/6	REJECTED	4	0
70070331	signature/xor/208/7	REJECTED	4	0
70070331	signature/xor/209/0	REJECTED	4	0
70070331	signature/xor/209/1	REJECTED	4	0
70070331	signature/xor/209/2	REJECTED	4	0
70070331	signature/xor/209/3	REJECTED	4	0
70070331	signature/xor/209/4	REJECTED	4	0
70070331	signature/xor/209/5	REJECTED	4	0
70070331	signature/xor/209/6	REJECTED	4	0
70070331	signature/xor/209/7	REJECTED	4	0
70070331	signature/xor/210/0	REJECTED	4	0
70070331	signature/xor/210/1	REJECTED	4	0
70070331	signature/xor/210/2	REJECTED	4	0
70070331	signature/xor/210/3	REJECTED	4	0
70070331	signature/xor/210/4	REJECTED	4	0
70070331	signature/xor/210/5	REJECTED	4	0
70070331	signature/xor/210/6	REJECTED	4	0
70070331	signature/xor/210/7	REJECTED	4	0
70070331	signature/xor/211/0	REJECTED	4	0
70070331	signature/xor/211/1	REJECTED	4	0
70070331	signature/xor/211/2	REJECTED	4	0
70070331	signature/xor/211/3	REJECTED	4	0
70070331	signature/xor/211/4	REJECTED	4	0
70070331	signature/xor/211/5	REJECTED	4	0
70070331	signature/xor/211/6	REJECTED	4	0
70070331	signature/xor/211/7	REJECTED	4	0
70070331	signature/xor/212/0	REJECTED	4	0
70070331	signature/xor/212/1	REJECTED	4	0
70070331	signature/xor/212/2	REJECTED	4	0
70070331	signature/xor/212/3	REJECTED	4	0
70070331	signature/xor/212/4	REJECTED	4	0
70070331	signature/xor/212/5	REJECTED	4	0
70070331	signature/xor/212/6	REJECTED	4	0
70070331	signature/xor/212/7	REJECTED	4	0
70070331	signature/xor/213/0	REJECTED	4	0
70070331	signature/xor/213/1	REJECTED	4	0
70070331	signature/xor/213/2	REJECTED	4	0
70070331	signature/xor/213/3	REJECTED	4	0
70070331	signature/xor/213/4	REJECTED	4	0
70070331	signature/xor/213/5	REJECTED	4	0
70070331	signature/xor/213/6	REJECTED	4	0
70070331	signature/xor/213/7	REJECTED	4	0
70070331	signature/xor/214/0	REJECTED	4	0
70070331	signature/xor/214/1	REJECTED	4	0
70070331	signature/xor/214/2	REJECTED	4	0
70070331	signature/xor/214/3	REJECTED	4	0
70070331	signature/xor/214/4	REJECTED	4	0
70070331	signature/xor/214/5	REJECTED	4	0
70070331	signature/xor/214/6	REJECTED	4	0
70070331	signature/xor/214/7	REJECTED	4	0
70070331	signature/xor/215/0	REJECTED	4	0
70070331	signature/xor/215/1	REJECTED	4	0
70070331	signature/xor/215/2	REJECTED	4	0
70070331	signature/xor/215/3	REJECTED	4	0
70070331	signature/xor/215/4	REJECTED	4	0
70070331	signature/xor/215/5	REJECTED	4	0
70070331	signature/xor/215/6	REJECTED	4	0
70070331	signature/xor/215/7	REJECTED	4	0
70070331	signature/xor/216/0	REJECTED	4	0
70070331	signature/xor/216/1	REJECTED	4	0
70070331	signature/xor/216/2	REJECTED	4	0
70070331	signature/xor/216/3	REJECTED	4	0
70070331	signature/xor/216/4	REJECTED	4	0
70070331	signature/xor/216/5	REJECTED	4	0
70070331	signature/xor/216/6	REJECTED	4	0
70070331	signature/xor/216/7	REJECTED	4	0
70070331	signature/xor/217/0	REJECTED	4	0
70070331	signature/xor/217/1	REJECTED	4	0
70070331	signature/xor/217/2	REJECTED	4	0
70070331	signature/xor/217/3	REJECTED	4	0
70070331	signature/xor/217/4	REJECTED	4	0
70070331	signature/xor/217/5	REJECTED	4	0
70070331	signature/xor/217/6	REJECTED	4	0
70070331	signature/xor/217/7	REJECTED	4	0
70070331	signature/xor/218/0	REJECTED	4	0
70070331	signature/xor/218/1	REJECTED	4	0
70070331	signature/xor/218/2	REJECTED	4	0
70070331	signature/xor/218/3	REJECTED	4	0
70070331	signature/xor/218/4	REJECTED	4	0
70070331	signature/xor/218/5	REJECTED	4	0
70070331	signature/xor/218/6	REJECTED	4	0
70070331	signature/xor/218/7	REJECTED	4	0
70070331	signature/xor/219/0	REJECTED	4	0
70070331	signature/xor/219/1	REJECTED	4	0
70070331	signature/xor/219/2	REJECTED	4	0
70070331	signature/xor/219/3	REJECTED	4	0
70070331	signature/xor/219/4	REJECTED	4	0
70070331	signature/xor/219/5	REJECTED	4	0
70070331	signature/xor/219/6	REJECTED	4	0
70070331	signature/xor/219/7	REJECTED	4	0
70070331	signature/xor/220/0	REJECTED	4	0
70070331	signature/xor/220/1	REJECTED	4	0
70070331	signature/xor/220/2	REJECTED	4	0
70070331	signature/xor/220/3	REJECTED	4	0
70070331	signature/xor/220/4	REJECTED	4	0
70070331	signature/xor/220/5	REJECTED	4	0
70070331	signature/xor/220/6	REJECTED	4	0
70070331	signature/xor/220/7	REJECTED	4	0
70070331	signature/xor/221/0	REJECTED	4	0
70070331	signature/xor/221/1	REJECTED	4	0
70070331	signature/xor/221/2	REJECTED	4	0
70070331	signature/xor/221/3	REJECTED	4	0
70070331	signature/xor/221/4	REJECTED	4	0
70070331	signature/xor/221/5	REJECTED	4	0
70070331	signature/xor/221/6	REJECTED	4	0
70070331	signature/xor/221/7	REJECTED	4	0
70070331	signature/xor/222/0	REJECTED	4	0
70070331	signature/xor/222/1	REJECTED	4	0
70070331	signature/xor/222/2	REJECTED	4	0
70070331	signature/xor/222/3	REJECTED	4	0
70070331	signature/xor/222/4	REJECTED	4	0
70070331	signature/xor/222/5	REJECTED	4	0
70070331	signature/xor/222/6	REJECTED	4	0
70070331	signature/xor/222/7	REJECTED	4	0
70070331	signature/xor/223/0	REJECTED	4	0
70070331	signature/xor/223/1	REJECTED	4	0
70070331	signature/xor/223/2	REJECTED	4	0
70070331	signature/xor/223/3	REJECTED	4	0
70070331	signature/xor/223/4	REJECTED	4	0
70070331	signature/xor/223/5	REJECTED	4	0
70070331	signature/xor/223/6	REJECTED	4	0
70070331	signature/xor/223/7	REJECTED	4	0
70070331	signature/xor/224/0	REJECTED	4	0
70070331	signature/xor/224/1	REJECTED	4	0
70070331	signature/xor/224/2	REJECTED	4	0
70070331	signature/xor/224/3	REJECTED	4	0
70070331	signature/xor/224/4	REJECTED	4	0
70070331	signature/xor/224/5	REJECTED	4	0
70070331	signature/xor/224/6	REJECTED	4	0
70070331	signature/xor/224/7	REJECTED	4	0
70070331	signature/xor/225/0	REJECTED	4	0
70070331	signature/xor/225/1	REJECTED	4	0
70070331	signature/xor/225/2	REJECTED	4	0
70070331	signature/xor/225/3	REJECTED	4	0
70070331	signature/xor/225/4	REJECTED	4	0
70070331	signature/xor/225/5	REJECTED	4	0
70070331	signature/xor/225/6	REJECTED	4	0
70070331	signature/xor/225/7	REJECTED	4	0
70070331	signature/xor/226/0	REJECTED	4	0
70070331	signature/xor/226/1	REJECTED	4	0
70070331	signature/xor/226/2	REJECTED	4	0
70070331	signature/xor/226/3	REJECTED	4	0
70070331	signature/xor/226/4	REJECTED	4	0
70070331	signature/xor/226/5	REJECTED	4	0
70070331	signature/xor/226/6	REJECTED	4	0
70070331	signature/xor/226/7	REJECTED	4	0
70070331	signature/xor/227/0	REJECTED	4	0
70070331	signature/xor/227/1	REJECTED	4	0
70070331	signature/xor/227/2	REJECTED	4	0
70070331	signature/xor/227/3	REJECTED	4	0
70070331	signature/xor/227/4	REJECTED	4	0
70070331	signature/xor/227/5	REJECTED	4	0
70070331	signature/xor/227/6	REJECTED	4	0
70070331	signature/xor/227/7	REJECTED	4	0
70070331	signature/xor/228/0	REJECTED	4	0
70070331	signature/xor/228/1	REJECTED	4	0
70070331	signature/xor/228/2	REJECTED	4	0
70070331	signature/xor/228/3	REJECTED	4	0
70070331	signature/xor/228/4	REJECTED	4	0
70070331	signature/xor/228/5	REJECTED	4	0
70070331	signature/xor/228/6	REJECTED	4	0
70070331	signature/xor/228/7	REJECTED	4	0
70070331	signature/xor/229/0	REJECTED	4	0
70070331	signature/xor/229/1	REJECTED	4	0
70070331	signature/xor/229/2	REJECTED	4	0
70070331	signature/xor/229/3	REJECTED	4	0
70070331	signature/xor/229/4	REJECTED	4	0
70070331	signature/xor/229/5	REJECTED	4	0
70070331	signature/xor/229/6	REJECTED	4	0
70070331	signature/xor/229/7	REJECTED	4	0
70070331	signature/xor/230/0	REJECTED	4	0
70070331	signature/xor/230/1	REJECTED	4	0
70070331	signature/xor/230/2	REJECTED	4	0
70070331	signature/xor/230/3	REJECTED	4	0
70070331	signature/xor/230/4	REJECTED	4	0
70070331	signature/xor/230/5	REJECTED	4	0
70070331	signature/xor/230/6	REJECTED	4	0
70070331	signature/xor/230/7	REJECTED	4	0
70070331	signature/xor/231/0	REJECTED	4	0
70070331	signature/xor/231/1	REJECTED	4	0
70070331	signature/xor/231/2	REJECTED	4	0
70070331	signature/xor/231/3	REJECTED	4	0
70070331	signature/xor/231/4	REJECTED	4	0
70070331	signature/xor/231/5	REJECTED	4	0
70070331	signature/xor/231/6	REJECTED	4	0
70070331	signature/xor/231/7	REJECTED	4	0
70070331	signature/xor/232/0	REJECTED	4	0
70070331	signature/xor/232/1	REJECTED	4	0
70070331	signature/xor/232/2	REJECTED	4	0
70070331	signature/xor/232/3	REJECTED	4	0
70070331	signature/xor/232/4	REJECTED	4	0
70070331	signature/xor/232/5	REJECTED	4	0
70070331	signature/xor/232/6	REJECTED	4	0
70070331	signature/xor/232/7	REJECTED	4	0
70070331	signature/xor/233/0	REJECTED	4	0
70070331	signature/xor/233/1	REJECTED	4	0
70070331	signature/xor/233/2	REJECTED	4	0
70070331	signature/xor/233/3	REJECTED	4	0
70070331	signature/xor/233/4	REJECTED	4	0
70070331	signature/xor/233/5	REJECTED	4	0
70070331	signature/xor/233/6	REJECTED	4	0
70070331	signature/xor/233/7	REJECTED	4	0
70070331	signature/xor/234/0	REJECTED	4	0
70070331	signature/xor/234/1	REJECTED	4	0
70070331	signature/xor/234/2	REJECTED	4	0
70070331	signature/xor/234/3	REJECTED	4	0
70070331	signature/xor/234/4	REJECTED	4	0
70070331	signature/xor/234/5	REJECTED	4	0
70070331	signature/xor/234/6	REJECTED	4	0
70070331	signature/xor/234/7	REJECTED	4	0
70070331	signature/xor/235/0	REJECTED	4	0
70070331	signature/xor/235/1	REJECTED	4	0
70070331	signature/xor/235/2	REJECTED	4	0
70070331	signature/xor/235/3	REJECTED	4	0
70070331	signature/xor/235/4	REJECTED	4	0
70070331	signature/xor/235/5	REJECTED	4	0
70070331	signature/xor/235/6	REJECTED	4	0
70070331	signature/xor/235/7	REJECTED	4	0
70070331	signature/xor/236/0	REJECTED	4	0
70070331	signature/xor/236/1	REJECTED	4	0
70070331	signature/xor/236/2	REJECTED	4	0
70070331	signature/xor/236/3	REJECTED	4	0
70070331	signature/xor/236/4	REJECTED	4	0
70070331	signature/xor/236/5	REJECTED	4	0
70070331	signature/xor/236/6	REJECTED	4	0
70070331	signature/xor/236/7	REJECTED	4	0
70070331	signature/xor/237/0	REJECTED	4	0
70070331	signature/xor/237/1	REJECTED	4	0
70070331	signature/xor/237/2	REJECTED	4	0
70070331	signature/xor/237/3	REJECTED	4	0
70070331	signature/xor/237/4	REJECTED	4	0
70070331	signature/xor/237/5	REJECTED	4	0
70070331	signature/xor/237/6	REJECTED	4	0
70070331	signature/xor/237/7	REJECTED	4	0
70070331	signature/xor/238/0	REJECTED	4	0
70070331	signature/xor/238/1	REJECTED	4	0
70070331	signature/xor/238/2	REJECTED	4	0
70070331	signature/xor/238/3	REJECTED	4	0
70070331	signature/xor/238/4	REJECTED	4	0
70070331	signature/xor/238/5	REJECTED	4	0
70070331	signature/xor/238/6	REJECTED	4	0
70070331	signature/xor/238/7	REJECTED	4	0
70070331	signature/xor/239/0	REJECTED	4	0
70070331	signature/xor/239/1	REJECTED	4	0
70070331	signature/xor/239/2	REJECTED	4	0
70070331	signature/xor/239/3	REJECTED	4	0
70070331	signature/xor/239/4	REJECTED	4	0
70070331	signature/xor/239/5	REJECTED	4	0
70070331	signature/xor/239/6	REJECTED	4	0
70070331	signature/xor/239/7	REJECTED	4	0
70070331	signature/xor/240/0	REJECTED	4	0
70070331	signature/xor/240/1	REJECTED	4	0
70070331	signature/xor/240/2	REJECTED	4	0
70070331	signature/xor/240/3	REJECTED	4	0
70070331	signature/xor/240/4	REJECTED	4	0
70070331	signature/xor/240/5	REJECTED	4	0
70070331	signature/xor/240/6	REJECTED	4	0
70070331	signature/xor/240/7	REJECTED	4	0
70070331	signature/xor/241/0	REJECTED	4	0
70070331	signature/xor/241/1	REJECTED	4	0
70070331	signature/xor/241/2	REJECTED	4	0
70070331	signature/xor/241/3	REJECTED	4	0
70070331	signature/xor/241/4	REJECTED	4	0
70070331	signature/xor/241/5	REJECTED	4	0
70070331	signature/xor/241/6	REJECTED	4	0
70070331	signature/xor/241/7	REJECTED	4	0
70070331	signature/xor/242/0	REJECTED	4	0
70070331	signature/xor/242/1	REJECTED	4	0
70070331	signature/xor/242/2	REJECTED	4	0
70070331	signature/xor/242/3	REJECTED	4	0
70070331	signature/xor/242/4	REJECTED	4	0
70070331	signature/xor/242/5	REJECTED	4	0
70070331	signature/xor/242/6	REJECTED	4	0
70070331	signature/xor/242/7	REJECTED	4	0
70070331	signature/xor/243/0	REJECTED	4	0
70070331	signature/xor/243/1	REJECTED	4	0
70070331	signature/xor/243/2	REJECTED	4	0
70070331	signature/xor/243/3	REJECTED	4	0
70070331	signature/xor/243/4	REJECTED	4	0
70070331	signature/xor/243/5	REJECTED	4	0
70070331	signature/xor/243/6	REJECTED	4	0
70070331	signature/xor/243/7	REJECTED	4	0
70070331	signature/xor/244/0	REJECTED	4	0
70070331	signature/xor/244/1	REJECTED	4	0
70070331	signature/xor/244/2	REJECTED	4	0
70070331	signature/xor/244/3	REJECTED	4	0
70070331	signature/xor/244/4	REJECTED	4	0
70070331	signature/xor/244/5	REJECTED	4	0
70070331	signature/xor/244/6	REJECTED	4	0
70070331	signature/xor/244/7	REJECTED	4	0
70070331	signature/xor/245/0	REJECTED	4	0
70070331	signature/xor/245/1	REJECTED	4	0
70070331	signature/xor/245/2	REJECTED	4	0
70070331	signature/xor/245/3	REJECTED	4	0
70070331	signature/xor/245/4	REJECTED	4	0
70070331	signature/xor/245/5	REJECTED	4	0
70070331	signature/xor/245/6	REJECTED	4	0
70070331	signature/xor/245/7	REJECTED	4	0
70070331	signature/xor/246/0	REJECTED	4	0
70070331	signature/xor/246/1	REJECTED	4	0
70070331	signature/xor/246/2	REJECTED	4	0
70070331	signature/xor/246/3	REJECTED	4	0
70070331	signature/xor/246/4	REJECTED	4	0
70070331	signature/xor/246/5	REJECTED	4	0
70070331	signature/xor/246/6	REJECTED	4	0
70070331	signature/xor/246/7	REJECTED	4	0
70070331	signature/xor/247/0	REJECTED	4	0
70070331	signature/xor/247/1	REJECTED	4	0
70070331	signature/xor/247/2	REJECTED	4	0
70070331	signature/xor/247/3	REJECTED	4	0
70070331	signature/xor/247/4	REJECTED	4	0
70070331	signature/xor/247/5	REJECTED	4	0
70070331	signature/xor/247/6	REJECTED	4	0
70070331	signature/xor/247/7	REJECTED	4	0
70070331	signature/xor/248/0	REJECTED	4	0
70070331	signature/xor/248/1	REJECTED	4	0
70070331	signature/xor/248/2	REJECTED	4	0
70070331	signature/xor/248/3	REJECTED	4	0
70070331	signature/xor/248/4	REJECTED	4	0
70070331	signature/xor/248/5	REJECTED	4	0
70070331	signature/xor/248/6	REJECTED	4	0
70070331	signature/xor/248/7	REJECTED	4	0
70070331	signature/xor/249/0	REJECTED	4	0
70070331	signature/xor/249/1	REJECTED	4	0
70070331	signature/xor/249/2	REJECTED	4	0
70070331	signature/xor/249/3	REJECTED	4	0
70070331	signature/xor/249/4	REJECTED	4	0
70070331	signature/xor/249/5	REJECTED	4	0
70070331	signature/xor/249/6	REJECTED	4	0
70070331	signature/xor/249/7	REJECTED	4	0
70070331	signature/xor/250/0	REJECTED	4	0
70070331	signature/xor/250/1	REJECTED	4	0
70070331	signature/xor/250/2	REJECTED	4	0
70070331	signature/xor/250/3	REJECTED	4	0
70070331	signature/xor/250/4	REJECTED	4	0
70070331	signature/xor/250/5	REJECTED	4	0
70070331	signature/xor/250/6	REJECTED	4	0
70070331	signature/xor/250/7	REJECTED	4	0
70070331	signature/xor/251/0	REJECTED	4	0
70070331	signature/xor/251/1	REJECTED	4	0
70070331	signature/xor/251/2	REJECTED	4	0
70070331	signature/xor/251/3	REJECTED	4	0
70070331	signature/xor/251/4	REJECTED	4	0
70070331	signature/xor/251/5	REJECTED	4	0
70070331	signature/xor/251/6	REJECTED	4	0
70070331	signature/xor/251/7	REJECTED	4	0
70070331	signature/xor/252/0	REJECTED	4	0
70070331	signature/xor/252/1	REJECTED	4	0
70070331	signature/xor/252/2	REJECTED	4	0
70070331	signature/xor/252/3	REJECTED	4	0
70070331	signature/xor/252/4	REJECTED	4	0
70070331	signature/xor/252/5	REJECTED	4	0
70070331	signature/xor/252/6	REJECTED	4	0
70070331	signature/xor/252/7	REJECTED	4	0
70070331	signature/xor/253/0	REJECTED	4	0
70070331	signature/xor/253/1	REJECTED	4	0
70070331	signature/xor/253/2	REJECTED	4	0
70070331	signature/xor/253/3	REJECTED	4	0
70070331	signature/xor/253/4	REJECTED	4	0
70070331	signature/xor/253/5	REJECTED	4	0
70070331	signature/xor/253/6	REJECTED	4	0
70070331	signature/xor/253/7	REJECTED	4	0
70070331	signature/xor/254/0	REJECTED	4	0
70070331	signature/xor/254/1	REJECTED	4	0
70070331	signature/xor/254/2	REJECTED	4	0
70070331	signature/xor/254/3	REJECTED	4	0
70070331	signature/xor/254/4	REJECTED	4	0
70070331	signature/xor/254/5	REJECTED	4	0
70070331	signature/xor/254/6	REJECTED	4	0
70070331	signature/xor/254/7	REJECTED	4	0
70070331	signature/xor/255/0	REJECTED	4	0
70070331	signature/xor/255/1	REJECTED	4	0
70070331	signature/xor/255/2	REJECTED	4	0
70070331	signature/xor/255/3	REJECTED	4	0
70070331	signature/xor/255/4	REJECTED	4	0
70070331	signature/xor/255/5	REJECTED	4	0
70070331	signature/xor/255/6	REJECTED	4	0
70070331	signature/xor/255/7	REJECTED	4	0
70070331	signature/xor/256/0	REJECTED	3	0
70070331	signature/xor/256/1	REJECTED	3	0
70070331	signature/xor/256/2	REJECTED	3	0
70070331	signature/xor/256/3	REJECTED	3	0
70070331	signature/xor/256/4	REJECTED	3	0
70070331	signature/xor/256/5	REJECTED	3	0
70070331	signature/xor/256/6	REJECTED	3	0
70070331	signature/xor/256/7	REJECTED	3	0
70070331	signature/xor/257/0	REJECTED	3	0
70070331	signature/xor/257/1	REJECTED	3	0
70070331	signature/xor/257/2	REJECTED	3	0
70070331	signature/xor/257/3	REJECTED	3	0
70070331	signature/xor/257/4	REJECTED	3	0
70070331	signature/xor/257/5	REJECTED	3	0
70070331	signature/xor/257/6	REJECTED	3	0
70070331	signature/xor/257/7	REJECTED	3	0
70070331	signature/xor/258/0	REJECTED	3	0
70070331	signature/xor/258/1	REJECTED	3	0
70070331	signature/xor/258/2	REJECTED	3	0
70070331	signature/xor/258/3	REJECTED	3	0
70070331	signature/xor/258/4	REJECTED	3	0
70070331	signature/xor/258/5	REJECTED	3	0
70070331	signature/xor/258/6	REJECTED	3	0
70070331	signature/xor/258/7	REJECTED	3	0
70070331	signature/xor/259/0	REJECTED	3	0
70070331	signature/xor/259/1	REJECTED	3	0
70070331	signature/xor/259/2	REJECTED	3	0
70070331	signature/xor/259/3	REJECTED	3	0
70070331	signature/xor/259/4	REJECTED	3	0
70070331	signature/xor/259/5	REJECTED	3	0
70070331	signature/xor/259/6	REJECTED	3	0
70070331	signature/xor/259/7	REJECTED	3	0
70070331	signature/xor/260/0	REJECTED	3	0
70070331	signature/xor/260/1	REJECTED	3	0
70070331	signature/xor/260/2	REJECTED	3	0
70070331	signature/xor/260/3	REJECTED	3	0
70070331	signature/xor/260/4	REJECTED	3	0
70070331	signature/xor/260/5	REJECTED	3	0
70070331	signature/xor/260/6	REJECTED	3	0
70070331	signature/xor/260/7	REJECTED	3	0
70070331	signature/xor/261/0	REJECTED	3	0
70070331	signature/xor/261/1	REJECTED	3	0
70070331	signature/xor/261/2	REJECTED	3	0
70070331	signature/xor/261/3	REJECTED	3	0
70070331	signature/xor/261/4	REJECTED	3	0
70070331	signature/xor/261/5	REJECTED	3	0
70070331	signature/xor/261/6	REJECTED	3	0
70070331	signature/xor/261/7	REJECTED	3	0
70070331	signature/xor/262/0	REJECTED	3	0
70070331	signature/xor/262/1	REJECTED	3	0
70070331	signature/xor/262/2	REJECTED	3	0
70070331	signature/xor/262/3	REJECTED	3	0
70070331	signature/xor/262/4	REJECTED	3	0
70070331	signature/xor/262/5	REJECTED	3	0
70070331	signature/xor/262/6	REJECTED	3	0
70070331	signature/xor/262/7	REJECTED	3	0
70070331	signature/xor/263/0	REJECTED	3	0
70070331	signature/xor/263/1	REJECTED	3	0
70070331	signature/xor/263/2	REJECTED	3	0
70070331	signature/xor/263/3	REJECTED	3	0
70070331	signature/xor/263/4	REJECTED	3	0
70070331	signature/xor/263/5	REJECTED	3	0
70070331	signature/xor/263/6	REJECTED	3	0
70070331	signature/xor/263/7	REJECTED	3	0
70070331	signature/xor/264/0	REJECTED	3	0
70070331	signature/xor/264/1	REJECTED	3	0
70070331	signature/xor/264/2	REJECTED	3	0
70070331	signature/xor/264/3	REJECTED	3	0
70070331	signature/xor/264/4	REJECTED	3	0
70070331	signature/xor/264/5	REJECTED	3	0
70070331	signature/xor/264/6	REJECTED	3	0
70070331	signature/xor/264/7	REJECTED	3	0
70070331	signature/xor/265/0	REJECTED	3	0
70070331	signature/xor/265/1	REJECTED	3	0
70070331	signature/xor/265/2	REJECTED	3	0
70070331	signature/xor/265/3	REJECTED	3	0
70070331	signature/xor/265/4	REJECTED	3	0
70070331	signature/xor/265/5	REJECTED	3	0
70070331	signature/xor/265/6	REJECTED	3	0
70070331	signature/xor/265/7	REJECTED	3	0
70070331	signature/xor/266/0	REJECTED	3	0
70070331	signature/xor/266/1	REJECTED	3	0
70070331	signature/xor/266/2	REJECTED	3	0
70070331	signature/xor/266/3	REJECTED	3	0
70070331	signature/xor/266/4	REJECTED	3	0
70070331	signature/xor/266/5	REJECTED	3	0
70070331	signature/xor/266/6	REJECTED	3	0
70070331	signature/xor/266/7	REJECTED	3	0
70070331	signature/xor/267/0	REJECTED	3	0
70070331	signature/xor/267/1	REJECTED	3	0
70070331	signature/xor/267/2	REJECTED	3	0
70070331	signature/xor/267/3	REJECTED	3	0
70070331	signature/xor/267/4	REJECTED	3	0
70070331	signature/xor/267/5	REJECTED	3	0
70070331	signature/xor/267/6	REJECTED	3	0
70070331	signature/xor/267/7	REJECTED	3	0
70070331	signature/xor/268/0	REJECTED	3	0
70070331	signature/xor/268/1	REJECTED	3	0
70070331	signature/xor/268/2	REJECTED	3	0
70070331	signature/xor/268/3	REJECTED	3	0
70070331	signature/xor/268/4	REJECTED	3	0
70070331	signature/xor/268/5	REJECTED	3	0
70070331	signature/xor/268/6	REJECTED	3	0
70070331	signature/xor/268/7	REJECTED	3	0
70070331	signature/xor/269/0	REJECTED	3	0
70070331	signature/xor/269/1	REJECTED	3	0
70070331	signature/xor/269/2	REJECTED	3	0
70070331	signature/xor/269/3	REJECTED	3	0
70070331	signature/xor/269/4	REJECTED	3	0
70070331	signature/xor/269/5	REJECTED	3	0
70070331	signature/xor/269/6	REJECTED	3	0
70070331	signature/xor/269/7	REJECTED	3	0
70070331	signature/xor/270/0	REJECTED	3	0
70070331	signature/xor/270/1	REJECTED	3	0
70070331	signature/xor/270/2	REJECTED	3	0
70070331	signature/xor/270/3	REJECTED	3	0
70070331	signature/xor/270/4	REJECTED	3	0
70070331	signature/xor/270/5	REJECTED	3	0
70070331	signature/xor/270/6	REJECTED	3	0
70070331	signature/xor/270/7	REJECTED	3	0
70070331	signature/xor/271/0	REJECTED	3	0
70070331	signature/xor/271/1	REJECTED	3	0
70070331	signature/xor/271/2	REJECTED	3	0
70070331	signature/xor/271/3	REJECTED	3	0
70070331	signature/xor/271/4	REJECTED	3	0
70070331	signature/xor/271/5	REJECTED	3	0
70070331	signature/xor/271/6	REJECTED	3	0
70070331	signature/xor/271/7	REJECTED	3	0
70070331	signature/xor/272/0	REJECTED	3	0
70070331	signature/xor/272/1	REJECTED	3	0
70070331	signature/xor/272/2	REJECTED	3	0
70070331	signature/xor/272/3	REJECTED	3	0
70070331	signature/xor/272/4	REJECTED	3	0
70070331	signature/xor/272/5	REJECTED	3	0
70070331	signature/xor/272/6	REJECTED	3	0
70070331	signature/xor/272/7	REJECTED	3	0
70070331	signature/xor/273/0	REJECTED	3	0
70070331	signature/xor/273/1	REJECTED	3	0
70070331	signature/xor/273/2	REJECTED	3	0
70070331	signature/xor/273/3	REJECTED	3	0
70070331	signature/xor/273/4	REJECTED	3	0
70070331	signature/xor/273/5	REJECTED	3	0
70070331	signature/xor/273/6	REJECTED	3	0
70070331	signature/xor/273/7	REJECTED	3	0
70070331	signature/xor/274/0	REJECTED	3	0
70070331	signature/xor/274/1	REJECTED	3	0
70070331	signature/xor/274/2	REJECTED	3	0
70070331	signature/xor/274/3	REJECTED	3	0
70070331	signature/xor/274/4	REJECTED	3	0
70070331	signature/xor/274/5	REJECTED	3	0
70070331	signature/xor/274/6	REJECTED	3	0
70070331	signature/xor/274/7	REJECTED	3	0
70070331	signature/xor/275/0	REJECTED	3	0
70070331	signature/xor/275/1	REJECTED	3	0
70070331	signature/xor/275/2	REJECTED	3	0
70070331	signature/xor/275/3	REJECTED	3	0
70070331	signature/xor/275/4	REJECTED	3	0
70070331	signature/xor/275/5	REJECTED	3	0
70070331	signature/xor/275/6	REJECTED	3	0
70070331	signature/xor/275/7	REJECTED	3	0
70070331	signature/xor/276/0	REJECTED	3	0
70070331	signature/xor/276/1	REJECTED	3	0
70070331	signature/xor/276/2	REJECTED	3	0
70070331	signature/xor/276/3	REJECTED	3	0
70070331	signature/xor/276/4	REJECTED	3	0
70070331	signature/xor/276/5	REJECTED	3	0
70070331	signature/xor/276/6	REJECTED	3	0
70070331	signature/xor/276/7	REJECTED	3	0
70070331	signature/xor/277/0	REJECTED	3	0
70070331	signature/xor/277/1	REJECTED	3	0
70070331	signature/xor/277/2	REJECTED	3	0
70070331	signature/xor/277/3	REJECTED	3	0
70070331	signature/xor/277/4	REJECTED	3	0
70070331	signature/xor/277/5	REJECTED	3	0
70070331	signature/xor/277/6	REJECTED	3	0
70070331	signature/xor/277/7	REJECTED	3	0
70070331	signature/xor/278/0	REJECTED	3	0
70070331	signature/xor/278/1	REJECTED	3	0
70070331	signature/xor/278/2	REJECTED	3	0
70070331	signature/xor/278/3	REJECTED	3	0
70070331	signature/xor/278/4	REJECTED	3	0
70070331	signature/xor/278/5	REJECTED	3	0
70070331	signature/xor/278/6	REJECTED	3	0
70070331	signature/xor/278/7	REJECTED	3	0
70070331	signature/xor/279/0	REJECTED	3	0
70070331	signature/xor/279/1	REJECTED	3	0
70070331	signature/xor/279/2	REJECTED	3	0
70070331	signature/xor/279/3	REJECTED	3	0
70070331	signature/xor/279/4	REJECTED	3	0
70070331	signature/xor/279/5	REJECTED	3	0
70070331	signature/xor/279/6	REJECTED	3	0
70070331	signature/xor/279/7	REJECTED	3	0
70070331	signature/xor/280/0	REJECTED	3	0
70070331	signature/xor/280/1	REJECTED	3	0
70070331	signature/xor/280/2	REJECTED	3	0
70070331	signature/xor/280/3	REJECTED	3	0
70070331	signature/xor/280/4	REJECTED	3	0
70070331	signature/xor/280/5	REJECTED	3	0
70070331	signature/xor/280/6	REJECTED	3	0
70070331	signature/xor/280/7	REJECTED	3	0
70070331	signature/xor/281/0	REJECTED	3	0
70070331	signature/xor/281/1	REJECTED	3	0
70070331	signature/xor/281/2	REJECTED	3	0
70070331	signature/xor/281/3	REJECTED	3	0
70070331	signature/xor/281/4	REJECTED	3	0
70070331	signature/xor/281/5	REJECTED	3	0
70070331	signature/xor/281/6	REJECTED	3	0
70070331	signature/xor/281/7	REJECTED	3	0
70070331	signature/xor/282/0	REJECTED	3	0
70070331	signature/xor/282/1	REJECTED	3	0
70070331	signature/xor/282/2	REJECTED	3	0
70070331	signature/xor/282/3	REJECTED	3	0
70070331	signature/xor/282/4	REJECTED	3	0
70070331	signature/xor/282/5	REJECTED	3	0
70070331	signature/xor/282/6	REJECTED	3	0
70070331	signature/xor/282/7	REJECTED	3	0
70070331	signature/xor/283/0	REJECTED	3	0
70070331	signature/xor/283/1	REJECTED	3	0
70070331	signature/xor/283/2	REJECTED	3	0
70070331	signature/xor/283/3	REJECTED	3	0
70070331	signature/xor/283/4	REJECTED	3	0
70070331	signature/xor/283/5	REJECTED	3	0
70070331	signature/xor/283/6	REJECTED	3	0
70070331	signature/xor/283/7	REJECTED	3	0
70070331	signature/xor/284/0	REJECTED	3	0
70070331	signature/xor/284/1	REJECTED	3	0
70070331	signature/xor/284/2	REJECTED	3	0
70070331	signature/xor/284/3	REJECTED	3	0
70070331	signature/xor/284/4	REJECTED	3	0
70070331	signature/xor/284/5	REJECTED	3	0
70070331	signature/xor/284/6	REJECTED	3	0
70070331	signature/xor/284/7	REJECTED	3	0
70070331	signature/xor/285/0	REJECTED	3	0
70070331	signature/xor/285/1	REJECTED	3	0
70070331	signature/xor/285/2	REJECTED	3	0
70070331	signature/xor/285/3	REJECTED	3	0
70070331	signature/xor/285/4	REJECTED	3	0
70070331	signature/xor/285/5	REJECTED	3	0
70070331	signature/xor/285/6	REJECTED	3	0
70070331	signature/xor/285/7	REJECTED	3	0
70070331	signature/xor/286/0	REJECTED	3	0
70070331	signature/xor/286/1	REJECTED	3	0
70070331	signature/xor/286/2	REJECTED	3	0
70070331	signature/xor/286/3	REJECTED	3	0
70070331	signature/xor/286/4	REJECTED	3	0
70070331	signature/xor/286/5	REJECTED	3	0
70070331	signature/xor/286/6	REJECTED	3	0
70070331	signature/xor/286/7	REJECTED	3	0
70070331	signature/xor/287/0	REJECTED	3	0
70070331	signature/xor/287/1	REJECTED	3	0
70070331	signature/xor/287/2	REJECTED	3	0
70070331	signature/xor/287/3	REJECTED	3	0
70070331	signature/xor/287/4	REJECTED	3	0
70070331	signature/xor/287/5	REJECTED	3	0
70070331	signature/xor/287/6	REJECTED	3	0
70070331	signature/xor/287/7	REJECTED	3	0
70070331	signature/xor/288/0	REJECTED	3	0
70070331	signature/xor/288/1	REJECTED	3	0
70070331	signature/xor/288/2	REJECTED	3	0
70070331	signature/xor/288/3	REJECTED	3	0
70070331	signature/xor/288/4	REJECTED	3	0
70070331	signature/xor/288/5	REJECTED	3	0
70070331	signature/xor/288/6	REJECTED	3	0
70070331	signature/xor/288/7	REJECTED	3	0
70070331	signature/xor/289/0	REJECTED	3	0
70070331	signature/xor/289/1	REJECTED	3	0
70070331	signature/xor/289/2	REJECTED	3	0
70070331	signature/xor/289/3	REJECTED	3	0
70070331	signature/xor/289/4	REJECTED	3	0
70070331	signature/xor/289/5	REJECTED	3	0
70070331	signature/xor/289/6	REJECTED	3	0
70070331	signature/xor/289/7	REJECTED	3	0
70070331	signature/xor/290/0	REJECTED	3	0
70070331	signature/xor/290/1	REJECTED	3	0
70070331	signature/xor/290/2	REJECTED	3	0
70070331	signature/xor/290/3	REJECTED	3	0
70070331	signature/xor/290/4	REJECTED	3	0
70070331	signature/xor/290/5	REJECTED	3	0
70070331	signature/xor/290/6	REJECTED	3	0
70070331	signature/xor/290/7	REJECTED	3	0
70070331	signature/xor/291/0	REJECTED	3	0
70070331	signature/xor/291/1	REJECTED	3	0
70070331	signature/xor/291/2	REJECTED	3	0
70070331	signature/xor/291/3	REJECTED	3	0
70070331	signature/xor/291/4	REJECTED	3	0
70070331	signature/xor/291/5	REJECTED	3	0
70070331	signature/xor/291/6	REJECTED	3	0
70070331	signature/xor/291/7	REJECTED	3	0
70070331	signature/xor/292/0	REJECTED	3	0
70070331	signature/xor/292/1	REJECTED	3	0
70070331	signature/xor/292/2	REJECTED	3	0
70070331	signature/xor/292/3	REJECTED	3	0
70070331	signature/xor/292/4	REJECTED	3	0
70070331	signature/xor/292/5	REJECTED	3	0
70070331	signature/xor/292/6	REJECTED	3	0
70070331	signature/xor/292/7	REJECTED	3	0
70070331	signature/xor/293/0	REJECTED	3	0
70070331	signature/xor/293/1	REJECTED	3	0
70070331	signature/xor/293/2	REJECTED	3	0
70070331	signature/xor/293/3	REJECTED	3	0
70070331	signature/xor/293/4	REJECTED	3	0
70070331	signature/xor/293/5	REJECTED	3	0
70070331	signature/xor/293/6	REJECTED	3	0
70070331	signature/xor/293/7	REJECTED	3	0
70070331	signature/xor/294/0	REJECTED	3	0
70070331	signature/xor/294/1	REJECTED	3	0
70070331	signature/xor/294/2	REJECTED	3	0
70070331	signature/xor/294/3	REJECTED	3	0
70070331	signature/xor/294/4	REJECTED	3	0
70070331	signature/xor/294/5	REJECTED	3	0
70070331	signature/xor/294/6	REJECTED	3	0
70070331	signature/xor/294/7	REJECTED	3	0
70070331	signature/xor/295/0	REJECTED	3	0
70070331	signature/xor/295/1	REJECTED	3	0
70070331	signature/xor/295/2	REJECTED	3	0
70070331	signature/xor/295/3	REJECTED	3	0
70070331	signature/xor/295/4	REJECTED	3	0
70070331	signature/xor/295/5	REJECTED	3	0
70070331	signature/xor/295/6	REJECTED	3	0
70070331	signature/xor/295/7	REJECTED	3	0
70070331	signature/xor/296/0	REJECTED	3	0
70070331	signature/xor/296/1	REJECTED	3	0
70070331	signature/xor/296/2	REJECTED	3	0
70070331	signature/xor/296/3	REJECTED	3	0
70070331	signature/xor/296/4	REJECTED	3	0
70070331	signature/xor/296/5	REJECTED	3	0
70070331	signature/xor/296/6	REJECTED	3	0
70070331	signature/xor/296/7	REJECTED	3	0
70070331	signature/xor/297/0	REJECTED	3	0
70070331	signature/xor/297/1	REJECTED	3	0
70070331	signature/xor/297/2	REJECTED	3	0
70070331	signature/xor/297/3	REJECTED	3	0
70070331	signature/xor/297/4	REJECTED	3	0
70070331	signature/xor/297/5	REJECTED	3	0
70070331	signature/xor/297/6	REJECTED	3	0
70070331	signature/xor/297/7	REJECTED	3	0
70070331	signature/xor/298/0	REJECTED	3	0
70070331	signature/xor/298/1	REJECTED	3	0
70070331	signature/xor/298/2	REJECTED	3	0
70070331	signature/xor/298/3	REJECTED	3	0
70070331	signature/xor/298/4	REJECTED	3	0
70070331	signature/xor/298/5	REJECTED	3	0
70070331	signature/xor/298/6	REJECTED	3	0
70070331	signature/xor/298/7	REJECTED	3	0
70070331	signature/xor/299/0	REJECTED	3	0
70070331	signature/xor/299/1	REJECTED	3	0
70070331	signature/xor/299/2	REJECTED	3	0
70070331	signature/xor/299/3	REJECTED	3	0
70070331	signature/xor/299/4	REJECTED	3	0
70070331	signature/xor/299/5	REJECTED	3	0
70070331	signature/xor/299/6	REJECTED	3	0
70070331	signature/xor/299/7	REJECTED	3	0
70070331	signature/xor/300/0	REJECTED	3	0
70070331	signature/xor/300/1	REJECTED	3	0
70070331	signature/xor/300/2	REJECTED	3	0
70070331	signature/xor/300/3	REJECTED	3	0
70070331	signature/xor/300/4	REJECTED	3	0
70070331	signature/xor/300/5	REJECTED	3	0
70070331	signature/xor/300/6	REJECTED	3	0
70070331	signature/xor/300/7	REJECTED	3	0
70070331	signature/xor/301/0	REJECTED	3	0
70070331	signature/xor/301/1	REJECTED	3	0
70070331	signature/xor/301/2	REJECTED	3	0
70070331	signature/xor/301/3	REJECTED	3	0
70070331	signature/xor/301/4	REJECTED	3	0
70070331	signature/xor/301/5	REJECTED	3	0
70070331	signature/xor/301/6	REJECTED	3	0
70070331	signature/xor/301/7	REJECTED	3	0
70070331	signature/xor/302/0	REJECTED	3	0
70070331	signature/xor/302/1	REJECTED	3	0
70070331	signature/xor/302/2	REJECTED	3	0
70070331	signature/xor/302/3	REJECTED	3	0
70070331	signature/xor/302/4	REJECTED	3	0
70070331	signature/xor/302/5	REJECTED	3	0
70070331	signature/xor/302/6	REJECTED	3	0
70070331	signature/xor/302/7	REJECTED	3	0
70070331	signature/xor/303/0	REJECTED	3	0
70070331	signature/xor/303/1	REJECTED	3	0
70070331	signature/xor/303/2	REJECTED	3	0
70070331	signature/xor/303/3	REJECTED	3	0
70070331	signature/xor/303/4	REJECTED	3	0
70070331	signature/xor/303/5	REJECTED	3	0
70070331	signature/xor/303/6	REJECTED	3	0
70070331	signature/xor/303/7	REJECTED	3	0
70070331	signature/xor/304/0	REJECTED	3	0
70070331	signature/xor/304/1	REJECTED	3	0
70070331	signature/xor/304/2	REJECTED	3	0
70070331	signature/xor/304/3	REJECTED	3	0
70070331	signature/xor/304/4	REJECTED	3	0
70070331	signature/xor/304/5	REJECTED	3	0
70070331	signature/xor/304/6	REJECTED	3	0
70070331	signature/xor/304/7	REJECTED	3	0
70070331	signature/xor/305/0	REJECTED	3	0
70070331	signature/xor/305/1	REJECTED	3	0
70070331	signature/xor/305/2	REJECTED	3	0
70070331	signature/xor/305/3	REJECTED	3	0
70070331	signature/xor/305/4	REJECTED	3	0
70070331	signature/xor/305/5	REJECTED	3	0
70070331	signature/xor/305/6	REJECTED	3	0
70070331	signature/xor/305/7	REJECTED	3	0
70070331	signature/xor/306/0	REJECTED	3	0
70070331	signature/xor/306/1	REJECTED	3	0
70070331	signature/xor/306/2	REJECTED	3	0
70070331	signature/xor/306/3	REJECTED	3	0
70070331	signature/xor/306/4	REJECTED	3	0
70070331	signature/xor/306/5	REJECTED	3	0
70070331	signature/xor/306/6	REJECTED	3	0
70070331	signature/xor/306/7	REJECTED	3	0
70070331	signature/xor/307/0	REJECTED	3	0
70070331	signature/xor/307/1	REJECTED	3	0
70070331	signature/xor/307/2	REJECTED	3	0
70070331	signature/xor/307/3	REJECTED	3	0
70070331	signature/xor/307/4	REJECTED	3	0
70070331	signature/xor/307/5	REJECTED	3	0
70070331	signature/xor/307/6	REJECTED	3	0
70070331	signature/xor/307/7	REJECTED	3	0
70070331	signature/xor/308/0	REJECTED	3	0
70070331	signature/xor/308/1	REJECTED	3	0
70070331	signature/xor/308/2	REJECTED	3	0
70070331	signature/xor/308/3	REJECTED	3	0
70070331	signature/xor/308/4	REJECTED	3	0
70070331	signature/xor/308/5	REJECTED	3	0
70070331	signature/xor/308/6	REJECTED	3	0
70070331	signature/xor/308/7	REJECTED	3	0
70070331	signature/xor/309/0	REJECTED	3	0
70070331	signature/xor/309/1	REJECTED	3	0
70070331	signature/xor/309/2	REJECTED	3	0
70070331	signature/xor/309/3	REJECTED	3	0
70070331	signature/xor/309/4	REJECTED	3	0
70070331	signature/xor/309/5	REJECTED	3	0
70070331	signature/xor/309/6	REJECTED	3	0
70070331	signature/xor/309/7	REJECTED	3	0
70070331	signature/xor/310/0	REJECTED	3	0
70070331	signature/xor/310/1	REJECTED	3	0
70070331	signature/xor/310/2	REJECTED	3	0
70070331	signature/xor/310/3	REJECTED	3	0
70070331	signature/xor/310/4	REJECTED	3	0
70070331	signature/xor/310/5	REJECTED	3	0
70070331	signature/xor/310/6	REJECTED	3	0
70070331	signature/xor/310/7	REJECTED	3	0
70070331	signature/xor/311/0	REJECTED	3	0
70070331	signature/xor/311/1	REJECTED	3	0
70070331	signature/xor/311/2	REJECTED	3	0
70070331	signature/xor/311/3	REJECTED	3	0
70070331	signature/xor/311/4	REJECTED	3	0
70070331	signature/xor/311/5	REJECTED	3	0
70070331	signature/xor/311/6	REJECTED	3	0
70070331	signature/xor/311/7	REJECTED	3	0
70070331	signature/xor/312/0	REJECTED	3	0
70070331	signature/xor/312/1	REJECTED	3	0
70070331	signature/xor/312/2	REJECTED	3	0
70070331	signature/xor/312/3	REJECTED	3	0
70070331	signature/xor/312/4	REJECTED	3	0
70070331	signature/xor/312/5	REJECTED	3	0
70070331	signature/xor/312/6	REJECTED	3	0
70070331	signature/xor/312/7	REJECTED	3	0
70070331	signature/xor/313/0	REJECTED	3	0
70070331	signature/xor/313/1	REJECTED	3	0
70070331	signature/xor/313/2	REJECTED	3	0
70070331	signature/xor/313/3	REJECTED	3	0
70070331	signature/xor/313/4	REJECTED	3	0
70070331	signature/xor/313/5	REJECTED	3	0
70070331	signature/xor/313/6	REJECTED	3	0
70070331	signature/xor/313/7	REJECTED	3	0
70070331	signature/xor/314/0	REJECTED	3	0
70070331	signature/xor/314/1	REJECTED	3	0
70070331	signature/xor/314/2	REJECTED	3	0
70070331	signature/xor/314/3	REJECTED	3	0
70070331	signature/xor/314/4	REJECTED	3	0
70070331	signature/xor/314/5	REJECTED	3	0
70070331	signature/xor/314/6	REJECTED	3	0
70070331	signature/xor/314/7	REJECTED	3	0
70070331	signature/xor/315/0	REJECTED	3	0
70070331	signature/xor/315/1	REJECTED	3	0
70070331	signature/xor/315/2	REJECTED	3	0
70070331	signature/xor/315/3	REJECTED	3	0
70070331	signature/xor/315/4	REJECTED	3	0
70070331	signature/xor/315/5	REJECTED	3	0
70070331	signature/xor/315/6	REJECTED	3	0
70070331	signature/xor/315/7	REJECTED	3	0
70070331	signature/xor/316/0	REJECTED	3	0
70070331	signature/xor/316/1	REJECTED	3	0
70070331	signature/xor/316/2	REJECTED	3	0
70070331	signature/xor/316/3	REJECTED	3	0
70070331	signature/xor/316/4	REJECTED	3	0
70070331	signature/xor/316/5	REJECTED	3	0
70070331	signature/xor/316/6	REJECTED	3	0
70070331	signature/xor/316/7	REJECTED	3	0
70070331	signature/xor/317/0	REJECTED	3	0
70070331	signature/xor/317/1	REJECTED	3	0
70070331	signature/xor/317/2	REJECTED	3	0
70070331	signature/xor/317/3	REJECTED	3	0
70070331	signature/xor/317/4	REJECTED	3	0
70070331	signature/xor/317/5	REJECTED	3	0
70070331	signature/xor/317/6	REJECTED	3	0
70070331	signature/xor/317/7	REJECTED	3	0
70070331	signature/xor/318/0	REJECTED	3	0
70070331	signature/xor/318/1	REJECTED	3	0
70070331	signature/xor/318/2	REJECTED	3	0
70070331	signature/xor/318/3	REJECTED	3	0
70070331	signature/xor/318/4	REJECTED	3	0
70070331	signature/xor/318/5	REJECTED	3	0
70070331	signature/xor/318/6	REJECTED	3	0
70070331	signature/xor/318/7	REJECTED	3	0
70070331	signature/xor/319/0	REJECTED	3	0
70070331	signature/xor/319/1	REJECTED	3	0
70070331	signature/xor/319/2	REJECTED	3	0
70070331	signature/xor/319/3	REJECTED	3	0
70070331	signature/xor/319/4	REJECTED	3	0
70070331	signature/xor/319/5	REJECTED	3	0
70070331	signature/xor/319/6	REJECTED	3	0
70070331	signature/xor/319/7	REJECTED	3	0
70070331	signature/xor/320/0	REJECTED	2	0
70070331	signature/xor/320/1	REJECTED	2	0
70070331	signature/xor/320/2	REJECTED	2	0
70070331	signature/xor/320/3	REJECTED	2	0
70070331	signature/xor/320/4	REJECTED	2	0
70070331	signature/xor/320/5	REJECTED	2	0
70070331	signature/xor/320/6	REJECTED	2	0
70070331	signature/xor/320/7	REJECTED	2	0
70070331	signature/xor/321/0	REJECTED	2	0
70070331	signature/xor/321/1	REJECTED	2	0
70070331	signature/xor/321/2	REJECTED	2	0
70070331	signature/xor/321/3	REJECTED	2	0
70070331	signature/xor/321/4	REJECTED	2	0
70070331	signature/xor/321/5	REJECTED	2	0
70070331	signature/xor/321/6	REJECTED	2	0
70070331	signature/xor/321/7	REJECTED	2	0
70070331	signature/xor/322/0	REJECTED	2	0
70070331	signature/xor/322/1	REJECTED	2	0
70070331	signature/xor/322/2	REJECTED	2	0
70070331	signature/xor/322/3	REJECTED	2	0
70070331	signature/xor/322/4	REJECTED	2	0
70070331	signature/xor/322/5	REJECTED	2	0
70070331	signature/xor/322/6	REJECTED	2	0
70070331	signature/xor/322/7	REJECTED	2	0
70070331	signature/xor/323/0	REJECTED	2	0
70070331	signature/xor/323/1	REJECTED	2	0
70070331	signature/xor/323/2	REJECTED	2	0
70070331	signature/xor/323/3	REJECTED	2	0
70070331	signature/xor/323/4	REJECTED	2	0
70070331	signature/xor/323/5	REJECTED	2	0
70070331	signature/xor/323/6	REJECTED	2	0
70070331	signature/xor/323/7	REJECTED	2	0
70070331	signature/xor/324/0	REJECTED	2	0
70070331	signature/xor/324/1	REJECTED	2	0
70070331	signature/xor/324/2	REJECTED	2	0
70070331	signature/xor/324/3	REJECTED	2	0
70070331	signature/xor/324/4	REJECTED	2	0
70070331	signature/xor/324/5	REJECTED	2	0
70070331	signature/xor/324/6	REJECTED	2	0
70070331	signature/xor/324/7	REJECTED	2	0
70070331	signature/xor/325/0	REJECTED	2	0
70070331	signature/xor/325/1	REJECTED	2	0
70070331	signature/xor/325/2	REJECTED	2	0
70070331	signature/xor/325/3	REJECTED	2	0
70070331	signature/xor/325/4	REJECTED	2	0
70070331	signature/xor/325/5	REJECTED	2	0
70070331	signature/xor/325/6	REJECTED	2	0
70070331	signature/xor/325/7	REJECTED	2	0
70070331	signature/xor/326/0	REJECTED	2	0
70070331	signature/xor/326/1	REJECTED	2	0
70070331	signature/xor/326/2	REJECTED	2	0
70070331	signature/xor/326/3	REJECTED	2	0
70070331	signature/xor/326/4	REJECTED	2	0
70070331	signature/xor/326/5	REJECTED	2	0
70070331	signature/xor/326/6	REJECTED	2	0
70070331	signature/xor/326/7	REJECTED	2	0
70070331	signature/xor/327/0	REJECTED	2	0
70070331	signature/xor/327/1	REJECTED	2	0
70070331	signature/xor/327/2	REJECTED	2	0
70070331	signature/xor/327/3	REJECTED	2	0
70070331	signature/xor/327/4	REJECTED	2	0
70070331	signature/xor/327/5	REJECTED	2	0
70070331	signature/xor/327/6	REJECTED	2	0
70070331	signature/xor/327/7	REJECTED	2	0
70070331	signature/xor/328/0	REJECTED	2	0
70070331	signature/xor/328/1	REJECTED	2	0
70070331	signature/xor/328/2	REJECTED	2	0
70070331	signature/xor/328/3	REJECTED	2	0
70070331	signature/xor/328/4	REJECTED	2	0
70070331	signature/xor/328/5	REJECTED	2	0
70070331	signature/xor/328/6	REJECTED	2	0
70070331	signature/xor/328/7	REJECTED	2	0
70070331	signature/xor/329/0	REJECTED	2	0
70070331	signature/xor/329/1	REJECTED	2	0
70070331	signature/xor/329/2	REJECTED	2	0
70070331	signature/xor/329/3	REJECTED	2	0
70070331	signature/xor/329/4	REJECTED	2	0
70070331	signature/xor/329/5	REJECTED	2	0
70070331	signature/xor/329/6	REJECTED	2	0
70070331	signature/xor/329/7	REJECTED	2	0
70070331	signature/xor/330/0	REJECTED	2	0
70070331	signature/xor/330/1	REJECTED	2	0
70070331	signature/xor/330/2	REJECTED	2	0
70070331	signature/xor/330/3	REJECTED	2	0
70070331	signature/xor/330/4	REJECTED	2	0
70070331	signature/xor/330/5	REJECTED	2	0
70070331	signature/xor/330/6	REJECTED	2	0
70070331	signature/xor/330/7	REJECTED	2	0
70070331	signature/xor/331/0	REJECTED	2	0
70070331	signature/xor/331/1	REJECTED	2	0
70070331	signature/xor/331/2	REJECTED	2	0
70070331	signature/xor/331/3	REJECTED	2	0
70070331	signature/xor/331/4	REJECTED	2	0
70070331	signature/xor/331/5	REJECTED	2	0
70070331	signature/xor/331/6	REJECTED	2	0
70070331	signature/xor/331/7	REJECTED	2	0
70070331	signature/xor/332/0	REJECTED	2	0
70070331	signature/xor/332/1	REJECTED	2	0
70070331	signature/xor/332/2	REJECTED	2	0
70070331	signature/xor/332/3	REJECTED	2	0
70070331	signature/xor/332/4	REJECTED	2	0
70070331	signature/xor/332/5	REJECTED	2	0
70070331	signature/xor/332/6	REJECTED	2	0
70070331	signature/xor/332/7	REJECTED	2	0
70070331	signature/xor/333/0	REJECTED	2	0
70070331	signature/xor/333/1	REJECTED	2	0
70070331	signature/xor/333/2	REJECTED	2	0
70070331	signature/xor/333/3	REJECTED	2	0
70070331	signature/xor/333/4	REJECTED	2	0
70070331	signature/xor/333/5	REJECTED	2	0
70070331	signature/xor/333/6	REJECTED	2	0
70070331	signature/xor/333/7	REJECTED	2	0
70070331	signature/xor/334/0	REJECTED	2	0
70070331	signature/xor/334/1	REJECTED	2	0
70070331	signature/xor/334/2	REJECTED	2	0
70070331	signature/xor/334/3	REJECTED	2	0
70070331	signature/xor/334/4	REJECTED	2	0
70070331	signature/xor/334/5	REJECTED	2	0
70070331	signature/xor/334/6	REJECTED	2	0
70070331	signature/xor/334/7	REJECTED	2	0
70070331	signature/xor/335/0	REJECTED	2	0
70070331	signature/xor/335/1	REJECTED	2	0
70070331	signature/xor/335/2	REJECTED	2	0
70070331	signature/xor/335/3	REJECTED	2	0
70070331	signature/xor/335/4	REJECTED	2	0
70070331	signature/xor/335/5	REJECTED	2	0
70070331	signature/xor/335/6	REJECTED	2	0
70070331	signature/xor/335/7	REJECTED	2	0
70070331	signature/xor/336/0	REJECTED	2	0
70070331	signature/xor/336/1	REJECTED	2	0
70070331	signature/xor/336/2	REJECTED	2	0
70070331	signature/xor/336/3	REJECTED	2	0
70070331	signature/xor/336/4	REJECTED	2	0
70070331	signature/xor/336/5	REJECTED	2	0
70070331	signature/xor/336/6	REJECTED	2	0
70070331	signature/xor/336/7	REJECTED	2	0
70070331	signature/xor/337/0	REJECTED	2	0
70070331	signature/xor/337/1	REJECTED	2	0
70070331	signature/xor/337/2	REJECTED	2	0
70070331	signature/xor/337/3	REJECTED	2	0
70070331	signature/xor/337/4	REJECTED	2	0
70070331	signature/xor/337/5	REJECTED	2	0
70070331	signature/xor/337/6	REJECTED	2	0
70070331	signature/xor/337/7	REJECTED	2	0
70070331	signature/xor/338/0	REJECTED	2	0
70070331	signature/xor/338/1	REJECTED	2	0
70070331	signature/xor/338/2	REJECTED	2	0
70070331	signature/xor/338/3	REJECTED	2	0
70070331	signature/xor/338/4	REJECTED	2	0
70070331	signature/xor/338/5	REJECTED	2	0
70070331	signature/xor/338/6	REJECTED	2	0
70070331	signature/xor/338/7	REJECTED	2	0
70070331	signature/xor/339/0	REJECTED	2	0
70070331	signature/xor/339/1	REJECTED	2	0
70070331	signature/xor/339/2	REJECTED	2	0
70070331	signature/xor/339/3	REJECTED	2	0
70070331	signature/xor/339/4	REJECTED	2	0
70070331	signature/xor/339/5	REJECTED	2	0
70070331	signature/xor/339/6	REJECTED	2	0
70070331	signature/xor/339/7	REJECTED	2	0
70070331	signature/xor/340/0	REJECTED	2	0
70070331	signature/xor/340/1	REJECTED	2	0
70070331	signature/xor/340/2	REJECTED	2	0
70070331	signature/xor/340/3	REJECTED	2	0
70070331	signature/xor/340/4	REJECTED	2	0
70070331	signature/xor/340/5	REJECTED	2	0
70070331	signature/xor/340/6	REJECTED	2	0
70070331	signature/xor/340/7	REJECTED	2	0
70070331	signature/xor/341/0	REJECTED	2	0
70070331	signature/xor/341/1	REJECTED	2	0
70070331	signature/xor/341/2	REJECTED	2	0
70070331	signature/xor/341/3	REJECTED	2	0
70070331	signature/xor/341/4	REJECTED	2	0
70070331	signature/xor/341/5	REJECTED	2	0
70070331	signature/xor/341/6	REJECTED	2	0
70070331	signature/xor/341/7	REJECTED	2	0
70070331	signature/xor/342/0	REJECTED	2	0
70070331	signature/xor/342/1	REJECTED	2	0
70070331	signature/xor/342/2	REJECTED	2	0
70070331	signature/xor/342/3	REJECTED	2	0
70070331	signature/xor/342/4	REJECTED	2	0
70070331	signature/xor/342/5	REJECTED	2	0
70070331	signature/xor/342/6	REJECTED	2	0
70070331	signature/xor/342/7	REJECTED	2	0
70070331	signature/xor/343/0	REJECTED	2	0
70070331	signature/xor/343/1	REJECTED	2	0
70070331	signature/xor/343/2	REJECTED	2	0
70070331	signature/xor/343/3	REJECTED	2	0
70070331	signature/xor/343/4	REJECTED	2	0
70070331	signature/xor/343/5	REJECTED	2	0
70070331	signature/xor/343/6	REJECTED	2	0
70070331	signature/xor/343/7	REJECTED	2	0
70070331	signature/xor/344/0	REJECTED	2	0
70070331	signature/xor/344/1	REJECTED	2	0
70070331	signature/xor/344/2	REJECTED	2	0
70070331	signature/xor/344/3	REJECTED	2	0
70070331	signature/xor/344/4	REJECTED	2	0
70070331	signature/xor/344/5	REJECTED	2	0
70070331	signature/xor/344/6	REJECTED	2	0
70070331	signature/xor/344/7	REJECTED	2	0
70070331	signature/xor/345/0	REJECTED	2	0
70070331	signature/xor/345/1	REJECTED	2	0
70070331	signature/xor/345/2	REJECTED	2	0
70070331	signature/xor/345/3	REJECTED	2	0
70070331	signature/xor/345/4	REJECTED	2	0
70070331	signature/xor/345/5	REJECTED	2	0
70070331	signature/xor/345/6	REJECTED	2	0
70070331	signature/xor/345/7	REJECTED	2	0
70070331	signature/xor/346/0	REJECTED	2	0
70070331	signature/xor/346/1	REJECTED	2	0
70070331	signature/xor/346/2	REJECTED	2	0
70070331	signature/xor/346/3	REJECTED	2	0
70070331	signature/xor/346/4	REJECTED	2	0
70070331	signature/xor/346/5	REJECTED	2	0
70070331	signature/xor/346/6	REJECTED	2	0
70070331	signature/xor/346/7	REJECTED	2	0
70070331	signature/xor/347/0	REJECTED	2	0
70070331	signature/xor/347/1	REJECTED	2	0
70070331	signature/xor/347/2	REJECTED	2	0
70070331	signature/xor/347/3	REJECTED	2	0
70070331	signature/xor/347/4	REJECTED	2	0
70070331	signature/xor/347/5	REJECTED	2	0
70070331	signature/xor/347/6	REJECTED	2	0
70070331	signature/xor/347/7	REJECTED	2	0
70070331	signature/xor/348/0	REJECTED	2	0
70070331	signature/xor/348/1	REJECTED	2	0
70070331	signature/xor/348/2	REJECTED	2	0
70070331	signature/xor/348/3	REJECTED	2	0
70070331	signature/xor/348/4	REJECTED	2	0
70070331	signature/xor/348/5	REJECTED	2	0
70070331	signature/xor/348/6	REJECTED	2	0
70070331	signature/xor/348/7	REJECTED	2	0
70070331	signature/xor/349/0	REJECTED	2	0
70070331	signature/xor/349/1	REJECTED	2	0
70070331	signature/xor/349/2	REJECTED	2	0
70070331	signature/xor/349/3	REJECTED	2	0
70070331	signature/xor/349/4	REJECTED	2	0
70070331	signature/xor/349/5	REJECTED	2	0
70070331	signature/xor/349/6	REJECTED	2	0
70070331	signature/xor/349/7	REJECTED	2	0
70070331	signature/xor/350/0	REJECTED	2	0
70070331	signature/xor/350/1	REJECTED	2	0
70070331	signature/xor/350/2	REJECTED	2	0
70070331	signature/xor/350/3	REJECTED	2	0
70070331	signature/xor/350/4	REJECTED	2	0
70070331	signature/xor/350/5	REJECTED	2	0
70070331	signature/xor/350/6	REJECTED	2	0
70070331	signature/xor/350/7	REJECTED	2	0
70070331	signature/xor/351/0	REJECTED	2	0
70070331	signature/xor/351/1	REJECTED	2	0
70070331	signature/xor/351/2	REJECTED	2	0
70070331	signature/xor/351/3	REJECTED	2	0
70070331	signature/xor/351/4	REJECTED	2	0
70070331	signature/xor/351/5	REJECTED	2	0
70070331	signature/xor/351/6	REJECTED	2	0
70070331	signature/xor/351/7	REJECTED	2	0
70070331	signature/xor/352/0	REJECTED	2	0
70070331	signature/xor/352/1	REJECTED	2	0
70070331	signature/xor/352/2	REJECTED	2	0
70070331	signature/xor/352/3	REJECTED	2	0
70070331	signature/xor/352/4	REJECTED	2	0
70070331	signature/xor/352/5	REJECTED	2	0
70070331	signature/xor/352/6	REJECTED	2	0
70070331	signature/xor/352/7	REJECTED	2	0
70070331	signature/xor/353/0	REJECTED	2	0
70070331	signature/xor/353/1	REJECTED	2	0
70070331	signature/xor/353/2	REJECTED	2	0
70070331	signature/xor/353/3	REJECTED	2	0
70070331	signature/xor/353/4	REJECTED	2	0
70070331	signature/xor/353/5	REJECTED	2	0
70070331	signature/xor/353/6	REJECTED	2	0
70070331	signature/xor/353/7	REJECTED	2	0
70070331	signature/xor/354/0	REJECTED	2	0
70070331	signature/xor/354/1	REJECTED	2	0
70070331	signature/xor/354/2	REJECTED	2	0
70070331	signature/xor/354/3	REJECTED	2	0
70070331	signature/xor/354/4	REJECTED	2	0
70070331	signature/xor/354/5	REJECTED	2	0
70070331	signature/xor/354/6	REJECTED	2	0
70070331	signature/xor/354/7	REJECTED	2	0
70070331	signature/xor/355/0	REJECTED	2	0
70070331	signature/xor/355/1	REJECTED	2	0
70070331	signature/xor/355/2	REJECTED	2	0
70070331	signature/xor/355/3	REJECTED	2	0
70070331	signature/xor/355/4	REJECTED	2	0
70070331	signature/xor/355/5	REJECTED	2	0
70070331	signature/xor/355/6	REJECTED	2	0
70070331	signature/xor/355/7	REJECTED	2	0
70070331	signature/xor/356/0	REJECTED	2	0
70070331	signature/xor/356/1	REJECTED	2	0
70070331	signature/xor/356/2	REJECTED	2	0
70070331	signature/xor/356/3	REJECTED	2	0
70070331	signature/xor/356/4	REJECTED	2	0
70070331	signature/xor/356/5	REJECTED	2	0
70070331	signature/xor/356/6	REJECTED	2	0
70070331	signature/xor/356/7	REJECTED	2	0
70070331	signature/xor/357/0	REJECTED	2	0
70070331	signature/xor/357/1	REJECTED	2	0
70070331	signature/xor/357/2	REJECTED	2	0
70070331	signature/xor/357/3	REJECTED	2	0
70070331	signature/xor/357/4	REJECTED	2	0
70070331	signature/xor/357/5	REJECTED	2	0
70070331	signature/xor/357/6	REJECTED	2	0
70070331	signature/xor/357/7	REJECTED	2	0
70070331	signature/xor/358/0	REJECTED	2	0
70070331	signature/xor/358/1	REJECTED	2	0
70070331	signature/xor/358/2	REJECTED	2	0
70070331	signature/xor/358/3	REJECTED	2	0
70070331	signature/xor/358/4	REJECTED	2	0
70070331	signature/xor/358/5	REJECTED	2	0
70070331	signature/xor/358/6	REJECTED	2	0
70070331	signature/xor/358/7	REJECTED	2	0
70070331	signature/xor/359/0	REJECTED	2	0
70070331	signature/xor/359/1	REJECTED	2	0
70070331	signature/xor/359/2	REJECTED	2	0
70070331	signature/xor/359/3	REJECTED	2	0
70070331	signature/xor/359/4	REJECTED	2	0
70070331	signature/xor/359/5	REJECTED	2	0
70070331	signature/xor/359/6	REJECTED	2	0
70070331	signature/xor/359/7	REJECTED	2	0
70070331	signature/xor/360/0	REJECTED	2	0
70070331	signature/xor/360/1	REJECTED	2	0
70070331	signature/xor/360/2	REJECTED	2	0
70070331	signature/xor/360/3	REJECTED	2	0
70070331	signature/xor/360/4	REJECTED	2	0
70070331	signature/xor/360/5	REJECTED	2	0
70070331	signature/xor/360/6	REJECTED	2	0
70070331	signature/xor/360/7	REJECTED	2	0
70070331	signature/xor/361/0	REJECTED	2	0
70070331	signature/xor/361/1	REJECTED	2	0
70070331	signature/xor/361/2	REJECTED	2	0
70070331	signature/xor/361/3	REJECTED	2	0
70070331	signature/xor/361/4	REJECTED	2	0
70070331	signature/xor/361/5	REJECTED	2	0
70070331	signature/xor/361/6	REJECTED	2	0
70070331	signature/xor/361/7	REJECTED	2	0
70070331	signature/xor/362/0	REJECTED	2	0
70070331	signature/xor/362/1	REJECTED	2	0
70070331	signature/xor/362/2	REJECTED	2	0
70070331	signature/xor/362/3	REJECTED	2	0
70070331	signature/xor/362/4	REJECTED	2	0
70070331	signature/xor/362/5	REJECTED	2	0
70070331	signature/xor/362/6	REJECTED	2	0
70070331	signature/xor/362/7	REJECTED	2	0
70070331	signature/xor/363/0	REJECTED	2	0
70070331	signature/xor/363/1	REJECTED	2	0
70070331	signature/xor/363/2	REJECTED	2	0
70070331	signature/xor/363/3	REJECTED	2	0
70070331	signature/xor/363/4	REJECTED	2	0
70070331	signature/xor/363/5	REJECTED	2	0
70070331	signature/xor/363/6	REJECTED	2	0
70070331	signature/xor/363/7	REJECTED	2	0
70070331	signature/xor/364/0	REJECTED	2	0
70070331	signature/xor/364/1	REJECTED	2	0
70070331	signature/xor/364/2	REJECTED	2	0
70070331	signature/xor/364/3	REJECTED	2	0
70070331	signature/xor/364/4	REJECTED	2	0
70070331	signature/xor/364/5	REJECTED	2	0
70070331	signature/xor/364/6	REJECTED	2	0
70070331	signature/xor/364/7	REJECTED	2	0
70070331	signature/xor/365/0	REJECTED	2	0
70070331	signature/xor/365/1	REJECTED	2	0
70070331	signature/xor/365/2	REJECTED	2	0
70070331	signature/xor/365/3	REJECTED	2	0
70070331	signature/xor/365/4	REJECTED	2	0
70070331	signature/xor/365/5	REJECTED	2	0
70070331	signature/xor/365/6	REJECTED	2	0
70070331	signature/xor/365/7	REJECTED	2	0
70070331	signature/xor/366/0	REJECTED	2	0
70070331	signature/xor/366/1	REJECTED	2	0
70070331	signature/xor/366/2	REJECTED	2	0
70070331	signature/xor/366/3	REJECTED	2	0
70070331	signature/xor/366/4	REJECTED	2	0
70070331	signature/xor/366/5	REJECTED	2	0
70070331	signature/xor/366/6	REJECTED	2	0
70070331	signature/xor/366/7	REJECTED	2	0
70070331	signature/xor/367/0	REJECTED	2	0
70070331	signature/xor/367/1	REJECTED	2	0
70070331	signature/xor/367/2	REJECTED	2	0
70070331	signature/xor/367/3	REJECTED	2	0
70070331	signature/xor/367/4	REJECTED	2	0
70070331	signature/xor/367/5	REJECTED	2	0
70070331	signature/xor/367/6	REJECTED	2	0
70070331	signature/xor/367/7	REJECTED	2	0
70070331	signature/xor/368/0	REJECTED	2	0
70070331	signature/xor/368/1	REJECTED	2	0
70070331	signature/xor/368/2	REJECTED	2	0
70070331	signature/xor/368/3	REJECTED	2	0
70070331	signature/xor/368/4	REJECTED	2	0
70070331	signature/xor/368/5	REJECTED	2	0
70070331	signature/xor/368/6	REJECTED	2	0
70070331	signature/xor/368/7	REJECTED	2	0
70070331	signature/xor/369/0	REJECTED	2	0
70070331	signature/xor/369/1	REJECTED	2	0
70070331	signature/xor/369/2	REJECTED	2	0
70070331	signature/xor/369/3	REJECTED	2	0
70070331	signature/xor/369/4	REJECTED	2	0
70070331	signature/xor/369/5	REJECTED	2	0
70070331	signature/xor/369/6	REJECTED	2	0
70070331	signature/xor/369/7	REJECTED	2	0
70070331	signature/xor/370/0	REJECTED	2	0
70070331	signature/xor/370/1	REJECTED	2	0
70070331	signature/xor/370/2	REJECTED	2	0
70070331	signature/xor/370/3	REJECTED	2	0
70070331	signature/xor/370/4	REJECTED	2	0
70070331	signature/xor/370/5	REJECTED	2	0
70070331	signature/xor/370/6	REJECTED	2	0
70070331	signature/xor/370/7	REJECTED	2	0
70070331	signature/xor/371/0	REJECTED	2	0
70070331	signature/xor/371/1	REJECTED	2	0
70070331	signature/xor/371/2	REJECTED	2	0
70070331	signature/xor/371/3	REJECTED	2	0
70070331	signature/xor/371/4	REJECTED	2	0
70070331	signature/xor/371/5	REJECTED	2	0
70070331	signature/xor/371/6	REJECTED	2	0
70070331	signature/xor/371/7	REJECTED	2	0
70070331	signature/xor/372/0	REJECTED	2	0
70070331	signature/xor/372/1	REJECTED	2	0
70070331	signature/xor/372/2	REJECTED	2	0
70070331	signature/xor/372/3	REJECTED	2	0
70070331	signature/xor/372/4	REJECTED	2	0
70070331	signature/xor/372/5	REJECTED	2	0
70070331	signature/xor/372/6	REJECTED	2	0
70070331	signature/xor/372/7	REJECTED	2	0
70070331	signature/xor/373/0	REJECTED	2	0
70070331	signature/xor/373/1	REJECTED	2	0
70070331	signature/xor/373/2	REJECTED	2	0
70070331	signature/xor/373/3	REJECTED	2	0
70070331	signature/xor/373/4	REJECTED	2	0
70070331	signature/xor/373/5	REJECTED	2	0
70070331	signature/xor/373/6	REJECTED	2	0
70070331	signature/xor/373/7	REJECTED	2	0
70070331	signature/xor/374/0	REJECTED	2	0
70070331	signature/xor/374/1	REJECTED	2	0
70070331	signature/xor/374/2	REJECTED	2	0
70070331	signature/xor/374/3	REJECTED	2	0
70070331	signature/xor/374/4	REJECTED	2	0
70070331	signature/xor/374/5	REJECTED	2	0
70070331	signature/xor/374/6	REJECTED	2	0
70070331	signature/xor/374/7	REJECTED	2	0
70070331	signature/xor/375/0	REJECTED	2	0
70070331	signature/xor/375/1	REJECTED	2	0
70070331	signature/xor/375/2	REJECTED	2	0
70070331	signature/xor/375/3	REJECTED	2	0
70070331	signature/xor/375/4	REJECTED	2	0
70070331	signature/xor/375/5	REJECTED	2	0
70070331	signature/xor/375/6	REJECTED	2	0
70070331	signature/xor/375/7	REJECTED	2	0
70070331	signature/xor/376/0	REJECTED	2	0
70070331	signature/xor/376/1	REJECTED	2	0
70070331	signature/xor/376/2	REJECTED	2	0
70070331	signature/xor/376/3	REJECTED	2	0
70070331	signature/xor/376/4	REJECTED	2	0
70070331	signature/xor/376/5	REJECTED	2	0
70070331	signature/xor/376/6	REJECTED	2	0
70070331	signature/xor/376/7	REJECTED	2	0
70070331	signature/xor/377/0	REJECTED	2	0
70070331	signature/xor/377/1	REJECTED	2	0
70070331	signature/xor/377/2	REJECTED	2	0
70070331	signature/xor/377/3	REJECTED	2	0
70070331	signature/xor/377/4	REJECTED	2	0
70070331	signature/xor/377/5	REJECTED	2	0
70070331	signature/xor/377/6	REJECTED	2	0
70070331	signature/xor/377/7	REJECTED	2	0
70070331	signature/xor/378/0	REJECTED	2	0
70070331	signature/xor/378/1	REJECTED	2	0
70070331	signature/xor/378/2	REJECTED	2	0
70070331	signature/xor/378/3	REJECTED	2	0
70070331	signature/xor/378/4	REJECTED	2	0
70070331	signature/xor/378/5	REJECTED	2	0
70070331	signature/xor/378/6	REJECTED	2	0
70070331	signature/xor/378/7	REJECTED	2	0
70070331	signature/xor/379/0	REJECTED	2	0
70070331	signature/xor/379/1	REJECTED	2	0
70070331	signature/xor/379/2	REJECTED	2	0
70070331	signature/xor/379/3	REJECTED	2	0
70070331	signature/xor/379/4	REJECTED	2	0
70070331	signature/xor/379/5	REJECTED	2	0
70070331	signature/xor/379/6	REJECTED	2	0
70070331	signature/xor/379/7	REJECTED	2	0
70070331	signature/xor/380/0	REJECTED	2	0
70070331	signature/xor/380/1	REJECTED	2	0
70070331	signature/xor/380/2	REJECTED	2	0
70070331	signature/xor/380/3	REJECTED	2	0
70070331	signature/xor/380/4	REJECTED	2	0
70070331	signature/xor/380/5	REJECTED	2	0
70070331	signature/xor/380/6	REJECTED	2	0
70070331	signature/xor/380/7	REJECTED	2	0
70070331	signature/xor/381/0	REJECTED	2	0
70070331	signature/xor/381/1	REJECTED	2	0
70070331	signature/xor/381/2	REJECTED	2	0
70070331	signature/xor/381/3	REJECTED	2	0
70070331	signature/xor/381/4	REJECTED	2	0
70070331	signature/xor/381/5	REJECTED	2	0
70070331	signature/xor/381/6	REJECTED	2	0
70070331	signature/xor/381/7	REJECTED	2	0
70070331	signature/xor/382/0	REJECTED	2	0
70070331	signature/xor/382/1	REJECTED	2	0
70070331	signature/xor/382/2	REJECTED	2	0
70070331	signature/xor/382/3	REJECTED	2	0
70070331	signature/xor/382/4	REJECTED	2	0
70070331	signature/xor/382/5	REJECTED	2	0
70070331	signature/xor/382/6	REJECTED	2	0
70070331	signature/xor/382/7	REJECTED	2	0
70070331	signature/xor/383/0	REJECTED	2	0
70070331	signature/xor/383/1	REJECTED	2	0
70070331	signature/xor/383/2	REJECTED	2	0
70070331	signature/xor/383/3	REJECTED	2	0
70070331	signature/xor/383/4	REJECTED	2	0
70070331	signature/xor/383/5	REJECTED	2	0
70070331	signature/xor/383/6	REJECTED	2	0
70070331	signature/xor/383/7	REJECTED	2	0
70070331	signature/xor/384/0	REJECTED	1	0
70070331	signature/xor/384/1	REJECTED	1	0
70070331	signature/xor/384/2	REJECTED	1	0
70070331	signature/xor/384/3	REJECTED	1	0
70070331	signature/xor/384/4	REJECTED	1	0
70070331	signature/xor/384/5	REJECTED	1	0
70070331	signature/xor/384/6	REJECTED	1	0
70070331	signature/xor/384/7	REJECTED	1	0
70070331	signature/xor/385/0	REJECTED	1	0
70070331	signature/xor/385/1	REJECTED	1	0
70070331	signature/xor/385/2	REJECTED	1	0
70070331	signature/xor/385/3	REJECTED	1	0
70070331	signature/xor/385/4	REJECTED	1	0
70070331	signature/xor/385/5	REJECTED	1	0
70070331	signature/xor/385/6	REJECTED	1	0
70070331	signature/xor/385/7	REJECTED	1	0
70070331	signature/xor/386/0	REJECTED	1	0
70070331	signature/xor/386/1	REJECTED	1	0
70070331	signature/xor/386/2	REJECTED	1	0
70070331	signature/xor/386/3	REJECTED	1	0
70070331	signature/xor/386/4	REJECTED	1	0
70070331	signature/xor/386/5	REJECTED	1	0
70070331	signature/xor/386/6	REJECTED	1	0
70070331	signature/xor/386/7	REJECTED	1	0
70070331	signature/xor/387/0	REJECTED	1	0
70070331	signature/xor/387/1	REJECTED	1	0
70070331	signature/xor/387/2	REJECTED	1	0
70070331	signature/xor/387/3	REJECTED	1	0
70070331	signature/xor/387/4	REJECTED	1	0
70070331	signature/xor/387/5	REJECTED	1	0
70070331	signature/xor/387/6	REJECTED	1	0
70070331	signature/xor/387/7	REJECTED	1	0
70070331	signature/xor/388/0	REJECTED	1	0
70070331	signature/xor/388/1	REJECTED	1	0
70070331	signature/xor/388/2	REJECTED	1	0
70070331	signature/xor/388/3	REJECTED	1	0
70070331	signature/xor/388/4	REJECTED	1	0
70070331	signature/xor/388/5	REJECTED	1	0
70070331	signature/xor/388/6	REJECTED	1	0
70070331	signature/xor/388/7	REJECTED	1	0
70070331	signature/xor/389/0	REJECTED	1	0
70070331	signature/xor/389/1	REJECTED	1	0
70070331	signature/xor/389/2	REJECTED	1	0
70070331	signature/xor/389/3	REJECTED	1	0
70070331	signature/xor/389/4	REJECTED	1	0
70070331	signature/xor/389/5	REJECTED	1	0
70070331	signature/xor/389/6	REJECTED	1	0
70070331	signature/xor/389/7	REJECTED	1	0
70070331	signature/xor/390/0	REJECTED	1	0
70070331	signature/xor/390/1	REJECTED	1	0
70070331	signature/xor/390/2	REJECTED	1	0
70070331	signature/xor/390/3	REJECTED	1	0
70070331	signature/xor/390/4	REJECTED	1	0
70070331	signature/xor/390/5	REJECTED	1	0
70070331	signature/xor/390/6	REJECTED	1	0
70070331	signature/xor/390/7	REJECTED	1	0
70070331	signature/xor/391/0	REJECTED	1	0
70070331	signature/xor/391/1	REJECTED	1	0
70070331	signature/xor/391/2	REJECTED	1	0
70070331	signature/xor/391/3	REJECTED	1	0
70070331	signature/xor/391/4	REJECTED	1	0
70070331	signature/xor/391/5	REJECTED	1	0
70070331	signature/xor/391/6	REJECTED	1	0
70070331	signature/xor/391/7	REJECTED	1	0
70070331	signature/xor/392/0	REJECTED	1	0
70070331	signature/xor/392/1	REJECTED	1	0
70070331	signature/xor/392/2	REJECTED	1	0
70070331	signature/xor/392/3	REJECTED	1	0
70070331	signature/xor/392/4	REJECTED	1	0
70070331	signature/xor/392/5	REJECTED	1	0
70070331	signature/xor/392/6	REJECTED	1	0
70070331	signature/xor/392/7	REJECTED	1	0
70070331	signature/xor/393/0	REJECTED	1	0
70070331	signature/xor/393/1	REJECTED	1	0
70070331	signature/xor/393/2	REJECTED	1	0
70070331	signature/xor/393/3	REJECTED	1	0
70070331	signature/xor/393/4	REJECTED	1	0
70070331	signature/xor/393/5	REJECTED	1	0
70070331	signature/xor/393/6	REJECTED	1	0
70070331	signature/xor/393/7	REJECTED	1	0
70070331	signature/xor/394/0	REJECTED	1	0
70070331	signature/xor/394/1	REJECTED	1	0
70070331	signature/xor/394/2	REJECTED	1	0
70070331	signature/xor/394/3	REJECTED	1	0
70070331	signature/xor/394/4	REJECTED	1	0
70070331	signature/xor/394/5	REJECTED	1	0
70070331	signature/xor/394/6	REJECTED	1	0
70070331	signature/xor/394/7	REJECTED	1	0
70070331	signature/xor/395/0	REJECTED	1	0
70070331	signature/xor/395/1	REJECTED	1	0
70070331	signature/xor/395/2	REJECTED	1	0
70070331	signature/xor/395/3	REJECTED	1	0
70070331	signature/xor/395/4	REJECTED	1	0
70070331	signature/xor/395/5	REJECTED	1	0
70070331	signature/xor/395/6	REJECTED	1	0
70070331	signature/xor/395/7	REJECTED	1	0
70070331	signature/xor/396/0	REJECTED	1	0
70070331	signature/xor/396/1	REJECTED	1	0
70070331	signature/xor/396/2	REJECTED	1	0
70070331	signature/xor/396/3	REJECTED	1	0
70070331	signature/xor/396/4	REJECTED	1	0
70070331	signature/xor/396/5	REJECTED	1	0
70070331	signature/xor/396/6	REJECTED	1	0
70070331	signature/xor/396/7	REJECTED	1	0
70070331	signature/xor/397/0	REJECTED	1	0
70070331	signature/xor/397/1	REJECTED	1	0
70070331	signature/xor/397/2	REJECTED	1	0
70070331	signature/xor/397/3	REJECTED	1	0
70070331	signature/xor/397/4	REJECTED	1	0
70070331	signature/xor/397/5	REJECTED	1	0
70070331	signature/xor/397/6	REJECTED	1	0
70070331	signature/xor/397/7	REJECTED	1	0
70070331	signature/xor/398/0	REJECTED	1	0
70070331	signature/xor/398/1	REJECTED	1	0
70070331	signature/xor/398/2	REJECTED	1	0
70070331	signature/xor/398/3	REJECTED	1	0
70070331	signature/xor/398/4	REJECTED	1	0
70070331	signature/xor/398/5	REJECTED	1	0
70070331	signature/xor/398/6	REJECTED	1	0
70070331	signature/xor/398/7	REJECTED	1	0
70070331	signature/xor/399/0	REJECTED	1	0
70070331	signature/xor/399/1	REJECTED	1	0
70070331	signature/xor/399/2	REJECTED	1	0
70070331	signature/xor/399/3	REJECTED	1	0
70070331	signature/xor/399/4	REJECTED	1	0
70070331	signature/xor/399/5	REJECTED	1	0
70070331	signature/xor/399/6	REJECTED	1	0
70070331	signature/xor/399/7	REJECTED	1	0
70070331	signature/xor/400/0	REJECTED	1	0
70070331	signature/xor/400/1	REJECTED	1	0
70070331	signature/xor/400/2	REJECTED	1	0
70070331	signature/xor/400/3	REJECTED	1	0
70070331	signature/xor/400/4	REJECTED	1	0
70070331	signature/xor/400/5	REJECTED	1	0
70070331	signature/xor/400/6	REJECTED	1	0
70070331	signature/xor/400/7	REJECTED	1	0
70070331	signature/xor/401/0	REJECTED	1	0
70070331	signature/xor/401/1	REJECTED	1	0
70070331	signature/xor/401/2	REJECTED	1	0
70070331	signature/xor/401/3	REJECTED	1	0
70070331	signature/xor/401/4	REJECTED	1	0
70070331	signature/xor/401/5	REJECTED	1	0
70070331	signature/xor/401/6	REJECTED	1	0
70070331	signature/xor/401/7	REJECTED	1	0
70070331	signature/xor/402/0	REJECTED	1	0
70070331	signature/xor/402/1	REJECTED	1	0
70070331	signature/xor/402/2	REJECTED	1	0
70070331	signature/xor/402/3	REJECTED	1	0
70070331	signature/xor/402/4	REJECTED	1	0
70070331	signature/xor/402/5	REJECTED	1	0
70070331	signature/xor/402/6	REJECTED	1	0
70070331	signature/xor/402/7	REJECTED	1	0
70070331	signature/xor/403/0	REJECTED	1	0
70070331	signature/xor/403/1	REJECTED	1	0
70070331	signature/xor/403/2	REJECTED	1	0
70070331	signature/xor/403/3	REJECTED	1	0
70070331	signature/xor/403/4	REJECTED	1	0
70070331	signature/xor/403/5	REJECTED	1	0
70070331	signature/xor/403/6	REJECTED	1	0
70070331	signature/xor/403/7	REJECTED	1	0
70070331	signature/xor/404/0	REJECTED	1	0
70070331	signature/xor/404/1	REJECTED	1	0
70070331	signature/xor/404/2	REJECTED	1	0
70070331	signature/xor/404/3	REJECTED	1	0
70070331	signature/xor/404/4	REJECTED	1	0
70070331	signature/xor/404/5	REJECTED	1	0
70070331	signature/xor/404/6	REJECTED	1	0
70070331	signature/xor/404/7	REJECTED	1	0
70070331	signature/xor/405/0	REJECTED	1	0
70070331	signature/xor/405/1	REJECTED	1	0
70070331	signature/xor/405/2	REJECTED	1	0
70070331	signature/xor/405/3	REJECTED	1	0
70070331	signature/xor/405/4	REJECTED	1	0
70070331	signature/xor/405/5	REJECTED	1	0
70070331	signature/xor/405/6	REJECTED	1	0
70070331	signature/xor/405/7	REJECTED	1	0
70070331	signature/xor/406/0	REJECTED	1	0
70070331	signature/xor/406/1	REJECTED	1	0
70070331	signature/xor/406/2	REJECTED	1	0
70070331	signature/xor/406/3	REJECTED	1	0
70070331	signature/xor/406/4	REJECTED	1	0
70070331	signature/xor/406/5	REJECTED	1	0
70070331	signature/xor/406/6	REJECTED	1	0
70070331	signature/xor/406/7	REJECTED	1	0
70070331	signature/xor/407/0	REJECTED	1	0
70070331	signature/xor/407/1	REJECTED	1	0
70070331	signature/xor/407/2	REJECTED	1	0
70070331	signature/xor/407/3	REJECTED	1	0
70070331	signature/xor/407/4	REJECTED	1	0
70070331	signature/xor/407/5	REJECTED	1	0
70070331	signature/xor/407/6	REJECTED	1	0
70070331	signature/xor/407/7	REJECTED	1	0
70070331	signature/xor/408/0	REJECTED	1	0
70070331	signature/xor/408/1	REJECTED	1	0
70070331	signature/xor/408/2	REJECTED	1	0
70070331	signature/xor/408/3	REJECTED	1	0
70070331	signature/xor/408/4	REJECTED	1	0
70070331	signature/xor/408/5	REJECTED	1	0
70070331	signature/xor/408/6	REJECTED	1	0
70070331	signature/xor/408/7	REJECTED	1	0
70070331	signature/xor/409/0	REJECTED	1	0
70070331	signature/xor/409/1	REJECTED	1	0
70070331	signature/xor/409/2	REJECTED	1	0
70070331	signature/xor/409/3	REJECTED	1	0
70070331	signature/xor/409/4	REJECTED	1	0
70070331	signature/xor/409/5	REJECTED	1	0
70070331	signature/xor/409/6	REJECTED	1	0
70070331	signature/xor/409/7	REJECTED	1	0
70070331	signature/xor/410/0	REJECTED	1	0
70070331	signature/xor/410/1	REJECTED	1	0
70070331	signature/xor/410/2	REJECTED	1	0
70070331	signature/xor/410/3	REJECTED	1	0
70070331	signature/xor/410/4	REJECTED	1	0
70070331	signature/xor/410/5	REJECTED	1	0
70070331	signature/xor/410/6	REJECTED	1	0
70070331	signature/xor/410/7	REJECTED	1	0
70070331	signature/xor/411/0	REJECTED	1	0
70070331	signature/xor/411/1	REJECTED	1	0
70070331	signature/xor/411/2	REJECTED	1	0
70070331	signature/xor/411/3	REJECTED	1	0
70070331	signature/xor/411/4	REJECTED	1	0
70070331	signature/xor/411/5	REJECTED	1	0
70070331	signature/xor/411/6	REJECTED	1	0
70070331	signature/xor/411/7	REJECTED	1	0
70070331	signature/xor/412/0	REJECTED	1	0
70070331	signature/xor/412/1	REJECTED	1	0
70070331	signature/xor/412/2	REJECTED	1	0
70070331	signature/xor/412/3	REJECTED	1	0
70070331	signature/xor/412/4	REJECTED	1	0
70070331	signature/xor/412/5	REJECTED	1	0
70070331	signature/xor/412/6	REJECTED	1	0
70070331	signature/xor/412/7	REJECTED	1	0
70070331	signature/xor/413/0	REJECTED	1	0
70070331	signature/xor/413/1	REJECTED	1	0
70070331	signature/xor/413/2	REJECTED	1	0
70070331	signature/xor/413/3	REJECTED	1	0
70070331	signature/xor/413/4	REJECTED	1	0
70070331	signature/xor/413/5	REJECTED	1	0
70070331	signature/xor/413/6	REJECTED	1	0
70070331	signature/xor/413/7	REJECTED	1	0
70070331	signature/xor/414/0	REJECTED	1	0
70070331	signature/xor/414/1	REJECTED	1	0
70070331	signature/xor/414/2	REJECTED	1	0
70070331	signature/xor/414/3	REJECTED	1	0
70070331	signature/xor/414/4	REJECTED	1	0
70070331	signature/xor/414/5	REJECTED	1	0
70070331	signature/xor/414/6	REJECTED	1	0
70070331	signature/xor/414/7	REJECTED	1	0
70070331	signature/xor/415/0	REJECTED	1	0
70070331	signature/xor/415/1	REJECTED	1	0
70070331	signature/xor/415/2	REJECTED	1	0
70070331	signature/xor/415/3	REJECTED	1	0
70070331	signature/xor/415/4	REJECTED	1	0
70070331	signature/xor/415/5	REJECTED	1	0
70070331	signature/xor/415/6	REJECTED	1	0
70070331	signature/xor/415/7	REJECTED	1	0
70070331	signature/xor/416/0	REJECTED	1	0
70070331	signature/xor/416/1	REJECTED	1	0
70070331	signature/xor/416/2	REJECTED	1	0
70070331	signature/xor/416/3	REJECTED	1	0
70070331	signature/xor/416/4	REJECTED	1	0
70070331	signature/xor/416/5	REJECTED	1	0
70070331	signature/xor/416/6	REJECTED	1	0
70070331	signature/xor/416/7	REJECTED	1	0
70070331	signature/xor/417/0	REJECTED	1	0
70070331	signature/xor/417/1	REJECTED	1	0
70070331	signature/xor/417/2	REJECTED	1	0
70070331	signature/xor/417/3	REJECTED	1	0
70070331	signature/xor/417/4	REJECTED	1	0
70070331	signature/xor/417/5	REJECTED	1	0
70070331	signature/xor/417/6	REJECTED	1	0
70070331	signature/xor/417/7	REJECTED	1	0
70070331	signature/xor/418/0	REJECTED	1	0
70070331	signature/xor/418/1	REJECTED	1	0
70070331	signature/xor/418/2	REJECTED	1	0
70070331	signature/xor/418/3	REJECTED	1	0
70070331	signature/xor/418/4	REJECTED	1	0
70070331	signature/xor/418/5	REJECTED	1	0
70070331	signature/xor/418/6	REJECTED	1	0
70070331	signature/xor/418/7	REJECTED	1	0
70070331	signature/xor/419/0	REJECTED	1	0
70070331	signature/xor/419/1	REJECTED	1	0
70070331	signature/xor/419/2	REJECTED	1	0
70070331	signature/xor/419/3	REJECTED	1	0
70070331	signature/xor/419/4	REJECTED	1	0
70070331	signature/xor/419/5	REJECTED	1	0
70070331	signature/xor/419/6	REJECTED	1	0
70070331	signature/xor/419/7	REJECTED	1	0
70070331	signature/xor/420/0	REJECTED	1	0
70070331	signature/xor/420/1	REJECTED	1	0
70070331	signature/xor/420/2	REJECTED	1	0
70070331	signature/xor/420/3	REJECTED	1	0
70070331	signature/xor/420/4	REJECTED	1	0
70070331	signature/xor/420/5	REJECTED	1	0
70070331	signature/xor/420/6	REJECTED	1	0
70070331	signature/xor/420/7	REJECTED	1	0
70070331	signature/xor/421/0	REJECTED	1	0
70070331	signature/xor/421/1	REJECTED	1	0
70070331	signature/xor/421/2	REJECTED	1	0
70070331	signature/xor/421/3	REJECTED	1	0
70070331	signature/xor/421/4	REJECTED	1	0
70070331	signature/xor/421/5	REJECTED	1	0
70070331	signature/xor/421/6	REJECTED	1	0
70070331	signature/xor/421/7	REJECTED	1	0
70070331	signature/xor/422/0	REJECTED	1	0
70070331	signature/xor/422/1	REJECTED	1	0
70070331	signature/xor/422/2	REJECTED	1	0
70070331	signature/xor/422/3	REJECTED	1	0
70070331	signature/xor/422/4	REJECTED	1	0
70070331	signature/xor/422/5	REJECTED	1	0
70070331	signature/xor/422/6	REJECTED	1	0
70070331	signature/xor/422/7	REJECTED	1	0
70070331	signature/xor/423/0	REJECTED	1	0
70070331	signature/xor/423/1	REJECTED	1	0
70070331	signature/xor/423/2	REJECTED	1	0
70070331	signature/xor/423/3	REJECTED	1	0
70070331	signature/xor/423/4	REJECTED	1	0
70070331	signature/xor/423/5	REJECTED	1	0
70070331	signature/xor/423/6	REJECTED	1	0
70070331	signature/xor/423/7	REJECTED	1	0
70070331	signature/xor/424/0	REJECTED	1	0
70070331	signature/xor/424/1	REJECTED	1	0
70070331	signature/xor/424/2	REJECTED	1	0
70070331	signature/xor/424/3	REJECTED	1	0
70070331	signature/xor/424/4	REJECTED	1	0
70070331	signature/xor/424/5	REJECTED	1	0
70070331	signature/xor/424/6	REJECTED	1	0
70070331	signature/xor/424/7	REJECTED	1	0
70070331	signature/xor/425/0	REJECTED	1	0
70070331	signature/xor/425/1	REJECTED	1	0
70070331	signature/xor/425/2	REJECTED	1	0
70070331	signature/xor/425/3	REJECTED	1	0
70070331	signature/xor/425/4	REJECTED	1	0
70070331	signature/xor/425/5	REJECTED	1	0
70070331	signature/xor/425/6	REJECTED	1	0
70070331	signature/xor/425/7	REJECTED	1	0
70070331	signature/xor/426/0	REJECTED	1	0
70070331	signature/xor/426/1	REJECTED	1	0
70070331	signature/xor/426/2	REJECTED	1	0
70070331	signature/xor/426/3	REJECTED	1	0
70070331	signature/xor/426/4	REJECTED	1	0
70070331	signature/xor/426/5	REJECTED	1	0
70070331	signature/xor/426/6	REJECTED	1	0
70070331	signature/xor/426/7	REJECTED	1	0
70070331	signature/xor/427/0	REJECTED	1	0
70070331	signature/xor/427/1	REJECTED	1	0
70070331	signature/xor/427/2	REJECTED	1	0
70070331	signature/xor/427/3	REJECTED	1	0
70070331	signature/xor/427/4	REJECTED	1	0
70070331	signature/xor/427/5	REJECTED	1	0
70070331	signature/xor/427/6	REJECTED	1	0
70070331	signature/xor/427/7	REJECTED	1	0
70070331	signature/xor/428/0	REJECTED	1	0
70070331	signature/xor/428/1	REJECTED	1	0
70070331	signature/xor/428/2	REJECTED	1	0
70070331	signature/xor/428/3	REJECTED	1	0
70070331	signature/xor/428/4	REJECTED	1	0
70070331	signature/xor/428/5	REJECTED	1	0
70070331	signature/xor/428/6	REJECTED	1	0
70070331	signature/xor/428/7	REJECTED	1	0
70070331	signature/xor/429/0	REJECTED	1	0
70070331	signature/xor/429/1	REJECTED	1	0
70070331	signature/xor/429/2	REJECTED	1	0
70070331	signature/xor/429/3	REJECTED	1	0
70070331	signature/xor/429/4	REJECTED	1	0
70070331	signature/xor/429/5	REJECTED	1	0
70070331	signature/xor/429/6	REJECTED	1	0
70070331	signature/xor/429/7	REJECTED	1	0
70070331	signature/xor/430/0	REJECTED	1	0
70070331	signature/xor/430/1	REJECTED	1	0
70070331	signature/xor/430/2	REJECTED	1	0
70070331	signature/xor/430/3	REJECTED	1	0
70070331	signature/xor/430/4	REJECTED	1	0
70070331	signature/xor/430/5	REJECTED	1	0
70070331	signature/xor/430/6	REJECTED	1	0
70070331	signature/xor/430/7	REJECTED	1	0
70070331	signature/xor/431/0	REJECTED	1	0
70070331	signature/xor/431/1	REJECTED	1	0
70070331	signature/xor/431/2	REJECTED	1	0
70070331	signature/xor/431/3	REJECTED	1	0
70070331	signature/xor/431/4	REJECTED	1	0
70070331	signature/xor/431/5	REJECTED	1	0
70070331	signature/xor/431/6	REJECTED	1	0
70070331	signature/xor/431/7	REJECTED	1	0
70070331	signature/xor/432/0	REJECTED	1	0
70070331	signature/xor/432/1	REJECTED	1	0
70070331	signature/xor/432/2	REJECTED	1	0
70070331	signature/xor/432/3	REJECTED	1	0
70070331	signature/xor/432/4	REJECTED	1	0
70070331	signature/xor/432/5	REJECTED	1	0
70070331	signature/xor/432/6	REJECTED	1	0
70070331	signature/xor/432/7	REJECTED	1	0
70070331	signature/xor/433/0	REJECTED	1	0
70070331	signature/xor/433/1	REJECTED	1	0
70070331	signature/xor/433/2	REJECTED	1	0
70070331	signature/xor/433/3	REJECTED	1	0
70070331	signature/xor/433/4	REJECTED	1	0
70070331	signature/xor/433/5	REJECTED	1	0
70070331	signature/xor/433/6	REJECTED	1	0
70070331	signature/xor/433/7	REJECTED	1	0
70070331	signature/xor/434/0	REJECTED	1	0
70070331	signature/xor/434/1	REJECTED	1	0
70070331	signature/xor/434/2	REJECTED	1	0
70070331	signature/xor/434/3	REJECTED	1	0
70070331	signature/xor/434/4	REJECTED	1	0
70070331	signature/xor/434/5	REJECTED	1	0
70070331	signature/xor/434/6	REJECTED	1	0
70070331	signature/xor/434/7	REJECTED	1	0
70070331	signature/xor/435/0	REJECTED	1	0
70070331	signature/xor/435/1	REJECTED	1	0
70070331	signature/xor/435/2	REJECTED	1	0
70070331	signature/xor/435/3	REJECTED	1	0
70070331	signature/xor/435/4	REJECTED	1	0
70070331	signature/xor/435/5	REJECTED	1	0
70070331	signature/xor/435/6	REJECTED	1	0
70070331	signature/xor/435/7	REJECTED	1	0
70070331	signature/xor/436/0	REJECTED	1	0
70070331	signature/xor/436/1	REJECTED	1	0
70070331	signature/xor/436/2	REJECTED	1	0
70070331	signature/xor/436/3	REJECTED	1	0
70070331	signature/xor/436/4	REJECTED	1	0
70070331	signature/xor/436/5	REJECTED	1	0
70070331	signature/xor/436/6	REJECTED	1	0
70070331	signature/xor/436/7	REJECTED	1	0
70070331	signature/xor/437/0	REJECTED	1	0
70070331	signature/xor/437/1	REJECTED	1	0
70070331	signature/xor/437/2	REJECTED	1	0
70070331	signature/xor/437/3	REJECTED	1	0
70070331	signature/xor/437/4	REJECTED	1	0
70070331	signature/xor/437/5	REJECTED	1	0
70070331	signature/xor/437/6	REJECTED	1	0
70070331	signature/xor/437/7	REJECTED	1	0
70070331	signature/xor/438/0	REJECTED	1	0
70070331	signature/xor/438/1	REJECTED	1	0
70070331	signature/xor/438/2	REJECTED	1	0
70070331	signature/xor/438/3	REJECTED	1	0
70070331	signature/xor/438/4	REJECTED	1	0
70070331	signature/xor/438/5	REJECTED	1	0
70070331	signature/xor/438/6	REJECTED	1	0
70070331	signature/xor/438/7	REJECTED	1	0
70070331	signature/xor/439/0	REJECTED	1	0
70070331	signature/xor/439/1	REJECTED	1	0
70070331	signature/xor/439/2	REJECTED	1	0
70070331	signature/xor/439/3	REJECTED	1	0
70070331	signature/xor/439/4	REJECTED	1	0
70070331	signature/xor/439/5	REJECTED	1	0
70070331	signature/xor/439/6	REJECTED	1	0
70070331	signature/xor/439/7	REJECTED	1	0
70070331	signature/xor/440/0	REJECTED	1	0
70070331	signature/xor/440/1	REJECTED	1	0
70070331	signature/xor/440/2	REJECTED	1	0
70070331	signature/xor/440/3	REJECTED	1	0
70070331	signature/xor/440/4	REJECTED	1	0
70070331	signature/xor/440/5	REJECTED	1	0
70070331	signature/xor/440/6	REJECTED	1	0
70070331	signature/xor/440/7	REJECTED	1	0
70070331	signature/xor/441/0	REJECTED	1	0
70070331	signature/xor/441/1	REJECTED	1	0
70070331	signature/xor/441/2	REJECTED	1	0
70070331	signature/xor/441/3	REJECTED	1	0
70070331	signature/xor/441/4	REJECTED	1	0
70070331	signature/xor/441/5	REJECTED	1	0
70070331	signature/xor/441/6	REJECTED	1	0
70070331	signature/xor/441/7	REJECTED	1	0
70070331	signature/xor/442/0	REJECTED	1	0
70070331	signature/xor/442/1	REJECTED	1	0
70070331	signature/xor/442/2	REJECTED	1	0
70070331	signature/xor/442/3	REJECTED	1	0
70070331	signature/xor/442/4	REJECTED	1	0
70070331	signature/xor/442/5	REJECTED	1	0
70070331	signature/xor/442/6	REJECTED	1	0
70070331	signature/xor/442/7	REJECTED	1	0
70070331	signature/xor/443/0	REJECTED	1	0
70070331	signature/xor/443/1	REJECTED	1	0
70070331	signature/xor/443/2	REJECTED	1	0
70070331	signature/xor/443/3	REJECTED	1	0
70070331	signature/xor/443/4	REJECTED	1	0
70070331	signature/xor/443/5	REJECTED	1	0
70070331	signature/xor/443/6	REJECTED	1	0
70070331	signature/xor/443/7	REJECTED	1	0
70070331	signature/xor/444/0	REJECTED	1	0
70070331	signature/xor/444/1	REJECTED	1	0
70070331	signature/xor/444/2	REJECTED	1	0
70070331	signature/xor/444/3	REJECTED	1	0
70070331	signature/xor/444/4	REJECTED	1	0
70070331	signature/xor/444/5	REJECTED	1	0
70070331	signature/xor/444/6	REJECTED	1	0
70070331	signature/xor/444/7	REJECTED	1	0
70070331	signature/xor/445/0	REJECTED	1	0
70070331	signature/xor/445/1	REJECTED	1	0
70070331	signature/xor/445/2	REJECTED	1	0
70070331	signature/xor/445/3	REJECTED	1	0
70070331	signature/xor/445/4	REJECTED	1	0
70070331	signature/xor/445/5	REJECTED	1	0
70070331	signature/xor/445/6	REJECTED	1	0
70070331	signature/xor/445/7	REJECTED	1	0
70070331	signature/xor/446/0	REJECTED	1	0
70070331	signature/xor/446/1	REJECTED	1	0
70070331	signature/xor/446/2	REJECTED	1	0
70070331	signature/xor/446/3	REJECTED	1	0
70070331	signature/xor/446/4	REJECTED	1	0
70070331	signature/xor/446/5	REJECTED	1	0
70070331	signature/xor/446/6	REJECTED	1	0
70070331	signature/xor/446/7	REJECTED	1	0
70070331	signature/xor/447/0	REJECTED	1	0
70070331	signature/xor/447/1	REJECTED	1	0
70070331	signature/xor/447/2	REJECTED	1	0
70070331	signature/xor/447/3	REJECTED	1	0
70070331	signature/xor/447/4	REJECTED	1	0
70070331	signature/xor/447/5	REJECTED	1	0
70070331	signature/xor/447/6	REJECTED	1	0
70070331	signature/xor/447/7	REJECTED	1	0
70070331	message/xor/0/0	REJECTED	6	1
70070331	message/xor/1/0	REJECTED	6	1
70070331	message/xor/2/0	REJECTED	6	1
70070331	message/xor/3/0	REJECTED	6	1
70070331	message/xor/4/0	REJECTED	6	1
70070331	message/xor/5/0	REJECTED	6	1
70070331	message/xor/6/0	REJECTED	6	1
70070331	message/xor/7/0	REJECTED	6	1
70070331	message/xor/8/0	REJECTED	6	1
70070331	message/xor/9/0	REJECTED	6	1
70070331	message/xor/10/0	REJECTED	6	1
70070331	message/xor/11/0	REJECTED	6	1
70070331	message/xor/12/0	REJECTED	6	1
70070331	message/xor/13/0	REJECTED	6	1
70070331	message/xor/14/0	REJECTED	6	1
70070331	message/xor/15/0	REJECTED	6	1
70070331	message/xor/16/0	REJECTED	6	1
70070331	message/xor/17/0	REJECTED	6	1
70070331	message/xor/18/0	REJECTED	6	1
70070331	message/xor/19/0	REJECTED	6	1
70070331	message/xor/20/0	REJECTED	6	1
70070331	message/xor/21/0	REJECTED	6	1
70070331	message/xor/22/0	REJECTED	6	1
70070331	message/xor/23/0	REJECTED	6	1
70070331	message/xor/24/0	REJECTED	6	1
70070331	message/xor/25/0	REJECTED	6	1
70070331	message/xor/26/0	REJECTED	6	1
70070331	message/xor/27/0	REJECTED	6	1
70070331	message/xor/28/0	REJECTED	6	1
70070331	message/xor/29/0	REJECTED	6	1
70070331	message/xor/30/0	REJECTED	6	1
70070331	message/xor/31/0	REJECTED	6	1
70070331	message/xor/32/0	REJECTED	6	1
70070331	message/xor/33/0	REJECTED	6	1
70070331	message/xor/34/0	REJECTED	6	1
70070331	message/xor/35/0	REJECTED	6	1
70070331	message/xor/36/0	REJECTED	6	1
70070331	message/xor/37/0	REJECTED	6	1
70070331	message/xor/38/0	REJECTED	6	1
70070331	message/xor/39/0	REJECTED	6	1
70070331	message/xor/40/0	REJECTED	6	1
70070331	message/xor/41/0	REJECTED	6	1
70070331	message/xor/42/0	REJECTED	6	1
70070331	message/xor/43/0	REJECTED	6	1
70070331	message/xor/44/0	REJECTED	6	1
70070331	message/xor/45/0	REJECTED	6	1
70070331	message/xor/46/0	REJECTED	6	1
70070331	message/xor/47/0	REJECTED	6	1
70070331	message/xor/48/0	REJECTED	6	1
70070331	message/xor/49/0	REJECTED	6	1
70070331	message/xor/50/0	REJECTED	6	1
70070331	message/xor/51/0	REJECTED	6	1
70070331	message/xor/52/0	REJECTED	6	1
70070331	message/xor/53/0	REJECTED	6	1
70070331	message/xor/54/0	REJECTED	6	1
70070331	message/xor/55/0	REJECTED	6	1
70070331	message/xor/56/0	REJECTED	6	1
70070331	message/xor/57/0	REJECTED	6	1
70070331	message/xor/58/0	REJECTED	6	1
70070331	message/xor/59/0	REJECTED	6	1
70070331	message/xor/60/0	REJECTED	6	1
70070331	message/xor/61/0	REJECTED	6	1
70070331	message/xor/62/0	REJECTED	6	1
70070331	message/xor/63/0	REJECTED	6	1
70070331	message/xor/64/0	REJECTED	6	1
70070331	message/xor/65/0	REJECTED	6	1
70070331	message/xor/66/0	REJECTED	6	1
70070331	message/xor/67/0	REJECTED	6	1
70070331	message/xor/68/0	REJECTED	6	1
70070331	message/xor/69/0	REJECTED	6	1
70070331	message/xor/70/0	REJECTED	6	1
70070331	message/xor/71/0	REJECTED	6	1
70070331	message/xor/72/0	REJECTED	6	1
70070331	message/xor/73/0	REJECTED	6	1
70070331	message/xor/74/0	REJECTED	6	1
70070331	message/xor/75/0	REJECTED	6	1
70070331	message/xor/76/0	REJECTED	6	1
70070331	message/xor/77/0	REJECTED	6	1
70070331	message/xor/78/0	REJECTED	6	1
70070331	message/xor/79/0	REJECTED	6	1
70070331	message/xor/80/0	REJECTED	6	1
70070331	message/xor/81/0	REJECTED	6	1
70070331	message/xor/82/0	REJECTED	6	1
70070331	message/xor/83/0	REJECTED	6	1
70070331	message/xor/84/0	REJECTED	6	1
70070331	message/xor/85/0	REJECTED	6	1
70070331	message/xor/86/0	REJECTED	6	1
70070331	message/xor/87/0	REJECTED	6	1
70070331	message/xor/88/0	REJECTED	6	1
70070331	message/xor/89/0	REJECTED	6	1
70070331	message/xor/90/0	REJECTED	6	1
70070331	message/xor/91/0	REJECTED	6	1
70070331	message/xor/92/0	REJECTED	6	1
70070331	message/xor/93/0	REJECTED	6	1
70070331	message/xor/94/0	REJECTED	6	1
70070331	message/xor/95/0	REJECTED	6	1
70070331	message/xor/96/0	REJECTED	6	1
70070331	message/xor/97/0	REJECTED	6	1
70070331	message/xor/98/0	REJECTED	6	1
70070331	message/xor/99/0	REJECTED	6	1
70070331	message/xor/100/0	REJECTED	6	1
70070331	message/xor/101/0	REJECTED	6	1
70070331	message/xor/102/0	REJECTED	6	1
70070331	message/xor/103/0	REJECTED	6	1
70070331	message/xor/104/0	REJECTED	6	1
70070331	message/xor/105/0	REJECTED	6	1
70070331	message/xor/106/0	REJECTED	6	1
70070331	message/xor/107/0	REJECTED	6	1
70070331	message/xor/108/0	REJECTED	6	1
70070331	message/xor/109/0	REJECTED	6	1
70070331	message/xor/110/0	REJECTED	6	1
70070331	message/xor/111/0	REJECTED	6	1
70070331	message/xor/112/0	REJECTED	6	1
70070331	message/xor/113/0	REJECTED	6	1
70070331	message/xor/114/0	REJECTED	6	1
70070331	message/xor/115/0	REJECTED	6	1
70070331	message/xor/116/0	REJECTED	6	1
70070331	message/xor/117/0	REJECTED	6	1
70070331	message/xor/118/0	REJECTED	6	1
70070331	message/xor/119/0	REJECTED	6	1
70070331	message/xor/120/0	REJECTED	6	1
70070331	message/xor/121/0	REJECTED	6	1
70070331	message/xor/122/0	REJECTED	6	1
70070331	message/xor/123/0	REJECTED	6	1
70070331	message/xor/124/0	REJECTED	6	1
70070331	message/xor/125/0	REJECTED	6	1
70070331	message/xor/126/0	REJECTED	6	1
70070331	message/xor/127/0	REJECTED	6	1
70070331	message/xor/128/0	REJECTED	6	1
70070331	message/xor/129/0	REJECTED	6	1
70070331	message/xor/130/0	REJECTED	6	1
70070331	message/xor/131/0	REJECTED	6	1
70070331	message/xor/132/0	REJECTED	6	1
70070331	message/xor/133/0	REJECTED	6	1
70070331	message/xor/134/0	REJECTED	6	1
70070331	message/xor/135/0	REJECTED	6	1
70070331	message/xor/136/0	REJECTED	6	1
70070331	message/xor/137/0	REJECTED	6	1
70070331	message/xor/138/0	REJECTED	6	1
70070331	message/xor/139/0	REJECTED	6	1
70070331	message/xor/140/0	REJECTED	6	1
70070331	message/xor/141/0	REJECTED	6	1
70070331	message/xor/142/0	REJECTED	6	1
70070331	message/xor/143/0	REJECTED	6	1
70070331	message/xor/144/0	REJECTED	6	1
70070331	message/xor/145/0	REJECTED	6	1
70070331	message/xor/146/0	REJECTED	6	1
70070331	message/xor/147/0	REJECTED	6	1
70070331	message/xor/148/0	REJECTED	6	1
70070331	message/xor/149/0	REJECTED	6	1
70070331	message/xor/150/0	REJECTED	6	1
70070331	message/xor/151/0	REJECTED	6	1
70070331	message/xor/152/0	REJECTED	6	1
70070331	message/xor/153/0	REJECTED	6	1
70070331	message/xor/154/0	REJECTED	6	1
70070331	message/xor/155/0	REJECTED	6	1
70070331	message/xor/156/0	REJECTED	6	1
70070331	message/xor/157/0	REJECTED	6	1
70070331	message/xor/158/0	REJECTED	6	1
70070331	message/xor/159/0	REJECTED	6	1
70070331	message/xor/160/0	REJECTED	6	1
70070331	message/xor/161/0	REJECTED	6	1
70070331	message/xor/162/0	REJECTED	6	1
70070331	message/xor/163/0	REJECTED	6	1
70070331	message/xor/164/0	REJECTED	6	1
70070331	message/xor/165/0	REJECTED	6	1
70070331	message/xor/166/0	REJECTED	6	1
70070331	message/xor/167/0	REJECTED	6	1
70070331	message/xor/168/0	REJECTED	6	1
70070331	message/xor/169/0	REJECTED	6	1
70070331	message/xor/170/0	REJECTED	6	1
70070331	message/xor/171/0	REJECTED	6	1
70070331	message/xor/172/0	REJECTED	6	1
70070331	message/xor/173/0	REJECTED	6	1
70070331	message/xor/174/0	REJECTED	6	1
70070331	message/xor/175/0	REJECTED	6	1
70070331	message/xor/176/0	REJECTED	6	1
70070331	message/xor/177/0	REJECTED	6	1
70070331	message/xor/178/0	REJECTED	6	1
70070331	message/xor/179/0	REJECTED	6	1
70070331	message/xor/180/0	REJECTED	6	1
70070331	message/xor/181/0	REJECTED	6	1
70070331	message/xor/182/0	REJECTED	6	1
70070331	message/xor/183/0	REJECTED	6	1
70070331	message/xor/184/0	REJECTED	6	1
70070331	message/xor/185/0	REJECTED	6	1
70070331	message/xor/186/0	REJECTED	6	1
70070331	message/xor/187/0	REJECTED	6	1
70070331	message/xor/188/0	REJECTED	6	1
70070331	message/xor/189/0	REJECTED	6	1
70070331	message/xor/190/0	REJECTED	6	1
70070331	message/xor/191/0	REJECTED	6	1
70070331	message/xor/192/0	REJECTED	6	1
70070331	message/xor/193/0	REJECTED	6	1
70070331	message/xor/194/0	REJECTED	6	1
70070331	message/xor/195/0	REJECTED	6	1
70070331	message/xor/196/0	REJECTED	6	1
70070331	message/xor/197/0	REJECTED	6	1
70070331	message/xor/198/0	REJECTED	6	1
70070331	message/xor/199/0	REJECTED	6	1
70070331	message/xor/200/0	REJECTED	6	1
70070331	message/xor/201/0	REJECTED	6	1
70070331	message/xor/202/0	REJECTED	6	1
70070331	message/xor/203/0	REJECTED	6	1
70070331	message/xor/204/0	REJECTED	6	1
70070331	message/xor/205/0	REJECTED	6	1
70070331	message/xor/206/0	REJECTED	6	1
70070331	message/xor/207/0	REJECTED	6	1
70070331	message/xor/208/0	REJECTED	6	1
70070331	message/xor/209/0	REJECTED	6	1
70070331	message/xor/210/0	REJECTED	6	1
70070331	message/xor/211/0	REJECTED	6	1
70070331	message/xor/212/0	REJECTED	6	1
70070331	message/xor/213/0	REJECTED	6	1
70070331	message/xor/214/0	REJECTED	6	1
70070331	message/xor/215/0	REJECTED	6	1
70070331	message/xor/216/0	REJECTED	6	1
70070331	message/xor/217/0	REJECTED	6	1
70070331	message/xor/218/0	REJECTED	6	1
70070331	message/xor/219/0	REJECTED	6	1
70070331	message/xor/220/0	REJECTED	6	1
70070331	message/xor/221/0	REJECTED	6	1
70070331	message/xor/222/0	REJECTED	6	1
70070331	message/xor/223/0	REJECTED	6	1
70070331	message/xor/224/0	REJECTED	6	1
70070331	message/xor/225/0	REJECTED	6	1
70070331	message/xor/226/0	REJECTED	6	1
70070331	message/xor/227/0	REJECTED	6	1
70070331	message/xor/228/0	REJECTED	6	1
70070331	message/xor/229/0	REJECTED	6	1
70070331	message/xor/230/0	REJECTED	6	1
70070331	message/xor/231/0	REJECTED	6	1
70070331	message/xor/232/0	REJECTED	6	1
70070331	message/xor/233/0	REJECTED	6	1
70070331	message/xor/234/0	REJECTED	6	1
70070331	message/xor/235/0	REJECTED	6	1
70070331	message/xor/236/0	REJECTED	6	1
70070331	message/xor/237/0	REJECTED	6	1
70070331	message/xor/238/0	REJECTED	6	1
70070331	message/xor/239/0	REJECTED	6	1
70070331	message/xor/240/0	REJECTED	6	1
70070331	message/xor/241/0	REJECTED	6	1
70070331	message/xor/242/0	REJECTED	6	1
70070331	message/xor/243/0	REJECTED	6	1
70070331	message/xor/244/0	REJECTED	6	1
70070331	message/xor/245/0	REJECTED	6	1
70070331	message/xor/246/0	REJECTED	6	1
70070331	message/xor/247/0	REJECTED	6	1
70070331	message/xor/248/0	REJECTED	6	1
70070331	message/xor/249/0	REJECTED	6	1
70070331	message/xor/250/0	REJECTED	6	1
70070331	message/xor/251/0	REJECTED	6	1
70070331	message/xor/252/0	REJECTED	6	1
70070331	message/xor/253/0	REJECTED	6	1
70070331	message/xor/254/0	REJECTED	6	1
70070331	message/xor/255/0	REJECTED	6	1
70070331	message/xor/256/0	REJECTED	6	1
70070331	message/xor/257/0	REJECTED	6	1
70070331	message/xor/258/0	REJECTED	6	1
70070331	message/xor/259/0	REJECTED	6	1
70070331	message/xor/260/0	REJECTED	6	1
70070331	message/xor/261/0	REJECTED	6	1
70070331	message/xor/262/0	REJECTED	6	1
70070331	message/xor/263/0	REJECTED	6	1
70070331	message/xor/264/0	REJECTED	6	1
70070331	message/xor/265/0	REJECTED	6	1
70070331	message/xor/266/0	REJECTED	6	1
70070331	message/xor/267/0	REJECTED	6	1
70070331	message/xor/268/0	REJECTED	6	1
70070331	message/xor/269/0	REJECTED	6	1
70070331	message/xor/270/0	REJECTED	6	1
70070331	message/xor/271/0	REJECTED	6	1
70070331	message/xor/272/0	REJECTED	6	1
70070331	message/xor/273/0	REJECTED	6	1
70070331	message/xor/274/0	REJECTED	6	1
70070331	message/xor/275/0	REJECTED	6	1
70070331	message/xor/276/0	REJECTED	6	1
70070331	message/xor/277/0	REJECTED	6	1
70070331	message/xor/278/0	REJECTED	6	1
70070331	message/xor/279/0	REJECTED	6	1
70070331	message/xor/280/0	REJECTED	6	1
70070331	message/xor/281/0	REJECTED	6	1
70070331	message/xor/282/0	REJECTED	6	1
70070331	message/xor/283/0	REJECTED	6	1
70070331	message/xor/284/0	REJECTED	6	1
70070331	message/xor/285/0	REJECTED	6	1
70070331	message/xor/286/0	REJECTED	6	1
70070331	message/xor/287/0	REJECTED	6	1
70070331	message/xor/288/0	REJECTED	6	1
70070331	message/xor/289/0	REJECTED	6	1
70070331	message/xor/290/0	REJECTED	6	1
70070331	message/xor/291/0	REJECTED	6	1
70070331	message/xor/292/0	REJECTED	6	1
70070331	message/xor/293/0	REJECTED	6	1
70070331	message/xor/294/0	REJECTED	6	1
70070331	message/xor/295/0	REJECTED	6	1
70070331	message/xor/296/0	REJECTED	6	1
70070331	message/xor/297/0	REJECTED	6	1
70070331	message/xor/298/0	REJECTED	6	1
70070331	message/xor/299/0	REJECTED	6	1
70070331	message/xor/300/0	REJECTED	6	1
70070331	message/xor/301/0	REJECTED	6	1
70070331	message/xor/302/0	REJECTED	6	1
70070331	message/xor/303/0	REJECTED	6	1
70070331	message/xor/304/0	REJECTED	6	1
70070331	message/xor/305/0	REJECTED	6	1
70070331	message/xor/306/0	REJECTED	6	1
70070331	message/xor/307/0	REJECTED	6	1
70070331	message/xor/308/0	REJECTED	6	1
70070331	message/xor/309/0	REJECTED	6	1
70070331	message/xor/310/0	REJECTED	6	1
70070331	message/xor/311/0	REJECTED	6	1
70070331	message/xor/312/0	REJECTED	6	1
70070331	message/xor/313/0	REJECTED	6	1
70070331	message/xor/314/0	REJECTED	6	1
70070331	message/xor/315/0	REJECTED	6	1
70070331	message/xor/316/0	REJECTED	6	1
70070331	message/xor/317/0	REJECTED	6	1
70070331	message/xor/318/0	REJECTED	6	1
70070331	message/xor/319/0	REJECTED	6	1
70070331	message/xor/320/0	REJECTED	6	1
70070331	message/xor/321/0	REJECTED	6	1
70070331	message/xor/322/0	REJECTED	6	1
70070331	message/xor/323/0	REJECTED	6	1
70070331	message/xor/324/0	REJECTED	6	1
70070331	message/xor/325/0	REJECTED	6	1
70070331	message/xor/326/0	REJECTED	6	1
70070331	message/xor/327/0	REJECTED	6	1
70070331	message/xor/328/0	REJECTED	6	1
70070331	message/xor/329/0	REJECTED	6	1
70070331	message/xor/330/0	REJECTED	6	1
70070331	message/xor/331/0	REJECTED	6	1
70070331	message/xor/332/0	REJECTED	6	1
70070331	message/xor/333/0	REJECTED	6	1
70070331	message/xor/334/0	REJECTED	6	1
70070331	message/xor/335/0	REJECTED	6	1
70070331	message/xor/336/0	REJECTED	6	1
70070331	message/xor/337/0	REJECTED	6	1
70070331	message/xor/338/0	REJECTED	6	1
70070331	message/xor/339/0	REJECTED	6	1
70070331	message/xor/340/0	REJECTED	6	1
70070331	message/xor/341/0	REJECTED	6	1
70070331	message/xor/342/0	REJECTED	6	1
70070331	message/xor/343/0	REJECTED	6	1
70070331	message/xor/344/0	REJECTED	6	1
70070331	message/xor/345/0	REJECTED	6	1
70070331	message/xor/346/0	REJECTED	6	1
70070331	message/xor/347/0	REJECTED	6	1
70070331	message/xor/348/0	REJECTED	6	1
70070331	message/xor/349/0	REJECTED	6	1
70070331	message/xor/350/0	REJECTED	6	1
70070331	message/xor/351/0	REJECTED	6	1
70070331	message/xor/352/0	REJECTED	6	1
70070331	message/xor/353/0	REJECTED	6	1
70070331	message/xor/354/0	REJECTED	6	1
70070331	message/xor/355/0	REJECTED	6	1
70070331	message/xor/356/0	REJECTED	6	1
70070331	message/xor/357/0	REJECTED	6	1
70070331	message/xor/358/0	REJECTED	6	1
70070331	message/xor/359/0	REJECTED	6	1
70070331	message/xor/360/0	REJECTED	6	1
70070331	message/xor/361/0	REJECTED	6	1
70070331	message/xor/362/0	REJECTED	6	1
70070331	message/xor/363/0	REJECTED	6	1
70070331	message/xor/364/0	REJECTED	6	1
70070331	message/xor/365/0	REJECTED	6	1
70070331	message/xor/366/0	REJECTED	6	1
70070331	message/xor/367/0	REJECTED	6	1
70070331	message/xor/368/0	REJECTED	6	1
70070331	message/xor/369/0	REJECTED	6	1
70070331	message/xor/370/0	REJECTED	6	1
70070331	message/xor/371/0	REJECTED	6	1
70070331	message/xor/372/0	REJECTED	6	1
70070331	message/xor/373/0	REJECTED	6	1
70070331	message/xor/374/0	REJECTED	6	1
70070331	message/xor/375/0	REJECTED	6	1
70070331	message/xor/376/0	REJECTED	6	1
70070331	message/xor/377/0	REJECTED	6	1
70070331	message/xor/378/0	REJECTED	6	1
70070331	message/xor/379/0	REJECTED	6	1
70070331	message/xor/380/0	REJECTED	6	1
70070331	message/xor/381/0	REJECTED	6	1
70070331	message/xor/382/0	REJECTED	6	1
70070331	message/xor/383/0	REJECTED	6	1
70070331	message/xor/384/0	REJECTED	6	1
70070331	message/xor/385/0	REJECTED	6	1
70070331	message/xor/386/0	REJECTED	6	1
70070331	message/xor/387/0	REJECTED	6	1
70070331	message/xor/388/0	REJECTED	6	1
70070331	message/xor/389/0	REJECTED	6	1
70070331	message/xor/390/0	REJECTED	6	1
70070331	message/xor/391/0	REJECTED	6	1
70070331	message/xor/392/0	REJECTED	6	1
70070331	message/xor/393/0	REJECTED	6	1
70070331	message/xor/394/0	REJECTED	6	1
70070331	message/xor/395/0	REJECTED	6	1
70070331	message/xor/396/0	REJECTED	6	1
70070331	message/xor/397/0	REJECTED	6	1
70070331	message/xor/398/0	REJECTED	6	1
70070331	message/xor/399/0	REJECTED	6	1
70070331	message/xor/400/0	REJECTED	6	1
70070331	message/xor/401/0	REJECTED	6	1
70070331	message/xor/402/0	REJECTED	6	1
70070331	message/xor/403/0	REJECTED	6	1
70070331	message/xor/404/0	REJECTED	6	1
70070331	message/xor/405/0	REJECTED	6	1
70070331	message/xor/406/0	REJECTED	6	1
70070331	message/xor/0/1	REJECTED	6	1
70070331	message/xor/0/2	REJECTED	6	1
70070331	message/xor/0/3	REJECTED	6	1
70070331	message/xor/0/4	REJECTED	6	1
70070331	message/xor/0/5	REJECTED	6	1
70070331	message/xor/0/6	REJECTED	6	1
70070331	message/xor/0/7	REJECTED	6	1
70070331	message/xor/406/1	REJECTED	6	1
70070331	message/xor/406/2	REJECTED	6	1
70070331	message/xor/406/3	REJECTED	6	1
70070331	message/xor/406/4	REJECTED	6	1
70070331	message/xor/406/5	REJECTED	6	1
70070331	message/xor/406/6	REJECTED	6	1
70070331	message/xor/406/7	REJECTED	6	1
70070331	signature/swap-pair/1	REJECTED	6	0
70070331	signature/swap-pair/2	REJECTED	5	0
70070331	signature/swap-pair/3	REJECTED	4	0
70070331	signature/swap-pair/4	REJECTED	3	0
70070331	signature/swap-pair/5	REJECTED	2	0
70070331	signature/swap-pair/6	REJECTED	1	0
70070331	message/empty	REJECTED	6	1
70070331	message/truncate-last	REJECTED	6	1
70070331	message/append-zero	REJECTED	6	1
70070379	original	VERIFIED	6	1
70070379	period/0	REJECTED	3	0
70070379	period/1	REJECTED	3	0
70070379	period/2	REJECTED	3	0
70070379	period/3	REJECTED	3	0
70070379	period/4	REJECTED	3	0
70070379	period/5	REJECTED	3	0
70070379	period/6	REJECTED	3	0
70070379	period/7	REJECTED	3	0
70070379	period/8	REJECTED	3	0
70070379	period/9	REJECTED	3	0
70070379	period/10	REJECTED	3	0
70070379	period/11	REJECTED	3	0
70070379	period/12	REJECTED	3	0
70070379	period/13	REJECTED	3	0
70070379	period/14	REJECTED	3	0
70070379	period/15	REJECTED	3	0
70070379	period/16	REJECTED	4	0
70070379	period/17	REJECTED	4	0
70070379	period/18	REJECTED	4	0
70070379	period/19	REJECTED	4	0
70070379	period/20	REJECTED	4	0
70070379	period/21	REJECTED	4	0
70070379	period/22	REJECTED	4	0
70070379	period/23	REJECTED	4	0
70070379	period/24	REJECTED	5	0
70070379	period/25	REJECTED	5	0
70070379	period/26	REJECTED	5	0
70070379	period/27	REJECTED	5	0
70070379	period/28	REJECTED	6	1
70070379	period/30	REJECTED	6	0
70070379	period/31	REJECTED	6	0
70070379	period/32	REJECTED	2	0
70070379	period/33	REJECTED	2	0
70070379	period/34	REJECTED	2	0
70070379	period/35	REJECTED	2	0
70070379	period/36	REJECTED	2	0
70070379	period/37	REJECTED	2	0
70070379	period/38	REJECTED	2	0
70070379	period/39	REJECTED	2	0
70070379	period/40	REJECTED	2	0
70070379	period/41	REJECTED	2	0
70070379	period/42	REJECTED	2	0
70070379	period/43	REJECTED	2	0
70070379	period/44	REJECTED	2	0
70070379	period/45	REJECTED	2	0
70070379	period/46	REJECTED	2	0
70070379	period/47	REJECTED	2	0
70070379	period/48	REJECTED	2	0
70070379	period/49	REJECTED	2	0
70070379	period/50	REJECTED	2	0
70070379	period/51	REJECTED	2	0
70070379	period/52	REJECTED	2	0
70070379	period/53	REJECTED	2	0
70070379	period/54	REJECTED	2	0
70070379	period/55	REJECTED	2	0
70070379	period/56	REJECTED	2	0
70070379	period/57	REJECTED	2	0
70070379	period/58	REJECTED	2	0
70070379	period/59	REJECTED	2	0
70070379	period/60	REJECTED	2	0
70070379	period/61	REJECTED	2	0
70070379	period/62	REJECTED	2	0
70070379	period/63	REJECTED	2	0
70070379	root/xor/0/0	REJECTED	1	0
70070379	root/xor/0/1	REJECTED	1	0
70070379	root/xor/0/2	REJECTED	1	0
70070379	root/xor/0/3	REJECTED	1	0
70070379	root/xor/0/4	REJECTED	1	0
70070379	root/xor/0/5	REJECTED	1	0
70070379	root/xor/0/6	REJECTED	1	0
70070379	root/xor/0/7	REJECTED	1	0
70070379	root/xor/1/0	REJECTED	1	0
70070379	root/xor/1/1	REJECTED	1	0
70070379	root/xor/1/2	REJECTED	1	0
70070379	root/xor/1/3	REJECTED	1	0
70070379	root/xor/1/4	REJECTED	1	0
70070379	root/xor/1/5	REJECTED	1	0
70070379	root/xor/1/6	REJECTED	1	0
70070379	root/xor/1/7	REJECTED	1	0
70070379	root/xor/2/0	REJECTED	1	0
70070379	root/xor/2/1	REJECTED	1	0
70070379	root/xor/2/2	REJECTED	1	0
70070379	root/xor/2/3	REJECTED	1	0
70070379	root/xor/2/4	REJECTED	1	0
70070379	root/xor/2/5	REJECTED	1	0
70070379	root/xor/2/6	REJECTED	1	0
70070379	root/xor/2/7	REJECTED	1	0
70070379	root/xor/3/0	REJECTED	1	0
70070379	root/xor/3/1	REJECTED	1	0
70070379	root/xor/3/2	REJECTED	1	0
70070379	root/xor/3/3	REJECTED	1	0
70070379	root/xor/3/4	REJECTED	1	0
70070379	root/xor/3/5	REJECTED	1	0
70070379	root/xor/3/6	REJECTED	1	0
70070379	root/xor/3/7	REJECTED	1	0
70070379	root/xor/4/0	REJECTED	1	0
70070379	root/xor/4/1	REJECTED	1	0
70070379	root/xor/4/2	REJECTED	1	0
70070379	root/xor/4/3	REJECTED	1	0
70070379	root/xor/4/4	REJECTED	1	0
70070379	root/xor/4/5	REJECTED	1	0
70070379	root/xor/4/6	REJECTED	1	0
70070379	root/xor/4/7	REJECTED	1	0
70070379	root/xor/5/0	REJECTED	1	0
70070379	root/xor/5/1	REJECTED	1	0
70070379	root/xor/5/2	REJECTED	1	0
70070379	root/xor/5/3	REJECTED	1	0
70070379	root/xor/5/4	REJECTED	1	0
70070379	root/xor/5/5	REJECTED	1	0
70070379	root/xor/5/6	REJECTED	1	0
70070379	root/xor/5/7	REJECTED	1	0
70070379	root/xor/6/0	REJECTED	1	0
70070379	root/xor/6/1	REJECTED	1	0
70070379	root/xor/6/2	REJECTED	1	0
70070379	root/xor/6/3	REJECTED	1	0
70070379	root/xor/6/4	REJECTED	1	0
70070379	root/xor/6/5	REJECTED	1	0
70070379	root/xor/6/6	REJECTED	1	0
70070379	root/xor/6/7	REJECTED	1	0
70070379	root/xor/7/0	REJECTED	1	0
70070379	root/xor/7/1	REJECTED	1	0
70070379	root/xor/7/2	REJECTED	1	0
70070379	root/xor/7/3	REJECTED	1	0
70070379	root/xor/7/4	REJECTED	1	0
70070379	root/xor/7/5	REJECTED	1	0
70070379	root/xor/7/6	REJECTED	1	0
70070379	root/xor/7/7	REJECTED	1	0
70070379	root/xor/8/0	REJECTED	1	0
70070379	root/xor/8/1	REJECTED	1	0
70070379	root/xor/8/2	REJECTED	1	0
70070379	root/xor/8/3	REJECTED	1	0
70070379	root/xor/8/4	REJECTED	1	0
70070379	root/xor/8/5	REJECTED	1	0
70070379	root/xor/8/6	REJECTED	1	0
70070379	root/xor/8/7	REJECTED	1	0
70070379	root/xor/9/0	REJECTED	1	0
70070379	root/xor/9/1	REJECTED	1	0
70070379	root/xor/9/2	REJECTED	1	0
70070379	root/xor/9/3	REJECTED	1	0
70070379	root/xor/9/4	REJECTED	1	0
70070379	root/xor/9/5	REJECTED	1	0
70070379	root/xor/9/6	REJECTED	1	0
70070379	root/xor/9/7	REJECTED	1	0
70070379	root/xor/10/0	REJECTED	1	0
70070379	root/xor/10/1	REJECTED	1	0
70070379	root/xor/10/2	REJECTED	1	0
70070379	root/xor/10/3	REJECTED	1	0
70070379	root/xor/10/4	REJECTED	1	0
70070379	root/xor/10/5	REJECTED	1	0
70070379	root/xor/10/6	REJECTED	1	0
70070379	root/xor/10/7	REJECTED	1	0
70070379	root/xor/11/0	REJECTED	1	0
70070379	root/xor/11/1	REJECTED	1	0
70070379	root/xor/11/2	REJECTED	1	0
70070379	root/xor/11/3	REJECTED	1	0
70070379	root/xor/11/4	REJECTED	1	0
70070379	root/xor/11/5	REJECTED	1	0
70070379	root/xor/11/6	REJECTED	1	0
70070379	root/xor/11/7	REJECTED	1	0
70070379	root/xor/12/0	REJECTED	1	0
70070379	root/xor/12/1	REJECTED	1	0
70070379	root/xor/12/2	REJECTED	1	0
70070379	root/xor/12/3	REJECTED	1	0
70070379	root/xor/12/4	REJECTED	1	0
70070379	root/xor/12/5	REJECTED	1	0
70070379	root/xor/12/6	REJECTED	1	0
70070379	root/xor/12/7	REJECTED	1	0
70070379	root/xor/13/0	REJECTED	1	0
70070379	root/xor/13/1	REJECTED	1	0
70070379	root/xor/13/2	REJECTED	1	0
70070379	root/xor/13/3	REJECTED	1	0
70070379	root/xor/13/4	REJECTED	1	0
70070379	root/xor/13/5	REJECTED	1	0
70070379	root/xor/13/6	REJECTED	1	0
70070379	root/xor/13/7	REJECTED	1	0
70070379	root/xor/14/0	REJECTED	1	0
70070379	root/xor/14/1	REJECTED	1	0
70070379	root/xor/14/2	REJECTED	1	0
70070379	root/xor/14/3	REJECTED	1	0
70070379	root/xor/14/4	REJECTED	1	0
70070379	root/xor/14/5	REJECTED	1	0
70070379	root/xor/14/6	REJECTED	1	0
70070379	root/xor/14/7	REJECTED	1	0
70070379	root/xor/15/0	REJECTED	1	0
70070379	root/xor/15/1	REJECTED	1	0
70070379	root/xor/15/2	REJECTED	1	0
70070379	root/xor/15/3	REJECTED	1	0
70070379	root/xor/15/4	REJECTED	1	0
70070379	root/xor/15/5	REJECTED	1	0
70070379	root/xor/15/6	REJECTED	1	0
70070379	root/xor/15/7	REJECTED	1	0
70070379	root/xor/16/0	REJECTED	1	0
70070379	root/xor/16/1	REJECTED	1	0
70070379	root/xor/16/2	REJECTED	1	0
70070379	root/xor/16/3	REJECTED	1	0
70070379	root/xor/16/4	REJECTED	1	0
70070379	root/xor/16/5	REJECTED	1	0
70070379	root/xor/16/6	REJECTED	1	0
70070379	root/xor/16/7	REJECTED	1	0
70070379	root/xor/17/0	REJECTED	1	0
70070379	root/xor/17/1	REJECTED	1	0
70070379	root/xor/17/2	REJECTED	1	0
70070379	root/xor/17/3	REJECTED	1	0
70070379	root/xor/17/4	REJECTED	1	0
70070379	root/xor/17/5	REJECTED	1	0
70070379	root/xor/17/6	REJECTED	1	0
70070379	root/xor/17/7	REJECTED	1	0
70070379	root/xor/18/0	REJECTED	1	0
70070379	root/xor/18/1	REJECTED	1	0
70070379	root/xor/18/2	REJECTED	1	0
70070379	root/xor/18/3	REJECTED	1	0
70070379	root/xor/18/4	REJECTED	1	0
70070379	root/xor/18/5	REJECTED	1	0
70070379	root/xor/18/6	REJECTED	1	0
70070379	root/xor/18/7	REJECTED	1	0
70070379	root/xor/19/0	REJECTED	1	0
70070379	root/xor/19/1	REJECTED	1	0
70070379	root/xor/19/2	REJECTED	1	0
70070379	root/xor/19/3	REJECTED	1	0
70070379	root/xor/19/4	REJECTED	1	0
70070379	root/xor/19/5	REJECTED	1	0
70070379	root/xor/19/6	REJECTED	1	0
70070379	root/xor/19/7	REJECTED	1	0
70070379	root/xor/20/0	REJECTED	1	0
70070379	root/xor/20/1	REJECTED	1	0
70070379	root/xor/20/2	REJECTED	1	0
70070379	root/xor/20/3	REJECTED	1	0
70070379	root/xor/20/4	REJECTED	1	0
70070379	root/xor/20/5	REJECTED	1	0
70070379	root/xor/20/6	REJECTED	1	0
70070379	root/xor/20/7	REJECTED	1	0
70070379	root/xor/21/0	REJECTED	1	0
70070379	root/xor/21/1	REJECTED	1	0
70070379	root/xor/21/2	REJECTED	1	0
70070379	root/xor/21/3	REJECTED	1	0
70070379	root/xor/21/4	REJECTED	1	0
70070379	root/xor/21/5	REJECTED	1	0
70070379	root/xor/21/6	REJECTED	1	0
70070379	root/xor/21/7	REJECTED	1	0
70070379	root/xor/22/0	REJECTED	1	0
70070379	root/xor/22/1	REJECTED	1	0
70070379	root/xor/22/2	REJECTED	1	0
70070379	root/xor/22/3	REJECTED	1	0
70070379	root/xor/22/4	REJECTED	1	0
70070379	root/xor/22/5	REJECTED	1	0
70070379	root/xor/22/6	REJECTED	1	0
70070379	root/xor/22/7	REJECTED	1	0
70070379	root/xor/23/0	REJECTED	1	0
70070379	root/xor/23/1	REJECTED	1	0
70070379	root/xor/23/2	REJECTED	1	0
70070379	root/xor/23/3	REJECTED	1	0
70070379	root/xor/23/4	REJECTED	1	0
70070379	root/xor/23/5	REJECTED	1	0
70070379	root/xor/23/6	REJECTED	1	0
70070379	root/xor/23/7	REJECTED	1	0
70070379	root/xor/24/0	REJECTED	1	0
70070379	root/xor/24/1	REJECTED	1	0
70070379	root/xor/24/2	REJECTED	1	0
70070379	root/xor/24/3	REJECTED	1	0
70070379	root/xor/24/4	REJECTED	1	0
70070379	root/xor/24/5	REJECTED	1	0
70070379	root/xor/24/6	REJECTED	1	0
70070379	root/xor/24/7	REJECTED	1	0
70070379	root/xor/25/0	REJECTED	1	0
70070379	root/xor/25/1	REJECTED	1	0
70070379	root/xor/25/2	REJECTED	1	0
70070379	root/xor/25/3	REJECTED	1	0
70070379	root/xor/25/4	REJECTED	1	0
70070379	root/xor/25/5	REJECTED	1	0
70070379	root/xor/25/6	REJECTED	1	0
70070379	root/xor/25/7	REJECTED	1	0
70070379	root/xor/26/0	REJECTED	1	0
70070379	root/xor/26/1	REJECTED	1	0
70070379	root/xor/26/2	REJECTED	1	0
70070379	root/xor/26/3	REJECTED	1	0
70070379	root/xor/26/4	REJECTED	1	0
70070379	root/xor/26/5	REJECTED	1	0
70070379	root/xor/26/6	REJECTED	1	0
70070379	root/xor/26/7	REJECTED	1	0
70070379	root/xor/27/0	REJECTED	1	0
70070379	root/xor/27/1	REJECTED	1	0
70070379	root/xor/27/2	REJECTED	1	0
70070379	root/xor/27/3	REJECTED	1	0
70070379	root/xor/27/4	REJECTED	1	0
70070379	root/xor/27/5	REJECTED	1	0
70070379	root/xor/27/6	REJECTED	1	0
70070379	root/xor/27/7	REJECTED	1	0
70070379	root/xor/28/0	REJECTED	1	0
70070379	root/xor/28/1	REJECTED	1	0
70070379	root/xor/28/2	REJECTED	1	0
70070379	root/xor/28/3	REJECTED	1	0
70070379	root/xor/28/4	REJECTED	1	0
70070379	root/xor/28/5	REJECTED	1	0
70070379	root/xor/28/6	REJECTED	1	0
70070379	root/xor/28/7	REJECTED	1	0
70070379	root/xor/29/0	REJECTED	1	0
70070379	root/xor/29/1	REJECTED	1	0
70070379	root/xor/29/2	REJECTED	1	0
70070379	root/xor/29/3	REJECTED	1	0
70070379	root/xor/29/4	REJECTED	1	0
70070379	root/xor/29/5	REJECTED	1	0
70070379	root/xor/29/6	REJECTED	1	0
70070379	root/xor/29/7	REJECTED	1	0
70070379	root/xor/30/0	REJECTED	1	0
70070379	root/xor/30/1	REJECTED	1	0
70070379	root/xor/30/2	REJECTED	1	0
70070379	root/xor/30/3	REJECTED	1	0
70070379	root/xor/30/4	REJECTED	1	0
70070379	root/xor/30/5	REJECTED	1	0
70070379	root/xor/30/6	REJECTED	1	0
70070379	root/xor/30/7	REJECTED	1	0
70070379	root/xor/31/0	REJECTED	1	0
70070379	root/xor/31/1	REJECTED	1	0
70070379	root/xor/31/2	REJECTED	1	0
70070379	root/xor/31/3	REJECTED	1	0
70070379	root/xor/31/4	REJECTED	1	0
70070379	root/xor/31/5	REJECTED	1	0
70070379	root/xor/31/6	REJECTED	1	0
70070379	root/xor/31/7	REJECTED	1	0
70070379	signature/xor/0/0	REJECTED	6	1
70070379	signature/xor/0/1	REJECTED	6	1
70070379	signature/xor/0/2	REJECTED	6	1
70070379	signature/xor/0/3	REJECTED	6	1
70070379	signature/xor/0/4	REJECTED	6	1
70070379	signature/xor/0/5	REJECTED	6	1
70070379	signature/xor/0/6	REJECTED	6	1
70070379	signature/xor/0/7	REJECTED	6	1
70070379	signature/xor/1/0	REJECTED	6	1
70070379	signature/xor/1/1	REJECTED	6	1
70070379	signature/xor/1/2	REJECTED	6	1
70070379	signature/xor/1/3	REJECTED	6	1
70070379	signature/xor/1/4	REJECTED	6	1
70070379	signature/xor/1/5	REJECTED	6	1
70070379	signature/xor/1/6	REJECTED	6	1
70070379	signature/xor/1/7	REJECTED	6	1
70070379	signature/xor/2/0	REJECTED	6	1
70070379	signature/xor/2/1	REJECTED	6	1
70070379	signature/xor/2/2	REJECTED	6	1
70070379	signature/xor/2/3	REJECTED	6	1
70070379	signature/xor/2/4	REJECTED	6	1
70070379	signature/xor/2/5	REJECTED	6	1
70070379	signature/xor/2/6	REJECTED	6	1
70070379	signature/xor/2/7	REJECTED	6	1
70070379	signature/xor/3/0	REJECTED	6	1
70070379	signature/xor/3/1	REJECTED	6	1
70070379	signature/xor/3/2	REJECTED	6	1
70070379	signature/xor/3/3	REJECTED	6	1
70070379	signature/xor/3/4	REJECTED	6	1
70070379	signature/xor/3/5	REJECTED	6	1
70070379	signature/xor/3/6	REJECTED	6	1
70070379	signature/xor/3/7	REJECTED	6	1
70070379	signature/xor/4/0	REJECTED	6	1
70070379	signature/xor/4/1	REJECTED	6	1
70070379	signature/xor/4/2	REJECTED	6	1
70070379	signature/xor/4/3	REJECTED	6	1
70070379	signature/xor/4/4	REJECTED	6	1
70070379	signature/xor/4/5	REJECTED	6	1
70070379	signature/xor/4/6	REJECTED	6	1
70070379	signature/xor/4/7	REJECTED	6	1
70070379	signature/xor/5/0	REJECTED	6	1
70070379	signature/xor/5/1	REJECTED	6	1
70070379	signature/xor/5/2	REJECTED	6	1
70070379	signature/xor/5/3	REJECTED	6	1
70070379	signature/xor/5/4	REJECTED	6	1
70070379	signature/xor/5/5	REJECTED	6	1
70070379	signature/xor/5/6	REJECTED	6	1
70070379	signature/xor/5/7	REJECTED	6	1
70070379	signature/xor/6/0	REJECTED	6	1
70070379	signature/xor/6/1	REJECTED	6	1
70070379	signature/xor/6/2	REJECTED	6	1
70070379	signature/xor/6/3	REJECTED	6	1
70070379	signature/xor/6/4	REJECTED	6	1
70070379	signature/xor/6/5	REJECTED	6	1
70070379	signature/xor/6/6	REJECTED	6	1
70070379	signature/xor/6/7	REJECTED	6	1
70070379	signature/xor/7/0	REJECTED	6	1
70070379	signature/xor/7/1	REJECTED	6	1
70070379	signature/xor/7/2	REJECTED	6	1
70070379	signature/xor/7/3	REJECTED	6	1
70070379	signature/xor/7/4	REJECTED	6	1
70070379	signature/xor/7/5	REJECTED	6	1
70070379	signature/xor/7/6	REJECTED	6	1
70070379	signature/xor/7/7	REJECTED	6	1
70070379	signature/xor/8/0	REJECTED	6	1
70070379	signature/xor/8/1	REJECTED	6	1
70070379	signature/xor/8/2	REJECTED	6	1
70070379	signature/xor/8/3	REJECTED	6	1
70070379	signature/xor/8/4	REJECTED	6	1
70070379	signature/xor/8/5	REJECTED	6	1
70070379	signature/xor/8/6	REJECTED	6	1
70070379	signature/xor/8/7	REJECTED	6	1
70070379	signature/xor/9/0	REJECTED	6	1
70070379	signature/xor/9/1	REJECTED	6	1
70070379	signature/xor/9/2	REJECTED	6	1
70070379	signature/xor/9/3	REJECTED	6	1
70070379	signature/xor/9/4	REJECTED	6	1
70070379	signature/xor/9/5	REJECTED	6	1
70070379	signature/xor/9/6	REJECTED	6	1
70070379	signature/xor/9/7	REJECTED	6	1
70070379	signature/xor/10/0	REJECTED	6	1
70070379	signature/xor/10/1	REJECTED	6	1
70070379	signature/xor/10/2	REJECTED	6	1
70070379	signature/xor/10/3	REJECTED	6	1
70070379	signature/xor/10/4	REJECTED	6	1
70070379	signature/xor/10/5	REJECTED	6	1
70070379	signature/xor/10/6	REJECTED	6	1
70070379	signature/xor/10/7	REJECTED	6	1
70070379	signature/xor/11/0	REJECTED	6	1
70070379	signature/xor/11/1	REJECTED	6	1
70070379	signature/xor/11/2	REJECTED	6	1
70070379	signature/xor/11/3	REJECTED	6	1
70070379	signature/xor/11/4	REJECTED	6	1
70070379	signature/xor/11/5	REJECTED	6	1
70070379	signature/xor/11/6	REJECTED	6	1
70070379	signature/xor/11/7	REJECTED	6	1
70070379	signature/xor/12/0	REJECTED	6	1
70070379	signature/xor/12/1	REJECTED	6	1
70070379	signature/xor/12/2	REJECTED	6	1
70070379	signature/xor/12/3	REJECTED	6	1
70070379	signature/xor/12/4	REJECTED	6	1
70070379	signature/xor/12/5	REJECTED	6	1
70070379	signature/xor/12/6	REJECTED	6	1
70070379	signature/xor/12/7	REJECTED	6	1
70070379	signature/xor/13/0	REJECTED	6	1
70070379	signature/xor/13/1	REJECTED	6	1
70070379	signature/xor/13/2	REJECTED	6	1
70070379	signature/xor/13/3	REJECTED	6	1
70070379	signature/xor/13/4	REJECTED	6	1
70070379	signature/xor/13/5	REJECTED	6	1
70070379	signature/xor/13/6	REJECTED	6	1
70070379	signature/xor/13/7	REJECTED	6	1
70070379	signature/xor/14/0	REJECTED	6	1
70070379	signature/xor/14/1	REJECTED	6	1
70070379	signature/xor/14/2	REJECTED	6	1
70070379	signature/xor/14/3	REJECTED	6	1
70070379	signature/xor/14/4	REJECTED	6	1
70070379	signature/xor/14/5	REJECTED	6	1
70070379	signature/xor/14/6	REJECTED	6	1
70070379	signature/xor/14/7	REJECTED	6	1
70070379	signature/xor/15/0	REJECTED	6	1
70070379	signature/xor/15/1	REJECTED	6	1
70070379	signature/xor/15/2	REJECTED	6	1
70070379	signature/xor/15/3	REJECTED	6	1
70070379	signature/xor/15/4	REJECTED	6	1
70070379	signature/xor/15/5	REJECTED	6	1
70070379	signature/xor/15/6	REJECTED	6	1
70070379	signature/xor/15/7	REJECTED	6	1
70070379	signature/xor/16/0	REJECTED	6	1
70070379	signature/xor/16/1	REJECTED	6	1
70070379	signature/xor/16/2	REJECTED	6	1
70070379	signature/xor/16/3	REJECTED	6	1
70070379	signature/xor/16/4	REJECTED	6	1
70070379	signature/xor/16/5	REJECTED	6	1
70070379	signature/xor/16/6	REJECTED	6	1
70070379	signature/xor/16/7	REJECTED	6	1
70070379	signature/xor/17/0	REJECTED	6	1
70070379	signature/xor/17/1	REJECTED	6	1
70070379	signature/xor/17/2	REJECTED	6	1
70070379	signature/xor/17/3	REJECTED	6	1
70070379	signature/xor/17/4	REJECTED	6	1
70070379	signature/xor/17/5	REJECTED	6	1
70070379	signature/xor/17/6	REJECTED	6	1
70070379	signature/xor/17/7	REJECTED	6	1
70070379	signature/xor/18/0	REJECTED	6	1
70070379	signature/xor/18/1	REJECTED	6	1
70070379	signature/xor/18/2	REJECTED	6	1
70070379	signature/xor/18/3	REJECTED	6	1
70070379	signature/xor/18/4	REJECTED	6	1
70070379	signature/xor/18/5	REJECTED	6	1
70070379	signature/xor/18/6	REJECTED	6	1
70070379	signature/xor/18/7	REJECTED	6	1
70070379	signature/xor/19/0	REJECTED	6	1
70070379	signature/xor/19/1	REJECTED	6	1
70070379	signature/xor/19/2	REJECTED	6	1
70070379	signature/xor/19/3	REJECTED	6	1
70070379	signature/xor/19/4	REJECTED	6	1
70070379	signature/xor/19/5	REJECTED	6	1
70070379	signature/xor/19/6	REJECTED	6	1
70070379	signature/xor/19/7	REJECTED	6	1
70070379	signature/xor/20/0	REJECTED	6	1
70070379	signature/xor/20/1	REJECTED	6	1
70070379	signature/xor/20/2	REJECTED	6	1
70070379	signature/xor/20/3	REJECTED	6	1
70070379	signature/xor/20/4	REJECTED	6	1
70070379	signature/xor/20/5	REJECTED	6	1
70070379	signature/xor/20/6	REJECTED	6	1
70070379	signature/xor/20/7	REJECTED	6	1
70070379	signature/xor/21/0	REJECTED	6	1
70070379	signature/xor/21/1	REJECTED	6	1
70070379	signature/xor/21/2	REJECTED	6	1
70070379	signature/xor/21/3	REJECTED	6	1
70070379	signature/xor/21/4	REJECTED	6	1
70070379	signature/xor/21/5	REJECTED	6	1
70070379	signature/xor/21/6	REJECTED	6	1
70070379	signature/xor/21/7	REJECTED	6	1
70070379	signature/xor/22/0	REJECTED	6	1
70070379	signature/xor/22/1	REJECTED	6	1
70070379	signature/xor/22/2	REJECTED	6	1
70070379	signature/xor/22/3	REJECTED	6	1
70070379	signature/xor/22/4	REJECTED	6	1
70070379	signature/xor/22/5	REJECTED	6	1
70070379	signature/xor/22/6	REJECTED	6	1
70070379	signature/xor/22/7	REJECTED	6	1
70070379	signature/xor/23/0	REJECTED	6	1
70070379	signature/xor/23/1	REJECTED	6	1
70070379	signature/xor/23/2	REJECTED	6	1
70070379	signature/xor/23/3	REJECTED	6	1
70070379	signature/xor/23/4	REJECTED	6	1
70070379	signature/xor/23/5	REJECTED	6	1
70070379	signature/xor/23/6	REJECTED	6	1
70070379	signature/xor/23/7	REJECTED	6	1
70070379	signature/xor/24/0	REJECTED	6	1
70070379	signature/xor/24/1	REJECTED	6	1
70070379	signature/xor/24/2	REJECTED	6	1
70070379	signature/xor/24/3	REJECTED	6	1
70070379	signature/xor/24/4	REJECTED	6	1
70070379	signature/xor/24/5	REJECTED	6	1
70070379	signature/xor/24/6	REJECTED	6	1
70070379	signature/xor/24/7	REJECTED	6	1
70070379	signature/xor/25/0	REJECTED	6	1
70070379	signature/xor/25/1	REJECTED	6	1
70070379	signature/xor/25/2	REJECTED	6	1
70070379	signature/xor/25/3	REJECTED	6	1
70070379	signature/xor/25/4	REJECTED	6	1
70070379	signature/xor/25/5	REJECTED	6	1
70070379	signature/xor/25/6	REJECTED	6	1
70070379	signature/xor/25/7	REJECTED	6	1
70070379	signature/xor/26/0	REJECTED	6	1
70070379	signature/xor/26/1	REJECTED	6	1
70070379	signature/xor/26/2	REJECTED	6	1
70070379	signature/xor/26/3	REJECTED	6	1
70070379	signature/xor/26/4	REJECTED	6	1
70070379	signature/xor/26/5	REJECTED	6	1
70070379	signature/xor/26/6	REJECTED	6	1
70070379	signature/xor/26/7	REJECTED	6	1
70070379	signature/xor/27/0	REJECTED	6	1
70070379	signature/xor/27/1	REJECTED	6	1
70070379	signature/xor/27/2	REJECTED	6	1
70070379	signature/xor/27/3	REJECTED	6	1
70070379	signature/xor/27/4	REJECTED	6	1
70070379	signature/xor/27/5	REJECTED	6	1
70070379	signature/xor/27/6	REJECTED	6	1
70070379	signature/xor/27/7	REJECTED	6	1
70070379	signature/xor/28/0	REJECTED	6	1
70070379	signature/xor/28/1	REJECTED	6	1
70070379	signature/xor/28/2	REJECTED	6	1
70070379	signature/xor/28/3	REJECTED	6	1
70070379	signature/xor/28/4	REJECTED	6	1
70070379	signature/xor/28/5	REJECTED	6	1
70070379	signature/xor/28/6	REJECTED	6	1
70070379	signature/xor/28/7	REJECTED	6	1
70070379	signature/xor/29/0	REJECTED	6	1
70070379	signature/xor/29/1	REJECTED	6	1
70070379	signature/xor/29/2	REJECTED	6	1
70070379	signature/xor/29/3	REJECTED	6	1
70070379	signature/xor/29/4	REJECTED	6	1
70070379	signature/xor/29/5	REJECTED	6	1
70070379	signature/xor/29/6	REJECTED	6	1
70070379	signature/xor/29/7	REJECTED	6	1
70070379	signature/xor/30/0	REJECTED	6	1
70070379	signature/xor/30/1	REJECTED	6	1
70070379	signature/xor/30/2	REJECTED	6	1
70070379	signature/xor/30/3	REJECTED	6	1
70070379	signature/xor/30/4	REJECTED	6	1
70070379	signature/xor/30/5	REJECTED	6	1
70070379	signature/xor/30/6	REJECTED	6	1
70070379	signature/xor/30/7	REJECTED	6	1
70070379	signature/xor/31/0	REJECTED	6	1
70070379	signature/xor/31/1	REJECTED	6	1
70070379	signature/xor/31/2	REJECTED	6	1
70070379	signature/xor/31/3	REJECTED	6	1
70070379	signature/xor/31/4	REJECTED	6	1
70070379	signature/xor/31/5	REJECTED	6	1
70070379	signature/xor/31/6	REJECTED	6	1
70070379	signature/xor/31/7	REJECTED	6	1
70070379	signature/xor/32/0	REJECTED	6	1
70070379	signature/xor/32/1	REJECTED	6	1
70070379	signature/xor/32/2	REJECTED	6	1
70070379	signature/xor/32/3	REJECTED	6	1
70070379	signature/xor/32/4	REJECTED	6	1
70070379	signature/xor/32/5	REJECTED	6	1
70070379	signature/xor/32/6	REJECTED	6	1
70070379	signature/xor/32/7	REJECTED	6	1
70070379	signature/xor/33/0	REJECTED	6	1
70070379	signature/xor/33/1	REJECTED	6	1
70070379	signature/xor/33/2	REJECTED	6	1
70070379	signature/xor/33/3	REJECTED	6	1
70070379	signature/xor/33/4	REJECTED	6	1
70070379	signature/xor/33/5	REJECTED	6	1
70070379	signature/xor/33/6	REJECTED	6	1
70070379	signature/xor/33/7	REJECTED	6	1
70070379	signature/xor/34/0	REJECTED	6	1
70070379	signature/xor/34/1	REJECTED	6	1
70070379	signature/xor/34/2	REJECTED	6	1
70070379	signature/xor/34/3	REJECTED	6	1
70070379	signature/xor/34/4	REJECTED	6	1
70070379	signature/xor/34/5	REJECTED	6	1
70070379	signature/xor/34/6	REJECTED	6	1
70070379	signature/xor/34/7	REJECTED	6	1
70070379	signature/xor/35/0	REJECTED	6	1
70070379	signature/xor/35/1	REJECTED	6	1
70070379	signature/xor/35/2	REJECTED	6	1
70070379	signature/xor/35/3	REJECTED	6	1
70070379	signature/xor/35/4	REJECTED	6	1
70070379	signature/xor/35/5	REJECTED	6	1
70070379	signature/xor/35/6	REJECTED	6	1
70070379	signature/xor/35/7	REJECTED	6	1
70070379	signature/xor/36/0	REJECTED	6	1
70070379	signature/xor/36/1	REJECTED	6	1
70070379	signature/xor/36/2	REJECTED	6	1
70070379	signature/xor/36/3	REJECTED	6	1
70070379	signature/xor/36/4	REJECTED	6	1
70070379	signature/xor/36/5	REJECTED	6	1
70070379	signature/xor/36/6	REJECTED	6	1
70070379	signature/xor/36/7	REJECTED	6	1
70070379	signature/xor/37/0	REJECTED	6	1
70070379	signature/xor/37/1	REJECTED	6	1
70070379	signature/xor/37/2	REJECTED	6	1
70070379	signature/xor/37/3	REJECTED	6	1
70070379	signature/xor/37/4	REJECTED	6	1
70070379	signature/xor/37/5	REJECTED	6	1
70070379	signature/xor/37/6	REJECTED	6	1
70070379	signature/xor/37/7	REJECTED	6	1
70070379	signature/xor/38/0	REJECTED	6	1
70070379	signature/xor/38/1	REJECTED	6	1
70070379	signature/xor/38/2	REJECTED	6	1
70070379	signature/xor/38/3	REJECTED	6	1
70070379	signature/xor/38/4	REJECTED	6	1
70070379	signature/xor/38/5	REJECTED	6	1
70070379	signature/xor/38/6	REJECTED	6	1
70070379	signature/xor/38/7	REJECTED	6	1
70070379	signature/xor/39/0	REJECTED	6	1
70070379	signature/xor/39/1	REJECTED	6	1
70070379	signature/xor/39/2	REJECTED	6	1
70070379	signature/xor/39/3	REJECTED	6	1
70070379	signature/xor/39/4	REJECTED	6	1
70070379	signature/xor/39/5	REJECTED	6	1
70070379	signature/xor/39/6	REJECTED	6	1
70070379	signature/xor/39/7	REJECTED	6	1
70070379	signature/xor/40/0	REJECTED	6	1
70070379	signature/xor/40/1	REJECTED	6	1
70070379	signature/xor/40/2	REJECTED	6	1
70070379	signature/xor/40/3	REJECTED	6	1
70070379	signature/xor/40/4	REJECTED	6	1
70070379	signature/xor/40/5	REJECTED	6	1
70070379	signature/xor/40/6	REJECTED	6	1
70070379	signature/xor/40/7	REJECTED	6	1
70070379	signature/xor/41/0	REJECTED	6	1
70070379	signature/xor/41/1	REJECTED	6	1
70070379	signature/xor/41/2	REJECTED	6	1
70070379	signature/xor/41/3	REJECTED	6	1
70070379	signature/xor/41/4	REJECTED	6	1
70070379	signature/xor/41/5	REJECTED	6	1
70070379	signature/xor/41/6	REJECTED	6	1
70070379	signature/xor/41/7	REJECTED	6	1
70070379	signature/xor/42/0	REJECTED	6	1
70070379	signature/xor/42/1	REJECTED	6	1
70070379	signature/xor/42/2	REJECTED	6	1
70070379	signature/xor/42/3	REJECTED	6	1
70070379	signature/xor/42/4	REJECTED	6	1
70070379	signature/xor/42/5	REJECTED	6	1
70070379	signature/xor/42/6	REJECTED	6	1
70070379	signature/xor/42/7	REJECTED	6	1
70070379	signature/xor/43/0	REJECTED	6	1
70070379	signature/xor/43/1	REJECTED	6	1
70070379	signature/xor/43/2	REJECTED	6	1
70070379	signature/xor/43/3	REJECTED	6	1
70070379	signature/xor/43/4	REJECTED	6	1
70070379	signature/xor/43/5	REJECTED	6	1
70070379	signature/xor/43/6	REJECTED	6	1
70070379	signature/xor/43/7	REJECTED	6	1
70070379	signature/xor/44/0	REJECTED	6	1
70070379	signature/xor/44/1	REJECTED	6	1
70070379	signature/xor/44/2	REJECTED	6	1
70070379	signature/xor/44/3	REJECTED	6	1
70070379	signature/xor/44/4	REJECTED	6	1
70070379	signature/xor/44/5	REJECTED	6	1
70070379	signature/xor/44/6	REJECTED	6	1
70070379	signature/xor/44/7	REJECTED	6	1
70070379	signature/xor/45/0	REJECTED	6	1
70070379	signature/xor/45/1	REJECTED	6	1
70070379	signature/xor/45/2	REJECTED	6	1
70070379	signature/xor/45/3	REJECTED	6	1
70070379	signature/xor/45/4	REJECTED	6	1
70070379	signature/xor/45/5	REJECTED	6	1
70070379	signature/xor/45/6	REJECTED	6	1
70070379	signature/xor/45/7	REJECTED	6	1
70070379	signature/xor/46/0	REJECTED	6	1
70070379	signature/xor/46/1	REJECTED	6	1
70070379	signature/xor/46/2	REJECTED	6	1
70070379	signature/xor/46/3	REJECTED	6	1
70070379	signature/xor/46/4	REJECTED	6	1
70070379	signature/xor/46/5	REJECTED	6	1
70070379	signature/xor/46/6	REJECTED	6	1
70070379	signature/xor/46/7	REJECTED	6	1
70070379	signature/xor/47/0	REJECTED	6	1
70070379	signature/xor/47/1	REJECTED	6	1
70070379	signature/xor/47/2	REJECTED	6	1
70070379	signature/xor/47/3	REJECTED	6	1
70070379	signature/xor/47/4	REJECTED	6	1
70070379	signature/xor/47/5	REJECTED	6	1
70070379	signature/xor/47/6	REJECTED	6	1
70070379	signature/xor/47/7	REJECTED	6	1
70070379	signature/xor/48/0	REJECTED	6	1
70070379	signature/xor/48/1	REJECTED	6	1
70070379	signature/xor/48/2	REJECTED	6	1
70070379	signature/xor/48/3	REJECTED	6	1
70070379	signature/xor/48/4	REJECTED	6	1
70070379	signature/xor/48/5	REJECTED	6	1
70070379	signature/xor/48/6	REJECTED	6	1
70070379	signature/xor/48/7	REJECTED	6	1
70070379	signature/xor/49/0	REJECTED	6	1
70070379	signature/xor/49/1	REJECTED	6	1
70070379	signature/xor/49/2	REJECTED	6	1
70070379	signature/xor/49/3	REJECTED	6	1
70070379	signature/xor/49/4	REJECTED	6	1
70070379	signature/xor/49/5	REJECTED	6	1
70070379	signature/xor/49/6	REJECTED	6	1
70070379	signature/xor/49/7	REJECTED	6	1
70070379	signature/xor/50/0	REJECTED	6	1
70070379	signature/xor/50/1	REJECTED	6	1
70070379	signature/xor/50/2	REJECTED	6	1
70070379	signature/xor/50/3	REJECTED	6	1
70070379	signature/xor/50/4	REJECTED	6	1
70070379	signature/xor/50/5	REJECTED	6	1
70070379	signature/xor/50/6	REJECTED	6	1
70070379	signature/xor/50/7	REJECTED	6	1
70070379	signature/xor/51/0	REJECTED	6	1
70070379	signature/xor/51/1	REJECTED	6	1
70070379	signature/xor/51/2	REJECTED	6	1
70070379	signature/xor/51/3	REJECTED	6	1
70070379	signature/xor/51/4	REJECTED	6	1
70070379	signature/xor/51/5	REJECTED	6	1
70070379	signature/xor/51/6	REJECTED	6	1
70070379	signature/xor/51/7	REJECTED	6	1
70070379	signature/xor/52/0	REJECTED	6	1
70070379	signature/xor/52/1	REJECTED	6	1
70070379	signature/xor/52/2	REJECTED	6	1
70070379	signature/xor/52/3	REJECTED	6	1
70070379	signature/xor/52/4	REJECTED	6	1
70070379	signature/xor/52/5	REJECTED	6	1
70070379	signature/xor/52/6	REJECTED	6	1
70070379	signature/xor/52/7	REJECTED	6	1
70070379	signature/xor/53/0	REJECTED	6	1
70070379	signature/xor/53/1	REJECTED	6	1
70070379	signature/xor/53/2	REJECTED	6	1
70070379	signature/xor/53/3	REJECTED	6	1
70070379	signature/xor/53/4	REJECTED	6	1
70070379	signature/xor/53/5	REJECTED	6	1
70070379	signature/xor/53/6	REJECTED	6	1
70070379	signature/xor/53/7	REJECTED	6	1
70070379	signature/xor/54/0	REJECTED	6	1
70070379	signature/xor/54/1	REJECTED	6	1
70070379	signature/xor/54/2	REJECTED	6	1
70070379	signature/xor/54/3	REJECTED	6	1
70070379	signature/xor/54/4	REJECTED	6	1
70070379	signature/xor/54/5	REJECTED	6	1
70070379	signature/xor/54/6	REJECTED	6	1
70070379	signature/xor/54/7	REJECTED	6	1
70070379	signature/xor/55/0	REJECTED	6	1
70070379	signature/xor/55/1	REJECTED	6	1
70070379	signature/xor/55/2	REJECTED	6	1
70070379	signature/xor/55/3	REJECTED	6	1
70070379	signature/xor/55/4	REJECTED	6	1
70070379	signature/xor/55/5	REJECTED	6	1
70070379	signature/xor/55/6	REJECTED	6	1
70070379	signature/xor/55/7	REJECTED	6	1
70070379	signature/xor/56/0	REJECTED	6	1
70070379	signature/xor/56/1	REJECTED	6	1
70070379	signature/xor/56/2	REJECTED	6	1
70070379	signature/xor/56/3	REJECTED	6	1
70070379	signature/xor/56/4	REJECTED	6	1
70070379	signature/xor/56/5	REJECTED	6	1
70070379	signature/xor/56/6	REJECTED	6	1
70070379	signature/xor/56/7	REJECTED	6	1
70070379	signature/xor/57/0	REJECTED	6	1
70070379	signature/xor/57/1	REJECTED	6	1
70070379	signature/xor/57/2	REJECTED	6	1
70070379	signature/xor/57/3	REJECTED	6	1
70070379	signature/xor/57/4	REJECTED	6	1
70070379	signature/xor/57/5	REJECTED	6	1
70070379	signature/xor/57/6	REJECTED	6	1
70070379	signature/xor/57/7	REJECTED	6	1
70070379	signature/xor/58/0	REJECTED	6	1
70070379	signature/xor/58/1	REJECTED	6	1
70070379	signature/xor/58/2	REJECTED	6	1
70070379	signature/xor/58/3	REJECTED	6	1
70070379	signature/xor/58/4	REJECTED	6	1
70070379	signature/xor/58/5	REJECTED	6	1
70070379	signature/xor/58/6	REJECTED	6	1
70070379	signature/xor/58/7	REJECTED	6	1
70070379	signature/xor/59/0	REJECTED	6	1
70070379	signature/xor/59/1	REJECTED	6	1
70070379	signature/xor/59/2	REJECTED	6	1
70070379	signature/xor/59/3	REJECTED	6	1
70070379	signature/xor/59/4	REJECTED	6	1
70070379	signature/xor/59/5	REJECTED	6	1
70070379	signature/xor/59/6	REJECTED	6	1
70070379	signature/xor/59/7	REJECTED	6	1
70070379	signature/xor/60/0	REJECTED	6	1
70070379	signature/xor/60/1	REJECTED	6	1
70070379	signature/xor/60/2	REJECTED	6	1
70070379	signature/xor/60/3	REJECTED	6	1
70070379	signature/xor/60/4	REJECTED	6	1
70070379	signature/xor/60/5	REJECTED	6	1
70070379	signature/xor/60/6	REJECTED	6	1
70070379	signature/xor/60/7	REJECTED	6	1
70070379	signature/xor/61/0	REJECTED	6	1
70070379	signature/xor/61/1	REJECTED	6	1
70070379	signature/xor/61/2	REJECTED	6	1
70070379	signature/xor/61/3	REJECTED	6	1
70070379	signature/xor/61/4	REJECTED	6	1
70070379	signature/xor/61/5	REJECTED	6	1
70070379	signature/xor/61/6	REJECTED	6	1
70070379	signature/xor/61/7	REJECTED	6	1
70070379	signature/xor/62/0	REJECTED	6	1
70070379	signature/xor/62/1	REJECTED	6	1
70070379	signature/xor/62/2	REJECTED	6	1
70070379	signature/xor/62/3	REJECTED	6	1
70070379	signature/xor/62/4	REJECTED	6	1
70070379	signature/xor/62/5	REJECTED	6	1
70070379	signature/xor/62/6	REJECTED	6	1
70070379	signature/xor/62/7	REJECTED	6	1
70070379	signature/xor/63/0	REJECTED	6	1
70070379	signature/xor/63/1	REJECTED	6	1
70070379	signature/xor/63/2	REJECTED	6	1
70070379	signature/xor/63/3	REJECTED	6	1
70070379	signature/xor/63/4	REJECTED	6	1
70070379	signature/xor/63/5	REJECTED	6	1
70070379	signature/xor/63/6	REJECTED	6	1
70070379	signature/xor/63/7	REJECTED	6	1
70070379	signature/xor/64/0	REJECTED	6	0
70070379	signature/xor/64/1	REJECTED	6	0
70070379	signature/xor/64/2	REJECTED	6	0
70070379	signature/xor/64/3	REJECTED	6	0
70070379	signature/xor/64/4	REJECTED	6	0
70070379	signature/xor/64/5	REJECTED	6	0
70070379	signature/xor/64/6	REJECTED	6	0
70070379	signature/xor/64/7	REJECTED	6	0
70070379	signature/xor/65/0	REJECTED	6	0
70070379	signature/xor/65/1	REJECTED	6	0
70070379	signature/xor/65/2	REJECTED	6	0
70070379	signature/xor/65/3	REJECTED	6	0
70070379	signature/xor/65/4	REJECTED	6	0
70070379	signature/xor/65/5	REJECTED	6	0
70070379	signature/xor/65/6	REJECTED	6	0
70070379	signature/xor/65/7	REJECTED	6	0
70070379	signature/xor/66/0	REJECTED	6	0
70070379	signature/xor/66/1	REJECTED	6	0
70070379	signature/xor/66/2	REJECTED	6	0
70070379	signature/xor/66/3	REJECTED	6	0
70070379	signature/xor/66/4	REJECTED	6	0
70070379	signature/xor/66/5	REJECTED	6	0
70070379	signature/xor/66/6	REJECTED	6	0
70070379	signature/xor/66/7	REJECTED	6	0
70070379	signature/xor/67/0	REJECTED	6	0
70070379	signature/xor/67/1	REJECTED	6	0
70070379	signature/xor/67/2	REJECTED	6	0
70070379	signature/xor/67/3	REJECTED	6	0
70070379	signature/xor/67/4	REJECTED	6	0
70070379	signature/xor/67/5	REJECTED	6	0
70070379	signature/xor/67/6	REJECTED	6	0
70070379	signature/xor/67/7	REJECTED	6	0
70070379	signature/xor/68/0	REJECTED	6	0
70070379	signature/xor/68/1	REJECTED	6	0
70070379	signature/xor/68/2	REJECTED	6	0
70070379	signature/xor/68/3	REJECTED	6	0
70070379	signature/xor/68/4	REJECTED	6	0
70070379	signature/xor/68/5	REJECTED	6	0
70070379	signature/xor/68/6	REJECTED	6	0
70070379	signature/xor/68/7	REJECTED	6	0
70070379	signature/xor/69/0	REJECTED	6	0
70070379	signature/xor/69/1	REJECTED	6	0
70070379	signature/xor/69/2	REJECTED	6	0
70070379	signature/xor/69/3	REJECTED	6	0
70070379	signature/xor/69/4	REJECTED	6	0
70070379	signature/xor/69/5	REJECTED	6	0
70070379	signature/xor/69/6	REJECTED	6	0
70070379	signature/xor/69/7	REJECTED	6	0
70070379	signature/xor/70/0	REJECTED	6	0
70070379	signature/xor/70/1	REJECTED	6	0
70070379	signature/xor/70/2	REJECTED	6	0
70070379	signature/xor/70/3	REJECTED	6	0
70070379	signature/xor/70/4	REJECTED	6	0
70070379	signature/xor/70/5	REJECTED	6	0
70070379	signature/xor/70/6	REJECTED	6	0
70070379	signature/xor/70/7	REJECTED	6	0
70070379	signature/xor/71/0	REJECTED	6	0
70070379	signature/xor/71/1	REJECTED	6	0
70070379	signature/xor/71/2	REJECTED	6	0
70070379	signature/xor/71/3	REJECTED	6	0
70070379	signature/xor/71/4	REJECTED	6	0
70070379	signature/xor/71/5	REJECTED	6	0
70070379	signature/xor/71/6	REJECTED	6	0
70070379	signature/xor/71/7	REJECTED	6	0
70070379	signature/xor/72/0	REJECTED	6	0
70070379	signature/xor/72/1	REJECTED	6	0
70070379	signature/xor/72/2	REJECTED	6	0
70070379	signature/xor/72/3	REJECTED	6	0
70070379	signature/xor/72/4	REJECTED	6	0
70070379	signature/xor/72/5	REJECTED	6	0
70070379	signature/xor/72/6	REJECTED	6	0
70070379	signature/xor/72/7	REJECTED	6	0
70070379	signature/xor/73/0	REJECTED	6	0
70070379	signature/xor/73/1	REJECTED	6	0
70070379	signature/xor/73/2	REJECTED	6	0
70070379	signature/xor/73/3	REJECTED	6	0
70070379	signature/xor/73/4	REJECTED	6	0
70070379	signature/xor/73/5	REJECTED	6	0
70070379	signature/xor/73/6	REJECTED	6	0
70070379	signature/xor/73/7	REJECTED	6	0
70070379	signature/xor/74/0	REJECTED	6	0
70070379	signature/xor/74/1	REJECTED	6	0
70070379	signature/xor/74/2	REJECTED	6	0
70070379	signature/xor/74/3	REJECTED	6	0
70070379	signature/xor/74/4	REJECTED	6	0
70070379	signature/xor/74/5	REJECTED	6	0
70070379	signature/xor/74/6	REJECTED	6	0
70070379	signature/xor/74/7	REJECTED	6	0
70070379	signature/xor/75/0	REJECTED	6	0
70070379	signature/xor/75/1	REJECTED	6	0
70070379	signature/xor/75/2	REJECTED	6	0
70070379	signature/xor/75/3	REJECTED	6	0
70070379	signature/xor/75/4	REJECTED	6	0
70070379	signature/xor/75/5	REJECTED	6	0
70070379	signature/xor/75/6	REJECTED	6	0
70070379	signature/xor/75/7	REJECTED	6	0
70070379	signature/xor/76/0	REJECTED	6	0
70070379	signature/xor/76/1	REJECTED	6	0
70070379	signature/xor/76/2	REJECTED	6	0
70070379	signature/xor/76/3	REJECTED	6	0
70070379	signature/xor/76/4	REJECTED	6	0
70070379	signature/xor/76/5	REJECTED	6	0
70070379	signature/xor/76/6	REJECTED	6	0
70070379	signature/xor/76/7	REJECTED	6	0
70070379	signature/xor/77/0	REJECTED	6	0
70070379	signature/xor/77/1	REJECTED	6	0
70070379	signature/xor/77/2	REJECTED	6	0
70070379	signature/xor/77/3	REJECTED	6	0
70070379	signature/xor/77/4	REJECTED	6	0
70070379	signature/xor/77/5	REJECTED	6	0
70070379	signature/xor/77/6	REJECTED	6	0
70070379	signature/xor/77/7	REJECTED	6	0
70070379	signature/xor/78/0	REJECTED	6	0
70070379	signature/xor/78/1	REJECTED	6	0
70070379	signature/xor/78/2	REJECTED	6	0
70070379	signature/xor/78/3	REJECTED	6	0
70070379	signature/xor/78/4	REJECTED	6	0
70070379	signature/xor/78/5	REJECTED	6	0
70070379	signature/xor/78/6	REJECTED	6	0
70070379	signature/xor/78/7	REJECTED	6	0
70070379	signature/xor/79/0	REJECTED	6	0
70070379	signature/xor/79/1	REJECTED	6	0
70070379	signature/xor/79/2	REJECTED	6	0
70070379	signature/xor/79/3	REJECTED	6	0
70070379	signature/xor/79/4	REJECTED	6	0
70070379	signature/xor/79/5	REJECTED	6	0
70070379	signature/xor/79/6	REJECTED	6	0
70070379	signature/xor/79/7	REJECTED	6	0
70070379	signature/xor/80/0	REJECTED	6	0
70070379	signature/xor/80/1	REJECTED	6	0
70070379	signature/xor/80/2	REJECTED	6	0
70070379	signature/xor/80/3	REJECTED	6	0
70070379	signature/xor/80/4	REJECTED	6	0
70070379	signature/xor/80/5	REJECTED	6	0
70070379	signature/xor/80/6	REJECTED	6	0
70070379	signature/xor/80/7	REJECTED	6	0
70070379	signature/xor/81/0	REJECTED	6	0
70070379	signature/xor/81/1	REJECTED	6	0
70070379	signature/xor/81/2	REJECTED	6	0
70070379	signature/xor/81/3	REJECTED	6	0
70070379	signature/xor/81/4	REJECTED	6	0
70070379	signature/xor/81/5	REJECTED	6	0
70070379	signature/xor/81/6	REJECTED	6	0
70070379	signature/xor/81/7	REJECTED	6	0
70070379	signature/xor/82/0	REJECTED	6	0
70070379	signature/xor/82/1	REJECTED	6	0
70070379	signature/xor/82/2	REJECTED	6	0
70070379	signature/xor/82/3	REJECTED	6	0
70070379	signature/xor/82/4	REJECTED	6	0
70070379	signature/xor/82/5	REJECTED	6	0
70070379	signature/xor/82/6	REJECTED	6	0
70070379	signature/xor/82/7	REJECTED	6	0
70070379	signature/xor/83/0	REJECTED	6	0
70070379	signature/xor/83/1	REJECTED	6	0
70070379	signature/xor/83/2	REJECTED	6	0
70070379	signature/xor/83/3	REJECTED	6	0
70070379	signature/xor/83/4	REJECTED	6	0
70070379	signature/xor/83/5	REJECTED	6	0
70070379	signature/xor/83/6	REJECTED	6	0
70070379	signature/xor/83/7	REJECTED	6	0
70070379	signature/xor/84/0	REJECTED	6	0
70070379	signature/xor/84/1	REJECTED	6	0
70070379	signature/xor/84/2	REJECTED	6	0
70070379	signature/xor/84/3	REJECTED	6	0
70070379	signature/xor/84/4	REJECTED	6	0
70070379	signature/xor/84/5	REJECTED	6	0
70070379	signature/xor/84/6	REJECTED	6	0
70070379	signature/xor/84/7	REJECTED	6	0
70070379	signature/xor/85/0	REJECTED	6	0
70070379	signature/xor/85/1	REJECTED	6	0
70070379	signature/xor/85/2	REJECTED	6	0
70070379	signature/xor/85/3	REJECTED	6	0
70070379	signature/xor/85/4	REJECTED	6	0
70070379	signature/xor/85/5	REJECTED	6	0
70070379	signature/xor/85/6	REJECTED	6	0
70070379	signature/xor/85/7	REJECTED	6	0
70070379	signature/xor/86/0	REJECTED	6	0
70070379	signature/xor/86/1	REJECTED	6	0
70070379	signature/xor/86/2	REJECTED	6	0
70070379	signature/xor/86/3	REJECTED	6	0
70070379	signature/xor/86/4	REJECTED	6	0
70070379	signature/xor/86/5	REJECTED	6	0
70070379	signature/xor/86/6	REJECTED	6	0
70070379	signature/xor/86/7	REJECTED	6	0
70070379	signature/xor/87/0	REJECTED	6	0
70070379	signature/xor/87/1	REJECTED	6	0
70070379	signature/xor/87/2	REJECTED	6	0
70070379	signature/xor/87/3	REJECTED	6	0
70070379	signature/xor/87/4	REJECTED	6	0
70070379	signature/xor/87/5	REJECTED	6	0
70070379	signature/xor/87/6	REJECTED	6	0
70070379	signature/xor/87/7	REJECTED	6	0
70070379	signature/xor/88/0	REJECTED	6	0
70070379	signature/xor/88/1	REJECTED	6	0
70070379	signature/xor/88/2	REJECTED	6	0
70070379	signature/xor/88/3	REJECTED	6	0
70070379	signature/xor/88/4	REJECTED	6	0
70070379	signature/xor/88/5	REJECTED	6	0
70070379	signature/xor/88/6	REJECTED	6	0
70070379	signature/xor/88/7	REJECTED	6	0
70070379	signature/xor/89/0	REJECTED	6	0
70070379	signature/xor/89/1	REJECTED	6	0
70070379	signature/xor/89/2	REJECTED	6	0
70070379	signature/xor/89/3	REJECTED	6	0
70070379	signature/xor/89/4	REJECTED	6	0
70070379	signature/xor/89/5	REJECTED	6	0
70070379	signature/xor/89/6	REJECTED	6	0
70070379	signature/xor/89/7	REJECTED	6	0
70070379	signature/xor/90/0	REJECTED	6	0
70070379	signature/xor/90/1	REJECTED	6	0
70070379	signature/xor/90/2	REJECTED	6	0
70070379	signature/xor/90/3	REJECTED	6	0
70070379	signature/xor/90/4	REJECTED	6	0
70070379	signature/xor/90/5	REJECTED	6	0
70070379	signature/xor/90/6	REJECTED	6	0
70070379	signature/xor/90/7	REJECTED	6	0
70070379	signature/xor/91/0	REJECTED	6	0
70070379	signature/xor/91/1	REJECTED	6	0
70070379	signature/xor/91/2	REJECTED	6	0
70070379	signature/xor/91/3	REJECTED	6	0
70070379	signature/xor/91/4	REJECTED	6	0
70070379	signature/xor/91/5	REJECTED	6	0
70070379	signature/xor/91/6	REJECTED	6	0
70070379	signature/xor/91/7	REJECTED	6	0
70070379	signature/xor/92/0	REJECTED	6	0
70070379	signature/xor/92/1	REJECTED	6	0
70070379	signature/xor/92/2	REJECTED	6	0
70070379	signature/xor/92/3	REJECTED	6	0
70070379	signature/xor/92/4	REJECTED	6	0
70070379	signature/xor/92/5	REJECTED	6	0
70070379	signature/xor/92/6	REJECTED	6	0
70070379	signature/xor/92/7	REJECTED	6	0
70070379	signature/xor/93/0	REJECTED	6	0
70070379	signature/xor/93/1	REJECTED	6	0
70070379	signature/xor/93/2	REJECTED	6	0
70070379	signature/xor/93/3	REJECTED	6	0
70070379	signature/xor/93/4	REJECTED	6	0
70070379	signature/xor/93/5	REJECTED	6	0
70070379	signature/xor/93/6	REJECTED	6	0
70070379	signature/xor/93/7	REJECTED	6	0
70070379	signature/xor/94/0	REJECTED	6	0
70070379	signature/xor/94/1	REJECTED	6	0
70070379	signature/xor/94/2	REJECTED	6	0
70070379	signature/xor/94/3	REJECTED	6	0
70070379	signature/xor/94/4	REJECTED	6	0
70070379	signature/xor/94/5	REJECTED	6	0
70070379	signature/xor/94/6	REJECTED	6	0
70070379	signature/xor/94/7	REJECTED	6	0
70070379	signature/xor/95/0	REJECTED	6	0
70070379	signature/xor/95/1	REJECTED	6	0
70070379	signature/xor/95/2	REJECTED	6	0
70070379	signature/xor/95/3	REJECTED	6	0
70070379	signature/xor/95/4	REJECTED	6	0
70070379	signature/xor/95/5	REJECTED	6	0
70070379	signature/xor/95/6	REJECTED	6	0
70070379	signature/xor/95/7	REJECTED	6	0
70070379	signature/xor/96/0	REJECTED	6	0
70070379	signature/xor/96/1	REJECTED	6	0
70070379	signature/xor/96/2	REJECTED	6	0
70070379	signature/xor/96/3	REJECTED	6	0
70070379	signature/xor/96/4	REJECTED	6	0
70070379	signature/xor/96/5	REJECTED	6	0
70070379	signature/xor/96/6	REJECTED	6	0
70070379	signature/xor/96/7	REJECTED	6	0
70070379	signature/xor/97/0	REJECTED	6	0
70070379	signature/xor/97/1	REJECTED	6	0
70070379	signature/xor/97/2	REJECTED	6	0
70070379	signature/xor/97/3	REJECTED	6	0
70070379	signature/xor/97/4	REJECTED	6	0
70070379	signature/xor/97/5	REJECTED	6	0
70070379	signature/xor/97/6	REJECTED	6	0
70070379	signature/xor/97/7	REJECTED	6	0
70070379	signature/xor/98/0	REJECTED	6	0
70070379	signature/xor/98/1	REJECTED	6	0
70070379	signature/xor/98/2	REJECTED	6	0
70070379	signature/xor/98/3	REJECTED	6	0
70070379	signature/xor/98/4	REJECTED	6	0
70070379	signature/xor/98/5	REJECTED	6	0
70070379	signature/xor/98/6	REJECTED	6	0
70070379	signature/xor/98/7	REJECTED	6	0
70070379	signature/xor/99/0	REJECTED	6	0
70070379	signature/xor/99/1	REJECTED	6	0
70070379	signature/xor/99/2	REJECTED	6	0
70070379	signature/xor/99/3	REJECTED	6	0
70070379	signature/xor/99/4	REJECTED	6	0
70070379	signature/xor/99/5	REJECTED	6	0
70070379	signature/xor/99/6	REJECTED	6	0
70070379	signature/xor/99/7	REJECTED	6	0
70070379	signature/xor/100/0	REJECTED	6	0
70070379	signature/xor/100/1	REJECTED	6	0
70070379	signature/xor/100/2	REJECTED	6	0
70070379	signature/xor/100/3	REJECTED	6	0
70070379	signature/xor/100/4	REJECTED	6	0
70070379	signature/xor/100/5	REJECTED	6	0
70070379	signature/xor/100/6	REJECTED	6	0
70070379	signature/xor/100/7	REJECTED	6	0
70070379	signature/xor/101/0	REJECTED	6	0
70070379	signature/xor/101/1	REJECTED	6	0
70070379	signature/xor/101/2	REJECTED	6	0
70070379	signature/xor/101/3	REJECTED	6	0
70070379	signature/xor/101/4	REJECTED	6	0
70070379	signature/xor/101/5	REJECTED	6	0
70070379	signature/xor/101/6	REJECTED	6	0
70070379	signature/xor/101/7	REJECTED	6	0
70070379	signature/xor/102/0	REJECTED	6	0
70070379	signature/xor/102/1	REJECTED	6	0
70070379	signature/xor/102/2	REJECTED	6	0
70070379	signature/xor/102/3	REJECTED	6	0
70070379	signature/xor/102/4	REJECTED	6	0
70070379	signature/xor/102/5	REJECTED	6	0
70070379	signature/xor/102/6	REJECTED	6	0
70070379	signature/xor/102/7	REJECTED	6	0
70070379	signature/xor/103/0	REJECTED	6	0
70070379	signature/xor/103/1	REJECTED	6	0
70070379	signature/xor/103/2	REJECTED	6	0
70070379	signature/xor/103/3	REJECTED	6	0
70070379	signature/xor/103/4	REJECTED	6	0
70070379	signature/xor/103/5	REJECTED	6	0
70070379	signature/xor/103/6	REJECTED	6	0
70070379	signature/xor/103/7	REJECTED	6	0
70070379	signature/xor/104/0	REJECTED	6	0
70070379	signature/xor/104/1	REJECTED	6	0
70070379	signature/xor/104/2	REJECTED	6	0
70070379	signature/xor/104/3	REJECTED	6	0
70070379	signature/xor/104/4	REJECTED	6	0
70070379	signature/xor/104/5	REJECTED	6	0
70070379	signature/xor/104/6	REJECTED	6	0
70070379	signature/xor/104/7	REJECTED	6	0
70070379	signature/xor/105/0	REJECTED	6	0
70070379	signature/xor/105/1	REJECTED	6	0
70070379	signature/xor/105/2	REJECTED	6	0
70070379	signature/xor/105/3	REJECTED	6	0
70070379	signature/xor/105/4	REJECTED	6	0
70070379	signature/xor/105/5	REJECTED	6	0
70070379	signature/xor/105/6	REJECTED	6	0
70070379	signature/xor/105/7	REJECTED	6	0
70070379	signature/xor/106/0	REJECTED	6	0
70070379	signature/xor/106/1	REJECTED	6	0
70070379	signature/xor/106/2	REJECTED	6	0
70070379	signature/xor/106/3	REJECTED	6	0
70070379	signature/xor/106/4	REJECTED	6	0
70070379	signature/xor/106/5	REJECTED	6	0
70070379	signature/xor/106/6	REJECTED	6	0
70070379	signature/xor/106/7	REJECTED	6	0
70070379	signature/xor/107/0	REJECTED	6	0
70070379	signature/xor/107/1	REJECTED	6	0
70070379	signature/xor/107/2	REJECTED	6	0
70070379	signature/xor/107/3	REJECTED	6	0
70070379	signature/xor/107/4	REJECTED	6	0
70070379	signature/xor/107/5	REJECTED	6	0
70070379	signature/xor/107/6	REJECTED	6	0
70070379	signature/xor/107/7	REJECTED	6	0
70070379	signature/xor/108/0	REJECTED	6	0
70070379	signature/xor/108/1	REJECTED	6	0
70070379	signature/xor/108/2	REJECTED	6	0
70070379	signature/xor/108/3	REJECTED	6	0
70070379	signature/xor/108/4	REJECTED	6	0
70070379	signature/xor/108/5	REJECTED	6	0
70070379	signature/xor/108/6	REJECTED	6	0
70070379	signature/xor/108/7	REJECTED	6	0
70070379	signature/xor/109/0	REJECTED	6	0
70070379	signature/xor/109/1	REJECTED	6	0
70070379	signature/xor/109/2	REJECTED	6	0
70070379	signature/xor/109/3	REJECTED	6	0
70070379	signature/xor/109/4	REJECTED	6	0
70070379	signature/xor/109/5	REJECTED	6	0
70070379	signature/xor/109/6	REJECTED	6	0
70070379	signature/xor/109/7	REJECTED	6	0
70070379	signature/xor/110/0	REJECTED	6	0
70070379	signature/xor/110/1	REJECTED	6	0
70070379	signature/xor/110/2	REJECTED	6	0
70070379	signature/xor/110/3	REJECTED	6	0
70070379	signature/xor/110/4	REJECTED	6	0
70070379	signature/xor/110/5	REJECTED	6	0
70070379	signature/xor/110/6	REJECTED	6	0
70070379	signature/xor/110/7	REJECTED	6	0
70070379	signature/xor/111/0	REJECTED	6	0
70070379	signature/xor/111/1	REJECTED	6	0
70070379	signature/xor/111/2	REJECTED	6	0
70070379	signature/xor/111/3	REJECTED	6	0
70070379	signature/xor/111/4	REJECTED	6	0
70070379	signature/xor/111/5	REJECTED	6	0
70070379	signature/xor/111/6	REJECTED	6	0
70070379	signature/xor/111/7	REJECTED	6	0
70070379	signature/xor/112/0	REJECTED	6	0
70070379	signature/xor/112/1	REJECTED	6	0
70070379	signature/xor/112/2	REJECTED	6	0
70070379	signature/xor/112/3	REJECTED	6	0
70070379	signature/xor/112/4	REJECTED	6	0
70070379	signature/xor/112/5	REJECTED	6	0
70070379	signature/xor/112/6	REJECTED	6	0
70070379	signature/xor/112/7	REJECTED	6	0
70070379	signature/xor/113/0	REJECTED	6	0
70070379	signature/xor/113/1	REJECTED	6	0
70070379	signature/xor/113/2	REJECTED	6	0
70070379	signature/xor/113/3	REJECTED	6	0
70070379	signature/xor/113/4	REJECTED	6	0
70070379	signature/xor/113/5	REJECTED	6	0
70070379	signature/xor/113/6	REJECTED	6	0
70070379	signature/xor/113/7	REJECTED	6	0
70070379	signature/xor/114/0	REJECTED	6	0
70070379	signature/xor/114/1	REJECTED	6	0
70070379	signature/xor/114/2	REJECTED	6	0
70070379	signature/xor/114/3	REJECTED	6	0
70070379	signature/xor/114/4	REJECTED	6	0
70070379	signature/xor/114/5	REJECTED	6	0
70070379	signature/xor/114/6	REJECTED	6	0
70070379	signature/xor/114/7	REJECTED	6	0
70070379	signature/xor/115/0	REJECTED	6	0
70070379	signature/xor/115/1	REJECTED	6	0
70070379	signature/xor/115/2	REJECTED	6	0
70070379	signature/xor/115/3	REJECTED	6	0
70070379	signature/xor/115/4	REJECTED	6	0
70070379	signature/xor/115/5	REJECTED	6	0
70070379	signature/xor/115/6	REJECTED	6	0
70070379	signature/xor/115/7	REJECTED	6	0
70070379	signature/xor/116/0	REJECTED	6	0
70070379	signature/xor/116/1	REJECTED	6	0
70070379	signature/xor/116/2	REJECTED	6	0
70070379	signature/xor/116/3	REJECTED	6	0
70070379	signature/xor/116/4	REJECTED	6	0
70070379	signature/xor/116/5	REJECTED	6	0
70070379	signature/xor/116/6	REJECTED	6	0
70070379	signature/xor/116/7	REJECTED	6	0
70070379	signature/xor/117/0	REJECTED	6	0
70070379	signature/xor/117/1	REJECTED	6	0
70070379	signature/xor/117/2	REJECTED	6	0
70070379	signature/xor/117/3	REJECTED	6	0
70070379	signature/xor/117/4	REJECTED	6	0
70070379	signature/xor/117/5	REJECTED	6	0
70070379	signature/xor/117/6	REJECTED	6	0
70070379	signature/xor/117/7	REJECTED	6	0
70070379	signature/xor/118/0	REJECTED	6	0
70070379	signature/xor/118/1	REJECTED	6	0
70070379	signature/xor/118/2	REJECTED	6	0
70070379	signature/xor/118/3	REJECTED	6	0
70070379	signature/xor/118/4	REJECTED	6	0
70070379	signature/xor/118/5	REJECTED	6	0
70070379	signature/xor/118/6	REJECTED	6	0
70070379	signature/xor/118/7	REJECTED	6	0
70070379	signature/xor/119/0	REJECTED	6	0
70070379	signature/xor/119/1	REJECTED	6	0
70070379	signature/xor/119/2	REJECTED	6	0
70070379	signature/xor/119/3	REJECTED	6	0
70070379	signature/xor/119/4	REJECTED	6	0
70070379	signature/xor/119/5	REJECTED	6	0
70070379	signature/xor/119/6	REJECTED	6	0
70070379	signature/xor/119/7	REJECTED	6	0
70070379	signature/xor/120/0	REJECTED	6	0
70070379	signature/xor/120/1	REJECTED	6	0
70070379	signature/xor/120/2	REJECTED	6	0
70070379	signature/xor/120/3	REJECTED	6	0
70070379	signature/xor/120/4	REJECTED	6	0
70070379	signature/xor/120/5	REJECTED	6	0
70070379	signature/xor/120/6	REJECTED	6	0
70070379	signature/xor/120/7	REJECTED	6	0
70070379	signature/xor/121/0	REJECTED	6	0
70070379	signature/xor/121/1	REJECTED	6	0
70070379	signature/xor/121/2	REJECTED	6	0
70070379	signature/xor/121/3	REJECTED	6	0
70070379	signature/xor/121/4	REJECTED	6	0
70070379	signature/xor/121/5	REJECTED	6	0
70070379	signature/xor/121/6	REJECTED	6	0
70070379	signature/xor/121/7	REJECTED	6	0
70070379	signature/xor/122/0	REJECTED	6	0
70070379	signature/xor/122/1	REJECTED	6	0
70070379	signature/xor/122/2	REJECTED	6	0
70070379	signature/xor/122/3	REJECTED	6	0
70070379	signature/xor/122/4	REJECTED	6	0
70070379	signature/xor/122/5	REJECTED	6	0
70070379	signature/xor/122/6	REJECTED	6	0
70070379	signature/xor/122/7	REJECTED	6	0
70070379	signature/xor/123/0	REJECTED	6	0
70070379	signature/xor/123/1	REJECTED	6	0
70070379	signature/xor/123/2	REJECTED	6	0
70070379	signature/xor/123/3	REJECTED	6	0
70070379	signature/xor/123/4	REJECTED	6	0
70070379	signature/xor/123/5	REJECTED	6	0
70070379	signature/xor/123/6	REJECTED	6	0
70070379	signature/xor/123/7	REJECTED	6	0
70070379	signature/xor/124/0	REJECTED	6	0
70070379	signature/xor/124/1	REJECTED	6	0
70070379	signature/xor/124/2	REJECTED	6	0
70070379	signature/xor/124/3	REJECTED	6	0
70070379	signature/xor/124/4	REJECTED	6	0
70070379	signature/xor/124/5	REJECTED	6	0
70070379	signature/xor/124/6	REJECTED	6	0
70070379	signature/xor/124/7	REJECTED	6	0
70070379	signature/xor/125/0	REJECTED	6	0
70070379	signature/xor/125/1	REJECTED	6	0
70070379	signature/xor/125/2	REJECTED	6	0
70070379	signature/xor/125/3	REJECTED	6	0
70070379	signature/xor/125/4	REJECTED	6	0
70070379	signature/xor/125/5	REJECTED	6	0
70070379	signature/xor/125/6	REJECTED	6	0
70070379	signature/xor/125/7	REJECTED	6	0
70070379	signature/xor/126/0	REJECTED	6	0
70070379	signature/xor/126/1	REJECTED	6	0
70070379	signature/xor/126/2	REJECTED	6	0
70070379	signature/xor/126/3	REJECTED	6	0
70070379	signature/xor/126/4	REJECTED	6	0
70070379	signature/xor/126/5	REJECTED	6	0
70070379	signature/xor/126/6	REJECTED	6	0
70070379	signature/xor/126/7	REJECTED	6	0
70070379	signature/xor/127/0	REJECTED	6	0
70070379	signature/xor/127/1	REJECTED	6	0
70070379	signature/xor/127/2	REJECTED	6	0
70070379	signature/xor/127/3	REJECTED	6	0
70070379	signature/xor/127/4	REJECTED	6	0
70070379	signature/xor/127/5	REJECTED	6	0
70070379	signature/xor/127/6	REJECTED	6	0
70070379	signature/xor/127/7	REJECTED	6	0
70070379	signature/xor/128/0	REJECTED	5	0
70070379	signature/xor/128/1	REJECTED	5	0
70070379	signature/xor/128/2	REJECTED	5	0
70070379	signature/xor/128/3	REJECTED	5	0
70070379	signature/xor/128/4	REJECTED	5	0
70070379	signature/xor/128/5	REJECTED	5	0
70070379	signature/xor/128/6	REJECTED	5	0
70070379	signature/xor/128/7	REJECTED	5	0
70070379	signature/xor/129/0	REJECTED	5	0
70070379	signature/xor/129/1	REJECTED	5	0
70070379	signature/xor/129/2	REJECTED	5	0
70070379	signature/xor/129/3	REJECTED	5	0
70070379	signature/xor/129/4	REJECTED	5	0
70070379	signature/xor/129/5	REJECTED	5	0
70070379	signature/xor/129/6	REJECTED	5	0
70070379	signature/xor/129/7	REJECTED	5	0
70070379	signature/xor/130/0	REJECTED	5	0
70070379	signature/xor/130/1	REJECTED	5	0
70070379	signature/xor/130/2	REJECTED	5	0
70070379	signature/xor/130/3	REJECTED	5	0
70070379	signature/xor/130/4	REJECTED	5	0
70070379	signature/xor/130/5	REJECTED	5	0
70070379	signature/xor/130/6	REJECTED	5	0
70070379	signature/xor/130/7	REJECTED	5	0
70070379	signature/xor/131/0	REJECTED	5	0
70070379	signature/xor/131/1	REJECTED	5	0
70070379	signature/xor/131/2	REJECTED	5	0
70070379	signature/xor/131/3	REJECTED	5	0
70070379	signature/xor/131/4	REJECTED	5	0
70070379	signature/xor/131/5	REJECTED	5	0
70070379	signature/xor/131/6	REJECTED	5	0
70070379	signature/xor/131/7	REJECTED	5	0
70070379	signature/xor/132/0	REJECTED	5	0
70070379	signature/xor/132/1	REJECTED	5	0
70070379	signature/xor/132/2	REJECTED	5	0
70070379	signature/xor/132/3	REJECTED	5	0
70070379	signature/xor/132/4	REJECTED	5	0
70070379	signature/xor/132/5	REJECTED	5	0
70070379	signature/xor/132/6	REJECTED	5	0
70070379	signature/xor/132/7	REJECTED	5	0
70070379	signature/xor/133/0	REJECTED	5	0
70070379	signature/xor/133/1	REJECTED	5	0
70070379	signature/xor/133/2	REJECTED	5	0
70070379	signature/xor/133/3	REJECTED	5	0
70070379	signature/xor/133/4	REJECTED	5	0
70070379	signature/xor/133/5	REJECTED	5	0
70070379	signature/xor/133/6	REJECTED	5	0
70070379	signature/xor/133/7	REJECTED	5	0
70070379	signature/xor/134/0	REJECTED	5	0
70070379	signature/xor/134/1	REJECTED	5	0
70070379	signature/xor/134/2	REJECTED	5	0
70070379	signature/xor/134/3	REJECTED	5	0
70070379	signature/xor/134/4	REJECTED	5	0
70070379	signature/xor/134/5	REJECTED	5	0
70070379	signature/xor/134/6	REJECTED	5	0
70070379	signature/xor/134/7	REJECTED	5	0
70070379	signature/xor/135/0	REJECTED	5	0
70070379	signature/xor/135/1	REJECTED	5	0
70070379	signature/xor/135/2	REJECTED	5	0
70070379	signature/xor/135/3	REJECTED	5	0
70070379	signature/xor/135/4	REJECTED	5	0
70070379	signature/xor/135/5	REJECTED	5	0
70070379	signature/xor/135/6	REJECTED	5	0
70070379	signature/xor/135/7	REJECTED	5	0
70070379	signature/xor/136/0	REJECTED	5	0
70070379	signature/xor/136/1	REJECTED	5	0
70070379	signature/xor/136/2	REJECTED	5	0
70070379	signature/xor/136/3	REJECTED	5	0
70070379	signature/xor/136/4	REJECTED	5	0
70070379	signature/xor/136/5	REJECTED	5	0
70070379	signature/xor/136/6	REJECTED	5	0
70070379	signature/xor/136/7	REJECTED	5	0
70070379	signature/xor/137/0	REJECTED	5	0
70070379	signature/xor/137/1	REJECTED	5	0
70070379	signature/xor/137/2	REJECTED	5	0
70070379	signature/xor/137/3	REJECTED	5	0
70070379	signature/xor/137/4	REJECTED	5	0
70070379	signature/xor/137/5	REJECTED	5	0
70070379	signature/xor/137/6	REJECTED	5	0
70070379	signature/xor/137/7	REJECTED	5	0
70070379	signature/xor/138/0	REJECTED	5	0
70070379	signature/xor/138/1	REJECTED	5	0
70070379	signature/xor/138/2	REJECTED	5	0
70070379	signature/xor/138/3	REJECTED	5	0
70070379	signature/xor/138/4	REJECTED	5	0
70070379	signature/xor/138/5	REJECTED	5	0
70070379	signature/xor/138/6	REJECTED	5	0
70070379	signature/xor/138/7	REJECTED	5	0
70070379	signature/xor/139/0	REJECTED	5	0
70070379	signature/xor/139/1	REJECTED	5	0
70070379	signature/xor/139/2	REJECTED	5	0
70070379	signature/xor/139/3	REJECTED	5	0
70070379	signature/xor/139/4	REJECTED	5	0
70070379	signature/xor/139/5	REJECTED	5	0
70070379	signature/xor/139/6	REJECTED	5	0
70070379	signature/xor/139/7	REJECTED	5	0
70070379	signature/xor/140/0	REJECTED	5	0
70070379	signature/xor/140/1	REJECTED	5	0
70070379	signature/xor/140/2	REJECTED	5	0
70070379	signature/xor/140/3	REJECTED	5	0
70070379	signature/xor/140/4	REJECTED	5	0
70070379	signature/xor/140/5	REJECTED	5	0
70070379	signature/xor/140/6	REJECTED	5	0
70070379	signature/xor/140/7	REJECTED	5	0
70070379	signature/xor/141/0	REJECTED	5	0
70070379	signature/xor/141/1	REJECTED	5	0
70070379	signature/xor/141/2	REJECTED	5	0
70070379	signature/xor/141/3	REJECTED	5	0
70070379	signature/xor/141/4	REJECTED	5	0
70070379	signature/xor/141/5	REJECTED	5	0
70070379	signature/xor/141/6	REJECTED	5	0
70070379	signature/xor/141/7	REJECTED	5	0
70070379	signature/xor/142/0	REJECTED	5	0
70070379	signature/xor/142/1	REJECTED	5	0
70070379	signature/xor/142/2	REJECTED	5	0
70070379	signature/xor/142/3	REJECTED	5	0
70070379	signature/xor/142/4	REJECTED	5	0
70070379	signature/xor/142/5	REJECTED	5	0
70070379	signature/xor/142/6	REJECTED	5	0
70070379	signature/xor/142/7	REJECTED	5	0
70070379	signature/xor/143/0	REJECTED	5	0
70070379	signature/xor/143/1	REJECTED	5	0
70070379	signature/xor/143/2	REJECTED	5	0
70070379	signature/xor/143/3	REJECTED	5	0
70070379	signature/xor/143/4	REJECTED	5	0
70070379	signature/xor/143/5	REJECTED	5	0
70070379	signature/xor/143/6	REJECTED	5	0
70070379	signature/xor/143/7	REJECTED	5	0
70070379	signature/xor/144/0	REJECTED	5	0
70070379	signature/xor/144/1	REJECTED	5	0
70070379	signature/xor/144/2	REJECTED	5	0
70070379	signature/xor/144/3	REJECTED	5	0
70070379	signature/xor/144/4	REJECTED	5	0
70070379	signature/xor/144/5	REJECTED	5	0
70070379	signature/xor/144/6	REJECTED	5	0
70070379	signature/xor/144/7	REJECTED	5	0
70070379	signature/xor/145/0	REJECTED	5	0
70070379	signature/xor/145/1	REJECTED	5	0
70070379	signature/xor/145/2	REJECTED	5	0
70070379	signature/xor/145/3	REJECTED	5	0
70070379	signature/xor/145/4	REJECTED	5	0
70070379	signature/xor/145/5	REJECTED	5	0
70070379	signature/xor/145/6	REJECTED	5	0
70070379	signature/xor/145/7	REJECTED	5	0
70070379	signature/xor/146/0	REJECTED	5	0
70070379	signature/xor/146/1	REJECTED	5	0
70070379	signature/xor/146/2	REJECTED	5	0
70070379	signature/xor/146/3	REJECTED	5	0
70070379	signature/xor/146/4	REJECTED	5	0
70070379	signature/xor/146/5	REJECTED	5	0
70070379	signature/xor/146/6	REJECTED	5	0
70070379	signature/xor/146/7	REJECTED	5	0
70070379	signature/xor/147/0	REJECTED	5	0
70070379	signature/xor/147/1	REJECTED	5	0
70070379	signature/xor/147/2	REJECTED	5	0
70070379	signature/xor/147/3	REJECTED	5	0
70070379	signature/xor/147/4	REJECTED	5	0
70070379	signature/xor/147/5	REJECTED	5	0
70070379	signature/xor/147/6	REJECTED	5	0
70070379	signature/xor/147/7	REJECTED	5	0
70070379	signature/xor/148/0	REJECTED	5	0
70070379	signature/xor/148/1	REJECTED	5	0
70070379	signature/xor/148/2	REJECTED	5	0
70070379	signature/xor/148/3	REJECTED	5	0
70070379	signature/xor/148/4	REJECTED	5	0
70070379	signature/xor/148/5	REJECTED	5	0
70070379	signature/xor/148/6	REJECTED	5	0
70070379	signature/xor/148/7	REJECTED	5	0
70070379	signature/xor/149/0	REJECTED	5	0
70070379	signature/xor/149/1	REJECTED	5	0
70070379	signature/xor/149/2	REJECTED	5	0
70070379	signature/xor/149/3	REJECTED	5	0
70070379	signature/xor/149/4	REJECTED	5	0
70070379	signature/xor/149/5	REJECTED	5	0
70070379	signature/xor/149/6	REJECTED	5	0
70070379	signature/xor/149/7	REJECTED	5	0
70070379	signature/xor/150/0	REJECTED	5	0
70070379	signature/xor/150/1	REJECTED	5	0
70070379	signature/xor/150/2	REJECTED	5	0
70070379	signature/xor/150/3	REJECTED	5	0
70070379	signature/xor/150/4	REJECTED	5	0
70070379	signature/xor/150/5	REJECTED	5	0
70070379	signature/xor/150/6	REJECTED	5	0
70070379	signature/xor/150/7	REJECTED	5	0
70070379	signature/xor/151/0	REJECTED	5	0
70070379	signature/xor/151/1	REJECTED	5	0
70070379	signature/xor/151/2	REJECTED	5	0
70070379	signature/xor/151/3	REJECTED	5	0
70070379	signature/xor/151/4	REJECTED	5	0
70070379	signature/xor/151/5	REJECTED	5	0
70070379	signature/xor/151/6	REJECTED	5	0
70070379	signature/xor/151/7	REJECTED	5	0
70070379	signature/xor/152/0	REJECTED	5	0
70070379	signature/xor/152/1	REJECTED	5	0
70070379	signature/xor/152/2	REJECTED	5	0
70070379	signature/xor/152/3	REJECTED	5	0
70070379	signature/xor/152/4	REJECTED	5	0
70070379	signature/xor/152/5	REJECTED	5	0
70070379	signature/xor/152/6	REJECTED	5	0
70070379	signature/xor/152/7	REJECTED	5	0
70070379	signature/xor/153/0	REJECTED	5	0
70070379	signature/xor/153/1	REJECTED	5	0
70070379	signature/xor/153/2	REJECTED	5	0
70070379	signature/xor/153/3	REJECTED	5	0
70070379	signature/xor/153/4	REJECTED	5	0
70070379	signature/xor/153/5	REJECTED	5	0
70070379	signature/xor/153/6	REJECTED	5	0
70070379	signature/xor/153/7	REJECTED	5	0
70070379	signature/xor/154/0	REJECTED	5	0
70070379	signature/xor/154/1	REJECTED	5	0
70070379	signature/xor/154/2	REJECTED	5	0
70070379	signature/xor/154/3	REJECTED	5	0
70070379	signature/xor/154/4	REJECTED	5	0
70070379	signature/xor/154/5	REJECTED	5	0
70070379	signature/xor/154/6	REJECTED	5	0
70070379	signature/xor/154/7	REJECTED	5	0
70070379	signature/xor/155/0	REJECTED	5	0
70070379	signature/xor/155/1	REJECTED	5	0
70070379	signature/xor/155/2	REJECTED	5	0
70070379	signature/xor/155/3	REJECTED	5	0
70070379	signature/xor/155/4	REJECTED	5	0
70070379	signature/xor/155/5	REJECTED	5	0
70070379	signature/xor/155/6	REJECTED	5	0
70070379	signature/xor/155/7	REJECTED	5	0
70070379	signature/xor/156/0	REJECTED	5	0
70070379	signature/xor/156/1	REJECTED	5	0
70070379	signature/xor/156/2	REJECTED	5	0
70070379	signature/xor/156/3	REJECTED	5	0
70070379	signature/xor/156/4	REJECTED	5	0
70070379	signature/xor/156/5	REJECTED	5	0
70070379	signature/xor/156/6	REJECTED	5	0
70070379	signature/xor/156/7	REJECTED	5	0
70070379	signature/xor/157/0	REJECTED	5	0
70070379	signature/xor/157/1	REJECTED	5	0
70070379	signature/xor/157/2	REJECTED	5	0
70070379	signature/xor/157/3	REJECTED	5	0
70070379	signature/xor/157/4	REJECTED	5	0
70070379	signature/xor/157/5	REJECTED	5	0
70070379	signature/xor/157/6	REJECTED	5	0
70070379	signature/xor/157/7	REJECTED	5	0
70070379	signature/xor/158/0	REJECTED	5	0
70070379	signature/xor/158/1	REJECTED	5	0
70070379	signature/xor/158/2	REJECTED	5	0
70070379	signature/xor/158/3	REJECTED	5	0
70070379	signature/xor/158/4	REJECTED	5	0
70070379	signature/xor/158/5	REJECTED	5	0
70070379	signature/xor/158/6	REJECTED	5	0
70070379	signature/xor/158/7	REJECTED	5	0
70070379	signature/xor/159/0	REJECTED	5	0
70070379	signature/xor/159/1	REJECTED	5	0
70070379	signature/xor/159/2	REJECTED	5	0
70070379	signature/xor/159/3	REJECTED	5	0
70070379	signature/xor/159/4	REJECTED	5	0
70070379	signature/xor/159/5	REJECTED	5	0
70070379	signature/xor/159/6	REJECTED	5	0
70070379	signature/xor/159/7	REJECTED	5	0
70070379	signature/xor/160/0	REJECTED	5	0
70070379	signature/xor/160/1	REJECTED	5	0
70070379	signature/xor/160/2	REJECTED	5	0
70070379	signature/xor/160/3	REJECTED	5	0
70070379	signature/xor/160/4	REJECTED	5	0
70070379	signature/xor/160/5	REJECTED	5	0
70070379	signature/xor/160/6	REJECTED	5	0
70070379	signature/xor/160/7	REJECTED	5	0
70070379	signature/xor/161/0	REJECTED	5	0
70070379	signature/xor/161/1	REJECTED	5	0
70070379	signature/xor/161/2	REJECTED	5	0
70070379	signature/xor/161/3	REJECTED	5	0
70070379	signature/xor/161/4	REJECTED	5	0
70070379	signature/xor/161/5	REJECTED	5	0
70070379	signature/xor/161/6	REJECTED	5	0
70070379	signature/xor/161/7	REJECTED	5	0
70070379	signature/xor/162/0	REJECTED	5	0
70070379	signature/xor/162/1	REJECTED	5	0
70070379	signature/xor/162/2	REJECTED	5	0
70070379	signature/xor/162/3	REJECTED	5	0
70070379	signature/xor/162/4	REJECTED	5	0
70070379	signature/xor/162/5	REJECTED	5	0
70070379	signature/xor/162/6	REJECTED	5	0
70070379	signature/xor/162/7	REJECTED	5	0
70070379	signature/xor/163/0	REJECTED	5	0
70070379	signature/xor/163/1	REJECTED	5	0
70070379	signature/xor/163/2	REJECTED	5	0
70070379	signature/xor/163/3	REJECTED	5	0
70070379	signature/xor/163/4	REJECTED	5	0
70070379	signature/xor/163/5	REJECTED	5	0
70070379	signature/xor/163/6	REJECTED	5	0
70070379	signature/xor/163/7	REJECTED	5	0
70070379	signature/xor/164/0	REJECTED	5	0
70070379	signature/xor/164/1	REJECTED	5	0
70070379	signature/xor/164/2	REJECTED	5	0
70070379	signature/xor/164/3	REJECTED	5	0
70070379	signature/xor/164/4	REJECTED	5	0
70070379	signature/xor/164/5	REJECTED	5	0
70070379	signature/xor/164/6	REJECTED	5	0
70070379	signature/xor/164/7	REJECTED	5	0
70070379	signature/xor/165/0	REJECTED	5	0
70070379	signature/xor/165/1	REJECTED	5	0
70070379	signature/xor/165/2	REJECTED	5	0
70070379	signature/xor/165/3	REJECTED	5	0
70070379	signature/xor/165/4	REJECTED	5	0
70070379	signature/xor/165/5	REJECTED	5	0
70070379	signature/xor/165/6	REJECTED	5	0
70070379	signature/xor/165/7	REJECTED	5	0
70070379	signature/xor/166/0	REJECTED	5	0
70070379	signature/xor/166/1	REJECTED	5	0
70070379	signature/xor/166/2	REJECTED	5	0
70070379	signature/xor/166/3	REJECTED	5	0
70070379	signature/xor/166/4	REJECTED	5	0
70070379	signature/xor/166/5	REJECTED	5	0
70070379	signature/xor/166/6	REJECTED	5	0
70070379	signature/xor/166/7	REJECTED	5	0
70070379	signature/xor/167/0	REJECTED	5	0
70070379	signature/xor/167/1	REJECTED	5	0
70070379	signature/xor/167/2	REJECTED	5	0
70070379	signature/xor/167/3	REJECTED	5	0
70070379	signature/xor/167/4	REJECTED	5	0
70070379	signature/xor/167/5	REJECTED	5	0
70070379	signature/xor/167/6	REJECTED	5	0
70070379	signature/xor/167/7	REJECTED	5	0
70070379	signature/xor/168/0	REJECTED	5	0
70070379	signature/xor/168/1	REJECTED	5	0
70070379	signature/xor/168/2	REJECTED	5	0
70070379	signature/xor/168/3	REJECTED	5	0
70070379	signature/xor/168/4	REJECTED	5	0
70070379	signature/xor/168/5	REJECTED	5	0
70070379	signature/xor/168/6	REJECTED	5	0
70070379	signature/xor/168/7	REJECTED	5	0
70070379	signature/xor/169/0	REJECTED	5	0
70070379	signature/xor/169/1	REJECTED	5	0
70070379	signature/xor/169/2	REJECTED	5	0
70070379	signature/xor/169/3	REJECTED	5	0
70070379	signature/xor/169/4	REJECTED	5	0
70070379	signature/xor/169/5	REJECTED	5	0
70070379	signature/xor/169/6	REJECTED	5	0
70070379	signature/xor/169/7	REJECTED	5	0
70070379	signature/xor/170/0	REJECTED	5	0
70070379	signature/xor/170/1	REJECTED	5	0
70070379	signature/xor/170/2	REJECTED	5	0
70070379	signature/xor/170/3	REJECTED	5	0
70070379	signature/xor/170/4	REJECTED	5	0
70070379	signature/xor/170/5	REJECTED	5	0
70070379	signature/xor/170/6	REJECTED	5	0
70070379	signature/xor/170/7	REJECTED	5	0
70070379	signature/xor/171/0	REJECTED	5	0
70070379	signature/xor/171/1	REJECTED	5	0
70070379	signature/xor/171/2	REJECTED	5	0
70070379	signature/xor/171/3	REJECTED	5	0
70070379	signature/xor/171/4	REJECTED	5	0
70070379	signature/xor/171/5	REJECTED	5	0
70070379	signature/xor/171/6	REJECTED	5	0
70070379	signature/xor/171/7	REJECTED	5	0
70070379	signature/xor/172/0	REJECTED	5	0
70070379	signature/xor/172/1	REJECTED	5	0
70070379	signature/xor/172/2	REJECTED	5	0
70070379	signature/xor/172/3	REJECTED	5	0
70070379	signature/xor/172/4	REJECTED	5	0
70070379	signature/xor/172/5	REJECTED	5	0
70070379	signature/xor/172/6	REJECTED	5	0
70070379	signature/xor/172/7	REJECTED	5	0
70070379	signature/xor/173/0	REJECTED	5	0
70070379	signature/xor/173/1	REJECTED	5	0
70070379	signature/xor/173/2	REJECTED	5	0
70070379	signature/xor/173/3	REJECTED	5	0
70070379	signature/xor/173/4	REJECTED	5	0
70070379	signature/xor/173/5	REJECTED	5	0
70070379	signature/xor/173/6	REJECTED	5	0
70070379	signature/xor/173/7	REJECTED	5	0
70070379	signature/xor/174/0	REJECTED	5	0
70070379	signature/xor/174/1	REJECTED	5	0
70070379	signature/xor/174/2	REJECTED	5	0
70070379	signature/xor/174/3	REJECTED	5	0
70070379	signature/xor/174/4	REJECTED	5	0
70070379	signature/xor/174/5	REJECTED	5	0
70070379	signature/xor/174/6	REJECTED	5	0
70070379	signature/xor/174/7	REJECTED	5	0
70070379	signature/xor/175/0	REJECTED	5	0
70070379	signature/xor/175/1	REJECTED	5	0
70070379	signature/xor/175/2	REJECTED	5	0
70070379	signature/xor/175/3	REJECTED	5	0
70070379	signature/xor/175/4	REJECTED	5	0
70070379	signature/xor/175/5	REJECTED	5	0
70070379	signature/xor/175/6	REJECTED	5	0
70070379	signature/xor/175/7	REJECTED	5	0
70070379	signature/xor/176/0	REJECTED	5	0
70070379	signature/xor/176/1	REJECTED	5	0
70070379	signature/xor/176/2	REJECTED	5	0
70070379	signature/xor/176/3	REJECTED	5	0
70070379	signature/xor/176/4	REJECTED	5	0
70070379	signature/xor/176/5	REJECTED	5	0
70070379	signature/xor/176/6	REJECTED	5	0
70070379	signature/xor/176/7	REJECTED	5	0
70070379	signature/xor/177/0	REJECTED	5	0
70070379	signature/xor/177/1	REJECTED	5	0
70070379	signature/xor/177/2	REJECTED	5	0
70070379	signature/xor/177/3	REJECTED	5	0
70070379	signature/xor/177/4	REJECTED	5	0
70070379	signature/xor/177/5	REJECTED	5	0
70070379	signature/xor/177/6	REJECTED	5	0
70070379	signature/xor/177/7	REJECTED	5	0
70070379	signature/xor/178/0	REJECTED	5	0
70070379	signature/xor/178/1	REJECTED	5	0
70070379	signature/xor/178/2	REJECTED	5	0
70070379	signature/xor/178/3	REJECTED	5	0
70070379	signature/xor/178/4	REJECTED	5	0
70070379	signature/xor/178/5	REJECTED	5	0
70070379	signature/xor/178/6	REJECTED	5	0
70070379	signature/xor/178/7	REJECTED	5	0
70070379	signature/xor/179/0	REJECTED	5	0
70070379	signature/xor/179/1	REJECTED	5	0
70070379	signature/xor/179/2	REJECTED	5	0
70070379	signature/xor/179/3	REJECTED	5	0
70070379	signature/xor/179/4	REJECTED	5	0
70070379	signature/xor/179/5	REJECTED	5	0
70070379	signature/xor/179/6	REJECTED	5	0
70070379	signature/xor/179/7	REJECTED	5	0
70070379	signature/xor/180/0	REJECTED	5	0
70070379	signature/xor/180/1	REJECTED	5	0
70070379	signature/xor/180/2	REJECTED	5	0
70070379	signature/xor/180/3	REJECTED	5	0
70070379	signature/xor/180/4	REJECTED	5	0
70070379	signature/xor/180/5	REJECTED	5	0
70070379	signature/xor/180/6	REJECTED	5	0
70070379	signature/xor/180/7	REJECTED	5	0
70070379	signature/xor/181/0	REJECTED	5	0
70070379	signature/xor/181/1	REJECTED	5	0
70070379	signature/xor/181/2	REJECTED	5	0
70070379	signature/xor/181/3	REJECTED	5	0
70070379	signature/xor/181/4	REJECTED	5	0
70070379	signature/xor/181/5	REJECTED	5	0
70070379	signature/xor/181/6	REJECTED	5	0
70070379	signature/xor/181/7	REJECTED	5	0
70070379	signature/xor/182/0	REJECTED	5	0
70070379	signature/xor/182/1	REJECTED	5	0
70070379	signature/xor/182/2	REJECTED	5	0
70070379	signature/xor/182/3	REJECTED	5	0
70070379	signature/xor/182/4	REJECTED	5	0
70070379	signature/xor/182/5	REJECTED	5	0
70070379	signature/xor/182/6	REJECTED	5	0
70070379	signature/xor/182/7	REJECTED	5	0
70070379	signature/xor/183/0	REJECTED	5	0
70070379	signature/xor/183/1	REJECTED	5	0
70070379	signature/xor/183/2	REJECTED	5	0
70070379	signature/xor/183/3	REJECTED	5	0
70070379	signature/xor/183/4	REJECTED	5	0
70070379	signature/xor/183/5	REJECTED	5	0
70070379	signature/xor/183/6	REJECTED	5	0
70070379	signature/xor/183/7	REJECTED	5	0
70070379	signature/xor/184/0	REJECTED	5	0
70070379	signature/xor/184/1	REJECTED	5	0
70070379	signature/xor/184/2	REJECTED	5	0
70070379	signature/xor/184/3	REJECTED	5	0
70070379	signature/xor/184/4	REJECTED	5	0
70070379	signature/xor/184/5	REJECTED	5	0
70070379	signature/xor/184/6	REJECTED	5	0
70070379	signature/xor/184/7	REJECTED	5	0
70070379	signature/xor/185/0	REJECTED	5	0
70070379	signature/xor/185/1	REJECTED	5	0
70070379	signature/xor/185/2	REJECTED	5	0
70070379	signature/xor/185/3	REJECTED	5	0
70070379	signature/xor/185/4	REJECTED	5	0
70070379	signature/xor/185/5	REJECTED	5	0
70070379	signature/xor/185/6	REJECTED	5	0
70070379	signature/xor/185/7	REJECTED	5	0
70070379	signature/xor/186/0	REJECTED	5	0
70070379	signature/xor/186/1	REJECTED	5	0
70070379	signature/xor/186/2	REJECTED	5	0
70070379	signature/xor/186/3	REJECTED	5	0
70070379	signature/xor/186/4	REJECTED	5	0
70070379	signature/xor/186/5	REJECTED	5	0
70070379	signature/xor/186/6	REJECTED	5	0
70070379	signature/xor/186/7	REJECTED	5	0
70070379	signature/xor/187/0	REJECTED	5	0
70070379	signature/xor/187/1	REJECTED	5	0
70070379	signature/xor/187/2	REJECTED	5	0
70070379	signature/xor/187/3	REJECTED	5	0
70070379	signature/xor/187/4	REJECTED	5	0
70070379	signature/xor/187/5	REJECTED	5	0
70070379	signature/xor/187/6	REJECTED	5	0
70070379	signature/xor/187/7	REJECTED	5	0
70070379	signature/xor/188/0	REJECTED	5	0
70070379	signature/xor/188/1	REJECTED	5	0
70070379	signature/xor/188/2	REJECTED	5	0
70070379	signature/xor/188/3	REJECTED	5	0
70070379	signature/xor/188/4	REJECTED	5	0
70070379	signature/xor/188/5	REJECTED	5	0
70070379	signature/xor/188/6	REJECTED	5	0
70070379	signature/xor/188/7	REJECTED	5	0
70070379	signature/xor/189/0	REJECTED	5	0
70070379	signature/xor/189/1	REJECTED	5	0
70070379	signature/xor/189/2	REJECTED	5	0
70070379	signature/xor/189/3	REJECTED	5	0
70070379	signature/xor/189/4	REJECTED	5	0
70070379	signature/xor/189/5	REJECTED	5	0
70070379	signature/xor/189/6	REJECTED	5	0
70070379	signature/xor/189/7	REJECTED	5	0
70070379	signature/xor/190/0	REJECTED	5	0
70070379	signature/xor/190/1	REJECTED	5	0
70070379	signature/xor/190/2	REJECTED	5	0
70070379	signature/xor/190/3	REJECTED	5	0
70070379	signature/xor/190/4	REJECTED	5	0
70070379	signature/xor/190/5	REJECTED	5	0
70070379	signature/xor/190/6	REJECTED	5	0
70070379	signature/xor/190/7	REJECTED	5	0
70070379	signature/xor/191/0	REJECTED	5	0
70070379	signature/xor/191/1	REJECTED	5	0
70070379	signature/xor/191/2	REJECTED	5	0
70070379	signature/xor/191/3	REJECTED	5	0
70070379	signature/xor/191/4	REJECTED	5	0
70070379	signature/xor/191/5	REJECTED	5	0
70070379	signature/xor/191/6	REJECTED	5	0
70070379	signature/xor/191/7	REJECTED	5	0
70070379	signature/xor/192/0	REJECTED	4	0
70070379	signature/xor/192/1	REJECTED	4	0
70070379	signature/xor/192/2	REJECTED	4	0
70070379	signature/xor/192/3	REJECTED	4	0
70070379	signature/xor/192/4	REJECTED	4	0
70070379	signature/xor/192/5	REJECTED	4	0
70070379	signature/xor/192/6	REJECTED	4	0
70070379	signature/xor/192/7	REJECTED	4	0
70070379	signature/xor/193/0	REJECTED	4	0
70070379	signature/xor/193/1	REJECTED	4	0
70070379	signature/xor/193/2	REJECTED	4	0
70070379	signature/xor/193/3	REJECTED	4	0
70070379	signature/xor/193/4	REJECTED	4	0
70070379	signature/xor/193/5	REJECTED	4	0
70070379	signature/xor/193/6	REJECTED	4	0
70070379	signature/xor/193/7	REJECTED	4	0
70070379	signature/xor/194/0	REJECTED	4	0
70070379	signature/xor/194/1	REJECTED	4	0
70070379	signature/xor/194/2	REJECTED	4	0
70070379	signature/xor/194/3	REJECTED	4	0
70070379	signature/xor/194/4	REJECTED	4	0
70070379	signature/xor/194/5	REJECTED	4	0
70070379	signature/xor/194/6	REJECTED	4	0
70070379	signature/xor/194/7	REJECTED	4	0
70070379	signature/xor/195/0	REJECTED	4	0
70070379	signature/xor/195/1	REJECTED	4	0
70070379	signature/xor/195/2	REJECTED	4	0
70070379	signature/xor/195/3	REJECTED	4	0
70070379	signature/xor/195/4	REJECTED	4	0
70070379	signature/xor/195/5	REJECTED	4	0
70070379	signature/xor/195/6	REJECTED	4	0
70070379	signature/xor/195/7	REJECTED	4	0
70070379	signature/xor/196/0	REJECTED	4	0
70070379	signature/xor/196/1	REJECTED	4	0
70070379	signature/xor/196/2	REJECTED	4	0
70070379	signature/xor/196/3	REJECTED	4	0
70070379	signature/xor/196/4	REJECTED	4	0
70070379	signature/xor/196/5	REJECTED	4	0
70070379	signature/xor/196/6	REJECTED	4	0
70070379	signature/xor/196/7	REJECTED	4	0
70070379	signature/xor/197/0	REJECTED	4	0
70070379	signature/xor/197/1	REJECTED	4	0
70070379	signature/xor/197/2	REJECTED	4	0
70070379	signature/xor/197/3	REJECTED	4	0
70070379	signature/xor/197/4	REJECTED	4	0
70070379	signature/xor/197/5	REJECTED	4	0
70070379	signature/xor/197/6	REJECTED	4	0
70070379	signature/xor/197/7	REJECTED	4	0
70070379	signature/xor/198/0	REJECTED	4	0
70070379	signature/xor/198/1	REJECTED	4	0
70070379	signature/xor/198/2	REJECTED	4	0
70070379	signature/xor/198/3	REJECTED	4	0
70070379	signature/xor/198/4	REJECTED	4	0
70070379	signature/xor/198/5	REJECTED	4	0
70070379	signature/xor/198/6	REJECTED	4	0
70070379	signature/xor/198/7	REJECTED	4	0
70070379	signature/xor/199/0	REJECTED	4	0
70070379	signature/xor/199/1	REJECTED	4	0
70070379	signature/xor/199/2	REJECTED	4	0
70070379	signature/xor/199/3	REJECTED	4	0
70070379	signature/xor/199/4	REJECTED	4	0
70070379	signature/xor/199/5	REJECTED	4	0
70070379	signature/xor/199/6	REJECTED	4	0
70070379	signature/xor/199/7	REJECTED	4	0
70070379	signature/xor/200/0	REJECTED	4	0
70070379	signature/xor/200/1	REJECTED	4	0
70070379	signature/xor/200/2	REJECTED	4	0
70070379	signature/xor/200/3	REJECTED	4	0
70070379	signature/xor/200/4	REJECTED	4	0
70070379	signature/xor/200/5	REJECTED	4	0
70070379	signature/xor/200/6	REJECTED	4	0
70070379	signature/xor/200/7	REJECTED	4	0
70070379	signature/xor/201/0	REJECTED	4	0
70070379	signature/xor/201/1	REJECTED	4	0
70070379	signature/xor/201/2	REJECTED	4	0
70070379	signature/xor/201/3	REJECTED	4	0
70070379	signature/xor/201/4	REJECTED	4	0
70070379	signature/xor/201/5	REJECTED	4	0
70070379	signature/xor/201/6	REJECTED	4	0
70070379	signature/xor/201/7	REJECTED	4	0
70070379	signature/xor/202/0	REJECTED	4	0
70070379	signature/xor/202/1	REJECTED	4	0
70070379	signature/xor/202/2	REJECTED	4	0
70070379	signature/xor/202/3	REJECTED	4	0
70070379	signature/xor/202/4	REJECTED	4	0
70070379	signature/xor/202/5	REJECTED	4	0
70070379	signature/xor/202/6	REJECTED	4	0
70070379	signature/xor/202/7	REJECTED	4	0
70070379	signature/xor/203/0	REJECTED	4	0
70070379	signature/xor/203/1	REJECTED	4	0
70070379	signature/xor/203/2	REJECTED	4	0
70070379	signature/xor/203/3	REJECTED	4	0
70070379	signature/xor/203/4	REJECTED	4	0
70070379	signature/xor/203/5	REJECTED	4	0
70070379	signature/xor/203/6	REJECTED	4	0
70070379	signature/xor/203/7	REJECTED	4	0
70070379	signature/xor/204/0	REJECTED	4	0
70070379	signature/xor/204/1	REJECTED	4	0
70070379	signature/xor/204/2	REJECTED	4	0
70070379	signature/xor/204/3	REJECTED	4	0
70070379	signature/xor/204/4	REJECTED	4	0
70070379	signature/xor/204/5	REJECTED	4	0
70070379	signature/xor/204/6	REJECTED	4	0
70070379	signature/xor/204/7	REJECTED	4	0
70070379	signature/xor/205/0	REJECTED	4	0
70070379	signature/xor/205/1	REJECTED	4	0
70070379	signature/xor/205/2	REJECTED	4	0
70070379	signature/xor/205/3	REJECTED	4	0
70070379	signature/xor/205/4	REJECTED	4	0
70070379	signature/xor/205/5	REJECTED	4	0
70070379	signature/xor/205/6	REJECTED	4	0
70070379	signature/xor/205/7	REJECTED	4	0
70070379	signature/xor/206/0	REJECTED	4	0
70070379	signature/xor/206/1	REJECTED	4	0
70070379	signature/xor/206/2	REJECTED	4	0
70070379	signature/xor/206/3	REJECTED	4	0
70070379	signature/xor/206/4	REJECTED	4	0
70070379	signature/xor/206/5	REJECTED	4	0
70070379	signature/xor/206/6	REJECTED	4	0
70070379	signature/xor/206/7	REJECTED	4	0
70070379	signature/xor/207/0	REJECTED	4	0
70070379	signature/xor/207/1	REJECTED	4	0
70070379	signature/xor/207/2	REJECTED	4	0
70070379	signature/xor/207/3	REJECTED	4	0
70070379	signature/xor/207/4	REJECTED	4	0
70070379	signature/xor/207/5	REJECTED	4	0
70070379	signature/xor/207/6	REJECTED	4	0
70070379	signature/xor/207/7	REJECTED	4	0
70070379	signature/xor/208/0	REJECTED	4	0
70070379	signature/xor/208/1	REJECTED	4	0
70070379	signature/xor/208/2	REJECTED	4	0
70070379	signature/xor/208/3	REJECTED	4	0
70070379	signature/xor/208/4	REJECTED	4	0
70070379	signature/xor/208/5	REJECTED	4	0
70070379	signature/xor/208/6	REJECTED	4	0
70070379	signature/xor/208/7	REJECTED	4	0
70070379	signature/xor/209/0	REJECTED	4	0
70070379	signature/xor/209/1	REJECTED	4	0
70070379	signature/xor/209/2	REJECTED	4	0
70070379	signature/xor/209/3	REJECTED	4	0
70070379	signature/xor/209/4	REJECTED	4	0
70070379	signature/xor/209/5	REJECTED	4	0
70070379	signature/xor/209/6	REJECTED	4	0
70070379	signature/xor/209/7	REJECTED	4	0
70070379	signature/xor/210/0	REJECTED	4	0
70070379	signature/xor/210/1	REJECTED	4	0
70070379	signature/xor/210/2	REJECTED	4	0
70070379	signature/xor/210/3	REJECTED	4	0
70070379	signature/xor/210/4	REJECTED	4	0
70070379	signature/xor/210/5	REJECTED	4	0
70070379	signature/xor/210/6	REJECTED	4	0
70070379	signature/xor/210/7	REJECTED	4	0
70070379	signature/xor/211/0	REJECTED	4	0
70070379	signature/xor/211/1	REJECTED	4	0
70070379	signature/xor/211/2	REJECTED	4	0
70070379	signature/xor/211/3	REJECTED	4	0
70070379	signature/xor/211/4	REJECTED	4	0
70070379	signature/xor/211/5	REJECTED	4	0
70070379	signature/xor/211/6	REJECTED	4	0
70070379	signature/xor/211/7	REJECTED	4	0
70070379	signature/xor/212/0	REJECTED	4	0
70070379	signature/xor/212/1	REJECTED	4	0
70070379	signature/xor/212/2	REJECTED	4	0
70070379	signature/xor/212/3	REJECTED	4	0
70070379	signature/xor/212/4	REJECTED	4	0
70070379	signature/xor/212/5	REJECTED	4	0
70070379	signature/xor/212/6	REJECTED	4	0
70070379	signature/xor/212/7	REJECTED	4	0
70070379	signature/xor/213/0	REJECTED	4	0
70070379	signature/xor/213/1	REJECTED	4	0
70070379	signature/xor/213/2	REJECTED	4	0
70070379	signature/xor/213/3	REJECTED	4	0
70070379	signature/xor/213/4	REJECTED	4	0
70070379	signature/xor/213/5	REJECTED	4	0
70070379	signature/xor/213/6	REJECTED	4	0
70070379	signature/xor/213/7	REJECTED	4	0
70070379	signature/xor/214/0	REJECTED	4	0
70070379	signature/xor/214/1	REJECTED	4	0
70070379	signature/xor/214/2	REJECTED	4	0
70070379	signature/xor/214/3	REJECTED	4	0
70070379	signature/xor/214/4	REJECTED	4	0
70070379	signature/xor/214/5	REJECTED	4	0
70070379	signature/xor/214/6	REJECTED	4	0
70070379	signature/xor/214/7	REJECTED	4	0
70070379	signature/xor/215/0	REJECTED	4	0
70070379	signature/xor/215/1	REJECTED	4	0
70070379	signature/xor/215/2	REJECTED	4	0
70070379	signature/xor/215/3	REJECTED	4	0
70070379	signature/xor/215/4	REJECTED	4	0
70070379	signature/xor/215/5	REJECTED	4	0
70070379	signature/xor/215/6	REJECTED	4	0
70070379	signature/xor/215/7	REJECTED	4	0
70070379	signature/xor/216/0	REJECTED	4	0
70070379	signature/xor/216/1	REJECTED	4	0
70070379	signature/xor/216/2	REJECTED	4	0
70070379	signature/xor/216/3	REJECTED	4	0
70070379	signature/xor/216/4	REJECTED	4	0
70070379	signature/xor/216/5	REJECTED	4	0
70070379	signature/xor/216/6	REJECTED	4	0
70070379	signature/xor/216/7	REJECTED	4	0
70070379	signature/xor/217/0	REJECTED	4	0
70070379	signature/xor/217/1	REJECTED	4	0
70070379	signature/xor/217/2	REJECTED	4	0
70070379	signature/xor/217/3	REJECTED	4	0
70070379	signature/xor/217/4	REJECTED	4	0
70070379	signature/xor/217/5	REJECTED	4	0
70070379	signature/xor/217/6	REJECTED	4	0
70070379	signature/xor/217/7	REJECTED	4	0
70070379	signature/xor/218/0	REJECTED	4	0
70070379	signature/xor/218/1	REJECTED	4	0
70070379	signature/xor/218/2	REJECTED	4	0
70070379	signature/xor/218/3	REJECTED	4	0
70070379	signature/xor/218/4	REJECTED	4	0
70070379	signature/xor/218/5	REJECTED	4	0
70070379	signature/xor/218/6	REJECTED	4	0
70070379	signature/xor/218/7	REJECTED	4	0
70070379	signature/xor/219/0	REJECTED	4	0
70070379	signature/xor/219/1	REJECTED	4	0
70070379	signature/xor/219/2	REJECTED	4	0
70070379	signature/xor/219/3	REJECTED	4	0
70070379	signature/xor/219/4	REJECTED	4	0
70070379	signature/xor/219/5	REJECTED	4	0
70070379	signature/xor/219/6	REJECTED	4	0
70070379	signature/xor/219/7	REJECTED	4	0
70070379	signature/xor/220/0	REJECTED	4	0
70070379	signature/xor/220/1	REJECTED	4	0
70070379	signature/xor/220/2	REJECTED	4	0
70070379	signature/xor/220/3	REJECTED	4	0
70070379	signature/xor/220/4	REJECTED	4	0
70070379	signature/xor/220/5	REJECTED	4	0
70070379	signature/xor/220/6	REJECTED	4	0
70070379	signature/xor/220/7	REJECTED	4	0
70070379	signature/xor/221/0	REJECTED	4	0
70070379	signature/xor/221/1	REJECTED	4	0
70070379	signature/xor/221/2	REJECTED	4	0
70070379	signature/xor/221/3	REJECTED	4	0
70070379	signature/xor/221/4	REJECTED	4	0
70070379	signature/xor/221/5	REJECTED	4	0
70070379	signature/xor/221/6	REJECTED	4	0
70070379	signature/xor/221/7	REJECTED	4	0
70070379	signature/xor/222/0	REJECTED	4	0
70070379	signature/xor/222/1	REJECTED	4	0
70070379	signature/xor/222/2	REJECTED	4	0
70070379	signature/xor/222/3	REJECTED	4	0
70070379	signature/xor/222/4	REJECTED	4	0
70070379	signature/xor/222/5	REJECTED	4	0
70070379	signature/xor/222/6	REJECTED	4	0
70070379	signature/xor/222/7	REJECTED	4	0
70070379	signature/xor/223/0	REJECTED	4	0
70070379	signature/xor/223/1	REJECTED	4	0
70070379	signature/xor/223/2	REJECTED	4	0
70070379	signature/xor/223/3	REJECTED	4	0
70070379	signature/xor/223/4	REJECTED	4	0
70070379	signature/xor/223/5	REJECTED	4	0
70070379	signature/xor/223/6	REJECTED	4	0
70070379	signature/xor/223/7	REJECTED	4	0
70070379	signature/xor/224/0	REJECTED	4	0
70070379	signature/xor/224/1	REJECTED	4	0
70070379	signature/xor/224/2	REJECTED	4	0
70070379	signature/xor/224/3	REJECTED	4	0
70070379	signature/xor/224/4	REJECTED	4	0
70070379	signature/xor/224/5	REJECTED	4	0
70070379	signature/xor/224/6	REJECTED	4	0
70070379	signature/xor/224/7	REJECTED	4	0
70070379	signature/xor/225/0	REJECTED	4	0
70070379	signature/xor/225/1	REJECTED	4	0
70070379	signature/xor/225/2	REJECTED	4	0
70070379	signature/xor/225/3	REJECTED	4	0
70070379	signature/xor/225/4	REJECTED	4	0
70070379	signature/xor/225/5	REJECTED	4	0
70070379	signature/xor/225/6	REJECTED	4	0
70070379	signature/xor/225/7	REJECTED	4	0
70070379	signature/xor/226/0	REJECTED	4	0
70070379	signature/xor/226/1	REJECTED	4	0
70070379	signature/xor/226/2	REJECTED	4	0
70070379	signature/xor/226/3	REJECTED	4	0
70070379	signature/xor/226/4	REJECTED	4	0
70070379	signature/xor/226/5	REJECTED	4	0
70070379	signature/xor/226/6	REJECTED	4	0
70070379	signature/xor/226/7	REJECTED	4	0
70070379	signature/xor/227/0	REJECTED	4	0
70070379	signature/xor/227/1	REJECTED	4	0
70070379	signature/xor/227/2	REJECTED	4	0
70070379	signature/xor/227/3	REJECTED	4	0
70070379	signature/xor/227/4	REJECTED	4	0
70070379	signature/xor/227/5	REJECTED	4	0
70070379	signature/xor/227/6	REJECTED	4	0
70070379	signature/xor/227/7	REJECTED	4	0
70070379	signature/xor/228/0	REJECTED	4	0
70070379	signature/xor/228/1	REJECTED	4	0
70070379	signature/xor/228/2	REJECTED	4	0
70070379	signature/xor/228/3	REJECTED	4	0
70070379	signature/xor/228/4	REJECTED	4	0
70070379	signature/xor/228/5	REJECTED	4	0
70070379	signature/xor/228/6	REJECTED	4	0
70070379	signature/xor/228/7	REJECTED	4	0
70070379	signature/xor/229/0	REJECTED	4	0
70070379	signature/xor/229/1	REJECTED	4	0
70070379	signature/xor/229/2	REJECTED	4	0
70070379	signature/xor/229/3	REJECTED	4	0
70070379	signature/xor/229/4	REJECTED	4	0
70070379	signature/xor/229/5	REJECTED	4	0
70070379	signature/xor/229/6	REJECTED	4	0
70070379	signature/xor/229/7	REJECTED	4	0
70070379	signature/xor/230/0	REJECTED	4	0
70070379	signature/xor/230/1	REJECTED	4	0
70070379	signature/xor/230/2	REJECTED	4	0
70070379	signature/xor/230/3	REJECTED	4	0
70070379	signature/xor/230/4	REJECTED	4	0
70070379	signature/xor/230/5	REJECTED	4	0
70070379	signature/xor/230/6	REJECTED	4	0
70070379	signature/xor/230/7	REJECTED	4	0
70070379	signature/xor/231/0	REJECTED	4	0
70070379	signature/xor/231/1	REJECTED	4	0
70070379	signature/xor/231/2	REJECTED	4	0
70070379	signature/xor/231/3	REJECTED	4	0
70070379	signature/xor/231/4	REJECTED	4	0
70070379	signature/xor/231/5	REJECTED	4	0
70070379	signature/xor/231/6	REJECTED	4	0
70070379	signature/xor/231/7	REJECTED	4	0
70070379	signature/xor/232/0	REJECTED	4	0
70070379	signature/xor/232/1	REJECTED	4	0
70070379	signature/xor/232/2	REJECTED	4	0
70070379	signature/xor/232/3	REJECTED	4	0
70070379	signature/xor/232/4	REJECTED	4	0
70070379	signature/xor/232/5	REJECTED	4	0
70070379	signature/xor/232/6	REJECTED	4	0
70070379	signature/xor/232/7	REJECTED	4	0
70070379	signature/xor/233/0	REJECTED	4	0
70070379	signature/xor/233/1	REJECTED	4	0
70070379	signature/xor/233/2	REJECTED	4	0
70070379	signature/xor/233/3	REJECTED	4	0
70070379	signature/xor/233/4	REJECTED	4	0
70070379	signature/xor/233/5	REJECTED	4	0
70070379	signature/xor/233/6	REJECTED	4	0
70070379	signature/xor/233/7	REJECTED	4	0
70070379	signature/xor/234/0	REJECTED	4	0
70070379	signature/xor/234/1	REJECTED	4	0
70070379	signature/xor/234/2	REJECTED	4	0
70070379	signature/xor/234/3	REJECTED	4	0
70070379	signature/xor/234/4	REJECTED	4	0
70070379	signature/xor/234/5	REJECTED	4	0
70070379	signature/xor/234/6	REJECTED	4	0
70070379	signature/xor/234/7	REJECTED	4	0
70070379	signature/xor/235/0	REJECTED	4	0
70070379	signature/xor/235/1	REJECTED	4	0
70070379	signature/xor/235/2	REJECTED	4	0
70070379	signature/xor/235/3	REJECTED	4	0
70070379	signature/xor/235/4	REJECTED	4	0
70070379	signature/xor/235/5	REJECTED	4	0
70070379	signature/xor/235/6	REJECTED	4	0
70070379	signature/xor/235/7	REJECTED	4	0
70070379	signature/xor/236/0	REJECTED	4	0
70070379	signature/xor/236/1	REJECTED	4	0
70070379	signature/xor/236/2	REJECTED	4	0
70070379	signature/xor/236/3	REJECTED	4	0
70070379	signature/xor/236/4	REJECTED	4	0
70070379	signature/xor/236/5	REJECTED	4	0
70070379	signature/xor/236/6	REJECTED	4	0
70070379	signature/xor/236/7	REJECTED	4	0
70070379	signature/xor/237/0	REJECTED	4	0
70070379	signature/xor/237/1	REJECTED	4	0
70070379	signature/xor/237/2	REJECTED	4	0
70070379	signature/xor/237/3	REJECTED	4	0
70070379	signature/xor/237/4	REJECTED	4	0
70070379	signature/xor/237/5	REJECTED	4	0
70070379	signature/xor/237/6	REJECTED	4	0
70070379	signature/xor/237/7	REJECTED	4	0
70070379	signature/xor/238/0	REJECTED	4	0
70070379	signature/xor/238/1	REJECTED	4	0
70070379	signature/xor/238/2	REJECTED	4	0
70070379	signature/xor/238/3	REJECTED	4	0
70070379	signature/xor/238/4	REJECTED	4	0
70070379	signature/xor/238/5	REJECTED	4	0
70070379	signature/xor/238/6	REJECTED	4	0
70070379	signature/xor/238/7	REJECTED	4	0
70070379	signature/xor/239/0	REJECTED	4	0
70070379	signature/xor/239/1	REJECTED	4	0
70070379	signature/xor/239/2	REJECTED	4	0
70070379	signature/xor/239/3	REJECTED	4	0
70070379	signature/xor/239/4	REJECTED	4	0
70070379	signature/xor/239/5	REJECTED	4	0
70070379	signature/xor/239/6	REJECTED	4	0
70070379	signature/xor/239/7	REJECTED	4	0
70070379	signature/xor/240/0	REJECTED	4	0
70070379	signature/xor/240/1	REJECTED	4	0
70070379	signature/xor/240/2	REJECTED	4	0
70070379	signature/xor/240/3	REJECTED	4	0
70070379	signature/xor/240/4	REJECTED	4	0
70070379	signature/xor/240/5	REJECTED	4	0
70070379	signature/xor/240/6	REJECTED	4	0
70070379	signature/xor/240/7	REJECTED	4	0
70070379	signature/xor/241/0	REJECTED	4	0
70070379	signature/xor/241/1	REJECTED	4	0
70070379	signature/xor/241/2	REJECTED	4	0
70070379	signature/xor/241/3	REJECTED	4	0
70070379	signature/xor/241/4	REJECTED	4	0
70070379	signature/xor/241/5	REJECTED	4	0
70070379	signature/xor/241/6	REJECTED	4	0
70070379	signature/xor/241/7	REJECTED	4	0
70070379	signature/xor/242/0	REJECTED	4	0
70070379	signature/xor/242/1	REJECTED	4	0
70070379	signature/xor/242/2	REJECTED	4	0
70070379	signature/xor/242/3	REJECTED	4	0
70070379	signature/xor/242/4	REJECTED	4	0
70070379	signature/xor/242/5	REJECTED	4	0
70070379	signature/xor/242/6	REJECTED	4	0
70070379	signature/xor/242/7	REJECTED	4	0
70070379	signature/xor/243/0	REJECTED	4	0
70070379	signature/xor/243/1	REJECTED	4	0
70070379	signature/xor/243/2	REJECTED	4	0
70070379	signature/xor/243/3	REJECTED	4	0
70070379	signature/xor/243/4	REJECTED	4	0
70070379	signature/xor/243/5	REJECTED	4	0
70070379	signature/xor/243/6	REJECTED	4	0
70070379	signature/xor/243/7	REJECTED	4	0
70070379	signature/xor/244/0	REJECTED	4	0
70070379	signature/xor/244/1	REJECTED	4	0
70070379	signature/xor/244/2	REJECTED	4	0
70070379	signature/xor/244/3	REJECTED	4	0
70070379	signature/xor/244/4	REJECTED	4	0
70070379	signature/xor/244/5	REJECTED	4	0
70070379	signature/xor/244/6	REJECTED	4	0
70070379	signature/xor/244/7	REJECTED	4	0
70070379	signature/xor/245/0	REJECTED	4	0
70070379	signature/xor/245/1	REJECTED	4	0
70070379	signature/xor/245/2	REJECTED	4	0
70070379	signature/xor/245/3	REJECTED	4	0
70070379	signature/xor/245/4	REJECTED	4	0
70070379	signature/xor/245/5	REJECTED	4	0
70070379	signature/xor/245/6	REJECTED	4	0
70070379	signature/xor/245/7	REJECTED	4	0
70070379	signature/xor/246/0	REJECTED	4	0
70070379	signature/xor/246/1	REJECTED	4	0
70070379	signature/xor/246/2	REJECTED	4	0
70070379	signature/xor/246/3	REJECTED	4	0
70070379	signature/xor/246/4	REJECTED	4	0
70070379	signature/xor/246/5	REJECTED	4	0
70070379	signature/xor/246/6	REJECTED	4	0
70070379	signature/xor/246/7	REJECTED	4	0
70070379	signature/xor/247/0	REJECTED	4	0
70070379	signature/xor/247/1	REJECTED	4	0
70070379	signature/xor/247/2	REJECTED	4	0
70070379	signature/xor/247/3	REJECTED	4	0
70070379	signature/xor/247/4	REJECTED	4	0
70070379	signature/xor/247/5	REJECTED	4	0
70070379	signature/xor/247/6	REJECTED	4	0
70070379	signature/xor/247/7	REJECTED	4	0
70070379	signature/xor/248/0	REJECTED	4	0
70070379	signature/xor/248/1	REJECTED	4	0
70070379	signature/xor/248/2	REJECTED	4	0
70070379	signature/xor/248/3	REJECTED	4	0
70070379	signature/xor/248/4	REJECTED	4	0
70070379	signature/xor/248/5	REJECTED	4	0
70070379	signature/xor/248/6	REJECTED	4	0
70070379	signature/xor/248/7	REJECTED	4	0
70070379	signature/xor/249/0	REJECTED	4	0
70070379	signature/xor/249/1	REJECTED	4	0
70070379	signature/xor/249/2	REJECTED	4	0
70070379	signature/xor/249/3	REJECTED	4	0
70070379	signature/xor/249/4	REJECTED	4	0
70070379	signature/xor/249/5	REJECTED	4	0
70070379	signature/xor/249/6	REJECTED	4	0
70070379	signature/xor/249/7	REJECTED	4	0
70070379	signature/xor/250/0	REJECTED	4	0
70070379	signature/xor/250/1	REJECTED	4	0
70070379	signature/xor/250/2	REJECTED	4	0
70070379	signature/xor/250/3	REJECTED	4	0
70070379	signature/xor/250/4	REJECTED	4	0
70070379	signature/xor/250/5	REJECTED	4	0
70070379	signature/xor/250/6	REJECTED	4	0
70070379	signature/xor/250/7	REJECTED	4	0
70070379	signature/xor/251/0	REJECTED	4	0
70070379	signature/xor/251/1	REJECTED	4	0
70070379	signature/xor/251/2	REJECTED	4	0
70070379	signature/xor/251/3	REJECTED	4	0
70070379	signature/xor/251/4	REJECTED	4	0
70070379	signature/xor/251/5	REJECTED	4	0
70070379	signature/xor/251/6	REJECTED	4	0
70070379	signature/xor/251/7	REJECTED	4	0
70070379	signature/xor/252/0	REJECTED	4	0
70070379	signature/xor/252/1	REJECTED	4	0
70070379	signature/xor/252/2	REJECTED	4	0
70070379	signature/xor/252/3	REJECTED	4	0
70070379	signature/xor/252/4	REJECTED	4	0
70070379	signature/xor/252/5	REJECTED	4	0
70070379	signature/xor/252/6	REJECTED	4	0
70070379	signature/xor/252/7	REJECTED	4	0
70070379	signature/xor/253/0	REJECTED	4	0
70070379	signature/xor/253/1	REJECTED	4	0
70070379	signature/xor/253/2	REJECTED	4	0
70070379	signature/xor/253/3	REJECTED	4	0
70070379	signature/xor/253/4	REJECTED	4	0
70070379	signature/xor/253/5	REJECTED	4	0
70070379	signature/xor/253/6	REJECTED	4	0
70070379	signature/xor/253/7	REJECTED	4	0
70070379	signature/xor/254/0	REJECTED	4	0
70070379	signature/xor/254/1	REJECTED	4	0
70070379	signature/xor/254/2	REJECTED	4	0
70070379	signature/xor/254/3	REJECTED	4	0
70070379	signature/xor/254/4	REJECTED	4	0
70070379	signature/xor/254/5	REJECTED	4	0
70070379	signature/xor/254/6	REJECTED	4	0
70070379	signature/xor/254/7	REJECTED	4	0
70070379	signature/xor/255/0	REJECTED	4	0
70070379	signature/xor/255/1	REJECTED	4	0
70070379	signature/xor/255/2	REJECTED	4	0
70070379	signature/xor/255/3	REJECTED	4	0
70070379	signature/xor/255/4	REJECTED	4	0
70070379	signature/xor/255/5	REJECTED	4	0
70070379	signature/xor/255/6	REJECTED	4	0
70070379	signature/xor/255/7	REJECTED	4	0
70070379	signature/xor/256/0	REJECTED	3	0
70070379	signature/xor/256/1	REJECTED	3	0
70070379	signature/xor/256/2	REJECTED	3	0
70070379	signature/xor/256/3	REJECTED	3	0
70070379	signature/xor/256/4	REJECTED	3	0
70070379	signature/xor/256/5	REJECTED	3	0
70070379	signature/xor/256/6	REJECTED	3	0
70070379	signature/xor/256/7	REJECTED	3	0
70070379	signature/xor/257/0	REJECTED	3	0
70070379	signature/xor/257/1	REJECTED	3	0
70070379	signature/xor/257/2	REJECTED	3	0
70070379	signature/xor/257/3	REJECTED	3	0
70070379	signature/xor/257/4	REJECTED	3	0
70070379	signature/xor/257/5	REJECTED	3	0
70070379	signature/xor/257/6	REJECTED	3	0
70070379	signature/xor/257/7	REJECTED	3	0
70070379	signature/xor/258/0	REJECTED	3	0
70070379	signature/xor/258/1	REJECTED	3	0
70070379	signature/xor/258/2	REJECTED	3	0
70070379	signature/xor/258/3	REJECTED	3	0
70070379	signature/xor/258/4	REJECTED	3	0
70070379	signature/xor/258/5	REJECTED	3	0
70070379	signature/xor/258/6	REJECTED	3	0
70070379	signature/xor/258/7	REJECTED	3	0
70070379	signature/xor/259/0	REJECTED	3	0
70070379	signature/xor/259/1	REJECTED	3	0
70070379	signature/xor/259/2	REJECTED	3	0
70070379	signature/xor/259/3	REJECTED	3	0
70070379	signature/xor/259/4	REJECTED	3	0
70070379	signature/xor/259/5	REJECTED	3	0
70070379	signature/xor/259/6	REJECTED	3	0
70070379	signature/xor/259/7	REJECTED	3	0
70070379	signature/xor/260/0	REJECTED	3	0
70070379	signature/xor/260/1	REJECTED	3	0
70070379	signature/xor/260/2	REJECTED	3	0
70070379	signature/xor/260/3	REJECTED	3	0
70070379	signature/xor/260/4	REJECTED	3	0
70070379	signature/xor/260/5	REJECTED	3	0
70070379	signature/xor/260/6	REJECTED	3	0
70070379	signature/xor/260/7	REJECTED	3	0
70070379	signature/xor/261/0	REJECTED	3	0
70070379	signature/xor/261/1	REJECTED	3	0
70070379	signature/xor/261/2	REJECTED	3	0
70070379	signature/xor/261/3	REJECTED	3	0
70070379	signature/xor/261/4	REJECTED	3	0
70070379	signature/xor/261/5	REJECTED	3	0
70070379	signature/xor/261/6	REJECTED	3	0
70070379	signature/xor/261/7	REJECTED	3	0
70070379	signature/xor/262/0	REJECTED	3	0
70070379	signature/xor/262/1	REJECTED	3	0
70070379	signature/xor/262/2	REJECTED	3	0
70070379	signature/xor/262/3	REJECTED	3	0
70070379	signature/xor/262/4	REJECTED	3	0
70070379	signature/xor/262/5	REJECTED	3	0
70070379	signature/xor/262/6	REJECTED	3	0
70070379	signature/xor/262/7	REJECTED	3	0
70070379	signature/xor/263/0	REJECTED	3	0
70070379	signature/xor/263/1	REJECTED	3	0
70070379	signature/xor/263/2	REJECTED	3	0
70070379	signature/xor/263/3	REJECTED	3	0
70070379	signature/xor/263/4	REJECTED	3	0
70070379	signature/xor/263/5	REJECTED	3	0
70070379	signature/xor/263/6	REJECTED	3	0
70070379	signature/xor/263/7	REJECTED	3	0
70070379	signature/xor/264/0	REJECTED	3	0
70070379	signature/xor/264/1	REJECTED	3	0
70070379	signature/xor/264/2	REJECTED	3	0
70070379	signature/xor/264/3	REJECTED	3	0
70070379	signature/xor/264/4	REJECTED	3	0
70070379	signature/xor/264/5	REJECTED	3	0
70070379	signature/xor/264/6	REJECTED	3	0
70070379	signature/xor/264/7	REJECTED	3	0
70070379	signature/xor/265/0	REJECTED	3	0
70070379	signature/xor/265/1	REJECTED	3	0
70070379	signature/xor/265/2	REJECTED	3	0
70070379	signature/xor/265/3	REJECTED	3	0
70070379	signature/xor/265/4	REJECTED	3	0
70070379	signature/xor/265/5	REJECTED	3	0
70070379	signature/xor/265/6	REJECTED	3	0
70070379	signature/xor/265/7	REJECTED	3	0
70070379	signature/xor/266/0	REJECTED	3	0
70070379	signature/xor/266/1	REJECTED	3	0
70070379	signature/xor/266/2	REJECTED	3	0
70070379	signature/xor/266/3	REJECTED	3	0
70070379	signature/xor/266/4	REJECTED	3	0
70070379	signature/xor/266/5	REJECTED	3	0
70070379	signature/xor/266/6	REJECTED	3	0
70070379	signature/xor/266/7	REJECTED	3	0
70070379	signature/xor/267/0	REJECTED	3	0
70070379	signature/xor/267/1	REJECTED	3	0
70070379	signature/xor/267/2	REJECTED	3	0
70070379	signature/xor/267/3	REJECTED	3	0
70070379	signature/xor/267/4	REJECTED	3	0
70070379	signature/xor/267/5	REJECTED	3	0
70070379	signature/xor/267/6	REJECTED	3	0
70070379	signature/xor/267/7	REJECTED	3	0
70070379	signature/xor/268/0	REJECTED	3	0
70070379	signature/xor/268/1	REJECTED	3	0
70070379	signature/xor/268/2	REJECTED	3	0
70070379	signature/xor/268/3	REJECTED	3	0
70070379	signature/xor/268/4	REJECTED	3	0
70070379	signature/xor/268/5	REJECTED	3	0
70070379	signature/xor/268/6	REJECTED	3	0
70070379	signature/xor/268/7	REJECTED	3	0
70070379	signature/xor/269/0	REJECTED	3	0
70070379	signature/xor/269/1	REJECTED	3	0
70070379	signature/xor/269/2	REJECTED	3	0
70070379	signature/xor/269/3	REJECTED	3	0
70070379	signature/xor/269/4	REJECTED	3	0
70070379	signature/xor/269/5	REJECTED	3	0
70070379	signature/xor/269/6	REJECTED	3	0
70070379	signature/xor/269/7	REJECTED	3	0
70070379	signature/xor/270/0	REJECTED	3	0
70070379	signature/xor/270/1	REJECTED	3	0
70070379	signature/xor/270/2	REJECTED	3	0
70070379	signature/xor/270/3	REJECTED	3	0
70070379	signature/xor/270/4	REJECTED	3	0
70070379	signature/xor/270/5	REJECTED	3	0
70070379	signature/xor/270/6	REJECTED	3	0
70070379	signature/xor/270/7	REJECTED	3	0
70070379	signature/xor/271/0	REJECTED	3	0
70070379	signature/xor/271/1	REJECTED	3	0
70070379	signature/xor/271/2	REJECTED	3	0
70070379	signature/xor/271/3	REJECTED	3	0
70070379	signature/xor/271/4	REJECTED	3	0
70070379	signature/xor/271/5	REJECTED	3	0
70070379	signature/xor/271/6	REJECTED	3	0
70070379	signature/xor/271/7	REJECTED	3	0
70070379	signature/xor/272/0	REJECTED	3	0
70070379	signature/xor/272/1	REJECTED	3	0
70070379	signature/xor/272/2	REJECTED	3	0
70070379	signature/xor/272/3	REJECTED	3	0
70070379	signature/xor/272/4	REJECTED	3	0
70070379	signature/xor/272/5	REJECTED	3	0
70070379	signature/xor/272/6	REJECTED	3	0
70070379	signature/xor/272/7	REJECTED	3	0
70070379	signature/xor/273/0	REJECTED	3	0
70070379	signature/xor/273/1	REJECTED	3	0
70070379	signature/xor/273/2	REJECTED	3	0
70070379	signature/xor/273/3	REJECTED	3	0
70070379	signature/xor/273/4	REJECTED	3	0
70070379	signature/xor/273/5	REJECTED	3	0
70070379	signature/xor/273/6	REJECTED	3	0
70070379	signature/xor/273/7	REJECTED	3	0
70070379	signature/xor/274/0	REJECTED	3	0
70070379	signature/xor/274/1	REJECTED	3	0
70070379	signature/xor/274/2	REJECTED	3	0
70070379	signature/xor/274/3	REJECTED	3	0
70070379	signature/xor/274/4	REJECTED	3	0
70070379	signature/xor/274/5	REJECTED	3	0
70070379	signature/xor/274/6	REJECTED	3	0
70070379	signature/xor/274/7	REJECTED	3	0
70070379	signature/xor/275/0	REJECTED	3	0
70070379	signature/xor/275/1	REJECTED	3	0
70070379	signature/xor/275/2	REJECTED	3	0
70070379	signature/xor/275/3	REJECTED	3	0
70070379	signature/xor/275/4	REJECTED	3	0
70070379	signature/xor/275/5	REJECTED	3	0
70070379	signature/xor/275/6	REJECTED	3	0
70070379	signature/xor/275/7	REJECTED	3	0
70070379	signature/xor/276/0	REJECTED	3	0
70070379	signature/xor/276/1	REJECTED	3	0
70070379	signature/xor/276/2	REJECTED	3	0
70070379	signature/xor/276/3	REJECTED	3	0
70070379	signature/xor/276/4	REJECTED	3	0
70070379	signature/xor/276/5	REJECTED	3	0
70070379	signature/xor/276/6	REJECTED	3	0
70070379	signature/xor/276/7	REJECTED	3	0
70070379	signature/xor/277/0	REJECTED	3	0
70070379	signature/xor/277/1	REJECTED	3	0
70070379	signature/xor/277/2	REJECTED	3	0
70070379	signature/xor/277/3	REJECTED	3	0
70070379	signature/xor/277/4	REJECTED	3	0
70070379	signature/xor/277/5	REJECTED	3	0
70070379	signature/xor/277/6	REJECTED	3	0
70070379	signature/xor/277/7	REJECTED	3	0
70070379	signature/xor/278/0	REJECTED	3	0
70070379	signature/xor/278/1	REJECTED	3	0
70070379	signature/xor/278/2	REJECTED	3	0
70070379	signature/xor/278/3	REJECTED	3	0
70070379	signature/xor/278/4	REJECTED	3	0
70070379	signature/xor/278/5	REJECTED	3	0
70070379	signature/xor/278/6	REJECTED	3	0
70070379	signature/xor/278/7	REJECTED	3	0
70070379	signature/xor/279/0	REJECTED	3	0
70070379	signature/xor/279/1	REJECTED	3	0
70070379	signature/xor/279/2	REJECTED	3	0
70070379	signature/xor/279/3	REJECTED	3	0
70070379	signature/xor/279/4	REJECTED	3	0
70070379	signature/xor/279/5	REJECTED	3	0
70070379	signature/xor/279/6	REJECTED	3	0
70070379	signature/xor/279/7	REJECTED	3	0
70070379	signature/xor/280/0	REJECTED	3	0
70070379	signature/xor/280/1	REJECTED	3	0
70070379	signature/xor/280/2	REJECTED	3	0
70070379	signature/xor/280/3	REJECTED	3	0
70070379	signature/xor/280/4	REJECTED	3	0
70070379	signature/xor/280/5	REJECTED	3	0
70070379	signature/xor/280/6	REJECTED	3	0
70070379	signature/xor/280/7	REJECTED	3	0
70070379	signature/xor/281/0	REJECTED	3	0
70070379	signature/xor/281/1	REJECTED	3	0
70070379	signature/xor/281/2	REJECTED	3	0
70070379	signature/xor/281/3	REJECTED	3	0
70070379	signature/xor/281/4	REJECTED	3	0
70070379	signature/xor/281/5	REJECTED	3	0
70070379	signature/xor/281/6	REJECTED	3	0
70070379	signature/xor/281/7	REJECTED	3	0
70070379	signature/xor/282/0	REJECTED	3	0
70070379	signature/xor/282/1	REJECTED	3	0
70070379	signature/xor/282/2	REJECTED	3	0
70070379	signature/xor/282/3	REJECTED	3	0
70070379	signature/xor/282/4	REJECTED	3	0
70070379	signature/xor/282/5	REJECTED	3	0
70070379	signature/xor/282/6	REJECTED	3	0
70070379	signature/xor/282/7	REJECTED	3	0
70070379	signature/xor/283/0	REJECTED	3	0
70070379	signature/xor/283/1	REJECTED	3	0
70070379	signature/xor/283/2	REJECTED	3	0
70070379	signature/xor/283/3	REJECTED	3	0
70070379	signature/xor/283/4	REJECTED	3	0
70070379	signature/xor/283/5	REJECTED	3	0
70070379	signature/xor/283/6	REJECTED	3	0
70070379	signature/xor/283/7	REJECTED	3	0
70070379	signature/xor/284/0	REJECTED	3	0
70070379	signature/xor/284/1	REJECTED	3	0
70070379	signature/xor/284/2	REJECTED	3	0
70070379	signature/xor/284/3	REJECTED	3	0
70070379	signature/xor/284/4	REJECTED	3	0
70070379	signature/xor/284/5	REJECTED	3	0
70070379	signature/xor/284/6	REJECTED	3	0
70070379	signature/xor/284/7	REJECTED	3	0
70070379	signature/xor/285/0	REJECTED	3	0
70070379	signature/xor/285/1	REJECTED	3	0
70070379	signature/xor/285/2	REJECTED	3	0
70070379	signature/xor/285/3	REJECTED	3	0
70070379	signature/xor/285/4	REJECTED	3	0
70070379	signature/xor/285/5	REJECTED	3	0
70070379	signature/xor/285/6	REJECTED	3	0
70070379	signature/xor/285/7	REJECTED	3	0
70070379	signature/xor/286/0	REJECTED	3	0
70070379	signature/xor/286/1	REJECTED	3	0
70070379	signature/xor/286/2	REJECTED	3	0
70070379	signature/xor/286/3	REJECTED	3	0
70070379	signature/xor/286/4	REJECTED	3	0
70070379	signature/xor/286/5	REJECTED	3	0
70070379	signature/xor/286/6	REJECTED	3	0
70070379	signature/xor/286/7	REJECTED	3	0
70070379	signature/xor/287/0	REJECTED	3	0
70070379	signature/xor/287/1	REJECTED	3	0
70070379	signature/xor/287/2	REJECTED	3	0
70070379	signature/xor/287/3	REJECTED	3	0
70070379	signature/xor/287/4	REJECTED	3	0
70070379	signature/xor/287/5	REJECTED	3	0
70070379	signature/xor/287/6	REJECTED	3	0
70070379	signature/xor/287/7	REJECTED	3	0
70070379	signature/xor/288/0	REJECTED	3	0
70070379	signature/xor/288/1	REJECTED	3	0
70070379	signature/xor/288/2	REJECTED	3	0
70070379	signature/xor/288/3	REJECTED	3	0
70070379	signature/xor/288/4	REJECTED	3	0
70070379	signature/xor/288/5	REJECTED	3	0
70070379	signature/xor/288/6	REJECTED	3	0
70070379	signature/xor/288/7	REJECTED	3	0
70070379	signature/xor/289/0	REJECTED	3	0
70070379	signature/xor/289/1	REJECTED	3	0
70070379	signature/xor/289/2	REJECTED	3	0
70070379	signature/xor/289/3	REJECTED	3	0
70070379	signature/xor/289/4	REJECTED	3	0
70070379	signature/xor/289/5	REJECTED	3	0
70070379	signature/xor/289/6	REJECTED	3	0
70070379	signature/xor/289/7	REJECTED	3	0
70070379	signature/xor/290/0	REJECTED	3	0
70070379	signature/xor/290/1	REJECTED	3	0
70070379	signature/xor/290/2	REJECTED	3	0
70070379	signature/xor/290/3	REJECTED	3	0
70070379	signature/xor/290/4	REJECTED	3	0
70070379	signature/xor/290/5	REJECTED	3	0
70070379	signature/xor/290/6	REJECTED	3	0
70070379	signature/xor/290/7	REJECTED	3	0
70070379	signature/xor/291/0	REJECTED	3	0
70070379	signature/xor/291/1	REJECTED	3	0
70070379	signature/xor/291/2	REJECTED	3	0
70070379	signature/xor/291/3	REJECTED	3	0
70070379	signature/xor/291/4	REJECTED	3	0
70070379	signature/xor/291/5	REJECTED	3	0
70070379	signature/xor/291/6	REJECTED	3	0
70070379	signature/xor/291/7	REJECTED	3	0
70070379	signature/xor/292/0	REJECTED	3	0
70070379	signature/xor/292/1	REJECTED	3	0
70070379	signature/xor/292/2	REJECTED	3	0
70070379	signature/xor/292/3	REJECTED	3	0
70070379	signature/xor/292/4	REJECTED	3	0
70070379	signature/xor/292/5	REJECTED	3	0
70070379	signature/xor/292/6	REJECTED	3	0
70070379	signature/xor/292/7	REJECTED	3	0
70070379	signature/xor/293/0	REJECTED	3	0
70070379	signature/xor/293/1	REJECTED	3	0
70070379	signature/xor/293/2	REJECTED	3	0
70070379	signature/xor/293/3	REJECTED	3	0
70070379	signature/xor/293/4	REJECTED	3	0
70070379	signature/xor/293/5	REJECTED	3	0
70070379	signature/xor/293/6	REJECTED	3	0
70070379	signature/xor/293/7	REJECTED	3	0
70070379	signature/xor/294/0	REJECTED	3	0
70070379	signature/xor/294/1	REJECTED	3	0
70070379	signature/xor/294/2	REJECTED	3	0
70070379	signature/xor/294/3	REJECTED	3	0
70070379	signature/xor/294/4	REJECTED	3	0
70070379	signature/xor/294/5	REJECTED	3	0
70070379	signature/xor/294/6	REJECTED	3	0
70070379	signature/xor/294/7	REJECTED	3	0
70070379	signature/xor/295/0	REJECTED	3	0
70070379	signature/xor/295/1	REJECTED	3	0
70070379	signature/xor/295/2	REJECTED	3	0
70070379	signature/xor/295/3	REJECTED	3	0
70070379	signature/xor/295/4	REJECTED	3	0
70070379	signature/xor/295/5	REJECTED	3	0
70070379	signature/xor/295/6	REJECTED	3	0
70070379	signature/xor/295/7	REJECTED	3	0
70070379	signature/xor/296/0	REJECTED	3	0
70070379	signature/xor/296/1	REJECTED	3	0
70070379	signature/xor/296/2	REJECTED	3	0
70070379	signature/xor/296/3	REJECTED	3	0
70070379	signature/xor/296/4	REJECTED	3	0
70070379	signature/xor/296/5	REJECTED	3	0
70070379	signature/xor/296/6	REJECTED	3	0
70070379	signature/xor/296/7	REJECTED	3	0
70070379	signature/xor/297/0	REJECTED	3	0
70070379	signature/xor/297/1	REJECTED	3	0
70070379	signature/xor/297/2	REJECTED	3	0
70070379	signature/xor/297/3	REJECTED	3	0
70070379	signature/xor/297/4	REJECTED	3	0
70070379	signature/xor/297/5	REJECTED	3	0
70070379	signature/xor/297/6	REJECTED	3	0
70070379	signature/xor/297/7	REJECTED	3	0
70070379	signature/xor/298/0	REJECTED	3	0
70070379	signature/xor/298/1	REJECTED	3	0
70070379	signature/xor/298/2	REJECTED	3	0
70070379	signature/xor/298/3	REJECTED	3	0
70070379	signature/xor/298/4	REJECTED	3	0
70070379	signature/xor/298/5	REJECTED	3	0
70070379	signature/xor/298/6	REJECTED	3	0
70070379	signature/xor/298/7	REJECTED	3	0
70070379	signature/xor/299/0	REJECTED	3	0
70070379	signature/xor/299/1	REJECTED	3	0
70070379	signature/xor/299/2	REJECTED	3	0
70070379	signature/xor/299/3	REJECTED	3	0
70070379	signature/xor/299/4	REJECTED	3	0
70070379	signature/xor/299/5	REJECTED	3	0
70070379	signature/xor/299/6	REJECTED	3	0
70070379	signature/xor/299/7	REJECTED	3	0
70070379	signature/xor/300/0	REJECTED	3	0
70070379	signature/xor/300/1	REJECTED	3	0
70070379	signature/xor/300/2	REJECTED	3	0
70070379	signature/xor/300/3	REJECTED	3	0
70070379	signature/xor/300/4	REJECTED	3	0
70070379	signature/xor/300/5	REJECTED	3	0
70070379	signature/xor/300/6	REJECTED	3	0
70070379	signature/xor/300/7	REJECTED	3	0
70070379	signature/xor/301/0	REJECTED	3	0
70070379	signature/xor/301/1	REJECTED	3	0
70070379	signature/xor/301/2	REJECTED	3	0
70070379	signature/xor/301/3	REJECTED	3	0
70070379	signature/xor/301/4	REJECTED	3	0
70070379	signature/xor/301/5	REJECTED	3	0
70070379	signature/xor/301/6	REJECTED	3	0
70070379	signature/xor/301/7	REJECTED	3	0
70070379	signature/xor/302/0	REJECTED	3	0
70070379	signature/xor/302/1	REJECTED	3	0
70070379	signature/xor/302/2	REJECTED	3	0
70070379	signature/xor/302/3	REJECTED	3	0
70070379	signature/xor/302/4	REJECTED	3	0
70070379	signature/xor/302/5	REJECTED	3	0
70070379	signature/xor/302/6	REJECTED	3	0
70070379	signature/xor/302/7	REJECTED	3	0
70070379	signature/xor/303/0	REJECTED	3	0
70070379	signature/xor/303/1	REJECTED	3	0
70070379	signature/xor/303/2	REJECTED	3	0
70070379	signature/xor/303/3	REJECTED	3	0
70070379	signature/xor/303/4	REJECTED	3	0
70070379	signature/xor/303/5	REJECTED	3	0
70070379	signature/xor/303/6	REJECTED	3	0
70070379	signature/xor/303/7	REJECTED	3	0
70070379	signature/xor/304/0	REJECTED	3	0
70070379	signature/xor/304/1	REJECTED	3	0
70070379	signature/xor/304/2	REJECTED	3	0
70070379	signature/xor/304/3	REJECTED	3	0
70070379	signature/xor/304/4	REJECTED	3	0
70070379	signature/xor/304/5	REJECTED	3	0
70070379	signature/xor/304/6	REJECTED	3	0
70070379	signature/xor/304/7	REJECTED	3	0
70070379	signature/xor/305/0	REJECTED	3	0
70070379	signature/xor/305/1	REJECTED	3	0
70070379	signature/xor/305/2	REJECTED	3	0
70070379	signature/xor/305/3	REJECTED	3	0
70070379	signature/xor/305/4	REJECTED	3	0
70070379	signature/xor/305/5	REJECTED	3	0
70070379	signature/xor/305/6	REJECTED	3	0
70070379	signature/xor/305/7	REJECTED	3	0
70070379	signature/xor/306/0	REJECTED	3	0
70070379	signature/xor/306/1	REJECTED	3	0
70070379	signature/xor/306/2	REJECTED	3	0
70070379	signature/xor/306/3	REJECTED	3	0
70070379	signature/xor/306/4	REJECTED	3	0
70070379	signature/xor/306/5	REJECTED	3	0
70070379	signature/xor/306/6	REJECTED	3	0
70070379	signature/xor/306/7	REJECTED	3	0
70070379	signature/xor/307/0	REJECTED	3	0
70070379	signature/xor/307/1	REJECTED	3	0
70070379	signature/xor/307/2	REJECTED	3	0
70070379	signature/xor/307/3	REJECTED	3	0
70070379	signature/xor/307/4	REJECTED	3	0
70070379	signature/xor/307/5	REJECTED	3	0
70070379	signature/xor/307/6	REJECTED	3	0
70070379	signature/xor/307/7	REJECTED	3	0
70070379	signature/xor/308/0	REJECTED	3	0
70070379	signature/xor/308/1	REJECTED	3	0
70070379	signature/xor/308/2	REJECTED	3	0
70070379	signature/xor/308/3	REJECTED	3	0
70070379	signature/xor/308/4	REJECTED	3	0
70070379	signature/xor/308/5	REJECTED	3	0
70070379	signature/xor/308/6	REJECTED	3	0
70070379	signature/xor/308/7	REJECTED	3	0
70070379	signature/xor/309/0	REJECTED	3	0
70070379	signature/xor/309/1	REJECTED	3	0
70070379	signature/xor/309/2	REJECTED	3	0
70070379	signature/xor/309/3	REJECTED	3	0
70070379	signature/xor/309/4	REJECTED	3	0
70070379	signature/xor/309/5	REJECTED	3	0
70070379	signature/xor/309/6	REJECTED	3	0
70070379	signature/xor/309/7	REJECTED	3	0
70070379	signature/xor/310/0	REJECTED	3	0
70070379	signature/xor/310/1	REJECTED	3	0
70070379	signature/xor/310/2	REJECTED	3	0
70070379	signature/xor/310/3	REJECTED	3	0
70070379	signature/xor/310/4	REJECTED	3	0
70070379	signature/xor/310/5	REJECTED	3	0
70070379	signature/xor/310/6	REJECTED	3	0
70070379	signature/xor/310/7	REJECTED	3	0
70070379	signature/xor/311/0	REJECTED	3	0
70070379	signature/xor/311/1	REJECTED	3	0
70070379	signature/xor/311/2	REJECTED	3	0
70070379	signature/xor/311/3	REJECTED	3	0
70070379	signature/xor/311/4	REJECTED	3	0
70070379	signature/xor/311/5	REJECTED	3	0
70070379	signature/xor/311/6	REJECTED	3	0
70070379	signature/xor/311/7	REJECTED	3	0
70070379	signature/xor/312/0	REJECTED	3	0
70070379	signature/xor/312/1	REJECTED	3	0
70070379	signature/xor/312/2	REJECTED	3	0
70070379	signature/xor/312/3	REJECTED	3	0
70070379	signature/xor/312/4	REJECTED	3	0
70070379	signature/xor/312/5	REJECTED	3	0
70070379	signature/xor/312/6	REJECTED	3	0
70070379	signature/xor/312/7	REJECTED	3	0
70070379	signature/xor/313/0	REJECTED	3	0
70070379	signature/xor/313/1	REJECTED	3	0
70070379	signature/xor/313/2	REJECTED	3	0
70070379	signature/xor/313/3	REJECTED	3	0
70070379	signature/xor/313/4	REJECTED	3	0
70070379	signature/xor/313/5	REJECTED	3	0
70070379	signature/xor/313/6	REJECTED	3	0
70070379	signature/xor/313/7	REJECTED	3	0
70070379	signature/xor/314/0	REJECTED	3	0
70070379	signature/xor/314/1	REJECTED	3	0
70070379	signature/xor/314/2	REJECTED	3	0
70070379	signature/xor/314/3	REJECTED	3	0
70070379	signature/xor/314/4	REJECTED	3	0
70070379	signature/xor/314/5	REJECTED	3	0
70070379	signature/xor/314/6	REJECTED	3	0
70070379	signature/xor/314/7	REJECTED	3	0
70070379	signature/xor/315/0	REJECTED	3	0
70070379	signature/xor/315/1	REJECTED	3	0
70070379	signature/xor/315/2	REJECTED	3	0
70070379	signature/xor/315/3	REJECTED	3	0
70070379	signature/xor/315/4	REJECTED	3	0
70070379	signature/xor/315/5	REJECTED	3	0
70070379	signature/xor/315/6	REJECTED	3	0
70070379	signature/xor/315/7	REJECTED	3	0
70070379	signature/xor/316/0	REJECTED	3	0
70070379	signature/xor/316/1	REJECTED	3	0
70070379	signature/xor/316/2	REJECTED	3	0
70070379	signature/xor/316/3	REJECTED	3	0
70070379	signature/xor/316/4	REJECTED	3	0
70070379	signature/xor/316/5	REJECTED	3	0
70070379	signature/xor/316/6	REJECTED	3	0
70070379	signature/xor/316/7	REJECTED	3	0
70070379	signature/xor/317/0	REJECTED	3	0
70070379	signature/xor/317/1	REJECTED	3	0
70070379	signature/xor/317/2	REJECTED	3	0
70070379	signature/xor/317/3	REJECTED	3	0
70070379	signature/xor/317/4	REJECTED	3	0
70070379	signature/xor/317/5	REJECTED	3	0
70070379	signature/xor/317/6	REJECTED	3	0
70070379	signature/xor/317/7	REJECTED	3	0
70070379	signature/xor/318/0	REJECTED	3	0
70070379	signature/xor/318/1	REJECTED	3	0
70070379	signature/xor/318/2	REJECTED	3	0
70070379	signature/xor/318/3	REJECTED	3	0
70070379	signature/xor/318/4	REJECTED	3	0
70070379	signature/xor/318/5	REJECTED	3	0
70070379	signature/xor/318/6	REJECTED	3	0
70070379	signature/xor/318/7	REJECTED	3	0
70070379	signature/xor/319/0	REJECTED	3	0
70070379	signature/xor/319/1	REJECTED	3	0
70070379	signature/xor/319/2	REJECTED	3	0
70070379	signature/xor/319/3	REJECTED	3	0
70070379	signature/xor/319/4	REJECTED	3	0
70070379	signature/xor/319/5	REJECTED	3	0
70070379	signature/xor/319/6	REJECTED	3	0
70070379	signature/xor/319/7	REJECTED	3	0
70070379	signature/xor/320/0	REJECTED	2	0
70070379	signature/xor/320/1	REJECTED	2	0
70070379	signature/xor/320/2	REJECTED	2	0
70070379	signature/xor/320/3	REJECTED	2	0
70070379	signature/xor/320/4	REJECTED	2	0
70070379	signature/xor/320/5	REJECTED	2	0
70070379	signature/xor/320/6	REJECTED	2	0
70070379	signature/xor/320/7	REJECTED	2	0
70070379	signature/xor/321/0	REJECTED	2	0
70070379	signature/xor/321/1	REJECTED	2	0
70070379	signature/xor/321/2	REJECTED	2	0
70070379	signature/xor/321/3	REJECTED	2	0
70070379	signature/xor/321/4	REJECTED	2	0
70070379	signature/xor/321/5	REJECTED	2	0
70070379	signature/xor/321/6	REJECTED	2	0
70070379	signature/xor/321/7	REJECTED	2	0
70070379	signature/xor/322/0	REJECTED	2	0
70070379	signature/xor/322/1	REJECTED	2	0
70070379	signature/xor/322/2	REJECTED	2	0
70070379	signature/xor/322/3	REJECTED	2	0
70070379	signature/xor/322/4	REJECTED	2	0
70070379	signature/xor/322/5	REJECTED	2	0
70070379	signature/xor/322/6	REJECTED	2	0
70070379	signature/xor/322/7	REJECTED	2	0
70070379	signature/xor/323/0	REJECTED	2	0
70070379	signature/xor/323/1	REJECTED	2	0
70070379	signature/xor/323/2	REJECTED	2	0
70070379	signature/xor/323/3	REJECTED	2	0
70070379	signature/xor/323/4	REJECTED	2	0
70070379	signature/xor/323/5	REJECTED	2	0
70070379	signature/xor/323/6	REJECTED	2	0
70070379	signature/xor/323/7	REJECTED	2	0
70070379	signature/xor/324/0	REJECTED	2	0
70070379	signature/xor/324/1	REJECTED	2	0
70070379	signature/xor/324/2	REJECTED	2	0
70070379	signature/xor/324/3	REJECTED	2	0
70070379	signature/xor/324/4	REJECTED	2	0
70070379	signature/xor/324/5	REJECTED	2	0
70070379	signature/xor/324/6	REJECTED	2	0
70070379	signature/xor/324/7	REJECTED	2	0
70070379	signature/xor/325/0	REJECTED	2	0
70070379	signature/xor/325/1	REJECTED	2	0
70070379	signature/xor/325/2	REJECTED	2	0
70070379	signature/xor/325/3	REJECTED	2	0
70070379	signature/xor/325/4	REJECTED	2	0
70070379	signature/xor/325/5	REJECTED	2	0
70070379	signature/xor/325/6	REJECTED	2	0
70070379	signature/xor/325/7	REJECTED	2	0
70070379	signature/xor/326/0	REJECTED	2	0
70070379	signature/xor/326/1	REJECTED	2	0
70070379	signature/xor/326/2	REJECTED	2	0
70070379	signature/xor/326/3	REJECTED	2	0
70070379	signature/xor/326/4	REJECTED	2	0
70070379	signature/xor/326/5	REJECTED	2	0
70070379	signature/xor/326/6	REJECTED	2	0
70070379	signature/xor/326/7	REJECTED	2	0
70070379	signature/xor/327/0	REJECTED	2	0
70070379	signature/xor/327/1	REJECTED	2	0
70070379	signature/xor/327/2	REJECTED	2	0
70070379	signature/xor/327/3	REJECTED	2	0
70070379	signature/xor/327/4	REJECTED	2	0
70070379	signature/xor/327/5	REJECTED	2	0
70070379	signature/xor/327/6	REJECTED	2	0
70070379	signature/xor/327/7	REJECTED	2	0
70070379	signature/xor/328/0	REJECTED	2	0
70070379	signature/xor/328/1	REJECTED	2	0
70070379	signature/xor/328/2	REJECTED	2	0
70070379	signature/xor/328/3	REJECTED	2	0
70070379	signature/xor/328/4	REJECTED	2	0
70070379	signature/xor/328/5	REJECTED	2	0
70070379	signature/xor/328/6	REJECTED	2	0
70070379	signature/xor/328/7	REJECTED	2	0
70070379	signature/xor/329/0	REJECTED	2	0
70070379	signature/xor/329/1	REJECTED	2	0
70070379	signature/xor/329/2	REJECTED	2	0
70070379	signature/xor/329/3	REJECTED	2	0
70070379	signature/xor/329/4	REJECTED	2	0
70070379	signature/xor/329/5	REJECTED	2	0
70070379	signature/xor/329/6	REJECTED	2	0
70070379	signature/xor/329/7	REJECTED	2	0
70070379	signature/xor/330/0	REJECTED	2	0
70070379	signature/xor/330/1	REJECTED	2	0
70070379	signature/xor/330/2	REJECTED	2	0
70070379	signature/xor/330/3	REJECTED	2	0
70070379	signature/xor/330/4	REJECTED	2	0
70070379	signature/xor/330/5	REJECTED	2	0
70070379	signature/xor/330/6	REJECTED	2	0
70070379	signature/xor/330/7	REJECTED	2	0
70070379	signature/xor/331/0	REJECTED	2	0
70070379	signature/xor/331/1	REJECTED	2	0
70070379	signature/xor/331/2	REJECTED	2	0
70070379	signature/xor/331/3	REJECTED	2	0
70070379	signature/xor/331/4	REJECTED	2	0
70070379	signature/xor/331/5	REJECTED	2	0
70070379	signature/xor/331/6	REJECTED	2	0
70070379	signature/xor/331/7	REJECTED	2	0
70070379	signature/xor/332/0	REJECTED	2	0
70070379	signature/xor/332/1	REJECTED	2	0
70070379	signature/xor/332/2	REJECTED	2	0
70070379	signature/xor/332/3	REJECTED	2	0
70070379	signature/xor/332/4	REJECTED	2	0
70070379	signature/xor/332/5	REJECTED	2	0
70070379	signature/xor/332/6	REJECTED	2	0
70070379	signature/xor/332/7	REJECTED	2	0
70070379	signature/xor/333/0	REJECTED	2	0
70070379	signature/xor/333/1	REJECTED	2	0
70070379	signature/xor/333/2	REJECTED	2	0
70070379	signature/xor/333/3	REJECTED	2	0
70070379	signature/xor/333/4	REJECTED	2	0
70070379	signature/xor/333/5	REJECTED	2	0
70070379	signature/xor/333/6	REJECTED	2	0
70070379	signature/xor/333/7	REJECTED	2	0
70070379	signature/xor/334/0	REJECTED	2	0
70070379	signature/xor/334/1	REJECTED	2	0
70070379	signature/xor/334/2	REJECTED	2	0
70070379	signature/xor/334/3	REJECTED	2	0
70070379	signature/xor/334/4	REJECTED	2	0
70070379	signature/xor/334/5	REJECTED	2	0
70070379	signature/xor/334/6	REJECTED	2	0
70070379	signature/xor/334/7	REJECTED	2	0
70070379	signature/xor/335/0	REJECTED	2	0
70070379	signature/xor/335/1	REJECTED	2	0
70070379	signature/xor/335/2	REJECTED	2	0
70070379	signature/xor/335/3	REJECTED	2	0
70070379	signature/xor/335/4	REJECTED	2	0
70070379	signature/xor/335/5	REJECTED	2	0
70070379	signature/xor/335/6	REJECTED	2	0
70070379	signature/xor/335/7	REJECTED	2	0
70070379	signature/xor/336/0	REJECTED	2	0
70070379	signature/xor/336/1	REJECTED	2	0
70070379	signature/xor/336/2	REJECTED	2	0
70070379	signature/xor/336/3	REJECTED	2	0
70070379	signature/xor/336/4	REJECTED	2	0
70070379	signature/xor/336/5	REJECTED	2	0
70070379	signature/xor/336/6	REJECTED	2	0
70070379	signature/xor/336/7	REJECTED	2	0
70070379	signature/xor/337/0	REJECTED	2	0
70070379	signature/xor/337/1	REJECTED	2	0
70070379	signature/xor/337/2	REJECTED	2	0
70070379	signature/xor/337/3	REJECTED	2	0
70070379	signature/xor/337/4	REJECTED	2	0
70070379	signature/xor/337/5	REJECTED	2	0
70070379	signature/xor/337/6	REJECTED	2	0
70070379	signature/xor/337/7	REJECTED	2	0
70070379	signature/xor/338/0	REJECTED	2	0
70070379	signature/xor/338/1	REJECTED	2	0
70070379	signature/xor/338/2	REJECTED	2	0
70070379	signature/xor/338/3	REJECTED	2	0
70070379	signature/xor/338/4	REJECTED	2	0
70070379	signature/xor/338/5	REJECTED	2	0
70070379	signature/xor/338/6	REJECTED	2	0
70070379	signature/xor/338/7	REJECTED	2	0
70070379	signature/xor/339/0	REJECTED	2	0
70070379	signature/xor/339/1	REJECTED	2	0
70070379	signature/xor/339/2	REJECTED	2	0
70070379	signature/xor/339/3	REJECTED	2	0
70070379	signature/xor/339/4	REJECTED	2	0
70070379	signature/xor/339/5	REJECTED	2	0
70070379	signature/xor/339/6	REJECTED	2	0
70070379	signature/xor/339/7	REJECTED	2	0
70070379	signature/xor/340/0	REJECTED	2	0
70070379	signature/xor/340/1	REJECTED	2	0
70070379	signature/xor/340/2	REJECTED	2	0
70070379	signature/xor/340/3	REJECTED	2	0
70070379	signature/xor/340/4	REJECTED	2	0
70070379	signature/xor/340/5	REJECTED	2	0
70070379	signature/xor/340/6	REJECTED	2	0
70070379	signature/xor/340/7	REJECTED	2	0
70070379	signature/xor/341/0	REJECTED	2	0
70070379	signature/xor/341/1	REJECTED	2	0
70070379	signature/xor/341/2	REJECTED	2	0
70070379	signature/xor/341/3	REJECTED	2	0
70070379	signature/xor/341/4	REJECTED	2	0
70070379	signature/xor/341/5	REJECTED	2	0
70070379	signature/xor/341/6	REJECTED	2	0
70070379	signature/xor/341/7	REJECTED	2	0
70070379	signature/xor/342/0	REJECTED	2	0
70070379	signature/xor/342/1	REJECTED	2	0
70070379	signature/xor/342/2	REJECTED	2	0
70070379	signature/xor/342/3	REJECTED	2	0
70070379	signature/xor/342/4	REJECTED	2	0
70070379	signature/xor/342/5	REJECTED	2	0
70070379	signature/xor/342/6	REJECTED	2	0
70070379	signature/xor/342/7	REJECTED	2	0
70070379	signature/xor/343/0	REJECTED	2	0
70070379	signature/xor/343/1	REJECTED	2	0
70070379	signature/xor/343/2	REJECTED	2	0
70070379	signature/xor/343/3	REJECTED	2	0
70070379	signature/xor/343/4	REJECTED	2	0
70070379	signature/xor/343/5	REJECTED	2	0
70070379	signature/xor/343/6	REJECTED	2	0
70070379	signature/xor/343/7	REJECTED	2	0
70070379	signature/xor/344/0	REJECTED	2	0
70070379	signature/xor/344/1	REJECTED	2	0
70070379	signature/xor/344/2	REJECTED	2	0
70070379	signature/xor/344/3	REJECTED	2	0
70070379	signature/xor/344/4	REJECTED	2	0
70070379	signature/xor/344/5	REJECTED	2	0
70070379	signature/xor/344/6	REJECTED	2	0
70070379	signature/xor/344/7	REJECTED	2	0
70070379	signature/xor/345/0	REJECTED	2	0
70070379	signature/xor/345/1	REJECTED	2	0
70070379	signature/xor/345/2	REJECTED	2	0
70070379	signature/xor/345/3	REJECTED	2	0
70070379	signature/xor/345/4	REJECTED	2	0
70070379	signature/xor/345/5	REJECTED	2	0
70070379	signature/xor/345/6	REJECTED	2	0
70070379	signature/xor/345/7	REJECTED	2	0
70070379	signature/xor/346/0	REJECTED	2	0
70070379	signature/xor/346/1	REJECTED	2	0
70070379	signature/xor/346/2	REJECTED	2	0
70070379	signature/xor/346/3	REJECTED	2	0
70070379	signature/xor/346/4	REJECTED	2	0
70070379	signature/xor/346/5	REJECTED	2	0
70070379	signature/xor/346/6	REJECTED	2	0
70070379	signature/xor/346/7	REJECTED	2	0
70070379	signature/xor/347/0	REJECTED	2	0
70070379	signature/xor/347/1	REJECTED	2	0
70070379	signature/xor/347/2	REJECTED	2	0
70070379	signature/xor/347/3	REJECTED	2	0
70070379	signature/xor/347/4	REJECTED	2	0
70070379	signature/xor/347/5	REJECTED	2	0
70070379	signature/xor/347/6	REJECTED	2	0
70070379	signature/xor/347/7	REJECTED	2	0
70070379	signature/xor/348/0	REJECTED	2	0
70070379	signature/xor/348/1	REJECTED	2	0
70070379	signature/xor/348/2	REJECTED	2	0
70070379	signature/xor/348/3	REJECTED	2	0
70070379	signature/xor/348/4	REJECTED	2	0
70070379	signature/xor/348/5	REJECTED	2	0
70070379	signature/xor/348/6	REJECTED	2	0
70070379	signature/xor/348/7	REJECTED	2	0
70070379	signature/xor/349/0	REJECTED	2	0
70070379	signature/xor/349/1	REJECTED	2	0
70070379	signature/xor/349/2	REJECTED	2	0
70070379	signature/xor/349/3	REJECTED	2	0
70070379	signature/xor/349/4	REJECTED	2	0
70070379	signature/xor/349/5	REJECTED	2	0
70070379	signature/xor/349/6	REJECTED	2	0
70070379	signature/xor/349/7	REJECTED	2	0
70070379	signature/xor/350/0	REJECTED	2	0
70070379	signature/xor/350/1	REJECTED	2	0
70070379	signature/xor/350/2	REJECTED	2	0
70070379	signature/xor/350/3	REJECTED	2	0
70070379	signature/xor/350/4	REJECTED	2	0
70070379	signature/xor/350/5	REJECTED	2	0
70070379	signature/xor/350/6	REJECTED	2	0
70070379	signature/xor/350/7	REJECTED	2	0
70070379	signature/xor/351/0	REJECTED	2	0
70070379	signature/xor/351/1	REJECTED	2	0
70070379	signature/xor/351/2	REJECTED	2	0
70070379	signature/xor/351/3	REJECTED	2	0
70070379	signature/xor/351/4	REJECTED	2	0
70070379	signature/xor/351/5	REJECTED	2	0
70070379	signature/xor/351/6	REJECTED	2	0
70070379	signature/xor/351/7	REJECTED	2	0
70070379	signature/xor/352/0	REJECTED	2	0
70070379	signature/xor/352/1	REJECTED	2	0
70070379	signature/xor/352/2	REJECTED	2	0
70070379	signature/xor/352/3	REJECTED	2	0
70070379	signature/xor/352/4	REJECTED	2	0
70070379	signature/xor/352/5	REJECTED	2	0
70070379	signature/xor/352/6	REJECTED	2	0
70070379	signature/xor/352/7	REJECTED	2	0
70070379	signature/xor/353/0	REJECTED	2	0
70070379	signature/xor/353/1	REJECTED	2	0
70070379	signature/xor/353/2	REJECTED	2	0
70070379	signature/xor/353/3	REJECTED	2	0
70070379	signature/xor/353/4	REJECTED	2	0
70070379	signature/xor/353/5	REJECTED	2	0
70070379	signature/xor/353/6	REJECTED	2	0
70070379	signature/xor/353/7	REJECTED	2	0
70070379	signature/xor/354/0	REJECTED	2	0
70070379	signature/xor/354/1	REJECTED	2	0
70070379	signature/xor/354/2	REJECTED	2	0
70070379	signature/xor/354/3	REJECTED	2	0
70070379	signature/xor/354/4	REJECTED	2	0
70070379	signature/xor/354/5	REJECTED	2	0
70070379	signature/xor/354/6	REJECTED	2	0
70070379	signature/xor/354/7	REJECTED	2	0
70070379	signature/xor/355/0	REJECTED	2	0
70070379	signature/xor/355/1	REJECTED	2	0
70070379	signature/xor/355/2	REJECTED	2	0
70070379	signature/xor/355/3	REJECTED	2	0
70070379	signature/xor/355/4	REJECTED	2	0
70070379	signature/xor/355/5	REJECTED	2	0
70070379	signature/xor/355/6	REJECTED	2	0
70070379	signature/xor/355/7	REJECTED	2	0
70070379	signature/xor/356/0	REJECTED	2	0
70070379	signature/xor/356/1	REJECTED	2	0
70070379	signature/xor/356/2	REJECTED	2	0
70070379	signature/xor/356/3	REJECTED	2	0
70070379	signature/xor/356/4	REJECTED	2	0
70070379	signature/xor/356/5	REJECTED	2	0
70070379	signature/xor/356/6	REJECTED	2	0
70070379	signature/xor/356/7	REJECTED	2	0
70070379	signature/xor/357/0	REJECTED	2	0
70070379	signature/xor/357/1	REJECTED	2	0
70070379	signature/xor/357/2	REJECTED	2	0
70070379	signature/xor/357/3	REJECTED	2	0
70070379	signature/xor/357/4	REJECTED	2	0
70070379	signature/xor/357/5	REJECTED	2	0
70070379	signature/xor/357/6	REJECTED	2	0
70070379	signature/xor/357/7	REJECTED	2	0
70070379	signature/xor/358/0	REJECTED	2	0
70070379	signature/xor/358/1	REJECTED	2	0
70070379	signature/xor/358/2	REJECTED	2	0
70070379	signature/xor/358/3	REJECTED	2	0
70070379	signature/xor/358/4	REJECTED	2	0
70070379	signature/xor/358/5	REJECTED	2	0
70070379	signature/xor/358/6	REJECTED	2	0
70070379	signature/xor/358/7	REJECTED	2	0
70070379	signature/xor/359/0	REJECTED	2	0
70070379	signature/xor/359/1	REJECTED	2	0
70070379	signature/xor/359/2	REJECTED	2	0
70070379	signature/xor/359/3	REJECTED	2	0
70070379	signature/xor/359/4	REJECTED	2	0
70070379	signature/xor/359/5	REJECTED	2	0
70070379	signature/xor/359/6	REJECTED	2	0
70070379	signature/xor/359/7	REJECTED	2	0
70070379	signature/xor/360/0	REJECTED	2	0
70070379	signature/xor/360/1	REJECTED	2	0
70070379	signature/xor/360/2	REJECTED	2	0
70070379	signature/xor/360/3	REJECTED	2	0
70070379	signature/xor/360/4	REJECTED	2	0
70070379	signature/xor/360/5	REJECTED	2	0
70070379	signature/xor/360/6	REJECTED	2	0
70070379	signature/xor/360/7	REJECTED	2	0
70070379	signature/xor/361/0	REJECTED	2	0
70070379	signature/xor/361/1	REJECTED	2	0
70070379	signature/xor/361/2	REJECTED	2	0
70070379	signature/xor/361/3	REJECTED	2	0
70070379	signature/xor/361/4	REJECTED	2	0
70070379	signature/xor/361/5	REJECTED	2	0
70070379	signature/xor/361/6	REJECTED	2	0
70070379	signature/xor/361/7	REJECTED	2	0
70070379	signature/xor/362/0	REJECTED	2	0
70070379	signature/xor/362/1	REJECTED	2	0
70070379	signature/xor/362/2	REJECTED	2	0
70070379	signature/xor/362/3	REJECTED	2	0
70070379	signature/xor/362/4	REJECTED	2	0
70070379	signature/xor/362/5	REJECTED	2	0
70070379	signature/xor/362/6	REJECTED	2	0
70070379	signature/xor/362/7	REJECTED	2	0
70070379	signature/xor/363/0	REJECTED	2	0
70070379	signature/xor/363/1	REJECTED	2	0
70070379	signature/xor/363/2	REJECTED	2	0
70070379	signature/xor/363/3	REJECTED	2	0
70070379	signature/xor/363/4	REJECTED	2	0
70070379	signature/xor/363/5	REJECTED	2	0
70070379	signature/xor/363/6	REJECTED	2	0
70070379	signature/xor/363/7	REJECTED	2	0
70070379	signature/xor/364/0	REJECTED	2	0
70070379	signature/xor/364/1	REJECTED	2	0
70070379	signature/xor/364/2	REJECTED	2	0
70070379	signature/xor/364/3	REJECTED	2	0
70070379	signature/xor/364/4	REJECTED	2	0
70070379	signature/xor/364/5	REJECTED	2	0
70070379	signature/xor/364/6	REJECTED	2	0
70070379	signature/xor/364/7	REJECTED	2	0
70070379	signature/xor/365/0	REJECTED	2	0
70070379	signature/xor/365/1	REJECTED	2	0
70070379	signature/xor/365/2	REJECTED	2	0
70070379	signature/xor/365/3	REJECTED	2	0
70070379	signature/xor/365/4	REJECTED	2	0
70070379	signature/xor/365/5	REJECTED	2	0
70070379	signature/xor/365/6	REJECTED	2	0
70070379	signature/xor/365/7	REJECTED	2	0
70070379	signature/xor/366/0	REJECTED	2	0
70070379	signature/xor/366/1	REJECTED	2	0
70070379	signature/xor/366/2	REJECTED	2	0
70070379	signature/xor/366/3	REJECTED	2	0
70070379	signature/xor/366/4	REJECTED	2	0
70070379	signature/xor/366/5	REJECTED	2	0
70070379	signature/xor/366/6	REJECTED	2	0
70070379	signature/xor/366/7	REJECTED	2	0
70070379	signature/xor/367/0	REJECTED	2	0
70070379	signature/xor/367/1	REJECTED	2	0
70070379	signature/xor/367/2	REJECTED	2	0
70070379	signature/xor/367/3	REJECTED	2	0
70070379	signature/xor/367/4	REJECTED	2	0
70070379	signature/xor/367/5	REJECTED	2	0
70070379	signature/xor/367/6	REJECTED	2	0
70070379	signature/xor/367/7	REJECTED	2	0
70070379	signature/xor/368/0	REJECTED	2	0
70070379	signature/xor/368/1	REJECTED	2	0
70070379	signature/xor/368/2	REJECTED	2	0
70070379	signature/xor/368/3	REJECTED	2	0
70070379	signature/xor/368/4	REJECTED	2	0
70070379	signature/xor/368/5	REJECTED	2	0
70070379	signature/xor/368/6	REJECTED	2	0
70070379	signature/xor/368/7	REJECTED	2	0
70070379	signature/xor/369/0	REJECTED	2	0
70070379	signature/xor/369/1	REJECTED	2	0
70070379	signature/xor/369/2	REJECTED	2	0
70070379	signature/xor/369/3	REJECTED	2	0
70070379	signature/xor/369/4	REJECTED	2	0
70070379	signature/xor/369/5	REJECTED	2	0
70070379	signature/xor/369/6	REJECTED	2	0
70070379	signature/xor/369/7	REJECTED	2	0
70070379	signature/xor/370/0	REJECTED	2	0
70070379	signature/xor/370/1	REJECTED	2	0
70070379	signature/xor/370/2	REJECTED	2	0
70070379	signature/xor/370/3	REJECTED	2	0
70070379	signature/xor/370/4	REJECTED	2	0
70070379	signature/xor/370/5	REJECTED	2	0
70070379	signature/xor/370/6	REJECTED	2	0
70070379	signature/xor/370/7	REJECTED	2	0
70070379	signature/xor/371/0	REJECTED	2	0
70070379	signature/xor/371/1	REJECTED	2	0
70070379	signature/xor/371/2	REJECTED	2	0
70070379	signature/xor/371/3	REJECTED	2	0
70070379	signature/xor/371/4	REJECTED	2	0
70070379	signature/xor/371/5	REJECTED	2	0
70070379	signature/xor/371/6	REJECTED	2	0
70070379	signature/xor/371/7	REJECTED	2	0
70070379	signature/xor/372/0	REJECTED	2	0
70070379	signature/xor/372/1	REJECTED	2	0
70070379	signature/xor/372/2	REJECTED	2	0
70070379	signature/xor/372/3	REJECTED	2	0
70070379	signature/xor/372/4	REJECTED	2	0
70070379	signature/xor/372/5	REJECTED	2	0
70070379	signature/xor/372/6	REJECTED	2	0
70070379	signature/xor/372/7	REJECTED	2	0
70070379	signature/xor/373/0	REJECTED	2	0
70070379	signature/xor/373/1	REJECTED	2	0
70070379	signature/xor/373/2	REJECTED	2	0
70070379	signature/xor/373/3	REJECTED	2	0
70070379	signature/xor/373/4	REJECTED	2	0
70070379	signature/xor/373/5	REJECTED	2	0
70070379	signature/xor/373/6	REJECTED	2	0
70070379	signature/xor/373/7	REJECTED	2	0
70070379	signature/xor/374/0	REJECTED	2	0
70070379	signature/xor/374/1	REJECTED	2	0
70070379	signature/xor/374/2	REJECTED	2	0
70070379	signature/xor/374/3	REJECTED	2	0
70070379	signature/xor/374/4	REJECTED	2	0
70070379	signature/xor/374/5	REJECTED	2	0
70070379	signature/xor/374/6	REJECTED	2	0
70070379	signature/xor/374/7	REJECTED	2	0
70070379	signature/xor/375/0	REJECTED	2	0
70070379	signature/xor/375/1	REJECTED	2	0
70070379	signature/xor/375/2	REJECTED	2	0
70070379	signature/xor/375/3	REJECTED	2	0
70070379	signature/xor/375/4	REJECTED	2	0
70070379	signature/xor/375/5	REJECTED	2	0
70070379	signature/xor/375/6	REJECTED	2	0
70070379	signature/xor/375/7	REJECTED	2	0
70070379	signature/xor/376/0	REJECTED	2	0
70070379	signature/xor/376/1	REJECTED	2	0
70070379	signature/xor/376/2	REJECTED	2	0
70070379	signature/xor/376/3	REJECTED	2	0
70070379	signature/xor/376/4	REJECTED	2	0
70070379	signature/xor/376/5	REJECTED	2	0
70070379	signature/xor/376/6	REJECTED	2	0
70070379	signature/xor/376/7	REJECTED	2	0
70070379	signature/xor/377/0	REJECTED	2	0
70070379	signature/xor/377/1	REJECTED	2	0
70070379	signature/xor/377/2	REJECTED	2	0
70070379	signature/xor/377/3	REJECTED	2	0
70070379	signature/xor/377/4	REJECTED	2	0
70070379	signature/xor/377/5	REJECTED	2	0
70070379	signature/xor/377/6	REJECTED	2	0
70070379	signature/xor/377/7	REJECTED	2	0
70070379	signature/xor/378/0	REJECTED	2	0
70070379	signature/xor/378/1	REJECTED	2	0
70070379	signature/xor/378/2	REJECTED	2	0
70070379	signature/xor/378/3	REJECTED	2	0
70070379	signature/xor/378/4	REJECTED	2	0
70070379	signature/xor/378/5	REJECTED	2	0
70070379	signature/xor/378/6	REJECTED	2	0
70070379	signature/xor/378/7	REJECTED	2	0
70070379	signature/xor/379/0	REJECTED	2	0
70070379	signature/xor/379/1	REJECTED	2	0
70070379	signature/xor/379/2	REJECTED	2	0
70070379	signature/xor/379/3	REJECTED	2	0
70070379	signature/xor/379/4	REJECTED	2	0
70070379	signature/xor/379/5	REJECTED	2	0
70070379	signature/xor/379/6	REJECTED	2	0
70070379	signature/xor/379/7	REJECTED	2	0
70070379	signature/xor/380/0	REJECTED	2	0
70070379	signature/xor/380/1	REJECTED	2	0
70070379	signature/xor/380/2	REJECTED	2	0
70070379	signature/xor/380/3	REJECTED	2	0
70070379	signature/xor/380/4	REJECTED	2	0
70070379	signature/xor/380/5	REJECTED	2	0
70070379	signature/xor/380/6	REJECTED	2	0
70070379	signature/xor/380/7	REJECTED	2	0
70070379	signature/xor/381/0	REJECTED	2	0
70070379	signature/xor/381/1	REJECTED	2	0
70070379	signature/xor/381/2	REJECTED	2	0
70070379	signature/xor/381/3	REJECTED	2	0
70070379	signature/xor/381/4	REJECTED	2	0
70070379	signature/xor/381/5	REJECTED	2	0
70070379	signature/xor/381/6	REJECTED	2	0
70070379	signature/xor/381/7	REJECTED	2	0
70070379	signature/xor/382/0	REJECTED	2	0
70070379	signature/xor/382/1	REJECTED	2	0
70070379	signature/xor/382/2	REJECTED	2	0
70070379	signature/xor/382/3	REJECTED	2	0
70070379	signature/xor/382/4	REJECTED	2	0
70070379	signature/xor/382/5	REJECTED	2	0
70070379	signature/xor/382/6	REJECTED	2	0
70070379	signature/xor/382/7	REJECTED	2	0
70070379	signature/xor/383/0	REJECTED	2	0
70070379	signature/xor/383/1	REJECTED	2	0
70070379	signature/xor/383/2	REJECTED	2	0
70070379	signature/xor/383/3	REJECTED	2	0
70070379	signature/xor/383/4	REJECTED	2	0
70070379	signature/xor/383/5	REJECTED	2	0
70070379	signature/xor/383/6	REJECTED	2	0
70070379	signature/xor/383/7	REJECTED	2	0
70070379	signature/xor/384/0	REJECTED	1	0
70070379	signature/xor/384/1	REJECTED	1	0
70070379	signature/xor/384/2	REJECTED	1	0
70070379	signature/xor/384/3	REJECTED	1	0
70070379	signature/xor/384/4	REJECTED	1	0
70070379	signature/xor/384/5	REJECTED	1	0
70070379	signature/xor/384/6	REJECTED	1	0
70070379	signature/xor/384/7	REJECTED	1	0
70070379	signature/xor/385/0	REJECTED	1	0
70070379	signature/xor/385/1	REJECTED	1	0
70070379	signature/xor/385/2	REJECTED	1	0
70070379	signature/xor/385/3	REJECTED	1	0
70070379	signature/xor/385/4	REJECTED	1	0
70070379	signature/xor/385/5	REJECTED	1	0
70070379	signature/xor/385/6	REJECTED	1	0
70070379	signature/xor/385/7	REJECTED	1	0
70070379	signature/xor/386/0	REJECTED	1	0
70070379	signature/xor/386/1	REJECTED	1	0
70070379	signature/xor/386/2	REJECTED	1	0
70070379	signature/xor/386/3	REJECTED	1	0
70070379	signature/xor/386/4	REJECTED	1	0
70070379	signature/xor/386/5	REJECTED	1	0
70070379	signature/xor/386/6	REJECTED	1	0
70070379	signature/xor/386/7	REJECTED	1	0
70070379	signature/xor/387/0	REJECTED	1	0
70070379	signature/xor/387/1	REJECTED	1	0
70070379	signature/xor/387/2	REJECTED	1	0
70070379	signature/xor/387/3	REJECTED	1	0
70070379	signature/xor/387/4	REJECTED	1	0
70070379	signature/xor/387/5	REJECTED	1	0
70070379	signature/xor/387/6	REJECTED	1	0
70070379	signature/xor/387/7	REJECTED	1	0
70070379	signature/xor/388/0	REJECTED	1	0
70070379	signature/xor/388/1	REJECTED	1	0
70070379	signature/xor/388/2	REJECTED	1	0
70070379	signature/xor/388/3	REJECTED	1	0
70070379	signature/xor/388/4	REJECTED	1	0
70070379	signature/xor/388/5	REJECTED	1	0
70070379	signature/xor/388/6	REJECTED	1	0
70070379	signature/xor/388/7	REJECTED	1	0
70070379	signature/xor/389/0	REJECTED	1	0
70070379	signature/xor/389/1	REJECTED	1	0
70070379	signature/xor/389/2	REJECTED	1	0
70070379	signature/xor/389/3	REJECTED	1	0
70070379	signature/xor/389/4	REJECTED	1	0
70070379	signature/xor/389/5	REJECTED	1	0
70070379	signature/xor/389/6	REJECTED	1	0
70070379	signature/xor/389/7	REJECTED	1	0
70070379	signature/xor/390/0	REJECTED	1	0
70070379	signature/xor/390/1	REJECTED	1	0
70070379	signature/xor/390/2	REJECTED	1	0
70070379	signature/xor/390/3	REJECTED	1	0
70070379	signature/xor/390/4	REJECTED	1	0
70070379	signature/xor/390/5	REJECTED	1	0
70070379	signature/xor/390/6	REJECTED	1	0
70070379	signature/xor/390/7	REJECTED	1	0
70070379	signature/xor/391/0	REJECTED	1	0
70070379	signature/xor/391/1	REJECTED	1	0
70070379	signature/xor/391/2	REJECTED	1	0
70070379	signature/xor/391/3	REJECTED	1	0
70070379	signature/xor/391/4	REJECTED	1	0
70070379	signature/xor/391/5	REJECTED	1	0
70070379	signature/xor/391/6	REJECTED	1	0
70070379	signature/xor/391/7	REJECTED	1	0
70070379	signature/xor/392/0	REJECTED	1	0
70070379	signature/xor/392/1	REJECTED	1	0
70070379	signature/xor/392/2	REJECTED	1	0
70070379	signature/xor/392/3	REJECTED	1	0
70070379	signature/xor/392/4	REJECTED	1	0
70070379	signature/xor/392/5	REJECTED	1	0
70070379	signature/xor/392/6	REJECTED	1	0
70070379	signature/xor/392/7	REJECTED	1	0
70070379	signature/xor/393/0	REJECTED	1	0
70070379	signature/xor/393/1	REJECTED	1	0
70070379	signature/xor/393/2	REJECTED	1	0
70070379	signature/xor/393/3	REJECTED	1	0
70070379	signature/xor/393/4	REJECTED	1	0
70070379	signature/xor/393/5	REJECTED	1	0
70070379	signature/xor/393/6	REJECTED	1	0
70070379	signature/xor/393/7	REJECTED	1	0
70070379	signature/xor/394/0	REJECTED	1	0
70070379	signature/xor/394/1	REJECTED	1	0
70070379	signature/xor/394/2	REJECTED	1	0
70070379	signature/xor/394/3	REJECTED	1	0
70070379	signature/xor/394/4	REJECTED	1	0
70070379	signature/xor/394/5	REJECTED	1	0
70070379	signature/xor/394/6	REJECTED	1	0
70070379	signature/xor/394/7	REJECTED	1	0
70070379	signature/xor/395/0	REJECTED	1	0
70070379	signature/xor/395/1	REJECTED	1	0
70070379	signature/xor/395/2	REJECTED	1	0
70070379	signature/xor/395/3	REJECTED	1	0
70070379	signature/xor/395/4	REJECTED	1	0
70070379	signature/xor/395/5	REJECTED	1	0
70070379	signature/xor/395/6	REJECTED	1	0
70070379	signature/xor/395/7	REJECTED	1	0
70070379	signature/xor/396/0	REJECTED	1	0
70070379	signature/xor/396/1	REJECTED	1	0
70070379	signature/xor/396/2	REJECTED	1	0
70070379	signature/xor/396/3	REJECTED	1	0
70070379	signature/xor/396/4	REJECTED	1	0
70070379	signature/xor/396/5	REJECTED	1	0
70070379	signature/xor/396/6	REJECTED	1	0
70070379	signature/xor/396/7	REJECTED	1	0
70070379	signature/xor/397/0	REJECTED	1	0
70070379	signature/xor/397/1	REJECTED	1	0
70070379	signature/xor/397/2	REJECTED	1	0
70070379	signature/xor/397/3	REJECTED	1	0
70070379	signature/xor/397/4	REJECTED	1	0
70070379	signature/xor/397/5	REJECTED	1	0
70070379	signature/xor/397/6	REJECTED	1	0
70070379	signature/xor/397/7	REJECTED	1	0
70070379	signature/xor/398/0	REJECTED	1	0
70070379	signature/xor/398/1	REJECTED	1	0
70070379	signature/xor/398/2	REJECTED	1	0
70070379	signature/xor/398/3	REJECTED	1	0
70070379	signature/xor/398/4	REJECTED	1	0
70070379	signature/xor/398/5	REJECTED	1	0
70070379	signature/xor/398/6	REJECTED	1	0
70070379	signature/xor/398/7	REJECTED	1	0
70070379	signature/xor/399/0	REJECTED	1	0
70070379	signature/xor/399/1	REJECTED	1	0
70070379	signature/xor/399/2	REJECTED	1	0
70070379	signature/xor/399/3	REJECTED	1	0
70070379	signature/xor/399/4	REJECTED	1	0
70070379	signature/xor/399/5	REJECTED	1	0
70070379	signature/xor/399/6	REJECTED	1	0
70070379	signature/xor/399/7	REJECTED	1	0
70070379	signature/xor/400/0	REJECTED	1	0
70070379	signature/xor/400/1	REJECTED	1	0
70070379	signature/xor/400/2	REJECTED	1	0
70070379	signature/xor/400/3	REJECTED	1	0
70070379	signature/xor/400/4	REJECTED	1	0
70070379	signature/xor/400/5	REJECTED	1	0
70070379	signature/xor/400/6	REJECTED	1	0
70070379	signature/xor/400/7	REJECTED	1	0
70070379	signature/xor/401/0	REJECTED	1	0
70070379	signature/xor/401/1	REJECTED	1	0
70070379	signature/xor/401/2	REJECTED	1	0
70070379	signature/xor/401/3	REJECTED	1	0
70070379	signature/xor/401/4	REJECTED	1	0
70070379	signature/xor/401/5	REJECTED	1	0
70070379	signature/xor/401/6	REJECTED	1	0
70070379	signature/xor/401/7	REJECTED	1	0
70070379	signature/xor/402/0	REJECTED	1	0
70070379	signature/xor/402/1	REJECTED	1	0
70070379	signature/xor/402/2	REJECTED	1	0
70070379	signature/xor/402/3	REJECTED	1	0
70070379	signature/xor/402/4	REJECTED	1	0
70070379	signature/xor/402/5	REJECTED	1	0
70070379	signature/xor/402/6	REJECTED	1	0
70070379	signature/xor/402/7	REJECTED	1	0
70070379	signature/xor/403/0	REJECTED	1	0
70070379	signature/xor/403/1	REJECTED	1	0
70070379	signature/xor/403/2	REJECTED	1	0
70070379	signature/xor/403/3	REJECTED	1	0
70070379	signature/xor/403/4	REJECTED	1	0
70070379	signature/xor/403/5	REJECTED	1	0
70070379	signature/xor/403/6	REJECTED	1	0
70070379	signature/xor/403/7	REJECTED	1	0
70070379	signature/xor/404/0	REJECTED	1	0
70070379	signature/xor/404/1	REJECTED	1	0
70070379	signature/xor/404/2	REJECTED	1	0
70070379	signature/xor/404/3	REJECTED	1	0
70070379	signature/xor/404/4	REJECTED	1	0
70070379	signature/xor/404/5	REJECTED	1	0
70070379	signature/xor/404/6	REJECTED	1	0
70070379	signature/xor/404/7	REJECTED	1	0
70070379	signature/xor/405/0	REJECTED	1	0
70070379	signature/xor/405/1	REJECTED	1	0
70070379	signature/xor/405/2	REJECTED	1	0
70070379	signature/xor/405/3	REJECTED	1	0
70070379	signature/xor/405/4	REJECTED	1	0
70070379	signature/xor/405/5	REJECTED	1	0
70070379	signature/xor/405/6	REJECTED	1	0
70070379	signature/xor/405/7	REJECTED	1	0
70070379	signature/xor/406/0	REJECTED	1	0
70070379	signature/xor/406/1	REJECTED	1	0
70070379	signature/xor/406/2	REJECTED	1	0
70070379	signature/xor/406/3	REJECTED	1	0
70070379	signature/xor/406/4	REJECTED	1	0
70070379	signature/xor/406/5	REJECTED	1	0
70070379	signature/xor/406/6	REJECTED	1	0
70070379	signature/xor/406/7	REJECTED	1	0
70070379	signature/xor/407/0	REJECTED	1	0
70070379	signature/xor/407/1	REJECTED	1	0
70070379	signature/xor/407/2	REJECTED	1	0
70070379	signature/xor/407/3	REJECTED	1	0
70070379	signature/xor/407/4	REJECTED	1	0
70070379	signature/xor/407/5	REJECTED	1	0
70070379	signature/xor/407/6	REJECTED	1	0
70070379	signature/xor/407/7	REJECTED	1	0
70070379	signature/xor/408/0	REJECTED	1	0
70070379	signature/xor/408/1	REJECTED	1	0
70070379	signature/xor/408/2	REJECTED	1	0
70070379	signature/xor/408/3	REJECTED	1	0
70070379	signature/xor/408/4	REJECTED	1	0
70070379	signature/xor/408/5	REJECTED	1	0
70070379	signature/xor/408/6	REJECTED	1	0
70070379	signature/xor/408/7	REJECTED	1	0
70070379	signature/xor/409/0	REJECTED	1	0
70070379	signature/xor/409/1	REJECTED	1	0
70070379	signature/xor/409/2	REJECTED	1	0
70070379	signature/xor/409/3	REJECTED	1	0
70070379	signature/xor/409/4	REJECTED	1	0
70070379	signature/xor/409/5	REJECTED	1	0
70070379	signature/xor/409/6	REJECTED	1	0
70070379	signature/xor/409/7	REJECTED	1	0
70070379	signature/xor/410/0	REJECTED	1	0
70070379	signature/xor/410/1	REJECTED	1	0
70070379	signature/xor/410/2	REJECTED	1	0
70070379	signature/xor/410/3	REJECTED	1	0
70070379	signature/xor/410/4	REJECTED	1	0
70070379	signature/xor/410/5	REJECTED	1	0
70070379	signature/xor/410/6	REJECTED	1	0
70070379	signature/xor/410/7	REJECTED	1	0
70070379	signature/xor/411/0	REJECTED	1	0
70070379	signature/xor/411/1	REJECTED	1	0
70070379	signature/xor/411/2	REJECTED	1	0
70070379	signature/xor/411/3	REJECTED	1	0
70070379	signature/xor/411/4	REJECTED	1	0
70070379	signature/xor/411/5	REJECTED	1	0
70070379	signature/xor/411/6	REJECTED	1	0
70070379	signature/xor/411/7	REJECTED	1	0
70070379	signature/xor/412/0	REJECTED	1	0
70070379	signature/xor/412/1	REJECTED	1	0
70070379	signature/xor/412/2	REJECTED	1	0
70070379	signature/xor/412/3	REJECTED	1	0
70070379	signature/xor/412/4	REJECTED	1	0
70070379	signature/xor/412/5	REJECTED	1	0
70070379	signature/xor/412/6	REJECTED	1	0
70070379	signature/xor/412/7	REJECTED	1	0
70070379	signature/xor/413/0	REJECTED	1	0
70070379	signature/xor/413/1	REJECTED	1	0
70070379	signature/xor/413/2	REJECTED	1	0
70070379	signature/xor/413/3	REJECTED	1	0
70070379	signature/xor/413/4	REJECTED	1	0
70070379	signature/xor/413/5	REJECTED	1	0
70070379	signature/xor/413/6	REJECTED	1	0
70070379	signature/xor/413/7	REJECTED	1	0
70070379	signature/xor/414/0	REJECTED	1	0
70070379	signature/xor/414/1	REJECTED	1	0
70070379	signature/xor/414/2	REJECTED	1	0
70070379	signature/xor/414/3	REJECTED	1	0
70070379	signature/xor/414/4	REJECTED	1	0
70070379	signature/xor/414/5	REJECTED	1	0
70070379	signature/xor/414/6	REJECTED	1	0
70070379	signature/xor/414/7	REJECTED	1	0
70070379	signature/xor/415/0	REJECTED	1	0
70070379	signature/xor/415/1	REJECTED	1	0
70070379	signature/xor/415/2	REJECTED	1	0
70070379	signature/xor/415/3	REJECTED	1	0
70070379	signature/xor/415/4	REJECTED	1	0
70070379	signature/xor/415/5	REJECTED	1	0
70070379	signature/xor/415/6	REJECTED	1	0
70070379	signature/xor/415/7	REJECTED	1	0
70070379	signature/xor/416/0	REJECTED	1	0
70070379	signature/xor/416/1	REJECTED	1	0
70070379	signature/xor/416/2	REJECTED	1	0
70070379	signature/xor/416/3	REJECTED	1	0
70070379	signature/xor/416/4	REJECTED	1	0
70070379	signature/xor/416/5	REJECTED	1	0
70070379	signature/xor/416/6	REJECTED	1	0
70070379	signature/xor/416/7	REJECTED	1	0
70070379	signature/xor/417/0	REJECTED	1	0
70070379	signature/xor/417/1	REJECTED	1	0
70070379	signature/xor/417/2	REJECTED	1	0
70070379	signature/xor/417/3	REJECTED	1	0
70070379	signature/xor/417/4	REJECTED	1	0
70070379	signature/xor/417/5	REJECTED	1	0
70070379	signature/xor/417/6	REJECTED	1	0
70070379	signature/xor/417/7	REJECTED	1	0
70070379	signature/xor/418/0	REJECTED	1	0
70070379	signature/xor/418/1	REJECTED	1	0
70070379	signature/xor/418/2	REJECTED	1	0
70070379	signature/xor/418/3	REJECTED	1	0
70070379	signature/xor/418/4	REJECTED	1	0
70070379	signature/xor/418/5	REJECTED	1	0
70070379	signature/xor/418/6	REJECTED	1	0
70070379	signature/xor/418/7	REJECTED	1	0
70070379	signature/xor/419/0	REJECTED	1	0
70070379	signature/xor/419/1	REJECTED	1	0
70070379	signature/xor/419/2	REJECTED	1	0
70070379	signature/xor/419/3	REJECTED	1	0
70070379	signature/xor/419/4	REJECTED	1	0
70070379	signature/xor/419/5	REJECTED	1	0
70070379	signature/xor/419/6	REJECTED	1	0
70070379	signature/xor/419/7	REJECTED	1	0
70070379	signature/xor/420/0	REJECTED	1	0
70070379	signature/xor/420/1	REJECTED	1	0
70070379	signature/xor/420/2	REJECTED	1	0
70070379	signature/xor/420/3	REJECTED	1	0
70070379	signature/xor/420/4	REJECTED	1	0
70070379	signature/xor/420/5	REJECTED	1	0
70070379	signature/xor/420/6	REJECTED	1	0
70070379	signature/xor/420/7	REJECTED	1	0
70070379	signature/xor/421/0	REJECTED	1	0
70070379	signature/xor/421/1	REJECTED	1	0
70070379	signature/xor/421/2	REJECTED	1	0
70070379	signature/xor/421/3	REJECTED	1	0
70070379	signature/xor/421/4	REJECTED	1	0
70070379	signature/xor/421/5	REJECTED	1	0
70070379	signature/xor/421/6	REJECTED	1	0
70070379	signature/xor/421/7	REJECTED	1	0
70070379	signature/xor/422/0	REJECTED	1	0
70070379	signature/xor/422/1	REJECTED	1	0
70070379	signature/xor/422/2	REJECTED	1	0
70070379	signature/xor/422/3	REJECTED	1	0
70070379	signature/xor/422/4	REJECTED	1	0
70070379	signature/xor/422/5	REJECTED	1	0
70070379	signature/xor/422/6	REJECTED	1	0
70070379	signature/xor/422/7	REJECTED	1	0
70070379	signature/xor/423/0	REJECTED	1	0
70070379	signature/xor/423/1	REJECTED	1	0
70070379	signature/xor/423/2	REJECTED	1	0
70070379	signature/xor/423/3	REJECTED	1	0
70070379	signature/xor/423/4	REJECTED	1	0
70070379	signature/xor/423/5	REJECTED	1	0
70070379	signature/xor/423/6	REJECTED	1	0
70070379	signature/xor/423/7	REJECTED	1	0
70070379	signature/xor/424/0	REJECTED	1	0
70070379	signature/xor/424/1	REJECTED	1	0
70070379	signature/xor/424/2	REJECTED	1	0
70070379	signature/xor/424/3	REJECTED	1	0
70070379	signature/xor/424/4	REJECTED	1	0
70070379	signature/xor/424/5	REJECTED	1	0
70070379	signature/xor/424/6	REJECTED	1	0
70070379	signature/xor/424/7	REJECTED	1	0
70070379	signature/xor/425/0	REJECTED	1	0
70070379	signature/xor/425/1	REJECTED	1	0
70070379	signature/xor/425/2	REJECTED	1	0
70070379	signature/xor/425/3	REJECTED	1	0
70070379	signature/xor/425/4	REJECTED	1	0
70070379	signature/xor/425/5	REJECTED	1	0
70070379	signature/xor/425/6	REJECTED	1	0
70070379	signature/xor/425/7	REJECTED	1	0
70070379	signature/xor/426/0	REJECTED	1	0
70070379	signature/xor/426/1	REJECTED	1	0
70070379	signature/xor/426/2	REJECTED	1	0
70070379	signature/xor/426/3	REJECTED	1	0
70070379	signature/xor/426/4	REJECTED	1	0
70070379	signature/xor/426/5	REJECTED	1	0
70070379	signature/xor/426/6	REJECTED	1	0
70070379	signature/xor/426/7	REJECTED	1	0
70070379	signature/xor/427/0	REJECTED	1	0
70070379	signature/xor/427/1	REJECTED	1	0
70070379	signature/xor/427/2	REJECTED	1	0
70070379	signature/xor/427/3	REJECTED	1	0
70070379	signature/xor/427/4	REJECTED	1	0
70070379	signature/xor/427/5	REJECTED	1	0
70070379	signature/xor/427/6	REJECTED	1	0
70070379	signature/xor/427/7	REJECTED	1	0
70070379	signature/xor/428/0	REJECTED	1	0
70070379	signature/xor/428/1	REJECTED	1	0
70070379	signature/xor/428/2	REJECTED	1	0
70070379	signature/xor/428/3	REJECTED	1	0
70070379	signature/xor/428/4	REJECTED	1	0
70070379	signature/xor/428/5	REJECTED	1	0
70070379	signature/xor/428/6	REJECTED	1	0
70070379	signature/xor/428/7	REJECTED	1	0
70070379	signature/xor/429/0	REJECTED	1	0
70070379	signature/xor/429/1	REJECTED	1	0
70070379	signature/xor/429/2	REJECTED	1	0
70070379	signature/xor/429/3	REJECTED	1	0
70070379	signature/xor/429/4	REJECTED	1	0
70070379	signature/xor/429/5	REJECTED	1	0
70070379	signature/xor/429/6	REJECTED	1	0
70070379	signature/xor/429/7	REJECTED	1	0
70070379	signature/xor/430/0	REJECTED	1	0
70070379	signature/xor/430/1	REJECTED	1	0
70070379	signature/xor/430/2	REJECTED	1	0
70070379	signature/xor/430/3	REJECTED	1	0
70070379	signature/xor/430/4	REJECTED	1	0
70070379	signature/xor/430/5	REJECTED	1	0
70070379	signature/xor/430/6	REJECTED	1	0
70070379	signature/xor/430/7	REJECTED	1	0
70070379	signature/xor/431/0	REJECTED	1	0
70070379	signature/xor/431/1	REJECTED	1	0
70070379	signature/xor/431/2	REJECTED	1	0
70070379	signature/xor/431/3	REJECTED	1	0
70070379	signature/xor/431/4	REJECTED	1	0
70070379	signature/xor/431/5	REJECTED	1	0
70070379	signature/xor/431/6	REJECTED	1	0
70070379	signature/xor/431/7	REJECTED	1	0
70070379	signature/xor/432/0	REJECTED	1	0
70070379	signature/xor/432/1	REJECTED	1	0
70070379	signature/xor/432/2	REJECTED	1	0
70070379	signature/xor/432/3	REJECTED	1	0
70070379	signature/xor/432/4	REJECTED	1	0
70070379	signature/xor/432/5	REJECTED	1	0
70070379	signature/xor/432/6	REJECTED	1	0
70070379	signature/xor/432/7	REJECTED	1	0
70070379	signature/xor/433/0	REJECTED	1	0
70070379	signature/xor/433/1	REJECTED	1	0
70070379	signature/xor/433/2	REJECTED	1	0
70070379	signature/xor/433/3	REJECTED	1	0
70070379	signature/xor/433/4	REJECTED	1	0
70070379	signature/xor/433/5	REJECTED	1	0
70070379	signature/xor/433/6	REJECTED	1	0
70070379	signature/xor/433/7	REJECTED	1	0
70070379	signature/xor/434/0	REJECTED	1	0
70070379	signature/xor/434/1	REJECTED	1	0
70070379	signature/xor/434/2	REJECTED	1	0
70070379	signature/xor/434/3	REJECTED	1	0
70070379	signature/xor/434/4	REJECTED	1	0
70070379	signature/xor/434/5	REJECTED	1	0
70070379	signature/xor/434/6	REJECTED	1	0
70070379	signature/xor/434/7	REJECTED	1	0
70070379	signature/xor/435/0	REJECTED	1	0
70070379	signature/xor/435/1	REJECTED	1	0
70070379	signature/xor/435/2	REJECTED	1	0
70070379	signature/xor/435/3	REJECTED	1	0
70070379	signature/xor/435/4	REJECTED	1	0
70070379	signature/xor/435/5	REJECTED	1	0
70070379	signature/xor/435/6	REJECTED	1	0
70070379	signature/xor/435/7	REJECTED	1	0
70070379	signature/xor/436/0	REJECTED	1	0
70070379	signature/xor/436/1	REJECTED	1	0
70070379	signature/xor/436/2	REJECTED	1	0
70070379	signature/xor/436/3	REJECTED	1	0
70070379	signature/xor/436/4	REJECTED	1	0
70070379	signature/xor/436/5	REJECTED	1	0
70070379	signature/xor/436/6	REJECTED	1	0
70070379	signature/xor/436/7	REJECTED	1	0
70070379	signature/xor/437/0	REJECTED	1	0
70070379	signature/xor/437/1	REJECTED	1	0
70070379	signature/xor/437/2	REJECTED	1	0
70070379	signature/xor/437/3	REJECTED	1	0
70070379	signature/xor/437/4	REJECTED	1	0
70070379	signature/xor/437/5	REJECTED	1	0
70070379	signature/xor/437/6	REJECTED	1	0
70070379	signature/xor/437/7	REJECTED	1	0
70070379	signature/xor/438/0	REJECTED	1	0
70070379	signature/xor/438/1	REJECTED	1	0
70070379	signature/xor/438/2	REJECTED	1	0
70070379	signature/xor/438/3	REJECTED	1	0
70070379	signature/xor/438/4	REJECTED	1	0
70070379	signature/xor/438/5	REJECTED	1	0
70070379	signature/xor/438/6	REJECTED	1	0
70070379	signature/xor/438/7	REJECTED	1	0
70070379	signature/xor/439/0	REJECTED	1	0
70070379	signature/xor/439/1	REJECTED	1	0
70070379	signature/xor/439/2	REJECTED	1	0
70070379	signature/xor/439/3	REJECTED	1	0
70070379	signature/xor/439/4	REJECTED	1	0
70070379	signature/xor/439/5	REJECTED	1	0
70070379	signature/xor/439/6	REJECTED	1	0
70070379	signature/xor/439/7	REJECTED	1	0
70070379	signature/xor/440/0	REJECTED	1	0
70070379	signature/xor/440/1	REJECTED	1	0
70070379	signature/xor/440/2	REJECTED	1	0
70070379	signature/xor/440/3	REJECTED	1	0
70070379	signature/xor/440/4	REJECTED	1	0
70070379	signature/xor/440/5	REJECTED	1	0
70070379	signature/xor/440/6	REJECTED	1	0
70070379	signature/xor/440/7	REJECTED	1	0
70070379	signature/xor/441/0	REJECTED	1	0
70070379	signature/xor/441/1	REJECTED	1	0
70070379	signature/xor/441/2	REJECTED	1	0
70070379	signature/xor/441/3	REJECTED	1	0
70070379	signature/xor/441/4	REJECTED	1	0
70070379	signature/xor/441/5	REJECTED	1	0
70070379	signature/xor/441/6	REJECTED	1	0
70070379	signature/xor/441/7	REJECTED	1	0
70070379	signature/xor/442/0	REJECTED	1	0
70070379	signature/xor/442/1	REJECTED	1	0
70070379	signature/xor/442/2	REJECTED	1	0
70070379	signature/xor/442/3	REJECTED	1	0
70070379	signature/xor/442/4	REJECTED	1	0
70070379	signature/xor/442/5	REJECTED	1	0
70070379	signature/xor/442/6	REJECTED	1	0
70070379	signature/xor/442/7	REJECTED	1	0
70070379	signature/xor/443/0	REJECTED	1	0
70070379	signature/xor/443/1	REJECTED	1	0
70070379	signature/xor/443/2	REJECTED	1	0
70070379	signature/xor/443/3	REJECTED	1	0
70070379	signature/xor/443/4	REJECTED	1	0
70070379	signature/xor/443/5	REJECTED	1	0
70070379	signature/xor/443/6	REJECTED	1	0
70070379	signature/xor/443/7	REJECTED	1	0
70070379	signature/xor/444/0	REJECTED	1	0
70070379	signature/xor/444/1	REJECTED	1	0
70070379	signature/xor/444/2	REJECTED	1	0
70070379	signature/xor/444/3	REJECTED	1	0
70070379	signature/xor/444/4	REJECTED	1	0
70070379	signature/xor/444/5	REJECTED	1	0
70070379	signature/xor/444/6	REJECTED	1	0
70070379	signature/xor/444/7	REJECTED	1	0
70070379	signature/xor/445/0	REJECTED	1	0
70070379	signature/xor/445/1	REJECTED	1	0
70070379	signature/xor/445/2	REJECTED	1	0
70070379	signature/xor/445/3	REJECTED	1	0
70070379	signature/xor/445/4	REJECTED	1	0
70070379	signature/xor/445/5	REJECTED	1	0
70070379	signature/xor/445/6	REJECTED	1	0
70070379	signature/xor/445/7	REJECTED	1	0
70070379	signature/xor/446/0	REJECTED	1	0
70070379	signature/xor/446/1	REJECTED	1	0
70070379	signature/xor/446/2	REJECTED	1	0
70070379	signature/xor/446/3	REJECTED	1	0
70070379	signature/xor/446/4	REJECTED	1	0
70070379	signature/xor/446/5	REJECTED	1	0
70070379	signature/xor/446/6	REJECTED	1	0
70070379	signature/xor/446/7	REJECTED	1	0
70070379	signature/xor/447/0	REJECTED	1	0
70070379	signature/xor/447/1	REJECTED	1	0
70070379	signature/xor/447/2	REJECTED	1	0
70070379	signature/xor/447/3	REJECTED	1	0
70070379	signature/xor/447/4	REJECTED	1	0
70070379	signature/xor/447/5	REJECTED	1	0
70070379	signature/xor/447/6	REJECTED	1	0
70070379	signature/xor/447/7	REJECTED	1	0
70070379	message/xor/0/0	REJECTED	6	1
70070379	message/xor/1/0	REJECTED	6	1
70070379	message/xor/2/0	REJECTED	6	1
70070379	message/xor/3/0	REJECTED	6	1
70070379	message/xor/4/0	REJECTED	6	1
70070379	message/xor/5/0	REJECTED	6	1
70070379	message/xor/6/0	REJECTED	6	1
70070379	message/xor/7/0	REJECTED	6	1
70070379	message/xor/8/0	REJECTED	6	1
70070379	message/xor/9/0	REJECTED	6	1
70070379	message/xor/10/0	REJECTED	6	1
70070379	message/xor/11/0	REJECTED	6	1
70070379	message/xor/12/0	REJECTED	6	1
70070379	message/xor/13/0	REJECTED	6	1
70070379	message/xor/14/0	REJECTED	6	1
70070379	message/xor/15/0	REJECTED	6	1
70070379	message/xor/16/0	REJECTED	6	1
70070379	message/xor/17/0	REJECTED	6	1
70070379	message/xor/18/0	REJECTED	6	1
70070379	message/xor/19/0	REJECTED	6	1
70070379	message/xor/20/0	REJECTED	6	1
70070379	message/xor/21/0	REJECTED	6	1
70070379	message/xor/22/0	REJECTED	6	1
70070379	message/xor/23/0	REJECTED	6	1
70070379	message/xor/24/0	REJECTED	6	1
70070379	message/xor/25/0	REJECTED	6	1
70070379	message/xor/26/0	REJECTED	6	1
70070379	message/xor/27/0	REJECTED	6	1
70070379	message/xor/28/0	REJECTED	6	1
70070379	message/xor/29/0	REJECTED	6	1
70070379	message/xor/30/0	REJECTED	6	1
70070379	message/xor/31/0	REJECTED	6	1
70070379	message/xor/32/0	REJECTED	6	1
70070379	message/xor/33/0	REJECTED	6	1
70070379	message/xor/34/0	REJECTED	6	1
70070379	message/xor/35/0	REJECTED	6	1
70070379	message/xor/36/0	REJECTED	6	1
70070379	message/xor/37/0	REJECTED	6	1
70070379	message/xor/38/0	REJECTED	6	1
70070379	message/xor/39/0	REJECTED	6	1
70070379	message/xor/40/0	REJECTED	6	1
70070379	message/xor/41/0	REJECTED	6	1
70070379	message/xor/42/0	REJECTED	6	1
70070379	message/xor/43/0	REJECTED	6	1
70070379	message/xor/44/0	REJECTED	6	1
70070379	message/xor/45/0	REJECTED	6	1
70070379	message/xor/46/0	REJECTED	6	1
70070379	message/xor/47/0	REJECTED	6	1
70070379	message/xor/48/0	REJECTED	6	1
70070379	message/xor/49/0	REJECTED	6	1
70070379	message/xor/50/0	REJECTED	6	1
70070379	message/xor/51/0	REJECTED	6	1
70070379	message/xor/52/0	REJECTED	6	1
70070379	message/xor/53/0	REJECTED	6	1
70070379	message/xor/54/0	REJECTED	6	1
70070379	message/xor/55/0	REJECTED	6	1
70070379	message/xor/56/0	REJECTED	6	1
70070379	message/xor/57/0	REJECTED	6	1
70070379	message/xor/58/0	REJECTED	6	1
70070379	message/xor/59/0	REJECTED	6	1
70070379	message/xor/60/0	REJECTED	6	1
70070379	message/xor/61/0	REJECTED	6	1
70070379	message/xor/62/0	REJECTED	6	1
70070379	message/xor/63/0	REJECTED	6	1
70070379	message/xor/64/0	REJECTED	6	1
70070379	message/xor/65/0	REJECTED	6	1
70070379	message/xor/66/0	REJECTED	6	1
70070379	message/xor/67/0	REJECTED	6	1
70070379	message/xor/68/0	REJECTED	6	1
70070379	message/xor/69/0	REJECTED	6	1
70070379	message/xor/70/0	REJECTED	6	1
70070379	message/xor/71/0	REJECTED	6	1
70070379	message/xor/72/0	REJECTED	6	1
70070379	message/xor/73/0	REJECTED	6	1
70070379	message/xor/74/0	REJECTED	6	1
70070379	message/xor/75/0	REJECTED	6	1
70070379	message/xor/76/0	REJECTED	6	1
70070379	message/xor/77/0	REJECTED	6	1
70070379	message/xor/78/0	REJECTED	6	1
70070379	message/xor/79/0	REJECTED	6	1
70070379	message/xor/80/0	REJECTED	6	1
70070379	message/xor/81/0	REJECTED	6	1
70070379	message/xor/82/0	REJECTED	6	1
70070379	message/xor/83/0	REJECTED	6	1
70070379	message/xor/84/0	REJECTED	6	1
70070379	message/xor/85/0	REJECTED	6	1
70070379	message/xor/86/0	REJECTED	6	1
70070379	message/xor/87/0	REJECTED	6	1
70070379	message/xor/88/0	REJECTED	6	1
70070379	message/xor/89/0	REJECTED	6	1
70070379	message/xor/90/0	REJECTED	6	1
70070379	message/xor/91/0	REJECTED	6	1
70070379	message/xor/92/0	REJECTED	6	1
70070379	message/xor/93/0	REJECTED	6	1
70070379	message/xor/94/0	REJECTED	6	1
70070379	message/xor/95/0	REJECTED	6	1
70070379	message/xor/96/0	REJECTED	6	1
70070379	message/xor/97/0	REJECTED	6	1
70070379	message/xor/98/0	REJECTED	6	1
70070379	message/xor/99/0	REJECTED	6	1
70070379	message/xor/100/0	REJECTED	6	1
70070379	message/xor/101/0	REJECTED	6	1
70070379	message/xor/102/0	REJECTED	6	1
70070379	message/xor/103/0	REJECTED	6	1
70070379	message/xor/104/0	REJECTED	6	1
70070379	message/xor/105/0	REJECTED	6	1
70070379	message/xor/106/0	REJECTED	6	1
70070379	message/xor/107/0	REJECTED	6	1
70070379	message/xor/108/0	REJECTED	6	1
70070379	message/xor/109/0	REJECTED	6	1
70070379	message/xor/110/0	REJECTED	6	1
70070379	message/xor/111/0	REJECTED	6	1
70070379	message/xor/112/0	REJECTED	6	1
70070379	message/xor/113/0	REJECTED	6	1
70070379	message/xor/114/0	REJECTED	6	1
70070379	message/xor/115/0	REJECTED	6	1
70070379	message/xor/116/0	REJECTED	6	1
70070379	message/xor/117/0	REJECTED	6	1
70070379	message/xor/118/0	REJECTED	6	1
70070379	message/xor/119/0	REJECTED	6	1
70070379	message/xor/120/0	REJECTED	6	1
70070379	message/xor/121/0	REJECTED	6	1
70070379	message/xor/122/0	REJECTED	6	1
70070379	message/xor/123/0	REJECTED	6	1
70070379	message/xor/124/0	REJECTED	6	1
70070379	message/xor/125/0	REJECTED	6	1
70070379	message/xor/126/0	REJECTED	6	1
70070379	message/xor/127/0	REJECTED	6	1
70070379	message/xor/128/0	REJECTED	6	1
70070379	message/xor/129/0	REJECTED	6	1
70070379	message/xor/130/0	REJECTED	6	1
70070379	message/xor/131/0	REJECTED	6	1
70070379	message/xor/132/0	REJECTED	6	1
70070379	message/xor/133/0	REJECTED	6	1
70070379	message/xor/134/0	REJECTED	6	1
70070379	message/xor/135/0	REJECTED	6	1
70070379	message/xor/136/0	REJECTED	6	1
70070379	message/xor/137/0	REJECTED	6	1
70070379	message/xor/138/0	REJECTED	6	1
70070379	message/xor/139/0	REJECTED	6	1
70070379	message/xor/140/0	REJECTED	6	1
70070379	message/xor/141/0	REJECTED	6	1
70070379	message/xor/142/0	REJECTED	6	1
70070379	message/xor/143/0	REJECTED	6	1
70070379	message/xor/144/0	REJECTED	6	1
70070379	message/xor/145/0	REJECTED	6	1
70070379	message/xor/146/0	REJECTED	6	1
70070379	message/xor/147/0	REJECTED	6	1
70070379	message/xor/148/0	REJECTED	6	1
70070379	message/xor/149/0	REJECTED	6	1
70070379	message/xor/150/0	REJECTED	6	1
70070379	message/xor/151/0	REJECTED	6	1
70070379	message/xor/152/0	REJECTED	6	1
70070379	message/xor/153/0	REJECTED	6	1
70070379	message/xor/154/0	REJECTED	6	1
70070379	message/xor/155/0	REJECTED	6	1
70070379	message/xor/156/0	REJECTED	6	1
70070379	message/xor/157/0	REJECTED	6	1
70070379	message/xor/158/0	REJECTED	6	1
70070379	message/xor/159/0	REJECTED	6	1
70070379	message/xor/160/0	REJECTED	6	1
70070379	message/xor/161/0	REJECTED	6	1
70070379	message/xor/162/0	REJECTED	6	1
70070379	message/xor/163/0	REJECTED	6	1
70070379	message/xor/164/0	REJECTED	6	1
70070379	message/xor/165/0	REJECTED	6	1
70070379	message/xor/166/0	REJECTED	6	1
70070379	message/xor/167/0	REJECTED	6	1
70070379	message/xor/168/0	REJECTED	6	1
70070379	message/xor/169/0	REJECTED	6	1
70070379	message/xor/170/0	REJECTED	6	1
70070379	message/xor/171/0	REJECTED	6	1
70070379	message/xor/172/0	REJECTED	6	1
70070379	message/xor/173/0	REJECTED	6	1
70070379	message/xor/174/0	REJECTED	6	1
70070379	message/xor/175/0	REJECTED	6	1
70070379	message/xor/176/0	REJECTED	6	1
70070379	message/xor/177/0	REJECTED	6	1
70070379	message/xor/178/0	REJECTED	6	1
70070379	message/xor/179/0	REJECTED	6	1
70070379	message/xor/180/0	REJECTED	6	1
70070379	message/xor/181/0	REJECTED	6	1
70070379	message/xor/182/0	REJECTED	6	1
70070379	message/xor/183/0	REJECTED	6	1
70070379	message/xor/184/0	REJECTED	6	1
70070379	message/xor/185/0	REJECTED	6	1
70070379	message/xor/186/0	REJECTED	6	1
70070379	message/xor/187/0	REJECTED	6	1
70070379	message/xor/188/0	REJECTED	6	1
70070379	message/xor/189/0	REJECTED	6	1
70070379	message/xor/190/0	REJECTED	6	1
70070379	message/xor/191/0	REJECTED	6	1
70070379	message/xor/192/0	REJECTED	6	1
70070379	message/xor/193/0	REJECTED	6	1
70070379	message/xor/194/0	REJECTED	6	1
70070379	message/xor/195/0	REJECTED	6	1
70070379	message/xor/196/0	REJECTED	6	1
70070379	message/xor/197/0	REJECTED	6	1
70070379	message/xor/198/0	REJECTED	6	1
70070379	message/xor/199/0	REJECTED	6	1
70070379	message/xor/200/0	REJECTED	6	1
70070379	message/xor/201/0	REJECTED	6	1
70070379	message/xor/202/0	REJECTED	6	1
70070379	message/xor/203/0	REJECTED	6	1
70070379	message/xor/204/0	REJECTED	6	1
70070379	message/xor/205/0	REJECTED	6	1
70070379	message/xor/206/0	REJECTED	6	1
70070379	message/xor/207/0	REJECTED	6	1
70070379	message/xor/208/0	REJECTED	6	1
70070379	message/xor/209/0	REJECTED	6	1
70070379	message/xor/210/0	REJECTED	6	1
70070379	message/xor/211/0	REJECTED	6	1
70070379	message/xor/212/0	REJECTED	6	1
70070379	message/xor/213/0	REJECTED	6	1
70070379	message/xor/214/0	REJECTED	6	1
70070379	message/xor/215/0	REJECTED	6	1
70070379	message/xor/216/0	REJECTED	6	1
70070379	message/xor/217/0	REJECTED	6	1
70070379	message/xor/218/0	REJECTED	6	1
70070379	message/xor/219/0	REJECTED	6	1
70070379	message/xor/220/0	REJECTED	6	1
70070379	message/xor/221/0	REJECTED	6	1
70070379	message/xor/222/0	REJECTED	6	1
70070379	message/xor/223/0	REJECTED	6	1
70070379	message/xor/224/0	REJECTED	6	1
70070379	message/xor/225/0	REJECTED	6	1
70070379	message/xor/226/0	REJECTED	6	1
70070379	message/xor/227/0	REJECTED	6	1
70070379	message/xor/228/0	REJECTED	6	1
70070379	message/xor/229/0	REJECTED	6	1
70070379	message/xor/230/0	REJECTED	6	1
70070379	message/xor/231/0	REJECTED	6	1
70070379	message/xor/232/0	REJECTED	6	1
70070379	message/xor/233/0	REJECTED	6	1
70070379	message/xor/234/0	REJECTED	6	1
70070379	message/xor/235/0	REJECTED	6	1
70070379	message/xor/236/0	REJECTED	6	1
70070379	message/xor/237/0	REJECTED	6	1
70070379	message/xor/238/0	REJECTED	6	1
70070379	message/xor/239/0	REJECTED	6	1
70070379	message/xor/240/0	REJECTED	6	1
70070379	message/xor/241/0	REJECTED	6	1
70070379	message/xor/242/0	REJECTED	6	1
70070379	message/xor/243/0	REJECTED	6	1
70070379	message/xor/244/0	REJECTED	6	1
70070379	message/xor/245/0	REJECTED	6	1
70070379	message/xor/246/0	REJECTED	6	1
70070379	message/xor/247/0	REJECTED	6	1
70070379	message/xor/248/0	REJECTED	6	1
70070379	message/xor/249/0	REJECTED	6	1
70070379	message/xor/250/0	REJECTED	6	1
70070379	message/xor/251/0	REJECTED	6	1
70070379	message/xor/252/0	REJECTED	6	1
70070379	message/xor/253/0	REJECTED	6	1
70070379	message/xor/254/0	REJECTED	6	1
70070379	message/xor/255/0	REJECTED	6	1
70070379	message/xor/256/0	REJECTED	6	1
70070379	message/xor/257/0	REJECTED	6	1
70070379	message/xor/258/0	REJECTED	6	1
70070379	message/xor/259/0	REJECTED	6	1
70070379	message/xor/260/0	REJECTED	6	1
70070379	message/xor/261/0	REJECTED	6	1
70070379	message/xor/262/0	REJECTED	6	1
70070379	message/xor/263/0	REJECTED	6	1
70070379	message/xor/264/0	REJECTED	6	1
70070379	message/xor/265/0	REJECTED	6	1
70070379	message/xor/266/0	REJECTED	6	1
70070379	message/xor/267/0	REJECTED	6	1
70070379	message/xor/268/0	REJECTED	6	1
70070379	message/xor/269/0	REJECTED	6	1
70070379	message/xor/270/0	REJECTED	6	1
70070379	message/xor/271/0	REJECTED	6	1
70070379	message/xor/272/0	REJECTED	6	1
70070379	message/xor/273/0	REJECTED	6	1
70070379	message/xor/274/0	REJECTED	6	1
70070379	message/xor/275/0	REJECTED	6	1
70070379	message/xor/276/0	REJECTED	6	1
70070379	message/xor/277/0	REJECTED	6	1
70070379	message/xor/278/0	REJECTED	6	1
70070379	message/xor/279/0	REJECTED	6	1
70070379	message/xor/280/0	REJECTED	6	1
70070379	message/xor/281/0	REJECTED	6	1
70070379	message/xor/282/0	REJECTED	6	1
70070379	message/xor/283/0	REJECTED	6	1
70070379	message/xor/284/0	REJECTED	6	1
70070379	message/xor/285/0	REJECTED	6	1
70070379	message/xor/286/0	REJECTED	6	1
70070379	message/xor/287/0	REJECTED	6	1
70070379	message/xor/288/0	REJECTED	6	1
70070379	message/xor/289/0	REJECTED	6	1
70070379	message/xor/290/0	REJECTED	6	1
70070379	message/xor/291/0	REJECTED	6	1
70070379	message/xor/292/0	REJECTED	6	1
70070379	message/xor/293/0	REJECTED	6	1
70070379	message/xor/294/0	REJECTED	6	1
70070379	message/xor/295/0	REJECTED	6	1
70070379	message/xor/296/0	REJECTED	6	1
70070379	message/xor/297/0	REJECTED	6	1
70070379	message/xor/298/0	REJECTED	6	1
70070379	message/xor/299/0	REJECTED	6	1
70070379	message/xor/300/0	REJECTED	6	1
70070379	message/xor/301/0	REJECTED	6	1
70070379	message/xor/302/0	REJECTED	6	1
70070379	message/xor/303/0	REJECTED	6	1
70070379	message/xor/304/0	REJECTED	6	1
70070379	message/xor/305/0	REJECTED	6	1
70070379	message/xor/306/0	REJECTED	6	1
70070379	message/xor/307/0	REJECTED	6	1
70070379	message/xor/308/0	REJECTED	6	1
70070379	message/xor/309/0	REJECTED	6	1
70070379	message/xor/310/0	REJECTED	6	1
70070379	message/xor/311/0	REJECTED	6	1
70070379	message/xor/312/0	REJECTED	6	1
70070379	message/xor/313/0	REJECTED	6	1
70070379	message/xor/314/0	REJECTED	6	1
70070379	message/xor/315/0	REJECTED	6	1
70070379	message/xor/316/0	REJECTED	6	1
70070379	message/xor/317/0	REJECTED	6	1
70070379	message/xor/318/0	REJECTED	6	1
70070379	message/xor/319/0	REJECTED	6	1
70070379	message/xor/320/0	REJECTED	6	1
70070379	message/xor/321/0	REJECTED	6	1
70070379	message/xor/322/0	REJECTED	6	1
70070379	message/xor/323/0	REJECTED	6	1
70070379	message/xor/324/0	REJECTED	6	1
70070379	message/xor/325/0	REJECTED	6	1
70070379	message/xor/326/0	REJECTED	6	1
70070379	message/xor/327/0	REJECTED	6	1
70070379	message/xor/328/0	REJECTED	6	1
70070379	message/xor/329/0	REJECTED	6	1
70070379	message/xor/330/0	REJECTED	6	1
70070379	message/xor/331/0	REJECTED	6	1
70070379	message/xor/332/0	REJECTED	6	1
70070379	message/xor/333/0	REJECTED	6	1
70070379	message/xor/334/0	REJECTED	6	1
70070379	message/xor/335/0	REJECTED	6	1
70070379	message/xor/336/0	REJECTED	6	1
70070379	message/xor/337/0	REJECTED	6	1
70070379	message/xor/338/0	REJECTED	6	1
70070379	message/xor/339/0	REJECTED	6	1
70070379	message/xor/340/0	REJECTED	6	1
70070379	message/xor/341/0	REJECTED	6	1
70070379	message/xor/342/0	REJECTED	6	1
70070379	message/xor/343/0	REJECTED	6	1
70070379	message/xor/344/0	REJECTED	6	1
70070379	message/xor/345/0	REJECTED	6	1
70070379	message/xor/346/0	REJECTED	6	1
70070379	message/xor/347/0	REJECTED	6	1
70070379	message/xor/348/0	REJECTED	6	1
70070379	message/xor/349/0	REJECTED	6	1
70070379	message/xor/350/0	REJECTED	6	1
70070379	message/xor/351/0	REJECTED	6	1
70070379	message/xor/352/0	REJECTED	6	1
70070379	message/xor/353/0	REJECTED	6	1
70070379	message/xor/354/0	REJECTED	6	1
70070379	message/xor/355/0	REJECTED	6	1
70070379	message/xor/356/0	REJECTED	6	1
70070379	message/xor/357/0	REJECTED	6	1
70070379	message/xor/358/0	REJECTED	6	1
70070379	message/xor/359/0	REJECTED	6	1
70070379	message/xor/360/0	REJECTED	6	1
70070379	message/xor/361/0	REJECTED	6	1
70070379	message/xor/362/0	REJECTED	6	1
70070379	message/xor/363/0	REJECTED	6	1
70070379	message/xor/364/0	REJECTED	6	1
70070379	message/xor/365/0	REJECTED	6	1
70070379	message/xor/366/0	REJECTED	6	1
70070379	message/xor/367/0	REJECTED	6	1
70070379	message/xor/368/0	REJECTED	6	1
70070379	message/xor/369/0	REJECTED	6	1
70070379	message/xor/370/0	REJECTED	6	1
70070379	message/xor/371/0	REJECTED	6	1
70070379	message/xor/372/0	REJECTED	6	1
70070379	message/xor/373/0	REJECTED	6	1
70070379	message/xor/374/0	REJECTED	6	1
70070379	message/xor/375/0	REJECTED	6	1
70070379	message/xor/376/0	REJECTED	6	1
70070379	message/xor/377/0	REJECTED	6	1
70070379	message/xor/378/0	REJECTED	6	1
70070379	message/xor/379/0	REJECTED	6	1
70070379	message/xor/380/0	REJECTED	6	1
70070379	message/xor/381/0	REJECTED	6	1
70070379	message/xor/382/0	REJECTED	6	1
70070379	message/xor/383/0	REJECTED	6	1
70070379	message/xor/384/0	REJECTED	6	1
70070379	message/xor/385/0	REJECTED	6	1
70070379	message/xor/386/0	REJECTED	6	1
70070379	message/xor/387/0	REJECTED	6	1
70070379	message/xor/388/0	REJECTED	6	1
70070379	message/xor/389/0	REJECTED	6	1
70070379	message/xor/390/0	REJECTED	6	1
70070379	message/xor/391/0	REJECTED	6	1
70070379	message/xor/392/0	REJECTED	6	1
70070379	message/xor/393/0	REJECTED	6	1
70070379	message/xor/394/0	REJECTED	6	1
70070379	message/xor/395/0	REJECTED	6	1
70070379	message/xor/396/0	REJECTED	6	1
70070379	message/xor/397/0	REJECTED	6	1
70070379	message/xor/398/0	REJECTED	6	1
70070379	message/xor/399/0	REJECTED	6	1
70070379	message/xor/400/0	REJECTED	6	1
70070379	message/xor/401/0	REJECTED	6	1
70070379	message/xor/402/0	REJECTED	6	1
70070379	message/xor/403/0	REJECTED	6	1
70070379	message/xor/404/0	REJECTED	6	1
70070379	message/xor/405/0	REJECTED	6	1
70070379	message/xor/406/0	REJECTED	6	1
70070379	message/xor/0/1	REJECTED	6	1
70070379	message/xor/0/2	REJECTED	6	1
70070379	message/xor/0/3	REJECTED	6	1
70070379	message/xor/0/4	REJECTED	6	1
70070379	message/xor/0/5	REJECTED	6	1
70070379	message/xor/0/6	REJECTED	6	1
70070379	message/xor/0/7	REJECTED	6	1
70070379	message/xor/406/1	REJECTED	6	1
70070379	message/xor/406/2	REJECTED	6	1
70070379	message/xor/406/3	REJECTED	6	1
70070379	message/xor/406/4	REJECTED	6	1
70070379	message/xor/406/5	REJECTED	6	1
70070379	message/xor/406/6	REJECTED	6	1
70070379	message/xor/406/7	REJECTED	6	1
70070379	signature/swap-pair/1	REJECTED	6	0
70070379	signature/swap-pair/2	REJECTED	5	0
70070379	signature/swap-pair/3	REJECTED	4	0
70070379	signature/swap-pair/4	REJECTED	3	0
70070379	signature/swap-pair/5	REJECTED	2	0
70070379	signature/swap-pair/6	REJECTED	1	0
70070379	message/empty	REJECTED	6	1
70070379	message/truncate-last	REJECTED	6	1
70070379	message/append-zero	REJECTED	6	1
70070426	original	VERIFIED	6	1
70070426	period/0	REJECTED	2	0
70070426	period/1	REJECTED	2	0
70070426	period/2	REJECTED	2	0
70070426	period/3	REJECTED	2	0
70070426	period/4	REJECTED	2	0
70070426	period/5	REJECTED	2	0
70070426	period/6	REJECTED	2	0
70070426	period/7	REJECTED	2	0
70070426	period/8	REJECTED	2	0
70070426	period/9	REJECTED	2	0
70070426	period/10	REJECTED	2	0
70070426	period/11	REJECTED	2	0
70070426	period/12	REJECTED	2	0
70070426	period/13	REJECTED	2	0
70070426	period/14	REJECTED	2	0
70070426	period/15	REJECTED	2	0
70070426	period/16	REJECTED	2	0
70070426	period/17	REJECTED	2	0
70070426	period/18	REJECTED	2	0
70070426	period/19	REJECTED	2	0
70070426	period/20	REJECTED	2	0
70070426	period/21	REJECTED	2	0
70070426	period/22	REJECTED	2	0
70070426	period/23	REJECTED	2	0
70070426	period/24	REJECTED	2	0
70070426	period/25	REJECTED	2	0
70070426	period/26	REJECTED	2	0
70070426	period/27	REJECTED	2	0
70070426	period/28	REJECTED	2	0
70070426	period/29	REJECTED	2	0
70070426	period/30	REJECTED	2	0
70070426	period/31	REJECTED	2	0
70070426	period/32	REJECTED	6	0
70070426	period/33	REJECTED	6	0
70070426	period/34	REJECTED	6	1
70070426	period/36	REJECTED	5	0
70070426	period/37	REJECTED	5	0
70070426	period/38	REJECTED	5	0
70070426	period/39	REJECTED	5	0
70070426	period/40	REJECTED	4	0
70070426	period/41	REJECTED	4	0
70070426	period/42	REJECTED	4	0
70070426	period/43	REJECTED	4	0
70070426	period/44	REJECTED	4	0
70070426	period/45	REJECTED	4	0
70070426	period/46	REJECTED	4	0
70070426	period/47	REJECTED	4	0
70070426	period/48	REJECTED	3	0
70070426	period/49	REJECTED	3	0
70070426	period/50	REJECTED	3	0
70070426	period/51	REJECTED	3	0
70070426	period/52	REJECTED	3	0
70070426	period/53	REJECTED	3	0
70070426	period/54	REJECTED	3	0
70070426	period/55	REJECTED	3	0
70070426	period/56	REJECTED	3	0
70070426	period/57	REJECTED	3	0
70070426	period/58	REJECTED	3	0
70070426	period/59	REJECTED	3	0
70070426	period/60	REJECTED	3	0
70070426	period/61	REJECTED	3	0
70070426	period/62	REJECTED	3	0
70070426	period/63	REJECTED	3	0
70070426	root/xor/0/0	REJECTED	1	0
70070426	root/xor/0/1	REJECTED	1	0
70070426	root/xor/0/2	REJECTED	1	0
70070426	root/xor/0/3	REJECTED	1	0
70070426	root/xor/0/4	REJECTED	1	0
70070426	root/xor/0/5	REJECTED	1	0
70070426	root/xor/0/6	REJECTED	1	0
70070426	root/xor/0/7	REJECTED	1	0
70070426	root/xor/1/0	REJECTED	1	0
70070426	root/xor/1/1	REJECTED	1	0
70070426	root/xor/1/2	REJECTED	1	0
70070426	root/xor/1/3	REJECTED	1	0
70070426	root/xor/1/4	REJECTED	1	0
70070426	root/xor/1/5	REJECTED	1	0
70070426	root/xor/1/6	REJECTED	1	0
70070426	root/xor/1/7	REJECTED	1	0
70070426	root/xor/2/0	REJECTED	1	0
70070426	root/xor/2/1	REJECTED	1	0
70070426	root/xor/2/2	REJECTED	1	0
70070426	root/xor/2/3	REJECTED	1	0
70070426	root/xor/2/4	REJECTED	1	0
70070426	root/xor/2/5	REJECTED	1	0
70070426	root/xor/2/6	REJECTED	1	0
70070426	root/xor/2/7	REJECTED	1	0
70070426	root/xor/3/0	REJECTED	1	0
70070426	root/xor/3/1	REJECTED	1	0
70070426	root/xor/3/2	REJECTED	1	0
70070426	root/xor/3/3	REJECTED	1	0
70070426	root/xor/3/4	REJECTED	1	0
70070426	root/xor/3/5	REJECTED	1	0
70070426	root/xor/3/6	REJECTED	1	0
70070426	root/xor/3/7	REJECTED	1	0
70070426	root/xor/4/0	REJECTED	1	0
70070426	root/xor/4/1	REJECTED	1	0
70070426	root/xor/4/2	REJECTED	1	0
70070426	root/xor/4/3	REJECTED	1	0
70070426	root/xor/4/4	REJECTED	1	0
70070426	root/xor/4/5	REJECTED	1	0
70070426	root/xor/4/6	REJECTED	1	0
70070426	root/xor/4/7	REJECTED	1	0
70070426	root/xor/5/0	REJECTED	1	0
70070426	root/xor/5/1	REJECTED	1	0
70070426	root/xor/5/2	REJECTED	1	0
70070426	root/xor/5/3	REJECTED	1	0
70070426	root/xor/5/4	REJECTED	1	0
70070426	root/xor/5/5	REJECTED	1	0
70070426	root/xor/5/6	REJECTED	1	0
70070426	root/xor/5/7	REJECTED	1	0
70070426	root/xor/6/0	REJECTED	1	0
70070426	root/xor/6/1	REJECTED	1	0
70070426	root/xor/6/2	REJECTED	1	0
70070426	root/xor/6/3	REJECTED	1	0
70070426	root/xor/6/4	REJECTED	1	0
70070426	root/xor/6/5	REJECTED	1	0
70070426	root/xor/6/6	REJECTED	1	0
70070426	root/xor/6/7	REJECTED	1	0
70070426	root/xor/7/0	REJECTED	1	0
70070426	root/xor/7/1	REJECTED	1	0
70070426	root/xor/7/2	REJECTED	1	0
70070426	root/xor/7/3	REJECTED	1	0
70070426	root/xor/7/4	REJECTED	1	0
70070426	root/xor/7/5	REJECTED	1	0
70070426	root/xor/7/6	REJECTED	1	0
70070426	root/xor/7/7	REJECTED	1	0
70070426	root/xor/8/0	REJECTED	1	0
70070426	root/xor/8/1	REJECTED	1	0
70070426	root/xor/8/2	REJECTED	1	0
70070426	root/xor/8/3	REJECTED	1	0
70070426	root/xor/8/4	REJECTED	1	0
70070426	root/xor/8/5	REJECTED	1	0
70070426	root/xor/8/6	REJECTED	1	0
70070426	root/xor/8/7	REJECTED	1	0
70070426	root/xor/9/0	REJECTED	1	0
70070426	root/xor/9/1	REJECTED	1	0
70070426	root/xor/9/2	REJECTED	1	0
70070426	root/xor/9/3	REJECTED	1	0
70070426	root/xor/9/4	REJECTED	1	0
70070426	root/xor/9/5	REJECTED	1	0
70070426	root/xor/9/6	REJECTED	1	0
70070426	root/xor/9/7	REJECTED	1	0
70070426	root/xor/10/0	REJECTED	1	0
70070426	root/xor/10/1	REJECTED	1	0
70070426	root/xor/10/2	REJECTED	1	0
70070426	root/xor/10/3	REJECTED	1	0
70070426	root/xor/10/4	REJECTED	1	0
70070426	root/xor/10/5	REJECTED	1	0
70070426	root/xor/10/6	REJECTED	1	0
70070426	root/xor/10/7	REJECTED	1	0
70070426	root/xor/11/0	REJECTED	1	0
70070426	root/xor/11/1	REJECTED	1	0
70070426	root/xor/11/2	REJECTED	1	0
70070426	root/xor/11/3	REJECTED	1	0
70070426	root/xor/11/4	REJECTED	1	0
70070426	root/xor/11/5	REJECTED	1	0
70070426	root/xor/11/6	REJECTED	1	0
70070426	root/xor/11/7	REJECTED	1	0
70070426	root/xor/12/0	REJECTED	1	0
70070426	root/xor/12/1	REJECTED	1	0
70070426	root/xor/12/2	REJECTED	1	0
70070426	root/xor/12/3	REJECTED	1	0
70070426	root/xor/12/4	REJECTED	1	0
70070426	root/xor/12/5	REJECTED	1	0
70070426	root/xor/12/6	REJECTED	1	0
70070426	root/xor/12/7	REJECTED	1	0
70070426	root/xor/13/0	REJECTED	1	0
70070426	root/xor/13/1	REJECTED	1	0
70070426	root/xor/13/2	REJECTED	1	0
70070426	root/xor/13/3	REJECTED	1	0
70070426	root/xor/13/4	REJECTED	1	0
70070426	root/xor/13/5	REJECTED	1	0
70070426	root/xor/13/6	REJECTED	1	0
70070426	root/xor/13/7	REJECTED	1	0
70070426	root/xor/14/0	REJECTED	1	0
70070426	root/xor/14/1	REJECTED	1	0
70070426	root/xor/14/2	REJECTED	1	0
70070426	root/xor/14/3	REJECTED	1	0
70070426	root/xor/14/4	REJECTED	1	0
70070426	root/xor/14/5	REJECTED	1	0
70070426	root/xor/14/6	REJECTED	1	0
70070426	root/xor/14/7	REJECTED	1	0
70070426	root/xor/15/0	REJECTED	1	0
70070426	root/xor/15/1	REJECTED	1	0
70070426	root/xor/15/2	REJECTED	1	0
70070426	root/xor/15/3	REJECTED	1	0
70070426	root/xor/15/4	REJECTED	1	0
70070426	root/xor/15/5	REJECTED	1	0
70070426	root/xor/15/6	REJECTED	1	0
70070426	root/xor/15/7	REJECTED	1	0
70070426	root/xor/16/0	REJECTED	1	0
70070426	root/xor/16/1	REJECTED	1	0
70070426	root/xor/16/2	REJECTED	1	0
70070426	root/xor/16/3	REJECTED	1	0
70070426	root/xor/16/4	REJECTED	1	0
70070426	root/xor/16/5	REJECTED	1	0
70070426	root/xor/16/6	REJECTED	1	0
70070426	root/xor/16/7	REJECTED	1	0
70070426	root/xor/17/0	REJECTED	1	0
70070426	root/xor/17/1	REJECTED	1	0
70070426	root/xor/17/2	REJECTED	1	0
70070426	root/xor/17/3	REJECTED	1	0
70070426	root/xor/17/4	REJECTED	1	0
70070426	root/xor/17/5	REJECTED	1	0
70070426	root/xor/17/6	REJECTED	1	0
70070426	root/xor/17/7	REJECTED	1	0
70070426	root/xor/18/0	REJECTED	1	0
70070426	root/xor/18/1	REJECTED	1	0
70070426	root/xor/18/2	REJECTED	1	0
70070426	root/xor/18/3	REJECTED	1	0
70070426	root/xor/18/4	REJECTED	1	0
70070426	root/xor/18/5	REJECTED	1	0
70070426	root/xor/18/6	REJECTED	1	0
70070426	root/xor/18/7	REJECTED	1	0
70070426	root/xor/19/0	REJECTED	1	0
70070426	root/xor/19/1	REJECTED	1	0
70070426	root/xor/19/2	REJECTED	1	0
70070426	root/xor/19/3	REJECTED	1	0
70070426	root/xor/19/4	REJECTED	1	0
70070426	root/xor/19/5	REJECTED	1	0
70070426	root/xor/19/6	REJECTED	1	0
70070426	root/xor/19/7	REJECTED	1	0
70070426	root/xor/20/0	REJECTED	1	0
70070426	root/xor/20/1	REJECTED	1	0
70070426	root/xor/20/2	REJECTED	1	0
70070426	root/xor/20/3	REJECTED	1	0
70070426	root/xor/20/4	REJECTED	1	0
70070426	root/xor/20/5	REJECTED	1	0
70070426	root/xor/20/6	REJECTED	1	0
70070426	root/xor/20/7	REJECTED	1	0
70070426	root/xor/21/0	REJECTED	1	0
70070426	root/xor/21/1	REJECTED	1	0
70070426	root/xor/21/2	REJECTED	1	0
70070426	root/xor/21/3	REJECTED	1	0
70070426	root/xor/21/4	REJECTED	1	0
70070426	root/xor/21/5	REJECTED	1	0
70070426	root/xor/21/6	REJECTED	1	0
70070426	root/xor/21/7	REJECTED	1	0
70070426	root/xor/22/0	REJECTED	1	0
70070426	root/xor/22/1	REJECTED	1	0
70070426	root/xor/22/2	REJECTED	1	0
70070426	root/xor/22/3	REJECTED	1	0
70070426	root/xor/22/4	REJECTED	1	0
70070426	root/xor/22/5	REJECTED	1	0
70070426	root/xor/22/6	REJECTED	1	0
70070426	root/xor/22/7	REJECTED	1	0
70070426	root/xor/23/0	REJECTED	1	0
70070426	root/xor/23/1	REJECTED	1	0
70070426	root/xor/23/2	REJECTED	1	0
70070426	root/xor/23/3	REJECTED	1	0
70070426	root/xor/23/4	REJECTED	1	0
70070426	root/xor/23/5	REJECTED	1	0
70070426	root/xor/23/6	REJECTED	1	0
70070426	root/xor/23/7	REJECTED	1	0
70070426	root/xor/24/0	REJECTED	1	0
70070426	root/xor/24/1	REJECTED	1	0
70070426	root/xor/24/2	REJECTED	1	0
70070426	root/xor/24/3	REJECTED	1	0
70070426	root/xor/24/4	REJECTED	1	0
70070426	root/xor/24/5	REJECTED	1	0
70070426	root/xor/24/6	REJECTED	1	0
70070426	root/xor/24/7	REJECTED	1	0
70070426	root/xor/25/0	REJECTED	1	0
70070426	root/xor/25/1	REJECTED	1	0
70070426	root/xor/25/2	REJECTED	1	0
70070426	root/xor/25/3	REJECTED	1	0
70070426	root/xor/25/4	REJECTED	1	0
70070426	root/xor/25/5	REJECTED	1	0
70070426	root/xor/25/6	REJECTED	1	0
70070426	root/xor/25/7	REJECTED	1	0
70070426	root/xor/26/0	REJECTED	1	0
70070426	root/xor/26/1	REJECTED	1	0
70070426	root/xor/26/2	REJECTED	1	0
70070426	root/xor/26/3	REJECTED	1	0
70070426	root/xor/26/4	REJECTED	1	0
70070426	root/xor/26/5	REJECTED	1	0
70070426	root/xor/26/6	REJECTED	1	0
70070426	root/xor/26/7	REJECTED	1	0
70070426	root/xor/27/0	REJECTED	1	0
70070426	root/xor/27/1	REJECTED	1	0
70070426	root/xor/27/2	REJECTED	1	0
70070426	root/xor/27/3	REJECTED	1	0
70070426	root/xor/27/4	REJECTED	1	0
70070426	root/xor/27/5	REJECTED	1	0
70070426	root/xor/27/6	REJECTED	1	0
70070426	root/xor/27/7	REJECTED	1	0
70070426	root/xor/28/0	REJECTED	1	0
70070426	root/xor/28/1	REJECTED	1	0
70070426	root/xor/28/2	REJECTED	1	0
70070426	root/xor/28/3	REJECTED	1	0
70070426	root/xor/28/4	REJECTED	1	0
70070426	root/xor/28/5	REJECTED	1	0
70070426	root/xor/28/6	REJECTED	1	0
70070426	root/xor/28/7	REJECTED	1	0
70070426	root/xor/29/0	REJECTED	1	0
70070426	root/xor/29/1	REJECTED	1	0
70070426	root/xor/29/2	REJECTED	1	0
70070426	root/xor/29/3	REJECTED	1	0
70070426	root/xor/29/4	REJECTED	1	0
70070426	root/xor/29/5	REJECTED	1	0
70070426	root/xor/29/6	REJECTED	1	0
70070426	root/xor/29/7	REJECTED	1	0
70070426	root/xor/30/0	REJECTED	1	0
70070426	root/xor/30/1	REJECTED	1	0
70070426	root/xor/30/2	REJECTED	1	0
70070426	root/xor/30/3	REJECTED	1	0
70070426	root/xor/30/4	REJECTED	1	0
70070426	root/xor/30/5	REJECTED	1	0
70070426	root/xor/30/6	REJECTED	1	0
70070426	root/xor/30/7	REJECTED	1	0
70070426	root/xor/31/0	REJECTED	1	0
70070426	root/xor/31/1	REJECTED	1	0
70070426	root/xor/31/2	REJECTED	1	0
70070426	root/xor/31/3	REJECTED	1	0
70070426	root/xor/31/4	REJECTED	1	0
70070426	root/xor/31/5	REJECTED	1	0
70070426	root/xor/31/6	REJECTED	1	0
70070426	root/xor/31/7	REJECTED	1	0
70070426	signature/xor/0/0	REJECTED	6	1
70070426	signature/xor/0/1	REJECTED	6	1
70070426	signature/xor/0/2	REJECTED	6	1
70070426	signature/xor/0/3	REJECTED	6	1
70070426	signature/xor/0/4	REJECTED	6	1
70070426	signature/xor/0/5	REJECTED	6	1
70070426	signature/xor/0/6	REJECTED	6	1
70070426	signature/xor/0/7	REJECTED	6	1
70070426	signature/xor/1/0	REJECTED	6	1
70070426	signature/xor/1/1	REJECTED	6	1
70070426	signature/xor/1/2	REJECTED	6	1
70070426	signature/xor/1/3	REJECTED	6	1
70070426	signature/xor/1/4	REJECTED	6	1
70070426	signature/xor/1/5	REJECTED	6	1
70070426	signature/xor/1/6	REJECTED	6	1
70070426	signature/xor/1/7	REJECTED	6	1
70070426	signature/xor/2/0	REJECTED	6	1
70070426	signature/xor/2/1	REJECTED	6	1
70070426	signature/xor/2/2	REJECTED	6	1
70070426	signature/xor/2/3	REJECTED	6	1
70070426	signature/xor/2/4	REJECTED	6	1
70070426	signature/xor/2/5	REJECTED	6	1
70070426	signature/xor/2/6	REJECTED	6	1
70070426	signature/xor/2/7	REJECTED	6	1
70070426	signature/xor/3/0	REJECTED	6	1
70070426	signature/xor/3/1	REJECTED	6	1
70070426	signature/xor/3/2	REJECTED	6	1
70070426	signature/xor/3/3	REJECTED	6	1
70070426	signature/xor/3/4	REJECTED	6	1
70070426	signature/xor/3/5	REJECTED	6	1
70070426	signature/xor/3/6	REJECTED	6	1
70070426	signature/xor/3/7	REJECTED	6	1
70070426	signature/xor/4/0	REJECTED	6	1
70070426	signature/xor/4/1	REJECTED	6	1
70070426	signature/xor/4/2	REJECTED	6	1
70070426	signature/xor/4/3	REJECTED	6	1
70070426	signature/xor/4/4	REJECTED	6	1
70070426	signature/xor/4/5	REJECTED	6	1
70070426	signature/xor/4/6	REJECTED	6	1
70070426	signature/xor/4/7	REJECTED	6	1
70070426	signature/xor/5/0	REJECTED	6	1
70070426	signature/xor/5/1	REJECTED	6	1
70070426	signature/xor/5/2	REJECTED	6	1
70070426	signature/xor/5/3	REJECTED	6	1
70070426	signature/xor/5/4	REJECTED	6	1
70070426	signature/xor/5/5	REJECTED	6	1
70070426	signature/xor/5/6	REJECTED	6	1
70070426	signature/xor/5/7	REJECTED	6	1
70070426	signature/xor/6/0	REJECTED	6	1
70070426	signature/xor/6/1	REJECTED	6	1
70070426	signature/xor/6/2	REJECTED	6	1
70070426	signature/xor/6/3	REJECTED	6	1
70070426	signature/xor/6/4	REJECTED	6	1
70070426	signature/xor/6/5	REJECTED	6	1
70070426	signature/xor/6/6	REJECTED	6	1
70070426	signature/xor/6/7	REJECTED	6	1
70070426	signature/xor/7/0	REJECTED	6	1
70070426	signature/xor/7/1	REJECTED	6	1
70070426	signature/xor/7/2	REJECTED	6	1
70070426	signature/xor/7/3	REJECTED	6	1
70070426	signature/xor/7/4	REJECTED	6	1
70070426	signature/xor/7/5	REJECTED	6	1
70070426	signature/xor/7/6	REJECTED	6	1
70070426	signature/xor/7/7	REJECTED	6	1
70070426	signature/xor/8/0	REJECTED	6	1
70070426	signature/xor/8/1	REJECTED	6	1
70070426	signature/xor/8/2	REJECTED	6	1
70070426	signature/xor/8/3	REJECTED	6	1
70070426	signature/xor/8/4	REJECTED	6	1
70070426	signature/xor/8/5	REJECTED	6	1
70070426	signature/xor/8/6	REJECTED	6	1
70070426	signature/xor/8/7	REJECTED	6	1
70070426	signature/xor/9/0	REJECTED	6	1
70070426	signature/xor/9/1	REJECTED	6	1
70070426	signature/xor/9/2	REJECTED	6	1
70070426	signature/xor/9/3	REJECTED	6	1
70070426	signature/xor/9/4	REJECTED	6	1
70070426	signature/xor/9/5	REJECTED	6	1
70070426	signature/xor/9/6	REJECTED	6	1
70070426	signature/xor/9/7	REJECTED	6	1
70070426	signature/xor/10/0	REJECTED	6	1
70070426	signature/xor/10/1	REJECTED	6	1
70070426	signature/xor/10/2	REJECTED	6	1
70070426	signature/xor/10/3	REJECTED	6	1
70070426	signature/xor/10/4	REJECTED	6	1
70070426	signature/xor/10/5	REJECTED	6	1
70070426	signature/xor/10/6	REJECTED	6	1
70070426	signature/xor/10/7	REJECTED	6	1
70070426	signature/xor/11/0	REJECTED	6	1
70070426	signature/xor/11/1	REJECTED	6	1
70070426	signature/xor/11/2	REJECTED	6	1
70070426	signature/xor/11/3	REJECTED	6	1
70070426	signature/xor/11/4	REJECTED	6	1
70070426	signature/xor/11/5	REJECTED	6	1
70070426	signature/xor/11/6	REJECTED	6	1
70070426	signature/xor/11/7	REJECTED	6	1
70070426	signature/xor/12/0	REJECTED	6	1
70070426	signature/xor/12/1	REJECTED	6	1
70070426	signature/xor/12/2	REJECTED	6	1
70070426	signature/xor/12/3	REJECTED	6	1
70070426	signature/xor/12/4	REJECTED	6	1
70070426	signature/xor/12/5	REJECTED	6	1
70070426	signature/xor/12/6	REJECTED	6	1
70070426	signature/xor/12/7	REJECTED	6	1
70070426	signature/xor/13/0	REJECTED	6	1
70070426	signature/xor/13/1	REJECTED	6	1
70070426	signature/xor/13/2	REJECTED	6	1
70070426	signature/xor/13/3	REJECTED	6	1
70070426	signature/xor/13/4	REJECTED	6	1
70070426	signature/xor/13/5	REJECTED	6	1
70070426	signature/xor/13/6	REJECTED	6	1
70070426	signature/xor/13/7	REJECTED	6	1
70070426	signature/xor/14/0	REJECTED	6	1
70070426	signature/xor/14/1	REJECTED	6	1
70070426	signature/xor/14/2	REJECTED	6	1
70070426	signature/xor/14/3	REJECTED	6	1
70070426	signature/xor/14/4	REJECTED	6	1
70070426	signature/xor/14/5	REJECTED	6	1
70070426	signature/xor/14/6	REJECTED	6	1
70070426	signature/xor/14/7	REJECTED	6	1
70070426	signature/xor/15/0	REJECTED	6	1
70070426	signature/xor/15/1	REJECTED	6	1
70070426	signature/xor/15/2	REJECTED	6	1
70070426	signature/xor/15/3	REJECTED	6	1
70070426	signature/xor/15/4	REJECTED	6	1
70070426	signature/xor/15/5	REJECTED	6	1
70070426	signature/xor/15/6	REJECTED	6	1
70070426	signature/xor/15/7	REJECTED	6	1
70070426	signature/xor/16/0	REJECTED	6	1
70070426	signature/xor/16/1	REJECTED	6	1
70070426	signature/xor/16/2	REJECTED	6	1
70070426	signature/xor/16/3	REJECTED	6	1
70070426	signature/xor/16/4	REJECTED	6	1
70070426	signature/xor/16/5	REJECTED	6	1
70070426	signature/xor/16/6	REJECTED	6	1
70070426	signature/xor/16/7	REJECTED	6	1
70070426	signature/xor/17/0	REJECTED	6	1
70070426	signature/xor/17/1	REJECTED	6	1
70070426	signature/xor/17/2	REJECTED	6	1
70070426	signature/xor/17/3	REJECTED	6	1
70070426	signature/xor/17/4	REJECTED	6	1
70070426	signature/xor/17/5	REJECTED	6	1
70070426	signature/xor/17/6	REJECTED	6	1
70070426	signature/xor/17/7	REJECTED	6	1
70070426	signature/xor/18/0	REJECTED	6	1
70070426	signature/xor/18/1	REJECTED	6	1
70070426	signature/xor/18/2	REJECTED	6	1
70070426	signature/xor/18/3	REJECTED	6	1
70070426	signature/xor/18/4	REJECTED	6	1
70070426	signature/xor/18/5	REJECTED	6	1
70070426	signature/xor/18/6	REJECTED	6	1
70070426	signature/xor/18/7	REJECTED	6	1
70070426	signature/xor/19/0	REJECTED	6	1
70070426	signature/xor/19/1	REJECTED	6	1
70070426	signature/xor/19/2	REJECTED	6	1
70070426	signature/xor/19/3	REJECTED	6	1
70070426	signature/xor/19/4	REJECTED	6	1
70070426	signature/xor/19/5	REJECTED	6	1
70070426	signature/xor/19/6	REJECTED	6	1
70070426	signature/xor/19/7	REJECTED	6	1
70070426	signature/xor/20/0	REJECTED	6	1
70070426	signature/xor/20/1	REJECTED	6	1
70070426	signature/xor/20/2	REJECTED	6	1
70070426	signature/xor/20/3	REJECTED	6	1
70070426	signature/xor/20/4	REJECTED	6	1
70070426	signature/xor/20/5	REJECTED	6	1
70070426	signature/xor/20/6	REJECTED	6	1
70070426	signature/xor/20/7	REJECTED	6	1
70070426	signature/xor/21/0	REJECTED	6	1
70070426	signature/xor/21/1	REJECTED	6	1
70070426	signature/xor/21/2	REJECTED	6	1
70070426	signature/xor/21/3	REJECTED	6	1
70070426	signature/xor/21/4	REJECTED	6	1
70070426	signature/xor/21/5	REJECTED	6	1
70070426	signature/xor/21/6	REJECTED	6	1
70070426	signature/xor/21/7	REJECTED	6	1
70070426	signature/xor/22/0	REJECTED	6	1
70070426	signature/xor/22/1	REJECTED	6	1
70070426	signature/xor/22/2	REJECTED	6	1
70070426	signature/xor/22/3	REJECTED	6	1
70070426	signature/xor/22/4	REJECTED	6	1
70070426	signature/xor/22/5	REJECTED	6	1
70070426	signature/xor/22/6	REJECTED	6	1
70070426	signature/xor/22/7	REJECTED	6	1
70070426	signature/xor/23/0	REJECTED	6	1
70070426	signature/xor/23/1	REJECTED	6	1
70070426	signature/xor/23/2	REJECTED	6	1
70070426	signature/xor/23/3	REJECTED	6	1
70070426	signature/xor/23/4	REJECTED	6	1
70070426	signature/xor/23/5	REJECTED	6	1
70070426	signature/xor/23/6	REJECTED	6	1
70070426	signature/xor/23/7	REJECTED	6	1
70070426	signature/xor/24/0	REJECTED	6	1
70070426	signature/xor/24/1	REJECTED	6	1
70070426	signature/xor/24/2	REJECTED	6	1
70070426	signature/xor/24/3	REJECTED	6	1
70070426	signature/xor/24/4	REJECTED	6	1
70070426	signature/xor/24/5	REJECTED	6	1
70070426	signature/xor/24/6	REJECTED	6	1
70070426	signature/xor/24/7	REJECTED	6	1
70070426	signature/xor/25/0	REJECTED	6	1
70070426	signature/xor/25/1	REJECTED	6	1
70070426	signature/xor/25/2	REJECTED	6	1
70070426	signature/xor/25/3	REJECTED	6	1
70070426	signature/xor/25/4	REJECTED	6	1
70070426	signature/xor/25/5	REJECTED	6	1
70070426	signature/xor/25/6	REJECTED	6	1
70070426	signature/xor/25/7	REJECTED	6	1
70070426	signature/xor/26/0	REJECTED	6	1
70070426	signature/xor/26/1	REJECTED	6	1
70070426	signature/xor/26/2	REJECTED	6	1
70070426	signature/xor/26/3	REJECTED	6	1
70070426	signature/xor/26/4	REJECTED	6	1
70070426	signature/xor/26/5	REJECTED	6	1
70070426	signature/xor/26/6	REJECTED	6	1
70070426	signature/xor/26/7	REJECTED	6	1
70070426	signature/xor/27/0	REJECTED	6	1
70070426	signature/xor/27/1	REJECTED	6	1
70070426	signature/xor/27/2	REJECTED	6	1
70070426	signature/xor/27/3	REJECTED	6	1
70070426	signature/xor/27/4	REJECTED	6	1
70070426	signature/xor/27/5	REJECTED	6	1
70070426	signature/xor/27/6	REJECTED	6	1
70070426	signature/xor/27/7	REJECTED	6	1
70070426	signature/xor/28/0	REJECTED	6	1
70070426	signature/xor/28/1	REJECTED	6	1
70070426	signature/xor/28/2	REJECTED	6	1
70070426	signature/xor/28/3	REJECTED	6	1
70070426	signature/xor/28/4	REJECTED	6	1
70070426	signature/xor/28/5	REJECTED	6	1
70070426	signature/xor/28/6	REJECTED	6	1
70070426	signature/xor/28/7	REJECTED	6	1
70070426	signature/xor/29/0	REJECTED	6	1
70070426	signature/xor/29/1	REJECTED	6	1
70070426	signature/xor/29/2	REJECTED	6	1
70070426	signature/xor/29/3	REJECTED	6	1
70070426	signature/xor/29/4	REJECTED	6	1
70070426	signature/xor/29/5	REJECTED	6	1
70070426	signature/xor/29/6	REJECTED	6	1
70070426	signature/xor/29/7	REJECTED	6	1
70070426	signature/xor/30/0	REJECTED	6	1
70070426	signature/xor/30/1	REJECTED	6	1
70070426	signature/xor/30/2	REJECTED	6	1
70070426	signature/xor/30/3	REJECTED	6	1
70070426	signature/xor/30/4	REJECTED	6	1
70070426	signature/xor/30/5	REJECTED	6	1
70070426	signature/xor/30/6	REJECTED	6	1
70070426	signature/xor/30/7	REJECTED	6	1
70070426	signature/xor/31/0	REJECTED	6	1
70070426	signature/xor/31/1	REJECTED	6	1
70070426	signature/xor/31/2	REJECTED	6	1
70070426	signature/xor/31/3	REJECTED	6	1
70070426	signature/xor/31/4	REJECTED	6	1
70070426	signature/xor/31/5	REJECTED	6	1
70070426	signature/xor/31/6	REJECTED	6	1
70070426	signature/xor/31/7	REJECTED	6	1
70070426	signature/xor/32/0	REJECTED	6	1
70070426	signature/xor/32/1	REJECTED	6	1
70070426	signature/xor/32/2	REJECTED	6	1
70070426	signature/xor/32/3	REJECTED	6	1
70070426	signature/xor/32/4	REJECTED	6	1
70070426	signature/xor/32/5	REJECTED	6	1
70070426	signature/xor/32/6	REJECTED	6	1
70070426	signature/xor/32/7	REJECTED	6	1
70070426	signature/xor/33/0	REJECTED	6	1
70070426	signature/xor/33/1	REJECTED	6	1
70070426	signature/xor/33/2	REJECTED	6	1
70070426	signature/xor/33/3	REJECTED	6	1
70070426	signature/xor/33/4	REJECTED	6	1
70070426	signature/xor/33/5	REJECTED	6	1
70070426	signature/xor/33/6	REJECTED	6	1
70070426	signature/xor/33/7	REJECTED	6	1
70070426	signature/xor/34/0	REJECTED	6	1
70070426	signature/xor/34/1	REJECTED	6	1
70070426	signature/xor/34/2	REJECTED	6	1
70070426	signature/xor/34/3	REJECTED	6	1
70070426	signature/xor/34/4	REJECTED	6	1
70070426	signature/xor/34/5	REJECTED	6	1
70070426	signature/xor/34/6	REJECTED	6	1
70070426	signature/xor/34/7	REJECTED	6	1
70070426	signature/xor/35/0	REJECTED	6	1
70070426	signature/xor/35/1	REJECTED	6	1
70070426	signature/xor/35/2	REJECTED	6	1
70070426	signature/xor/35/3	REJECTED	6	1
70070426	signature/xor/35/4	REJECTED	6	1
70070426	signature/xor/35/5	REJECTED	6	1
70070426	signature/xor/35/6	REJECTED	6	1
70070426	signature/xor/35/7	REJECTED	6	1
70070426	signature/xor/36/0	REJECTED	6	1
70070426	signature/xor/36/1	REJECTED	6	1
70070426	signature/xor/36/2	REJECTED	6	1
70070426	signature/xor/36/3	REJECTED	6	1
70070426	signature/xor/36/4	REJECTED	6	1
70070426	signature/xor/36/5	REJECTED	6	1
70070426	signature/xor/36/6	REJECTED	6	1
70070426	signature/xor/36/7	REJECTED	6	1
70070426	signature/xor/37/0	REJECTED	6	1
70070426	signature/xor/37/1	REJECTED	6	1
70070426	signature/xor/37/2	REJECTED	6	1
70070426	signature/xor/37/3	REJECTED	6	1
70070426	signature/xor/37/4	REJECTED	6	1
70070426	signature/xor/37/5	REJECTED	6	1
70070426	signature/xor/37/6	REJECTED	6	1
70070426	signature/xor/37/7	REJECTED	6	1
70070426	signature/xor/38/0	REJECTED	6	1
70070426	signature/xor/38/1	REJECTED	6	1
70070426	signature/xor/38/2	REJECTED	6	1
70070426	signature/xor/38/3	REJECTED	6	1
70070426	signature/xor/38/4	REJECTED	6	1
70070426	signature/xor/38/5	REJECTED	6	1
70070426	signature/xor/38/6	REJECTED	6	1
70070426	signature/xor/38/7	REJECTED	6	1
70070426	signature/xor/39/0	REJECTED	6	1
70070426	signature/xor/39/1	REJECTED	6	1
70070426	signature/xor/39/2	REJECTED	6	1
70070426	signature/xor/39/3	REJECTED	6	1
70070426	signature/xor/39/4	REJECTED	6	1
70070426	signature/xor/39/5	REJECTED	6	1
70070426	signature/xor/39/6	REJECTED	6	1
70070426	signature/xor/39/7	REJECTED	6	1
70070426	signature/xor/40/0	REJECTED	6	1
70070426	signature/xor/40/1	REJECTED	6	1
70070426	signature/xor/40/2	REJECTED	6	1
70070426	signature/xor/40/3	REJECTED	6	1
70070426	signature/xor/40/4	REJECTED	6	1
70070426	signature/xor/40/5	REJECTED	6	1
70070426	signature/xor/40/6	REJECTED	6	1
70070426	signature/xor/40/7	REJECTED	6	1
70070426	signature/xor/41/0	REJECTED	6	1
70070426	signature/xor/41/1	REJECTED	6	1
70070426	signature/xor/41/2	REJECTED	6	1
70070426	signature/xor/41/3	REJECTED	6	1
70070426	signature/xor/41/4	REJECTED	6	1
70070426	signature/xor/41/5	REJECTED	6	1
70070426	signature/xor/41/6	REJECTED	6	1
70070426	signature/xor/41/7	REJECTED	6	1
70070426	signature/xor/42/0	REJECTED	6	1
70070426	signature/xor/42/1	REJECTED	6	1
70070426	signature/xor/42/2	REJECTED	6	1
70070426	signature/xor/42/3	REJECTED	6	1
70070426	signature/xor/42/4	REJECTED	6	1
70070426	signature/xor/42/5	REJECTED	6	1
70070426	signature/xor/42/6	REJECTED	6	1
70070426	signature/xor/42/7	REJECTED	6	1
70070426	signature/xor/43/0	REJECTED	6	1
70070426	signature/xor/43/1	REJECTED	6	1
70070426	signature/xor/43/2	REJECTED	6	1
70070426	signature/xor/43/3	REJECTED	6	1
70070426	signature/xor/43/4	REJECTED	6	1
70070426	signature/xor/43/5	REJECTED	6	1
70070426	signature/xor/43/6	REJECTED	6	1
70070426	signature/xor/43/7	REJECTED	6	1
70070426	signature/xor/44/0	REJECTED	6	1
70070426	signature/xor/44/1	REJECTED	6	1
70070426	signature/xor/44/2	REJECTED	6	1
70070426	signature/xor/44/3	REJECTED	6	1
70070426	signature/xor/44/4	REJECTED	6	1
70070426	signature/xor/44/5	REJECTED	6	1
70070426	signature/xor/44/6	REJECTED	6	1
70070426	signature/xor/44/7	REJECTED	6	1
70070426	signature/xor/45/0	REJECTED	6	1
70070426	signature/xor/45/1	REJECTED	6	1
70070426	signature/xor/45/2	REJECTED	6	1
70070426	signature/xor/45/3	REJECTED	6	1
70070426	signature/xor/45/4	REJECTED	6	1
70070426	signature/xor/45/5	REJECTED	6	1
70070426	signature/xor/45/6	REJECTED	6	1
70070426	signature/xor/45/7	REJECTED	6	1
70070426	signature/xor/46/0	REJECTED	6	1
70070426	signature/xor/46/1	REJECTED	6	1
70070426	signature/xor/46/2	REJECTED	6	1
70070426	signature/xor/46/3	REJECTED	6	1
70070426	signature/xor/46/4	REJECTED	6	1
70070426	signature/xor/46/5	REJECTED	6	1
70070426	signature/xor/46/6	REJECTED	6	1
70070426	signature/xor/46/7	REJECTED	6	1
70070426	signature/xor/47/0	REJECTED	6	1
70070426	signature/xor/47/1	REJECTED	6	1
70070426	signature/xor/47/2	REJECTED	6	1
70070426	signature/xor/47/3	REJECTED	6	1
70070426	signature/xor/47/4	REJECTED	6	1
70070426	signature/xor/47/5	REJECTED	6	1
70070426	signature/xor/47/6	REJECTED	6	1
70070426	signature/xor/47/7	REJECTED	6	1
70070426	signature/xor/48/0	REJECTED	6	1
70070426	signature/xor/48/1	REJECTED	6	1
70070426	signature/xor/48/2	REJECTED	6	1
70070426	signature/xor/48/3	REJECTED	6	1
70070426	signature/xor/48/4	REJECTED	6	1
70070426	signature/xor/48/5	REJECTED	6	1
70070426	signature/xor/48/6	REJECTED	6	1
70070426	signature/xor/48/7	REJECTED	6	1
70070426	signature/xor/49/0	REJECTED	6	1
70070426	signature/xor/49/1	REJECTED	6	1
70070426	signature/xor/49/2	REJECTED	6	1
70070426	signature/xor/49/3	REJECTED	6	1
70070426	signature/xor/49/4	REJECTED	6	1
70070426	signature/xor/49/5	REJECTED	6	1
70070426	signature/xor/49/6	REJECTED	6	1
70070426	signature/xor/49/7	REJECTED	6	1
70070426	signature/xor/50/0	REJECTED	6	1
70070426	signature/xor/50/1	REJECTED	6	1
70070426	signature/xor/50/2	REJECTED	6	1
70070426	signature/xor/50/3	REJECTED	6	1
70070426	signature/xor/50/4	REJECTED	6	1
70070426	signature/xor/50/5	REJECTED	6	1
70070426	signature/xor/50/6	REJECTED	6	1
70070426	signature/xor/50/7	REJECTED	6	1
70070426	signature/xor/51/0	REJECTED	6	1
70070426	signature/xor/51/1	REJECTED	6	1
70070426	signature/xor/51/2	REJECTED	6	1
70070426	signature/xor/51/3	REJECTED	6	1
70070426	signature/xor/51/4	REJECTED	6	1
70070426	signature/xor/51/5	REJECTED	6	1
70070426	signature/xor/51/6	REJECTED	6	1
70070426	signature/xor/51/7	REJECTED	6	1
70070426	signature/xor/52/0	REJECTED	6	1
70070426	signature/xor/52/1	REJECTED	6	1
70070426	signature/xor/52/2	REJECTED	6	1
70070426	signature/xor/52/3	REJECTED	6	1
70070426	signature/xor/52/4	REJECTED	6	1
70070426	signature/xor/52/5	REJECTED	6	1
70070426	signature/xor/52/6	REJECTED	6	1
70070426	signature/xor/52/7	REJECTED	6	1
70070426	signature/xor/53/0	REJECTED	6	1
70070426	signature/xor/53/1	REJECTED	6	1
70070426	signature/xor/53/2	REJECTED	6	1
70070426	signature/xor/53/3	REJECTED	6	1
70070426	signature/xor/53/4	REJECTED	6	1
70070426	signature/xor/53/5	REJECTED	6	1
70070426	signature/xor/53/6	REJECTED	6	1
70070426	signature/xor/53/7	REJECTED	6	1
70070426	signature/xor/54/0	REJECTED	6	1
70070426	signature/xor/54/1	REJECTED	6	1
70070426	signature/xor/54/2	REJECTED	6	1
70070426	signature/xor/54/3	REJECTED	6	1
70070426	signature/xor/54/4	REJECTED	6	1
70070426	signature/xor/54/5	REJECTED	6	1
70070426	signature/xor/54/6	REJECTED	6	1
70070426	signature/xor/54/7	REJECTED	6	1
70070426	signature/xor/55/0	REJECTED	6	1
70070426	signature/xor/55/1	REJECTED	6	1
70070426	signature/xor/55/2	REJECTED	6	1
70070426	signature/xor/55/3	REJECTED	6	1
70070426	signature/xor/55/4	REJECTED	6	1
70070426	signature/xor/55/5	REJECTED	6	1
70070426	signature/xor/55/6	REJECTED	6	1
70070426	signature/xor/55/7	REJECTED	6	1
70070426	signature/xor/56/0	REJECTED	6	1
70070426	signature/xor/56/1	REJECTED	6	1
70070426	signature/xor/56/2	REJECTED	6	1
70070426	signature/xor/56/3	REJECTED	6	1
70070426	signature/xor/56/4	REJECTED	6	1
70070426	signature/xor/56/5	REJECTED	6	1
70070426	signature/xor/56/6	REJECTED	6	1
70070426	signature/xor/56/7	REJECTED	6	1
70070426	signature/xor/57/0	REJECTED	6	1
70070426	signature/xor/57/1	REJECTED	6	1
70070426	signature/xor/57/2	REJECTED	6	1
70070426	signature/xor/57/3	REJECTED	6	1
70070426	signature/xor/57/4	REJECTED	6	1
70070426	signature/xor/57/5	REJECTED	6	1
70070426	signature/xor/57/6	REJECTED	6	1
70070426	signature/xor/57/7	REJECTED	6	1
70070426	signature/xor/58/0	REJECTED	6	1
70070426	signature/xor/58/1	REJECTED	6	1
70070426	signature/xor/58/2	REJECTED	6	1
70070426	signature/xor/58/3	REJECTED	6	1
70070426	signature/xor/58/4	REJECTED	6	1
70070426	signature/xor/58/5	REJECTED	6	1
70070426	signature/xor/58/6	REJECTED	6	1
70070426	signature/xor/58/7	REJECTED	6	1
70070426	signature/xor/59/0	REJECTED	6	1
70070426	signature/xor/59/1	REJECTED	6	1
70070426	signature/xor/59/2	REJECTED	6	1
70070426	signature/xor/59/3	REJECTED	6	1
70070426	signature/xor/59/4	REJECTED	6	1
70070426	signature/xor/59/5	REJECTED	6	1
70070426	signature/xor/59/6	REJECTED	6	1
70070426	signature/xor/59/7	REJECTED	6	1
70070426	signature/xor/60/0	REJECTED	6	1
70070426	signature/xor/60/1	REJECTED	6	1
70070426	signature/xor/60/2	REJECTED	6	1
70070426	signature/xor/60/3	REJECTED	6	1
70070426	signature/xor/60/4	REJECTED	6	1
70070426	signature/xor/60/5	REJECTED	6	1
70070426	signature/xor/60/6	REJECTED	6	1
70070426	signature/xor/60/7	REJECTED	6	1
70070426	signature/xor/61/0	REJECTED	6	1
70070426	signature/xor/61/1	REJECTED	6	1
70070426	signature/xor/61/2	REJECTED	6	1
70070426	signature/xor/61/3	REJECTED	6	1
70070426	signature/xor/61/4	REJECTED	6	1
70070426	signature/xor/61/5	REJECTED	6	1
70070426	signature/xor/61/6	REJECTED	6	1
70070426	signature/xor/61/7	REJECTED	6	1
70070426	signature/xor/62/0	REJECTED	6	1
70070426	signature/xor/62/1	REJECTED	6	1
70070426	signature/xor/62/2	REJECTED	6	1
70070426	signature/xor/62/3	REJECTED	6	1
70070426	signature/xor/62/4	REJECTED	6	1
70070426	signature/xor/62/5	REJECTED	6	1
70070426	signature/xor/62/6	REJECTED	6	1
70070426	signature/xor/62/7	REJECTED	6	1
70070426	signature/xor/63/0	REJECTED	6	1
70070426	signature/xor/63/1	REJECTED	6	1
70070426	signature/xor/63/2	REJECTED	6	1
70070426	signature/xor/63/3	REJECTED	6	1
70070426	signature/xor/63/4	REJECTED	6	1
70070426	signature/xor/63/5	REJECTED	6	1
70070426	signature/xor/63/6	REJECTED	6	1
70070426	signature/xor/63/7	REJECTED	6	1
70070426	signature/xor/64/0	REJECTED	6	0
70070426	signature/xor/64/1	REJECTED	6	0
70070426	signature/xor/64/2	REJECTED	6	0
70070426	signature/xor/64/3	REJECTED	6	0
70070426	signature/xor/64/4	REJECTED	6	0
70070426	signature/xor/64/5	REJECTED	6	0
70070426	signature/xor/64/6	REJECTED	6	0
70070426	signature/xor/64/7	REJECTED	6	0
70070426	signature/xor/65/0	REJECTED	6	0
70070426	signature/xor/65/1	REJECTED	6	0
70070426	signature/xor/65/2	REJECTED	6	0
70070426	signature/xor/65/3	REJECTED	6	0
70070426	signature/xor/65/4	REJECTED	6	0
70070426	signature/xor/65/5	REJECTED	6	0
70070426	signature/xor/65/6	REJECTED	6	0
70070426	signature/xor/65/7	REJECTED	6	0
70070426	signature/xor/66/0	REJECTED	6	0
70070426	signature/xor/66/1	REJECTED	6	0
70070426	signature/xor/66/2	REJECTED	6	0
70070426	signature/xor/66/3	REJECTED	6	0
70070426	signature/xor/66/4	REJECTED	6	0
70070426	signature/xor/66/5	REJECTED	6	0
70070426	signature/xor/66/6	REJECTED	6	0
70070426	signature/xor/66/7	REJECTED	6	0
70070426	signature/xor/67/0	REJECTED	6	0
70070426	signature/xor/67/1	REJECTED	6	0
70070426	signature/xor/67/2	REJECTED	6	0
70070426	signature/xor/67/3	REJECTED	6	0
70070426	signature/xor/67/4	REJECTED	6	0
70070426	signature/xor/67/5	REJECTED	6	0
70070426	signature/xor/67/6	REJECTED	6	0
70070426	signature/xor/67/7	REJECTED	6	0
70070426	signature/xor/68/0	REJECTED	6	0
70070426	signature/xor/68/1	REJECTED	6	0
70070426	signature/xor/68/2	REJECTED	6	0
70070426	signature/xor/68/3	REJECTED	6	0
70070426	signature/xor/68/4	REJECTED	6	0
70070426	signature/xor/68/5	REJECTED	6	0
70070426	signature/xor/68/6	REJECTED	6	0
70070426	signature/xor/68/7	REJECTED	6	0
70070426	signature/xor/69/0	REJECTED	6	0
70070426	signature/xor/69/1	REJECTED	6	0
70070426	signature/xor/69/2	REJECTED	6	0
70070426	signature/xor/69/3	REJECTED	6	0
70070426	signature/xor/69/4	REJECTED	6	0
70070426	signature/xor/69/5	REJECTED	6	0
70070426	signature/xor/69/6	REJECTED	6	0
70070426	signature/xor/69/7	REJECTED	6	0
70070426	signature/xor/70/0	REJECTED	6	0
70070426	signature/xor/70/1	REJECTED	6	0
70070426	signature/xor/70/2	REJECTED	6	0
70070426	signature/xor/70/3	REJECTED	6	0
70070426	signature/xor/70/4	REJECTED	6	0
70070426	signature/xor/70/5	REJECTED	6	0
70070426	signature/xor/70/6	REJECTED	6	0
70070426	signature/xor/70/7	REJECTED	6	0
70070426	signature/xor/71/0	REJECTED	6	0
70070426	signature/xor/71/1	REJECTED	6	0
70070426	signature/xor/71/2	REJECTED	6	0
70070426	signature/xor/71/3	REJECTED	6	0
70070426	signature/xor/71/4	REJECTED	6	0
70070426	signature/xor/71/5	REJECTED	6	0
70070426	signature/xor/71/6	REJECTED	6	0
70070426	signature/xor/71/7	REJECTED	6	0
70070426	signature/xor/72/0	REJECTED	6	0
70070426	signature/xor/72/1	REJECTED	6	0
70070426	signature/xor/72/2	REJECTED	6	0
70070426	signature/xor/72/3	REJECTED	6	0
70070426	signature/xor/72/4	REJECTED	6	0
70070426	signature/xor/72/5	REJECTED	6	0
70070426	signature/xor/72/6	REJECTED	6	0
70070426	signature/xor/72/7	REJECTED	6	0
70070426	signature/xor/73/0	REJECTED	6	0
70070426	signature/xor/73/1	REJECTED	6	0
70070426	signature/xor/73/2	REJECTED	6	0
70070426	signature/xor/73/3	REJECTED	6	0
70070426	signature/xor/73/4	REJECTED	6	0
70070426	signature/xor/73/5	REJECTED	6	0
70070426	signature/xor/73/6	REJECTED	6	0
70070426	signature/xor/73/7	REJECTED	6	0
70070426	signature/xor/74/0	REJECTED	6	0
70070426	signature/xor/74/1	REJECTED	6	0
70070426	signature/xor/74/2	REJECTED	6	0
70070426	signature/xor/74/3	REJECTED	6	0
70070426	signature/xor/74/4	REJECTED	6	0
70070426	signature/xor/74/5	REJECTED	6	0
70070426	signature/xor/74/6	REJECTED	6	0
70070426	signature/xor/74/7	REJECTED	6	0
70070426	signature/xor/75/0	REJECTED	6	0
70070426	signature/xor/75/1	REJECTED	6	0
70070426	signature/xor/75/2	REJECTED	6	0
70070426	signature/xor/75/3	REJECTED	6	0
70070426	signature/xor/75/4	REJECTED	6	0
70070426	signature/xor/75/5	REJECTED	6	0
70070426	signature/xor/75/6	REJECTED	6	0
70070426	signature/xor/75/7	REJECTED	6	0
70070426	signature/xor/76/0	REJECTED	6	0
70070426	signature/xor/76/1	REJECTED	6	0
70070426	signature/xor/76/2	REJECTED	6	0
70070426	signature/xor/76/3	REJECTED	6	0
70070426	signature/xor/76/4	REJECTED	6	0
70070426	signature/xor/76/5	REJECTED	6	0
70070426	signature/xor/76/6	REJECTED	6	0
70070426	signature/xor/76/7	REJECTED	6	0
70070426	signature/xor/77/0	REJECTED	6	0
70070426	signature/xor/77/1	REJECTED	6	0
70070426	signature/xor/77/2	REJECTED	6	0
70070426	signature/xor/77/3	REJECTED	6	0
70070426	signature/xor/77/4	REJECTED	6	0
70070426	signature/xor/77/5	REJECTED	6	0
70070426	signature/xor/77/6	REJECTED	6	0
70070426	signature/xor/77/7	REJECTED	6	0
70070426	signature/xor/78/0	REJECTED	6	0
70070426	signature/xor/78/1	REJECTED	6	0
70070426	signature/xor/78/2	REJECTED	6	0
70070426	signature/xor/78/3	REJECTED	6	0
70070426	signature/xor/78/4	REJECTED	6	0
70070426	signature/xor/78/5	REJECTED	6	0
70070426	signature/xor/78/6	REJECTED	6	0
70070426	signature/xor/78/7	REJECTED	6	0
70070426	signature/xor/79/0	REJECTED	6	0
70070426	signature/xor/79/1	REJECTED	6	0
70070426	signature/xor/79/2	REJECTED	6	0
70070426	signature/xor/79/3	REJECTED	6	0
70070426	signature/xor/79/4	REJECTED	6	0
70070426	signature/xor/79/5	REJECTED	6	0
70070426	signature/xor/79/6	REJECTED	6	0
70070426	signature/xor/79/7	REJECTED	6	0
70070426	signature/xor/80/0	REJECTED	6	0
70070426	signature/xor/80/1	REJECTED	6	0
70070426	signature/xor/80/2	REJECTED	6	0
70070426	signature/xor/80/3	REJECTED	6	0
70070426	signature/xor/80/4	REJECTED	6	0
70070426	signature/xor/80/5	REJECTED	6	0
70070426	signature/xor/80/6	REJECTED	6	0
70070426	signature/xor/80/7	REJECTED	6	0
70070426	signature/xor/81/0	REJECTED	6	0
70070426	signature/xor/81/1	REJECTED	6	0
70070426	signature/xor/81/2	REJECTED	6	0
70070426	signature/xor/81/3	REJECTED	6	0
70070426	signature/xor/81/4	REJECTED	6	0
70070426	signature/xor/81/5	REJECTED	6	0
70070426	signature/xor/81/6	REJECTED	6	0
70070426	signature/xor/81/7	REJECTED	6	0
70070426	signature/xor/82/0	REJECTED	6	0
70070426	signature/xor/82/1	REJECTED	6	0
70070426	signature/xor/82/2	REJECTED	6	0
70070426	signature/xor/82/3	REJECTED	6	0
70070426	signature/xor/82/4	REJECTED	6	0
70070426	signature/xor/82/5	REJECTED	6	0
70070426	signature/xor/82/6	REJECTED	6	0
70070426	signature/xor/82/7	REJECTED	6	0
70070426	signature/xor/83/0	REJECTED	6	0
70070426	signature/xor/83/1	REJECTED	6	0
70070426	signature/xor/83/2	REJECTED	6	0
70070426	signature/xor/83/3	REJECTED	6	0
70070426	signature/xor/83/4	REJECTED	6	0
70070426	signature/xor/83/5	REJECTED	6	0
70070426	signature/xor/83/6	REJECTED	6	0
70070426	signature/xor/83/7	REJECTED	6	0
70070426	signature/xor/84/0	REJECTED	6	0
70070426	signature/xor/84/1	REJECTED	6	0
70070426	signature/xor/84/2	REJECTED	6	0
70070426	signature/xor/84/3	REJECTED	6	0
70070426	signature/xor/84/4	REJECTED	6	0
70070426	signature/xor/84/5	REJECTED	6	0
70070426	signature/xor/84/6	REJECTED	6	0
70070426	signature/xor/84/7	REJECTED	6	0
70070426	signature/xor/85/0	REJECTED	6	0
70070426	signature/xor/85/1	REJECTED	6	0
70070426	signature/xor/85/2	REJECTED	6	0
70070426	signature/xor/85/3	REJECTED	6	0
70070426	signature/xor/85/4	REJECTED	6	0
70070426	signature/xor/85/5	REJECTED	6	0
70070426	signature/xor/85/6	REJECTED	6	0
70070426	signature/xor/85/7	REJECTED	6	0
70070426	signature/xor/86/0	REJECTED	6	0
70070426	signature/xor/86/1	REJECTED	6	0
70070426	signature/xor/86/2	REJECTED	6	0
70070426	signature/xor/86/3	REJECTED	6	0
70070426	signature/xor/86/4	REJECTED	6	0
70070426	signature/xor/86/5	REJECTED	6	0
70070426	signature/xor/86/6	REJECTED	6	0
70070426	signature/xor/86/7	REJECTED	6	0
70070426	signature/xor/87/0	REJECTED	6	0
70070426	signature/xor/87/1	REJECTED	6	0
70070426	signature/xor/87/2	REJECTED	6	0
70070426	signature/xor/87/3	REJECTED	6	0
70070426	signature/xor/87/4	REJECTED	6	0
70070426	signature/xor/87/5	REJECTED	6	0
70070426	signature/xor/87/6	REJECTED	6	0
70070426	signature/xor/87/7	REJECTED	6	0
70070426	signature/xor/88/0	REJECTED	6	0
70070426	signature/xor/88/1	REJECTED	6	0
70070426	signature/xor/88/2	REJECTED	6	0
70070426	signature/xor/88/3	REJECTED	6	0
70070426	signature/xor/88/4	REJECTED	6	0
70070426	signature/xor/88/5	REJECTED	6	0
70070426	signature/xor/88/6	REJECTED	6	0
70070426	signature/xor/88/7	REJECTED	6	0
70070426	signature/xor/89/0	REJECTED	6	0
70070426	signature/xor/89/1	REJECTED	6	0
70070426	signature/xor/89/2	REJECTED	6	0
70070426	signature/xor/89/3	REJECTED	6	0
70070426	signature/xor/89/4	REJECTED	6	0
70070426	signature/xor/89/5	REJECTED	6	0
70070426	signature/xor/89/6	REJECTED	6	0
70070426	signature/xor/89/7	REJECTED	6	0
70070426	signature/xor/90/0	REJECTED	6	0
70070426	signature/xor/90/1	REJECTED	6	0
70070426	signature/xor/90/2	REJECTED	6	0
70070426	signature/xor/90/3	REJECTED	6	0
70070426	signature/xor/90/4	REJECTED	6	0
70070426	signature/xor/90/5	REJECTED	6	0
70070426	signature/xor/90/6	REJECTED	6	0
70070426	signature/xor/90/7	REJECTED	6	0
70070426	signature/xor/91/0	REJECTED	6	0
70070426	signature/xor/91/1	REJECTED	6	0
70070426	signature/xor/91/2	REJECTED	6	0
70070426	signature/xor/91/3	REJECTED	6	0
70070426	signature/xor/91/4	REJECTED	6	0
70070426	signature/xor/91/5	REJECTED	6	0
70070426	signature/xor/91/6	REJECTED	6	0
70070426	signature/xor/91/7	REJECTED	6	0
70070426	signature/xor/92/0	REJECTED	6	0
70070426	signature/xor/92/1	REJECTED	6	0
70070426	signature/xor/92/2	REJECTED	6	0
70070426	signature/xor/92/3	REJECTED	6	0
70070426	signature/xor/92/4	REJECTED	6	0
70070426	signature/xor/92/5	REJECTED	6	0
70070426	signature/xor/92/6	REJECTED	6	0
70070426	signature/xor/92/7	REJECTED	6	0
70070426	signature/xor/93/0	REJECTED	6	0
70070426	signature/xor/93/1	REJECTED	6	0
70070426	signature/xor/93/2	REJECTED	6	0
70070426	signature/xor/93/3	REJECTED	6	0
70070426	signature/xor/93/4	REJECTED	6	0
70070426	signature/xor/93/5	REJECTED	6	0
70070426	signature/xor/93/6	REJECTED	6	0
70070426	signature/xor/93/7	REJECTED	6	0
70070426	signature/xor/94/0	REJECTED	6	0
70070426	signature/xor/94/1	REJECTED	6	0
70070426	signature/xor/94/2	REJECTED	6	0
70070426	signature/xor/94/3	REJECTED	6	0
70070426	signature/xor/94/4	REJECTED	6	0
70070426	signature/xor/94/5	REJECTED	6	0
70070426	signature/xor/94/6	REJECTED	6	0
70070426	signature/xor/94/7	REJECTED	6	0
70070426	signature/xor/95/0	REJECTED	6	0
70070426	signature/xor/95/1	REJECTED	6	0
70070426	signature/xor/95/2	REJECTED	6	0
70070426	signature/xor/95/3	REJECTED	6	0
70070426	signature/xor/95/4	REJECTED	6	0
70070426	signature/xor/95/5	REJECTED	6	0
70070426	signature/xor/95/6	REJECTED	6	0
70070426	signature/xor/95/7	REJECTED	6	0
70070426	signature/xor/96/0	REJECTED	6	0
70070426	signature/xor/96/1	REJECTED	6	0
70070426	signature/xor/96/2	REJECTED	6	0
70070426	signature/xor/96/3	REJECTED	6	0
70070426	signature/xor/96/4	REJECTED	6	0
70070426	signature/xor/96/5	REJECTED	6	0
70070426	signature/xor/96/6	REJECTED	6	0
70070426	signature/xor/96/7	REJECTED	6	0
70070426	signature/xor/97/0	REJECTED	6	0
70070426	signature/xor/97/1	REJECTED	6	0
70070426	signature/xor/97/2	REJECTED	6	0
70070426	signature/xor/97/3	REJECTED	6	0
70070426	signature/xor/97/4	REJECTED	6	0
70070426	signature/xor/97/5	REJECTED	6	0
70070426	signature/xor/97/6	REJECTED	6	0
70070426	signature/xor/97/7	REJECTED	6	0
70070426	signature/xor/98/0	REJECTED	6	0
70070426	signature/xor/98/1	REJECTED	6	0
70070426	signature/xor/98/2	REJECTED	6	0
70070426	signature/xor/98/3	REJECTED	6	0
70070426	signature/xor/98/4	REJECTED	6	0
70070426	signature/xor/98/5	REJECTED	6	0
70070426	signature/xor/98/6	REJECTED	6	0
70070426	signature/xor/98/7	REJECTED	6	0
70070426	signature/xor/99/0	REJECTED	6	0
70070426	signature/xor/99/1	REJECTED	6	0
70070426	signature/xor/99/2	REJECTED	6	0
70070426	signature/xor/99/3	REJECTED	6	0
70070426	signature/xor/99/4	REJECTED	6	0
70070426	signature/xor/99/5	REJECTED	6	0
70070426	signature/xor/99/6	REJECTED	6	0
70070426	signature/xor/99/7	REJECTED	6	0
70070426	signature/xor/100/0	REJECTED	6	0
70070426	signature/xor/100/1	REJECTED	6	0
70070426	signature/xor/100/2	REJECTED	6	0
70070426	signature/xor/100/3	REJECTED	6	0
70070426	signature/xor/100/4	REJECTED	6	0
70070426	signature/xor/100/5	REJECTED	6	0
70070426	signature/xor/100/6	REJECTED	6	0
70070426	signature/xor/100/7	REJECTED	6	0
70070426	signature/xor/101/0	REJECTED	6	0
70070426	signature/xor/101/1	REJECTED	6	0
70070426	signature/xor/101/2	REJECTED	6	0
70070426	signature/xor/101/3	REJECTED	6	0
70070426	signature/xor/101/4	REJECTED	6	0
70070426	signature/xor/101/5	REJECTED	6	0
70070426	signature/xor/101/6	REJECTED	6	0
70070426	signature/xor/101/7	REJECTED	6	0
70070426	signature/xor/102/0	REJECTED	6	0
70070426	signature/xor/102/1	REJECTED	6	0
70070426	signature/xor/102/2	REJECTED	6	0
70070426	signature/xor/102/3	REJECTED	6	0
70070426	signature/xor/102/4	REJECTED	6	0
70070426	signature/xor/102/5	REJECTED	6	0
70070426	signature/xor/102/6	REJECTED	6	0
70070426	signature/xor/102/7	REJECTED	6	0
70070426	signature/xor/103/0	REJECTED	6	0
70070426	signature/xor/103/1	REJECTED	6	0
70070426	signature/xor/103/2	REJECTED	6	0
70070426	signature/xor/103/3	REJECTED	6	0
70070426	signature/xor/103/4	REJECTED	6	0
70070426	signature/xor/103/5	REJECTED	6	0
70070426	signature/xor/103/6	REJECTED	6	0
70070426	signature/xor/103/7	REJECTED	6	0
70070426	signature/xor/104/0	REJECTED	6	0
70070426	signature/xor/104/1	REJECTED	6	0
70070426	signature/xor/104/2	REJECTED	6	0
70070426	signature/xor/104/3	REJECTED	6	0
70070426	signature/xor/104/4	REJECTED	6	0
70070426	signature/xor/104/5	REJECTED	6	0
70070426	signature/xor/104/6	REJECTED	6	0
70070426	signature/xor/104/7	REJECTED	6	0
70070426	signature/xor/105/0	REJECTED	6	0
70070426	signature/xor/105/1	REJECTED	6	0
70070426	signature/xor/105/2	REJECTED	6	0
70070426	signature/xor/105/3	REJECTED	6	0
70070426	signature/xor/105/4	REJECTED	6	0
70070426	signature/xor/105/5	REJECTED	6	0
70070426	signature/xor/105/6	REJECTED	6	0
70070426	signature/xor/105/7	REJECTED	6	0
70070426	signature/xor/106/0	REJECTED	6	0
70070426	signature/xor/106/1	REJECTED	6	0
70070426	signature/xor/106/2	REJECTED	6	0
70070426	signature/xor/106/3	REJECTED	6	0
70070426	signature/xor/106/4	REJECTED	6	0
70070426	signature/xor/106/5	REJECTED	6	0
70070426	signature/xor/106/6	REJECTED	6	0
70070426	signature/xor/106/7	REJECTED	6	0
70070426	signature/xor/107/0	REJECTED	6	0
70070426	signature/xor/107/1	REJECTED	6	0
70070426	signature/xor/107/2	REJECTED	6	0
70070426	signature/xor/107/3	REJECTED	6	0
70070426	signature/xor/107/4	REJECTED	6	0
70070426	signature/xor/107/5	REJECTED	6	0
70070426	signature/xor/107/6	REJECTED	6	0
70070426	signature/xor/107/7	REJECTED	6	0
70070426	signature/xor/108/0	REJECTED	6	0
70070426	signature/xor/108/1	REJECTED	6	0
70070426	signature/xor/108/2	REJECTED	6	0
70070426	signature/xor/108/3	REJECTED	6	0
70070426	signature/xor/108/4	REJECTED	6	0
70070426	signature/xor/108/5	REJECTED	6	0
70070426	signature/xor/108/6	REJECTED	6	0
70070426	signature/xor/108/7	REJECTED	6	0
70070426	signature/xor/109/0	REJECTED	6	0
70070426	signature/xor/109/1	REJECTED	6	0
70070426	signature/xor/109/2	REJECTED	6	0
70070426	signature/xor/109/3	REJECTED	6	0
70070426	signature/xor/109/4	REJECTED	6	0
70070426	signature/xor/109/5	REJECTED	6	0
70070426	signature/xor/109/6	REJECTED	6	0
70070426	signature/xor/109/7	REJECTED	6	0
70070426	signature/xor/110/0	REJECTED	6	0
70070426	signature/xor/110/1	REJECTED	6	0
70070426	signature/xor/110/2	REJECTED	6	0
70070426	signature/xor/110/3	REJECTED	6	0
70070426	signature/xor/110/4	REJECTED	6	0
70070426	signature/xor/110/5	REJECTED	6	0
70070426	signature/xor/110/6	REJECTED	6	0
70070426	signature/xor/110/7	REJECTED	6	0
70070426	signature/xor/111/0	REJECTED	6	0
70070426	signature/xor/111/1	REJECTED	6	0
70070426	signature/xor/111/2	REJECTED	6	0
70070426	signature/xor/111/3	REJECTED	6	0
70070426	signature/xor/111/4	REJECTED	6	0
70070426	signature/xor/111/5	REJECTED	6	0
70070426	signature/xor/111/6	REJECTED	6	0
70070426	signature/xor/111/7	REJECTED	6	0
70070426	signature/xor/112/0	REJECTED	6	0
70070426	signature/xor/112/1	REJECTED	6	0
70070426	signature/xor/112/2	REJECTED	6	0
70070426	signature/xor/112/3	REJECTED	6	0
70070426	signature/xor/112/4	REJECTED	6	0
70070426	signature/xor/112/5	REJECTED	6	0
70070426	signature/xor/112/6	REJECTED	6	0
70070426	signature/xor/112/7	REJECTED	6	0
70070426	signature/xor/113/0	REJECTED	6	0
70070426	signature/xor/113/1	REJECTED	6	0
70070426	signature/xor/113/2	REJECTED	6	0
70070426	signature/xor/113/3	REJECTED	6	0
70070426	signature/xor/113/4	REJECTED	6	0
70070426	signature/xor/113/5	REJECTED	6	0
70070426	signature/xor/113/6	REJECTED	6	0
70070426	signature/xor/113/7	REJECTED	6	0
70070426	signature/xor/114/0	REJECTED	6	0
70070426	signature/xor/114/1	REJECTED	6	0
70070426	signature/xor/114/2	REJECTED	6	0
70070426	signature/xor/114/3	REJECTED	6	0
70070426	signature/xor/114/4	REJECTED	6	0
70070426	signature/xor/114/5	REJECTED	6	0
70070426	signature/xor/114/6	REJECTED	6	0
70070426	signature/xor/114/7	REJECTED	6	0
70070426	signature/xor/115/0	REJECTED	6	0
70070426	signature/xor/115/1	REJECTED	6	0
70070426	signature/xor/115/2	REJECTED	6	0
70070426	signature/xor/115/3	REJECTED	6	0
70070426	signature/xor/115/4	REJECTED	6	0
70070426	signature/xor/115/5	REJECTED	6	0
70070426	signature/xor/115/6	REJECTED	6	0
70070426	signature/xor/115/7	REJECTED	6	0
70070426	signature/xor/116/0	REJECTED	6	0
70070426	signature/xor/116/1	REJECTED	6	0
70070426	signature/xor/116/2	REJECTED	6	0
70070426	signature/xor/116/3	REJECTED	6	0
70070426	signature/xor/116/4	REJECTED	6	0
70070426	signature/xor/116/5	REJECTED	6	0
70070426	signature/xor/116/6	REJECTED	6	0
70070426	signature/xor/116/7	REJECTED	6	0
70070426	signature/xor/117/0	REJECTED	6	0
70070426	signature/xor/117/1	REJECTED	6	0
70070426	signature/xor/117/2	REJECTED	6	0
70070426	signature/xor/117/3	REJECTED	6	0
70070426	signature/xor/117/4	REJECTED	6	0
70070426	signature/xor/117/5	REJECTED	6	0
70070426	signature/xor/117/6	REJECTED	6	0
70070426	signature/xor/117/7	REJECTED	6	0
70070426	signature/xor/118/0	REJECTED	6	0
70070426	signature/xor/118/1	REJECTED	6	0
70070426	signature/xor/118/2	REJECTED	6	0
70070426	signature/xor/118/3	REJECTED	6	0
70070426	signature/xor/118/4	REJECTED	6	0
70070426	signature/xor/118/5	REJECTED	6	0
70070426	signature/xor/118/6	REJECTED	6	0
70070426	signature/xor/118/7	REJECTED	6	0
70070426	signature/xor/119/0	REJECTED	6	0
70070426	signature/xor/119/1	REJECTED	6	0
70070426	signature/xor/119/2	REJECTED	6	0
70070426	signature/xor/119/3	REJECTED	6	0
70070426	signature/xor/119/4	REJECTED	6	0
70070426	signature/xor/119/5	REJECTED	6	0
70070426	signature/xor/119/6	REJECTED	6	0
70070426	signature/xor/119/7	REJECTED	6	0
70070426	signature/xor/120/0	REJECTED	6	0
70070426	signature/xor/120/1	REJECTED	6	0
70070426	signature/xor/120/2	REJECTED	6	0
70070426	signature/xor/120/3	REJECTED	6	0
70070426	signature/xor/120/4	REJECTED	6	0
70070426	signature/xor/120/5	REJECTED	6	0
70070426	signature/xor/120/6	REJECTED	6	0
70070426	signature/xor/120/7	REJECTED	6	0
70070426	signature/xor/121/0	REJECTED	6	0
70070426	signature/xor/121/1	REJECTED	6	0
70070426	signature/xor/121/2	REJECTED	6	0
70070426	signature/xor/121/3	REJECTED	6	0
70070426	signature/xor/121/4	REJECTED	6	0
70070426	signature/xor/121/5	REJECTED	6	0
70070426	signature/xor/121/6	REJECTED	6	0
70070426	signature/xor/121/7	REJECTED	6	0
70070426	signature/xor/122/0	REJECTED	6	0
70070426	signature/xor/122/1	REJECTED	6	0
70070426	signature/xor/122/2	REJECTED	6	0
70070426	signature/xor/122/3	REJECTED	6	0
70070426	signature/xor/122/4	REJECTED	6	0
70070426	signature/xor/122/5	REJECTED	6	0
70070426	signature/xor/122/6	REJECTED	6	0
70070426	signature/xor/122/7	REJECTED	6	0
70070426	signature/xor/123/0	REJECTED	6	0
70070426	signature/xor/123/1	REJECTED	6	0
70070426	signature/xor/123/2	REJECTED	6	0
70070426	signature/xor/123/3	REJECTED	6	0
70070426	signature/xor/123/4	REJECTED	6	0
70070426	signature/xor/123/5	REJECTED	6	0
70070426	signature/xor/123/6	REJECTED	6	0
70070426	signature/xor/123/7	REJECTED	6	0
70070426	signature/xor/124/0	REJECTED	6	0
70070426	signature/xor/124/1	REJECTED	6	0
70070426	signature/xor/124/2	REJECTED	6	0
70070426	signature/xor/124/3	REJECTED	6	0
70070426	signature/xor/124/4	REJECTED	6	0
70070426	signature/xor/124/5	REJECTED	6	0
70070426	signature/xor/124/6	REJECTED	6	0
70070426	signature/xor/124/7	REJECTED	6	0
70070426	signature/xor/125/0	REJECTED	6	0
70070426	signature/xor/125/1	REJECTED	6	0
70070426	signature/xor/125/2	REJECTED	6	0
70070426	signature/xor/125/3	REJECTED	6	0
70070426	signature/xor/125/4	REJECTED	6	0
70070426	signature/xor/125/5	REJECTED	6	0
70070426	signature/xor/125/6	REJECTED	6	0
70070426	signature/xor/125/7	REJECTED	6	0
70070426	signature/xor/126/0	REJECTED	6	0
70070426	signature/xor/126/1	REJECTED	6	0
70070426	signature/xor/126/2	REJECTED	6	0
70070426	signature/xor/126/3	REJECTED	6	0
70070426	signature/xor/126/4	REJECTED	6	0
70070426	signature/xor/126/5	REJECTED	6	0
70070426	signature/xor/126/6	REJECTED	6	0
70070426	signature/xor/126/7	REJECTED	6	0
70070426	signature/xor/127/0	REJECTED	6	0
70070426	signature/xor/127/1	REJECTED	6	0
70070426	signature/xor/127/2	REJECTED	6	0
70070426	signature/xor/127/3	REJECTED	6	0
70070426	signature/xor/127/4	REJECTED	6	0
70070426	signature/xor/127/5	REJECTED	6	0
70070426	signature/xor/127/6	REJECTED	6	0
70070426	signature/xor/127/7	REJECTED	6	0
70070426	signature/xor/128/0	REJECTED	5	0
70070426	signature/xor/128/1	REJECTED	5	0
70070426	signature/xor/128/2	REJECTED	5	0
70070426	signature/xor/128/3	REJECTED	5	0
70070426	signature/xor/128/4	REJECTED	5	0
70070426	signature/xor/128/5	REJECTED	5	0
70070426	signature/xor/128/6	REJECTED	5	0
70070426	signature/xor/128/7	REJECTED	5	0
70070426	signature/xor/129/0	REJECTED	5	0
70070426	signature/xor/129/1	REJECTED	5	0
70070426	signature/xor/129/2	REJECTED	5	0
70070426	signature/xor/129/3	REJECTED	5	0
70070426	signature/xor/129/4	REJECTED	5	0
70070426	signature/xor/129/5	REJECTED	5	0
70070426	signature/xor/129/6	REJECTED	5	0
70070426	signature/xor/129/7	REJECTED	5	0
70070426	signature/xor/130/0	REJECTED	5	0
70070426	signature/xor/130/1	REJECTED	5	0
70070426	signature/xor/130/2	REJECTED	5	0
70070426	signature/xor/130/3	REJECTED	5	0
70070426	signature/xor/130/4	REJECTED	5	0
70070426	signature/xor/130/5	REJECTED	5	0
70070426	signature/xor/130/6	REJECTED	5	0
70070426	signature/xor/130/7	REJECTED	5	0
70070426	signature/xor/131/0	REJECTED	5	0
70070426	signature/xor/131/1	REJECTED	5	0
70070426	signature/xor/131/2	REJECTED	5	0
70070426	signature/xor/131/3	REJECTED	5	0
70070426	signature/xor/131/4	REJECTED	5	0
70070426	signature/xor/131/5	REJECTED	5	0
70070426	signature/xor/131/6	REJECTED	5	0
70070426	signature/xor/131/7	REJECTED	5	0
70070426	signature/xor/132/0	REJECTED	5	0
70070426	signature/xor/132/1	REJECTED	5	0
70070426	signature/xor/132/2	REJECTED	5	0
70070426	signature/xor/132/3	REJECTED	5	0
70070426	signature/xor/132/4	REJECTED	5	0
70070426	signature/xor/132/5	REJECTED	5	0
70070426	signature/xor/132/6	REJECTED	5	0
70070426	signature/xor/132/7	REJECTED	5	0
70070426	signature/xor/133/0	REJECTED	5	0
70070426	signature/xor/133/1	REJECTED	5	0
70070426	signature/xor/133/2	REJECTED	5	0
70070426	signature/xor/133/3	REJECTED	5	0
70070426	signature/xor/133/4	REJECTED	5	0
70070426	signature/xor/133/5	REJECTED	5	0
70070426	signature/xor/133/6	REJECTED	5	0
70070426	signature/xor/133/7	REJECTED	5	0
70070426	signature/xor/134/0	REJECTED	5	0
70070426	signature/xor/134/1	REJECTED	5	0
70070426	signature/xor/134/2	REJECTED	5	0
70070426	signature/xor/134/3	REJECTED	5	0
70070426	signature/xor/134/4	REJECTED	5	0
70070426	signature/xor/134/5	REJECTED	5	0
70070426	signature/xor/134/6	REJECTED	5	0
70070426	signature/xor/134/7	REJECTED	5	0
70070426	signature/xor/135/0	REJECTED	5	0
70070426	signature/xor/135/1	REJECTED	5	0
70070426	signature/xor/135/2	REJECTED	5	0
70070426	signature/xor/135/3	REJECTED	5	0
70070426	signature/xor/135/4	REJECTED	5	0
70070426	signature/xor/135/5	REJECTED	5	0
70070426	signature/xor/135/6	REJECTED	5	0
70070426	signature/xor/135/7	REJECTED	5	0
70070426	signature/xor/136/0	REJECTED	5	0
70070426	signature/xor/136/1	REJECTED	5	0
70070426	signature/xor/136/2	REJECTED	5	0
70070426	signature/xor/136/3	REJECTED	5	0
70070426	signature/xor/136/4	REJECTED	5	0
70070426	signature/xor/136/5	REJECTED	5	0
70070426	signature/xor/136/6	REJECTED	5	0
70070426	signature/xor/136/7	REJECTED	5	0
70070426	signature/xor/137/0	REJECTED	5	0
70070426	signature/xor/137/1	REJECTED	5	0
70070426	signature/xor/137/2	REJECTED	5	0
70070426	signature/xor/137/3	REJECTED	5	0
70070426	signature/xor/137/4	REJECTED	5	0
70070426	signature/xor/137/5	REJECTED	5	0
70070426	signature/xor/137/6	REJECTED	5	0
70070426	signature/xor/137/7	REJECTED	5	0
70070426	signature/xor/138/0	REJECTED	5	0
70070426	signature/xor/138/1	REJECTED	5	0
70070426	signature/xor/138/2	REJECTED	5	0
70070426	signature/xor/138/3	REJECTED	5	0
70070426	signature/xor/138/4	REJECTED	5	0
70070426	signature/xor/138/5	REJECTED	5	0
70070426	signature/xor/138/6	REJECTED	5	0
70070426	signature/xor/138/7	REJECTED	5	0
70070426	signature/xor/139/0	REJECTED	5	0
70070426	signature/xor/139/1	REJECTED	5	0
70070426	signature/xor/139/2	REJECTED	5	0
70070426	signature/xor/139/3	REJECTED	5	0
70070426	signature/xor/139/4	REJECTED	5	0
70070426	signature/xor/139/5	REJECTED	5	0
70070426	signature/xor/139/6	REJECTED	5	0
70070426	signature/xor/139/7	REJECTED	5	0
70070426	signature/xor/140/0	REJECTED	5	0
70070426	signature/xor/140/1	REJECTED	5	0
70070426	signature/xor/140/2	REJECTED	5	0
70070426	signature/xor/140/3	REJECTED	5	0
70070426	signature/xor/140/4	REJECTED	5	0
70070426	signature/xor/140/5	REJECTED	5	0
70070426	signature/xor/140/6	REJECTED	5	0
70070426	signature/xor/140/7	REJECTED	5	0
70070426	signature/xor/141/0	REJECTED	5	0
70070426	signature/xor/141/1	REJECTED	5	0
70070426	signature/xor/141/2	REJECTED	5	0
70070426	signature/xor/141/3	REJECTED	5	0
70070426	signature/xor/141/4	REJECTED	5	0
70070426	signature/xor/141/5	REJECTED	5	0
70070426	signature/xor/141/6	REJECTED	5	0
70070426	signature/xor/141/7	REJECTED	5	0
70070426	signature/xor/142/0	REJECTED	5	0
70070426	signature/xor/142/1	REJECTED	5	0
70070426	signature/xor/142/2	REJECTED	5	0
70070426	signature/xor/142/3	REJECTED	5	0
70070426	signature/xor/142/4	REJECTED	5	0
70070426	signature/xor/142/5	REJECTED	5	0
70070426	signature/xor/142/6	REJECTED	5	0
70070426	signature/xor/142/7	REJECTED	5	0
70070426	signature/xor/143/0	REJECTED	5	0
70070426	signature/xor/143/1	REJECTED	5	0
70070426	signature/xor/143/2	REJECTED	5	0
70070426	signature/xor/143/3	REJECTED	5	0
70070426	signature/xor/143/4	REJECTED	5	0
70070426	signature/xor/143/5	REJECTED	5	0
70070426	signature/xor/143/6	REJECTED	5	0
70070426	signature/xor/143/7	REJECTED	5	0
70070426	signature/xor/144/0	REJECTED	5	0
70070426	signature/xor/144/1	REJECTED	5	0
70070426	signature/xor/144/2	REJECTED	5	0
70070426	signature/xor/144/3	REJECTED	5	0
70070426	signature/xor/144/4	REJECTED	5	0
70070426	signature/xor/144/5	REJECTED	5	0
70070426	signature/xor/144/6	REJECTED	5	0
70070426	signature/xor/144/7	REJECTED	5	0
70070426	signature/xor/145/0	REJECTED	5	0
70070426	signature/xor/145/1	REJECTED	5	0
70070426	signature/xor/145/2	REJECTED	5	0
70070426	signature/xor/145/3	REJECTED	5	0
70070426	signature/xor/145/4	REJECTED	5	0
70070426	signature/xor/145/5	REJECTED	5	0
70070426	signature/xor/145/6	REJECTED	5	0
70070426	signature/xor/145/7	REJECTED	5	0
70070426	signature/xor/146/0	REJECTED	5	0
70070426	signature/xor/146/1	REJECTED	5	0
70070426	signature/xor/146/2	REJECTED	5	0
70070426	signature/xor/146/3	REJECTED	5	0
70070426	signature/xor/146/4	REJECTED	5	0
70070426	signature/xor/146/5	REJECTED	5	0
70070426	signature/xor/146/6	REJECTED	5	0
70070426	signature/xor/146/7	REJECTED	5	0
70070426	signature/xor/147/0	REJECTED	5	0
70070426	signature/xor/147/1	REJECTED	5	0
70070426	signature/xor/147/2	REJECTED	5	0
70070426	signature/xor/147/3	REJECTED	5	0
70070426	signature/xor/147/4	REJECTED	5	0
70070426	signature/xor/147/5	REJECTED	5	0
70070426	signature/xor/147/6	REJECTED	5	0
70070426	signature/xor/147/7	REJECTED	5	0
70070426	signature/xor/148/0	REJECTED	5	0
70070426	signature/xor/148/1	REJECTED	5	0
70070426	signature/xor/148/2	REJECTED	5	0
70070426	signature/xor/148/3	REJECTED	5	0
70070426	signature/xor/148/4	REJECTED	5	0
70070426	signature/xor/148/5	REJECTED	5	0
70070426	signature/xor/148/6	REJECTED	5	0
70070426	signature/xor/148/7	REJECTED	5	0
70070426	signature/xor/149/0	REJECTED	5	0
70070426	signature/xor/149/1	REJECTED	5	0
70070426	signature/xor/149/2	REJECTED	5	0
70070426	signature/xor/149/3	REJECTED	5	0
70070426	signature/xor/149/4	REJECTED	5	0
70070426	signature/xor/149/5	REJECTED	5	0
70070426	signature/xor/149/6	REJECTED	5	0
70070426	signature/xor/149/7	REJECTED	5	0
70070426	signature/xor/150/0	REJECTED	5	0
70070426	signature/xor/150/1	REJECTED	5	0
70070426	signature/xor/150/2	REJECTED	5	0
70070426	signature/xor/150/3	REJECTED	5	0
70070426	signature/xor/150/4	REJECTED	5	0
70070426	signature/xor/150/5	REJECTED	5	0
70070426	signature/xor/150/6	REJECTED	5	0
70070426	signature/xor/150/7	REJECTED	5	0
70070426	signature/xor/151/0	REJECTED	5	0
70070426	signature/xor/151/1	REJECTED	5	0
70070426	signature/xor/151/2	REJECTED	5	0
70070426	signature/xor/151/3	REJECTED	5	0
70070426	signature/xor/151/4	REJECTED	5	0
70070426	signature/xor/151/5	REJECTED	5	0
70070426	signature/xor/151/6	REJECTED	5	0
70070426	signature/xor/151/7	REJECTED	5	0
70070426	signature/xor/152/0	REJECTED	5	0
70070426	signature/xor/152/1	REJECTED	5	0
70070426	signature/xor/152/2	REJECTED	5	0
70070426	signature/xor/152/3	REJECTED	5	0
70070426	signature/xor/152/4	REJECTED	5	0
70070426	signature/xor/152/5	REJECTED	5	0
70070426	signature/xor/152/6	REJECTED	5	0
70070426	signature/xor/152/7	REJECTED	5	0
70070426	signature/xor/153/0	REJECTED	5	0
70070426	signature/xor/153/1	REJECTED	5	0
70070426	signature/xor/153/2	REJECTED	5	0
70070426	signature/xor/153/3	REJECTED	5	0
70070426	signature/xor/153/4	REJECTED	5	0
70070426	signature/xor/153/5	REJECTED	5	0
70070426	signature/xor/153/6	REJECTED	5	0
70070426	signature/xor/153/7	REJECTED	5	0
70070426	signature/xor/154/0	REJECTED	5	0
70070426	signature/xor/154/1	REJECTED	5	0
70070426	signature/xor/154/2	REJECTED	5	0
70070426	signature/xor/154/3	REJECTED	5	0
70070426	signature/xor/154/4	REJECTED	5	0
70070426	signature/xor/154/5	REJECTED	5	0
70070426	signature/xor/154/6	REJECTED	5	0
70070426	signature/xor/154/7	REJECTED	5	0
70070426	signature/xor/155/0	REJECTED	5	0
70070426	signature/xor/155/1	REJECTED	5	0
70070426	signature/xor/155/2	REJECTED	5	0
70070426	signature/xor/155/3	REJECTED	5	0
70070426	signature/xor/155/4	REJECTED	5	0
70070426	signature/xor/155/5	REJECTED	5	0
70070426	signature/xor/155/6	REJECTED	5	0
70070426	signature/xor/155/7	REJECTED	5	0
70070426	signature/xor/156/0	REJECTED	5	0
70070426	signature/xor/156/1	REJECTED	5	0
70070426	signature/xor/156/2	REJECTED	5	0
70070426	signature/xor/156/3	REJECTED	5	0
70070426	signature/xor/156/4	REJECTED	5	0
70070426	signature/xor/156/5	REJECTED	5	0
70070426	signature/xor/156/6	REJECTED	5	0
70070426	signature/xor/156/7	REJECTED	5	0
70070426	signature/xor/157/0	REJECTED	5	0
70070426	signature/xor/157/1	REJECTED	5	0
70070426	signature/xor/157/2	REJECTED	5	0
70070426	signature/xor/157/3	REJECTED	5	0
70070426	signature/xor/157/4	REJECTED	5	0
70070426	signature/xor/157/5	REJECTED	5	0
70070426	signature/xor/157/6	REJECTED	5	0
70070426	signature/xor/157/7	REJECTED	5	0
70070426	signature/xor/158/0	REJECTED	5	0
70070426	signature/xor/158/1	REJECTED	5	0
70070426	signature/xor/158/2	REJECTED	5	0
70070426	signature/xor/158/3	REJECTED	5	0
70070426	signature/xor/158/4	REJECTED	5	0
70070426	signature/xor/158/5	REJECTED	5	0
70070426	signature/xor/158/6	REJECTED	5	0
70070426	signature/xor/158/7	REJECTED	5	0
70070426	signature/xor/159/0	REJECTED	5	0
70070426	signature/xor/159/1	REJECTED	5	0
70070426	signature/xor/159/2	REJECTED	5	0
70070426	signature/xor/159/3	REJECTED	5	0
70070426	signature/xor/159/4	REJECTED	5	0
70070426	signature/xor/159/5	REJECTED	5	0
70070426	signature/xor/159/6	REJECTED	5	0
70070426	signature/xor/159/7	REJECTED	5	0
70070426	signature/xor/160/0	REJECTED	5	0
70070426	signature/xor/160/1	REJECTED	5	0
70070426	signature/xor/160/2	REJECTED	5	0
70070426	signature/xor/160/3	REJECTED	5	0
70070426	signature/xor/160/4	REJECTED	5	0
70070426	signature/xor/160/5	REJECTED	5	0
70070426	signature/xor/160/6	REJECTED	5	0
70070426	signature/xor/160/7	REJECTED	5	0
70070426	signature/xor/161/0	REJECTED	5	0
70070426	signature/xor/161/1	REJECTED	5	0
70070426	signature/xor/161/2	REJECTED	5	0
70070426	signature/xor/161/3	REJECTED	5	0
70070426	signature/xor/161/4	REJECTED	5	0
70070426	signature/xor/161/5	REJECTED	5	0
70070426	signature/xor/161/6	REJECTED	5	0
70070426	signature/xor/161/7	REJECTED	5	0
70070426	signature/xor/162/0	REJECTED	5	0
70070426	signature/xor/162/1	REJECTED	5	0
70070426	signature/xor/162/2	REJECTED	5	0
70070426	signature/xor/162/3	REJECTED	5	0
70070426	signature/xor/162/4	REJECTED	5	0
70070426	signature/xor/162/5	REJECTED	5	0
70070426	signature/xor/162/6	REJECTED	5	0
70070426	signature/xor/162/7	REJECTED	5	0
70070426	signature/xor/163/0	REJECTED	5	0
70070426	signature/xor/163/1	REJECTED	5	0
70070426	signature/xor/163/2	REJECTED	5	0
70070426	signature/xor/163/3	REJECTED	5	0
70070426	signature/xor/163/4	REJECTED	5	0
70070426	signature/xor/163/5	REJECTED	5	0
70070426	signature/xor/163/6	REJECTED	5	0
70070426	signature/xor/163/7	REJECTED	5	0
70070426	signature/xor/164/0	REJECTED	5	0
70070426	signature/xor/164/1	REJECTED	5	0
70070426	signature/xor/164/2	REJECTED	5	0
70070426	signature/xor/164/3	REJECTED	5	0
70070426	signature/xor/164/4	REJECTED	5	0
70070426	signature/xor/164/5	REJECTED	5	0
70070426	signature/xor/164/6	REJECTED	5	0
70070426	signature/xor/164/7	REJECTED	5	0
70070426	signature/xor/165/0	REJECTED	5	0
70070426	signature/xor/165/1	REJECTED	5	0
70070426	signature/xor/165/2	REJECTED	5	0
70070426	signature/xor/165/3	REJECTED	5	0
70070426	signature/xor/165/4	REJECTED	5	0
70070426	signature/xor/165/5	REJECTED	5	0
70070426	signature/xor/165/6	REJECTED	5	0
70070426	signature/xor/165/7	REJECTED	5	0
70070426	signature/xor/166/0	REJECTED	5	0
70070426	signature/xor/166/1	REJECTED	5	0
70070426	signature/xor/166/2	REJECTED	5	0
70070426	signature/xor/166/3	REJECTED	5	0
70070426	signature/xor/166/4	REJECTED	5	0
70070426	signature/xor/166/5	REJECTED	5	0
70070426	signature/xor/166/6	REJECTED	5	0
70070426	signature/xor/166/7	REJECTED	5	0
70070426	signature/xor/167/0	REJECTED	5	0
70070426	signature/xor/167/1	REJECTED	5	0
70070426	signature/xor/167/2	REJECTED	5	0
70070426	signature/xor/167/3	REJECTED	5	0
70070426	signature/xor/167/4	REJECTED	5	0
70070426	signature/xor/167/5	REJECTED	5	0
70070426	signature/xor/167/6	REJECTED	5	0
70070426	signature/xor/167/7	REJECTED	5	0
70070426	signature/xor/168/0	REJECTED	5	0
70070426	signature/xor/168/1	REJECTED	5	0
70070426	signature/xor/168/2	REJECTED	5	0
70070426	signature/xor/168/3	REJECTED	5	0
70070426	signature/xor/168/4	REJECTED	5	0
70070426	signature/xor/168/5	REJECTED	5	0
70070426	signature/xor/168/6	REJECTED	5	0
70070426	signature/xor/168/7	REJECTED	5	0
70070426	signature/xor/169/0	REJECTED	5	0
70070426	signature/xor/169/1	REJECTED	5	0
70070426	signature/xor/169/2	REJECTED	5	0
70070426	signature/xor/169/3	REJECTED	5	0
70070426	signature/xor/169/4	REJECTED	5	0
70070426	signature/xor/169/5	REJECTED	5	0
70070426	signature/xor/169/6	REJECTED	5	0
70070426	signature/xor/169/7	REJECTED	5	0
70070426	signature/xor/170/0	REJECTED	5	0
70070426	signature/xor/170/1	REJECTED	5	0
70070426	signature/xor/170/2	REJECTED	5	0
70070426	signature/xor/170/3	REJECTED	5	0
70070426	signature/xor/170/4	REJECTED	5	0
70070426	signature/xor/170/5	REJECTED	5	0
70070426	signature/xor/170/6	REJECTED	5	0
70070426	signature/xor/170/7	REJECTED	5	0
70070426	signature/xor/171/0	REJECTED	5	0
70070426	signature/xor/171/1	REJECTED	5	0
70070426	signature/xor/171/2	REJECTED	5	0
70070426	signature/xor/171/3	REJECTED	5	0
70070426	signature/xor/171/4	REJECTED	5	0
70070426	signature/xor/171/5	REJECTED	5	0
70070426	signature/xor/171/6	REJECTED	5	0
70070426	signature/xor/171/7	REJECTED	5	0
70070426	signature/xor/172/0	REJECTED	5	0
70070426	signature/xor/172/1	REJECTED	5	0
70070426	signature/xor/172/2	REJECTED	5	0
70070426	signature/xor/172/3	REJECTED	5	0
70070426	signature/xor/172/4	REJECTED	5	0
70070426	signature/xor/172/5	REJECTED	5	0
70070426	signature/xor/172/6	REJECTED	5	0
70070426	signature/xor/172/7	REJECTED	5	0
70070426	signature/xor/173/0	REJECTED	5	0
70070426	signature/xor/173/1	REJECTED	5	0
70070426	signature/xor/173/2	REJECTED	5	0
70070426	signature/xor/173/3	REJECTED	5	0
70070426	signature/xor/173/4	REJECTED	5	0
70070426	signature/xor/173/5	REJECTED	5	0
70070426	signature/xor/173/6	REJECTED	5	0
70070426	signature/xor/173/7	REJECTED	5	0
70070426	signature/xor/174/0	REJECTED	5	0
70070426	signature/xor/174/1	REJECTED	5	0
70070426	signature/xor/174/2	REJECTED	5	0
70070426	signature/xor/174/3	REJECTED	5	0
70070426	signature/xor/174/4	REJECTED	5	0
70070426	signature/xor/174/5	REJECTED	5	0
70070426	signature/xor/174/6	REJECTED	5	0
70070426	signature/xor/174/7	REJECTED	5	0
70070426	signature/xor/175/0	REJECTED	5	0
70070426	signature/xor/175/1	REJECTED	5	0
70070426	signature/xor/175/2	REJECTED	5	0
70070426	signature/xor/175/3	REJECTED	5	0
70070426	signature/xor/175/4	REJECTED	5	0
70070426	signature/xor/175/5	REJECTED	5	0
70070426	signature/xor/175/6	REJECTED	5	0
70070426	signature/xor/175/7	REJECTED	5	0
70070426	signature/xor/176/0	REJECTED	5	0
70070426	signature/xor/176/1	REJECTED	5	0
70070426	signature/xor/176/2	REJECTED	5	0
70070426	signature/xor/176/3	REJECTED	5	0
70070426	signature/xor/176/4	REJECTED	5	0
70070426	signature/xor/176/5	REJECTED	5	0
70070426	signature/xor/176/6	REJECTED	5	0
70070426	signature/xor/176/7	REJECTED	5	0
70070426	signature/xor/177/0	REJECTED	5	0
70070426	signature/xor/177/1	REJECTED	5	0
70070426	signature/xor/177/2	REJECTED	5	0
70070426	signature/xor/177/3	REJECTED	5	0
70070426	signature/xor/177/4	REJECTED	5	0
70070426	signature/xor/177/5	REJECTED	5	0
70070426	signature/xor/177/6	REJECTED	5	0
70070426	signature/xor/177/7	REJECTED	5	0
70070426	signature/xor/178/0	REJECTED	5	0
70070426	signature/xor/178/1	REJECTED	5	0
70070426	signature/xor/178/2	REJECTED	5	0
70070426	signature/xor/178/3	REJECTED	5	0
70070426	signature/xor/178/4	REJECTED	5	0
70070426	signature/xor/178/5	REJECTED	5	0
70070426	signature/xor/178/6	REJECTED	5	0
70070426	signature/xor/178/7	REJECTED	5	0
70070426	signature/xor/179/0	REJECTED	5	0
70070426	signature/xor/179/1	REJECTED	5	0
70070426	signature/xor/179/2	REJECTED	5	0
70070426	signature/xor/179/3	REJECTED	5	0
70070426	signature/xor/179/4	REJECTED	5	0
70070426	signature/xor/179/5	REJECTED	5	0
70070426	signature/xor/179/6	REJECTED	5	0
70070426	signature/xor/179/7	REJECTED	5	0
70070426	signature/xor/180/0	REJECTED	5	0
70070426	signature/xor/180/1	REJECTED	5	0
70070426	signature/xor/180/2	REJECTED	5	0
70070426	signature/xor/180/3	REJECTED	5	0
70070426	signature/xor/180/4	REJECTED	5	0
70070426	signature/xor/180/5	REJECTED	5	0
70070426	signature/xor/180/6	REJECTED	5	0
70070426	signature/xor/180/7	REJECTED	5	0
70070426	signature/xor/181/0	REJECTED	5	0
70070426	signature/xor/181/1	REJECTED	5	0
70070426	signature/xor/181/2	REJECTED	5	0
70070426	signature/xor/181/3	REJECTED	5	0
70070426	signature/xor/181/4	REJECTED	5	0
70070426	signature/xor/181/5	REJECTED	5	0
70070426	signature/xor/181/6	REJECTED	5	0
70070426	signature/xor/181/7	REJECTED	5	0
70070426	signature/xor/182/0	REJECTED	5	0
70070426	signature/xor/182/1	REJECTED	5	0
70070426	signature/xor/182/2	REJECTED	5	0
70070426	signature/xor/182/3	REJECTED	5	0
70070426	signature/xor/182/4	REJECTED	5	0
70070426	signature/xor/182/5	REJECTED	5	0
70070426	signature/xor/182/6	REJECTED	5	0
70070426	signature/xor/182/7	REJECTED	5	0
70070426	signature/xor/183/0	REJECTED	5	0
70070426	signature/xor/183/1	REJECTED	5	0
70070426	signature/xor/183/2	REJECTED	5	0
70070426	signature/xor/183/3	REJECTED	5	0
70070426	signature/xor/183/4	REJECTED	5	0
70070426	signature/xor/183/5	REJECTED	5	0
70070426	signature/xor/183/6	REJECTED	5	0
70070426	signature/xor/183/7	REJECTED	5	0
70070426	signature/xor/184/0	REJECTED	5	0
70070426	signature/xor/184/1	REJECTED	5	0
70070426	signature/xor/184/2	REJECTED	5	0
70070426	signature/xor/184/3	REJECTED	5	0
70070426	signature/xor/184/4	REJECTED	5	0
70070426	signature/xor/184/5	REJECTED	5	0
70070426	signature/xor/184/6	REJECTED	5	0
70070426	signature/xor/184/7	REJECTED	5	0
70070426	signature/xor/185/0	REJECTED	5	0
70070426	signature/xor/185/1	REJECTED	5	0
70070426	signature/xor/185/2	REJECTED	5	0
70070426	signature/xor/185/3	REJECTED	5	0
70070426	signature/xor/185/4	REJECTED	5	0
70070426	signature/xor/185/5	REJECTED	5	0
70070426	signature/xor/185/6	REJECTED	5	0
70070426	signature/xor/185/7	REJECTED	5	0
70070426	signature/xor/186/0	REJECTED	5	0
70070426	signature/xor/186/1	REJECTED	5	0
70070426	signature/xor/186/2	REJECTED	5	0
70070426	signature/xor/186/3	REJECTED	5	0
70070426	signature/xor/186/4	REJECTED	5	0
70070426	signature/xor/186/5	REJECTED	5	0
70070426	signature/xor/186/6	REJECTED	5	0
70070426	signature/xor/186/7	REJECTED	5	0
70070426	signature/xor/187/0	REJECTED	5	0
70070426	signature/xor/187/1	REJECTED	5	0
70070426	signature/xor/187/2	REJECTED	5	0
70070426	signature/xor/187/3	REJECTED	5	0
70070426	signature/xor/187/4	REJECTED	5	0
70070426	signature/xor/187/5	REJECTED	5	0
70070426	signature/xor/187/6	REJECTED	5	0
70070426	signature/xor/187/7	REJECTED	5	0
70070426	signature/xor/188/0	REJECTED	5	0
70070426	signature/xor/188/1	REJECTED	5	0
70070426	signature/xor/188/2	REJECTED	5	0
70070426	signature/xor/188/3	REJECTED	5	0
70070426	signature/xor/188/4	REJECTED	5	0
70070426	signature/xor/188/5	REJECTED	5	0
70070426	signature/xor/188/6	REJECTED	5	0
70070426	signature/xor/188/7	REJECTED	5	0
70070426	signature/xor/189/0	REJECTED	5	0
70070426	signature/xor/189/1	REJECTED	5	0
70070426	signature/xor/189/2	REJECTED	5	0
70070426	signature/xor/189/3	REJECTED	5	0
70070426	signature/xor/189/4	REJECTED	5	0
70070426	signature/xor/189/5	REJECTED	5	0
70070426	signature/xor/189/6	REJECTED	5	0
70070426	signature/xor/189/7	REJECTED	5	0
70070426	signature/xor/190/0	REJECTED	5	0
70070426	signature/xor/190/1	REJECTED	5	0
70070426	signature/xor/190/2	REJECTED	5	0
70070426	signature/xor/190/3	REJECTED	5	0
70070426	signature/xor/190/4	REJECTED	5	0
70070426	signature/xor/190/5	REJECTED	5	0
70070426	signature/xor/190/6	REJECTED	5	0
70070426	signature/xor/190/7	REJECTED	5	0
70070426	signature/xor/191/0	REJECTED	5	0
70070426	signature/xor/191/1	REJECTED	5	0
70070426	signature/xor/191/2	REJECTED	5	0
70070426	signature/xor/191/3	REJECTED	5	0
70070426	signature/xor/191/4	REJECTED	5	0
70070426	signature/xor/191/5	REJECTED	5	0
70070426	signature/xor/191/6	REJECTED	5	0
70070426	signature/xor/191/7	REJECTED	5	0
70070426	signature/xor/192/0	REJECTED	4	0
70070426	signature/xor/192/1	REJECTED	4	0
70070426	signature/xor/192/2	REJECTED	4	0
70070426	signature/xor/192/3	REJECTED	4	0
70070426	signature/xor/192/4	REJECTED	4	0
70070426	signature/xor/192/5	REJECTED	4	0
70070426	signature/xor/192/6	REJECTED	4	0
70070426	signature/xor/192/7	REJECTED	4	0
70070426	signature/xor/193/0	REJECTED	4	0
70070426	signature/xor/193/1	REJECTED	4	0
70070426	signature/xor/193/2	REJECTED	4	0
70070426	signature/xor/193/3	REJECTED	4	0
70070426	signature/xor/193/4	REJECTED	4	0
70070426	signature/xor/193/5	REJECTED	4	0
70070426	signature/xor/193/6	REJECTED	4	0
70070426	signature/xor/193/7	REJECTED	4	0
70070426	signature/xor/194/0	REJECTED	4	0
70070426	signature/xor/194/1	REJECTED	4	0
70070426	signature/xor/194/2	REJECTED	4	0
70070426	signature/xor/194/3	REJECTED	4	0
70070426	signature/xor/194/4	REJECTED	4	0
70070426	signature/xor/194/5	REJECTED	4	0
70070426	signature/xor/194/6	REJECTED	4	0
70070426	signature/xor/194/7	REJECTED	4	0
70070426	signature/xor/195/0	REJECTED	4	0
70070426	signature/xor/195/1	REJECTED	4	0
70070426	signature/xor/195/2	REJECTED	4	0
70070426	signature/xor/195/3	REJECTED	4	0
70070426	signature/xor/195/4	REJECTED	4	0
70070426	signature/xor/195/5	REJECTED	4	0
70070426	signature/xor/195/6	REJECTED	4	0
70070426	signature/xor/195/7	REJECTED	4	0
70070426	signature/xor/196/0	REJECTED	4	0
70070426	signature/xor/196/1	REJECTED	4	0
70070426	signature/xor/196/2	REJECTED	4	0
70070426	signature/xor/196/3	REJECTED	4	0
70070426	signature/xor/196/4	REJECTED	4	0
70070426	signature/xor/196/5	REJECTED	4	0
70070426	signature/xor/196/6	REJECTED	4	0
70070426	signature/xor/196/7	REJECTED	4	0
70070426	signature/xor/197/0	REJECTED	4	0
70070426	signature/xor/197/1	REJECTED	4	0
70070426	signature/xor/197/2	REJECTED	4	0
70070426	signature/xor/197/3	REJECTED	4	0
70070426	signature/xor/197/4	REJECTED	4	0
70070426	signature/xor/197/5	REJECTED	4	0
70070426	signature/xor/197/6	REJECTED	4	0
70070426	signature/xor/197/7	REJECTED	4	0
70070426	signature/xor/198/0	REJECTED	4	0
70070426	signature/xor/198/1	REJECTED	4	0
70070426	signature/xor/198/2	REJECTED	4	0
70070426	signature/xor/198/3	REJECTED	4	0
70070426	signature/xor/198/4	REJECTED	4	0
70070426	signature/xor/198/5	REJECTED	4	0
70070426	signature/xor/198/6	REJECTED	4	0
70070426	signature/xor/198/7	REJECTED	4	0
70070426	signature/xor/199/0	REJECTED	4	0
70070426	signature/xor/199/1	REJECTED	4	0
70070426	signature/xor/199/2	REJECTED	4	0
70070426	signature/xor/199/3	REJECTED	4	0
70070426	signature/xor/199/4	REJECTED	4	0
70070426	signature/xor/199/5	REJECTED	4	0
70070426	signature/xor/199/6	REJECTED	4	0
70070426	signature/xor/199/7	REJECTED	4	0
70070426	signature/xor/200/0	REJECTED	4	0
70070426	signature/xor/200/1	REJECTED	4	0
70070426	signature/xor/200/2	REJECTED	4	0
70070426	signature/xor/200/3	REJECTED	4	0
70070426	signature/xor/200/4	REJECTED	4	0
70070426	signature/xor/200/5	REJECTED	4	0
70070426	signature/xor/200/6	REJECTED	4	0
70070426	signature/xor/200/7	REJECTED	4	0
70070426	signature/xor/201/0	REJECTED	4	0
70070426	signature/xor/201/1	REJECTED	4	0
70070426	signature/xor/201/2	REJECTED	4	0
70070426	signature/xor/201/3	REJECTED	4	0
70070426	signature/xor/201/4	REJECTED	4	0
70070426	signature/xor/201/5	REJECTED	4	0
70070426	signature/xor/201/6	REJECTED	4	0
70070426	signature/xor/201/7	REJECTED	4	0
70070426	signature/xor/202/0	REJECTED	4	0
70070426	signature/xor/202/1	REJECTED	4	0
70070426	signature/xor/202/2	REJECTED	4	0
70070426	signature/xor/202/3	REJECTED	4	0
70070426	signature/xor/202/4	REJECTED	4	0
70070426	signature/xor/202/5	REJECTED	4	0
70070426	signature/xor/202/6	REJECTED	4	0
70070426	signature/xor/202/7	REJECTED	4	0
70070426	signature/xor/203/0	REJECTED	4	0
70070426	signature/xor/203/1	REJECTED	4	0
70070426	signature/xor/203/2	REJECTED	4	0
70070426	signature/xor/203/3	REJECTED	4	0
70070426	signature/xor/203/4	REJECTED	4	0
70070426	signature/xor/203/5	REJECTED	4	0
70070426	signature/xor/203/6	REJECTED	4	0
70070426	signature/xor/203/7	REJECTED	4	0
70070426	signature/xor/204/0	REJECTED	4	0
70070426	signature/xor/204/1	REJECTED	4	0
70070426	signature/xor/204/2	REJECTED	4	0
70070426	signature/xor/204/3	REJECTED	4	0
70070426	signature/xor/204/4	REJECTED	4	0
70070426	signature/xor/204/5	REJECTED	4	0
70070426	signature/xor/204/6	REJECTED	4	0
70070426	signature/xor/204/7	REJECTED	4	0
70070426	signature/xor/205/0	REJECTED	4	0
70070426	signature/xor/205/1	REJECTED	4	0
70070426	signature/xor/205/2	REJECTED	4	0
70070426	signature/xor/205/3	REJECTED	4	0
70070426	signature/xor/205/4	REJECTED	4	0
70070426	signature/xor/205/5	REJECTED	4	0
70070426	signature/xor/205/6	REJECTED	4	0
70070426	signature/xor/205/7	REJECTED	4	0
70070426	signature/xor/206/0	REJECTED	4	0
70070426	signature/xor/206/1	REJECTED	4	0
70070426	signature/xor/206/2	REJECTED	4	0
70070426	signature/xor/206/3	REJECTED	4	0
70070426	signature/xor/206/4	REJECTED	4	0
70070426	signature/xor/206/5	REJECTED	4	0
70070426	signature/xor/206/6	REJECTED	4	0
70070426	signature/xor/206/7	REJECTED	4	0
70070426	signature/xor/207/0	REJECTED	4	0
70070426	signature/xor/207/1	REJECTED	4	0
70070426	signature/xor/207/2	REJECTED	4	0
70070426	signature/xor/207/3	REJECTED	4	0
70070426	signature/xor/207/4	REJECTED	4	0
70070426	signature/xor/207/5	REJECTED	4	0
70070426	signature/xor/207/6	REJECTED	4	0
70070426	signature/xor/207/7	REJECTED	4	0
70070426	signature/xor/208/0	REJECTED	4	0
70070426	signature/xor/208/1	REJECTED	4	0
70070426	signature/xor/208/2	REJECTED	4	0
70070426	signature/xor/208/3	REJECTED	4	0
70070426	signature/xor/208/4	REJECTED	4	0
70070426	signature/xor/208/5	REJECTED	4	0
70070426	signature/xor/208/6	REJECTED	4	0
70070426	signature/xor/208/7	REJECTED	4	0
70070426	signature/xor/209/0	REJECTED	4	0
70070426	signature/xor/209/1	REJECTED	4	0
70070426	signature/xor/209/2	REJECTED	4	0
70070426	signature/xor/209/3	REJECTED	4	0
70070426	signature/xor/209/4	REJECTED	4	0
70070426	signature/xor/209/5	REJECTED	4	0
70070426	signature/xor/209/6	REJECTED	4	0
70070426	signature/xor/209/7	REJECTED	4	0
70070426	signature/xor/210/0	REJECTED	4	0
70070426	signature/xor/210/1	REJECTED	4	0
70070426	signature/xor/210/2	REJECTED	4	0
70070426	signature/xor/210/3	REJECTED	4	0
70070426	signature/xor/210/4	REJECTED	4	0
70070426	signature/xor/210/5	REJECTED	4	0
70070426	signature/xor/210/6	REJECTED	4	0
70070426	signature/xor/210/7	REJECTED	4	0
70070426	signature/xor/211/0	REJECTED	4	0
70070426	signature/xor/211/1	REJECTED	4	0
70070426	signature/xor/211/2	REJECTED	4	0
70070426	signature/xor/211/3	REJECTED	4	0
70070426	signature/xor/211/4	REJECTED	4	0
70070426	signature/xor/211/5	REJECTED	4	0
70070426	signature/xor/211/6	REJECTED	4	0
70070426	signature/xor/211/7	REJECTED	4	0
70070426	signature/xor/212/0	REJECTED	4	0
70070426	signature/xor/212/1	REJECTED	4	0
70070426	signature/xor/212/2	REJECTED	4	0
70070426	signature/xor/212/3	REJECTED	4	0
70070426	signature/xor/212/4	REJECTED	4	0
70070426	signature/xor/212/5	REJECTED	4	0
70070426	signature/xor/212/6	REJECTED	4	0
70070426	signature/xor/212/7	REJECTED	4	0
70070426	signature/xor/213/0	REJECTED	4	0
70070426	signature/xor/213/1	REJECTED	4	0
70070426	signature/xor/213/2	REJECTED	4	0
70070426	signature/xor/213/3	REJECTED	4	0
70070426	signature/xor/213/4	REJECTED	4	0
70070426	signature/xor/213/5	REJECTED	4	0
70070426	signature/xor/213/6	REJECTED	4	0
70070426	signature/xor/213/7	REJECTED	4	0
70070426	signature/xor/214/0	REJECTED	4	0
70070426	signature/xor/214/1	REJECTED	4	0
70070426	signature/xor/214/2	REJECTED	4	0
70070426	signature/xor/214/3	REJECTED	4	0
70070426	signature/xor/214/4	REJECTED	4	0
70070426	signature/xor/214/5	REJECTED	4	0
70070426	signature/xor/214/6	REJECTED	4	0
70070426	signature/xor/214/7	REJECTED	4	0
70070426	signature/xor/215/0	REJECTED	4	0
70070426	signature/xor/215/1	REJECTED	4	0
70070426	signature/xor/215/2	REJECTED	4	0
70070426	signature/xor/215/3	REJECTED	4	0
70070426	signature/xor/215/4	REJECTED	4	0
70070426	signature/xor/215/5	REJECTED	4	0
70070426	signature/xor/215/6	REJECTED	4	0
70070426	signature/xor/215/7	REJECTED	4	0
70070426	signature/xor/216/0	REJECTED	4	0
70070426	signature/xor/216/1	REJECTED	4	0
70070426	signature/xor/216/2	REJECTED	4	0
70070426	signature/xor/216/3	REJECTED	4	0
70070426	signature/xor/216/4	REJECTED	4	0
70070426	signature/xor/216/5	REJECTED	4	0
70070426	signature/xor/216/6	REJECTED	4	0
70070426	signature/xor/216/7	REJECTED	4	0
70070426	signature/xor/217/0	REJECTED	4	0
70070426	signature/xor/217/1	REJECTED	4	0
70070426	signature/xor/217/2	REJECTED	4	0
70070426	signature/xor/217/3	REJECTED	4	0
70070426	signature/xor/217/4	REJECTED	4	0
70070426	signature/xor/217/5	REJECTED	4	0
70070426	signature/xor/217/6	REJECTED	4	0
70070426	signature/xor/217/7	REJECTED	4	0
70070426	signature/xor/218/0	REJECTED	4	0
70070426	signature/xor/218/1	REJECTED	4	0
70070426	signature/xor/218/2	REJECTED	4	0
70070426	signature/xor/218/3	REJECTED	4	0
70070426	signature/xor/218/4	REJECTED	4	0
70070426	signature/xor/218/5	REJECTED	4	0
70070426	signature/xor/218/6	REJECTED	4	0
70070426	signature/xor/218/7	REJECTED	4	0
70070426	signature/xor/219/0	REJECTED	4	0
70070426	signature/xor/219/1	REJECTED	4	0
70070426	signature/xor/219/2	REJECTED	4	0
70070426	signature/xor/219/3	REJECTED	4	0
70070426	signature/xor/219/4	REJECTED	4	0
70070426	signature/xor/219/5	REJECTED	4	0
70070426	signature/xor/219/6	REJECTED	4	0
70070426	signature/xor/219/7	REJECTED	4	0
70070426	signature/xor/220/0	REJECTED	4	0
70070426	signature/xor/220/1	REJECTED	4	0
70070426	signature/xor/220/2	REJECTED	4	0
70070426	signature/xor/220/3	REJECTED	4	0
70070426	signature/xor/220/4	REJECTED	4	0
70070426	signature/xor/220/5	REJECTED	4	0
70070426	signature/xor/220/6	REJECTED	4	0
70070426	signature/xor/220/7	REJECTED	4	0
70070426	signature/xor/221/0	REJECTED	4	0
70070426	signature/xor/221/1	REJECTED	4	0
70070426	signature/xor/221/2	REJECTED	4	0
70070426	signature/xor/221/3	REJECTED	4	0
70070426	signature/xor/221/4	REJECTED	4	0
70070426	signature/xor/221/5	REJECTED	4	0
70070426	signature/xor/221/6	REJECTED	4	0
70070426	signature/xor/221/7	REJECTED	4	0
70070426	signature/xor/222/0	REJECTED	4	0
70070426	signature/xor/222/1	REJECTED	4	0
70070426	signature/xor/222/2	REJECTED	4	0
70070426	signature/xor/222/3	REJECTED	4	0
70070426	signature/xor/222/4	REJECTED	4	0
70070426	signature/xor/222/5	REJECTED	4	0
70070426	signature/xor/222/6	REJECTED	4	0
70070426	signature/xor/222/7	REJECTED	4	0
70070426	signature/xor/223/0	REJECTED	4	0
70070426	signature/xor/223/1	REJECTED	4	0
70070426	signature/xor/223/2	REJECTED	4	0
70070426	signature/xor/223/3	REJECTED	4	0
70070426	signature/xor/223/4	REJECTED	4	0
70070426	signature/xor/223/5	REJECTED	4	0
70070426	signature/xor/223/6	REJECTED	4	0
70070426	signature/xor/223/7	REJECTED	4	0
70070426	signature/xor/224/0	REJECTED	4	0
70070426	signature/xor/224/1	REJECTED	4	0
70070426	signature/xor/224/2	REJECTED	4	0
70070426	signature/xor/224/3	REJECTED	4	0
70070426	signature/xor/224/4	REJECTED	4	0
70070426	signature/xor/224/5	REJECTED	4	0
70070426	signature/xor/224/6	REJECTED	4	0
70070426	signature/xor/224/7	REJECTED	4	0
70070426	signature/xor/225/0	REJECTED	4	0
70070426	signature/xor/225/1	REJECTED	4	0
70070426	signature/xor/225/2	REJECTED	4	0
70070426	signature/xor/225/3	REJECTED	4	0
70070426	signature/xor/225/4	REJECTED	4	0
70070426	signature/xor/225/5	REJECTED	4	0
70070426	signature/xor/225/6	REJECTED	4	0
70070426	signature/xor/225/7	REJECTED	4	0
70070426	signature/xor/226/0	REJECTED	4	0
70070426	signature/xor/226/1	REJECTED	4	0
70070426	signature/xor/226/2	REJECTED	4	0
70070426	signature/xor/226/3	REJECTED	4	0
70070426	signature/xor/226/4	REJECTED	4	0
70070426	signature/xor/226/5	REJECTED	4	0
70070426	signature/xor/226/6	REJECTED	4	0
70070426	signature/xor/226/7	REJECTED	4	0
70070426	signature/xor/227/0	REJECTED	4	0
70070426	signature/xor/227/1	REJECTED	4	0
70070426	signature/xor/227/2	REJECTED	4	0
70070426	signature/xor/227/3	REJECTED	4	0
70070426	signature/xor/227/4	REJECTED	4	0
70070426	signature/xor/227/5	REJECTED	4	0
70070426	signature/xor/227/6	REJECTED	4	0
70070426	signature/xor/227/7	REJECTED	4	0
70070426	signature/xor/228/0	REJECTED	4	0
70070426	signature/xor/228/1	REJECTED	4	0
70070426	signature/xor/228/2	REJECTED	4	0
70070426	signature/xor/228/3	REJECTED	4	0
70070426	signature/xor/228/4	REJECTED	4	0
70070426	signature/xor/228/5	REJECTED	4	0
70070426	signature/xor/228/6	REJECTED	4	0
70070426	signature/xor/228/7	REJECTED	4	0
70070426	signature/xor/229/0	REJECTED	4	0
70070426	signature/xor/229/1	REJECTED	4	0
70070426	signature/xor/229/2	REJECTED	4	0
70070426	signature/xor/229/3	REJECTED	4	0
70070426	signature/xor/229/4	REJECTED	4	0
70070426	signature/xor/229/5	REJECTED	4	0
70070426	signature/xor/229/6	REJECTED	4	0
70070426	signature/xor/229/7	REJECTED	4	0
70070426	signature/xor/230/0	REJECTED	4	0
70070426	signature/xor/230/1	REJECTED	4	0
70070426	signature/xor/230/2	REJECTED	4	0
70070426	signature/xor/230/3	REJECTED	4	0
70070426	signature/xor/230/4	REJECTED	4	0
70070426	signature/xor/230/5	REJECTED	4	0
70070426	signature/xor/230/6	REJECTED	4	0
70070426	signature/xor/230/7	REJECTED	4	0
70070426	signature/xor/231/0	REJECTED	4	0
70070426	signature/xor/231/1	REJECTED	4	0
70070426	signature/xor/231/2	REJECTED	4	0
70070426	signature/xor/231/3	REJECTED	4	0
70070426	signature/xor/231/4	REJECTED	4	0
70070426	signature/xor/231/5	REJECTED	4	0
70070426	signature/xor/231/6	REJECTED	4	0
70070426	signature/xor/231/7	REJECTED	4	0
70070426	signature/xor/232/0	REJECTED	4	0
70070426	signature/xor/232/1	REJECTED	4	0
70070426	signature/xor/232/2	REJECTED	4	0
70070426	signature/xor/232/3	REJECTED	4	0
70070426	signature/xor/232/4	REJECTED	4	0
70070426	signature/xor/232/5	REJECTED	4	0
70070426	signature/xor/232/6	REJECTED	4	0
70070426	signature/xor/232/7	REJECTED	4	0
70070426	signature/xor/233/0	REJECTED	4	0
70070426	signature/xor/233/1	REJECTED	4	0
70070426	signature/xor/233/2	REJECTED	4	0
70070426	signature/xor/233/3	REJECTED	4	0
70070426	signature/xor/233/4	REJECTED	4	0
70070426	signature/xor/233/5	REJECTED	4	0
70070426	signature/xor/233/6	REJECTED	4	0
70070426	signature/xor/233/7	REJECTED	4	0
70070426	signature/xor/234/0	REJECTED	4	0
70070426	signature/xor/234/1	REJECTED	4	0
70070426	signature/xor/234/2	REJECTED	4	0
70070426	signature/xor/234/3	REJECTED	4	0
70070426	signature/xor/234/4	REJECTED	4	0
70070426	signature/xor/234/5	REJECTED	4	0
70070426	signature/xor/234/6	REJECTED	4	0
70070426	signature/xor/234/7	REJECTED	4	0
70070426	signature/xor/235/0	REJECTED	4	0
70070426	signature/xor/235/1	REJECTED	4	0
70070426	signature/xor/235/2	REJECTED	4	0
70070426	signature/xor/235/3	REJECTED	4	0
70070426	signature/xor/235/4	REJECTED	4	0
70070426	signature/xor/235/5	REJECTED	4	0
70070426	signature/xor/235/6	REJECTED	4	0
70070426	signature/xor/235/7	REJECTED	4	0
70070426	signature/xor/236/0	REJECTED	4	0
70070426	signature/xor/236/1	REJECTED	4	0
70070426	signature/xor/236/2	REJECTED	4	0
70070426	signature/xor/236/3	REJECTED	4	0
70070426	signature/xor/236/4	REJECTED	4	0
70070426	signature/xor/236/5	REJECTED	4	0
70070426	signature/xor/236/6	REJECTED	4	0
70070426	signature/xor/236/7	REJECTED	4	0
70070426	signature/xor/237/0	REJECTED	4	0
70070426	signature/xor/237/1	REJECTED	4	0
70070426	signature/xor/237/2	REJECTED	4	0
70070426	signature/xor/237/3	REJECTED	4	0
70070426	signature/xor/237/4	REJECTED	4	0
70070426	signature/xor/237/5	REJECTED	4	0
70070426	signature/xor/237/6	REJECTED	4	0
70070426	signature/xor/237/7	REJECTED	4	0
70070426	signature/xor/238/0	REJECTED	4	0
70070426	signature/xor/238/1	REJECTED	4	0
70070426	signature/xor/238/2	REJECTED	4	0
70070426	signature/xor/238/3	REJECTED	4	0
70070426	signature/xor/238/4	REJECTED	4	0
70070426	signature/xor/238/5	REJECTED	4	0
70070426	signature/xor/238/6	REJECTED	4	0
70070426	signature/xor/238/7	REJECTED	4	0
70070426	signature/xor/239/0	REJECTED	4	0
70070426	signature/xor/239/1	REJECTED	4	0
70070426	signature/xor/239/2	REJECTED	4	0
70070426	signature/xor/239/3	REJECTED	4	0
70070426	signature/xor/239/4	REJECTED	4	0
70070426	signature/xor/239/5	REJECTED	4	0
70070426	signature/xor/239/6	REJECTED	4	0
70070426	signature/xor/239/7	REJECTED	4	0
70070426	signature/xor/240/0	REJECTED	4	0
70070426	signature/xor/240/1	REJECTED	4	0
70070426	signature/xor/240/2	REJECTED	4	0
70070426	signature/xor/240/3	REJECTED	4	0
70070426	signature/xor/240/4	REJECTED	4	0
70070426	signature/xor/240/5	REJECTED	4	0
70070426	signature/xor/240/6	REJECTED	4	0
70070426	signature/xor/240/7	REJECTED	4	0
70070426	signature/xor/241/0	REJECTED	4	0
70070426	signature/xor/241/1	REJECTED	4	0
70070426	signature/xor/241/2	REJECTED	4	0
70070426	signature/xor/241/3	REJECTED	4	0
70070426	signature/xor/241/4	REJECTED	4	0
70070426	signature/xor/241/5	REJECTED	4	0
70070426	signature/xor/241/6	REJECTED	4	0
70070426	signature/xor/241/7	REJECTED	4	0
70070426	signature/xor/242/0	REJECTED	4	0
70070426	signature/xor/242/1	REJECTED	4	0
70070426	signature/xor/242/2	REJECTED	4	0
70070426	signature/xor/242/3	REJECTED	4	0
70070426	signature/xor/242/4	REJECTED	4	0
70070426	signature/xor/242/5	REJECTED	4	0
70070426	signature/xor/242/6	REJECTED	4	0
70070426	signature/xor/242/7	REJECTED	4	0
70070426	signature/xor/243/0	REJECTED	4	0
70070426	signature/xor/243/1	REJECTED	4	0
70070426	signature/xor/243/2	REJECTED	4	0
70070426	signature/xor/243/3	REJECTED	4	0
70070426	signature/xor/243/4	REJECTED	4	0
70070426	signature/xor/243/5	REJECTED	4	0
70070426	signature/xor/243/6	REJECTED	4	0
70070426	signature/xor/243/7	REJECTED	4	0
70070426	signature/xor/244/0	REJECTED	4	0
70070426	signature/xor/244/1	REJECTED	4	0
70070426	signature/xor/244/2	REJECTED	4	0
70070426	signature/xor/244/3	REJECTED	4	0
70070426	signature/xor/244/4	REJECTED	4	0
70070426	signature/xor/244/5	REJECTED	4	0
70070426	signature/xor/244/6	REJECTED	4	0
70070426	signature/xor/244/7	REJECTED	4	0
70070426	signature/xor/245/0	REJECTED	4	0
70070426	signature/xor/245/1	REJECTED	4	0
70070426	signature/xor/245/2	REJECTED	4	0
70070426	signature/xor/245/3	REJECTED	4	0
70070426	signature/xor/245/4	REJECTED	4	0
70070426	signature/xor/245/5	REJECTED	4	0
70070426	signature/xor/245/6	REJECTED	4	0
70070426	signature/xor/245/7	REJECTED	4	0
70070426	signature/xor/246/0	REJECTED	4	0
70070426	signature/xor/246/1	REJECTED	4	0
70070426	signature/xor/246/2	REJECTED	4	0
70070426	signature/xor/246/3	REJECTED	4	0
70070426	signature/xor/246/4	REJECTED	4	0
70070426	signature/xor/246/5	REJECTED	4	0
70070426	signature/xor/246/6	REJECTED	4	0
70070426	signature/xor/246/7	REJECTED	4	0
70070426	signature/xor/247/0	REJECTED	4	0
70070426	signature/xor/247/1	REJECTED	4	0
70070426	signature/xor/247/2	REJECTED	4	0
70070426	signature/xor/247/3	REJECTED	4	0
70070426	signature/xor/247/4	REJECTED	4	0
70070426	signature/xor/247/5	REJECTED	4	0
70070426	signature/xor/247/6	REJECTED	4	0
70070426	signature/xor/247/7	REJECTED	4	0
70070426	signature/xor/248/0	REJECTED	4	0
70070426	signature/xor/248/1	REJECTED	4	0
70070426	signature/xor/248/2	REJECTED	4	0
70070426	signature/xor/248/3	REJECTED	4	0
70070426	signature/xor/248/4	REJECTED	4	0
70070426	signature/xor/248/5	REJECTED	4	0
70070426	signature/xor/248/6	REJECTED	4	0
70070426	signature/xor/248/7	REJECTED	4	0
70070426	signature/xor/249/0	REJECTED	4	0
70070426	signature/xor/249/1	REJECTED	4	0
70070426	signature/xor/249/2	REJECTED	4	0
70070426	signature/xor/249/3	REJECTED	4	0
70070426	signature/xor/249/4	REJECTED	4	0
70070426	signature/xor/249/5	REJECTED	4	0
70070426	signature/xor/249/6	REJECTED	4	0
70070426	signature/xor/249/7	REJECTED	4	0
70070426	signature/xor/250/0	REJECTED	4	0
70070426	signature/xor/250/1	REJECTED	4	0
70070426	signature/xor/250/2	REJECTED	4	0
70070426	signature/xor/250/3	REJECTED	4	0
70070426	signature/xor/250/4	REJECTED	4	0
70070426	signature/xor/250/5	REJECTED	4	0
70070426	signature/xor/250/6	REJECTED	4	0
70070426	signature/xor/250/7	REJECTED	4	0
70070426	signature/xor/251/0	REJECTED	4	0
70070426	signature/xor/251/1	REJECTED	4	0
70070426	signature/xor/251/2	REJECTED	4	0
70070426	signature/xor/251/3	REJECTED	4	0
70070426	signature/xor/251/4	REJECTED	4	0
70070426	signature/xor/251/5	REJECTED	4	0
70070426	signature/xor/251/6	REJECTED	4	0
70070426	signature/xor/251/7	REJECTED	4	0
70070426	signature/xor/252/0	REJECTED	4	0
70070426	signature/xor/252/1	REJECTED	4	0
70070426	signature/xor/252/2	REJECTED	4	0
70070426	signature/xor/252/3	REJECTED	4	0
70070426	signature/xor/252/4	REJECTED	4	0
70070426	signature/xor/252/5	REJECTED	4	0
70070426	signature/xor/252/6	REJECTED	4	0
70070426	signature/xor/252/7	REJECTED	4	0
70070426	signature/xor/253/0	REJECTED	4	0
70070426	signature/xor/253/1	REJECTED	4	0
70070426	signature/xor/253/2	REJECTED	4	0
70070426	signature/xor/253/3	REJECTED	4	0
70070426	signature/xor/253/4	REJECTED	4	0
70070426	signature/xor/253/5	REJECTED	4	0
70070426	signature/xor/253/6	REJECTED	4	0
70070426	signature/xor/253/7	REJECTED	4	0
70070426	signature/xor/254/0	REJECTED	4	0
70070426	signature/xor/254/1	REJECTED	4	0
70070426	signature/xor/254/2	REJECTED	4	0
70070426	signature/xor/254/3	REJECTED	4	0
70070426	signature/xor/254/4	REJECTED	4	0
70070426	signature/xor/254/5	REJECTED	4	0
70070426	signature/xor/254/6	REJECTED	4	0
70070426	signature/xor/254/7	REJECTED	4	0
70070426	signature/xor/255/0	REJECTED	4	0
70070426	signature/xor/255/1	REJECTED	4	0
70070426	signature/xor/255/2	REJECTED	4	0
70070426	signature/xor/255/3	REJECTED	4	0
70070426	signature/xor/255/4	REJECTED	4	0
70070426	signature/xor/255/5	REJECTED	4	0
70070426	signature/xor/255/6	REJECTED	4	0
70070426	signature/xor/255/7	REJECTED	4	0
70070426	signature/xor/256/0	REJECTED	3	0
70070426	signature/xor/256/1	REJECTED	3	0
70070426	signature/xor/256/2	REJECTED	3	0
70070426	signature/xor/256/3	REJECTED	3	0
70070426	signature/xor/256/4	REJECTED	3	0
70070426	signature/xor/256/5	REJECTED	3	0
70070426	signature/xor/256/6	REJECTED	3	0
70070426	signature/xor/256/7	REJECTED	3	0
70070426	signature/xor/257/0	REJECTED	3	0
70070426	signature/xor/257/1	REJECTED	3	0
70070426	signature/xor/257/2	REJECTED	3	0
70070426	signature/xor/257/3	REJECTED	3	0
70070426	signature/xor/257/4	REJECTED	3	0
70070426	signature/xor/257/5	REJECTED	3	0
70070426	signature/xor/257/6	REJECTED	3	0
70070426	signature/xor/257/7	REJECTED	3	0
70070426	signature/xor/258/0	REJECTED	3	0
70070426	signature/xor/258/1	REJECTED	3	0
70070426	signature/xor/258/2	REJECTED	3	0
70070426	signature/xor/258/3	REJECTED	3	0
70070426	signature/xor/258/4	REJECTED	3	0
70070426	signature/xor/258/5	REJECTED	3	0
70070426	signature/xor/258/6	REJECTED	3	0
70070426	signature/xor/258/7	REJECTED	3	0
70070426	signature/xor/259/0	REJECTED	3	0
70070426	signature/xor/259/1	REJECTED	3	0
70070426	signature/xor/259/2	REJECTED	3	0
70070426	signature/xor/259/3	REJECTED	3	0
70070426	signature/xor/259/4	REJECTED	3	0
70070426	signature/xor/259/5	REJECTED	3	0
70070426	signature/xor/259/6	REJECTED	3	0
70070426	signature/xor/259/7	REJECTED	3	0
70070426	signature/xor/260/0	REJECTED	3	0
70070426	signature/xor/260/1	REJECTED	3	0
70070426	signature/xor/260/2	REJECTED	3	0
70070426	signature/xor/260/3	REJECTED	3	0
70070426	signature/xor/260/4	REJECTED	3	0
70070426	signature/xor/260/5	REJECTED	3	0
70070426	signature/xor/260/6	REJECTED	3	0
70070426	signature/xor/260/7	REJECTED	3	0
70070426	signature/xor/261/0	REJECTED	3	0
70070426	signature/xor/261/1	REJECTED	3	0
70070426	signature/xor/261/2	REJECTED	3	0
70070426	signature/xor/261/3	REJECTED	3	0
70070426	signature/xor/261/4	REJECTED	3	0
70070426	signature/xor/261/5	REJECTED	3	0
70070426	signature/xor/261/6	REJECTED	3	0
70070426	signature/xor/261/7	REJECTED	3	0
70070426	signature/xor/262/0	REJECTED	3	0
70070426	signature/xor/262/1	REJECTED	3	0
70070426	signature/xor/262/2	REJECTED	3	0
70070426	signature/xor/262/3	REJECTED	3	0
70070426	signature/xor/262/4	REJECTED	3	0
70070426	signature/xor/262/5	REJECTED	3	0
70070426	signature/xor/262/6	REJECTED	3	0
70070426	signature/xor/262/7	REJECTED	3	0
70070426	signature/xor/263/0	REJECTED	3	0
70070426	signature/xor/263/1	REJECTED	3	0
70070426	signature/xor/263/2	REJECTED	3	0
70070426	signature/xor/263/3	REJECTED	3	0
70070426	signature/xor/263/4	REJECTED	3	0
70070426	signature/xor/263/5	REJECTED	3	0
70070426	signature/xor/263/6	REJECTED	3	0
70070426	signature/xor/263/7	REJECTED	3	0
70070426	signature/xor/264/0	REJECTED	3	0
70070426	signature/xor/264/1	REJECTED	3	0
70070426	signature/xor/264/2	REJECTED	3	0
70070426	signature/xor/264/3	REJECTED	3	0
70070426	signature/xor/264/4	REJECTED	3	0
70070426	signature/xor/264/5	REJECTED	3	0
70070426	signature/xor/264/6	REJECTED	3	0
70070426	signature/xor/264/7	REJECTED	3	0
70070426	signature/xor/265/0	REJECTED	3	0
70070426	signature/xor/265/1	REJECTED	3	0
70070426	signature/xor/265/2	REJECTED	3	0
70070426	signature/xor/265/3	REJECTED	3	0
70070426	signature/xor/265/4	REJECTED	3	0
70070426	signature/xor/265/5	REJECTED	3	0
70070426	signature/xor/265/6	REJECTED	3	0
70070426	signature/xor/265/7	REJECTED	3	0
70070426	signature/xor/266/0	REJECTED	3	0
70070426	signature/xor/266/1	REJECTED	3	0
70070426	signature/xor/266/2	REJECTED	3	0
70070426	signature/xor/266/3	REJECTED	3	0
70070426	signature/xor/266/4	REJECTED	3	0
70070426	signature/xor/266/5	REJECTED	3	0
70070426	signature/xor/266/6	REJECTED	3	0
70070426	signature/xor/266/7	REJECTED	3	0
70070426	signature/xor/267/0	REJECTED	3	0
70070426	signature/xor/267/1	REJECTED	3	0
70070426	signature/xor/267/2	REJECTED	3	0
70070426	signature/xor/267/3	REJECTED	3	0
70070426	signature/xor/267/4	REJECTED	3	0
70070426	signature/xor/267/5	REJECTED	3	0
70070426	signature/xor/267/6	REJECTED	3	0
70070426	signature/xor/267/7	REJECTED	3	0
70070426	signature/xor/268/0	REJECTED	3	0
70070426	signature/xor/268/1	REJECTED	3	0
70070426	signature/xor/268/2	REJECTED	3	0
70070426	signature/xor/268/3	REJECTED	3	0
70070426	signature/xor/268/4	REJECTED	3	0
70070426	signature/xor/268/5	REJECTED	3	0
70070426	signature/xor/268/6	REJECTED	3	0
70070426	signature/xor/268/7	REJECTED	3	0
70070426	signature/xor/269/0	REJECTED	3	0
70070426	signature/xor/269/1	REJECTED	3	0
70070426	signature/xor/269/2	REJECTED	3	0
70070426	signature/xor/269/3	REJECTED	3	0
70070426	signature/xor/269/4	REJECTED	3	0
70070426	signature/xor/269/5	REJECTED	3	0
70070426	signature/xor/269/6	REJECTED	3	0
70070426	signature/xor/269/7	REJECTED	3	0
70070426	signature/xor/270/0	REJECTED	3	0
70070426	signature/xor/270/1	REJECTED	3	0
70070426	signature/xor/270/2	REJECTED	3	0
70070426	signature/xor/270/3	REJECTED	3	0
70070426	signature/xor/270/4	REJECTED	3	0
70070426	signature/xor/270/5	REJECTED	3	0
70070426	signature/xor/270/6	REJECTED	3	0
70070426	signature/xor/270/7	REJECTED	3	0
70070426	signature/xor/271/0	REJECTED	3	0
70070426	signature/xor/271/1	REJECTED	3	0
70070426	signature/xor/271/2	REJECTED	3	0
70070426	signature/xor/271/3	REJECTED	3	0
70070426	signature/xor/271/4	REJECTED	3	0
70070426	signature/xor/271/5	REJECTED	3	0
70070426	signature/xor/271/6	REJECTED	3	0
70070426	signature/xor/271/7	REJECTED	3	0
70070426	signature/xor/272/0	REJECTED	3	0
70070426	signature/xor/272/1	REJECTED	3	0
70070426	signature/xor/272/2	REJECTED	3	0
70070426	signature/xor/272/3	REJECTED	3	0
70070426	signature/xor/272/4	REJECTED	3	0
70070426	signature/xor/272/5	REJECTED	3	0
70070426	signature/xor/272/6	REJECTED	3	0
70070426	signature/xor/272/7	REJECTED	3	0
70070426	signature/xor/273/0	REJECTED	3	0
70070426	signature/xor/273/1	REJECTED	3	0
70070426	signature/xor/273/2	REJECTED	3	0
70070426	signature/xor/273/3	REJECTED	3	0
70070426	signature/xor/273/4	REJECTED	3	0
70070426	signature/xor/273/5	REJECTED	3	0
70070426	signature/xor/273/6	REJECTED	3	0
70070426	signature/xor/273/7	REJECTED	3	0
70070426	signature/xor/274/0	REJECTED	3	0
70070426	signature/xor/274/1	REJECTED	3	0
70070426	signature/xor/274/2	REJECTED	3	0
70070426	signature/xor/274/3	REJECTED	3	0
70070426	signature/xor/274/4	REJECTED	3	0
70070426	signature/xor/274/5	REJECTED	3	0
70070426	signature/xor/274/6	REJECTED	3	0
70070426	signature/xor/274/7	REJECTED	3	0
70070426	signature/xor/275/0	REJECTED	3	0
70070426	signature/xor/275/1	REJECTED	3	0
70070426	signature/xor/275/2	REJECTED	3	0
70070426	signature/xor/275/3	REJECTED	3	0
70070426	signature/xor/275/4	REJECTED	3	0
70070426	signature/xor/275/5	REJECTED	3	0
70070426	signature/xor/275/6	REJECTED	3	0
70070426	signature/xor/275/7	REJECTED	3	0
70070426	signature/xor/276/0	REJECTED	3	0
70070426	signature/xor/276/1	REJECTED	3	0
70070426	signature/xor/276/2	REJECTED	3	0
70070426	signature/xor/276/3	REJECTED	3	0
70070426	signature/xor/276/4	REJECTED	3	0
70070426	signature/xor/276/5	REJECTED	3	0
70070426	signature/xor/276/6	REJECTED	3	0
70070426	signature/xor/276/7	REJECTED	3	0
70070426	signature/xor/277/0	REJECTED	3	0
70070426	signature/xor/277/1	REJECTED	3	0
70070426	signature/xor/277/2	REJECTED	3	0
70070426	signature/xor/277/3	REJECTED	3	0
70070426	signature/xor/277/4	REJECTED	3	0
70070426	signature/xor/277/5	REJECTED	3	0
70070426	signature/xor/277/6	REJECTED	3	0
70070426	signature/xor/277/7	REJECTED	3	0
70070426	signature/xor/278/0	REJECTED	3	0
70070426	signature/xor/278/1	REJECTED	3	0
70070426	signature/xor/278/2	REJECTED	3	0
70070426	signature/xor/278/3	REJECTED	3	0
70070426	signature/xor/278/4	REJECTED	3	0
70070426	signature/xor/278/5	REJECTED	3	0
70070426	signature/xor/278/6	REJECTED	3	0
70070426	signature/xor/278/7	REJECTED	3	0
70070426	signature/xor/279/0	REJECTED	3	0
70070426	signature/xor/279/1	REJECTED	3	0
70070426	signature/xor/279/2	REJECTED	3	0
70070426	signature/xor/279/3	REJECTED	3	0
70070426	signature/xor/279/4	REJECTED	3	0
70070426	signature/xor/279/5	REJECTED	3	0
70070426	signature/xor/279/6	REJECTED	3	0
70070426	signature/xor/279/7	REJECTED	3	0
70070426	signature/xor/280/0	REJECTED	3	0
70070426	signature/xor/280/1	REJECTED	3	0
70070426	signature/xor/280/2	REJECTED	3	0
70070426	signature/xor/280/3	REJECTED	3	0
70070426	signature/xor/280/4	REJECTED	3	0
70070426	signature/xor/280/5	REJECTED	3	0
70070426	signature/xor/280/6	REJECTED	3	0
70070426	signature/xor/280/7	REJECTED	3	0
70070426	signature/xor/281/0	REJECTED	3	0
70070426	signature/xor/281/1	REJECTED	3	0
70070426	signature/xor/281/2	REJECTED	3	0
70070426	signature/xor/281/3	REJECTED	3	0
70070426	signature/xor/281/4	REJECTED	3	0
70070426	signature/xor/281/5	REJECTED	3	0
70070426	signature/xor/281/6	REJECTED	3	0
70070426	signature/xor/281/7	REJECTED	3	0
70070426	signature/xor/282/0	REJECTED	3	0
70070426	signature/xor/282/1	REJECTED	3	0
70070426	signature/xor/282/2	REJECTED	3	0
70070426	signature/xor/282/3	REJECTED	3	0
70070426	signature/xor/282/4	REJECTED	3	0
70070426	signature/xor/282/5	REJECTED	3	0
70070426	signature/xor/282/6	REJECTED	3	0
70070426	signature/xor/282/7	REJECTED	3	0
70070426	signature/xor/283/0	REJECTED	3	0
70070426	signature/xor/283/1	REJECTED	3	0
70070426	signature/xor/283/2	REJECTED	3	0
70070426	signature/xor/283/3	REJECTED	3	0
70070426	signature/xor/283/4	REJECTED	3	0
70070426	signature/xor/283/5	REJECTED	3	0
70070426	signature/xor/283/6	REJECTED	3	0
70070426	signature/xor/283/7	REJECTED	3	0
70070426	signature/xor/284/0	REJECTED	3	0
70070426	signature/xor/284/1	REJECTED	3	0
70070426	signature/xor/284/2	REJECTED	3	0
70070426	signature/xor/284/3	REJECTED	3	0
70070426	signature/xor/284/4	REJECTED	3	0
70070426	signature/xor/284/5	REJECTED	3	0
70070426	signature/xor/284/6	REJECTED	3	0
70070426	signature/xor/284/7	REJECTED	3	0
70070426	signature/xor/285/0	REJECTED	3	0
70070426	signature/xor/285/1	REJECTED	3	0
70070426	signature/xor/285/2	REJECTED	3	0
70070426	signature/xor/285/3	REJECTED	3	0
70070426	signature/xor/285/4	REJECTED	3	0
70070426	signature/xor/285/5	REJECTED	3	0
70070426	signature/xor/285/6	REJECTED	3	0
70070426	signature/xor/285/7	REJECTED	3	0
70070426	signature/xor/286/0	REJECTED	3	0
70070426	signature/xor/286/1	REJECTED	3	0
70070426	signature/xor/286/2	REJECTED	3	0
70070426	signature/xor/286/3	REJECTED	3	0
70070426	signature/xor/286/4	REJECTED	3	0
70070426	signature/xor/286/5	REJECTED	3	0
70070426	signature/xor/286/6	REJECTED	3	0
70070426	signature/xor/286/7	REJECTED	3	0
70070426	signature/xor/287/0	REJECTED	3	0
70070426	signature/xor/287/1	REJECTED	3	0
70070426	signature/xor/287/2	REJECTED	3	0
70070426	signature/xor/287/3	REJECTED	3	0
70070426	signature/xor/287/4	REJECTED	3	0
70070426	signature/xor/287/5	REJECTED	3	0
70070426	signature/xor/287/6	REJECTED	3	0
70070426	signature/xor/287/7	REJECTED	3	0
70070426	signature/xor/288/0	REJECTED	3	0
70070426	signature/xor/288/1	REJECTED	3	0
70070426	signature/xor/288/2	REJECTED	3	0
70070426	signature/xor/288/3	REJECTED	3	0
70070426	signature/xor/288/4	REJECTED	3	0
70070426	signature/xor/288/5	REJECTED	3	0
70070426	signature/xor/288/6	REJECTED	3	0
70070426	signature/xor/288/7	REJECTED	3	0
70070426	signature/xor/289/0	REJECTED	3	0
70070426	signature/xor/289/1	REJECTED	3	0
70070426	signature/xor/289/2	REJECTED	3	0
70070426	signature/xor/289/3	REJECTED	3	0
70070426	signature/xor/289/4	REJECTED	3	0
70070426	signature/xor/289/5	REJECTED	3	0
70070426	signature/xor/289/6	REJECTED	3	0
70070426	signature/xor/289/7	REJECTED	3	0
70070426	signature/xor/290/0	REJECTED	3	0
70070426	signature/xor/290/1	REJECTED	3	0
70070426	signature/xor/290/2	REJECTED	3	0
70070426	signature/xor/290/3	REJECTED	3	0
70070426	signature/xor/290/4	REJECTED	3	0
70070426	signature/xor/290/5	REJECTED	3	0
70070426	signature/xor/290/6	REJECTED	3	0
70070426	signature/xor/290/7	REJECTED	3	0
70070426	signature/xor/291/0	REJECTED	3	0
70070426	signature/xor/291/1	REJECTED	3	0
70070426	signature/xor/291/2	REJECTED	3	0
70070426	signature/xor/291/3	REJECTED	3	0
70070426	signature/xor/291/4	REJECTED	3	0
70070426	signature/xor/291/5	REJECTED	3	0
70070426	signature/xor/291/6	REJECTED	3	0
70070426	signature/xor/291/7	REJECTED	3	0
70070426	signature/xor/292/0	REJECTED	3	0
70070426	signature/xor/292/1	REJECTED	3	0
70070426	signature/xor/292/2	REJECTED	3	0
70070426	signature/xor/292/3	REJECTED	3	0
70070426	signature/xor/292/4	REJECTED	3	0
70070426	signature/xor/292/5	REJECTED	3	0
70070426	signature/xor/292/6	REJECTED	3	0
70070426	signature/xor/292/7	REJECTED	3	0
70070426	signature/xor/293/0	REJECTED	3	0
70070426	signature/xor/293/1	REJECTED	3	0
70070426	signature/xor/293/2	REJECTED	3	0
70070426	signature/xor/293/3	REJECTED	3	0
70070426	signature/xor/293/4	REJECTED	3	0
70070426	signature/xor/293/5	REJECTED	3	0
70070426	signature/xor/293/6	REJECTED	3	0
70070426	signature/xor/293/7	REJECTED	3	0
70070426	signature/xor/294/0	REJECTED	3	0
70070426	signature/xor/294/1	REJECTED	3	0
70070426	signature/xor/294/2	REJECTED	3	0
70070426	signature/xor/294/3	REJECTED	3	0
70070426	signature/xor/294/4	REJECTED	3	0
70070426	signature/xor/294/5	REJECTED	3	0
70070426	signature/xor/294/6	REJECTED	3	0
70070426	signature/xor/294/7	REJECTED	3	0
70070426	signature/xor/295/0	REJECTED	3	0
70070426	signature/xor/295/1	REJECTED	3	0
70070426	signature/xor/295/2	REJECTED	3	0
70070426	signature/xor/295/3	REJECTED	3	0
70070426	signature/xor/295/4	REJECTED	3	0
70070426	signature/xor/295/5	REJECTED	3	0
70070426	signature/xor/295/6	REJECTED	3	0
70070426	signature/xor/295/7	REJECTED	3	0
70070426	signature/xor/296/0	REJECTED	3	0
70070426	signature/xor/296/1	REJECTED	3	0
70070426	signature/xor/296/2	REJECTED	3	0
70070426	signature/xor/296/3	REJECTED	3	0
70070426	signature/xor/296/4	REJECTED	3	0
70070426	signature/xor/296/5	REJECTED	3	0
70070426	signature/xor/296/6	REJECTED	3	0
70070426	signature/xor/296/7	REJECTED	3	0
70070426	signature/xor/297/0	REJECTED	3	0
70070426	signature/xor/297/1	REJECTED	3	0
70070426	signature/xor/297/2	REJECTED	3	0
70070426	signature/xor/297/3	REJECTED	3	0
70070426	signature/xor/297/4	REJECTED	3	0
70070426	signature/xor/297/5	REJECTED	3	0
70070426	signature/xor/297/6	REJECTED	3	0
70070426	signature/xor/297/7	REJECTED	3	0
70070426	signature/xor/298/0	REJECTED	3	0
70070426	signature/xor/298/1	REJECTED	3	0
70070426	signature/xor/298/2	REJECTED	3	0
70070426	signature/xor/298/3	REJECTED	3	0
70070426	signature/xor/298/4	REJECTED	3	0
70070426	signature/xor/298/5	REJECTED	3	0
70070426	signature/xor/298/6	REJECTED	3	0
70070426	signature/xor/298/7	REJECTED	3	0
70070426	signature/xor/299/0	REJECTED	3	0
70070426	signature/xor/299/1	REJECTED	3	0
70070426	signature/xor/299/2	REJECTED	3	0
70070426	signature/xor/299/3	REJECTED	3	0
70070426	signature/xor/299/4	REJECTED	3	0
70070426	signature/xor/299/5	REJECTED	3	0
70070426	signature/xor/299/6	REJECTED	3	0
70070426	signature/xor/299/7	REJECTED	3	0
70070426	signature/xor/300/0	REJECTED	3	0
70070426	signature/xor/300/1	REJECTED	3	0
70070426	signature/xor/300/2	REJECTED	3	0
70070426	signature/xor/300/3	REJECTED	3	0
70070426	signature/xor/300/4	REJECTED	3	0
70070426	signature/xor/300/5	REJECTED	3	0
70070426	signature/xor/300/6	REJECTED	3	0
70070426	signature/xor/300/7	REJECTED	3	0
70070426	signature/xor/301/0	REJECTED	3	0
70070426	signature/xor/301/1	REJECTED	3	0
70070426	signature/xor/301/2	REJECTED	3	0
70070426	signature/xor/301/3	REJECTED	3	0
70070426	signature/xor/301/4	REJECTED	3	0
70070426	signature/xor/301/5	REJECTED	3	0
70070426	signature/xor/301/6	REJECTED	3	0
70070426	signature/xor/301/7	REJECTED	3	0
70070426	signature/xor/302/0	REJECTED	3	0
70070426	signature/xor/302/1	REJECTED	3	0
70070426	signature/xor/302/2	REJECTED	3	0
70070426	signature/xor/302/3	REJECTED	3	0
70070426	signature/xor/302/4	REJECTED	3	0
70070426	signature/xor/302/5	REJECTED	3	0
70070426	signature/xor/302/6	REJECTED	3	0
70070426	signature/xor/302/7	REJECTED	3	0
70070426	signature/xor/303/0	REJECTED	3	0
70070426	signature/xor/303/1	REJECTED	3	0
70070426	signature/xor/303/2	REJECTED	3	0
70070426	signature/xor/303/3	REJECTED	3	0
70070426	signature/xor/303/4	REJECTED	3	0
70070426	signature/xor/303/5	REJECTED	3	0
70070426	signature/xor/303/6	REJECTED	3	0
70070426	signature/xor/303/7	REJECTED	3	0
70070426	signature/xor/304/0	REJECTED	3	0
70070426	signature/xor/304/1	REJECTED	3	0
70070426	signature/xor/304/2	REJECTED	3	0
70070426	signature/xor/304/3	REJECTED	3	0
70070426	signature/xor/304/4	REJECTED	3	0
70070426	signature/xor/304/5	REJECTED	3	0
70070426	signature/xor/304/6	REJECTED	3	0
70070426	signature/xor/304/7	REJECTED	3	0
70070426	signature/xor/305/0	REJECTED	3	0
70070426	signature/xor/305/1	REJECTED	3	0
70070426	signature/xor/305/2	REJECTED	3	0
70070426	signature/xor/305/3	REJECTED	3	0
70070426	signature/xor/305/4	REJECTED	3	0
70070426	signature/xor/305/5	REJECTED	3	0
70070426	signature/xor/305/6	REJECTED	3	0
70070426	signature/xor/305/7	REJECTED	3	0
70070426	signature/xor/306/0	REJECTED	3	0
70070426	signature/xor/306/1	REJECTED	3	0
70070426	signature/xor/306/2	REJECTED	3	0
70070426	signature/xor/306/3	REJECTED	3	0
70070426	signature/xor/306/4	REJECTED	3	0
70070426	signature/xor/306/5	REJECTED	3	0
70070426	signature/xor/306/6	REJECTED	3	0
70070426	signature/xor/306/7	REJECTED	3	0
70070426	signature/xor/307/0	REJECTED	3	0
70070426	signature/xor/307/1	REJECTED	3	0
70070426	signature/xor/307/2	REJECTED	3	0
70070426	signature/xor/307/3	REJECTED	3	0
70070426	signature/xor/307/4	REJECTED	3	0
70070426	signature/xor/307/5	REJECTED	3	0
70070426	signature/xor/307/6	REJECTED	3	0
70070426	signature/xor/307/7	REJECTED	3	0
70070426	signature/xor/308/0	REJECTED	3	0
70070426	signature/xor/308/1	REJECTED	3	0
70070426	signature/xor/308/2	REJECTED	3	0
70070426	signature/xor/308/3	REJECTED	3	0
70070426	signature/xor/308/4	REJECTED	3	0
70070426	signature/xor/308/5	REJECTED	3	0
70070426	signature/xor/308/6	REJECTED	3	0
70070426	signature/xor/308/7	REJECTED	3	0
70070426	signature/xor/309/0	REJECTED	3	0
70070426	signature/xor/309/1	REJECTED	3	0
70070426	signature/xor/309/2	REJECTED	3	0
70070426	signature/xor/309/3	REJECTED	3	0
70070426	signature/xor/309/4	REJECTED	3	0
70070426	signature/xor/309/5	REJECTED	3	0
70070426	signature/xor/309/6	REJECTED	3	0
70070426	signature/xor/309/7	REJECTED	3	0
70070426	signature/xor/310/0	REJECTED	3	0
70070426	signature/xor/310/1	REJECTED	3	0
70070426	signature/xor/310/2	REJECTED	3	0
70070426	signature/xor/310/3	REJECTED	3	0
70070426	signature/xor/310/4	REJECTED	3	0
70070426	signature/xor/310/5	REJECTED	3	0
70070426	signature/xor/310/6	REJECTED	3	0
70070426	signature/xor/310/7	REJECTED	3	0
70070426	signature/xor/311/0	REJECTED	3	0
70070426	signature/xor/311/1	REJECTED	3	0
70070426	signature/xor/311/2	REJECTED	3	0
70070426	signature/xor/311/3	REJECTED	3	0
70070426	signature/xor/311/4	REJECTED	3	0
70070426	signature/xor/311/5	REJECTED	3	0
70070426	signature/xor/311/6	REJECTED	3	0
70070426	signature/xor/311/7	REJECTED	3	0
70070426	signature/xor/312/0	REJECTED	3	0
70070426	signature/xor/312/1	REJECTED	3	0
70070426	signature/xor/312/2	REJECTED	3	0
70070426	signature/xor/312/3	REJECTED	3	0
70070426	signature/xor/312/4	REJECTED	3	0
70070426	signature/xor/312/5	REJECTED	3	0
70070426	signature/xor/312/6	REJECTED	3	0
70070426	signature/xor/312/7	REJECTED	3	0
70070426	signature/xor/313/0	REJECTED	3	0
70070426	signature/xor/313/1	REJECTED	3	0
70070426	signature/xor/313/2	REJECTED	3	0
70070426	signature/xor/313/3	REJECTED	3	0
70070426	signature/xor/313/4	REJECTED	3	0
70070426	signature/xor/313/5	REJECTED	3	0
70070426	signature/xor/313/6	REJECTED	3	0
70070426	signature/xor/313/7	REJECTED	3	0
70070426	signature/xor/314/0	REJECTED	3	0
70070426	signature/xor/314/1	REJECTED	3	0
70070426	signature/xor/314/2	REJECTED	3	0
70070426	signature/xor/314/3	REJECTED	3	0
70070426	signature/xor/314/4	REJECTED	3	0
70070426	signature/xor/314/5	REJECTED	3	0
70070426	signature/xor/314/6	REJECTED	3	0
70070426	signature/xor/314/7	REJECTED	3	0
70070426	signature/xor/315/0	REJECTED	3	0
70070426	signature/xor/315/1	REJECTED	3	0
70070426	signature/xor/315/2	REJECTED	3	0
70070426	signature/xor/315/3	REJECTED	3	0
70070426	signature/xor/315/4	REJECTED	3	0
70070426	signature/xor/315/5	REJECTED	3	0
70070426	signature/xor/315/6	REJECTED	3	0
70070426	signature/xor/315/7	REJECTED	3	0
70070426	signature/xor/316/0	REJECTED	3	0
70070426	signature/xor/316/1	REJECTED	3	0
70070426	signature/xor/316/2	REJECTED	3	0
70070426	signature/xor/316/3	REJECTED	3	0
70070426	signature/xor/316/4	REJECTED	3	0
70070426	signature/xor/316/5	REJECTED	3	0
70070426	signature/xor/316/6	REJECTED	3	0
70070426	signature/xor/316/7	REJECTED	3	0
70070426	signature/xor/317/0	REJECTED	3	0
70070426	signature/xor/317/1	REJECTED	3	0
70070426	signature/xor/317/2	REJECTED	3	0
70070426	signature/xor/317/3	REJECTED	3	0
70070426	signature/xor/317/4	REJECTED	3	0
70070426	signature/xor/317/5	REJECTED	3	0
70070426	signature/xor/317/6	REJECTED	3	0
70070426	signature/xor/317/7	REJECTED	3	0
70070426	signature/xor/318/0	REJECTED	3	0
70070426	signature/xor/318/1	REJECTED	3	0
70070426	signature/xor/318/2	REJECTED	3	0
70070426	signature/xor/318/3	REJECTED	3	0
70070426	signature/xor/318/4	REJECTED	3	0
70070426	signature/xor/318/5	REJECTED	3	0
70070426	signature/xor/318/6	REJECTED	3	0
70070426	signature/xor/318/7	REJECTED	3	0
70070426	signature/xor/319/0	REJECTED	3	0
70070426	signature/xor/319/1	REJECTED	3	0
70070426	signature/xor/319/2	REJECTED	3	0
70070426	signature/xor/319/3	REJECTED	3	0
70070426	signature/xor/319/4	REJECTED	3	0
70070426	signature/xor/319/5	REJECTED	3	0
70070426	signature/xor/319/6	REJECTED	3	0
70070426	signature/xor/319/7	REJECTED	3	0
70070426	signature/xor/320/0	REJECTED	2	0
70070426	signature/xor/320/1	REJECTED	2	0
70070426	signature/xor/320/2	REJECTED	2	0
70070426	signature/xor/320/3	REJECTED	2	0
70070426	signature/xor/320/4	REJECTED	2	0
70070426	signature/xor/320/5	REJECTED	2	0
70070426	signature/xor/320/6	REJECTED	2	0
70070426	signature/xor/320/7	REJECTED	2	0
70070426	signature/xor/321/0	REJECTED	2	0
70070426	signature/xor/321/1	REJECTED	2	0
70070426	signature/xor/321/2	REJECTED	2	0
70070426	signature/xor/321/3	REJECTED	2	0
70070426	signature/xor/321/4	REJECTED	2	0
70070426	signature/xor/321/5	REJECTED	2	0
70070426	signature/xor/321/6	REJECTED	2	0
70070426	signature/xor/321/7	REJECTED	2	0
70070426	signature/xor/322/0	REJECTED	2	0
70070426	signature/xor/322/1	REJECTED	2	0
70070426	signature/xor/322/2	REJECTED	2	0
70070426	signature/xor/322/3	REJECTED	2	0
70070426	signature/xor/322/4	REJECTED	2	0
70070426	signature/xor/322/5	REJECTED	2	0
70070426	signature/xor/322/6	REJECTED	2	0
70070426	signature/xor/322/7	REJECTED	2	0
70070426	signature/xor/323/0	REJECTED	2	0
70070426	signature/xor/323/1	REJECTED	2	0
70070426	signature/xor/323/2	REJECTED	2	0
70070426	signature/xor/323/3	REJECTED	2	0
70070426	signature/xor/323/4	REJECTED	2	0
70070426	signature/xor/323/5	REJECTED	2	0
70070426	signature/xor/323/6	REJECTED	2	0
70070426	signature/xor/323/7	REJECTED	2	0
70070426	signature/xor/324/0	REJECTED	2	0
70070426	signature/xor/324/1	REJECTED	2	0
70070426	signature/xor/324/2	REJECTED	2	0
70070426	signature/xor/324/3	REJECTED	2	0
70070426	signature/xor/324/4	REJECTED	2	0
70070426	signature/xor/324/5	REJECTED	2	0
70070426	signature/xor/324/6	REJECTED	2	0
70070426	signature/xor/324/7	REJECTED	2	0
70070426	signature/xor/325/0	REJECTED	2	0
70070426	signature/xor/325/1	REJECTED	2	0
70070426	signature/xor/325/2	REJECTED	2	0
70070426	signature/xor/325/3	REJECTED	2	0
70070426	signature/xor/325/4	REJECTED	2	0
70070426	signature/xor/325/5	REJECTED	2	0
70070426	signature/xor/325/6	REJECTED	2	0
70070426	signature/xor/325/7	REJECTED	2	0
70070426	signature/xor/326/0	REJECTED	2	0
70070426	signature/xor/326/1	REJECTED	2	0
70070426	signature/xor/326/2	REJECTED	2	0
70070426	signature/xor/326/3	REJECTED	2	0
70070426	signature/xor/326/4	REJECTED	2	0
70070426	signature/xor/326/5	REJECTED	2	0
70070426	signature/xor/326/6	REJECTED	2	0
70070426	signature/xor/326/7	REJECTED	2	0
70070426	signature/xor/327/0	REJECTED	2	0
70070426	signature/xor/327/1	REJECTED	2	0
70070426	signature/xor/327/2	REJECTED	2	0
70070426	signature/xor/327/3	REJECTED	2	0
70070426	signature/xor/327/4	REJECTED	2	0
70070426	signature/xor/327/5	REJECTED	2	0
70070426	signature/xor/327/6	REJECTED	2	0
70070426	signature/xor/327/7	REJECTED	2	0
70070426	signature/xor/328/0	REJECTED	2	0
70070426	signature/xor/328/1	REJECTED	2	0
70070426	signature/xor/328/2	REJECTED	2	0
70070426	signature/xor/328/3	REJECTED	2	0
70070426	signature/xor/328/4	REJECTED	2	0
70070426	signature/xor/328/5	REJECTED	2	0
70070426	signature/xor/328/6	REJECTED	2	0
70070426	signature/xor/328/7	REJECTED	2	0
70070426	signature/xor/329/0	REJECTED	2	0
70070426	signature/xor/329/1	REJECTED	2	0
70070426	signature/xor/329/2	REJECTED	2	0
70070426	signature/xor/329/3	REJECTED	2	0
70070426	signature/xor/329/4	REJECTED	2	0
70070426	signature/xor/329/5	REJECTED	2	0
70070426	signature/xor/329/6	REJECTED	2	0
70070426	signature/xor/329/7	REJECTED	2	0
70070426	signature/xor/330/0	REJECTED	2	0
70070426	signature/xor/330/1	REJECTED	2	0
70070426	signature/xor/330/2	REJECTED	2	0
70070426	signature/xor/330/3	REJECTED	2	0
70070426	signature/xor/330/4	REJECTED	2	0
70070426	signature/xor/330/5	REJECTED	2	0
70070426	signature/xor/330/6	REJECTED	2	0
70070426	signature/xor/330/7	REJECTED	2	0
70070426	signature/xor/331/0	REJECTED	2	0
70070426	signature/xor/331/1	REJECTED	2	0
70070426	signature/xor/331/2	REJECTED	2	0
70070426	signature/xor/331/3	REJECTED	2	0
70070426	signature/xor/331/4	REJECTED	2	0
70070426	signature/xor/331/5	REJECTED	2	0
70070426	signature/xor/331/6	REJECTED	2	0
70070426	signature/xor/331/7	REJECTED	2	0
70070426	signature/xor/332/0	REJECTED	2	0
70070426	signature/xor/332/1	REJECTED	2	0
70070426	signature/xor/332/2	REJECTED	2	0
70070426	signature/xor/332/3	REJECTED	2	0
70070426	signature/xor/332/4	REJECTED	2	0
70070426	signature/xor/332/5	REJECTED	2	0
70070426	signature/xor/332/6	REJECTED	2	0
70070426	signature/xor/332/7	REJECTED	2	0
70070426	signature/xor/333/0	REJECTED	2	0
70070426	signature/xor/333/1	REJECTED	2	0
70070426	signature/xor/333/2	REJECTED	2	0
70070426	signature/xor/333/3	REJECTED	2	0
70070426	signature/xor/333/4	REJECTED	2	0
70070426	signature/xor/333/5	REJECTED	2	0
70070426	signature/xor/333/6	REJECTED	2	0
70070426	signature/xor/333/7	REJECTED	2	0
70070426	signature/xor/334/0	REJECTED	2	0
70070426	signature/xor/334/1	REJECTED	2	0
70070426	signature/xor/334/2	REJECTED	2	0
70070426	signature/xor/334/3	REJECTED	2	0
70070426	signature/xor/334/4	REJECTED	2	0
70070426	signature/xor/334/5	REJECTED	2	0
70070426	signature/xor/334/6	REJECTED	2	0
70070426	signature/xor/334/7	REJECTED	2	0
70070426	signature/xor/335/0	REJECTED	2	0
70070426	signature/xor/335/1	REJECTED	2	0
70070426	signature/xor/335/2	REJECTED	2	0
70070426	signature/xor/335/3	REJECTED	2	0
70070426	signature/xor/335/4	REJECTED	2	0
70070426	signature/xor/335/5	REJECTED	2	0
70070426	signature/xor/335/6	REJECTED	2	0
70070426	signature/xor/335/7	REJECTED	2	0
70070426	signature/xor/336/0	REJECTED	2	0
70070426	signature/xor/336/1	REJECTED	2	0
70070426	signature/xor/336/2	REJECTED	2	0
70070426	signature/xor/336/3	REJECTED	2	0
70070426	signature/xor/336/4	REJECTED	2	0
70070426	signature/xor/336/5	REJECTED	2	0
70070426	signature/xor/336/6	REJECTED	2	0
70070426	signature/xor/336/7	REJECTED	2	0
70070426	signature/xor/337/0	REJECTED	2	0
70070426	signature/xor/337/1	REJECTED	2	0
70070426	signature/xor/337/2	REJECTED	2	0
70070426	signature/xor/337/3	REJECTED	2	0
70070426	signature/xor/337/4	REJECTED	2	0
70070426	signature/xor/337/5	REJECTED	2	0
70070426	signature/xor/337/6	REJECTED	2	0
70070426	signature/xor/337/7	REJECTED	2	0
70070426	signature/xor/338/0	REJECTED	2	0
70070426	signature/xor/338/1	REJECTED	2	0
70070426	signature/xor/338/2	REJECTED	2	0
70070426	signature/xor/338/3	REJECTED	2	0
70070426	signature/xor/338/4	REJECTED	2	0
70070426	signature/xor/338/5	REJECTED	2	0
70070426	signature/xor/338/6	REJECTED	2	0
70070426	signature/xor/338/7	REJECTED	2	0
70070426	signature/xor/339/0	REJECTED	2	0
70070426	signature/xor/339/1	REJECTED	2	0
70070426	signature/xor/339/2	REJECTED	2	0
70070426	signature/xor/339/3	REJECTED	2	0
70070426	signature/xor/339/4	REJECTED	2	0
70070426	signature/xor/339/5	REJECTED	2	0
70070426	signature/xor/339/6	REJECTED	2	0
70070426	signature/xor/339/7	REJECTED	2	0
70070426	signature/xor/340/0	REJECTED	2	0
70070426	signature/xor/340/1	REJECTED	2	0
70070426	signature/xor/340/2	REJECTED	2	0
70070426	signature/xor/340/3	REJECTED	2	0
70070426	signature/xor/340/4	REJECTED	2	0
70070426	signature/xor/340/5	REJECTED	2	0
70070426	signature/xor/340/6	REJECTED	2	0
70070426	signature/xor/340/7	REJECTED	2	0
70070426	signature/xor/341/0	REJECTED	2	0
70070426	signature/xor/341/1	REJECTED	2	0
70070426	signature/xor/341/2	REJECTED	2	0
70070426	signature/xor/341/3	REJECTED	2	0
70070426	signature/xor/341/4	REJECTED	2	0
70070426	signature/xor/341/5	REJECTED	2	0
70070426	signature/xor/341/6	REJECTED	2	0
70070426	signature/xor/341/7	REJECTED	2	0
70070426	signature/xor/342/0	REJECTED	2	0
70070426	signature/xor/342/1	REJECTED	2	0
70070426	signature/xor/342/2	REJECTED	2	0
70070426	signature/xor/342/3	REJECTED	2	0
70070426	signature/xor/342/4	REJECTED	2	0
70070426	signature/xor/342/5	REJECTED	2	0
70070426	signature/xor/342/6	REJECTED	2	0
70070426	signature/xor/342/7	REJECTED	2	0
70070426	signature/xor/343/0	REJECTED	2	0
70070426	signature/xor/343/1	REJECTED	2	0
70070426	signature/xor/343/2	REJECTED	2	0
70070426	signature/xor/343/3	REJECTED	2	0
70070426	signature/xor/343/4	REJECTED	2	0
70070426	signature/xor/343/5	REJECTED	2	0
70070426	signature/xor/343/6	REJECTED	2	0
70070426	signature/xor/343/7	REJECTED	2	0
70070426	signature/xor/344/0	REJECTED	2	0
70070426	signature/xor/344/1	REJECTED	2	0
70070426	signature/xor/344/2	REJECTED	2	0
70070426	signature/xor/344/3	REJECTED	2	0
70070426	signature/xor/344/4	REJECTED	2	0
70070426	signature/xor/344/5	REJECTED	2	0
70070426	signature/xor/344/6	REJECTED	2	0
70070426	signature/xor/344/7	REJECTED	2	0
70070426	signature/xor/345/0	REJECTED	2	0
70070426	signature/xor/345/1	REJECTED	2	0
70070426	signature/xor/345/2	REJECTED	2	0
70070426	signature/xor/345/3	REJECTED	2	0
70070426	signature/xor/345/4	REJECTED	2	0
70070426	signature/xor/345/5	REJECTED	2	0
70070426	signature/xor/345/6	REJECTED	2	0
70070426	signature/xor/345/7	REJECTED	2	0
70070426	signature/xor/346/0	REJECTED	2	0
70070426	signature/xor/346/1	REJECTED	2	0
70070426	signature/xor/346/2	REJECTED	2	0
70070426	signature/xor/346/3	REJECTED	2	0
70070426	signature/xor/346/4	REJECTED	2	0
70070426	signature/xor/346/5	REJECTED	2	0
70070426	signature/xor/346/6	REJECTED	2	0
70070426	signature/xor/346/7	REJECTED	2	0
70070426	signature/xor/347/0	REJECTED	2	0
70070426	signature/xor/347/1	REJECTED	2	0
70070426	signature/xor/347/2	REJECTED	2	0
70070426	signature/xor/347/3	REJECTED	2	0
70070426	signature/xor/347/4	REJECTED	2	0
70070426	signature/xor/347/5	REJECTED	2	0
70070426	signature/xor/347/6	REJECTED	2	0
70070426	signature/xor/347/7	REJECTED	2	0
70070426	signature/xor/348/0	REJECTED	2	0
70070426	signature/xor/348/1	REJECTED	2	0
70070426	signature/xor/348/2	REJECTED	2	0
70070426	signature/xor/348/3	REJECTED	2	0
70070426	signature/xor/348/4	REJECTED	2	0
70070426	signature/xor/348/5	REJECTED	2	0
70070426	signature/xor/348/6	REJECTED	2	0
70070426	signature/xor/348/7	REJECTED	2	0
70070426	signature/xor/349/0	REJECTED	2	0
70070426	signature/xor/349/1	REJECTED	2	0
70070426	signature/xor/349/2	REJECTED	2	0
70070426	signature/xor/349/3	REJECTED	2	0
70070426	signature/xor/349/4	REJECTED	2	0
70070426	signature/xor/349/5	REJECTED	2	0
70070426	signature/xor/349/6	REJECTED	2	0
70070426	signature/xor/349/7	REJECTED	2	0
70070426	signature/xor/350/0	REJECTED	2	0
70070426	signature/xor/350/1	REJECTED	2	0
70070426	signature/xor/350/2	REJECTED	2	0
70070426	signature/xor/350/3	REJECTED	2	0
70070426	signature/xor/350/4	REJECTED	2	0
70070426	signature/xor/350/5	REJECTED	2	0
70070426	signature/xor/350/6	REJECTED	2	0
70070426	signature/xor/350/7	REJECTED	2	0
70070426	signature/xor/351/0	REJECTED	2	0
70070426	signature/xor/351/1	REJECTED	2	0
70070426	signature/xor/351/2	REJECTED	2	0
70070426	signature/xor/351/3	REJECTED	2	0
70070426	signature/xor/351/4	REJECTED	2	0
70070426	signature/xor/351/5	REJECTED	2	0
70070426	signature/xor/351/6	REJECTED	2	0
70070426	signature/xor/351/7	REJECTED	2	0
70070426	signature/xor/352/0	REJECTED	2	0
70070426	signature/xor/352/1	REJECTED	2	0
70070426	signature/xor/352/2	REJECTED	2	0
70070426	signature/xor/352/3	REJECTED	2	0
70070426	signature/xor/352/4	REJECTED	2	0
70070426	signature/xor/352/5	REJECTED	2	0
70070426	signature/xor/352/6	REJECTED	2	0
70070426	signature/xor/352/7	REJECTED	2	0
70070426	signature/xor/353/0	REJECTED	2	0
70070426	signature/xor/353/1	REJECTED	2	0
70070426	signature/xor/353/2	REJECTED	2	0
70070426	signature/xor/353/3	REJECTED	2	0
70070426	signature/xor/353/4	REJECTED	2	0
70070426	signature/xor/353/5	REJECTED	2	0
70070426	signature/xor/353/6	REJECTED	2	0
70070426	signature/xor/353/7	REJECTED	2	0
70070426	signature/xor/354/0	REJECTED	2	0
70070426	signature/xor/354/1	REJECTED	2	0
70070426	signature/xor/354/2	REJECTED	2	0
70070426	signature/xor/354/3	REJECTED	2	0
70070426	signature/xor/354/4	REJECTED	2	0
70070426	signature/xor/354/5	REJECTED	2	0
70070426	signature/xor/354/6	REJECTED	2	0
70070426	signature/xor/354/7	REJECTED	2	0
70070426	signature/xor/355/0	REJECTED	2	0
70070426	signature/xor/355/1	REJECTED	2	0
70070426	signature/xor/355/2	REJECTED	2	0
70070426	signature/xor/355/3	REJECTED	2	0
70070426	signature/xor/355/4	REJECTED	2	0
70070426	signature/xor/355/5	REJECTED	2	0
70070426	signature/xor/355/6	REJECTED	2	0
70070426	signature/xor/355/7	REJECTED	2	0
70070426	signature/xor/356/0	REJECTED	2	0
70070426	signature/xor/356/1	REJECTED	2	0
70070426	signature/xor/356/2	REJECTED	2	0
70070426	signature/xor/356/3	REJECTED	2	0
70070426	signature/xor/356/4	REJECTED	2	0
70070426	signature/xor/356/5	REJECTED	2	0
70070426	signature/xor/356/6	REJECTED	2	0
70070426	signature/xor/356/7	REJECTED	2	0
70070426	signature/xor/357/0	REJECTED	2	0
70070426	signature/xor/357/1	REJECTED	2	0
70070426	signature/xor/357/2	REJECTED	2	0
70070426	signature/xor/357/3	REJECTED	2	0
70070426	signature/xor/357/4	REJECTED	2	0
70070426	signature/xor/357/5	REJECTED	2	0
70070426	signature/xor/357/6	REJECTED	2	0
70070426	signature/xor/357/7	REJECTED	2	0
70070426	signature/xor/358/0	REJECTED	2	0
70070426	signature/xor/358/1	REJECTED	2	0
70070426	signature/xor/358/2	REJECTED	2	0
70070426	signature/xor/358/3	REJECTED	2	0
70070426	signature/xor/358/4	REJECTED	2	0
70070426	signature/xor/358/5	REJECTED	2	0
70070426	signature/xor/358/6	REJECTED	2	0
70070426	signature/xor/358/7	REJECTED	2	0
70070426	signature/xor/359/0	REJECTED	2	0
70070426	signature/xor/359/1	REJECTED	2	0
70070426	signature/xor/359/2	REJECTED	2	0
70070426	signature/xor/359/3	REJECTED	2	0
70070426	signature/xor/359/4	REJECTED	2	0
70070426	signature/xor/359/5	REJECTED	2	0
70070426	signature/xor/359/6	REJECTED	2	0
70070426	signature/xor/359/7	REJECTED	2	0
70070426	signature/xor/360/0	REJECTED	2	0
70070426	signature/xor/360/1	REJECTED	2	0
70070426	signature/xor/360/2	REJECTED	2	0
70070426	signature/xor/360/3	REJECTED	2	0
70070426	signature/xor/360/4	REJECTED	2	0
70070426	signature/xor/360/5	REJECTED	2	0
70070426	signature/xor/360/6	REJECTED	2	0
70070426	signature/xor/360/7	REJECTED	2	0
70070426	signature/xor/361/0	REJECTED	2	0
70070426	signature/xor/361/1	REJECTED	2	0
70070426	signature/xor/361/2	REJECTED	2	0
70070426	signature/xor/361/3	REJECTED	2	0
70070426	signature/xor/361/4	REJECTED	2	0
70070426	signature/xor/361/5	REJECTED	2	0
70070426	signature/xor/361/6	REJECTED	2	0
70070426	signature/xor/361/7	REJECTED	2	0
70070426	signature/xor/362/0	REJECTED	2	0
70070426	signature/xor/362/1	REJECTED	2	0
70070426	signature/xor/362/2	REJECTED	2	0
70070426	signature/xor/362/3	REJECTED	2	0
70070426	signature/xor/362/4	REJECTED	2	0
70070426	signature/xor/362/5	REJECTED	2	0
70070426	signature/xor/362/6	REJECTED	2	0
70070426	signature/xor/362/7	REJECTED	2	0
70070426	signature/xor/363/0	REJECTED	2	0
70070426	signature/xor/363/1	REJECTED	2	0
70070426	signature/xor/363/2	REJECTED	2	0
70070426	signature/xor/363/3	REJECTED	2	0
70070426	signature/xor/363/4	REJECTED	2	0
70070426	signature/xor/363/5	REJECTED	2	0
70070426	signature/xor/363/6	REJECTED	2	0
70070426	signature/xor/363/7	REJECTED	2	0
70070426	signature/xor/364/0	REJECTED	2	0
70070426	signature/xor/364/1	REJECTED	2	0
70070426	signature/xor/364/2	REJECTED	2	0
70070426	signature/xor/364/3	REJECTED	2	0
70070426	signature/xor/364/4	REJECTED	2	0
70070426	signature/xor/364/5	REJECTED	2	0
70070426	signature/xor/364/6	REJECTED	2	0
70070426	signature/xor/364/7	REJECTED	2	0
70070426	signature/xor/365/0	REJECTED	2	0
70070426	signature/xor/365/1	REJECTED	2	0
70070426	signature/xor/365/2	REJECTED	2	0
70070426	signature/xor/365/3	REJECTED	2	0
70070426	signature/xor/365/4	REJECTED	2	0
70070426	signature/xor/365/5	REJECTED	2	0
70070426	signature/xor/365/6	REJECTED	2	0
70070426	signature/xor/365/7	REJECTED	2	0
70070426	signature/xor/366/0	REJECTED	2	0
70070426	signature/xor/366/1	REJECTED	2	0
70070426	signature/xor/366/2	REJECTED	2	0
70070426	signature/xor/366/3	REJECTED	2	0
70070426	signature/xor/366/4	REJECTED	2	0
70070426	signature/xor/366/5	REJECTED	2	0
70070426	signature/xor/366/6	REJECTED	2	0
70070426	signature/xor/366/7	REJECTED	2	0
70070426	signature/xor/367/0	REJECTED	2	0
70070426	signature/xor/367/1	REJECTED	2	0
70070426	signature/xor/367/2	REJECTED	2	0
70070426	signature/xor/367/3	REJECTED	2	0
70070426	signature/xor/367/4	REJECTED	2	0
70070426	signature/xor/367/5	REJECTED	2	0
70070426	signature/xor/367/6	REJECTED	2	0
70070426	signature/xor/367/7	REJECTED	2	0
70070426	signature/xor/368/0	REJECTED	2	0
70070426	signature/xor/368/1	REJECTED	2	0
70070426	signature/xor/368/2	REJECTED	2	0
70070426	signature/xor/368/3	REJECTED	2	0
70070426	signature/xor/368/4	REJECTED	2	0
70070426	signature/xor/368/5	REJECTED	2	0
70070426	signature/xor/368/6	REJECTED	2	0
70070426	signature/xor/368/7	REJECTED	2	0
70070426	signature/xor/369/0	REJECTED	2	0
70070426	signature/xor/369/1	REJECTED	2	0
70070426	signature/xor/369/2	REJECTED	2	0
70070426	signature/xor/369/3	REJECTED	2	0
70070426	signature/xor/369/4	REJECTED	2	0
70070426	signature/xor/369/5	REJECTED	2	0
70070426	signature/xor/369/6	REJECTED	2	0
70070426	signature/xor/369/7	REJECTED	2	0
70070426	signature/xor/370/0	REJECTED	2	0
70070426	signature/xor/370/1	REJECTED	2	0
70070426	signature/xor/370/2	REJECTED	2	0
70070426	signature/xor/370/3	REJECTED	2	0
70070426	signature/xor/370/4	REJECTED	2	0
70070426	signature/xor/370/5	REJECTED	2	0
70070426	signature/xor/370/6	REJECTED	2	0
70070426	signature/xor/370/7	REJECTED	2	0
70070426	signature/xor/371/0	REJECTED	2	0
70070426	signature/xor/371/1	REJECTED	2	0
70070426	signature/xor/371/2	REJECTED	2	0
70070426	signature/xor/371/3	REJECTED	2	0
70070426	signature/xor/371/4	REJECTED	2	0
70070426	signature/xor/371/5	REJECTED	2	0
70070426	signature/xor/371/6	REJECTED	2	0
70070426	signature/xor/371/7	REJECTED	2	0
70070426	signature/xor/372/0	REJECTED	2	0
70070426	signature/xor/372/1	REJECTED	2	0
70070426	signature/xor/372/2	REJECTED	2	0
70070426	signature/xor/372/3	REJECTED	2	0
70070426	signature/xor/372/4	REJECTED	2	0
70070426	signature/xor/372/5	REJECTED	2	0
70070426	signature/xor/372/6	REJECTED	2	0
70070426	signature/xor/372/7	REJECTED	2	0
70070426	signature/xor/373/0	REJECTED	2	0
70070426	signature/xor/373/1	REJECTED	2	0
70070426	signature/xor/373/2	REJECTED	2	0
70070426	signature/xor/373/3	REJECTED	2	0
70070426	signature/xor/373/4	REJECTED	2	0
70070426	signature/xor/373/5	REJECTED	2	0
70070426	signature/xor/373/6	REJECTED	2	0
70070426	signature/xor/373/7	REJECTED	2	0
70070426	signature/xor/374/0	REJECTED	2	0
70070426	signature/xor/374/1	REJECTED	2	0
70070426	signature/xor/374/2	REJECTED	2	0
70070426	signature/xor/374/3	REJECTED	2	0
70070426	signature/xor/374/4	REJECTED	2	0
70070426	signature/xor/374/5	REJECTED	2	0
70070426	signature/xor/374/6	REJECTED	2	0
70070426	signature/xor/374/7	REJECTED	2	0
70070426	signature/xor/375/0	REJECTED	2	0
70070426	signature/xor/375/1	REJECTED	2	0
70070426	signature/xor/375/2	REJECTED	2	0
70070426	signature/xor/375/3	REJECTED	2	0
70070426	signature/xor/375/4	REJECTED	2	0
70070426	signature/xor/375/5	REJECTED	2	0
70070426	signature/xor/375/6	REJECTED	2	0
70070426	signature/xor/375/7	REJECTED	2	0
70070426	signature/xor/376/0	REJECTED	2	0
70070426	signature/xor/376/1	REJECTED	2	0
70070426	signature/xor/376/2	REJECTED	2	0
70070426	signature/xor/376/3	REJECTED	2	0
70070426	signature/xor/376/4	REJECTED	2	0
70070426	signature/xor/376/5	REJECTED	2	0
70070426	signature/xor/376/6	REJECTED	2	0
70070426	signature/xor/376/7	REJECTED	2	0
70070426	signature/xor/377/0	REJECTED	2	0
70070426	signature/xor/377/1	REJECTED	2	0
70070426	signature/xor/377/2	REJECTED	2	0
70070426	signature/xor/377/3	REJECTED	2	0
70070426	signature/xor/377/4	REJECTED	2	0
70070426	signature/xor/377/5	REJECTED	2	0
70070426	signature/xor/377/6	REJECTED	2	0
70070426	signature/xor/377/7	REJECTED	2	0
70070426	signature/xor/378/0	REJECTED	2	0
70070426	signature/xor/378/1	REJECTED	2	0
70070426	signature/xor/378/2	REJECTED	2	0
70070426	signature/xor/378/3	REJECTED	2	0
70070426	signature/xor/378/4	REJECTED	2	0
70070426	signature/xor/378/5	REJECTED	2	0
70070426	signature/xor/378/6	REJECTED	2	0
70070426	signature/xor/378/7	REJECTED	2	0
70070426	signature/xor/379/0	REJECTED	2	0
70070426	signature/xor/379/1	REJECTED	2	0
70070426	signature/xor/379/2	REJECTED	2	0
70070426	signature/xor/379/3	REJECTED	2	0
70070426	signature/xor/379/4	REJECTED	2	0
70070426	signature/xor/379/5	REJECTED	2	0
70070426	signature/xor/379/6	REJECTED	2	0
70070426	signature/xor/379/7	REJECTED	2	0
70070426	signature/xor/380/0	REJECTED	2	0
70070426	signature/xor/380/1	REJECTED	2	0
70070426	signature/xor/380/2	REJECTED	2	0
70070426	signature/xor/380/3	REJECTED	2	0
70070426	signature/xor/380/4	REJECTED	2	0
70070426	signature/xor/380/5	REJECTED	2	0
70070426	signature/xor/380/6	REJECTED	2	0
70070426	signature/xor/380/7	REJECTED	2	0
70070426	signature/xor/381/0	REJECTED	2	0
70070426	signature/xor/381/1	REJECTED	2	0
70070426	signature/xor/381/2	REJECTED	2	0
70070426	signature/xor/381/3	REJECTED	2	0
70070426	signature/xor/381/4	REJECTED	2	0
70070426	signature/xor/381/5	REJECTED	2	0
70070426	signature/xor/381/6	REJECTED	2	0
70070426	signature/xor/381/7	REJECTED	2	0
70070426	signature/xor/382/0	REJECTED	2	0
70070426	signature/xor/382/1	REJECTED	2	0
70070426	signature/xor/382/2	REJECTED	2	0
70070426	signature/xor/382/3	REJECTED	2	0
70070426	signature/xor/382/4	REJECTED	2	0
70070426	signature/xor/382/5	REJECTED	2	0
70070426	signature/xor/382/6	REJECTED	2	0
70070426	signature/xor/382/7	REJECTED	2	0
70070426	signature/xor/383/0	REJECTED	2	0
70070426	signature/xor/383/1	REJECTED	2	0
70070426	signature/xor/383/2	REJECTED	2	0
70070426	signature/xor/383/3	REJECTED	2	0
70070426	signature/xor/383/4	REJECTED	2	0
70070426	signature/xor/383/5	REJECTED	2	0
70070426	signature/xor/383/6	REJECTED	2	0
70070426	signature/xor/383/7	REJECTED	2	0
70070426	signature/xor/384/0	REJECTED	1	0
70070426	signature/xor/384/1	REJECTED	1	0
70070426	signature/xor/384/2	REJECTED	1	0
70070426	signature/xor/384/3	REJECTED	1	0
70070426	signature/xor/384/4	REJECTED	1	0
70070426	signature/xor/384/5	REJECTED	1	0
70070426	signature/xor/384/6	REJECTED	1	0
70070426	signature/xor/384/7	REJECTED	1	0
70070426	signature/xor/385/0	REJECTED	1	0
70070426	signature/xor/385/1	REJECTED	1	0
70070426	signature/xor/385/2	REJECTED	1	0
70070426	signature/xor/385/3	REJECTED	1	0
70070426	signature/xor/385/4	REJECTED	1	0
70070426	signature/xor/385/5	REJECTED	1	0
70070426	signature/xor/385/6	REJECTED	1	0
70070426	signature/xor/385/7	REJECTED	1	0
70070426	signature/xor/386/0	REJECTED	1	0
70070426	signature/xor/386/1	REJECTED	1	0
70070426	signature/xor/386/2	REJECTED	1	0
70070426	signature/xor/386/3	REJECTED	1	0
70070426	signature/xor/386/4	REJECTED	1	0
70070426	signature/xor/386/5	REJECTED	1	0
70070426	signature/xor/386/6	REJECTED	1	0
70070426	signature/xor/386/7	REJECTED	1	0
70070426	signature/xor/387/0	REJECTED	1	0
70070426	signature/xor/387/1	REJECTED	1	0
70070426	signature/xor/387/2	REJECTED	1	0
70070426	signature/xor/387/3	REJECTED	1	0
70070426	signature/xor/387/4	REJECTED	1	0
70070426	signature/xor/387/5	REJECTED	1	0
70070426	signature/xor/387/6	REJECTED	1	0
70070426	signature/xor/387/7	REJECTED	1	0
70070426	signature/xor/388/0	REJECTED	1	0
70070426	signature/xor/388/1	REJECTED	1	0
70070426	signature/xor/388/2	REJECTED	1	0
70070426	signature/xor/388/3	REJECTED	1	0
70070426	signature/xor/388/4	REJECTED	1	0
70070426	signature/xor/388/5	REJECTED	1	0
70070426	signature/xor/388/6	REJECTED	1	0
70070426	signature/xor/388/7	REJECTED	1	0
70070426	signature/xor/389/0	REJECTED	1	0
70070426	signature/xor/389/1	REJECTED	1	0
70070426	signature/xor/389/2	REJECTED	1	0
70070426	signature/xor/389/3	REJECTED	1	0
70070426	signature/xor/389/4	REJECTED	1	0
70070426	signature/xor/389/5	REJECTED	1	0
70070426	signature/xor/389/6	REJECTED	1	0
70070426	signature/xor/389/7	REJECTED	1	0
70070426	signature/xor/390/0	REJECTED	1	0
70070426	signature/xor/390/1	REJECTED	1	0
70070426	signature/xor/390/2	REJECTED	1	0
70070426	signature/xor/390/3	REJECTED	1	0
70070426	signature/xor/390/4	REJECTED	1	0
70070426	signature/xor/390/5	REJECTED	1	0
70070426	signature/xor/390/6	REJECTED	1	0
70070426	signature/xor/390/7	REJECTED	1	0
70070426	signature/xor/391/0	REJECTED	1	0
70070426	signature/xor/391/1	REJECTED	1	0
70070426	signature/xor/391/2	REJECTED	1	0
70070426	signature/xor/391/3	REJECTED	1	0
70070426	signature/xor/391/4	REJECTED	1	0
70070426	signature/xor/391/5	REJECTED	1	0
70070426	signature/xor/391/6	REJECTED	1	0
70070426	signature/xor/391/7	REJECTED	1	0
70070426	signature/xor/392/0	REJECTED	1	0
70070426	signature/xor/392/1	REJECTED	1	0
70070426	signature/xor/392/2	REJECTED	1	0
70070426	signature/xor/392/3	REJECTED	1	0
70070426	signature/xor/392/4	REJECTED	1	0
70070426	signature/xor/392/5	REJECTED	1	0
70070426	signature/xor/392/6	REJECTED	1	0
70070426	signature/xor/392/7	REJECTED	1	0
70070426	signature/xor/393/0	REJECTED	1	0
70070426	signature/xor/393/1	REJECTED	1	0
70070426	signature/xor/393/2	REJECTED	1	0
70070426	signature/xor/393/3	REJECTED	1	0
70070426	signature/xor/393/4	REJECTED	1	0
70070426	signature/xor/393/5	REJECTED	1	0
70070426	signature/xor/393/6	REJECTED	1	0
70070426	signature/xor/393/7	REJECTED	1	0
70070426	signature/xor/394/0	REJECTED	1	0
70070426	signature/xor/394/1	REJECTED	1	0
70070426	signature/xor/394/2	REJECTED	1	0
70070426	signature/xor/394/3	REJECTED	1	0
70070426	signature/xor/394/4	REJECTED	1	0
70070426	signature/xor/394/5	REJECTED	1	0
70070426	signature/xor/394/6	REJECTED	1	0
70070426	signature/xor/394/7	REJECTED	1	0
70070426	signature/xor/395/0	REJECTED	1	0
70070426	signature/xor/395/1	REJECTED	1	0
70070426	signature/xor/395/2	REJECTED	1	0
70070426	signature/xor/395/3	REJECTED	1	0
70070426	signature/xor/395/4	REJECTED	1	0
70070426	signature/xor/395/5	REJECTED	1	0
70070426	signature/xor/395/6	REJECTED	1	0
70070426	signature/xor/395/7	REJECTED	1	0
70070426	signature/xor/396/0	REJECTED	1	0
70070426	signature/xor/396/1	REJECTED	1	0
70070426	signature/xor/396/2	REJECTED	1	0
70070426	signature/xor/396/3	REJECTED	1	0
70070426	signature/xor/396/4	REJECTED	1	0
70070426	signature/xor/396/5	REJECTED	1	0
70070426	signature/xor/396/6	REJECTED	1	0
70070426	signature/xor/396/7	REJECTED	1	0
70070426	signature/xor/397/0	REJECTED	1	0
70070426	signature/xor/397/1	REJECTED	1	0
70070426	signature/xor/397/2	REJECTED	1	0
70070426	signature/xor/397/3	REJECTED	1	0
70070426	signature/xor/397/4	REJECTED	1	0
70070426	signature/xor/397/5	REJECTED	1	0
70070426	signature/xor/397/6	REJECTED	1	0
70070426	signature/xor/397/7	REJECTED	1	0
70070426	signature/xor/398/0	REJECTED	1	0
70070426	signature/xor/398/1	REJECTED	1	0
70070426	signature/xor/398/2	REJECTED	1	0
70070426	signature/xor/398/3	REJECTED	1	0
70070426	signature/xor/398/4	REJECTED	1	0
70070426	signature/xor/398/5	REJECTED	1	0
70070426	signature/xor/398/6	REJECTED	1	0
70070426	signature/xor/398/7	REJECTED	1	0
70070426	signature/xor/399/0	REJECTED	1	0
70070426	signature/xor/399/1	REJECTED	1	0
70070426	signature/xor/399/2	REJECTED	1	0
70070426	signature/xor/399/3	REJECTED	1	0
70070426	signature/xor/399/4	REJECTED	1	0
70070426	signature/xor/399/5	REJECTED	1	0
70070426	signature/xor/399/6	REJECTED	1	0
70070426	signature/xor/399/7	REJECTED	1	0
70070426	signature/xor/400/0	REJECTED	1	0
70070426	signature/xor/400/1	REJECTED	1	0
70070426	signature/xor/400/2	REJECTED	1	0
70070426	signature/xor/400/3	REJECTED	1	0
70070426	signature/xor/400/4	REJECTED	1	0
70070426	signature/xor/400/5	REJECTED	1	0
70070426	signature/xor/400/6	REJECTED	1	0
70070426	signature/xor/400/7	REJECTED	1	0
70070426	signature/xor/401/0	REJECTED	1	0
70070426	signature/xor/401/1	REJECTED	1	0
70070426	signature/xor/401/2	REJECTED	1	0
70070426	signature/xor/401/3	REJECTED	1	0
70070426	signature/xor/401/4	REJECTED	1	0
70070426	signature/xor/401/5	REJECTED	1	0
70070426	signature/xor/401/6	REJECTED	1	0
70070426	signature/xor/401/7	REJECTED	1	0
70070426	signature/xor/402/0	REJECTED	1	0
70070426	signature/xor/402/1	REJECTED	1	0
70070426	signature/xor/402/2	REJECTED	1	0
70070426	signature/xor/402/3	REJECTED	1	0
70070426	signature/xor/402/4	REJECTED	1	0
70070426	signature/xor/402/5	REJECTED	1	0
70070426	signature/xor/402/6	REJECTED	1	0
70070426	signature/xor/402/7	REJECTED	1	0
70070426	signature/xor/403/0	REJECTED	1	0
70070426	signature/xor/403/1	REJECTED	1	0
70070426	signature/xor/403/2	REJECTED	1	0
70070426	signature/xor/403/3	REJECTED	1	0
70070426	signature/xor/403/4	REJECTED	1	0
70070426	signature/xor/403/5	REJECTED	1	0
70070426	signature/xor/403/6	REJECTED	1	0
70070426	signature/xor/403/7	REJECTED	1	0
70070426	signature/xor/404/0	REJECTED	1	0
70070426	signature/xor/404/1	REJECTED	1	0
70070426	signature/xor/404/2	REJECTED	1	0
70070426	signature/xor/404/3	REJECTED	1	0
70070426	signature/xor/404/4	REJECTED	1	0
70070426	signature/xor/404/5	REJECTED	1	0
70070426	signature/xor/404/6	REJECTED	1	0
70070426	signature/xor/404/7	REJECTED	1	0
70070426	signature/xor/405/0	REJECTED	1	0
70070426	signature/xor/405/1	REJECTED	1	0
70070426	signature/xor/405/2	REJECTED	1	0
70070426	signature/xor/405/3	REJECTED	1	0
70070426	signature/xor/405/4	REJECTED	1	0
70070426	signature/xor/405/5	REJECTED	1	0
70070426	signature/xor/405/6	REJECTED	1	0
70070426	signature/xor/405/7	REJECTED	1	0
70070426	signature/xor/406/0	REJECTED	1	0
70070426	signature/xor/406/1	REJECTED	1	0
70070426	signature/xor/406/2	REJECTED	1	0
70070426	signature/xor/406/3	REJECTED	1	0
70070426	signature/xor/406/4	REJECTED	1	0
70070426	signature/xor/406/5	REJECTED	1	0
70070426	signature/xor/406/6	REJECTED	1	0
70070426	signature/xor/406/7	REJECTED	1	0
70070426	signature/xor/407/0	REJECTED	1	0
70070426	signature/xor/407/1	REJECTED	1	0
70070426	signature/xor/407/2	REJECTED	1	0
70070426	signature/xor/407/3	REJECTED	1	0
70070426	signature/xor/407/4	REJECTED	1	0
70070426	signature/xor/407/5	REJECTED	1	0
70070426	signature/xor/407/6	REJECTED	1	0
70070426	signature/xor/407/7	REJECTED	1	0
70070426	signature/xor/408/0	REJECTED	1	0
70070426	signature/xor/408/1	REJECTED	1	0
70070426	signature/xor/408/2	REJECTED	1	0
70070426	signature/xor/408/3	REJECTED	1	0
70070426	signature/xor/408/4	REJECTED	1	0
70070426	signature/xor/408/5	REJECTED	1	0
70070426	signature/xor/408/6	REJECTED	1	0
70070426	signature/xor/408/7	REJECTED	1	0
70070426	signature/xor/409/0	REJECTED	1	0
70070426	signature/xor/409/1	REJECTED	1	0
70070426	signature/xor/409/2	REJECTED	1	0
70070426	signature/xor/409/3	REJECTED	1	0
70070426	signature/xor/409/4	REJECTED	1	0
70070426	signature/xor/409/5	REJECTED	1	0
70070426	signature/xor/409/6	REJECTED	1	0
70070426	signature/xor/409/7	REJECTED	1	0
70070426	signature/xor/410/0	REJECTED	1	0
70070426	signature/xor/410/1	REJECTED	1	0
70070426	signature/xor/410/2	REJECTED	1	0
70070426	signature/xor/410/3	REJECTED	1	0
70070426	signature/xor/410/4	REJECTED	1	0
70070426	signature/xor/410/5	REJECTED	1	0
70070426	signature/xor/410/6	REJECTED	1	0
70070426	signature/xor/410/7	REJECTED	1	0
70070426	signature/xor/411/0	REJECTED	1	0
70070426	signature/xor/411/1	REJECTED	1	0
70070426	signature/xor/411/2	REJECTED	1	0
70070426	signature/xor/411/3	REJECTED	1	0
70070426	signature/xor/411/4	REJECTED	1	0
70070426	signature/xor/411/5	REJECTED	1	0
70070426	signature/xor/411/6	REJECTED	1	0
70070426	signature/xor/411/7	REJECTED	1	0
70070426	signature/xor/412/0	REJECTED	1	0
70070426	signature/xor/412/1	REJECTED	1	0
70070426	signature/xor/412/2	REJECTED	1	0
70070426	signature/xor/412/3	REJECTED	1	0
70070426	signature/xor/412/4	REJECTED	1	0
70070426	signature/xor/412/5	REJECTED	1	0
70070426	signature/xor/412/6	REJECTED	1	0
70070426	signature/xor/412/7	REJECTED	1	0
70070426	signature/xor/413/0	REJECTED	1	0
70070426	signature/xor/413/1	REJECTED	1	0
70070426	signature/xor/413/2	REJECTED	1	0
70070426	signature/xor/413/3	REJECTED	1	0
70070426	signature/xor/413/4	REJECTED	1	0
70070426	signature/xor/413/5	REJECTED	1	0
70070426	signature/xor/413/6	REJECTED	1	0
70070426	signature/xor/413/7	REJECTED	1	0
70070426	signature/xor/414/0	REJECTED	1	0
70070426	signature/xor/414/1	REJECTED	1	0
70070426	signature/xor/414/2	REJECTED	1	0
70070426	signature/xor/414/3	REJECTED	1	0
70070426	signature/xor/414/4	REJECTED	1	0
70070426	signature/xor/414/5	REJECTED	1	0
70070426	signature/xor/414/6	REJECTED	1	0
70070426	signature/xor/414/7	REJECTED	1	0
70070426	signature/xor/415/0	REJECTED	1	0
70070426	signature/xor/415/1	REJECTED	1	0
70070426	signature/xor/415/2	REJECTED	1	0
70070426	signature/xor/415/3	REJECTED	1	0
70070426	signature/xor/415/4	REJECTED	1	0
70070426	signature/xor/415/5	REJECTED	1	0
70070426	signature/xor/415/6	REJECTED	1	0
70070426	signature/xor/415/7	REJECTED	1	0
70070426	signature/xor/416/0	REJECTED	1	0
70070426	signature/xor/416/1	REJECTED	1	0
70070426	signature/xor/416/2	REJECTED	1	0
70070426	signature/xor/416/3	REJECTED	1	0
70070426	signature/xor/416/4	REJECTED	1	0
70070426	signature/xor/416/5	REJECTED	1	0
70070426	signature/xor/416/6	REJECTED	1	0
70070426	signature/xor/416/7	REJECTED	1	0
70070426	signature/xor/417/0	REJECTED	1	0
70070426	signature/xor/417/1	REJECTED	1	0
70070426	signature/xor/417/2	REJECTED	1	0
70070426	signature/xor/417/3	REJECTED	1	0
70070426	signature/xor/417/4	REJECTED	1	0
70070426	signature/xor/417/5	REJECTED	1	0
70070426	signature/xor/417/6	REJECTED	1	0
70070426	signature/xor/417/7	REJECTED	1	0
70070426	signature/xor/418/0	REJECTED	1	0
70070426	signature/xor/418/1	REJECTED	1	0
70070426	signature/xor/418/2	REJECTED	1	0
70070426	signature/xor/418/3	REJECTED	1	0
70070426	signature/xor/418/4	REJECTED	1	0
70070426	signature/xor/418/5	REJECTED	1	0
70070426	signature/xor/418/6	REJECTED	1	0
70070426	signature/xor/418/7	REJECTED	1	0
70070426	signature/xor/419/0	REJECTED	1	0
70070426	signature/xor/419/1	REJECTED	1	0
70070426	signature/xor/419/2	REJECTED	1	0
70070426	signature/xor/419/3	REJECTED	1	0
70070426	signature/xor/419/4	REJECTED	1	0
70070426	signature/xor/419/5	REJECTED	1	0
70070426	signature/xor/419/6	REJECTED	1	0
70070426	signature/xor/419/7	REJECTED	1	0
70070426	signature/xor/420/0	REJECTED	1	0
70070426	signature/xor/420/1	REJECTED	1	0
70070426	signature/xor/420/2	REJECTED	1	0
70070426	signature/xor/420/3	REJECTED	1	0
70070426	signature/xor/420/4	REJECTED	1	0
70070426	signature/xor/420/5	REJECTED	1	0
70070426	signature/xor/420/6	REJECTED	1	0
70070426	signature/xor/420/7	REJECTED	1	0
70070426	signature/xor/421/0	REJECTED	1	0
70070426	signature/xor/421/1	REJECTED	1	0
70070426	signature/xor/421/2	REJECTED	1	0
70070426	signature/xor/421/3	REJECTED	1	0
70070426	signature/xor/421/4	REJECTED	1	0
70070426	signature/xor/421/5	REJECTED	1	0
70070426	signature/xor/421/6	REJECTED	1	0
70070426	signature/xor/421/7	REJECTED	1	0
70070426	signature/xor/422/0	REJECTED	1	0
70070426	signature/xor/422/1	REJECTED	1	0
70070426	signature/xor/422/2	REJECTED	1	0
70070426	signature/xor/422/3	REJECTED	1	0
70070426	signature/xor/422/4	REJECTED	1	0
70070426	signature/xor/422/5	REJECTED	1	0
70070426	signature/xor/422/6	REJECTED	1	0
70070426	signature/xor/422/7	REJECTED	1	0
70070426	signature/xor/423/0	REJECTED	1	0
70070426	signature/xor/423/1	REJECTED	1	0
70070426	signature/xor/423/2	REJECTED	1	0
70070426	signature/xor/423/3	REJECTED	1	0
70070426	signature/xor/423/4	REJECTED	1	0
70070426	signature/xor/423/5	REJECTED	1	0
70070426	signature/xor/423/6	REJECTED	1	0
70070426	signature/xor/423/7	REJECTED	1	0
70070426	signature/xor/424/0	REJECTED	1	0
70070426	signature/xor/424/1	REJECTED	1	0
70070426	signature/xor/424/2	REJECTED	1	0
70070426	signature/xor/424/3	REJECTED	1	0
70070426	signature/xor/424/4	REJECTED	1	0
70070426	signature/xor/424/5	REJECTED	1	0
70070426	signature/xor/424/6	REJECTED	1	0
70070426	signature/xor/424/7	REJECTED	1	0
70070426	signature/xor/425/0	REJECTED	1	0
70070426	signature/xor/425/1	REJECTED	1	0
70070426	signature/xor/425/2	REJECTED	1	0
70070426	signature/xor/425/3	REJECTED	1	0
70070426	signature/xor/425/4	REJECTED	1	0
70070426	signature/xor/425/5	REJECTED	1	0
70070426	signature/xor/425/6	REJECTED	1	0
70070426	signature/xor/425/7	REJECTED	1	0
70070426	signature/xor/426/0	REJECTED	1	0
70070426	signature/xor/426/1	REJECTED	1	0
70070426	signature/xor/426/2	REJECTED	1	0
70070426	signature/xor/426/3	REJECTED	1	0
70070426	signature/xor/426/4	REJECTED	1	0
70070426	signature/xor/426/5	REJECTED	1	0
70070426	signature/xor/426/6	REJECTED	1	0
70070426	signature/xor/426/7	REJECTED	1	0
70070426	signature/xor/427/0	REJECTED	1	0
70070426	signature/xor/427/1	REJECTED	1	0
70070426	signature/xor/427/2	REJECTED	1	0
70070426	signature/xor/427/3	REJECTED	1	0
70070426	signature/xor/427/4	REJECTED	1	0
70070426	signature/xor/427/5	REJECTED	1	0
70070426	signature/xor/427/6	REJECTED	1	0
70070426	signature/xor/427/7	REJECTED	1	0
70070426	signature/xor/428/0	REJECTED	1	0
70070426	signature/xor/428/1	REJECTED	1	0
70070426	signature/xor/428/2	REJECTED	1	0
70070426	signature/xor/428/3	REJECTED	1	0
70070426	signature/xor/428/4	REJECTED	1	0
70070426	signature/xor/428/5	REJECTED	1	0
70070426	signature/xor/428/6	REJECTED	1	0
70070426	signature/xor/428/7	REJECTED	1	0
70070426	signature/xor/429/0	REJECTED	1	0
70070426	signature/xor/429/1	REJECTED	1	0
70070426	signature/xor/429/2	REJECTED	1	0
70070426	signature/xor/429/3	REJECTED	1	0
70070426	signature/xor/429/4	REJECTED	1	0
70070426	signature/xor/429/5	REJECTED	1	0
70070426	signature/xor/429/6	REJECTED	1	0
70070426	signature/xor/429/7	REJECTED	1	0
70070426	signature/xor/430/0	REJECTED	1	0
70070426	signature/xor/430/1	REJECTED	1	0
70070426	signature/xor/430/2	REJECTED	1	0
70070426	signature/xor/430/3	REJECTED	1	0
70070426	signature/xor/430/4	REJECTED	1	0
70070426	signature/xor/430/5	REJECTED	1	0
70070426	signature/xor/430/6	REJECTED	1	0
70070426	signature/xor/430/7	REJECTED	1	0
70070426	signature/xor/431/0	REJECTED	1	0
70070426	signature/xor/431/1	REJECTED	1	0
70070426	signature/xor/431/2	REJECTED	1	0
70070426	signature/xor/431/3	REJECTED	1	0
70070426	signature/xor/431/4	REJECTED	1	0
70070426	signature/xor/431/5	REJECTED	1	0
70070426	signature/xor/431/6	REJECTED	1	0
70070426	signature/xor/431/7	REJECTED	1	0
70070426	signature/xor/432/0	REJECTED	1	0
70070426	signature/xor/432/1	REJECTED	1	0
70070426	signature/xor/432/2	REJECTED	1	0
70070426	signature/xor/432/3	REJECTED	1	0
70070426	signature/xor/432/4	REJECTED	1	0
70070426	signature/xor/432/5	REJECTED	1	0
70070426	signature/xor/432/6	REJECTED	1	0
70070426	signature/xor/432/7	REJECTED	1	0
70070426	signature/xor/433/0	REJECTED	1	0
70070426	signature/xor/433/1	REJECTED	1	0
70070426	signature/xor/433/2	REJECTED	1	0
70070426	signature/xor/433/3	REJECTED	1	0
70070426	signature/xor/433/4	REJECTED	1	0
70070426	signature/xor/433/5	REJECTED	1	0
70070426	signature/xor/433/6	REJECTED	1	0
70070426	signature/xor/433/7	REJECTED	1	0
70070426	signature/xor/434/0	REJECTED	1	0
70070426	signature/xor/434/1	REJECTED	1	0
70070426	signature/xor/434/2	REJECTED	1	0
70070426	signature/xor/434/3	REJECTED	1	0
70070426	signature/xor/434/4	REJECTED	1	0
70070426	signature/xor/434/5	REJECTED	1	0
70070426	signature/xor/434/6	REJECTED	1	0
70070426	signature/xor/434/7	REJECTED	1	0
70070426	signature/xor/435/0	REJECTED	1	0
70070426	signature/xor/435/1	REJECTED	1	0
70070426	signature/xor/435/2	REJECTED	1	0
70070426	signature/xor/435/3	REJECTED	1	0
70070426	signature/xor/435/4	REJECTED	1	0
70070426	signature/xor/435/5	REJECTED	1	0
70070426	signature/xor/435/6	REJECTED	1	0
70070426	signature/xor/435/7	REJECTED	1	0
70070426	signature/xor/436/0	REJECTED	1	0
70070426	signature/xor/436/1	REJECTED	1	0
70070426	signature/xor/436/2	REJECTED	1	0
70070426	signature/xor/436/3	REJECTED	1	0
70070426	signature/xor/436/4	REJECTED	1	0
70070426	signature/xor/436/5	REJECTED	1	0
70070426	signature/xor/436/6	REJECTED	1	0
70070426	signature/xor/436/7	REJECTED	1	0
70070426	signature/xor/437/0	REJECTED	1	0
70070426	signature/xor/437/1	REJECTED	1	0
70070426	signature/xor/437/2	REJECTED	1	0
70070426	signature/xor/437/3	REJECTED	1	0
70070426	signature/xor/437/4	REJECTED	1	0
70070426	signature/xor/437/5	REJECTED	1	0
70070426	signature/xor/437/6	REJECTED	1	0
70070426	signature/xor/437/7	REJECTED	1	0
70070426	signature/xor/438/0	REJECTED	1	0
70070426	signature/xor/438/1	REJECTED	1	0
70070426	signature/xor/438/2	REJECTED	1	0
70070426	signature/xor/438/3	REJECTED	1	0
70070426	signature/xor/438/4	REJECTED	1	0
70070426	signature/xor/438/5	REJECTED	1	0
70070426	signature/xor/438/6	REJECTED	1	0
70070426	signature/xor/438/7	REJECTED	1	0
70070426	signature/xor/439/0	REJECTED	1	0
70070426	signature/xor/439/1	REJECTED	1	0
70070426	signature/xor/439/2	REJECTED	1	0
70070426	signature/xor/439/3	REJECTED	1	0
70070426	signature/xor/439/4	REJECTED	1	0
70070426	signature/xor/439/5	REJECTED	1	0
70070426	signature/xor/439/6	REJECTED	1	0
70070426	signature/xor/439/7	REJECTED	1	0
70070426	signature/xor/440/0	REJECTED	1	0
70070426	signature/xor/440/1	REJECTED	1	0
70070426	signature/xor/440/2	REJECTED	1	0
70070426	signature/xor/440/3	REJECTED	1	0
70070426	signature/xor/440/4	REJECTED	1	0
70070426	signature/xor/440/5	REJECTED	1	0
70070426	signature/xor/440/6	REJECTED	1	0
70070426	signature/xor/440/7	REJECTED	1	0
70070426	signature/xor/441/0	REJECTED	1	0
70070426	signature/xor/441/1	REJECTED	1	0
70070426	signature/xor/441/2	REJECTED	1	0
70070426	signature/xor/441/3	REJECTED	1	0
70070426	signature/xor/441/4	REJECTED	1	0
70070426	signature/xor/441/5	REJECTED	1	0
70070426	signature/xor/441/6	REJECTED	1	0
70070426	signature/xor/441/7	REJECTED	1	0
70070426	signature/xor/442/0	REJECTED	1	0
70070426	signature/xor/442/1	REJECTED	1	0
70070426	signature/xor/442/2	REJECTED	1	0
70070426	signature/xor/442/3	REJECTED	1	0
70070426	signature/xor/442/4	REJECTED	1	0
70070426	signature/xor/442/5	REJECTED	1	0
70070426	signature/xor/442/6	REJECTED	1	0
70070426	signature/xor/442/7	REJECTED	1	0
70070426	signature/xor/443/0	REJECTED	1	0
70070426	signature/xor/443/1	REJECTED	1	0
70070426	signature/xor/443/2	REJECTED	1	0
70070426	signature/xor/443/3	REJECTED	1	0
70070426	signature/xor/443/4	REJECTED	1	0
70070426	signature/xor/443/5	REJECTED	1	0
70070426	signature/xor/443/6	REJECTED	1	0
70070426	signature/xor/443/7	REJECTED	1	0
70070426	signature/xor/444/0	REJECTED	1	0
70070426	signature/xor/444/1	REJECTED	1	0
70070426	signature/xor/444/2	REJECTED	1	0
70070426	signature/xor/444/3	REJECTED	1	0
70070426	signature/xor/444/4	REJECTED	1	0
70070426	signature/xor/444/5	REJECTED	1	0
70070426	signature/xor/444/6	REJECTED	1	0
70070426	signature/xor/444/7	REJECTED	1	0
70070426	signature/xor/445/0	REJECTED	1	0
70070426	signature/xor/445/1	REJECTED	1	0
70070426	signature/xor/445/2	REJECTED	1	0
70070426	signature/xor/445/3	REJECTED	1	0
70070426	signature/xor/445/4	REJECTED	1	0
70070426	signature/xor/445/5	REJECTED	1	0
70070426	signature/xor/445/6	REJECTED	1	0
70070426	signature/xor/445/7	REJECTED	1	0
70070426	signature/xor/446/0	REJECTED	1	0
70070426	signature/xor/446/1	REJECTED	1	0
70070426	signature/xor/446/2	REJECTED	1	0
70070426	signature/xor/446/3	REJECTED	1	0
70070426	signature/xor/446/4	REJECTED	1	0
70070426	signature/xor/446/5	REJECTED	1	0
70070426	signature/xor/446/6	REJECTED	1	0
70070426	signature/xor/446/7	REJECTED	1	0
70070426	signature/xor/447/0	REJECTED	1	0
70070426	signature/xor/447/1	REJECTED	1	0
70070426	signature/xor/447/2	REJECTED	1	0
70070426	signature/xor/447/3	REJECTED	1	0
70070426	signature/xor/447/4	REJECTED	1	0
70070426	signature/xor/447/5	REJECTED	1	0
70070426	signature/xor/447/6	REJECTED	1	0
70070426	signature/xor/447/7	REJECTED	1	0
70070426	message/xor/0/0	REJECTED	6	1
70070426	message/xor/1/0	REJECTED	6	1
70070426	message/xor/2/0	REJECTED	6	1
70070426	message/xor/3/0	REJECTED	6	1
70070426	message/xor/4/0	REJECTED	6	1
70070426	message/xor/5/0	REJECTED	6	1
70070426	message/xor/6/0	REJECTED	6	1
70070426	message/xor/7/0	REJECTED	6	1
70070426	message/xor/8/0	REJECTED	6	1
70070426	message/xor/9/0	REJECTED	6	1
70070426	message/xor/10/0	REJECTED	6	1
70070426	message/xor/11/0	REJECTED	6	1
70070426	message/xor/12/0	REJECTED	6	1
70070426	message/xor/13/0	REJECTED	6	1
70070426	message/xor/14/0	REJECTED	6	1
70070426	message/xor/15/0	REJECTED	6	1
70070426	message/xor/16/0	REJECTED	6	1
70070426	message/xor/17/0	REJECTED	6	1
70070426	message/xor/18/0	REJECTED	6	1
70070426	message/xor/19/0	REJECTED	6	1
70070426	message/xor/20/0	REJECTED	6	1
70070426	message/xor/21/0	REJECTED	6	1
70070426	message/xor/22/0	REJECTED	6	1
70070426	message/xor/23/0	REJECTED	6	1
70070426	message/xor/24/0	REJECTED	6	1
70070426	message/xor/25/0	REJECTED	6	1
70070426	message/xor/26/0	REJECTED	6	1
70070426	message/xor/27/0	REJECTED	6	1
70070426	message/xor/28/0	REJECTED	6	1
70070426	message/xor/29/0	REJECTED	6	1
70070426	message/xor/30/0	REJECTED	6	1
70070426	message/xor/31/0	REJECTED	6	1
70070426	message/xor/32/0	REJECTED	6	1
70070426	message/xor/33/0	REJECTED	6	1
70070426	message/xor/34/0	REJECTED	6	1
70070426	message/xor/35/0	REJECTED	6	1
70070426	message/xor/36/0	REJECTED	6	1
70070426	message/xor/37/0	REJECTED	6	1
70070426	message/xor/38/0	REJECTED	6	1
70070426	message/xor/39/0	REJECTED	6	1
70070426	message/xor/40/0	REJECTED	6	1
70070426	message/xor/41/0	REJECTED	6	1
70070426	message/xor/42/0	REJECTED	6	1
70070426	message/xor/43/0	REJECTED	6	1
70070426	message/xor/44/0	REJECTED	6	1
70070426	message/xor/45/0	REJECTED	6	1
70070426	message/xor/46/0	REJECTED	6	1
70070426	message/xor/47/0	REJECTED	6	1
70070426	message/xor/48/0	REJECTED	6	1
70070426	message/xor/49/0	REJECTED	6	1
70070426	message/xor/50/0	REJECTED	6	1
70070426	message/xor/51/0	REJECTED	6	1
70070426	message/xor/52/0	REJECTED	6	1
70070426	message/xor/53/0	REJECTED	6	1
70070426	message/xor/54/0	REJECTED	6	1
70070426	message/xor/55/0	REJECTED	6	1
70070426	message/xor/56/0	REJECTED	6	1
70070426	message/xor/57/0	REJECTED	6	1
70070426	message/xor/58/0	REJECTED	6	1
70070426	message/xor/59/0	REJECTED	6	1
70070426	message/xor/60/0	REJECTED	6	1
70070426	message/xor/61/0	REJECTED	6	1
70070426	message/xor/62/0	REJECTED	6	1
70070426	message/xor/63/0	REJECTED	6	1
70070426	message/xor/64/0	REJECTED	6	1
70070426	message/xor/65/0	REJECTED	6	1
70070426	message/xor/66/0	REJECTED	6	1
70070426	message/xor/67/0	REJECTED	6	1
70070426	message/xor/68/0	REJECTED	6	1
70070426	message/xor/69/0	REJECTED	6	1
70070426	message/xor/70/0	REJECTED	6	1
70070426	message/xor/71/0	REJECTED	6	1
70070426	message/xor/72/0	REJECTED	6	1
70070426	message/xor/73/0	REJECTED	6	1
70070426	message/xor/74/0	REJECTED	6	1
70070426	message/xor/75/0	REJECTED	6	1
70070426	message/xor/76/0	REJECTED	6	1
70070426	message/xor/77/0	REJECTED	6	1
70070426	message/xor/78/0	REJECTED	6	1
70070426	message/xor/79/0	REJECTED	6	1
70070426	message/xor/80/0	REJECTED	6	1
70070426	message/xor/81/0	REJECTED	6	1
70070426	message/xor/82/0	REJECTED	6	1
70070426	message/xor/83/0	REJECTED	6	1
70070426	message/xor/84/0	REJECTED	6	1
70070426	message/xor/85/0	REJECTED	6	1
70070426	message/xor/86/0	REJECTED	6	1
70070426	message/xor/87/0	REJECTED	6	1
70070426	message/xor/88/0	REJECTED	6	1
70070426	message/xor/89/0	REJECTED	6	1
70070426	message/xor/90/0	REJECTED	6	1
70070426	message/xor/91/0	REJECTED	6	1
70070426	message/xor/92/0	REJECTED	6	1
70070426	message/xor/93/0	REJECTED	6	1
70070426	message/xor/94/0	REJECTED	6	1
70070426	message/xor/95/0	REJECTED	6	1
70070426	message/xor/96/0	REJECTED	6	1
70070426	message/xor/97/0	REJECTED	6	1
70070426	message/xor/98/0	REJECTED	6	1
70070426	message/xor/99/0	REJECTED	6	1
70070426	message/xor/100/0	REJECTED	6	1
70070426	message/xor/101/0	REJECTED	6	1
70070426	message/xor/102/0	REJECTED	6	1
70070426	message/xor/103/0	REJECTED	6	1
70070426	message/xor/104/0	REJECTED	6	1
70070426	message/xor/105/0	REJECTED	6	1
70070426	message/xor/106/0	REJECTED	6	1
70070426	message/xor/107/0	REJECTED	6	1
70070426	message/xor/108/0	REJECTED	6	1
70070426	message/xor/109/0	REJECTED	6	1
70070426	message/xor/110/0	REJECTED	6	1
70070426	message/xor/111/0	REJECTED	6	1
70070426	message/xor/112/0	REJECTED	6	1
70070426	message/xor/113/0	REJECTED	6	1
70070426	message/xor/114/0	REJECTED	6	1
70070426	message/xor/115/0	REJECTED	6	1
70070426	message/xor/116/0	REJECTED	6	1
70070426	message/xor/117/0	REJECTED	6	1
70070426	message/xor/118/0	REJECTED	6	1
70070426	message/xor/119/0	REJECTED	6	1
70070426	message/xor/120/0	REJECTED	6	1
70070426	message/xor/121/0	REJECTED	6	1
70070426	message/xor/122/0	REJECTED	6	1
70070426	message/xor/123/0	REJECTED	6	1
70070426	message/xor/124/0	REJECTED	6	1
70070426	message/xor/125/0	REJECTED	6	1
70070426	message/xor/126/0	REJECTED	6	1
70070426	message/xor/127/0	REJECTED	6	1
70070426	message/xor/128/0	REJECTED	6	1
70070426	message/xor/129/0	REJECTED	6	1
70070426	message/xor/130/0	REJECTED	6	1
70070426	message/xor/131/0	REJECTED	6	1
70070426	message/xor/132/0	REJECTED	6	1
70070426	message/xor/133/0	REJECTED	6	1
70070426	message/xor/134/0	REJECTED	6	1
70070426	message/xor/135/0	REJECTED	6	1
70070426	message/xor/136/0	REJECTED	6	1
70070426	message/xor/137/0	REJECTED	6	1
70070426	message/xor/138/0	REJECTED	6	1
70070426	message/xor/139/0	REJECTED	6	1
70070426	message/xor/140/0	REJECTED	6	1
70070426	message/xor/141/0	REJECTED	6	1
70070426	message/xor/142/0	REJECTED	6	1
70070426	message/xor/143/0	REJECTED	6	1
70070426	message/xor/144/0	REJECTED	6	1
70070426	message/xor/145/0	REJECTED	6	1
70070426	message/xor/146/0	REJECTED	6	1
70070426	message/xor/147/0	REJECTED	6	1
70070426	message/xor/148/0	REJECTED	6	1
70070426	message/xor/149/0	REJECTED	6	1
70070426	message/xor/150/0	REJECTED	6	1
70070426	message/xor/151/0	REJECTED	6	1
70070426	message/xor/152/0	REJECTED	6	1
70070426	message/xor/153/0	REJECTED	6	1
70070426	message/xor/154/0	REJECTED	6	1
70070426	message/xor/155/0	REJECTED	6	1
70070426	message/xor/156/0	REJECTED	6	1
70070426	message/xor/157/0	REJECTED	6	1
70070426	message/xor/158/0	REJECTED	6	1
70070426	message/xor/159/0	REJECTED	6	1
70070426	message/xor/160/0	REJECTED	6	1
70070426	message/xor/161/0	REJECTED	6	1
70070426	message/xor/162/0	REJECTED	6	1
70070426	message/xor/163/0	REJECTED	6	1
70070426	message/xor/164/0	REJECTED	6	1
70070426	message/xor/165/0	REJECTED	6	1
70070426	message/xor/166/0	REJECTED	6	1
70070426	message/xor/167/0	REJECTED	6	1
70070426	message/xor/168/0	REJECTED	6	1
70070426	message/xor/169/0	REJECTED	6	1
70070426	message/xor/170/0	REJECTED	6	1
70070426	message/xor/171/0	REJECTED	6	1
70070426	message/xor/172/0	REJECTED	6	1
70070426	message/xor/173/0	REJECTED	6	1
70070426	message/xor/174/0	REJECTED	6	1
70070426	message/xor/175/0	REJECTED	6	1
70070426	message/xor/176/0	REJECTED	6	1
70070426	message/xor/177/0	REJECTED	6	1
70070426	message/xor/178/0	REJECTED	6	1
70070426	message/xor/179/0	REJECTED	6	1
70070426	message/xor/180/0	REJECTED	6	1
70070426	message/xor/181/0	REJECTED	6	1
70070426	message/xor/182/0	REJECTED	6	1
70070426	message/xor/183/0	REJECTED	6	1
70070426	message/xor/184/0	REJECTED	6	1
70070426	message/xor/185/0	REJECTED	6	1
70070426	message/xor/186/0	REJECTED	6	1
70070426	message/xor/187/0	REJECTED	6	1
70070426	message/xor/188/0	REJECTED	6	1
70070426	message/xor/189/0	REJECTED	6	1
70070426	message/xor/190/0	REJECTED	6	1
70070426	message/xor/191/0	REJECTED	6	1
70070426	message/xor/192/0	REJECTED	6	1
70070426	message/xor/193/0	REJECTED	6	1
70070426	message/xor/194/0	REJECTED	6	1
70070426	message/xor/195/0	REJECTED	6	1
70070426	message/xor/196/0	REJECTED	6	1
70070426	message/xor/197/0	REJECTED	6	1
70070426	message/xor/198/0	REJECTED	6	1
70070426	message/xor/199/0	REJECTED	6	1
70070426	message/xor/200/0	REJECTED	6	1
70070426	message/xor/201/0	REJECTED	6	1
70070426	message/xor/202/0	REJECTED	6	1
70070426	message/xor/203/0	REJECTED	6	1
70070426	message/xor/204/0	REJECTED	6	1
70070426	message/xor/205/0	REJECTED	6	1
70070426	message/xor/206/0	REJECTED	6	1
70070426	message/xor/207/0	REJECTED	6	1
70070426	message/xor/208/0	REJECTED	6	1
70070426	message/xor/209/0	REJECTED	6	1
70070426	message/xor/210/0	REJECTED	6	1
70070426	message/xor/211/0	REJECTED	6	1
70070426	message/xor/212/0	REJECTED	6	1
70070426	message/xor/213/0	REJECTED	6	1
70070426	message/xor/214/0	REJECTED	6	1
70070426	message/xor/215/0	REJECTED	6	1
70070426	message/xor/216/0	REJECTED	6	1
70070426	message/xor/217/0	REJECTED	6	1
70070426	message/xor/218/0	REJECTED	6	1
70070426	message/xor/219/0	REJECTED	6	1
70070426	message/xor/220/0	REJECTED	6	1
70070426	message/xor/221/0	REJECTED	6	1
70070426	message/xor/222/0	REJECTED	6	1
70070426	message/xor/223/0	REJECTED	6	1
70070426	message/xor/224/0	REJECTED	6	1
70070426	message/xor/225/0	REJECTED	6	1
70070426	message/xor/226/0	REJECTED	6	1
70070426	message/xor/227/0	REJECTED	6	1
70070426	message/xor/228/0	REJECTED	6	1
70070426	message/xor/229/0	REJECTED	6	1
70070426	message/xor/230/0	REJECTED	6	1
70070426	message/xor/231/0	REJECTED	6	1
70070426	message/xor/232/0	REJECTED	6	1
70070426	message/xor/233/0	REJECTED	6	1
70070426	message/xor/234/0	REJECTED	6	1
70070426	message/xor/235/0	REJECTED	6	1
70070426	message/xor/236/0	REJECTED	6	1
70070426	message/xor/237/0	REJECTED	6	1
70070426	message/xor/238/0	REJECTED	6	1
70070426	message/xor/239/0	REJECTED	6	1
70070426	message/xor/240/0	REJECTED	6	1
70070426	message/xor/241/0	REJECTED	6	1
70070426	message/xor/242/0	REJECTED	6	1
70070426	message/xor/243/0	REJECTED	6	1
70070426	message/xor/244/0	REJECTED	6	1
70070426	message/xor/245/0	REJECTED	6	1
70070426	message/xor/246/0	REJECTED	6	1
70070426	message/xor/247/0	REJECTED	6	1
70070426	message/xor/248/0	REJECTED	6	1
70070426	message/xor/249/0	REJECTED	6	1
70070426	message/xor/250/0	REJECTED	6	1
70070426	message/xor/251/0	REJECTED	6	1
70070426	message/xor/252/0	REJECTED	6	1
70070426	message/xor/253/0	REJECTED	6	1
70070426	message/xor/254/0	REJECTED	6	1
70070426	message/xor/255/0	REJECTED	6	1
70070426	message/xor/256/0	REJECTED	6	1
70070426	message/xor/257/0	REJECTED	6	1
70070426	message/xor/258/0	REJECTED	6	1
70070426	message/xor/259/0	REJECTED	6	1
70070426	message/xor/260/0	REJECTED	6	1
70070426	message/xor/261/0	REJECTED	6	1
70070426	message/xor/262/0	REJECTED	6	1
70070426	message/xor/263/0	REJECTED	6	1
70070426	message/xor/264/0	REJECTED	6	1
70070426	message/xor/265/0	REJECTED	6	1
70070426	message/xor/266/0	REJECTED	6	1
70070426	message/xor/267/0	REJECTED	6	1
70070426	message/xor/268/0	REJECTED	6	1
70070426	message/xor/269/0	REJECTED	6	1
70070426	message/xor/270/0	REJECTED	6	1
70070426	message/xor/271/0	REJECTED	6	1
70070426	message/xor/272/0	REJECTED	6	1
70070426	message/xor/273/0	REJECTED	6	1
70070426	message/xor/274/0	REJECTED	6	1
70070426	message/xor/275/0	REJECTED	6	1
70070426	message/xor/276/0	REJECTED	6	1
70070426	message/xor/277/0	REJECTED	6	1
70070426	message/xor/278/0	REJECTED	6	1
70070426	message/xor/279/0	REJECTED	6	1
70070426	message/xor/280/0	REJECTED	6	1
70070426	message/xor/281/0	REJECTED	6	1
70070426	message/xor/282/0	REJECTED	6	1
70070426	message/xor/283/0	REJECTED	6	1
70070426	message/xor/284/0	REJECTED	6	1
70070426	message/xor/285/0	REJECTED	6	1
70070426	message/xor/286/0	REJECTED	6	1
70070426	message/xor/287/0	REJECTED	6	1
70070426	message/xor/288/0	REJECTED	6	1
70070426	message/xor/289/0	REJECTED	6	1
70070426	message/xor/290/0	REJECTED	6	1
70070426	message/xor/291/0	REJECTED	6	1
70070426	message/xor/292/0	REJECTED	6	1
70070426	message/xor/293/0	REJECTED	6	1
70070426	message/xor/294/0	REJECTED	6	1
70070426	message/xor/295/0	REJECTED	6	1
70070426	message/xor/296/0	REJECTED	6	1
70070426	message/xor/297/0	REJECTED	6	1
70070426	message/xor/298/0	REJECTED	6	1
70070426	message/xor/299/0	REJECTED	6	1
70070426	message/xor/300/0	REJECTED	6	1
70070426	message/xor/301/0	REJECTED	6	1
70070426	message/xor/302/0	REJECTED	6	1
70070426	message/xor/303/0	REJECTED	6	1
70070426	message/xor/304/0	REJECTED	6	1
70070426	message/xor/305/0	REJECTED	6	1
70070426	message/xor/306/0	REJECTED	6	1
70070426	message/xor/307/0	REJECTED	6	1
70070426	message/xor/308/0	REJECTED	6	1
70070426	message/xor/309/0	REJECTED	6	1
70070426	message/xor/310/0	REJECTED	6	1
70070426	message/xor/311/0	REJECTED	6	1
70070426	message/xor/312/0	REJECTED	6	1
70070426	message/xor/313/0	REJECTED	6	1
70070426	message/xor/314/0	REJECTED	6	1
70070426	message/xor/315/0	REJECTED	6	1
70070426	message/xor/316/0	REJECTED	6	1
70070426	message/xor/317/0	REJECTED	6	1
70070426	message/xor/318/0	REJECTED	6	1
70070426	message/xor/319/0	REJECTED	6	1
70070426	message/xor/320/0	REJECTED	6	1
70070426	message/xor/321/0	REJECTED	6	1
70070426	message/xor/322/0	REJECTED	6	1
70070426	message/xor/323/0	REJECTED	6	1
70070426	message/xor/324/0	REJECTED	6	1
70070426	message/xor/325/0	REJECTED	6	1
70070426	message/xor/326/0	REJECTED	6	1
70070426	message/xor/327/0	REJECTED	6	1
70070426	message/xor/328/0	REJECTED	6	1
70070426	message/xor/329/0	REJECTED	6	1
70070426	message/xor/330/0	REJECTED	6	1
70070426	message/xor/331/0	REJECTED	6	1
70070426	message/xor/332/0	REJECTED	6	1
70070426	message/xor/333/0	REJECTED	6	1
70070426	message/xor/334/0	REJECTED	6	1
70070426	message/xor/335/0	REJECTED	6	1
70070426	message/xor/336/0	REJECTED	6	1
70070426	message/xor/337/0	REJECTED	6	1
70070426	message/xor/338/0	REJECTED	6	1
70070426	message/xor/339/0	REJECTED	6	1
70070426	message/xor/340/0	REJECTED	6	1
70070426	message/xor/341/0	REJECTED	6	1
70070426	message/xor/342/0	REJECTED	6	1
70070426	message/xor/343/0	REJECTED	6	1
70070426	message/xor/344/0	REJECTED	6	1
70070426	message/xor/345/0	REJECTED	6	1
70070426	message/xor/346/0	REJECTED	6	1
70070426	message/xor/347/0	REJECTED	6	1
70070426	message/xor/348/0	REJECTED	6	1
70070426	message/xor/349/0	REJECTED	6	1
70070426	message/xor/350/0	REJECTED	6	1
70070426	message/xor/351/0	REJECTED	6	1
70070426	message/xor/352/0	REJECTED	6	1
70070426	message/xor/353/0	REJECTED	6	1
70070426	message/xor/354/0	REJECTED	6	1
70070426	message/xor/355/0	REJECTED	6	1
70070426	message/xor/356/0	REJECTED	6	1
70070426	message/xor/357/0	REJECTED	6	1
70070426	message/xor/358/0	REJECTED	6	1
70070426	message/xor/359/0	REJECTED	6	1
70070426	message/xor/360/0	REJECTED	6	1
70070426	message/xor/361/0	REJECTED	6	1
70070426	message/xor/362/0	REJECTED	6	1
70070426	message/xor/363/0	REJECTED	6	1
70070426	message/xor/364/0	REJECTED	6	1
70070426	message/xor/365/0	REJECTED	6	1
70070426	message/xor/366/0	REJECTED	6	1
70070426	message/xor/367/0	REJECTED	6	1
70070426	message/xor/368/0	REJECTED	6	1
70070426	message/xor/369/0	REJECTED	6	1
70070426	message/xor/370/0	REJECTED	6	1
70070426	message/xor/371/0	REJECTED	6	1
70070426	message/xor/372/0	REJECTED	6	1
70070426	message/xor/373/0	REJECTED	6	1
70070426	message/xor/374/0	REJECTED	6	1
70070426	message/xor/375/0	REJECTED	6	1
70070426	message/xor/376/0	REJECTED	6	1
70070426	message/xor/377/0	REJECTED	6	1
70070426	message/xor/378/0	REJECTED	6	1
70070426	message/xor/379/0	REJECTED	6	1
70070426	message/xor/380/0	REJECTED	6	1
70070426	message/xor/381/0	REJECTED	6	1
70070426	message/xor/382/0	REJECTED	6	1
70070426	message/xor/383/0	REJECTED	6	1
70070426	message/xor/384/0	REJECTED	6	1
70070426	message/xor/385/0	REJECTED	6	1
70070426	message/xor/386/0	REJECTED	6	1
70070426	message/xor/387/0	REJECTED	6	1
70070426	message/xor/388/0	REJECTED	6	1
70070426	message/xor/389/0	REJECTED	6	1
70070426	message/xor/390/0	REJECTED	6	1
70070426	message/xor/391/0	REJECTED	6	1
70070426	message/xor/392/0	REJECTED	6	1
70070426	message/xor/393/0	REJECTED	6	1
70070426	message/xor/394/0	REJECTED	6	1
70070426	message/xor/395/0	REJECTED	6	1
70070426	message/xor/396/0	REJECTED	6	1
70070426	message/xor/397/0	REJECTED	6	1
70070426	message/xor/398/0	REJECTED	6	1
70070426	message/xor/399/0	REJECTED	6	1
70070426	message/xor/400/0	REJECTED	6	1
70070426	message/xor/401/0	REJECTED	6	1
70070426	message/xor/402/0	REJECTED	6	1
70070426	message/xor/403/0	REJECTED	6	1
70070426	message/xor/404/0	REJECTED	6	1
70070426	message/xor/405/0	REJECTED	6	1
70070426	message/xor/406/0	REJECTED	6	1
70070426	message/xor/0/1	REJECTED	6	1
70070426	message/xor/0/2	REJECTED	6	1
70070426	message/xor/0/3	REJECTED	6	1
70070426	message/xor/0/4	REJECTED	6	1
70070426	message/xor/0/5	REJECTED	6	1
70070426	message/xor/0/6	REJECTED	6	1
70070426	message/xor/0/7	REJECTED	6	1
70070426	message/xor/406/1	REJECTED	6	1
70070426	message/xor/406/2	REJECTED	6	1
70070426	message/xor/406/3	REJECTED	6	1
70070426	message/xor/406/4	REJECTED	6	1
70070426	message/xor/406/5	REJECTED	6	1
70070426	message/xor/406/6	REJECTED	6	1
70070426	message/xor/406/7	REJECTED	6	1
70070426	signature/swap-pair/1	REJECTED	6	0
70070426	signature/swap-pair/2	REJECTED	5	0
70070426	signature/swap-pair/3	REJECTED	4	0
70070426	signature/swap-pair/4	REJECTED	3	0
70070426	signature/swap-pair/5	REJECTED	2	0
70070426	signature/swap-pair/6	REJECTED	1	0
70070426	message/empty	REJECTED	6	1
70070426	message/truncate-last	REJECTED	6	1
70070426	message/append-zero	REJECTED	6	1
70070464	original	VERIFIED	6	1
70070464	period/0	REJECTED	3	0
70070464	period/1	REJECTED	3	0
70070464	period/2	REJECTED	3	0
70070464	period/3	REJECTED	3	0
70070464	period/4	REJECTED	3	0
70070464	period/5	REJECTED	3	0
70070464	period/6	REJECTED	3	0
70070464	period/7	REJECTED	3	0
70070464	period/8	REJECTED	3	0
70070464	period/9	REJECTED	3	0
70070464	period/10	REJECTED	3	0
70070464	period/11	REJECTED	3	0
70070464	period/12	REJECTED	3	0
70070464	period/13	REJECTED	3	0
70070464	period/14	REJECTED	3	0
70070464	period/15	REJECTED	3	0
70070464	period/16	REJECTED	4	0
70070464	period/17	REJECTED	4	0
70070464	period/18	REJECTED	4	0
70070464	period/19	REJECTED	4	0
70070464	period/20	REJECTED	4	0
70070464	period/21	REJECTED	4	0
70070464	period/22	REJECTED	4	0
70070464	period/23	REJECTED	4	0
70070464	period/24	REJECTED	5	0
70070464	period/25	REJECTED	5	0
70070464	period/26	REJECTED	5	0
70070464	period/27	REJECTED	5	0
70070464	period/29	REJECTED	6	1
70070464	period/30	REJECTED	6	0
70070464	period/31	REJECTED	6	0
70070464	period/32	REJECTED	2	0
70070464	period/33	REJECTED	2	0
70070464	period/34	REJECTED	2	0
70070464	period/35	REJECTED	2	0
70070464	period/36	REJECTED	2	0
70070464	period/37	REJECTED	2	0
70070464	period/38	REJECTED	2	0
70070464	period/39	REJECTED	2	0
70070464	period/40	REJECTED	2	0
70070464	period/41	REJECTED	2	0
70070464	period/42	REJECTED	2	0
70070464	period/43	REJECTED	2	0
70070464	period/44	REJECTED	2	0
70070464	period/45	REJECTED	2	0
70070464	period/46	REJECTED	2	0
70070464	period/47	REJECTED	2	0
70070464	period/48	REJECTED	2	0
70070464	period/49	REJECTED	2	0
70070464	period/50	REJECTED	2	0
70070464	period/51	REJECTED	2	0
70070464	period/52	REJECTED	2	0
70070464	period/53	REJECTED	2	0
70070464	period/54	REJECTED	2	0
70070464	period/55	REJECTED	2	0
70070464	period/56	REJECTED	2	0
70070464	period/57	REJECTED	2	0
70070464	period/58	REJECTED	2	0
70070464	period/59	REJECTED	2	0
70070464	period/60	REJECTED	2	0
70070464	period/61	REJECTED	2	0
70070464	period/62	REJECTED	2	0
70070464	period/63	REJECTED	2	0
70070464	root/xor/0/0	REJECTED	1	0
70070464	root/xor/0/1	REJECTED	1	0
70070464	root/xor/0/2	REJECTED	1	0
70070464	root/xor/0/3	REJECTED	1	0
70070464	root/xor/0/4	REJECTED	1	0
70070464	root/xor/0/5	REJECTED	1	0
70070464	root/xor/0/6	REJECTED	1	0
70070464	root/xor/0/7	REJECTED	1	0
70070464	root/xor/1/0	REJECTED	1	0
70070464	root/xor/1/1	REJECTED	1	0
70070464	root/xor/1/2	REJECTED	1	0
70070464	root/xor/1/3	REJECTED	1	0
70070464	root/xor/1/4	REJECTED	1	0
70070464	root/xor/1/5	REJECTED	1	0
70070464	root/xor/1/6	REJECTED	1	0
70070464	root/xor/1/7	REJECTED	1	0
70070464	root/xor/2/0	REJECTED	1	0
70070464	root/xor/2/1	REJECTED	1	0
70070464	root/xor/2/2	REJECTED	1	0
70070464	root/xor/2/3	REJECTED	1	0
70070464	root/xor/2/4	REJECTED	1	0
70070464	root/xor/2/5	REJECTED	1	0
70070464	root/xor/2/6	REJECTED	1	0
70070464	root/xor/2/7	REJECTED	1	0
70070464	root/xor/3/0	REJECTED	1	0
70070464	root/xor/3/1	REJECTED	1	0
70070464	root/xor/3/2	REJECTED	1	0
70070464	root/xor/3/3	REJECTED	1	0
70070464	root/xor/3/4	REJECTED	1	0
70070464	root/xor/3/5	REJECTED	1	0
70070464	root/xor/3/6	REJECTED	1	0
70070464	root/xor/3/7	REJECTED	1	0
70070464	root/xor/4/0	REJECTED	1	0
70070464	root/xor/4/1	REJECTED	1	0
70070464	root/xor/4/2	REJECTED	1	0
70070464	root/xor/4/3	REJECTED	1	0
70070464	root/xor/4/4	REJECTED	1	0
70070464	root/xor/4/5	REJECTED	1	0
70070464	root/xor/4/6	REJECTED	1	0
70070464	root/xor/4/7	REJECTED	1	0
70070464	root/xor/5/0	REJECTED	1	0
70070464	root/xor/5/1	REJECTED	1	0
70070464	root/xor/5/2	REJECTED	1	0
70070464	root/xor/5/3	REJECTED	1	0
70070464	root/xor/5/4	REJECTED	1	0
70070464	root/xor/5/5	REJECTED	1	0
70070464	root/xor/5/6	REJECTED	1	0
70070464	root/xor/5/7	REJECTED	1	0
70070464	root/xor/6/0	REJECTED	1	0
70070464	root/xor/6/1	REJECTED	1	0
70070464	root/xor/6/2	REJECTED	1	0
70070464	root/xor/6/3	REJECTED	1	0
70070464	root/xor/6/4	REJECTED	1	0
70070464	root/xor/6/5	REJECTED	1	0
70070464	root/xor/6/6	REJECTED	1	0
70070464	root/xor/6/7	REJECTED	1	0
70070464	root/xor/7/0	REJECTED	1	0
70070464	root/xor/7/1	REJECTED	1	0
70070464	root/xor/7/2	REJECTED	1	0
70070464	root/xor/7/3	REJECTED	1	0
70070464	root/xor/7/4	REJECTED	1	0
70070464	root/xor/7/5	REJECTED	1	0
70070464	root/xor/7/6	REJECTED	1	0
70070464	root/xor/7/7	REJECTED	1	0
70070464	root/xor/8/0	REJECTED	1	0
70070464	root/xor/8/1	REJECTED	1	0
70070464	root/xor/8/2	REJECTED	1	0
70070464	root/xor/8/3	REJECTED	1	0
70070464	root/xor/8/4	REJECTED	1	0
70070464	root/xor/8/5	REJECTED	1	0
70070464	root/xor/8/6	REJECTED	1	0
70070464	root/xor/8/7	REJECTED	1	0
70070464	root/xor/9/0	REJECTED	1	0
70070464	root/xor/9/1	REJECTED	1	0
70070464	root/xor/9/2	REJECTED	1	0
70070464	root/xor/9/3	REJECTED	1	0
70070464	root/xor/9/4	REJECTED	1	0
70070464	root/xor/9/5	REJECTED	1	0
70070464	root/xor/9/6	REJECTED	1	0
70070464	root/xor/9/7	REJECTED	1	0
70070464	root/xor/10/0	REJECTED	1	0
70070464	root/xor/10/1	REJECTED	1	0
70070464	root/xor/10/2	REJECTED	1	0
70070464	root/xor/10/3	REJECTED	1	0
70070464	root/xor/10/4	REJECTED	1	0
70070464	root/xor/10/5	REJECTED	1	0
70070464	root/xor/10/6	REJECTED	1	0
70070464	root/xor/10/7	REJECTED	1	0
70070464	root/xor/11/0	REJECTED	1	0
70070464	root/xor/11/1	REJECTED	1	0
70070464	root/xor/11/2	REJECTED	1	0
70070464	root/xor/11/3	REJECTED	1	0
70070464	root/xor/11/4	REJECTED	1	0
70070464	root/xor/11/5	REJECTED	1	0
70070464	root/xor/11/6	REJECTED	1	0
70070464	root/xor/11/7	REJECTED	1	0
70070464	root/xor/12/0	REJECTED	1	0
70070464	root/xor/12/1	REJECTED	1	0
70070464	root/xor/12/2	REJECTED	1	0
70070464	root/xor/12/3	REJECTED	1	0
70070464	root/xor/12/4	REJECTED	1	0
70070464	root/xor/12/5	REJECTED	1	0
70070464	root/xor/12/6	REJECTED	1	0
70070464	root/xor/12/7	REJECTED	1	0
70070464	root/xor/13/0	REJECTED	1	0
70070464	root/xor/13/1	REJECTED	1	0
70070464	root/xor/13/2	REJECTED	1	0
70070464	root/xor/13/3	REJECTED	1	0
70070464	root/xor/13/4	REJECTED	1	0
70070464	root/xor/13/5	REJECTED	1	0
70070464	root/xor/13/6	REJECTED	1	0
70070464	root/xor/13/7	REJECTED	1	0
70070464	root/xor/14/0	REJECTED	1	0
70070464	root/xor/14/1	REJECTED	1	0
70070464	root/xor/14/2	REJECTED	1	0
70070464	root/xor/14/3	REJECTED	1	0
70070464	root/xor/14/4	REJECTED	1	0
70070464	root/xor/14/5	REJECTED	1	0
70070464	root/xor/14/6	REJECTED	1	0
70070464	root/xor/14/7	REJECTED	1	0
70070464	root/xor/15/0	REJECTED	1	0
70070464	root/xor/15/1	REJECTED	1	0
70070464	root/xor/15/2	REJECTED	1	0
70070464	root/xor/15/3	REJECTED	1	0
70070464	root/xor/15/4	REJECTED	1	0
70070464	root/xor/15/5	REJECTED	1	0
70070464	root/xor/15/6	REJECTED	1	0
70070464	root/xor/15/7	REJECTED	1	0
70070464	root/xor/16/0	REJECTED	1	0
70070464	root/xor/16/1	REJECTED	1	0
70070464	root/xor/16/2	REJECTED	1	0
70070464	root/xor/16/3	REJECTED	1	0
70070464	root/xor/16/4	REJECTED	1	0
70070464	root/xor/16/5	REJECTED	1	0
70070464	root/xor/16/6	REJECTED	1	0
70070464	root/xor/16/7	REJECTED	1	0
70070464	root/xor/17/0	REJECTED	1	0
70070464	root/xor/17/1	REJECTED	1	0
70070464	root/xor/17/2	REJECTED	1	0
70070464	root/xor/17/3	REJECTED	1	0
70070464	root/xor/17/4	REJECTED	1	0
70070464	root/xor/17/5	REJECTED	1	0
70070464	root/xor/17/6	REJECTED	1	0
70070464	root/xor/17/7	REJECTED	1	0
70070464	root/xor/18/0	REJECTED	1	0
70070464	root/xor/18/1	REJECTED	1	0
70070464	root/xor/18/2	REJECTED	1	0
70070464	root/xor/18/3	REJECTED	1	0
70070464	root/xor/18/4	REJECTED	1	0
70070464	root/xor/18/5	REJECTED	1	0
70070464	root/xor/18/6	REJECTED	1	0
70070464	root/xor/18/7	REJECTED	1	0
70070464	root/xor/19/0	REJECTED	1	0
70070464	root/xor/19/1	REJECTED	1	0
70070464	root/xor/19/2	REJECTED	1	0
70070464	root/xor/19/3	REJECTED	1	0
70070464	root/xor/19/4	REJECTED	1	0
70070464	root/xor/19/5	REJECTED	1	0
70070464	root/xor/19/6	REJECTED	1	0
70070464	root/xor/19/7	REJECTED	1	0
70070464	root/xor/20/0	REJECTED	1	0
70070464	root/xor/20/1	REJECTED	1	0
70070464	root/xor/20/2	REJECTED	1	0
70070464	root/xor/20/3	REJECTED	1	0
70070464	root/xor/20/4	REJECTED	1	0
70070464	root/xor/20/5	REJECTED	1	0
70070464	root/xor/20/6	REJECTED	1	0
70070464	root/xor/20/7	REJECTED	1	0
70070464	root/xor/21/0	REJECTED	1	0
70070464	root/xor/21/1	REJECTED	1	0
70070464	root/xor/21/2	REJECTED	1	0
70070464	root/xor/21/3	REJECTED	1	0
70070464	root/xor/21/4	REJECTED	1	0
70070464	root/xor/21/5	REJECTED	1	0
70070464	root/xor/21/6	REJECTED	1	0
70070464	root/xor/21/7	REJECTED	1	0
70070464	root/xor/22/0	REJECTED	1	0
70070464	root/xor/22/1	REJECTED	1	0
70070464	root/xor/22/2	REJECTED	1	0
70070464	root/xor/22/3	REJECTED	1	0
70070464	root/xor/22/4	REJECTED	1	0
70070464	root/xor/22/5	REJECTED	1	0
70070464	root/xor/22/6	REJECTED	1	0
70070464	root/xor/22/7	REJECTED	1	0
70070464	root/xor/23/0	REJECTED	1	0
70070464	root/xor/23/1	REJECTED	1	0
70070464	root/xor/23/2	REJECTED	1	0
70070464	root/xor/23/3	REJECTED	1	0
70070464	root/xor/23/4	REJECTED	1	0
70070464	root/xor/23/5	REJECTED	1	0
70070464	root/xor/23/6	REJECTED	1	0
70070464	root/xor/23/7	REJECTED	1	0
70070464	root/xor/24/0	REJECTED	1	0
70070464	root/xor/24/1	REJECTED	1	0
70070464	root/xor/24/2	REJECTED	1	0
70070464	root/xor/24/3	REJECTED	1	0
70070464	root/xor/24/4	REJECTED	1	0
70070464	root/xor/24/5	REJECTED	1	0
70070464	root/xor/24/6	REJECTED	1	0
70070464	root/xor/24/7	REJECTED	1	0
70070464	root/xor/25/0	REJECTED	1	0
70070464	root/xor/25/1	REJECTED	1	0
70070464	root/xor/25/2	REJECTED	1	0
70070464	root/xor/25/3	REJECTED	1	0
70070464	root/xor/25/4	REJECTED	1	0
70070464	root/xor/25/5	REJECTED	1	0
70070464	root/xor/25/6	REJECTED	1	0
70070464	root/xor/25/7	REJECTED	1	0
70070464	root/xor/26/0	REJECTED	1	0
70070464	root/xor/26/1	REJECTED	1	0
70070464	root/xor/26/2	REJECTED	1	0
70070464	root/xor/26/3	REJECTED	1	0
70070464	root/xor/26/4	REJECTED	1	0
70070464	root/xor/26/5	REJECTED	1	0
70070464	root/xor/26/6	REJECTED	1	0
70070464	root/xor/26/7	REJECTED	1	0
70070464	root/xor/27/0	REJECTED	1	0
70070464	root/xor/27/1	REJECTED	1	0
70070464	root/xor/27/2	REJECTED	1	0
70070464	root/xor/27/3	REJECTED	1	0
70070464	root/xor/27/4	REJECTED	1	0
70070464	root/xor/27/5	REJECTED	1	0
70070464	root/xor/27/6	REJECTED	1	0
70070464	root/xor/27/7	REJECTED	1	0
70070464	root/xor/28/0	REJECTED	1	0
70070464	root/xor/28/1	REJECTED	1	0
70070464	root/xor/28/2	REJECTED	1	0
70070464	root/xor/28/3	REJECTED	1	0
70070464	root/xor/28/4	REJECTED	1	0
70070464	root/xor/28/5	REJECTED	1	0
70070464	root/xor/28/6	REJECTED	1	0
70070464	root/xor/28/7	REJECTED	1	0
70070464	root/xor/29/0	REJECTED	1	0
70070464	root/xor/29/1	REJECTED	1	0
70070464	root/xor/29/2	REJECTED	1	0
70070464	root/xor/29/3	REJECTED	1	0
70070464	root/xor/29/4	REJECTED	1	0
70070464	root/xor/29/5	REJECTED	1	0
70070464	root/xor/29/6	REJECTED	1	0
70070464	root/xor/29/7	REJECTED	1	0
70070464	root/xor/30/0	REJECTED	1	0
70070464	root/xor/30/1	REJECTED	1	0
70070464	root/xor/30/2	REJECTED	1	0
70070464	root/xor/30/3	REJECTED	1	0
70070464	root/xor/30/4	REJECTED	1	0
70070464	root/xor/30/5	REJECTED	1	0
70070464	root/xor/30/6	REJECTED	1	0
70070464	root/xor/30/7	REJECTED	1	0
70070464	root/xor/31/0	REJECTED	1	0
70070464	root/xor/31/1	REJECTED	1	0
70070464	root/xor/31/2	REJECTED	1	0
70070464	root/xor/31/3	REJECTED	1	0
70070464	root/xor/31/4	REJECTED	1	0
70070464	root/xor/31/5	REJECTED	1	0
70070464	root/xor/31/6	REJECTED	1	0
70070464	root/xor/31/7	REJECTED	1	0
70070464	signature/xor/0/0	REJECTED	6	1
70070464	signature/xor/0/1	REJECTED	6	1
70070464	signature/xor/0/2	REJECTED	6	1
70070464	signature/xor/0/3	REJECTED	6	1
70070464	signature/xor/0/4	REJECTED	6	1
70070464	signature/xor/0/5	REJECTED	6	1
70070464	signature/xor/0/6	REJECTED	6	1
70070464	signature/xor/0/7	REJECTED	6	1
70070464	signature/xor/1/0	REJECTED	6	1
70070464	signature/xor/1/1	REJECTED	6	1
70070464	signature/xor/1/2	REJECTED	6	1
70070464	signature/xor/1/3	REJECTED	6	1
70070464	signature/xor/1/4	REJECTED	6	1
70070464	signature/xor/1/5	REJECTED	6	1
70070464	signature/xor/1/6	REJECTED	6	1
70070464	signature/xor/1/7	REJECTED	6	1
70070464	signature/xor/2/0	REJECTED	6	1
70070464	signature/xor/2/1	REJECTED	6	1
70070464	signature/xor/2/2	REJECTED	6	1
70070464	signature/xor/2/3	REJECTED	6	1
70070464	signature/xor/2/4	REJECTED	6	1
70070464	signature/xor/2/5	REJECTED	6	1
70070464	signature/xor/2/6	REJECTED	6	1
70070464	signature/xor/2/7	REJECTED	6	1
70070464	signature/xor/3/0	REJECTED	6	1
70070464	signature/xor/3/1	REJECTED	6	1
70070464	signature/xor/3/2	REJECTED	6	1
70070464	signature/xor/3/3	REJECTED	6	1
70070464	signature/xor/3/4	REJECTED	6	1
70070464	signature/xor/3/5	REJECTED	6	1
70070464	signature/xor/3/6	REJECTED	6	1
70070464	signature/xor/3/7	REJECTED	6	1
70070464	signature/xor/4/0	REJECTED	6	1
70070464	signature/xor/4/1	REJECTED	6	1
70070464	signature/xor/4/2	REJECTED	6	1
70070464	signature/xor/4/3	REJECTED	6	1
70070464	signature/xor/4/4	REJECTED	6	1
70070464	signature/xor/4/5	REJECTED	6	1
70070464	signature/xor/4/6	REJECTED	6	1
70070464	signature/xor/4/7	REJECTED	6	1
70070464	signature/xor/5/0	REJECTED	6	1
70070464	signature/xor/5/1	REJECTED	6	1
70070464	signature/xor/5/2	REJECTED	6	1
70070464	signature/xor/5/3	REJECTED	6	1
70070464	signature/xor/5/4	REJECTED	6	1
70070464	signature/xor/5/5	REJECTED	6	1
70070464	signature/xor/5/6	REJECTED	6	1
70070464	signature/xor/5/7	REJECTED	6	1
70070464	signature/xor/6/0	REJECTED	6	1
70070464	signature/xor/6/1	REJECTED	6	1
70070464	signature/xor/6/2	REJECTED	6	1
70070464	signature/xor/6/3	REJECTED	6	1
70070464	signature/xor/6/4	REJECTED	6	1
70070464	signature/xor/6/5	REJECTED	6	1
70070464	signature/xor/6/6	REJECTED	6	1
70070464	signature/xor/6/7	REJECTED	6	1
70070464	signature/xor/7/0	REJECTED	6	1
70070464	signature/xor/7/1	REJECTED	6	1
70070464	signature/xor/7/2	REJECTED	6	1
70070464	signature/xor/7/3	REJECTED	6	1
70070464	signature/xor/7/4	REJECTED	6	1
70070464	signature/xor/7/5	REJECTED	6	1
70070464	signature/xor/7/6	REJECTED	6	1
70070464	signature/xor/7/7	REJECTED	6	1
70070464	signature/xor/8/0	REJECTED	6	1
70070464	signature/xor/8/1	REJECTED	6	1
70070464	signature/xor/8/2	REJECTED	6	1
70070464	signature/xor/8/3	REJECTED	6	1
70070464	signature/xor/8/4	REJECTED	6	1
70070464	signature/xor/8/5	REJECTED	6	1
70070464	signature/xor/8/6	REJECTED	6	1
70070464	signature/xor/8/7	REJECTED	6	1
70070464	signature/xor/9/0	REJECTED	6	1
70070464	signature/xor/9/1	REJECTED	6	1
70070464	signature/xor/9/2	REJECTED	6	1
70070464	signature/xor/9/3	REJECTED	6	1
70070464	signature/xor/9/4	REJECTED	6	1
70070464	signature/xor/9/5	REJECTED	6	1
70070464	signature/xor/9/6	REJECTED	6	1
70070464	signature/xor/9/7	REJECTED	6	1
70070464	signature/xor/10/0	REJECTED	6	1
70070464	signature/xor/10/1	REJECTED	6	1
70070464	signature/xor/10/2	REJECTED	6	1
70070464	signature/xor/10/3	REJECTED	6	1
70070464	signature/xor/10/4	REJECTED	6	1
70070464	signature/xor/10/5	REJECTED	6	1
70070464	signature/xor/10/6	REJECTED	6	1
70070464	signature/xor/10/7	REJECTED	6	1
70070464	signature/xor/11/0	REJECTED	6	1
70070464	signature/xor/11/1	REJECTED	6	1
70070464	signature/xor/11/2	REJECTED	6	1
70070464	signature/xor/11/3	REJECTED	6	1
70070464	signature/xor/11/4	REJECTED	6	1
70070464	signature/xor/11/5	REJECTED	6	1
70070464	signature/xor/11/6	REJECTED	6	1
70070464	signature/xor/11/7	REJECTED	6	1
70070464	signature/xor/12/0	REJECTED	6	1
70070464	signature/xor/12/1	REJECTED	6	1
70070464	signature/xor/12/2	REJECTED	6	1
70070464	signature/xor/12/3	REJECTED	6	1
70070464	signature/xor/12/4	REJECTED	6	1
70070464	signature/xor/12/5	REJECTED	6	1
70070464	signature/xor/12/6	REJECTED	6	1
70070464	signature/xor/12/7	REJECTED	6	1
70070464	signature/xor/13/0	REJECTED	6	1
70070464	signature/xor/13/1	REJECTED	6	1
70070464	signature/xor/13/2	REJECTED	6	1
70070464	signature/xor/13/3	REJECTED	6	1
70070464	signature/xor/13/4	REJECTED	6	1
70070464	signature/xor/13/5	REJECTED	6	1
70070464	signature/xor/13/6	REJECTED	6	1
70070464	signature/xor/13/7	REJECTED	6	1
70070464	signature/xor/14/0	REJECTED	6	1
70070464	signature/xor/14/1	REJECTED	6	1
70070464	signature/xor/14/2	REJECTED	6	1
70070464	signature/xor/14/3	REJECTED	6	1
70070464	signature/xor/14/4	REJECTED	6	1
70070464	signature/xor/14/5	REJECTED	6	1
70070464	signature/xor/14/6	REJECTED	6	1
70070464	signature/xor/14/7	REJECTED	6	1
70070464	signature/xor/15/0	REJECTED	6	1
70070464	signature/xor/15/1	REJECTED	6	1
70070464	signature/xor/15/2	REJECTED	6	1
70070464	signature/xor/15/3	REJECTED	6	1
70070464	signature/xor/15/4	REJECTED	6	1
70070464	signature/xor/15/5	REJECTED	6	1
70070464	signature/xor/15/6	REJECTED	6	1
70070464	signature/xor/15/7	REJECTED	6	1
70070464	signature/xor/16/0	REJECTED	6	1
70070464	signature/xor/16/1	REJECTED	6	1
70070464	signature/xor/16/2	REJECTED	6	1
70070464	signature/xor/16/3	REJECTED	6	1
70070464	signature/xor/16/4	REJECTED	6	1
70070464	signature/xor/16/5	REJECTED	6	1
70070464	signature/xor/16/6	REJECTED	6	1
70070464	signature/xor/16/7	REJECTED	6	1
70070464	signature/xor/17/0	REJECTED	6	1
70070464	signature/xor/17/1	REJECTED	6	1
70070464	signature/xor/17/2	REJECTED	6	1
70070464	signature/xor/17/3	REJECTED	6	1
70070464	signature/xor/17/4	REJECTED	6	1
70070464	signature/xor/17/5	REJECTED	6	1
70070464	signature/xor/17/6	REJECTED	6	1
70070464	signature/xor/17/7	REJECTED	6	1
70070464	signature/xor/18/0	REJECTED	6	1
70070464	signature/xor/18/1	REJECTED	6	1
70070464	signature/xor/18/2	REJECTED	6	1
70070464	signature/xor/18/3	REJECTED	6	1
70070464	signature/xor/18/4	REJECTED	6	1
70070464	signature/xor/18/5	REJECTED	6	1
70070464	signature/xor/18/6	REJECTED	6	1
70070464	signature/xor/18/7	REJECTED	6	1
70070464	signature/xor/19/0	REJECTED	6	1
70070464	signature/xor/19/1	REJECTED	6	1
70070464	signature/xor/19/2	REJECTED	6	1
70070464	signature/xor/19/3	REJECTED	6	1
70070464	signature/xor/19/4	REJECTED	6	1
70070464	signature/xor/19/5	REJECTED	6	1
70070464	signature/xor/19/6	REJECTED	6	1
70070464	signature/xor/19/7	REJECTED	6	1
70070464	signature/xor/20/0	REJECTED	6	1
70070464	signature/xor/20/1	REJECTED	6	1
70070464	signature/xor/20/2	REJECTED	6	1
70070464	signature/xor/20/3	REJECTED	6	1
70070464	signature/xor/20/4	REJECTED	6	1
70070464	signature/xor/20/5	REJECTED	6	1
70070464	signature/xor/20/6	REJECTED	6	1
70070464	signature/xor/20/7	REJECTED	6	1
70070464	signature/xor/21/0	REJECTED	6	1
70070464	signature/xor/21/1	REJECTED	6	1
70070464	signature/xor/21/2	REJECTED	6	1
70070464	signature/xor/21/3	REJECTED	6	1
70070464	signature/xor/21/4	REJECTED	6	1
70070464	signature/xor/21/5	REJECTED	6	1
70070464	signature/xor/21/6	REJECTED	6	1
70070464	signature/xor/21/7	REJECTED	6	1
70070464	signature/xor/22/0	REJECTED	6	1
70070464	signature/xor/22/1	REJECTED	6	1
70070464	signature/xor/22/2	REJECTED	6	1
70070464	signature/xor/22/3	REJECTED	6	1
70070464	signature/xor/22/4	REJECTED	6	1
70070464	signature/xor/22/5	REJECTED	6	1
70070464	signature/xor/22/6	REJECTED	6	1
70070464	signature/xor/22/7	REJECTED	6	1
70070464	signature/xor/23/0	REJECTED	6	1
70070464	signature/xor/23/1	REJECTED	6	1
70070464	signature/xor/23/2	REJECTED	6	1
70070464	signature/xor/23/3	REJECTED	6	1
70070464	signature/xor/23/4	REJECTED	6	1
70070464	signature/xor/23/5	REJECTED	6	1
70070464	signature/xor/23/6	REJECTED	6	1
70070464	signature/xor/23/7	REJECTED	6	1
70070464	signature/xor/24/0	REJECTED	6	1
70070464	signature/xor/24/1	REJECTED	6	1
70070464	signature/xor/24/2	REJECTED	6	1
70070464	signature/xor/24/3	REJECTED	6	1
70070464	signature/xor/24/4	REJECTED	6	1
70070464	signature/xor/24/5	REJECTED	6	1
70070464	signature/xor/24/6	REJECTED	6	1
70070464	signature/xor/24/7	REJECTED	6	1
70070464	signature/xor/25/0	REJECTED	6	1
70070464	signature/xor/25/1	REJECTED	6	1
70070464	signature/xor/25/2	REJECTED	6	1
70070464	signature/xor/25/3	REJECTED	6	1
70070464	signature/xor/25/4	REJECTED	6	1
70070464	signature/xor/25/5	REJECTED	6	1
70070464	signature/xor/25/6	REJECTED	6	1
70070464	signature/xor/25/7	REJECTED	6	1
70070464	signature/xor/26/0	REJECTED	6	1
70070464	signature/xor/26/1	REJECTED	6	1
70070464	signature/xor/26/2	REJECTED	6	1
70070464	signature/xor/26/3	REJECTED	6	1
70070464	signature/xor/26/4	REJECTED	6	1
70070464	signature/xor/26/5	REJECTED	6	1
70070464	signature/xor/26/6	REJECTED	6	1
70070464	signature/xor/26/7	REJECTED	6	1
70070464	signature/xor/27/0	REJECTED	6	1
70070464	signature/xor/27/1	REJECTED	6	1
70070464	signature/xor/27/2	REJECTED	6	1
70070464	signature/xor/27/3	REJECTED	6	1
70070464	signature/xor/27/4	REJECTED	6	1
70070464	signature/xor/27/5	REJECTED	6	1
70070464	signature/xor/27/6	REJECTED	6	1
70070464	signature/xor/27/7	REJECTED	6	1
70070464	signature/xor/28/0	REJECTED	6	1
70070464	signature/xor/28/1	REJECTED	6	1
70070464	signature/xor/28/2	REJECTED	6	1
70070464	signature/xor/28/3	REJECTED	6	1
70070464	signature/xor/28/4	REJECTED	6	1
70070464	signature/xor/28/5	REJECTED	6	1
70070464	signature/xor/28/6	REJECTED	6	1
70070464	signature/xor/28/7	REJECTED	6	1
70070464	signature/xor/29/0	REJECTED	6	1
70070464	signature/xor/29/1	REJECTED	6	1
70070464	signature/xor/29/2	REJECTED	6	1
70070464	signature/xor/29/3	REJECTED	6	1
70070464	signature/xor/29/4	REJECTED	6	1
70070464	signature/xor/29/5	REJECTED	6	1
70070464	signature/xor/29/6	REJECTED	6	1
70070464	signature/xor/29/7	REJECTED	6	1
70070464	signature/xor/30/0	REJECTED	6	1
70070464	signature/xor/30/1	REJECTED	6	1
70070464	signature/xor/30/2	REJECTED	6	1
70070464	signature/xor/30/3	REJECTED	6	1
70070464	signature/xor/30/4	REJECTED	6	1
70070464	signature/xor/30/5	REJECTED	6	1
70070464	signature/xor/30/6	REJECTED	6	1
70070464	signature/xor/30/7	REJECTED	6	1
70070464	signature/xor/31/0	REJECTED	6	1
70070464	signature/xor/31/1	REJECTED	6	1
70070464	signature/xor/31/2	REJECTED	6	1
70070464	signature/xor/31/3	REJECTED	6	1
70070464	signature/xor/31/4	REJECTED	6	1
70070464	signature/xor/31/5	REJECTED	6	1
70070464	signature/xor/31/6	REJECTED	6	1
70070464	signature/xor/31/7	REJECTED	6	1
70070464	signature/xor/32/0	REJECTED	6	1
70070464	signature/xor/32/1	REJECTED	6	1
70070464	signature/xor/32/2	REJECTED	6	1
70070464	signature/xor/32/3	REJECTED	6	1
70070464	signature/xor/32/4	REJECTED	6	1
70070464	signature/xor/32/5	REJECTED	6	1
70070464	signature/xor/32/6	REJECTED	6	1
70070464	signature/xor/32/7	REJECTED	6	1
70070464	signature/xor/33/0	REJECTED	6	1
70070464	signature/xor/33/1	REJECTED	6	1
70070464	signature/xor/33/2	REJECTED	6	1
70070464	signature/xor/33/3	REJECTED	6	1
70070464	signature/xor/33/4	REJECTED	6	1
70070464	signature/xor/33/5	REJECTED	6	1
70070464	signature/xor/33/6	REJECTED	6	1
70070464	signature/xor/33/7	REJECTED	6	1
70070464	signature/xor/34/0	REJECTED	6	1
70070464	signature/xor/34/1	REJECTED	6	1
70070464	signature/xor/34/2	REJECTED	6	1
70070464	signature/xor/34/3	REJECTED	6	1
70070464	signature/xor/34/4	REJECTED	6	1
70070464	signature/xor/34/5	REJECTED	6	1
70070464	signature/xor/34/6	REJECTED	6	1
70070464	signature/xor/34/7	REJECTED	6	1
70070464	signature/xor/35/0	REJECTED	6	1
70070464	signature/xor/35/1	REJECTED	6	1
70070464	signature/xor/35/2	REJECTED	6	1
70070464	signature/xor/35/3	REJECTED	6	1
70070464	signature/xor/35/4	REJECTED	6	1
70070464	signature/xor/35/5	REJECTED	6	1
70070464	signature/xor/35/6	REJECTED	6	1
70070464	signature/xor/35/7	REJECTED	6	1
70070464	signature/xor/36/0	REJECTED	6	1
70070464	signature/xor/36/1	REJECTED	6	1
70070464	signature/xor/36/2	REJECTED	6	1
70070464	signature/xor/36/3	REJECTED	6	1
70070464	signature/xor/36/4	REJECTED	6	1
70070464	signature/xor/36/5	REJECTED	6	1
70070464	signature/xor/36/6	REJECTED	6	1
70070464	signature/xor/36/7	REJECTED	6	1
70070464	signature/xor/37/0	REJECTED	6	1
70070464	signature/xor/37/1	REJECTED	6	1
70070464	signature/xor/37/2	REJECTED	6	1
70070464	signature/xor/37/3	REJECTED	6	1
70070464	signature/xor/37/4	REJECTED	6	1
70070464	signature/xor/37/5	REJECTED	6	1
70070464	signature/xor/37/6	REJECTED	6	1
70070464	signature/xor/37/7	REJECTED	6	1
70070464	signature/xor/38/0	REJECTED	6	1
70070464	signature/xor/38/1	REJECTED	6	1
70070464	signature/xor/38/2	REJECTED	6	1
70070464	signature/xor/38/3	REJECTED	6	1
70070464	signature/xor/38/4	REJECTED	6	1
70070464	signature/xor/38/5	REJECTED	6	1
70070464	signature/xor/38/6	REJECTED	6	1
70070464	signature/xor/38/7	REJECTED	6	1
70070464	signature/xor/39/0	REJECTED	6	1
70070464	signature/xor/39/1	REJECTED	6	1
70070464	signature/xor/39/2	REJECTED	6	1
70070464	signature/xor/39/3	REJECTED	6	1
70070464	signature/xor/39/4	REJECTED	6	1
70070464	signature/xor/39/5	REJECTED	6	1
70070464	signature/xor/39/6	REJECTED	6	1
70070464	signature/xor/39/7	REJECTED	6	1
70070464	signature/xor/40/0	REJECTED	6	1
70070464	signature/xor/40/1	REJECTED	6	1
70070464	signature/xor/40/2	REJECTED	6	1
70070464	signature/xor/40/3	REJECTED	6	1
70070464	signature/xor/40/4	REJECTED	6	1
70070464	signature/xor/40/5	REJECTED	6	1
70070464	signature/xor/40/6	REJECTED	6	1
70070464	signature/xor/40/7	REJECTED	6	1
70070464	signature/xor/41/0	REJECTED	6	1
70070464	signature/xor/41/1	REJECTED	6	1
70070464	signature/xor/41/2	REJECTED	6	1
70070464	signature/xor/41/3	REJECTED	6	1
70070464	signature/xor/41/4	REJECTED	6	1
70070464	signature/xor/41/5	REJECTED	6	1
70070464	signature/xor/41/6	REJECTED	6	1
70070464	signature/xor/41/7	REJECTED	6	1
70070464	signature/xor/42/0	REJECTED	6	1
70070464	signature/xor/42/1	REJECTED	6	1
70070464	signature/xor/42/2	REJECTED	6	1
70070464	signature/xor/42/3	REJECTED	6	1
70070464	signature/xor/42/4	REJECTED	6	1
70070464	signature/xor/42/5	REJECTED	6	1
70070464	signature/xor/42/6	REJECTED	6	1
70070464	signature/xor/42/7	REJECTED	6	1
70070464	signature/xor/43/0	REJECTED	6	1
70070464	signature/xor/43/1	REJECTED	6	1
70070464	signature/xor/43/2	REJECTED	6	1
70070464	signature/xor/43/3	REJECTED	6	1
70070464	signature/xor/43/4	REJECTED	6	1
70070464	signature/xor/43/5	REJECTED	6	1
70070464	signature/xor/43/6	REJECTED	6	1
70070464	signature/xor/43/7	REJECTED	6	1
70070464	signature/xor/44/0	REJECTED	6	1
70070464	signature/xor/44/1	REJECTED	6	1
70070464	signature/xor/44/2	REJECTED	6	1
70070464	signature/xor/44/3	REJECTED	6	1
70070464	signature/xor/44/4	REJECTED	6	1
70070464	signature/xor/44/5	REJECTED	6	1
70070464	signature/xor/44/6	REJECTED	6	1
70070464	signature/xor/44/7	REJECTED	6	1
70070464	signature/xor/45/0	REJECTED	6	1
70070464	signature/xor/45/1	REJECTED	6	1
70070464	signature/xor/45/2	REJECTED	6	1
70070464	signature/xor/45/3	REJECTED	6	1
70070464	signature/xor/45/4	REJECTED	6	1
70070464	signature/xor/45/5	REJECTED	6	1
70070464	signature/xor/45/6	REJECTED	6	1
70070464	signature/xor/45/7	REJECTED	6	1
70070464	signature/xor/46/0	REJECTED	6	1
70070464	signature/xor/46/1	REJECTED	6	1
70070464	signature/xor/46/2	REJECTED	6	1
70070464	signature/xor/46/3	REJECTED	6	1
70070464	signature/xor/46/4	REJECTED	6	1
70070464	signature/xor/46/5	REJECTED	6	1
70070464	signature/xor/46/6	REJECTED	6	1
70070464	signature/xor/46/7	REJECTED	6	1
70070464	signature/xor/47/0	REJECTED	6	1
70070464	signature/xor/47/1	REJECTED	6	1
70070464	signature/xor/47/2	REJECTED	6	1
70070464	signature/xor/47/3	REJECTED	6	1
70070464	signature/xor/47/4	REJECTED	6	1
70070464	signature/xor/47/5	REJECTED	6	1
70070464	signature/xor/47/6	REJECTED	6	1
70070464	signature/xor/47/7	REJECTED	6	1
70070464	signature/xor/48/0	REJECTED	6	1
70070464	signature/xor/48/1	REJECTED	6	1
70070464	signature/xor/48/2	REJECTED	6	1
70070464	signature/xor/48/3	REJECTED	6	1
70070464	signature/xor/48/4	REJECTED	6	1
70070464	signature/xor/48/5	REJECTED	6	1
70070464	signature/xor/48/6	REJECTED	6	1
70070464	signature/xor/48/7	REJECTED	6	1
70070464	signature/xor/49/0	REJECTED	6	1
70070464	signature/xor/49/1	REJECTED	6	1
70070464	signature/xor/49/2	REJECTED	6	1
70070464	signature/xor/49/3	REJECTED	6	1
70070464	signature/xor/49/4	REJECTED	6	1
70070464	signature/xor/49/5	REJECTED	6	1
70070464	signature/xor/49/6	REJECTED	6	1
70070464	signature/xor/49/7	REJECTED	6	1
70070464	signature/xor/50/0	REJECTED	6	1
70070464	signature/xor/50/1	REJECTED	6	1
70070464	signature/xor/50/2	REJECTED	6	1
70070464	signature/xor/50/3	REJECTED	6	1
70070464	signature/xor/50/4	REJECTED	6	1
70070464	signature/xor/50/5	REJECTED	6	1
70070464	signature/xor/50/6	REJECTED	6	1
70070464	signature/xor/50/7	REJECTED	6	1
70070464	signature/xor/51/0	REJECTED	6	1
70070464	signature/xor/51/1	REJECTED	6	1
70070464	signature/xor/51/2	REJECTED	6	1
70070464	signature/xor/51/3	REJECTED	6	1
70070464	signature/xor/51/4	REJECTED	6	1
70070464	signature/xor/51/5	REJECTED	6	1
70070464	signature/xor/51/6	REJECTED	6	1
70070464	signature/xor/51/7	REJECTED	6	1
70070464	signature/xor/52/0	REJECTED	6	1
70070464	signature/xor/52/1	REJECTED	6	1
70070464	signature/xor/52/2	REJECTED	6	1
70070464	signature/xor/52/3	REJECTED	6	1
70070464	signature/xor/52/4	REJECTED	6	1
70070464	signature/xor/52/5	REJECTED	6	1
70070464	signature/xor/52/6	REJECTED	6	1
70070464	signature/xor/52/7	REJECTED	6	1
70070464	signature/xor/53/0	REJECTED	6	1
70070464	signature/xor/53/1	REJECTED	6	1
70070464	signature/xor/53/2	REJECTED	6	1
70070464	signature/xor/53/3	REJECTED	6	1
70070464	signature/xor/53/4	REJECTED	6	1
70070464	signature/xor/53/5	REJECTED	6	1
70070464	signature/xor/53/6	REJECTED	6	1
70070464	signature/xor/53/7	REJECTED	6	1
70070464	signature/xor/54/0	REJECTED	6	1
70070464	signature/xor/54/1	REJECTED	6	1
70070464	signature/xor/54/2	REJECTED	6	1
70070464	signature/xor/54/3	REJECTED	6	1
70070464	signature/xor/54/4	REJECTED	6	1
70070464	signature/xor/54/5	REJECTED	6	1
70070464	signature/xor/54/6	REJECTED	6	1
70070464	signature/xor/54/7	REJECTED	6	1
70070464	signature/xor/55/0	REJECTED	6	1
70070464	signature/xor/55/1	REJECTED	6	1
70070464	signature/xor/55/2	REJECTED	6	1
70070464	signature/xor/55/3	REJECTED	6	1
70070464	signature/xor/55/4	REJECTED	6	1
70070464	signature/xor/55/5	REJECTED	6	1
70070464	signature/xor/55/6	REJECTED	6	1
70070464	signature/xor/55/7	REJECTED	6	1
70070464	signature/xor/56/0	REJECTED	6	1
70070464	signature/xor/56/1	REJECTED	6	1
70070464	signature/xor/56/2	REJECTED	6	1
70070464	signature/xor/56/3	REJECTED	6	1
70070464	signature/xor/56/4	REJECTED	6	1
70070464	signature/xor/56/5	REJECTED	6	1
70070464	signature/xor/56/6	REJECTED	6	1
70070464	signature/xor/56/7	REJECTED	6	1
70070464	signature/xor/57/0	REJECTED	6	1
70070464	signature/xor/57/1	REJECTED	6	1
70070464	signature/xor/57/2	REJECTED	6	1
70070464	signature/xor/57/3	REJECTED	6	1
70070464	signature/xor/57/4	REJECTED	6	1
70070464	signature/xor/57/5	REJECTED	6	1
70070464	signature/xor/57/6	REJECTED	6	1
70070464	signature/xor/57/7	REJECTED	6	1
70070464	signature/xor/58/0	REJECTED	6	1
70070464	signature/xor/58/1	REJECTED	6	1
70070464	signature/xor/58/2	REJECTED	6	1
70070464	signature/xor/58/3	REJECTED	6	1
70070464	signature/xor/58/4	REJECTED	6	1
70070464	signature/xor/58/5	REJECTED	6	1
70070464	signature/xor/58/6	REJECTED	6	1
70070464	signature/xor/58/7	REJECTED	6	1
70070464	signature/xor/59/0	REJECTED	6	1
70070464	signature/xor/59/1	REJECTED	6	1
70070464	signature/xor/59/2	REJECTED	6	1
70070464	signature/xor/59/3	REJECTED	6	1
70070464	signature/xor/59/4	REJECTED	6	1
70070464	signature/xor/59/5	REJECTED	6	1
70070464	signature/xor/59/6	REJECTED	6	1
70070464	signature/xor/59/7	REJECTED	6	1
70070464	signature/xor/60/0	REJECTED	6	1
70070464	signature/xor/60/1	REJECTED	6	1
70070464	signature/xor/60/2	REJECTED	6	1
70070464	signature/xor/60/3	REJECTED	6	1
70070464	signature/xor/60/4	REJECTED	6	1
70070464	signature/xor/60/5	REJECTED	6	1
70070464	signature/xor/60/6	REJECTED	6	1
70070464	signature/xor/60/7	REJECTED	6	1
70070464	signature/xor/61/0	REJECTED	6	1
70070464	signature/xor/61/1	REJECTED	6	1
70070464	signature/xor/61/2	REJECTED	6	1
70070464	signature/xor/61/3	REJECTED	6	1
70070464	signature/xor/61/4	REJECTED	6	1
70070464	signature/xor/61/5	REJECTED	6	1
70070464	signature/xor/61/6	REJECTED	6	1
70070464	signature/xor/61/7	REJECTED	6	1
70070464	signature/xor/62/0	REJECTED	6	1
70070464	signature/xor/62/1	REJECTED	6	1
70070464	signature/xor/62/2	REJECTED	6	1
70070464	signature/xor/62/3	REJECTED	6	1
70070464	signature/xor/62/4	REJECTED	6	1
70070464	signature/xor/62/5	REJECTED	6	1
70070464	signature/xor/62/6	REJECTED	6	1
70070464	signature/xor/62/7	REJECTED	6	1
70070464	signature/xor/63/0	REJECTED	6	1
70070464	signature/xor/63/1	REJECTED	6	1
70070464	signature/xor/63/2	REJECTED	6	1
70070464	signature/xor/63/3	REJECTED	6	1
70070464	signature/xor/63/4	REJECTED	6	1
70070464	signature/xor/63/5	REJECTED	6	1
70070464	signature/xor/63/6	REJECTED	6	1
70070464	signature/xor/63/7	REJECTED	6	1
70070464	signature/xor/64/0	REJECTED	6	0
70070464	signature/xor/64/1	REJECTED	6	0
70070464	signature/xor/64/2	REJECTED	6	0
70070464	signature/xor/64/3	REJECTED	6	0
70070464	signature/xor/64/4	REJECTED	6	0
70070464	signature/xor/64/5	REJECTED	6	0
70070464	signature/xor/64/6	REJECTED	6	0
70070464	signature/xor/64/7	REJECTED	6	0
70070464	signature/xor/65/0	REJECTED	6	0
70070464	signature/xor/65/1	REJECTED	6	0
70070464	signature/xor/65/2	REJECTED	6	0
70070464	signature/xor/65/3	REJECTED	6	0
70070464	signature/xor/65/4	REJECTED	6	0
70070464	signature/xor/65/5	REJECTED	6	0
70070464	signature/xor/65/6	REJECTED	6	0
70070464	signature/xor/65/7	REJECTED	6	0
70070464	signature/xor/66/0	REJECTED	6	0
70070464	signature/xor/66/1	REJECTED	6	0
70070464	signature/xor/66/2	REJECTED	6	0
70070464	signature/xor/66/3	REJECTED	6	0
70070464	signature/xor/66/4	REJECTED	6	0
70070464	signature/xor/66/5	REJECTED	6	0
70070464	signature/xor/66/6	REJECTED	6	0
70070464	signature/xor/66/7	REJECTED	6	0
70070464	signature/xor/67/0	REJECTED	6	0
70070464	signature/xor/67/1	REJECTED	6	0
70070464	signature/xor/67/2	REJECTED	6	0
70070464	signature/xor/67/3	REJECTED	6	0
70070464	signature/xor/67/4	REJECTED	6	0
70070464	signature/xor/67/5	REJECTED	6	0
70070464	signature/xor/67/6	REJECTED	6	0
70070464	signature/xor/67/7	REJECTED	6	0
70070464	signature/xor/68/0	REJECTED	6	0
70070464	signature/xor/68/1	REJECTED	6	0
70070464	signature/xor/68/2	REJECTED	6	0
70070464	signature/xor/68/3	REJECTED	6	0
70070464	signature/xor/68/4	REJECTED	6	0
70070464	signature/xor/68/5	REJECTED	6	0
70070464	signature/xor/68/6	REJECTED	6	0
70070464	signature/xor/68/7	REJECTED	6	0
70070464	signature/xor/69/0	REJECTED	6	0
70070464	signature/xor/69/1	REJECTED	6	0
70070464	signature/xor/69/2	REJECTED	6	0
70070464	signature/xor/69/3	REJECTED	6	0
70070464	signature/xor/69/4	REJECTED	6	0
70070464	signature/xor/69/5	REJECTED	6	0
70070464	signature/xor/69/6	REJECTED	6	0
70070464	signature/xor/69/7	REJECTED	6	0
70070464	signature/xor/70/0	REJECTED	6	0
70070464	signature/xor/70/1	REJECTED	6	0
70070464	signature/xor/70/2	REJECTED	6	0
70070464	signature/xor/70/3	REJECTED	6	0
70070464	signature/xor/70/4	REJECTED	6	0
70070464	signature/xor/70/5	REJECTED	6	0
70070464	signature/xor/70/6	REJECTED	6	0
70070464	signature/xor/70/7	REJECTED	6	0
70070464	signature/xor/71/0	REJECTED	6	0
70070464	signature/xor/71/1	REJECTED	6	0
70070464	signature/xor/71/2	REJECTED	6	0
70070464	signature/xor/71/3	REJECTED	6	0
70070464	signature/xor/71/4	REJECTED	6	0
70070464	signature/xor/71/5	REJECTED	6	0
70070464	signature/xor/71/6	REJECTED	6	0
70070464	signature/xor/71/7	REJECTED	6	0
70070464	signature/xor/72/0	REJECTED	6	0
70070464	signature/xor/72/1	REJECTED	6	0
70070464	signature/xor/72/2	REJECTED	6	0
70070464	signature/xor/72/3	REJECTED	6	0
70070464	signature/xor/72/4	REJECTED	6	0
70070464	signature/xor/72/5	REJECTED	6	0
70070464	signature/xor/72/6	REJECTED	6	0
70070464	signature/xor/72/7	REJECTED	6	0
70070464	signature/xor/73/0	REJECTED	6	0
70070464	signature/xor/73/1	REJECTED	6	0
70070464	signature/xor/73/2	REJECTED	6	0
70070464	signature/xor/73/3	REJECTED	6	0
70070464	signature/xor/73/4	REJECTED	6	0
70070464	signature/xor/73/5	REJECTED	6	0
70070464	signature/xor/73/6	REJECTED	6	0
70070464	signature/xor/73/7	REJECTED	6	0
70070464	signature/xor/74/0	REJECTED	6	0
70070464	signature/xor/74/1	REJECTED	6	0
70070464	signature/xor/74/2	REJECTED	6	0
70070464	signature/xor/74/3	REJECTED	6	0
70070464	signature/xor/74/4	REJECTED	6	0
70070464	signature/xor/74/5	REJECTED	6	0
70070464	signature/xor/74/6	REJECTED	6	0
70070464	signature/xor/74/7	REJECTED	6	0
70070464	signature/xor/75/0	REJECTED	6	0
70070464	signature/xor/75/1	REJECTED	6	0
70070464	signature/xor/75/2	REJECTED	6	0
70070464	signature/xor/75/3	REJECTED	6	0
70070464	signature/xor/75/4	REJECTED	6	0
70070464	signature/xor/75/5	REJECTED	6	0
70070464	signature/xor/75/6	REJECTED	6	0
70070464	signature/xor/75/7	REJECTED	6	0
70070464	signature/xor/76/0	REJECTED	6	0
70070464	signature/xor/76/1	REJECTED	6	0
70070464	signature/xor/76/2	REJECTED	6	0
70070464	signature/xor/76/3	REJECTED	6	0
70070464	signature/xor/76/4	REJECTED	6	0
70070464	signature/xor/76/5	REJECTED	6	0
70070464	signature/xor/76/6	REJECTED	6	0
70070464	signature/xor/76/7	REJECTED	6	0
70070464	signature/xor/77/0	REJECTED	6	0
70070464	signature/xor/77/1	REJECTED	6	0
70070464	signature/xor/77/2	REJECTED	6	0
70070464	signature/xor/77/3	REJECTED	6	0
70070464	signature/xor/77/4	REJECTED	6	0
70070464	signature/xor/77/5	REJECTED	6	0
70070464	signature/xor/77/6	REJECTED	6	0
70070464	signature/xor/77/7	REJECTED	6	0
70070464	signature/xor/78/0	REJECTED	6	0
70070464	signature/xor/78/1	REJECTED	6	0
70070464	signature/xor/78/2	REJECTED	6	0
70070464	signature/xor/78/3	REJECTED	6	0
70070464	signature/xor/78/4	REJECTED	6	0
70070464	signature/xor/78/5	REJECTED	6	0
70070464	signature/xor/78/6	REJECTED	6	0
70070464	signature/xor/78/7	REJECTED	6	0
70070464	signature/xor/79/0	REJECTED	6	0
70070464	signature/xor/79/1	REJECTED	6	0
70070464	signature/xor/79/2	REJECTED	6	0
70070464	signature/xor/79/3	REJECTED	6	0
70070464	signature/xor/79/4	REJECTED	6	0
70070464	signature/xor/79/5	REJECTED	6	0
70070464	signature/xor/79/6	REJECTED	6	0
70070464	signature/xor/79/7	REJECTED	6	0
70070464	signature/xor/80/0	REJECTED	6	0
70070464	signature/xor/80/1	REJECTED	6	0
70070464	signature/xor/80/2	REJECTED	6	0
70070464	signature/xor/80/3	REJECTED	6	0
70070464	signature/xor/80/4	REJECTED	6	0
70070464	signature/xor/80/5	REJECTED	6	0
70070464	signature/xor/80/6	REJECTED	6	0
70070464	signature/xor/80/7	REJECTED	6	0
70070464	signature/xor/81/0	REJECTED	6	0
70070464	signature/xor/81/1	REJECTED	6	0
70070464	signature/xor/81/2	REJECTED	6	0
70070464	signature/xor/81/3	REJECTED	6	0
70070464	signature/xor/81/4	REJECTED	6	0
70070464	signature/xor/81/5	REJECTED	6	0
70070464	signature/xor/81/6	REJECTED	6	0
70070464	signature/xor/81/7	REJECTED	6	0
70070464	signature/xor/82/0	REJECTED	6	0
70070464	signature/xor/82/1	REJECTED	6	0
70070464	signature/xor/82/2	REJECTED	6	0
70070464	signature/xor/82/3	REJECTED	6	0
70070464	signature/xor/82/4	REJECTED	6	0
70070464	signature/xor/82/5	REJECTED	6	0
70070464	signature/xor/82/6	REJECTED	6	0
70070464	signature/xor/82/7	REJECTED	6	0
70070464	signature/xor/83/0	REJECTED	6	0
70070464	signature/xor/83/1	REJECTED	6	0
70070464	signature/xor/83/2	REJECTED	6	0
70070464	signature/xor/83/3	REJECTED	6	0
70070464	signature/xor/83/4	REJECTED	6	0
70070464	signature/xor/83/5	REJECTED	6	0
70070464	signature/xor/83/6	REJECTED	6	0
70070464	signature/xor/83/7	REJECTED	6	0
70070464	signature/xor/84/0	REJECTED	6	0
70070464	signature/xor/84/1	REJECTED	6	0
70070464	signature/xor/84/2	REJECTED	6	0
70070464	signature/xor/84/3	REJECTED	6	0
70070464	signature/xor/84/4	REJECTED	6	0
70070464	signature/xor/84/5	REJECTED	6	0
70070464	signature/xor/84/6	REJECTED	6	0
70070464	signature/xor/84/7	REJECTED	6	0
70070464	signature/xor/85/0	REJECTED	6	0
70070464	signature/xor/85/1	REJECTED	6	0
70070464	signature/xor/85/2	REJECTED	6	0
70070464	signature/xor/85/3	REJECTED	6	0
70070464	signature/xor/85/4	REJECTED	6	0
70070464	signature/xor/85/5	REJECTED	6	0
70070464	signature/xor/85/6	REJECTED	6	0
70070464	signature/xor/85/7	REJECTED	6	0
70070464	signature/xor/86/0	REJECTED	6	0
70070464	signature/xor/86/1	REJECTED	6	0
70070464	signature/xor/86/2	REJECTED	6	0
70070464	signature/xor/86/3	REJECTED	6	0
70070464	signature/xor/86/4	REJECTED	6	0
70070464	signature/xor/86/5	REJECTED	6	0
70070464	signature/xor/86/6	REJECTED	6	0
70070464	signature/xor/86/7	REJECTED	6	0
70070464	signature/xor/87/0	REJECTED	6	0
70070464	signature/xor/87/1	REJECTED	6	0
70070464	signature/xor/87/2	REJECTED	6	0
70070464	signature/xor/87/3	REJECTED	6	0
70070464	signature/xor/87/4	REJECTED	6	0
70070464	signature/xor/87/5	REJECTED	6	0
70070464	signature/xor/87/6	REJECTED	6	0
70070464	signature/xor/87/7	REJECTED	6	0
70070464	signature/xor/88/0	REJECTED	6	0
70070464	signature/xor/88/1	REJECTED	6	0
70070464	signature/xor/88/2	REJECTED	6	0
70070464	signature/xor/88/3	REJECTED	6	0
70070464	signature/xor/88/4	REJECTED	6	0
70070464	signature/xor/88/5	REJECTED	6	0
70070464	signature/xor/88/6	REJECTED	6	0
70070464	signature/xor/88/7	REJECTED	6	0
70070464	signature/xor/89/0	REJECTED	6	0
70070464	signature/xor/89/1	REJECTED	6	0
70070464	signature/xor/89/2	REJECTED	6	0
70070464	signature/xor/89/3	REJECTED	6	0
70070464	signature/xor/89/4	REJECTED	6	0
70070464	signature/xor/89/5	REJECTED	6	0
70070464	signature/xor/89/6	REJECTED	6	0
70070464	signature/xor/89/7	REJECTED	6	0
70070464	signature/xor/90/0	REJECTED	6	0
70070464	signature/xor/90/1	REJECTED	6	0
70070464	signature/xor/90/2	REJECTED	6	0
70070464	signature/xor/90/3	REJECTED	6	0
70070464	signature/xor/90/4	REJECTED	6	0
70070464	signature/xor/90/5	REJECTED	6	0
70070464	signature/xor/90/6	REJECTED	6	0
70070464	signature/xor/90/7	REJECTED	6	0
70070464	signature/xor/91/0	REJECTED	6	0
70070464	signature/xor/91/1	REJECTED	6	0
70070464	signature/xor/91/2	REJECTED	6	0
70070464	signature/xor/91/3	REJECTED	6	0
70070464	signature/xor/91/4	REJECTED	6	0
70070464	signature/xor/91/5	REJECTED	6	0
70070464	signature/xor/91/6	REJECTED	6	0
70070464	signature/xor/91/7	REJECTED	6	0
70070464	signature/xor/92/0	REJECTED	6	0
70070464	signature/xor/92/1	REJECTED	6	0
70070464	signature/xor/92/2	REJECTED	6	0
70070464	signature/xor/92/3	REJECTED	6	0
70070464	signature/xor/92/4	REJECTED	6	0
70070464	signature/xor/92/5	REJECTED	6	0
70070464	signature/xor/92/6	REJECTED	6	0
70070464	signature/xor/92/7	REJECTED	6	0
70070464	signature/xor/93/0	REJECTED	6	0
70070464	signature/xor/93/1	REJECTED	6	0
70070464	signature/xor/93/2	REJECTED	6	0
70070464	signature/xor/93/3	REJECTED	6	0
70070464	signature/xor/93/4	REJECTED	6	0
70070464	signature/xor/93/5	REJECTED	6	0
70070464	signature/xor/93/6	REJECTED	6	0
70070464	signature/xor/93/7	REJECTED	6	0
70070464	signature/xor/94/0	REJECTED	6	0
70070464	signature/xor/94/1	REJECTED	6	0
70070464	signature/xor/94/2	REJECTED	6	0
70070464	signature/xor/94/3	REJECTED	6	0
70070464	signature/xor/94/4	REJECTED	6	0
70070464	signature/xor/94/5	REJECTED	6	0
70070464	signature/xor/94/6	REJECTED	6	0
70070464	signature/xor/94/7	REJECTED	6	0
70070464	signature/xor/95/0	REJECTED	6	0
70070464	signature/xor/95/1	REJECTED	6	0
70070464	signature/xor/95/2	REJECTED	6	0
70070464	signature/xor/95/3	REJECTED	6	0
70070464	signature/xor/95/4	REJECTED	6	0
70070464	signature/xor/95/5	REJECTED	6	0
70070464	signature/xor/95/6	REJECTED	6	0
70070464	signature/xor/95/7	REJECTED	6	0
70070464	signature/xor/96/0	REJECTED	6	0
70070464	signature/xor/96/1	REJECTED	6	0
70070464	signature/xor/96/2	REJECTED	6	0
70070464	signature/xor/96/3	REJECTED	6	0
70070464	signature/xor/96/4	REJECTED	6	0
70070464	signature/xor/96/5	REJECTED	6	0
70070464	signature/xor/96/6	REJECTED	6	0
70070464	signature/xor/96/7	REJECTED	6	0
70070464	signature/xor/97/0	REJECTED	6	0
70070464	signature/xor/97/1	REJECTED	6	0
70070464	signature/xor/97/2	REJECTED	6	0
70070464	signature/xor/97/3	REJECTED	6	0
70070464	signature/xor/97/4	REJECTED	6	0
70070464	signature/xor/97/5	REJECTED	6	0
70070464	signature/xor/97/6	REJECTED	6	0
70070464	signature/xor/97/7	REJECTED	6	0
70070464	signature/xor/98/0	REJECTED	6	0
70070464	signature/xor/98/1	REJECTED	6	0
70070464	signature/xor/98/2	REJECTED	6	0
70070464	signature/xor/98/3	REJECTED	6	0
70070464	signature/xor/98/4	REJECTED	6	0
70070464	signature/xor/98/5	REJECTED	6	0
70070464	signature/xor/98/6	REJECTED	6	0
70070464	signature/xor/98/7	REJECTED	6	0
70070464	signature/xor/99/0	REJECTED	6	0
70070464	signature/xor/99/1	REJECTED	6	0
70070464	signature/xor/99/2	REJECTED	6	0
70070464	signature/xor/99/3	REJECTED	6	0
70070464	signature/xor/99/4	REJECTED	6	0
70070464	signature/xor/99/5	REJECTED	6	0
70070464	signature/xor/99/6	REJECTED	6	0
70070464	signature/xor/99/7	REJECTED	6	0
70070464	signature/xor/100/0	REJECTED	6	0
70070464	signature/xor/100/1	REJECTED	6	0
70070464	signature/xor/100/2	REJECTED	6	0
70070464	signature/xor/100/3	REJECTED	6	0
70070464	signature/xor/100/4	REJECTED	6	0
70070464	signature/xor/100/5	REJECTED	6	0
70070464	signature/xor/100/6	REJECTED	6	0
70070464	signature/xor/100/7	REJECTED	6	0
70070464	signature/xor/101/0	REJECTED	6	0
70070464	signature/xor/101/1	REJECTED	6	0
70070464	signature/xor/101/2	REJECTED	6	0
70070464	signature/xor/101/3	REJECTED	6	0
70070464	signature/xor/101/4	REJECTED	6	0
70070464	signature/xor/101/5	REJECTED	6	0
70070464	signature/xor/101/6	REJECTED	6	0
70070464	signature/xor/101/7	REJECTED	6	0
70070464	signature/xor/102/0	REJECTED	6	0
70070464	signature/xor/102/1	REJECTED	6	0
70070464	signature/xor/102/2	REJECTED	6	0
70070464	signature/xor/102/3	REJECTED	6	0
70070464	signature/xor/102/4	REJECTED	6	0
70070464	signature/xor/102/5	REJECTED	6	0
70070464	signature/xor/102/6	REJECTED	6	0
70070464	signature/xor/102/7	REJECTED	6	0
70070464	signature/xor/103/0	REJECTED	6	0
70070464	signature/xor/103/1	REJECTED	6	0
70070464	signature/xor/103/2	REJECTED	6	0
70070464	signature/xor/103/3	REJECTED	6	0
70070464	signature/xor/103/4	REJECTED	6	0
70070464	signature/xor/103/5	REJECTED	6	0
70070464	signature/xor/103/6	REJECTED	6	0
70070464	signature/xor/103/7	REJECTED	6	0
70070464	signature/xor/104/0	REJECTED	6	0
70070464	signature/xor/104/1	REJECTED	6	0
70070464	signature/xor/104/2	REJECTED	6	0
70070464	signature/xor/104/3	REJECTED	6	0
70070464	signature/xor/104/4	REJECTED	6	0
70070464	signature/xor/104/5	REJECTED	6	0
70070464	signature/xor/104/6	REJECTED	6	0
70070464	signature/xor/104/7	REJECTED	6	0
70070464	signature/xor/105/0	REJECTED	6	0
70070464	signature/xor/105/1	REJECTED	6	0
70070464	signature/xor/105/2	REJECTED	6	0
70070464	signature/xor/105/3	REJECTED	6	0
70070464	signature/xor/105/4	REJECTED	6	0
70070464	signature/xor/105/5	REJECTED	6	0
70070464	signature/xor/105/6	REJECTED	6	0
70070464	signature/xor/105/7	REJECTED	6	0
70070464	signature/xor/106/0	REJECTED	6	0
70070464	signature/xor/106/1	REJECTED	6	0
70070464	signature/xor/106/2	REJECTED	6	0
70070464	signature/xor/106/3	REJECTED	6	0
70070464	signature/xor/106/4	REJECTED	6	0
70070464	signature/xor/106/5	REJECTED	6	0
70070464	signature/xor/106/6	REJECTED	6	0
70070464	signature/xor/106/7	REJECTED	6	0
70070464	signature/xor/107/0	REJECTED	6	0
70070464	signature/xor/107/1	REJECTED	6	0
70070464	signature/xor/107/2	REJECTED	6	0
70070464	signature/xor/107/3	REJECTED	6	0
70070464	signature/xor/107/4	REJECTED	6	0
70070464	signature/xor/107/5	REJECTED	6	0
70070464	signature/xor/107/6	REJECTED	6	0
70070464	signature/xor/107/7	REJECTED	6	0
70070464	signature/xor/108/0	REJECTED	6	0
70070464	signature/xor/108/1	REJECTED	6	0
70070464	signature/xor/108/2	REJECTED	6	0
70070464	signature/xor/108/3	REJECTED	6	0
70070464	signature/xor/108/4	REJECTED	6	0
70070464	signature/xor/108/5	REJECTED	6	0
70070464	signature/xor/108/6	REJECTED	6	0
70070464	signature/xor/108/7	REJECTED	6	0
70070464	signature/xor/109/0	REJECTED	6	0
70070464	signature/xor/109/1	REJECTED	6	0
70070464	signature/xor/109/2	REJECTED	6	0
70070464	signature/xor/109/3	REJECTED	6	0
70070464	signature/xor/109/4	REJECTED	6	0
70070464	signature/xor/109/5	REJECTED	6	0
70070464	signature/xor/109/6	REJECTED	6	0
70070464	signature/xor/109/7	REJECTED	6	0
70070464	signature/xor/110/0	REJECTED	6	0
70070464	signature/xor/110/1	REJECTED	6	0
70070464	signature/xor/110/2	REJECTED	6	0
70070464	signature/xor/110/3	REJECTED	6	0
70070464	signature/xor/110/4	REJECTED	6	0
70070464	signature/xor/110/5	REJECTED	6	0
70070464	signature/xor/110/6	REJECTED	6	0
70070464	signature/xor/110/7	REJECTED	6	0
70070464	signature/xor/111/0	REJECTED	6	0
70070464	signature/xor/111/1	REJECTED	6	0
70070464	signature/xor/111/2	REJECTED	6	0
70070464	signature/xor/111/3	REJECTED	6	0
70070464	signature/xor/111/4	REJECTED	6	0
70070464	signature/xor/111/5	REJECTED	6	0
70070464	signature/xor/111/6	REJECTED	6	0
70070464	signature/xor/111/7	REJECTED	6	0
70070464	signature/xor/112/0	REJECTED	6	0
70070464	signature/xor/112/1	REJECTED	6	0
70070464	signature/xor/112/2	REJECTED	6	0
70070464	signature/xor/112/3	REJECTED	6	0
70070464	signature/xor/112/4	REJECTED	6	0
70070464	signature/xor/112/5	REJECTED	6	0
70070464	signature/xor/112/6	REJECTED	6	0
70070464	signature/xor/112/7	REJECTED	6	0
70070464	signature/xor/113/0	REJECTED	6	0
70070464	signature/xor/113/1	REJECTED	6	0
70070464	signature/xor/113/2	REJECTED	6	0
70070464	signature/xor/113/3	REJECTED	6	0
70070464	signature/xor/113/4	REJECTED	6	0
70070464	signature/xor/113/5	REJECTED	6	0
70070464	signature/xor/113/6	REJECTED	6	0
70070464	signature/xor/113/7	REJECTED	6	0
70070464	signature/xor/114/0	REJECTED	6	0
70070464	signature/xor/114/1	REJECTED	6	0
70070464	signature/xor/114/2	REJECTED	6	0
70070464	signature/xor/114/3	REJECTED	6	0
70070464	signature/xor/114/4	REJECTED	6	0
70070464	signature/xor/114/5	REJECTED	6	0
70070464	signature/xor/114/6	REJECTED	6	0
70070464	signature/xor/114/7	REJECTED	6	0
70070464	signature/xor/115/0	REJECTED	6	0
70070464	signature/xor/115/1	REJECTED	6	0
70070464	signature/xor/115/2	REJECTED	6	0
70070464	signature/xor/115/3	REJECTED	6	0
70070464	signature/xor/115/4	REJECTED	6	0
70070464	signature/xor/115/5	REJECTED	6	0
70070464	signature/xor/115/6	REJECTED	6	0
70070464	signature/xor/115/7	REJECTED	6	0
70070464	signature/xor/116/0	REJECTED	6	0
70070464	signature/xor/116/1	REJECTED	6	0
70070464	signature/xor/116/2	REJECTED	6	0
70070464	signature/xor/116/3	REJECTED	6	0
70070464	signature/xor/116/4	REJECTED	6	0
70070464	signature/xor/116/5	REJECTED	6	0
70070464	signature/xor/116/6	REJECTED	6	0
70070464	signature/xor/116/7	REJECTED	6	0
70070464	signature/xor/117/0	REJECTED	6	0
70070464	signature/xor/117/1	REJECTED	6	0
70070464	signature/xor/117/2	REJECTED	6	0
70070464	signature/xor/117/3	REJECTED	6	0
70070464	signature/xor/117/4	REJECTED	6	0
70070464	signature/xor/117/5	REJECTED	6	0
70070464	signature/xor/117/6	REJECTED	6	0
70070464	signature/xor/117/7	REJECTED	6	0
70070464	signature/xor/118/0	REJECTED	6	0
70070464	signature/xor/118/1	REJECTED	6	0
70070464	signature/xor/118/2	REJECTED	6	0
70070464	signature/xor/118/3	REJECTED	6	0
70070464	signature/xor/118/4	REJECTED	6	0
70070464	signature/xor/118/5	REJECTED	6	0
70070464	signature/xor/118/6	REJECTED	6	0
70070464	signature/xor/118/7	REJECTED	6	0
70070464	signature/xor/119/0	REJECTED	6	0
70070464	signature/xor/119/1	REJECTED	6	0
70070464	signature/xor/119/2	REJECTED	6	0
70070464	signature/xor/119/3	REJECTED	6	0
70070464	signature/xor/119/4	REJECTED	6	0
70070464	signature/xor/119/5	REJECTED	6	0
70070464	signature/xor/119/6	REJECTED	6	0
70070464	signature/xor/119/7	REJECTED	6	0
70070464	signature/xor/120/0	REJECTED	6	0
70070464	signature/xor/120/1	REJECTED	6	0
70070464	signature/xor/120/2	REJECTED	6	0
70070464	signature/xor/120/3	REJECTED	6	0
70070464	signature/xor/120/4	REJECTED	6	0
70070464	signature/xor/120/5	REJECTED	6	0
70070464	signature/xor/120/6	REJECTED	6	0
70070464	signature/xor/120/7	REJECTED	6	0
70070464	signature/xor/121/0	REJECTED	6	0
70070464	signature/xor/121/1	REJECTED	6	0
70070464	signature/xor/121/2	REJECTED	6	0
70070464	signature/xor/121/3	REJECTED	6	0
70070464	signature/xor/121/4	REJECTED	6	0
70070464	signature/xor/121/5	REJECTED	6	0
70070464	signature/xor/121/6	REJECTED	6	0
70070464	signature/xor/121/7	REJECTED	6	0
70070464	signature/xor/122/0	REJECTED	6	0
70070464	signature/xor/122/1	REJECTED	6	0
70070464	signature/xor/122/2	REJECTED	6	0
70070464	signature/xor/122/3	REJECTED	6	0
70070464	signature/xor/122/4	REJECTED	6	0
70070464	signature/xor/122/5	REJECTED	6	0
70070464	signature/xor/122/6	REJECTED	6	0
70070464	signature/xor/122/7	REJECTED	6	0
70070464	signature/xor/123/0	REJECTED	6	0
70070464	signature/xor/123/1	REJECTED	6	0
70070464	signature/xor/123/2	REJECTED	6	0
70070464	signature/xor/123/3	REJECTED	6	0
70070464	signature/xor/123/4	REJECTED	6	0
70070464	signature/xor/123/5	REJECTED	6	0
70070464	signature/xor/123/6	REJECTED	6	0
70070464	signature/xor/123/7	REJECTED	6	0
70070464	signature/xor/124/0	REJECTED	6	0
70070464	signature/xor/124/1	REJECTED	6	0
70070464	signature/xor/124/2	REJECTED	6	0
70070464	signature/xor/124/3	REJECTED	6	0
70070464	signature/xor/124/4	REJECTED	6	0
70070464	signature/xor/124/5	REJECTED	6	0
70070464	signature/xor/124/6	REJECTED	6	0
70070464	signature/xor/124/7	REJECTED	6	0
70070464	signature/xor/125/0	REJECTED	6	0
70070464	signature/xor/125/1	REJECTED	6	0
70070464	signature/xor/125/2	REJECTED	6	0
70070464	signature/xor/125/3	REJECTED	6	0
70070464	signature/xor/125/4	REJECTED	6	0
70070464	signature/xor/125/5	REJECTED	6	0
70070464	signature/xor/125/6	REJECTED	6	0
70070464	signature/xor/125/7	REJECTED	6	0
70070464	signature/xor/126/0	REJECTED	6	0
70070464	signature/xor/126/1	REJECTED	6	0
70070464	signature/xor/126/2	REJECTED	6	0
70070464	signature/xor/126/3	REJECTED	6	0
70070464	signature/xor/126/4	REJECTED	6	0
70070464	signature/xor/126/5	REJECTED	6	0
70070464	signature/xor/126/6	REJECTED	6	0
70070464	signature/xor/126/7	REJECTED	6	0
70070464	signature/xor/127/0	REJECTED	6	0
70070464	signature/xor/127/1	REJECTED	6	0
70070464	signature/xor/127/2	REJECTED	6	0
70070464	signature/xor/127/3	REJECTED	6	0
70070464	signature/xor/127/4	REJECTED	6	0
70070464	signature/xor/127/5	REJECTED	6	0
70070464	signature/xor/127/6	REJECTED	6	0
70070464	signature/xor/127/7	REJECTED	6	0
70070464	signature/xor/128/0	REJECTED	5	0
70070464	signature/xor/128/1	REJECTED	5	0
70070464	signature/xor/128/2	REJECTED	5	0
70070464	signature/xor/128/3	REJECTED	5	0
70070464	signature/xor/128/4	REJECTED	5	0
70070464	signature/xor/128/5	REJECTED	5	0
70070464	signature/xor/128/6	REJECTED	5	0
70070464	signature/xor/128/7	REJECTED	5	0
70070464	signature/xor/129/0	REJECTED	5	0
70070464	signature/xor/129/1	REJECTED	5	0
70070464	signature/xor/129/2	REJECTED	5	0
70070464	signature/xor/129/3	REJECTED	5	0
70070464	signature/xor/129/4	REJECTED	5	0
70070464	signature/xor/129/5	REJECTED	5	0
70070464	signature/xor/129/6	REJECTED	5	0
70070464	signature/xor/129/7	REJECTED	5	0
70070464	signature/xor/130/0	REJECTED	5	0
70070464	signature/xor/130/1	REJECTED	5	0
70070464	signature/xor/130/2	REJECTED	5	0
70070464	signature/xor/130/3	REJECTED	5	0
70070464	signature/xor/130/4	REJECTED	5	0
70070464	signature/xor/130/5	REJECTED	5	0
70070464	signature/xor/130/6	REJECTED	5	0
70070464	signature/xor/130/7	REJECTED	5	0
70070464	signature/xor/131/0	REJECTED	5	0
70070464	signature/xor/131/1	REJECTED	5	0
70070464	signature/xor/131/2	REJECTED	5	0
70070464	signature/xor/131/3	REJECTED	5	0
70070464	signature/xor/131/4	REJECTED	5	0
70070464	signature/xor/131/5	REJECTED	5	0
70070464	signature/xor/131/6	REJECTED	5	0
70070464	signature/xor/131/7	REJECTED	5	0
70070464	signature/xor/132/0	REJECTED	5	0
70070464	signature/xor/132/1	REJECTED	5	0
70070464	signature/xor/132/2	REJECTED	5	0
70070464	signature/xor/132/3	REJECTED	5	0
70070464	signature/xor/132/4	REJECTED	5	0
70070464	signature/xor/132/5	REJECTED	5	0
70070464	signature/xor/132/6	REJECTED	5	0
70070464	signature/xor/132/7	REJECTED	5	0
70070464	signature/xor/133/0	REJECTED	5	0
70070464	signature/xor/133/1	REJECTED	5	0
70070464	signature/xor/133/2	REJECTED	5	0
70070464	signature/xor/133/3	REJECTED	5	0
70070464	signature/xor/133/4	REJECTED	5	0
70070464	signature/xor/133/5	REJECTED	5	0
70070464	signature/xor/133/6	REJECTED	5	0
70070464	signature/xor/133/7	REJECTED	5	0
70070464	signature/xor/134/0	REJECTED	5	0
70070464	signature/xor/134/1	REJECTED	5	0
70070464	signature/xor/134/2	REJECTED	5	0
70070464	signature/xor/134/3	REJECTED	5	0
70070464	signature/xor/134/4	REJECTED	5	0
70070464	signature/xor/134/5	REJECTED	5	0
70070464	signature/xor/134/6	REJECTED	5	0
70070464	signature/xor/134/7	REJECTED	5	0
70070464	signature/xor/135/0	REJECTED	5	0
70070464	signature/xor/135/1	REJECTED	5	0
70070464	signature/xor/135/2	REJECTED	5	0
70070464	signature/xor/135/3	REJECTED	5	0
70070464	signature/xor/135/4	REJECTED	5	0
70070464	signature/xor/135/5	REJECTED	5	0
70070464	signature/xor/135/6	REJECTED	5	0
70070464	signature/xor/135/7	REJECTED	5	0
70070464	signature/xor/136/0	REJECTED	5	0
70070464	signature/xor/136/1	REJECTED	5	0
70070464	signature/xor/136/2	REJECTED	5	0
70070464	signature/xor/136/3	REJECTED	5	0
70070464	signature/xor/136/4	REJECTED	5	0
70070464	signature/xor/136/5	REJECTED	5	0
70070464	signature/xor/136/6	REJECTED	5	0
70070464	signature/xor/136/7	REJECTED	5	0
70070464	signature/xor/137/0	REJECTED	5	0
70070464	signature/xor/137/1	REJECTED	5	0
70070464	signature/xor/137/2	REJECTED	5	0
70070464	signature/xor/137/3	REJECTED	5	0
70070464	signature/xor/137/4	REJECTED	5	0
70070464	signature/xor/137/5	REJECTED	5	0
70070464	signature/xor/137/6	REJECTED	5	0
70070464	signature/xor/137/7	REJECTED	5	0
70070464	signature/xor/138/0	REJECTED	5	0
70070464	signature/xor/138/1	REJECTED	5	0
70070464	signature/xor/138/2	REJECTED	5	0
70070464	signature/xor/138/3	REJECTED	5	0
70070464	signature/xor/138/4	REJECTED	5	0
70070464	signature/xor/138/5	REJECTED	5	0
70070464	signature/xor/138/6	REJECTED	5	0
70070464	signature/xor/138/7	REJECTED	5	0
70070464	signature/xor/139/0	REJECTED	5	0
70070464	signature/xor/139/1	REJECTED	5	0
70070464	signature/xor/139/2	REJECTED	5	0
70070464	signature/xor/139/3	REJECTED	5	0
70070464	signature/xor/139/4	REJECTED	5	0
70070464	signature/xor/139/5	REJECTED	5	0
70070464	signature/xor/139/6	REJECTED	5	0
70070464	signature/xor/139/7	REJECTED	5	0
70070464	signature/xor/140/0	REJECTED	5	0
70070464	signature/xor/140/1	REJECTED	5	0
70070464	signature/xor/140/2	REJECTED	5	0
70070464	signature/xor/140/3	REJECTED	5	0
70070464	signature/xor/140/4	REJECTED	5	0
70070464	signature/xor/140/5	REJECTED	5	0
70070464	signature/xor/140/6	REJECTED	5	0
70070464	signature/xor/140/7	REJECTED	5	0
70070464	signature/xor/141/0	REJECTED	5	0
70070464	signature/xor/141/1	REJECTED	5	0
70070464	signature/xor/141/2	REJECTED	5	0
70070464	signature/xor/141/3	REJECTED	5	0
70070464	signature/xor/141/4	REJECTED	5	0
70070464	signature/xor/141/5	REJECTED	5	0
70070464	signature/xor/141/6	REJECTED	5	0
70070464	signature/xor/141/7	REJECTED	5	0
70070464	signature/xor/142/0	REJECTED	5	0
70070464	signature/xor/142/1	REJECTED	5	0
70070464	signature/xor/142/2	REJECTED	5	0
70070464	signature/xor/142/3	REJECTED	5	0
70070464	signature/xor/142/4	REJECTED	5	0
70070464	signature/xor/142/5	REJECTED	5	0
70070464	signature/xor/142/6	REJECTED	5	0
70070464	signature/xor/142/7	REJECTED	5	0
70070464	signature/xor/143/0	REJECTED	5	0
70070464	signature/xor/143/1	REJECTED	5	0
70070464	signature/xor/143/2	REJECTED	5	0
70070464	signature/xor/143/3	REJECTED	5	0
70070464	signature/xor/143/4	REJECTED	5	0
70070464	signature/xor/143/5	REJECTED	5	0
70070464	signature/xor/143/6	REJECTED	5	0
70070464	signature/xor/143/7	REJECTED	5	0
70070464	signature/xor/144/0	REJECTED	5	0
70070464	signature/xor/144/1	REJECTED	5	0
70070464	signature/xor/144/2	REJECTED	5	0
70070464	signature/xor/144/3	REJECTED	5	0
70070464	signature/xor/144/4	REJECTED	5	0
70070464	signature/xor/144/5	REJECTED	5	0
70070464	signature/xor/144/6	REJECTED	5	0
70070464	signature/xor/144/7	REJECTED	5	0
70070464	signature/xor/145/0	REJECTED	5	0
70070464	signature/xor/145/1	REJECTED	5	0
70070464	signature/xor/145/2	REJECTED	5	0
70070464	signature/xor/145/3	REJECTED	5	0
70070464	signature/xor/145/4	REJECTED	5	0
70070464	signature/xor/145/5	REJECTED	5	0
70070464	signature/xor/145/6	REJECTED	5	0
70070464	signature/xor/145/7	REJECTED	5	0
70070464	signature/xor/146/0	REJECTED	5	0
70070464	signature/xor/146/1	REJECTED	5	0
70070464	signature/xor/146/2	REJECTED	5	0
70070464	signature/xor/146/3	REJECTED	5	0
70070464	signature/xor/146/4	REJECTED	5	0
70070464	signature/xor/146/5	REJECTED	5	0
70070464	signature/xor/146/6	REJECTED	5	0
70070464	signature/xor/146/7	REJECTED	5	0
70070464	signature/xor/147/0	REJECTED	5	0
70070464	signature/xor/147/1	REJECTED	5	0
70070464	signature/xor/147/2	REJECTED	5	0
70070464	signature/xor/147/3	REJECTED	5	0
70070464	signature/xor/147/4	REJECTED	5	0
70070464	signature/xor/147/5	REJECTED	5	0
70070464	signature/xor/147/6	REJECTED	5	0
70070464	signature/xor/147/7	REJECTED	5	0
70070464	signature/xor/148/0	REJECTED	5	0
70070464	signature/xor/148/1	REJECTED	5	0
70070464	signature/xor/148/2	REJECTED	5	0
70070464	signature/xor/148/3	REJECTED	5	0
70070464	signature/xor/148/4	REJECTED	5	0
70070464	signature/xor/148/5	REJECTED	5	0
70070464	signature/xor/148/6	REJECTED	5	0
70070464	signature/xor/148/7	REJECTED	5	0
70070464	signature/xor/149/0	REJECTED	5	0
70070464	signature/xor/149/1	REJECTED	5	0
70070464	signature/xor/149/2	REJECTED	5	0
70070464	signature/xor/149/3	REJECTED	5	0
70070464	signature/xor/149/4	REJECTED	5	0
70070464	signature/xor/149/5	REJECTED	5	0
70070464	signature/xor/149/6	REJECTED	5	0
70070464	signature/xor/149/7	REJECTED	5	0
70070464	signature/xor/150/0	REJECTED	5	0
70070464	signature/xor/150/1	REJECTED	5	0
70070464	signature/xor/150/2	REJECTED	5	0
70070464	signature/xor/150/3	REJECTED	5	0
70070464	signature/xor/150/4	REJECTED	5	0
70070464	signature/xor/150/5	REJECTED	5	0
70070464	signature/xor/150/6	REJECTED	5	0
70070464	signature/xor/150/7	REJECTED	5	0
70070464	signature/xor/151/0	REJECTED	5	0
70070464	signature/xor/151/1	REJECTED	5	0
70070464	signature/xor/151/2	REJECTED	5	0
70070464	signature/xor/151/3	REJECTED	5	0
70070464	signature/xor/151/4	REJECTED	5	0
70070464	signature/xor/151/5	REJECTED	5	0
70070464	signature/xor/151/6	REJECTED	5	0
70070464	signature/xor/151/7	REJECTED	5	0
70070464	signature/xor/152/0	REJECTED	5	0
70070464	signature/xor/152/1	REJECTED	5	0
70070464	signature/xor/152/2	REJECTED	5	0
70070464	signature/xor/152/3	REJECTED	5	0
70070464	signature/xor/152/4	REJECTED	5	0
70070464	signature/xor/152/5	REJECTED	5	0
70070464	signature/xor/152/6	REJECTED	5	0
70070464	signature/xor/152/7	REJECTED	5	0
70070464	signature/xor/153/0	REJECTED	5	0
70070464	signature/xor/153/1	REJECTED	5	0
70070464	signature/xor/153/2	REJECTED	5	0
70070464	signature/xor/153/3	REJECTED	5	0
70070464	signature/xor/153/4	REJECTED	5	0
70070464	signature/xor/153/5	REJECTED	5	0
70070464	signature/xor/153/6	REJECTED	5	0
70070464	signature/xor/153/7	REJECTED	5	0
70070464	signature/xor/154/0	REJECTED	5	0
70070464	signature/xor/154/1	REJECTED	5	0
70070464	signature/xor/154/2	REJECTED	5	0
70070464	signature/xor/154/3	REJECTED	5	0
70070464	signature/xor/154/4	REJECTED	5	0
70070464	signature/xor/154/5	REJECTED	5	0
70070464	signature/xor/154/6	REJECTED	5	0
70070464	signature/xor/154/7	REJECTED	5	0
70070464	signature/xor/155/0	REJECTED	5	0
70070464	signature/xor/155/1	REJECTED	5	0
70070464	signature/xor/155/2	REJECTED	5	0
70070464	signature/xor/155/3	REJECTED	5	0
70070464	signature/xor/155/4	REJECTED	5	0
70070464	signature/xor/155/5	REJECTED	5	0
70070464	signature/xor/155/6	REJECTED	5	0
70070464	signature/xor/155/7	REJECTED	5	0
70070464	signature/xor/156/0	REJECTED	5	0
70070464	signature/xor/156/1	REJECTED	5	0
70070464	signature/xor/156/2	REJECTED	5	0
70070464	signature/xor/156/3	REJECTED	5	0
70070464	signature/xor/156/4	REJECTED	5	0
70070464	signature/xor/156/5	REJECTED	5	0
70070464	signature/xor/156/6	REJECTED	5	0
70070464	signature/xor/156/7	REJECTED	5	0
70070464	signature/xor/157/0	REJECTED	5	0
70070464	signature/xor/157/1	REJECTED	5	0
70070464	signature/xor/157/2	REJECTED	5	0
70070464	signature/xor/157/3	REJECTED	5	0
70070464	signature/xor/157/4	REJECTED	5	0
70070464	signature/xor/157/5	REJECTED	5	0
70070464	signature/xor/157/6	REJECTED	5	0
70070464	signature/xor/157/7	REJECTED	5	0
70070464	signature/xor/158/0	REJECTED	5	0
70070464	signature/xor/158/1	REJECTED	5	0
70070464	signature/xor/158/2	REJECTED	5	0
70070464	signature/xor/158/3	REJECTED	5	0
70070464	signature/xor/158/4	REJECTED	5	0
70070464	signature/xor/158/5	REJECTED	5	0
70070464	signature/xor/158/6	REJECTED	5	0
70070464	signature/xor/158/7	REJECTED	5	0
70070464	signature/xor/159/0	REJECTED	5	0
70070464	signature/xor/159/1	REJECTED	5	0
70070464	signature/xor/159/2	REJECTED	5	0
70070464	signature/xor/159/3	REJECTED	5	0
70070464	signature/xor/159/4	REJECTED	5	0
70070464	signature/xor/159/5	REJECTED	5	0
70070464	signature/xor/159/6	REJECTED	5	0
70070464	signature/xor/159/7	REJECTED	5	0
70070464	signature/xor/160/0	REJECTED	5	0
70070464	signature/xor/160/1	REJECTED	5	0
70070464	signature/xor/160/2	REJECTED	5	0
70070464	signature/xor/160/3	REJECTED	5	0
70070464	signature/xor/160/4	REJECTED	5	0
70070464	signature/xor/160/5	REJECTED	5	0
70070464	signature/xor/160/6	REJECTED	5	0
70070464	signature/xor/160/7	REJECTED	5	0
70070464	signature/xor/161/0	REJECTED	5	0
70070464	signature/xor/161/1	REJECTED	5	0
70070464	signature/xor/161/2	REJECTED	5	0
70070464	signature/xor/161/3	REJECTED	5	0
70070464	signature/xor/161/4	REJECTED	5	0
70070464	signature/xor/161/5	REJECTED	5	0
70070464	signature/xor/161/6	REJECTED	5	0
70070464	signature/xor/161/7	REJECTED	5	0
70070464	signature/xor/162/0	REJECTED	5	0
70070464	signature/xor/162/1	REJECTED	5	0
70070464	signature/xor/162/2	REJECTED	5	0
70070464	signature/xor/162/3	REJECTED	5	0
70070464	signature/xor/162/4	REJECTED	5	0
70070464	signature/xor/162/5	REJECTED	5	0
70070464	signature/xor/162/6	REJECTED	5	0
70070464	signature/xor/162/7	REJECTED	5	0
70070464	signature/xor/163/0	REJECTED	5	0
70070464	signature/xor/163/1	REJECTED	5	0
70070464	signature/xor/163/2	REJECTED	5	0
70070464	signature/xor/163/3	REJECTED	5	0
70070464	signature/xor/163/4	REJECTED	5	0
70070464	signature/xor/163/5	REJECTED	5	0
70070464	signature/xor/163/6	REJECTED	5	0
70070464	signature/xor/163/7	REJECTED	5	0
70070464	signature/xor/164/0	REJECTED	5	0
70070464	signature/xor/164/1	REJECTED	5	0
70070464	signature/xor/164/2	REJECTED	5	0
70070464	signature/xor/164/3	REJECTED	5	0
70070464	signature/xor/164/4	REJECTED	5	0
70070464	signature/xor/164/5	REJECTED	5	0
70070464	signature/xor/164/6	REJECTED	5	0
70070464	signature/xor/164/7	REJECTED	5	0
70070464	signature/xor/165/0	REJECTED	5	0
70070464	signature/xor/165/1	REJECTED	5	0
70070464	signature/xor/165/2	REJECTED	5	0
70070464	signature/xor/165/3	REJECTED	5	0
70070464	signature/xor/165/4	REJECTED	5	0
70070464	signature/xor/165/5	REJECTED	5	0
70070464	signature/xor/165/6	REJECTED	5	0
70070464	signature/xor/165/7	REJECTED	5	0
70070464	signature/xor/166/0	REJECTED	5	0
70070464	signature/xor/166/1	REJECTED	5	0
70070464	signature/xor/166/2	REJECTED	5	0
70070464	signature/xor/166/3	REJECTED	5	0
70070464	signature/xor/166/4	REJECTED	5	0
70070464	signature/xor/166/5	REJECTED	5	0
70070464	signature/xor/166/6	REJECTED	5	0
70070464	signature/xor/166/7	REJECTED	5	0
70070464	signature/xor/167/0	REJECTED	5	0
70070464	signature/xor/167/1	REJECTED	5	0
70070464	signature/xor/167/2	REJECTED	5	0
70070464	signature/xor/167/3	REJECTED	5	0
70070464	signature/xor/167/4	REJECTED	5	0
70070464	signature/xor/167/5	REJECTED	5	0
70070464	signature/xor/167/6	REJECTED	5	0
70070464	signature/xor/167/7	REJECTED	5	0
70070464	signature/xor/168/0	REJECTED	5	0
70070464	signature/xor/168/1	REJECTED	5	0
70070464	signature/xor/168/2	REJECTED	5	0
70070464	signature/xor/168/3	REJECTED	5	0
70070464	signature/xor/168/4	REJECTED	5	0
70070464	signature/xor/168/5	REJECTED	5	0
70070464	signature/xor/168/6	REJECTED	5	0
70070464	signature/xor/168/7	REJECTED	5	0
70070464	signature/xor/169/0	REJECTED	5	0
70070464	signature/xor/169/1	REJECTED	5	0
70070464	signature/xor/169/2	REJECTED	5	0
70070464	signature/xor/169/3	REJECTED	5	0
70070464	signature/xor/169/4	REJECTED	5	0
70070464	signature/xor/169/5	REJECTED	5	0
70070464	signature/xor/169/6	REJECTED	5	0
70070464	signature/xor/169/7	REJECTED	5	0
70070464	signature/xor/170/0	REJECTED	5	0
70070464	signature/xor/170/1	REJECTED	5	0
70070464	signature/xor/170/2	REJECTED	5	0
70070464	signature/xor/170/3	REJECTED	5	0
70070464	signature/xor/170/4	REJECTED	5	0
70070464	signature/xor/170/5	REJECTED	5	0
70070464	signature/xor/170/6	REJECTED	5	0
70070464	signature/xor/170/7	REJECTED	5	0
70070464	signature/xor/171/0	REJECTED	5	0
70070464	signature/xor/171/1	REJECTED	5	0
70070464	signature/xor/171/2	REJECTED	5	0
70070464	signature/xor/171/3	REJECTED	5	0
70070464	signature/xor/171/4	REJECTED	5	0
70070464	signature/xor/171/5	REJECTED	5	0
70070464	signature/xor/171/6	REJECTED	5	0
70070464	signature/xor/171/7	REJECTED	5	0
70070464	signature/xor/172/0	REJECTED	5	0
70070464	signature/xor/172/1	REJECTED	5	0
70070464	signature/xor/172/2	REJECTED	5	0
70070464	signature/xor/172/3	REJECTED	5	0
70070464	signature/xor/172/4	REJECTED	5	0
70070464	signature/xor/172/5	REJECTED	5	0
70070464	signature/xor/172/6	REJECTED	5	0
70070464	signature/xor/172/7	REJECTED	5	0
70070464	signature/xor/173/0	REJECTED	5	0
70070464	signature/xor/173/1	REJECTED	5	0
70070464	signature/xor/173/2	REJECTED	5	0
70070464	signature/xor/173/3	REJECTED	5	0
70070464	signature/xor/173/4	REJECTED	5	0
70070464	signature/xor/173/5	REJECTED	5	0
70070464	signature/xor/173/6	REJECTED	5	0
70070464	signature/xor/173/7	REJECTED	5	0
70070464	signature/xor/174/0	REJECTED	5	0
70070464	signature/xor/174/1	REJECTED	5	0
70070464	signature/xor/174/2	REJECTED	5	0
70070464	signature/xor/174/3	REJECTED	5	0
70070464	signature/xor/174/4	REJECTED	5	0
70070464	signature/xor/174/5	REJECTED	5	0
70070464	signature/xor/174/6	REJECTED	5	0
70070464	signature/xor/174/7	REJECTED	5	0
70070464	signature/xor/175/0	REJECTED	5	0
70070464	signature/xor/175/1	REJECTED	5	0
70070464	signature/xor/175/2	REJECTED	5	0
70070464	signature/xor/175/3	REJECTED	5	0
70070464	signature/xor/175/4	REJECTED	5	0
70070464	signature/xor/175/5	REJECTED	5	0
70070464	signature/xor/175/6	REJECTED	5	0
70070464	signature/xor/175/7	REJECTED	5	0
70070464	signature/xor/176/0	REJECTED	5	0
70070464	signature/xor/176/1	REJECTED	5	0
70070464	signature/xor/176/2	REJECTED	5	0
70070464	signature/xor/176/3	REJECTED	5	0
70070464	signature/xor/176/4	REJECTED	5	0
70070464	signature/xor/176/5	REJECTED	5	0
70070464	signature/xor/176/6	REJECTED	5	0
70070464	signature/xor/176/7	REJECTED	5	0
70070464	signature/xor/177/0	REJECTED	5	0
70070464	signature/xor/177/1	REJECTED	5	0
70070464	signature/xor/177/2	REJECTED	5	0
70070464	signature/xor/177/3	REJECTED	5	0
70070464	signature/xor/177/4	REJECTED	5	0
70070464	signature/xor/177/5	REJECTED	5	0
70070464	signature/xor/177/6	REJECTED	5	0
70070464	signature/xor/177/7	REJECTED	5	0
70070464	signature/xor/178/0	REJECTED	5	0
70070464	signature/xor/178/1	REJECTED	5	0
70070464	signature/xor/178/2	REJECTED	5	0
70070464	signature/xor/178/3	REJECTED	5	0
70070464	signature/xor/178/4	REJECTED	5	0
70070464	signature/xor/178/5	REJECTED	5	0
70070464	signature/xor/178/6	REJECTED	5	0
70070464	signature/xor/178/7	REJECTED	5	0
70070464	signature/xor/179/0	REJECTED	5	0
70070464	signature/xor/179/1	REJECTED	5	0
70070464	signature/xor/179/2	REJECTED	5	0
70070464	signature/xor/179/3	REJECTED	5	0
70070464	signature/xor/179/4	REJECTED	5	0
70070464	signature/xor/179/5	REJECTED	5	0
70070464	signature/xor/179/6	REJECTED	5	0
70070464	signature/xor/179/7	REJECTED	5	0
70070464	signature/xor/180/0	REJECTED	5	0
70070464	signature/xor/180/1	REJECTED	5	0
70070464	signature/xor/180/2	REJECTED	5	0
70070464	signature/xor/180/3	REJECTED	5	0
70070464	signature/xor/180/4	REJECTED	5	0
70070464	signature/xor/180/5	REJECTED	5	0
70070464	signature/xor/180/6	REJECTED	5	0
70070464	signature/xor/180/7	REJECTED	5	0
70070464	signature/xor/181/0	REJECTED	5	0
70070464	signature/xor/181/1	REJECTED	5	0
70070464	signature/xor/181/2	REJECTED	5	0
70070464	signature/xor/181/3	REJECTED	5	0
70070464	signature/xor/181/4	REJECTED	5	0
70070464	signature/xor/181/5	REJECTED	5	0
70070464	signature/xor/181/6	REJECTED	5	0
70070464	signature/xor/181/7	REJECTED	5	0
70070464	signature/xor/182/0	REJECTED	5	0
70070464	signature/xor/182/1	REJECTED	5	0
70070464	signature/xor/182/2	REJECTED	5	0
70070464	signature/xor/182/3	REJECTED	5	0
70070464	signature/xor/182/4	REJECTED	5	0
70070464	signature/xor/182/5	REJECTED	5	0
70070464	signature/xor/182/6	REJECTED	5	0
70070464	signature/xor/182/7	REJECTED	5	0
70070464	signature/xor/183/0	REJECTED	5	0
70070464	signature/xor/183/1	REJECTED	5	0
70070464	signature/xor/183/2	REJECTED	5	0
70070464	signature/xor/183/3	REJECTED	5	0
70070464	signature/xor/183/4	REJECTED	5	0
70070464	signature/xor/183/5	REJECTED	5	0
70070464	signature/xor/183/6	REJECTED	5	0
70070464	signature/xor/183/7	REJECTED	5	0
70070464	signature/xor/184/0	REJECTED	5	0
70070464	signature/xor/184/1	REJECTED	5	0
70070464	signature/xor/184/2	REJECTED	5	0
70070464	signature/xor/184/3	REJECTED	5	0
70070464	signature/xor/184/4	REJECTED	5	0
70070464	signature/xor/184/5	REJECTED	5	0
70070464	signature/xor/184/6	REJECTED	5	0
70070464	signature/xor/184/7	REJECTED	5	0
70070464	signature/xor/185/0	REJECTED	5	0
70070464	signature/xor/185/1	REJECTED	5	0
70070464	signature/xor/185/2	REJECTED	5	0
70070464	signature/xor/185/3	REJECTED	5	0
70070464	signature/xor/185/4	REJECTED	5	0
70070464	signature/xor/185/5	REJECTED	5	0
70070464	signature/xor/185/6	REJECTED	5	0
70070464	signature/xor/185/7	REJECTED	5	0
70070464	signature/xor/186/0	REJECTED	5	0
70070464	signature/xor/186/1	REJECTED	5	0
70070464	signature/xor/186/2	REJECTED	5	0
70070464	signature/xor/186/3	REJECTED	5	0
70070464	signature/xor/186/4	REJECTED	5	0
70070464	signature/xor/186/5	REJECTED	5	0
70070464	signature/xor/186/6	REJECTED	5	0
70070464	signature/xor/186/7	REJECTED	5	0
70070464	signature/xor/187/0	REJECTED	5	0
70070464	signature/xor/187/1	REJECTED	5	0
70070464	signature/xor/187/2	REJECTED	5	0
70070464	signature/xor/187/3	REJECTED	5	0
70070464	signature/xor/187/4	REJECTED	5	0
70070464	signature/xor/187/5	REJECTED	5	0
70070464	signature/xor/187/6	REJECTED	5	0
70070464	signature/xor/187/7	REJECTED	5	0
70070464	signature/xor/188/0	REJECTED	5	0
70070464	signature/xor/188/1	REJECTED	5	0
70070464	signature/xor/188/2	REJECTED	5	0
70070464	signature/xor/188/3	REJECTED	5	0
70070464	signature/xor/188/4	REJECTED	5	0
70070464	signature/xor/188/5	REJECTED	5	0
70070464	signature/xor/188/6	REJECTED	5	0
70070464	signature/xor/188/7	REJECTED	5	0
70070464	signature/xor/189/0	REJECTED	5	0
70070464	signature/xor/189/1	REJECTED	5	0
70070464	signature/xor/189/2	REJECTED	5	0
70070464	signature/xor/189/3	REJECTED	5	0
70070464	signature/xor/189/4	REJECTED	5	0
70070464	signature/xor/189/5	REJECTED	5	0
70070464	signature/xor/189/6	REJECTED	5	0
70070464	signature/xor/189/7	REJECTED	5	0
70070464	signature/xor/190/0	REJECTED	5	0
70070464	signature/xor/190/1	REJECTED	5	0
70070464	signature/xor/190/2	REJECTED	5	0
70070464	signature/xor/190/3	REJECTED	5	0
70070464	signature/xor/190/4	REJECTED	5	0
70070464	signature/xor/190/5	REJECTED	5	0
70070464	signature/xor/190/6	REJECTED	5	0
70070464	signature/xor/190/7	REJECTED	5	0
70070464	signature/xor/191/0	REJECTED	5	0
70070464	signature/xor/191/1	REJECTED	5	0
70070464	signature/xor/191/2	REJECTED	5	0
70070464	signature/xor/191/3	REJECTED	5	0
70070464	signature/xor/191/4	REJECTED	5	0
70070464	signature/xor/191/5	REJECTED	5	0
70070464	signature/xor/191/6	REJECTED	5	0
70070464	signature/xor/191/7	REJECTED	5	0
70070464	signature/xor/192/0	REJECTED	4	0
70070464	signature/xor/192/1	REJECTED	4	0
70070464	signature/xor/192/2	REJECTED	4	0
70070464	signature/xor/192/3	REJECTED	4	0
70070464	signature/xor/192/4	REJECTED	4	0
70070464	signature/xor/192/5	REJECTED	4	0
70070464	signature/xor/192/6	REJECTED	4	0
70070464	signature/xor/192/7	REJECTED	4	0
70070464	signature/xor/193/0	REJECTED	4	0
70070464	signature/xor/193/1	REJECTED	4	0
70070464	signature/xor/193/2	REJECTED	4	0
70070464	signature/xor/193/3	REJECTED	4	0
70070464	signature/xor/193/4	REJECTED	4	0
70070464	signature/xor/193/5	REJECTED	4	0
70070464	signature/xor/193/6	REJECTED	4	0
70070464	signature/xor/193/7	REJECTED	4	0
70070464	signature/xor/194/0	REJECTED	4	0
70070464	signature/xor/194/1	REJECTED	4	0
70070464	signature/xor/194/2	REJECTED	4	0
70070464	signature/xor/194/3	REJECTED	4	0
70070464	signature/xor/194/4	REJECTED	4	0
70070464	signature/xor/194/5	REJECTED	4	0
70070464	signature/xor/194/6	REJECTED	4	0
70070464	signature/xor/194/7	REJECTED	4	0
70070464	signature/xor/195/0	REJECTED	4	0
70070464	signature/xor/195/1	REJECTED	4	0
70070464	signature/xor/195/2	REJECTED	4	0
70070464	signature/xor/195/3	REJECTED	4	0
70070464	signature/xor/195/4	REJECTED	4	0
70070464	signature/xor/195/5	REJECTED	4	0
70070464	signature/xor/195/6	REJECTED	4	0
70070464	signature/xor/195/7	REJECTED	4	0
70070464	signature/xor/196/0	REJECTED	4	0
70070464	signature/xor/196/1	REJECTED	4	0
70070464	signature/xor/196/2	REJECTED	4	0
70070464	signature/xor/196/3	REJECTED	4	0
70070464	signature/xor/196/4	REJECTED	4	0
70070464	signature/xor/196/5	REJECTED	4	0
70070464	signature/xor/196/6	REJECTED	4	0
70070464	signature/xor/196/7	REJECTED	4	0
70070464	signature/xor/197/0	REJECTED	4	0
70070464	signature/xor/197/1	REJECTED	4	0
70070464	signature/xor/197/2	REJECTED	4	0
70070464	signature/xor/197/3	REJECTED	4	0
70070464	signature/xor/197/4	REJECTED	4	0
70070464	signature/xor/197/5	REJECTED	4	0
70070464	signature/xor/197/6	REJECTED	4	0
70070464	signature/xor/197/7	REJECTED	4	0
70070464	signature/xor/198/0	REJECTED	4	0
70070464	signature/xor/198/1	REJECTED	4	0
70070464	signature/xor/198/2	REJECTED	4	0
70070464	signature/xor/198/3	REJECTED	4	0
70070464	signature/xor/198/4	REJECTED	4	0
70070464	signature/xor/198/5	REJECTED	4	0
70070464	signature/xor/198/6	REJECTED	4	0
70070464	signature/xor/198/7	REJECTED	4	0
70070464	signature/xor/199/0	REJECTED	4	0
70070464	signature/xor/199/1	REJECTED	4	0
70070464	signature/xor/199/2	REJECTED	4	0
70070464	signature/xor/199/3	REJECTED	4	0
70070464	signature/xor/199/4	REJECTED	4	0
70070464	signature/xor/199/5	REJECTED	4	0
70070464	signature/xor/199/6	REJECTED	4	0
70070464	signature/xor/199/7	REJECTED	4	0
70070464	signature/xor/200/0	REJECTED	4	0
70070464	signature/xor/200/1	REJECTED	4	0
70070464	signature/xor/200/2	REJECTED	4	0
70070464	signature/xor/200/3	REJECTED	4	0
70070464	signature/xor/200/4	REJECTED	4	0
70070464	signature/xor/200/5	REJECTED	4	0
70070464	signature/xor/200/6	REJECTED	4	0
70070464	signature/xor/200/7	REJECTED	4	0
70070464	signature/xor/201/0	REJECTED	4	0
70070464	signature/xor/201/1	REJECTED	4	0
70070464	signature/xor/201/2	REJECTED	4	0
70070464	signature/xor/201/3	REJECTED	4	0
70070464	signature/xor/201/4	REJECTED	4	0
70070464	signature/xor/201/5	REJECTED	4	0
70070464	signature/xor/201/6	REJECTED	4	0
70070464	signature/xor/201/7	REJECTED	4	0
70070464	signature/xor/202/0	REJECTED	4	0
70070464	signature/xor/202/1	REJECTED	4	0
70070464	signature/xor/202/2	REJECTED	4	0
70070464	signature/xor/202/3	REJECTED	4	0
70070464	signature/xor/202/4	REJECTED	4	0
70070464	signature/xor/202/5	REJECTED	4	0
70070464	signature/xor/202/6	REJECTED	4	0
70070464	signature/xor/202/7	REJECTED	4	0
70070464	signature/xor/203/0	REJECTED	4	0
70070464	signature/xor/203/1	REJECTED	4	0
70070464	signature/xor/203/2	REJECTED	4	0
70070464	signature/xor/203/3	REJECTED	4	0
70070464	signature/xor/203/4	REJECTED	4	0
70070464	signature/xor/203/5	REJECTED	4	0
70070464	signature/xor/203/6	REJECTED	4	0
70070464	signature/xor/203/7	REJECTED	4	0
70070464	signature/xor/204/0	REJECTED	4	0
70070464	signature/xor/204/1	REJECTED	4	0
70070464	signature/xor/204/2	REJECTED	4	0
70070464	signature/xor/204/3	REJECTED	4	0
70070464	signature/xor/204/4	REJECTED	4	0
70070464	signature/xor/204/5	REJECTED	4	0
70070464	signature/xor/204/6	REJECTED	4	0
70070464	signature/xor/204/7	REJECTED	4	0
70070464	signature/xor/205/0	REJECTED	4	0
70070464	signature/xor/205/1	REJECTED	4	0
70070464	signature/xor/205/2	REJECTED	4	0
70070464	signature/xor/205/3	REJECTED	4	0
70070464	signature/xor/205/4	REJECTED	4	0
70070464	signature/xor/205/5	REJECTED	4	0
70070464	signature/xor/205/6	REJECTED	4	0
70070464	signature/xor/205/7	REJECTED	4	0
70070464	signature/xor/206/0	REJECTED	4	0
70070464	signature/xor/206/1	REJECTED	4	0
70070464	signature/xor/206/2	REJECTED	4	0
70070464	signature/xor/206/3	REJECTED	4	0
70070464	signature/xor/206/4	REJECTED	4	0
70070464	signature/xor/206/5	REJECTED	4	0
70070464	signature/xor/206/6	REJECTED	4	0
70070464	signature/xor/206/7	REJECTED	4	0
70070464	signature/xor/207/0	REJECTED	4	0
70070464	signature/xor/207/1	REJECTED	4	0
70070464	signature/xor/207/2	REJECTED	4	0
70070464	signature/xor/207/3	REJECTED	4	0
70070464	signature/xor/207/4	REJECTED	4	0
70070464	signature/xor/207/5	REJECTED	4	0
70070464	signature/xor/207/6	REJECTED	4	0
70070464	signature/xor/207/7	REJECTED	4	0
70070464	signature/xor/208/0	REJECTED	4	0
70070464	signature/xor/208/1	REJECTED	4	0
70070464	signature/xor/208/2	REJECTED	4	0
70070464	signature/xor/208/3	REJECTED	4	0
70070464	signature/xor/208/4	REJECTED	4	0
70070464	signature/xor/208/5	REJECTED	4	0
70070464	signature/xor/208/6	REJECTED	4	0
70070464	signature/xor/208/7	REJECTED	4	0
70070464	signature/xor/209/0	REJECTED	4	0
70070464	signature/xor/209/1	REJECTED	4	0
70070464	signature/xor/209/2	REJECTED	4	0
70070464	signature/xor/209/3	REJECTED	4	0
70070464	signature/xor/209/4	REJECTED	4	0
70070464	signature/xor/209/5	REJECTED	4	0
70070464	signature/xor/209/6	REJECTED	4	0
70070464	signature/xor/209/7	REJECTED	4	0
70070464	signature/xor/210/0	REJECTED	4	0
70070464	signature/xor/210/1	REJECTED	4	0
70070464	signature/xor/210/2	REJECTED	4	0
70070464	signature/xor/210/3	REJECTED	4	0
70070464	signature/xor/210/4	REJECTED	4	0
70070464	signature/xor/210/5	REJECTED	4	0
70070464	signature/xor/210/6	REJECTED	4	0
70070464	signature/xor/210/7	REJECTED	4	0
70070464	signature/xor/211/0	REJECTED	4	0
70070464	signature/xor/211/1	REJECTED	4	0
70070464	signature/xor/211/2	REJECTED	4	0
70070464	signature/xor/211/3	REJECTED	4	0
70070464	signature/xor/211/4	REJECTED	4	0
70070464	signature/xor/211/5	REJECTED	4	0
70070464	signature/xor/211/6	REJECTED	4	0
70070464	signature/xor/211/7	REJECTED	4	0
70070464	signature/xor/212/0	REJECTED	4	0
70070464	signature/xor/212/1	REJECTED	4	0
70070464	signature/xor/212/2	REJECTED	4	0
70070464	signature/xor/212/3	REJECTED	4	0
70070464	signature/xor/212/4	REJECTED	4	0
70070464	signature/xor/212/5	REJECTED	4	0
70070464	signature/xor/212/6	REJECTED	4	0
70070464	signature/xor/212/7	REJECTED	4	0
70070464	signature/xor/213/0	REJECTED	4	0
70070464	signature/xor/213/1	REJECTED	4	0
70070464	signature/xor/213/2	REJECTED	4	0
70070464	signature/xor/213/3	REJECTED	4	0
70070464	signature/xor/213/4	REJECTED	4	0
70070464	signature/xor/213/5	REJECTED	4	0
70070464	signature/xor/213/6	REJECTED	4	0
70070464	signature/xor/213/7	REJECTED	4	0
70070464	signature/xor/214/0	REJECTED	4	0
70070464	signature/xor/214/1	REJECTED	4	0
70070464	signature/xor/214/2	REJECTED	4	0
70070464	signature/xor/214/3	REJECTED	4	0
70070464	signature/xor/214/4	REJECTED	4	0
70070464	signature/xor/214/5	REJECTED	4	0
70070464	signature/xor/214/6	REJECTED	4	0
70070464	signature/xor/214/7	REJECTED	4	0
70070464	signature/xor/215/0	REJECTED	4	0
70070464	signature/xor/215/1	REJECTED	4	0
70070464	signature/xor/215/2	REJECTED	4	0
70070464	signature/xor/215/3	REJECTED	4	0
70070464	signature/xor/215/4	REJECTED	4	0
70070464	signature/xor/215/5	REJECTED	4	0
70070464	signature/xor/215/6	REJECTED	4	0
70070464	signature/xor/215/7	REJECTED	4	0
70070464	signature/xor/216/0	REJECTED	4	0
70070464	signature/xor/216/1	REJECTED	4	0
70070464	signature/xor/216/2	REJECTED	4	0
70070464	signature/xor/216/3	REJECTED	4	0
70070464	signature/xor/216/4	REJECTED	4	0
70070464	signature/xor/216/5	REJECTED	4	0
70070464	signature/xor/216/6	REJECTED	4	0
70070464	signature/xor/216/7	REJECTED	4	0
70070464	signature/xor/217/0	REJECTED	4	0
70070464	signature/xor/217/1	REJECTED	4	0
70070464	signature/xor/217/2	REJECTED	4	0
70070464	signature/xor/217/3	REJECTED	4	0
70070464	signature/xor/217/4	REJECTED	4	0
70070464	signature/xor/217/5	REJECTED	4	0
70070464	signature/xor/217/6	REJECTED	4	0
70070464	signature/xor/217/7	REJECTED	4	0
70070464	signature/xor/218/0	REJECTED	4	0
70070464	signature/xor/218/1	REJECTED	4	0
70070464	signature/xor/218/2	REJECTED	4	0
70070464	signature/xor/218/3	REJECTED	4	0
70070464	signature/xor/218/4	REJECTED	4	0
70070464	signature/xor/218/5	REJECTED	4	0
70070464	signature/xor/218/6	REJECTED	4	0
70070464	signature/xor/218/7	REJECTED	4	0
70070464	signature/xor/219/0	REJECTED	4	0
70070464	signature/xor/219/1	REJECTED	4	0
70070464	signature/xor/219/2	REJECTED	4	0
70070464	signature/xor/219/3	REJECTED	4	0
70070464	signature/xor/219/4	REJECTED	4	0
70070464	signature/xor/219/5	REJECTED	4	0
70070464	signature/xor/219/6	REJECTED	4	0
70070464	signature/xor/219/7	REJECTED	4	0
70070464	signature/xor/220/0	REJECTED	4	0
70070464	signature/xor/220/1	REJECTED	4	0
70070464	signature/xor/220/2	REJECTED	4	0
70070464	signature/xor/220/3	REJECTED	4	0
70070464	signature/xor/220/4	REJECTED	4	0
70070464	signature/xor/220/5	REJECTED	4	0
70070464	signature/xor/220/6	REJECTED	4	0
70070464	signature/xor/220/7	REJECTED	4	0
70070464	signature/xor/221/0	REJECTED	4	0
70070464	signature/xor/221/1	REJECTED	4	0
70070464	signature/xor/221/2	REJECTED	4	0
70070464	signature/xor/221/3	REJECTED	4	0
70070464	signature/xor/221/4	REJECTED	4	0
70070464	signature/xor/221/5	REJECTED	4	0
70070464	signature/xor/221/6	REJECTED	4	0
70070464	signature/xor/221/7	REJECTED	4	0
70070464	signature/xor/222/0	REJECTED	4	0
70070464	signature/xor/222/1	REJECTED	4	0
70070464	signature/xor/222/2	REJECTED	4	0
70070464	signature/xor/222/3	REJECTED	4	0
70070464	signature/xor/222/4	REJECTED	4	0
70070464	signature/xor/222/5	REJECTED	4	0
70070464	signature/xor/222/6	REJECTED	4	0
70070464	signature/xor/222/7	REJECTED	4	0
70070464	signature/xor/223/0	REJECTED	4	0
70070464	signature/xor/223/1	REJECTED	4	0
70070464	signature/xor/223/2	REJECTED	4	0
70070464	signature/xor/223/3	REJECTED	4	0
70070464	signature/xor/223/4	REJECTED	4	0
70070464	signature/xor/223/5	REJECTED	4	0
70070464	signature/xor/223/6	REJECTED	4	0
70070464	signature/xor/223/7	REJECTED	4	0
70070464	signature/xor/224/0	REJECTED	4	0
70070464	signature/xor/224/1	REJECTED	4	0
70070464	signature/xor/224/2	REJECTED	4	0
70070464	signature/xor/224/3	REJECTED	4	0
70070464	signature/xor/224/4	REJECTED	4	0
70070464	signature/xor/224/5	REJECTED	4	0
70070464	signature/xor/224/6	REJECTED	4	0
70070464	signature/xor/224/7	REJECTED	4	0
70070464	signature/xor/225/0	REJECTED	4	0
70070464	signature/xor/225/1	REJECTED	4	0
70070464	signature/xor/225/2	REJECTED	4	0
70070464	signature/xor/225/3	REJECTED	4	0
70070464	signature/xor/225/4	REJECTED	4	0
70070464	signature/xor/225/5	REJECTED	4	0
70070464	signature/xor/225/6	REJECTED	4	0
70070464	signature/xor/225/7	REJECTED	4	0
70070464	signature/xor/226/0	REJECTED	4	0
70070464	signature/xor/226/1	REJECTED	4	0
70070464	signature/xor/226/2	REJECTED	4	0
70070464	signature/xor/226/3	REJECTED	4	0
70070464	signature/xor/226/4	REJECTED	4	0
70070464	signature/xor/226/5	REJECTED	4	0
70070464	signature/xor/226/6	REJECTED	4	0
70070464	signature/xor/226/7	REJECTED	4	0
70070464	signature/xor/227/0	REJECTED	4	0
70070464	signature/xor/227/1	REJECTED	4	0
70070464	signature/xor/227/2	REJECTED	4	0
70070464	signature/xor/227/3	REJECTED	4	0
70070464	signature/xor/227/4	REJECTED	4	0
70070464	signature/xor/227/5	REJECTED	4	0
70070464	signature/xor/227/6	REJECTED	4	0
70070464	signature/xor/227/7	REJECTED	4	0
70070464	signature/xor/228/0	REJECTED	4	0
70070464	signature/xor/228/1	REJECTED	4	0
70070464	signature/xor/228/2	REJECTED	4	0
70070464	signature/xor/228/3	REJECTED	4	0
70070464	signature/xor/228/4	REJECTED	4	0
70070464	signature/xor/228/5	REJECTED	4	0
70070464	signature/xor/228/6	REJECTED	4	0
70070464	signature/xor/228/7	REJECTED	4	0
70070464	signature/xor/229/0	REJECTED	4	0
70070464	signature/xor/229/1	REJECTED	4	0
70070464	signature/xor/229/2	REJECTED	4	0
70070464	signature/xor/229/3	REJECTED	4	0
70070464	signature/xor/229/4	REJECTED	4	0
70070464	signature/xor/229/5	REJECTED	4	0
70070464	signature/xor/229/6	REJECTED	4	0
70070464	signature/xor/229/7	REJECTED	4	0
70070464	signature/xor/230/0	REJECTED	4	0
70070464	signature/xor/230/1	REJECTED	4	0
70070464	signature/xor/230/2	REJECTED	4	0
70070464	signature/xor/230/3	REJECTED	4	0
70070464	signature/xor/230/4	REJECTED	4	0
70070464	signature/xor/230/5	REJECTED	4	0
70070464	signature/xor/230/6	REJECTED	4	0
70070464	signature/xor/230/7	REJECTED	4	0
70070464	signature/xor/231/0	REJECTED	4	0
70070464	signature/xor/231/1	REJECTED	4	0
70070464	signature/xor/231/2	REJECTED	4	0
70070464	signature/xor/231/3	REJECTED	4	0
70070464	signature/xor/231/4	REJECTED	4	0
70070464	signature/xor/231/5	REJECTED	4	0
70070464	signature/xor/231/6	REJECTED	4	0
70070464	signature/xor/231/7	REJECTED	4	0
70070464	signature/xor/232/0	REJECTED	4	0
70070464	signature/xor/232/1	REJECTED	4	0
70070464	signature/xor/232/2	REJECTED	4	0
70070464	signature/xor/232/3	REJECTED	4	0
70070464	signature/xor/232/4	REJECTED	4	0
70070464	signature/xor/232/5	REJECTED	4	0
70070464	signature/xor/232/6	REJECTED	4	0
70070464	signature/xor/232/7	REJECTED	4	0
70070464	signature/xor/233/0	REJECTED	4	0
70070464	signature/xor/233/1	REJECTED	4	0
70070464	signature/xor/233/2	REJECTED	4	0
70070464	signature/xor/233/3	REJECTED	4	0
70070464	signature/xor/233/4	REJECTED	4	0
70070464	signature/xor/233/5	REJECTED	4	0
70070464	signature/xor/233/6	REJECTED	4	0
70070464	signature/xor/233/7	REJECTED	4	0
70070464	signature/xor/234/0	REJECTED	4	0
70070464	signature/xor/234/1	REJECTED	4	0
70070464	signature/xor/234/2	REJECTED	4	0
70070464	signature/xor/234/3	REJECTED	4	0
70070464	signature/xor/234/4	REJECTED	4	0
70070464	signature/xor/234/5	REJECTED	4	0
70070464	signature/xor/234/6	REJECTED	4	0
70070464	signature/xor/234/7	REJECTED	4	0
70070464	signature/xor/235/0	REJECTED	4	0
70070464	signature/xor/235/1	REJECTED	4	0
70070464	signature/xor/235/2	REJECTED	4	0
70070464	signature/xor/235/3	REJECTED	4	0
70070464	signature/xor/235/4	REJECTED	4	0
70070464	signature/xor/235/5	REJECTED	4	0
70070464	signature/xor/235/6	REJECTED	4	0
70070464	signature/xor/235/7	REJECTED	4	0
70070464	signature/xor/236/0	REJECTED	4	0
70070464	signature/xor/236/1	REJECTED	4	0
70070464	signature/xor/236/2	REJECTED	4	0
70070464	signature/xor/236/3	REJECTED	4	0
70070464	signature/xor/236/4	REJECTED	4	0
70070464	signature/xor/236/5	REJECTED	4	0
70070464	signature/xor/236/6	REJECTED	4	0
70070464	signature/xor/236/7	REJECTED	4	0
70070464	signature/xor/237/0	REJECTED	4	0
70070464	signature/xor/237/1	REJECTED	4	0
70070464	signature/xor/237/2	REJECTED	4	0
70070464	signature/xor/237/3	REJECTED	4	0
70070464	signature/xor/237/4	REJECTED	4	0
70070464	signature/xor/237/5	REJECTED	4	0
70070464	signature/xor/237/6	REJECTED	4	0
70070464	signature/xor/237/7	REJECTED	4	0
70070464	signature/xor/238/0	REJECTED	4	0
70070464	signature/xor/238/1	REJECTED	4	0
70070464	signature/xor/238/2	REJECTED	4	0
70070464	signature/xor/238/3	REJECTED	4	0
70070464	signature/xor/238/4	REJECTED	4	0
70070464	signature/xor/238/5	REJECTED	4	0
70070464	signature/xor/238/6	REJECTED	4	0
70070464	signature/xor/238/7	REJECTED	4	0
70070464	signature/xor/239/0	REJECTED	4	0
70070464	signature/xor/239/1	REJECTED	4	0
70070464	signature/xor/239/2	REJECTED	4	0
70070464	signature/xor/239/3	REJECTED	4	0
70070464	signature/xor/239/4	REJECTED	4	0
70070464	signature/xor/239/5	REJECTED	4	0
70070464	signature/xor/239/6	REJECTED	4	0
70070464	signature/xor/239/7	REJECTED	4	0
70070464	signature/xor/240/0	REJECTED	4	0
70070464	signature/xor/240/1	REJECTED	4	0
70070464	signature/xor/240/2	REJECTED	4	0
70070464	signature/xor/240/3	REJECTED	4	0
70070464	signature/xor/240/4	REJECTED	4	0
70070464	signature/xor/240/5	REJECTED	4	0
70070464	signature/xor/240/6	REJECTED	4	0
70070464	signature/xor/240/7	REJECTED	4	0
70070464	signature/xor/241/0	REJECTED	4	0
70070464	signature/xor/241/1	REJECTED	4	0
70070464	signature/xor/241/2	REJECTED	4	0
70070464	signature/xor/241/3	REJECTED	4	0
70070464	signature/xor/241/4	REJECTED	4	0
70070464	signature/xor/241/5	REJECTED	4	0
70070464	signature/xor/241/6	REJECTED	4	0
70070464	signature/xor/241/7	REJECTED	4	0
70070464	signature/xor/242/0	REJECTED	4	0
70070464	signature/xor/242/1	REJECTED	4	0
70070464	signature/xor/242/2	REJECTED	4	0
70070464	signature/xor/242/3	REJECTED	4	0
70070464	signature/xor/242/4	REJECTED	4	0
70070464	signature/xor/242/5	REJECTED	4	0
70070464	signature/xor/242/6	REJECTED	4	0
70070464	signature/xor/242/7	REJECTED	4	0
70070464	signature/xor/243/0	REJECTED	4	0
70070464	signature/xor/243/1	REJECTED	4	0
70070464	signature/xor/243/2	REJECTED	4	0
70070464	signature/xor/243/3	REJECTED	4	0
70070464	signature/xor/243/4	REJECTED	4	0
70070464	signature/xor/243/5	REJECTED	4	0
70070464	signature/xor/243/6	REJECTED	4	0
70070464	signature/xor/243/7	REJECTED	4	0
70070464	signature/xor/244/0	REJECTED	4	0
70070464	signature/xor/244/1	REJECTED	4	0
70070464	signature/xor/244/2	REJECTED	4	0
70070464	signature/xor/244/3	REJECTED	4	0
70070464	signature/xor/244/4	REJECTED	4	0
70070464	signature/xor/244/5	REJECTED	4	0
70070464	signature/xor/244/6	REJECTED	4	0
70070464	signature/xor/244/7	REJECTED	4	0
70070464	signature/xor/245/0	REJECTED	4	0
70070464	signature/xor/245/1	REJECTED	4	0
70070464	signature/xor/245/2	REJECTED	4	0
70070464	signature/xor/245/3	REJECTED	4	0
70070464	signature/xor/245/4	REJECTED	4	0
70070464	signature/xor/245/5	REJECTED	4	0
70070464	signature/xor/245/6	REJECTED	4	0
70070464	signature/xor/245/7	REJECTED	4	0
70070464	signature/xor/246/0	REJECTED	4	0
70070464	signature/xor/246/1	REJECTED	4	0
70070464	signature/xor/246/2	REJECTED	4	0
70070464	signature/xor/246/3	REJECTED	4	0
70070464	signature/xor/246/4	REJECTED	4	0
70070464	signature/xor/246/5	REJECTED	4	0
70070464	signature/xor/246/6	REJECTED	4	0
70070464	signature/xor/246/7	REJECTED	4	0
70070464	signature/xor/247/0	REJECTED	4	0
70070464	signature/xor/247/1	REJECTED	4	0
70070464	signature/xor/247/2	REJECTED	4	0
70070464	signature/xor/247/3	REJECTED	4	0
70070464	signature/xor/247/4	REJECTED	4	0
70070464	signature/xor/247/5	REJECTED	4	0
70070464	signature/xor/247/6	REJECTED	4	0
70070464	signature/xor/247/7	REJECTED	4	0
70070464	signature/xor/248/0	REJECTED	4	0
70070464	signature/xor/248/1	REJECTED	4	0
70070464	signature/xor/248/2	REJECTED	4	0
70070464	signature/xor/248/3	REJECTED	4	0
70070464	signature/xor/248/4	REJECTED	4	0
70070464	signature/xor/248/5	REJECTED	4	0
70070464	signature/xor/248/6	REJECTED	4	0
70070464	signature/xor/248/7	REJECTED	4	0
70070464	signature/xor/249/0	REJECTED	4	0
70070464	signature/xor/249/1	REJECTED	4	0
70070464	signature/xor/249/2	REJECTED	4	0
70070464	signature/xor/249/3	REJECTED	4	0
70070464	signature/xor/249/4	REJECTED	4	0
70070464	signature/xor/249/5	REJECTED	4	0
70070464	signature/xor/249/6	REJECTED	4	0
70070464	signature/xor/249/7	REJECTED	4	0
70070464	signature/xor/250/0	REJECTED	4	0
70070464	signature/xor/250/1	REJECTED	4	0
70070464	signature/xor/250/2	REJECTED	4	0
70070464	signature/xor/250/3	REJECTED	4	0
70070464	signature/xor/250/4	REJECTED	4	0
70070464	signature/xor/250/5	REJECTED	4	0
70070464	signature/xor/250/6	REJECTED	4	0
70070464	signature/xor/250/7	REJECTED	4	0
70070464	signature/xor/251/0	REJECTED	4	0
70070464	signature/xor/251/1	REJECTED	4	0
70070464	signature/xor/251/2	REJECTED	4	0
70070464	signature/xor/251/3	REJECTED	4	0
70070464	signature/xor/251/4	REJECTED	4	0
70070464	signature/xor/251/5	REJECTED	4	0
70070464	signature/xor/251/6	REJECTED	4	0
70070464	signature/xor/251/7	REJECTED	4	0
70070464	signature/xor/252/0	REJECTED	4	0
70070464	signature/xor/252/1	REJECTED	4	0
70070464	signature/xor/252/2	REJECTED	4	0
70070464	signature/xor/252/3	REJECTED	4	0
70070464	signature/xor/252/4	REJECTED	4	0
70070464	signature/xor/252/5	REJECTED	4	0
70070464	signature/xor/252/6	REJECTED	4	0
70070464	signature/xor/252/7	REJECTED	4	0
70070464	signature/xor/253/0	REJECTED	4	0
70070464	signature/xor/253/1	REJECTED	4	0
70070464	signature/xor/253/2	REJECTED	4	0
70070464	signature/xor/253/3	REJECTED	4	0
70070464	signature/xor/253/4	REJECTED	4	0
70070464	signature/xor/253/5	REJECTED	4	0
70070464	signature/xor/253/6	REJECTED	4	0
70070464	signature/xor/253/7	REJECTED	4	0
70070464	signature/xor/254/0	REJECTED	4	0
70070464	signature/xor/254/1	REJECTED	4	0
70070464	signature/xor/254/2	REJECTED	4	0
70070464	signature/xor/254/3	REJECTED	4	0
70070464	signature/xor/254/4	REJECTED	4	0
70070464	signature/xor/254/5	REJECTED	4	0
70070464	signature/xor/254/6	REJECTED	4	0
70070464	signature/xor/254/7	REJECTED	4	0
70070464	signature/xor/255/0	REJECTED	4	0
70070464	signature/xor/255/1	REJECTED	4	0
70070464	signature/xor/255/2	REJECTED	4	0
70070464	signature/xor/255/3	REJECTED	4	0
70070464	signature/xor/255/4	REJECTED	4	0
70070464	signature/xor/255/5	REJECTED	4	0
70070464	signature/xor/255/6	REJECTED	4	0
70070464	signature/xor/255/7	REJECTED	4	0
70070464	signature/xor/256/0	REJECTED	3	0
70070464	signature/xor/256/1	REJECTED	3	0
70070464	signature/xor/256/2	REJECTED	3	0
70070464	signature/xor/256/3	REJECTED	3	0
70070464	signature/xor/256/4	REJECTED	3	0
70070464	signature/xor/256/5	REJECTED	3	0
70070464	signature/xor/256/6	REJECTED	3	0
70070464	signature/xor/256/7	REJECTED	3	0
70070464	signature/xor/257/0	REJECTED	3	0
70070464	signature/xor/257/1	REJECTED	3	0
70070464	signature/xor/257/2	REJECTED	3	0
70070464	signature/xor/257/3	REJECTED	3	0
70070464	signature/xor/257/4	REJECTED	3	0
70070464	signature/xor/257/5	REJECTED	3	0
70070464	signature/xor/257/6	REJECTED	3	0
70070464	signature/xor/257/7	REJECTED	3	0
70070464	signature/xor/258/0	REJECTED	3	0
70070464	signature/xor/258/1	REJECTED	3	0
70070464	signature/xor/258/2	REJECTED	3	0
70070464	signature/xor/258/3	REJECTED	3	0
70070464	signature/xor/258/4	REJECTED	3	0
70070464	signature/xor/258/5	REJECTED	3	0
70070464	signature/xor/258/6	REJECTED	3	0
70070464	signature/xor/258/7	REJECTED	3	0
70070464	signature/xor/259/0	REJECTED	3	0
70070464	signature/xor/259/1	REJECTED	3	0
70070464	signature/xor/259/2	REJECTED	3	0
70070464	signature/xor/259/3	REJECTED	3	0
70070464	signature/xor/259/4	REJECTED	3	0
70070464	signature/xor/259/5	REJECTED	3	0
70070464	signature/xor/259/6	REJECTED	3	0
70070464	signature/xor/259/7	REJECTED	3	0
70070464	signature/xor/260/0	REJECTED	3	0
70070464	signature/xor/260/1	REJECTED	3	0
70070464	signature/xor/260/2	REJECTED	3	0
70070464	signature/xor/260/3	REJECTED	3	0
70070464	signature/xor/260/4	REJECTED	3	0
70070464	signature/xor/260/5	REJECTED	3	0
70070464	signature/xor/260/6	REJECTED	3	0
70070464	signature/xor/260/7	REJECTED	3	0
70070464	signature/xor/261/0	REJECTED	3	0
70070464	signature/xor/261/1	REJECTED	3	0
70070464	signature/xor/261/2	REJECTED	3	0
70070464	signature/xor/261/3	REJECTED	3	0
70070464	signature/xor/261/4	REJECTED	3	0
70070464	signature/xor/261/5	REJECTED	3	0
70070464	signature/xor/261/6	REJECTED	3	0
70070464	signature/xor/261/7	REJECTED	3	0
70070464	signature/xor/262/0	REJECTED	3	0
70070464	signature/xor/262/1	REJECTED	3	0
70070464	signature/xor/262/2	REJECTED	3	0
70070464	signature/xor/262/3	REJECTED	3	0
70070464	signature/xor/262/4	REJECTED	3	0
70070464	signature/xor/262/5	REJECTED	3	0
70070464	signature/xor/262/6	REJECTED	3	0
70070464	signature/xor/262/7	REJECTED	3	0
70070464	signature/xor/263/0	REJECTED	3	0
70070464	signature/xor/263/1	REJECTED	3	0
70070464	signature/xor/263/2	REJECTED	3	0
70070464	signature/xor/263/3	REJECTED	3	0
70070464	signature/xor/263/4	REJECTED	3	0
70070464	signature/xor/263/5	REJECTED	3	0
70070464	signature/xor/263/6	REJECTED	3	0
70070464	signature/xor/263/7	REJECTED	3	0
70070464	signature/xor/264/0	REJECTED	3	0
70070464	signature/xor/264/1	REJECTED	3	0
70070464	signature/xor/264/2	REJECTED	3	0
70070464	signature/xor/264/3	REJECTED	3	0
70070464	signature/xor/264/4	REJECTED	3	0
70070464	signature/xor/264/5	REJECTED	3	0
70070464	signature/xor/264/6	REJECTED	3	0
70070464	signature/xor/264/7	REJECTED	3	0
70070464	signature/xor/265/0	REJECTED	3	0
70070464	signature/xor/265/1	REJECTED	3	0
70070464	signature/xor/265/2	REJECTED	3	0
70070464	signature/xor/265/3	REJECTED	3	0
70070464	signature/xor/265/4	REJECTED	3	0
70070464	signature/xor/265/5	REJECTED	3	0
70070464	signature/xor/265/6	REJECTED	3	0
70070464	signature/xor/265/7	REJECTED	3	0
70070464	signature/xor/266/0	REJECTED	3	0
70070464	signature/xor/266/1	REJECTED	3	0
70070464	signature/xor/266/2	REJECTED	3	0
70070464	signature/xor/266/3	REJECTED	3	0
70070464	signature/xor/266/4	REJECTED	3	0
70070464	signature/xor/266/5	REJECTED	3	0
70070464	signature/xor/266/6	REJECTED	3	0
70070464	signature/xor/266/7	REJECTED	3	0
70070464	signature/xor/267/0	REJECTED	3	0
70070464	signature/xor/267/1	REJECTED	3	0
70070464	signature/xor/267/2	REJECTED	3	0
70070464	signature/xor/267/3	REJECTED	3	0
70070464	signature/xor/267/4	REJECTED	3	0
70070464	signature/xor/267/5	REJECTED	3	0
70070464	signature/xor/267/6	REJECTED	3	0
70070464	signature/xor/267/7	REJECTED	3	0
70070464	signature/xor/268/0	REJECTED	3	0
70070464	signature/xor/268/1	REJECTED	3	0
70070464	signature/xor/268/2	REJECTED	3	0
70070464	signature/xor/268/3	REJECTED	3	0
70070464	signature/xor/268/4	REJECTED	3	0
70070464	signature/xor/268/5	REJECTED	3	0
70070464	signature/xor/268/6	REJECTED	3	0
70070464	signature/xor/268/7	REJECTED	3	0
70070464	signature/xor/269/0	REJECTED	3	0
70070464	signature/xor/269/1	REJECTED	3	0
70070464	signature/xor/269/2	REJECTED	3	0
70070464	signature/xor/269/3	REJECTED	3	0
70070464	signature/xor/269/4	REJECTED	3	0
70070464	signature/xor/269/5	REJECTED	3	0
70070464	signature/xor/269/6	REJECTED	3	0
70070464	signature/xor/269/7	REJECTED	3	0
70070464	signature/xor/270/0	REJECTED	3	0
70070464	signature/xor/270/1	REJECTED	3	0
70070464	signature/xor/270/2	REJECTED	3	0
70070464	signature/xor/270/3	REJECTED	3	0
70070464	signature/xor/270/4	REJECTED	3	0
70070464	signature/xor/270/5	REJECTED	3	0
70070464	signature/xor/270/6	REJECTED	3	0
70070464	signature/xor/270/7	REJECTED	3	0
70070464	signature/xor/271/0	REJECTED	3	0
70070464	signature/xor/271/1	REJECTED	3	0
70070464	signature/xor/271/2	REJECTED	3	0
70070464	signature/xor/271/3	REJECTED	3	0
70070464	signature/xor/271/4	REJECTED	3	0
70070464	signature/xor/271/5	REJECTED	3	0
70070464	signature/xor/271/6	REJECTED	3	0
70070464	signature/xor/271/7	REJECTED	3	0
70070464	signature/xor/272/0	REJECTED	3	0
70070464	signature/xor/272/1	REJECTED	3	0
70070464	signature/xor/272/2	REJECTED	3	0
70070464	signature/xor/272/3	REJECTED	3	0
70070464	signature/xor/272/4	REJECTED	3	0
70070464	signature/xor/272/5	REJECTED	3	0
70070464	signature/xor/272/6	REJECTED	3	0
70070464	signature/xor/272/7	REJECTED	3	0
70070464	signature/xor/273/0	REJECTED	3	0
70070464	signature/xor/273/1	REJECTED	3	0
70070464	signature/xor/273/2	REJECTED	3	0
70070464	signature/xor/273/3	REJECTED	3	0
70070464	signature/xor/273/4	REJECTED	3	0
70070464	signature/xor/273/5	REJECTED	3	0
70070464	signature/xor/273/6	REJECTED	3	0
70070464	signature/xor/273/7	REJECTED	3	0
70070464	signature/xor/274/0	REJECTED	3	0
70070464	signature/xor/274/1	REJECTED	3	0
70070464	signature/xor/274/2	REJECTED	3	0
70070464	signature/xor/274/3	REJECTED	3	0
70070464	signature/xor/274/4	REJECTED	3	0
70070464	signature/xor/274/5	REJECTED	3	0
70070464	signature/xor/274/6	REJECTED	3	0
70070464	signature/xor/274/7	REJECTED	3	0
70070464	signature/xor/275/0	REJECTED	3	0
70070464	signature/xor/275/1	REJECTED	3	0
70070464	signature/xor/275/2	REJECTED	3	0
70070464	signature/xor/275/3	REJECTED	3	0
70070464	signature/xor/275/4	REJECTED	3	0
70070464	signature/xor/275/5	REJECTED	3	0
70070464	signature/xor/275/6	REJECTED	3	0
70070464	signature/xor/275/7	REJECTED	3	0
70070464	signature/xor/276/0	REJECTED	3	0
70070464	signature/xor/276/1	REJECTED	3	0
70070464	signature/xor/276/2	REJECTED	3	0
70070464	signature/xor/276/3	REJECTED	3	0
70070464	signature/xor/276/4	REJECTED	3	0
70070464	signature/xor/276/5	REJECTED	3	0
70070464	signature/xor/276/6	REJECTED	3	0
70070464	signature/xor/276/7	REJECTED	3	0
70070464	signature/xor/277/0	REJECTED	3	0
70070464	signature/xor/277/1	REJECTED	3	0
70070464	signature/xor/277/2	REJECTED	3	0
70070464	signature/xor/277/3	REJECTED	3	0
70070464	signature/xor/277/4	REJECTED	3	0
70070464	signature/xor/277/5	REJECTED	3	0
70070464	signature/xor/277/6	REJECTED	3	0
70070464	signature/xor/277/7	REJECTED	3	0
70070464	signature/xor/278/0	REJECTED	3	0
70070464	signature/xor/278/1	REJECTED	3	0
70070464	signature/xor/278/2	REJECTED	3	0
70070464	signature/xor/278/3	REJECTED	3	0
70070464	signature/xor/278/4	REJECTED	3	0
70070464	signature/xor/278/5	REJECTED	3	0
70070464	signature/xor/278/6	REJECTED	3	0
70070464	signature/xor/278/7	REJECTED	3	0
70070464	signature/xor/279/0	REJECTED	3	0
70070464	signature/xor/279/1	REJECTED	3	0
70070464	signature/xor/279/2	REJECTED	3	0
70070464	signature/xor/279/3	REJECTED	3	0
70070464	signature/xor/279/4	REJECTED	3	0
70070464	signature/xor/279/5	REJECTED	3	0
70070464	signature/xor/279/6	REJECTED	3	0
70070464	signature/xor/279/7	REJECTED	3	0
70070464	signature/xor/280/0	REJECTED	3	0
70070464	signature/xor/280/1	REJECTED	3	0
70070464	signature/xor/280/2	REJECTED	3	0
70070464	signature/xor/280/3	REJECTED	3	0
70070464	signature/xor/280/4	REJECTED	3	0
70070464	signature/xor/280/5	REJECTED	3	0
70070464	signature/xor/280/6	REJECTED	3	0
70070464	signature/xor/280/7	REJECTED	3	0
70070464	signature/xor/281/0	REJECTED	3	0
70070464	signature/xor/281/1	REJECTED	3	0
70070464	signature/xor/281/2	REJECTED	3	0
70070464	signature/xor/281/3	REJECTED	3	0
70070464	signature/xor/281/4	REJECTED	3	0
70070464	signature/xor/281/5	REJECTED	3	0
70070464	signature/xor/281/6	REJECTED	3	0
70070464	signature/xor/281/7	REJECTED	3	0
70070464	signature/xor/282/0	REJECTED	3	0
70070464	signature/xor/282/1	REJECTED	3	0
70070464	signature/xor/282/2	REJECTED	3	0
70070464	signature/xor/282/3	REJECTED	3	0
70070464	signature/xor/282/4	REJECTED	3	0
70070464	signature/xor/282/5	REJECTED	3	0
70070464	signature/xor/282/6	REJECTED	3	0
70070464	signature/xor/282/7	REJECTED	3	0
70070464	signature/xor/283/0	REJECTED	3	0
70070464	signature/xor/283/1	REJECTED	3	0
70070464	signature/xor/283/2	REJECTED	3	0
70070464	signature/xor/283/3	REJECTED	3	0
70070464	signature/xor/283/4	REJECTED	3	0
70070464	signature/xor/283/5	REJECTED	3	0
70070464	signature/xor/283/6	REJECTED	3	0
70070464	signature/xor/283/7	REJECTED	3	0
70070464	signature/xor/284/0	REJECTED	3	0
70070464	signature/xor/284/1	REJECTED	3	0
70070464	signature/xor/284/2	REJECTED	3	0
70070464	signature/xor/284/3	REJECTED	3	0
70070464	signature/xor/284/4	REJECTED	3	0
70070464	signature/xor/284/5	REJECTED	3	0
70070464	signature/xor/284/6	REJECTED	3	0
70070464	signature/xor/284/7	REJECTED	3	0
70070464	signature/xor/285/0	REJECTED	3	0
70070464	signature/xor/285/1	REJECTED	3	0
70070464	signature/xor/285/2	REJECTED	3	0
70070464	signature/xor/285/3	REJECTED	3	0
70070464	signature/xor/285/4	REJECTED	3	0
70070464	signature/xor/285/5	REJECTED	3	0
70070464	signature/xor/285/6	REJECTED	3	0
70070464	signature/xor/285/7	REJECTED	3	0
70070464	signature/xor/286/0	REJECTED	3	0
70070464	signature/xor/286/1	REJECTED	3	0
70070464	signature/xor/286/2	REJECTED	3	0
70070464	signature/xor/286/3	REJECTED	3	0
70070464	signature/xor/286/4	REJECTED	3	0
70070464	signature/xor/286/5	REJECTED	3	0
70070464	signature/xor/286/6	REJECTED	3	0
70070464	signature/xor/286/7	REJECTED	3	0
70070464	signature/xor/287/0	REJECTED	3	0
70070464	signature/xor/287/1	REJECTED	3	0
70070464	signature/xor/287/2	REJECTED	3	0
70070464	signature/xor/287/3	REJECTED	3	0
70070464	signature/xor/287/4	REJECTED	3	0
70070464	signature/xor/287/5	REJECTED	3	0
70070464	signature/xor/287/6	REJECTED	3	0
70070464	signature/xor/287/7	REJECTED	3	0
70070464	signature/xor/288/0	REJECTED	3	0
70070464	signature/xor/288/1	REJECTED	3	0
70070464	signature/xor/288/2	REJECTED	3	0
70070464	signature/xor/288/3	REJECTED	3	0
70070464	signature/xor/288/4	REJECTED	3	0
70070464	signature/xor/288/5	REJECTED	3	0
70070464	signature/xor/288/6	REJECTED	3	0
70070464	signature/xor/288/7	REJECTED	3	0
70070464	signature/xor/289/0	REJECTED	3	0
70070464	signature/xor/289/1	REJECTED	3	0
70070464	signature/xor/289/2	REJECTED	3	0
70070464	signature/xor/289/3	REJECTED	3	0
70070464	signature/xor/289/4	REJECTED	3	0
70070464	signature/xor/289/5	REJECTED	3	0
70070464	signature/xor/289/6	REJECTED	3	0
70070464	signature/xor/289/7	REJECTED	3	0
70070464	signature/xor/290/0	REJECTED	3	0
70070464	signature/xor/290/1	REJECTED	3	0
70070464	signature/xor/290/2	REJECTED	3	0
70070464	signature/xor/290/3	REJECTED	3	0
70070464	signature/xor/290/4	REJECTED	3	0
70070464	signature/xor/290/5	REJECTED	3	0
70070464	signature/xor/290/6	REJECTED	3	0
70070464	signature/xor/290/7	REJECTED	3	0
70070464	signature/xor/291/0	REJECTED	3	0
70070464	signature/xor/291/1	REJECTED	3	0
70070464	signature/xor/291/2	REJECTED	3	0
70070464	signature/xor/291/3	REJECTED	3	0
70070464	signature/xor/291/4	REJECTED	3	0
70070464	signature/xor/291/5	REJECTED	3	0
70070464	signature/xor/291/6	REJECTED	3	0
70070464	signature/xor/291/7	REJECTED	3	0
70070464	signature/xor/292/0	REJECTED	3	0
70070464	signature/xor/292/1	REJECTED	3	0
70070464	signature/xor/292/2	REJECTED	3	0
70070464	signature/xor/292/3	REJECTED	3	0
70070464	signature/xor/292/4	REJECTED	3	0
70070464	signature/xor/292/5	REJECTED	3	0
70070464	signature/xor/292/6	REJECTED	3	0
70070464	signature/xor/292/7	REJECTED	3	0
70070464	signature/xor/293/0	REJECTED	3	0
70070464	signature/xor/293/1	REJECTED	3	0
70070464	signature/xor/293/2	REJECTED	3	0
70070464	signature/xor/293/3	REJECTED	3	0
70070464	signature/xor/293/4	REJECTED	3	0
70070464	signature/xor/293/5	REJECTED	3	0
70070464	signature/xor/293/6	REJECTED	3	0
70070464	signature/xor/293/7	REJECTED	3	0
70070464	signature/xor/294/0	REJECTED	3	0
70070464	signature/xor/294/1	REJECTED	3	0
70070464	signature/xor/294/2	REJECTED	3	0
70070464	signature/xor/294/3	REJECTED	3	0
70070464	signature/xor/294/4	REJECTED	3	0
70070464	signature/xor/294/5	REJECTED	3	0
70070464	signature/xor/294/6	REJECTED	3	0
70070464	signature/xor/294/7	REJECTED	3	0
70070464	signature/xor/295/0	REJECTED	3	0
70070464	signature/xor/295/1	REJECTED	3	0
70070464	signature/xor/295/2	REJECTED	3	0
70070464	signature/xor/295/3	REJECTED	3	0
70070464	signature/xor/295/4	REJECTED	3	0
70070464	signature/xor/295/5	REJECTED	3	0
70070464	signature/xor/295/6	REJECTED	3	0
70070464	signature/xor/295/7	REJECTED	3	0
70070464	signature/xor/296/0	REJECTED	3	0
70070464	signature/xor/296/1	REJECTED	3	0
70070464	signature/xor/296/2	REJECTED	3	0
70070464	signature/xor/296/3	REJECTED	3	0
70070464	signature/xor/296/4	REJECTED	3	0
70070464	signature/xor/296/5	REJECTED	3	0
70070464	signature/xor/296/6	REJECTED	3	0
70070464	signature/xor/296/7	REJECTED	3	0
70070464	signature/xor/297/0	REJECTED	3	0
70070464	signature/xor/297/1	REJECTED	3	0
70070464	signature/xor/297/2	REJECTED	3	0
70070464	signature/xor/297/3	REJECTED	3	0
70070464	signature/xor/297/4	REJECTED	3	0
70070464	signature/xor/297/5	REJECTED	3	0
70070464	signature/xor/297/6	REJECTED	3	0
70070464	signature/xor/297/7	REJECTED	3	0
70070464	signature/xor/298/0	REJECTED	3	0
70070464	signature/xor/298/1	REJECTED	3	0
70070464	signature/xor/298/2	REJECTED	3	0
70070464	signature/xor/298/3	REJECTED	3	0
70070464	signature/xor/298/4	REJECTED	3	0
70070464	signature/xor/298/5	REJECTED	3	0
70070464	signature/xor/298/6	REJECTED	3	0
70070464	signature/xor/298/7	REJECTED	3	0
70070464	signature/xor/299/0	REJECTED	3	0
70070464	signature/xor/299/1	REJECTED	3	0
70070464	signature/xor/299/2	REJECTED	3	0
70070464	signature/xor/299/3	REJECTED	3	0
70070464	signature/xor/299/4	REJECTED	3	0
70070464	signature/xor/299/5	REJECTED	3	0
70070464	signature/xor/299/6	REJECTED	3	0
70070464	signature/xor/299/7	REJECTED	3	0
70070464	signature/xor/300/0	REJECTED	3	0
70070464	signature/xor/300/1	REJECTED	3	0
70070464	signature/xor/300/2	REJECTED	3	0
70070464	signature/xor/300/3	REJECTED	3	0
70070464	signature/xor/300/4	REJECTED	3	0
70070464	signature/xor/300/5	REJECTED	3	0
70070464	signature/xor/300/6	REJECTED	3	0
70070464	signature/xor/300/7	REJECTED	3	0
70070464	signature/xor/301/0	REJECTED	3	0
70070464	signature/xor/301/1	REJECTED	3	0
70070464	signature/xor/301/2	REJECTED	3	0
70070464	signature/xor/301/3	REJECTED	3	0
70070464	signature/xor/301/4	REJECTED	3	0
70070464	signature/xor/301/5	REJECTED	3	0
70070464	signature/xor/301/6	REJECTED	3	0
70070464	signature/xor/301/7	REJECTED	3	0
70070464	signature/xor/302/0	REJECTED	3	0
70070464	signature/xor/302/1	REJECTED	3	0
70070464	signature/xor/302/2	REJECTED	3	0
70070464	signature/xor/302/3	REJECTED	3	0
70070464	signature/xor/302/4	REJECTED	3	0
70070464	signature/xor/302/5	REJECTED	3	0
70070464	signature/xor/302/6	REJECTED	3	0
70070464	signature/xor/302/7	REJECTED	3	0
70070464	signature/xor/303/0	REJECTED	3	0
70070464	signature/xor/303/1	REJECTED	3	0
70070464	signature/xor/303/2	REJECTED	3	0
70070464	signature/xor/303/3	REJECTED	3	0
70070464	signature/xor/303/4	REJECTED	3	0
70070464	signature/xor/303/5	REJECTED	3	0
70070464	signature/xor/303/6	REJECTED	3	0
70070464	signature/xor/303/7	REJECTED	3	0
70070464	signature/xor/304/0	REJECTED	3	0
70070464	signature/xor/304/1	REJECTED	3	0
70070464	signature/xor/304/2	REJECTED	3	0
70070464	signature/xor/304/3	REJECTED	3	0
70070464	signature/xor/304/4	REJECTED	3	0
70070464	signature/xor/304/5	REJECTED	3	0
70070464	signature/xor/304/6	REJECTED	3	0
70070464	signature/xor/304/7	REJECTED	3	0
70070464	signature/xor/305/0	REJECTED	3	0
70070464	signature/xor/305/1	REJECTED	3	0
70070464	signature/xor/305/2	REJECTED	3	0
70070464	signature/xor/305/3	REJECTED	3	0
70070464	signature/xor/305/4	REJECTED	3	0
70070464	signature/xor/305/5	REJECTED	3	0
70070464	signature/xor/305/6	REJECTED	3	0
70070464	signature/xor/305/7	REJECTED	3	0
70070464	signature/xor/306/0	REJECTED	3	0
70070464	signature/xor/306/1	REJECTED	3	0
70070464	signature/xor/306/2	REJECTED	3	0
70070464	signature/xor/306/3	REJECTED	3	0
70070464	signature/xor/306/4	REJECTED	3	0
70070464	signature/xor/306/5	REJECTED	3	0
70070464	signature/xor/306/6	REJECTED	3	0
70070464	signature/xor/306/7	REJECTED	3	0
70070464	signature/xor/307/0	REJECTED	3	0
70070464	signature/xor/307/1	REJECTED	3	0
70070464	signature/xor/307/2	REJECTED	3	0
70070464	signature/xor/307/3	REJECTED	3	0
70070464	signature/xor/307/4	REJECTED	3	0
70070464	signature/xor/307/5	REJECTED	3	0
70070464	signature/xor/307/6	REJECTED	3	0
70070464	signature/xor/307/7	REJECTED	3	0
70070464	signature/xor/308/0	REJECTED	3	0
70070464	signature/xor/308/1	REJECTED	3	0
70070464	signature/xor/308/2	REJECTED	3	0
70070464	signature/xor/308/3	REJECTED	3	0
70070464	signature/xor/308/4	REJECTED	3	0
70070464	signature/xor/308/5	REJECTED	3	0
70070464	signature/xor/308/6	REJECTED	3	0
70070464	signature/xor/308/7	REJECTED	3	0
70070464	signature/xor/309/0	REJECTED	3	0
70070464	signature/xor/309/1	REJECTED	3	0
70070464	signature/xor/309/2	REJECTED	3	0
70070464	signature/xor/309/3	REJECTED	3	0
70070464	signature/xor/309/4	REJECTED	3	0
70070464	signature/xor/309/5	REJECTED	3	0
70070464	signature/xor/309/6	REJECTED	3	0
70070464	signature/xor/309/7	REJECTED	3	0
70070464	signature/xor/310/0	REJECTED	3	0
70070464	signature/xor/310/1	REJECTED	3	0
70070464	signature/xor/310/2	REJECTED	3	0
70070464	signature/xor/310/3	REJECTED	3	0
70070464	signature/xor/310/4	REJECTED	3	0
70070464	signature/xor/310/5	REJECTED	3	0
70070464	signature/xor/310/6	REJECTED	3	0
70070464	signature/xor/310/7	REJECTED	3	0
70070464	signature/xor/311/0	REJECTED	3	0
70070464	signature/xor/311/1	REJECTED	3	0
70070464	signature/xor/311/2	REJECTED	3	0
70070464	signature/xor/311/3	REJECTED	3	0
70070464	signature/xor/311/4	REJECTED	3	0
70070464	signature/xor/311/5	REJECTED	3	0
70070464	signature/xor/311/6	REJECTED	3	0
70070464	signature/xor/311/7	REJECTED	3	0
70070464	signature/xor/312/0	REJECTED	3	0
70070464	signature/xor/312/1	REJECTED	3	0
70070464	signature/xor/312/2	REJECTED	3	0
70070464	signature/xor/312/3	REJECTED	3	0
70070464	signature/xor/312/4	REJECTED	3	0
70070464	signature/xor/312/5	REJECTED	3	0
70070464	signature/xor/312/6	REJECTED	3	0
70070464	signature/xor/312/7	REJECTED	3	0
70070464	signature/xor/313/0	REJECTED	3	0
70070464	signature/xor/313/1	REJECTED	3	0
70070464	signature/xor/313/2	REJECTED	3	0
70070464	signature/xor/313/3	REJECTED	3	0
70070464	signature/xor/313/4	REJECTED	3	0
70070464	signature/xor/313/5	REJECTED	3	0
70070464	signature/xor/313/6	REJECTED	3	0
70070464	signature/xor/313/7	REJECTED	3	0
70070464	signature/xor/314/0	REJECTED	3	0
70070464	signature/xor/314/1	REJECTED	3	0
70070464	signature/xor/314/2	REJECTED	3	0
70070464	signature/xor/314/3	REJECTED	3	0
70070464	signature/xor/314/4	REJECTED	3	0
70070464	signature/xor/314/5	REJECTED	3	0
70070464	signature/xor/314/6	REJECTED	3	0
70070464	signature/xor/314/7	REJECTED	3	0
70070464	signature/xor/315/0	REJECTED	3	0
70070464	signature/xor/315/1	REJECTED	3	0
70070464	signature/xor/315/2	REJECTED	3	0
70070464	signature/xor/315/3	REJECTED	3	0
70070464	signature/xor/315/4	REJECTED	3	0
70070464	signature/xor/315/5	REJECTED	3	0
70070464	signature/xor/315/6	REJECTED	3	0
70070464	signature/xor/315/7	REJECTED	3	0
70070464	signature/xor/316/0	REJECTED	3	0
70070464	signature/xor/316/1	REJECTED	3	0
70070464	signature/xor/316/2	REJECTED	3	0
70070464	signature/xor/316/3	REJECTED	3	0
70070464	signature/xor/316/4	REJECTED	3	0
70070464	signature/xor/316/5	REJECTED	3	0
70070464	signature/xor/316/6	REJECTED	3	0
70070464	signature/xor/316/7	REJECTED	3	0
70070464	signature/xor/317/0	REJECTED	3	0
70070464	signature/xor/317/1	REJECTED	3	0
70070464	signature/xor/317/2	REJECTED	3	0
70070464	signature/xor/317/3	REJECTED	3	0
70070464	signature/xor/317/4	REJECTED	3	0
70070464	signature/xor/317/5	REJECTED	3	0
70070464	signature/xor/317/6	REJECTED	3	0
70070464	signature/xor/317/7	REJECTED	3	0
70070464	signature/xor/318/0	REJECTED	3	0
70070464	signature/xor/318/1	REJECTED	3	0
70070464	signature/xor/318/2	REJECTED	3	0
70070464	signature/xor/318/3	REJECTED	3	0
70070464	signature/xor/318/4	REJECTED	3	0
70070464	signature/xor/318/5	REJECTED	3	0
70070464	signature/xor/318/6	REJECTED	3	0
70070464	signature/xor/318/7	REJECTED	3	0
70070464	signature/xor/319/0	REJECTED	3	0
70070464	signature/xor/319/1	REJECTED	3	0
70070464	signature/xor/319/2	REJECTED	3	0
70070464	signature/xor/319/3	REJECTED	3	0
70070464	signature/xor/319/4	REJECTED	3	0
70070464	signature/xor/319/5	REJECTED	3	0
70070464	signature/xor/319/6	REJECTED	3	0
70070464	signature/xor/319/7	REJECTED	3	0
70070464	signature/xor/320/0	REJECTED	2	0
70070464	signature/xor/320/1	REJECTED	2	0
70070464	signature/xor/320/2	REJECTED	2	0
70070464	signature/xor/320/3	REJECTED	2	0
70070464	signature/xor/320/4	REJECTED	2	0
70070464	signature/xor/320/5	REJECTED	2	0
70070464	signature/xor/320/6	REJECTED	2	0
70070464	signature/xor/320/7	REJECTED	2	0
70070464	signature/xor/321/0	REJECTED	2	0
70070464	signature/xor/321/1	REJECTED	2	0
70070464	signature/xor/321/2	REJECTED	2	0
70070464	signature/xor/321/3	REJECTED	2	0
70070464	signature/xor/321/4	REJECTED	2	0
70070464	signature/xor/321/5	REJECTED	2	0
70070464	signature/xor/321/6	REJECTED	2	0
70070464	signature/xor/321/7	REJECTED	2	0
70070464	signature/xor/322/0	REJECTED	2	0
70070464	signature/xor/322/1	REJECTED	2	0
70070464	signature/xor/322/2	REJECTED	2	0
70070464	signature/xor/322/3	REJECTED	2	0
70070464	signature/xor/322/4	REJECTED	2	0
70070464	signature/xor/322/5	REJECTED	2	0
70070464	signature/xor/322/6	REJECTED	2	0
70070464	signature/xor/322/7	REJECTED	2	0
70070464	signature/xor/323/0	REJECTED	2	0
70070464	signature/xor/323/1	REJECTED	2	0
70070464	signature/xor/323/2	REJECTED	2	0
70070464	signature/xor/323/3	REJECTED	2	0
70070464	signature/xor/323/4	REJECTED	2	0
70070464	signature/xor/323/5	REJECTED	2	0
70070464	signature/xor/323/6	REJECTED	2	0
70070464	signature/xor/323/7	REJECTED	2	0
70070464	signature/xor/324/0	REJECTED	2	0
70070464	signature/xor/324/1	REJECTED	2	0
70070464	signature/xor/324/2	REJECTED	2	0
70070464	signature/xor/324/3	REJECTED	2	0
70070464	signature/xor/324/4	REJECTED	2	0
70070464	signature/xor/324/5	REJECTED	2	0
70070464	signature/xor/324/6	REJECTED	2	0
70070464	signature/xor/324/7	REJECTED	2	0
70070464	signature/xor/325/0	REJECTED	2	0
70070464	signature/xor/325/1	REJECTED	2	0
70070464	signature/xor/325/2	REJECTED	2	0
70070464	signature/xor/325/3	REJECTED	2	0
70070464	signature/xor/325/4	REJECTED	2	0
70070464	signature/xor/325/5	REJECTED	2	0
70070464	signature/xor/325/6	REJECTED	2	0
70070464	signature/xor/325/7	REJECTED	2	0
70070464	signature/xor/326/0	REJECTED	2	0
70070464	signature/xor/326/1	REJECTED	2	0
70070464	signature/xor/326/2	REJECTED	2	0
70070464	signature/xor/326/3	REJECTED	2	0
70070464	signature/xor/326/4	REJECTED	2	0
70070464	signature/xor/326/5	REJECTED	2	0
70070464	signature/xor/326/6	REJECTED	2	0
70070464	signature/xor/326/7	REJECTED	2	0
70070464	signature/xor/327/0	REJECTED	2	0
70070464	signature/xor/327/1	REJECTED	2	0
70070464	signature/xor/327/2	REJECTED	2	0
70070464	signature/xor/327/3	REJECTED	2	0
70070464	signature/xor/327/4	REJECTED	2	0
70070464	signature/xor/327/5	REJECTED	2	0
70070464	signature/xor/327/6	REJECTED	2	0
70070464	signature/xor/327/7	REJECTED	2	0
70070464	signature/xor/328/0	REJECTED	2	0
70070464	signature/xor/328/1	REJECTED	2	0
70070464	signature/xor/328/2	REJECTED	2	0
70070464	signature/xor/328/3	REJECTED	2	0
70070464	signature/xor/328/4	REJECTED	2	0
70070464	signature/xor/328/5	REJECTED	2	0
70070464	signature/xor/328/6	REJECTED	2	0
70070464	signature/xor/328/7	REJECTED	2	0
70070464	signature/xor/329/0	REJECTED	2	0
70070464	signature/xor/329/1	REJECTED	2	0
70070464	signature/xor/329/2	REJECTED	2	0
70070464	signature/xor/329/3	REJECTED	2	0
70070464	signature/xor/329/4	REJECTED	2	0
70070464	signature/xor/329/5	REJECTED	2	0
70070464	signature/xor/329/6	REJECTED	2	0
70070464	signature/xor/329/7	REJECTED	2	0
70070464	signature/xor/330/0	REJECTED	2	0
70070464	signature/xor/330/1	REJECTED	2	0
70070464	signature/xor/330/2	REJECTED	2	0
70070464	signature/xor/330/3	REJECTED	2	0
70070464	signature/xor/330/4	REJECTED	2	0
70070464	signature/xor/330/5	REJECTED	2	0
70070464	signature/xor/330/6	REJECTED	2	0
70070464	signature/xor/330/7	REJECTED	2	0
70070464	signature/xor/331/0	REJECTED	2	0
70070464	signature/xor/331/1	REJECTED	2	0
70070464	signature/xor/331/2	REJECTED	2	0
70070464	signature/xor/331/3	REJECTED	2	0
70070464	signature/xor/331/4	REJECTED	2	0
70070464	signature/xor/331/5	REJECTED	2	0
70070464	signature/xor/331/6	REJECTED	2	0
70070464	signature/xor/331/7	REJECTED	2	0
70070464	signature/xor/332/0	REJECTED	2	0
70070464	signature/xor/332/1	REJECTED	2	0
70070464	signature/xor/332/2	REJECTED	2	0
70070464	signature/xor/332/3	REJECTED	2	0
70070464	signature/xor/332/4	REJECTED	2	0
70070464	signature/xor/332/5	REJECTED	2	0
70070464	signature/xor/332/6	REJECTED	2	0
70070464	signature/xor/332/7	REJECTED	2	0
70070464	signature/xor/333/0	REJECTED	2	0
70070464	signature/xor/333/1	REJECTED	2	0
70070464	signature/xor/333/2	REJECTED	2	0
70070464	signature/xor/333/3	REJECTED	2	0
70070464	signature/xor/333/4	REJECTED	2	0
70070464	signature/xor/333/5	REJECTED	2	0
70070464	signature/xor/333/6	REJECTED	2	0
70070464	signature/xor/333/7	REJECTED	2	0
70070464	signature/xor/334/0	REJECTED	2	0
70070464	signature/xor/334/1	REJECTED	2	0
70070464	signature/xor/334/2	REJECTED	2	0
70070464	signature/xor/334/3	REJECTED	2	0
70070464	signature/xor/334/4	REJECTED	2	0
70070464	signature/xor/334/5	REJECTED	2	0
70070464	signature/xor/334/6	REJECTED	2	0
70070464	signature/xor/334/7	REJECTED	2	0
70070464	signature/xor/335/0	REJECTED	2	0
70070464	signature/xor/335/1	REJECTED	2	0
70070464	signature/xor/335/2	REJECTED	2	0
70070464	signature/xor/335/3	REJECTED	2	0
70070464	signature/xor/335/4	REJECTED	2	0
70070464	signature/xor/335/5	REJECTED	2	0
70070464	signature/xor/335/6	REJECTED	2	0
70070464	signature/xor/335/7	REJECTED	2	0
70070464	signature/xor/336/0	REJECTED	2	0
70070464	signature/xor/336/1	REJECTED	2	0
70070464	signature/xor/336/2	REJECTED	2	0
70070464	signature/xor/336/3	REJECTED	2	0
70070464	signature/xor/336/4	REJECTED	2	0
70070464	signature/xor/336/5	REJECTED	2	0
70070464	signature/xor/336/6	REJECTED	2	0
70070464	signature/xor/336/7	REJECTED	2	0
70070464	signature/xor/337/0	REJECTED	2	0
70070464	signature/xor/337/1	REJECTED	2	0
70070464	signature/xor/337/2	REJECTED	2	0
70070464	signature/xor/337/3	REJECTED	2	0
70070464	signature/xor/337/4	REJECTED	2	0
70070464	signature/xor/337/5	REJECTED	2	0
70070464	signature/xor/337/6	REJECTED	2	0
70070464	signature/xor/337/7	REJECTED	2	0
70070464	signature/xor/338/0	REJECTED	2	0
70070464	signature/xor/338/1	REJECTED	2	0
70070464	signature/xor/338/2	REJECTED	2	0
70070464	signature/xor/338/3	REJECTED	2	0
70070464	signature/xor/338/4	REJECTED	2	0
70070464	signature/xor/338/5	REJECTED	2	0
70070464	signature/xor/338/6	REJECTED	2	0
70070464	signature/xor/338/7	REJECTED	2	0
70070464	signature/xor/339/0	REJECTED	2	0
70070464	signature/xor/339/1	REJECTED	2	0
70070464	signature/xor/339/2	REJECTED	2	0
70070464	signature/xor/339/3	REJECTED	2	0
70070464	signature/xor/339/4	REJECTED	2	0
70070464	signature/xor/339/5	REJECTED	2	0
70070464	signature/xor/339/6	REJECTED	2	0
70070464	signature/xor/339/7	REJECTED	2	0
70070464	signature/xor/340/0	REJECTED	2	0
70070464	signature/xor/340/1	REJECTED	2	0
70070464	signature/xor/340/2	REJECTED	2	0
70070464	signature/xor/340/3	REJECTED	2	0
70070464	signature/xor/340/4	REJECTED	2	0
70070464	signature/xor/340/5	REJECTED	2	0
70070464	signature/xor/340/6	REJECTED	2	0
70070464	signature/xor/340/7	REJECTED	2	0
70070464	signature/xor/341/0	REJECTED	2	0
70070464	signature/xor/341/1	REJECTED	2	0
70070464	signature/xor/341/2	REJECTED	2	0
70070464	signature/xor/341/3	REJECTED	2	0
70070464	signature/xor/341/4	REJECTED	2	0
70070464	signature/xor/341/5	REJECTED	2	0
70070464	signature/xor/341/6	REJECTED	2	0
70070464	signature/xor/341/7	REJECTED	2	0
70070464	signature/xor/342/0	REJECTED	2	0
70070464	signature/xor/342/1	REJECTED	2	0
70070464	signature/xor/342/2	REJECTED	2	0
70070464	signature/xor/342/3	REJECTED	2	0
70070464	signature/xor/342/4	REJECTED	2	0
70070464	signature/xor/342/5	REJECTED	2	0
70070464	signature/xor/342/6	REJECTED	2	0
70070464	signature/xor/342/7	REJECTED	2	0
70070464	signature/xor/343/0	REJECTED	2	0
70070464	signature/xor/343/1	REJECTED	2	0
70070464	signature/xor/343/2	REJECTED	2	0
70070464	signature/xor/343/3	REJECTED	2	0
70070464	signature/xor/343/4	REJECTED	2	0
70070464	signature/xor/343/5	REJECTED	2	0
70070464	signature/xor/343/6	REJECTED	2	0
70070464	signature/xor/343/7	REJECTED	2	0
70070464	signature/xor/344/0	REJECTED	2	0
70070464	signature/xor/344/1	REJECTED	2	0
70070464	signature/xor/344/2	REJECTED	2	0
70070464	signature/xor/344/3	REJECTED	2	0
70070464	signature/xor/344/4	REJECTED	2	0
70070464	signature/xor/344/5	REJECTED	2	0
70070464	signature/xor/344/6	REJECTED	2	0
70070464	signature/xor/344/7	REJECTED	2	0
70070464	signature/xor/345/0	REJECTED	2	0
70070464	signature/xor/345/1	REJECTED	2	0
70070464	signature/xor/345/2	REJECTED	2	0
70070464	signature/xor/345/3	REJECTED	2	0
70070464	signature/xor/345/4	REJECTED	2	0
70070464	signature/xor/345/5	REJECTED	2	0
70070464	signature/xor/345/6	REJECTED	2	0
70070464	signature/xor/345/7	REJECTED	2	0
70070464	signature/xor/346/0	REJECTED	2	0
70070464	signature/xor/346/1	REJECTED	2	0
70070464	signature/xor/346/2	REJECTED	2	0
70070464	signature/xor/346/3	REJECTED	2	0
70070464	signature/xor/346/4	REJECTED	2	0
70070464	signature/xor/346/5	REJECTED	2	0
70070464	signature/xor/346/6	REJECTED	2	0
70070464	signature/xor/346/7	REJECTED	2	0
70070464	signature/xor/347/0	REJECTED	2	0
70070464	signature/xor/347/1	REJECTED	2	0
70070464	signature/xor/347/2	REJECTED	2	0
70070464	signature/xor/347/3	REJECTED	2	0
70070464	signature/xor/347/4	REJECTED	2	0
70070464	signature/xor/347/5	REJECTED	2	0
70070464	signature/xor/347/6	REJECTED	2	0
70070464	signature/xor/347/7	REJECTED	2	0
70070464	signature/xor/348/0	REJECTED	2	0
70070464	signature/xor/348/1	REJECTED	2	0
70070464	signature/xor/348/2	REJECTED	2	0
70070464	signature/xor/348/3	REJECTED	2	0
70070464	signature/xor/348/4	REJECTED	2	0
70070464	signature/xor/348/5	REJECTED	2	0
70070464	signature/xor/348/6	REJECTED	2	0
70070464	signature/xor/348/7	REJECTED	2	0
70070464	signature/xor/349/0	REJECTED	2	0
70070464	signature/xor/349/1	REJECTED	2	0
70070464	signature/xor/349/2	REJECTED	2	0
70070464	signature/xor/349/3	REJECTED	2	0
70070464	signature/xor/349/4	REJECTED	2	0
70070464	signature/xor/349/5	REJECTED	2	0
70070464	signature/xor/349/6	REJECTED	2	0
70070464	signature/xor/349/7	REJECTED	2	0
70070464	signature/xor/350/0	REJECTED	2	0
70070464	signature/xor/350/1	REJECTED	2	0
70070464	signature/xor/350/2	REJECTED	2	0
70070464	signature/xor/350/3	REJECTED	2	0
70070464	signature/xor/350/4	REJECTED	2	0
70070464	signature/xor/350/5	REJECTED	2	0
70070464	signature/xor/350/6	REJECTED	2	0
70070464	signature/xor/350/7	REJECTED	2	0
70070464	signature/xor/351/0	REJECTED	2	0
70070464	signature/xor/351/1	REJECTED	2	0
70070464	signature/xor/351/2	REJECTED	2	0
70070464	signature/xor/351/3	REJECTED	2	0
70070464	signature/xor/351/4	REJECTED	2	0
70070464	signature/xor/351/5	REJECTED	2	0
70070464	signature/xor/351/6	REJECTED	2	0
70070464	signature/xor/351/7	REJECTED	2	0
70070464	signature/xor/352/0	REJECTED	2	0
70070464	signature/xor/352/1	REJECTED	2	0
70070464	signature/xor/352/2	REJECTED	2	0
70070464	signature/xor/352/3	REJECTED	2	0
70070464	signature/xor/352/4	REJECTED	2	0
70070464	signature/xor/352/5	REJECTED	2	0
70070464	signature/xor/352/6	REJECTED	2	0
70070464	signature/xor/352/7	REJECTED	2	0
70070464	signature/xor/353/0	REJECTED	2	0
70070464	signature/xor/353/1	REJECTED	2	0
70070464	signature/xor/353/2	REJECTED	2	0
70070464	signature/xor/353/3	REJECTED	2	0
70070464	signature/xor/353/4	REJECTED	2	0
70070464	signature/xor/353/5	REJECTED	2	0
70070464	signature/xor/353/6	REJECTED	2	0
70070464	signature/xor/353/7	REJECTED	2	0
70070464	signature/xor/354/0	REJECTED	2	0
70070464	signature/xor/354/1	REJECTED	2	0
70070464	signature/xor/354/2	REJECTED	2	0
70070464	signature/xor/354/3	REJECTED	2	0
70070464	signature/xor/354/4	REJECTED	2	0
70070464	signature/xor/354/5	REJECTED	2	0
70070464	signature/xor/354/6	REJECTED	2	0
70070464	signature/xor/354/7	REJECTED	2	0
70070464	signature/xor/355/0	REJECTED	2	0
70070464	signature/xor/355/1	REJECTED	2	0
70070464	signature/xor/355/2	REJECTED	2	0
70070464	signature/xor/355/3	REJECTED	2	0
70070464	signature/xor/355/4	REJECTED	2	0
70070464	signature/xor/355/5	REJECTED	2	0
70070464	signature/xor/355/6	REJECTED	2	0
70070464	signature/xor/355/7	REJECTED	2	0
70070464	signature/xor/356/0	REJECTED	2	0
70070464	signature/xor/356/1	REJECTED	2	0
70070464	signature/xor/356/2	REJECTED	2	0
70070464	signature/xor/356/3	REJECTED	2	0
70070464	signature/xor/356/4	REJECTED	2	0
70070464	signature/xor/356/5	REJECTED	2	0
70070464	signature/xor/356/6	REJECTED	2	0
70070464	signature/xor/356/7	REJECTED	2	0
70070464	signature/xor/357/0	REJECTED	2	0
70070464	signature/xor/357/1	REJECTED	2	0
70070464	signature/xor/357/2	REJECTED	2	0
70070464	signature/xor/357/3	REJECTED	2	0
70070464	signature/xor/357/4	REJECTED	2	0
70070464	signature/xor/357/5	REJECTED	2	0
70070464	signature/xor/357/6	REJECTED	2	0
70070464	signature/xor/357/7	REJECTED	2	0
70070464	signature/xor/358/0	REJECTED	2	0
70070464	signature/xor/358/1	REJECTED	2	0
70070464	signature/xor/358/2	REJECTED	2	0
70070464	signature/xor/358/3	REJECTED	2	0
70070464	signature/xor/358/4	REJECTED	2	0
70070464	signature/xor/358/5	REJECTED	2	0
70070464	signature/xor/358/6	REJECTED	2	0
70070464	signature/xor/358/7	REJECTED	2	0
70070464	signature/xor/359/0	REJECTED	2	0
70070464	signature/xor/359/1	REJECTED	2	0
70070464	signature/xor/359/2	REJECTED	2	0
70070464	signature/xor/359/3	REJECTED	2	0
70070464	signature/xor/359/4	REJECTED	2	0
70070464	signature/xor/359/5	REJECTED	2	0
70070464	signature/xor/359/6	REJECTED	2	0
70070464	signature/xor/359/7	REJECTED	2	0
70070464	signature/xor/360/0	REJECTED	2	0
70070464	signature/xor/360/1	REJECTED	2	0
70070464	signature/xor/360/2	REJECTED	2	0
70070464	signature/xor/360/3	REJECTED	2	0
70070464	signature/xor/360/4	REJECTED	2	0
70070464	signature/xor/360/5	REJECTED	2	0
70070464	signature/xor/360/6	REJECTED	2	0
70070464	signature/xor/360/7	REJECTED	2	0
70070464	signature/xor/361/0	REJECTED	2	0
70070464	signature/xor/361/1	REJECTED	2	0
70070464	signature/xor/361/2	REJECTED	2	0
70070464	signature/xor/361/3	REJECTED	2	0
70070464	signature/xor/361/4	REJECTED	2	0
70070464	signature/xor/361/5	REJECTED	2	0
70070464	signature/xor/361/6	REJECTED	2	0
70070464	signature/xor/361/7	REJECTED	2	0
70070464	signature/xor/362/0	REJECTED	2	0
70070464	signature/xor/362/1	REJECTED	2	0
70070464	signature/xor/362/2	REJECTED	2	0
70070464	signature/xor/362/3	REJECTED	2	0
70070464	signature/xor/362/4	REJECTED	2	0
70070464	signature/xor/362/5	REJECTED	2	0
70070464	signature/xor/362/6	REJECTED	2	0
70070464	signature/xor/362/7	REJECTED	2	0
70070464	signature/xor/363/0	REJECTED	2	0
70070464	signature/xor/363/1	REJECTED	2	0
70070464	signature/xor/363/2	REJECTED	2	0
70070464	signature/xor/363/3	REJECTED	2	0
70070464	signature/xor/363/4	REJECTED	2	0
70070464	signature/xor/363/5	REJECTED	2	0
70070464	signature/xor/363/6	REJECTED	2	0
70070464	signature/xor/363/7	REJECTED	2	0
70070464	signature/xor/364/0	REJECTED	2	0
70070464	signature/xor/364/1	REJECTED	2	0
70070464	signature/xor/364/2	REJECTED	2	0
70070464	signature/xor/364/3	REJECTED	2	0
70070464	signature/xor/364/4	REJECTED	2	0
70070464	signature/xor/364/5	REJECTED	2	0
70070464	signature/xor/364/6	REJECTED	2	0
70070464	signature/xor/364/7	REJECTED	2	0
70070464	signature/xor/365/0	REJECTED	2	0
70070464	signature/xor/365/1	REJECTED	2	0
70070464	signature/xor/365/2	REJECTED	2	0
70070464	signature/xor/365/3	REJECTED	2	0
70070464	signature/xor/365/4	REJECTED	2	0
70070464	signature/xor/365/5	REJECTED	2	0
70070464	signature/xor/365/6	REJECTED	2	0
70070464	signature/xor/365/7	REJECTED	2	0
70070464	signature/xor/366/0	REJECTED	2	0
70070464	signature/xor/366/1	REJECTED	2	0
70070464	signature/xor/366/2	REJECTED	2	0
70070464	signature/xor/366/3	REJECTED	2	0
70070464	signature/xor/366/4	REJECTED	2	0
70070464	signature/xor/366/5	REJECTED	2	0
70070464	signature/xor/366/6	REJECTED	2	0
70070464	signature/xor/366/7	REJECTED	2	0
70070464	signature/xor/367/0	REJECTED	2	0
70070464	signature/xor/367/1	REJECTED	2	0
70070464	signature/xor/367/2	REJECTED	2	0
70070464	signature/xor/367/3	REJECTED	2	0
70070464	signature/xor/367/4	REJECTED	2	0
70070464	signature/xor/367/5	REJECTED	2	0
70070464	signature/xor/367/6	REJECTED	2	0
70070464	signature/xor/367/7	REJECTED	2	0
70070464	signature/xor/368/0	REJECTED	2	0
70070464	signature/xor/368/1	REJECTED	2	0
70070464	signature/xor/368/2	REJECTED	2	0
70070464	signature/xor/368/3	REJECTED	2	0
70070464	signature/xor/368/4	REJECTED	2	0
70070464	signature/xor/368/5	REJECTED	2	0
70070464	signature/xor/368/6	REJECTED	2	0
70070464	signature/xor/368/7	REJECTED	2	0
70070464	signature/xor/369/0	REJECTED	2	0
70070464	signature/xor/369/1	REJECTED	2	0
70070464	signature/xor/369/2	REJECTED	2	0
70070464	signature/xor/369/3	REJECTED	2	0
70070464	signature/xor/369/4	REJECTED	2	0
70070464	signature/xor/369/5	REJECTED	2	0
70070464	signature/xor/369/6	REJECTED	2	0
70070464	signature/xor/369/7	REJECTED	2	0
70070464	signature/xor/370/0	REJECTED	2	0
70070464	signature/xor/370/1	REJECTED	2	0
70070464	signature/xor/370/2	REJECTED	2	0
70070464	signature/xor/370/3	REJECTED	2	0
70070464	signature/xor/370/4	REJECTED	2	0
70070464	signature/xor/370/5	REJECTED	2	0
70070464	signature/xor/370/6	REJECTED	2	0
70070464	signature/xor/370/7	REJECTED	2	0
70070464	signature/xor/371/0	REJECTED	2	0
70070464	signature/xor/371/1	REJECTED	2	0
70070464	signature/xor/371/2	REJECTED	2	0
70070464	signature/xor/371/3	REJECTED	2	0
70070464	signature/xor/371/4	REJECTED	2	0
70070464	signature/xor/371/5	REJECTED	2	0
70070464	signature/xor/371/6	REJECTED	2	0
70070464	signature/xor/371/7	REJECTED	2	0
70070464	signature/xor/372/0	REJECTED	2	0
70070464	signature/xor/372/1	REJECTED	2	0
70070464	signature/xor/372/2	REJECTED	2	0
70070464	signature/xor/372/3	REJECTED	2	0
70070464	signature/xor/372/4	REJECTED	2	0
70070464	signature/xor/372/5	REJECTED	2	0
70070464	signature/xor/372/6	REJECTED	2	0
70070464	signature/xor/372/7	REJECTED	2	0
70070464	signature/xor/373/0	REJECTED	2	0
70070464	signature/xor/373/1	REJECTED	2	0
70070464	signature/xor/373/2	REJECTED	2	0
70070464	signature/xor/373/3	REJECTED	2	0
70070464	signature/xor/373/4	REJECTED	2	0
70070464	signature/xor/373/5	REJECTED	2	0
70070464	signature/xor/373/6	REJECTED	2	0
70070464	signature/xor/373/7	REJECTED	2	0
70070464	signature/xor/374/0	REJECTED	2	0
70070464	signature/xor/374/1	REJECTED	2	0
70070464	signature/xor/374/2	REJECTED	2	0
70070464	signature/xor/374/3	REJECTED	2	0
70070464	signature/xor/374/4	REJECTED	2	0
70070464	signature/xor/374/5	REJECTED	2	0
70070464	signature/xor/374/6	REJECTED	2	0
70070464	signature/xor/374/7	REJECTED	2	0
70070464	signature/xor/375/0	REJECTED	2	0
70070464	signature/xor/375/1	REJECTED	2	0
70070464	signature/xor/375/2	REJECTED	2	0
70070464	signature/xor/375/3	REJECTED	2	0
70070464	signature/xor/375/4	REJECTED	2	0
70070464	signature/xor/375/5	REJECTED	2	0
70070464	signature/xor/375/6	REJECTED	2	0
70070464	signature/xor/375/7	REJECTED	2	0
70070464	signature/xor/376/0	REJECTED	2	0
70070464	signature/xor/376/1	REJECTED	2	0
70070464	signature/xor/376/2	REJECTED	2	0
70070464	signature/xor/376/3	REJECTED	2	0
70070464	signature/xor/376/4	REJECTED	2	0
70070464	signature/xor/376/5	REJECTED	2	0
70070464	signature/xor/376/6	REJECTED	2	0
70070464	signature/xor/376/7	REJECTED	2	0
70070464	signature/xor/377/0	REJECTED	2	0
70070464	signature/xor/377/1	REJECTED	2	0
70070464	signature/xor/377/2	REJECTED	2	0
70070464	signature/xor/377/3	REJECTED	2	0
70070464	signature/xor/377/4	REJECTED	2	0
70070464	signature/xor/377/5	REJECTED	2	0
70070464	signature/xor/377/6	REJECTED	2	0
70070464	signature/xor/377/7	REJECTED	2	0
70070464	signature/xor/378/0	REJECTED	2	0
70070464	signature/xor/378/1	REJECTED	2	0
70070464	signature/xor/378/2	REJECTED	2	0
70070464	signature/xor/378/3	REJECTED	2	0
70070464	signature/xor/378/4	REJECTED	2	0
70070464	signature/xor/378/5	REJECTED	2	0
70070464	signature/xor/378/6	REJECTED	2	0
70070464	signature/xor/378/7	REJECTED	2	0
70070464	signature/xor/379/0	REJECTED	2	0
70070464	signature/xor/379/1	REJECTED	2	0
70070464	signature/xor/379/2	REJECTED	2	0
70070464	signature/xor/379/3	REJECTED	2	0
70070464	signature/xor/379/4	REJECTED	2	0
70070464	signature/xor/379/5	REJECTED	2	0
70070464	signature/xor/379/6	REJECTED	2	0
70070464	signature/xor/379/7	REJECTED	2	0
70070464	signature/xor/380/0	REJECTED	2	0
70070464	signature/xor/380/1	REJECTED	2	0
70070464	signature/xor/380/2	REJECTED	2	0
70070464	signature/xor/380/3	REJECTED	2	0
70070464	signature/xor/380/4	REJECTED	2	0
70070464	signature/xor/380/5	REJECTED	2	0
70070464	signature/xor/380/6	REJECTED	2	0
70070464	signature/xor/380/7	REJECTED	2	0
70070464	signature/xor/381/0	REJECTED	2	0
70070464	signature/xor/381/1	REJECTED	2	0
70070464	signature/xor/381/2	REJECTED	2	0
70070464	signature/xor/381/3	REJECTED	2	0
70070464	signature/xor/381/4	REJECTED	2	0
70070464	signature/xor/381/5	REJECTED	2	0
70070464	signature/xor/381/6	REJECTED	2	0
70070464	signature/xor/381/7	REJECTED	2	0
70070464	signature/xor/382/0	REJECTED	2	0
70070464	signature/xor/382/1	REJECTED	2	0
70070464	signature/xor/382/2	REJECTED	2	0
70070464	signature/xor/382/3	REJECTED	2	0
70070464	signature/xor/382/4	REJECTED	2	0
70070464	signature/xor/382/5	REJECTED	2	0
70070464	signature/xor/382/6	REJECTED	2	0
70070464	signature/xor/382/7	REJECTED	2	0
70070464	signature/xor/383/0	REJECTED	2	0
70070464	signature/xor/383/1	REJECTED	2	0
70070464	signature/xor/383/2	REJECTED	2	0
70070464	signature/xor/383/3	REJECTED	2	0
70070464	signature/xor/383/4	REJECTED	2	0
70070464	signature/xor/383/5	REJECTED	2	0
70070464	signature/xor/383/6	REJECTED	2	0
70070464	signature/xor/383/7	REJECTED	2	0
70070464	signature/xor/384/0	REJECTED	1	0
70070464	signature/xor/384/1	REJECTED	1	0
70070464	signature/xor/384/2	REJECTED	1	0
70070464	signature/xor/384/3	REJECTED	1	0
70070464	signature/xor/384/4	REJECTED	1	0
70070464	signature/xor/384/5	REJECTED	1	0
70070464	signature/xor/384/6	REJECTED	1	0
70070464	signature/xor/384/7	REJECTED	1	0
70070464	signature/xor/385/0	REJECTED	1	0
70070464	signature/xor/385/1	REJECTED	1	0
70070464	signature/xor/385/2	REJECTED	1	0
70070464	signature/xor/385/3	REJECTED	1	0
70070464	signature/xor/385/4	REJECTED	1	0
70070464	signature/xor/385/5	REJECTED	1	0
70070464	signature/xor/385/6	REJECTED	1	0
70070464	signature/xor/385/7	REJECTED	1	0
70070464	signature/xor/386/0	REJECTED	1	0
70070464	signature/xor/386/1	REJECTED	1	0
70070464	signature/xor/386/2	REJECTED	1	0
70070464	signature/xor/386/3	REJECTED	1	0
70070464	signature/xor/386/4	REJECTED	1	0
70070464	signature/xor/386/5	REJECTED	1	0
70070464	signature/xor/386/6	REJECTED	1	0
70070464	signature/xor/386/7	REJECTED	1	0
70070464	signature/xor/387/0	REJECTED	1	0
70070464	signature/xor/387/1	REJECTED	1	0
70070464	signature/xor/387/2	REJECTED	1	0
70070464	signature/xor/387/3	REJECTED	1	0
70070464	signature/xor/387/4	REJECTED	1	0
70070464	signature/xor/387/5	REJECTED	1	0
70070464	signature/xor/387/6	REJECTED	1	0
70070464	signature/xor/387/7	REJECTED	1	0
70070464	signature/xor/388/0	REJECTED	1	0
70070464	signature/xor/388/1	REJECTED	1	0
70070464	signature/xor/388/2	REJECTED	1	0
70070464	signature/xor/388/3	REJECTED	1	0
70070464	signature/xor/388/4	REJECTED	1	0
70070464	signature/xor/388/5	REJECTED	1	0
70070464	signature/xor/388/6	REJECTED	1	0
70070464	signature/xor/388/7	REJECTED	1	0
70070464	signature/xor/389/0	REJECTED	1	0
70070464	signature/xor/389/1	REJECTED	1	0
70070464	signature/xor/389/2	REJECTED	1	0
70070464	signature/xor/389/3	REJECTED	1	0
70070464	signature/xor/389/4	REJECTED	1	0
70070464	signature/xor/389/5	REJECTED	1	0
70070464	signature/xor/389/6	REJECTED	1	0
70070464	signature/xor/389/7	REJECTED	1	0
70070464	signature/xor/390/0	REJECTED	1	0
70070464	signature/xor/390/1	REJECTED	1	0
70070464	signature/xor/390/2	REJECTED	1	0
70070464	signature/xor/390/3	REJECTED	1	0
70070464	signature/xor/390/4	REJECTED	1	0
70070464	signature/xor/390/5	REJECTED	1	0
70070464	signature/xor/390/6	REJECTED	1	0
70070464	signature/xor/390/7	REJECTED	1	0
70070464	signature/xor/391/0	REJECTED	1	0
70070464	signature/xor/391/1	REJECTED	1	0
70070464	signature/xor/391/2	REJECTED	1	0
70070464	signature/xor/391/3	REJECTED	1	0
70070464	signature/xor/391/4	REJECTED	1	0
70070464	signature/xor/391/5	REJECTED	1	0
70070464	signature/xor/391/6	REJECTED	1	0
70070464	signature/xor/391/7	REJECTED	1	0
70070464	signature/xor/392/0	REJECTED	1	0
70070464	signature/xor/392/1	REJECTED	1	0
70070464	signature/xor/392/2	REJECTED	1	0
70070464	signature/xor/392/3	REJECTED	1	0
70070464	signature/xor/392/4	REJECTED	1	0
70070464	signature/xor/392/5	REJECTED	1	0
70070464	signature/xor/392/6	REJECTED	1	0
70070464	signature/xor/392/7	REJECTED	1	0
70070464	signature/xor/393/0	REJECTED	1	0
70070464	signature/xor/393/1	REJECTED	1	0
70070464	signature/xor/393/2	REJECTED	1	0
70070464	signature/xor/393/3	REJECTED	1	0
70070464	signature/xor/393/4	REJECTED	1	0
70070464	signature/xor/393/5	REJECTED	1	0
70070464	signature/xor/393/6	REJECTED	1	0
70070464	signature/xor/393/7	REJECTED	1	0
70070464	signature/xor/394/0	REJECTED	1	0
70070464	signature/xor/394/1	REJECTED	1	0
70070464	signature/xor/394/2	REJECTED	1	0
70070464	signature/xor/394/3	REJECTED	1	0
70070464	signature/xor/394/4	REJECTED	1	0
70070464	signature/xor/394/5	REJECTED	1	0
70070464	signature/xor/394/6	REJECTED	1	0
70070464	signature/xor/394/7	REJECTED	1	0
70070464	signature/xor/395/0	REJECTED	1	0
70070464	signature/xor/395/1	REJECTED	1	0
70070464	signature/xor/395/2	REJECTED	1	0
70070464	signature/xor/395/3	REJECTED	1	0
70070464	signature/xor/395/4	REJECTED	1	0
70070464	signature/xor/395/5	REJECTED	1	0
70070464	signature/xor/395/6	REJECTED	1	0
70070464	signature/xor/395/7	REJECTED	1	0
70070464	signature/xor/396/0	REJECTED	1	0
70070464	signature/xor/396/1	REJECTED	1	0
70070464	signature/xor/396/2	REJECTED	1	0
70070464	signature/xor/396/3	REJECTED	1	0
70070464	signature/xor/396/4	REJECTED	1	0
70070464	signature/xor/396/5	REJECTED	1	0
70070464	signature/xor/396/6	REJECTED	1	0
70070464	signature/xor/396/7	REJECTED	1	0
70070464	signature/xor/397/0	REJECTED	1	0
70070464	signature/xor/397/1	REJECTED	1	0
70070464	signature/xor/397/2	REJECTED	1	0
70070464	signature/xor/397/3	REJECTED	1	0
70070464	signature/xor/397/4	REJECTED	1	0
70070464	signature/xor/397/5	REJECTED	1	0
70070464	signature/xor/397/6	REJECTED	1	0
70070464	signature/xor/397/7	REJECTED	1	0
70070464	signature/xor/398/0	REJECTED	1	0
70070464	signature/xor/398/1	REJECTED	1	0
70070464	signature/xor/398/2	REJECTED	1	0
70070464	signature/xor/398/3	REJECTED	1	0
70070464	signature/xor/398/4	REJECTED	1	0
70070464	signature/xor/398/5	REJECTED	1	0
70070464	signature/xor/398/6	REJECTED	1	0
70070464	signature/xor/398/7	REJECTED	1	0
70070464	signature/xor/399/0	REJECTED	1	0
70070464	signature/xor/399/1	REJECTED	1	0
70070464	signature/xor/399/2	REJECTED	1	0
70070464	signature/xor/399/3	REJECTED	1	0
70070464	signature/xor/399/4	REJECTED	1	0
70070464	signature/xor/399/5	REJECTED	1	0
70070464	signature/xor/399/6	REJECTED	1	0
70070464	signature/xor/399/7	REJECTED	1	0
70070464	signature/xor/400/0	REJECTED	1	0
70070464	signature/xor/400/1	REJECTED	1	0
70070464	signature/xor/400/2	REJECTED	1	0
70070464	signature/xor/400/3	REJECTED	1	0
70070464	signature/xor/400/4	REJECTED	1	0
70070464	signature/xor/400/5	REJECTED	1	0
70070464	signature/xor/400/6	REJECTED	1	0
70070464	signature/xor/400/7	REJECTED	1	0
70070464	signature/xor/401/0	REJECTED	1	0
70070464	signature/xor/401/1	REJECTED	1	0
70070464	signature/xor/401/2	REJECTED	1	0
70070464	signature/xor/401/3	REJECTED	1	0
70070464	signature/xor/401/4	REJECTED	1	0
70070464	signature/xor/401/5	REJECTED	1	0
70070464	signature/xor/401/6	REJECTED	1	0
70070464	signature/xor/401/7	REJECTED	1	0
70070464	signature/xor/402/0	REJECTED	1	0
70070464	signature/xor/402/1	REJECTED	1	0
70070464	signature/xor/402/2	REJECTED	1	0
70070464	signature/xor/402/3	REJECTED	1	0
70070464	signature/xor/402/4	REJECTED	1	0
70070464	signature/xor/402/5	REJECTED	1	0
70070464	signature/xor/402/6	REJECTED	1	0
70070464	signature/xor/402/7	REJECTED	1	0
70070464	signature/xor/403/0	REJECTED	1	0
70070464	signature/xor/403/1	REJECTED	1	0
70070464	signature/xor/403/2	REJECTED	1	0
70070464	signature/xor/403/3	REJECTED	1	0
70070464	signature/xor/403/4	REJECTED	1	0
70070464	signature/xor/403/5	REJECTED	1	0
70070464	signature/xor/403/6	REJECTED	1	0
70070464	signature/xor/403/7	REJECTED	1	0
70070464	signature/xor/404/0	REJECTED	1	0
70070464	signature/xor/404/1	REJECTED	1	0
70070464	signature/xor/404/2	REJECTED	1	0
70070464	signature/xor/404/3	REJECTED	1	0
70070464	signature/xor/404/4	REJECTED	1	0
70070464	signature/xor/404/5	REJECTED	1	0
70070464	signature/xor/404/6	REJECTED	1	0
70070464	signature/xor/404/7	REJECTED	1	0
70070464	signature/xor/405/0	REJECTED	1	0
70070464	signature/xor/405/1	REJECTED	1	0
70070464	signature/xor/405/2	REJECTED	1	0
70070464	signature/xor/405/3	REJECTED	1	0
70070464	signature/xor/405/4	REJECTED	1	0
70070464	signature/xor/405/5	REJECTED	1	0
70070464	signature/xor/405/6	REJECTED	1	0
70070464	signature/xor/405/7	REJECTED	1	0
70070464	signature/xor/406/0	REJECTED	1	0
70070464	signature/xor/406/1	REJECTED	1	0
70070464	signature/xor/406/2	REJECTED	1	0
70070464	signature/xor/406/3	REJECTED	1	0
70070464	signature/xor/406/4	REJECTED	1	0
70070464	signature/xor/406/5	REJECTED	1	0
70070464	signature/xor/406/6	REJECTED	1	0
70070464	signature/xor/406/7	REJECTED	1	0
70070464	signature/xor/407/0	REJECTED	1	0
70070464	signature/xor/407/1	REJECTED	1	0
70070464	signature/xor/407/2	REJECTED	1	0
70070464	signature/xor/407/3	REJECTED	1	0
70070464	signature/xor/407/4	REJECTED	1	0
70070464	signature/xor/407/5	REJECTED	1	0
70070464	signature/xor/407/6	REJECTED	1	0
70070464	signature/xor/407/7	REJECTED	1	0
70070464	signature/xor/408/0	REJECTED	1	0
70070464	signature/xor/408/1	REJECTED	1	0
70070464	signature/xor/408/2	REJECTED	1	0
70070464	signature/xor/408/3	REJECTED	1	0
70070464	signature/xor/408/4	REJECTED	1	0
70070464	signature/xor/408/5	REJECTED	1	0
70070464	signature/xor/408/6	REJECTED	1	0
70070464	signature/xor/408/7	REJECTED	1	0
70070464	signature/xor/409/0	REJECTED	1	0
70070464	signature/xor/409/1	REJECTED	1	0
70070464	signature/xor/409/2	REJECTED	1	0
70070464	signature/xor/409/3	REJECTED	1	0
70070464	signature/xor/409/4	REJECTED	1	0
70070464	signature/xor/409/5	REJECTED	1	0
70070464	signature/xor/409/6	REJECTED	1	0
70070464	signature/xor/409/7	REJECTED	1	0
70070464	signature/xor/410/0	REJECTED	1	0
70070464	signature/xor/410/1	REJECTED	1	0
70070464	signature/xor/410/2	REJECTED	1	0
70070464	signature/xor/410/3	REJECTED	1	0
70070464	signature/xor/410/4	REJECTED	1	0
70070464	signature/xor/410/5	REJECTED	1	0
70070464	signature/xor/410/6	REJECTED	1	0
70070464	signature/xor/410/7	REJECTED	1	0
70070464	signature/xor/411/0	REJECTED	1	0
70070464	signature/xor/411/1	REJECTED	1	0
70070464	signature/xor/411/2	REJECTED	1	0
70070464	signature/xor/411/3	REJECTED	1	0
70070464	signature/xor/411/4	REJECTED	1	0
70070464	signature/xor/411/5	REJECTED	1	0
70070464	signature/xor/411/6	REJECTED	1	0
70070464	signature/xor/411/7	REJECTED	1	0
70070464	signature/xor/412/0	REJECTED	1	0
70070464	signature/xor/412/1	REJECTED	1	0
70070464	signature/xor/412/2	REJECTED	1	0
70070464	signature/xor/412/3	REJECTED	1	0
70070464	signature/xor/412/4	REJECTED	1	0
70070464	signature/xor/412/5	REJECTED	1	0
70070464	signature/xor/412/6	REJECTED	1	0
70070464	signature/xor/412/7	REJECTED	1	0
70070464	signature/xor/413/0	REJECTED	1	0
70070464	signature/xor/413/1	REJECTED	1	0
70070464	signature/xor/413/2	REJECTED	1	0
70070464	signature/xor/413/3	REJECTED	1	0
70070464	signature/xor/413/4	REJECTED	1	0
70070464	signature/xor/413/5	REJECTED	1	0
70070464	signature/xor/413/6	REJECTED	1	0
70070464	signature/xor/413/7	REJECTED	1	0
70070464	signature/xor/414/0	REJECTED	1	0
70070464	signature/xor/414/1	REJECTED	1	0
70070464	signature/xor/414/2	REJECTED	1	0
70070464	signature/xor/414/3	REJECTED	1	0
70070464	signature/xor/414/4	REJECTED	1	0
70070464	signature/xor/414/5	REJECTED	1	0
70070464	signature/xor/414/6	REJECTED	1	0
70070464	signature/xor/414/7	REJECTED	1	0
70070464	signature/xor/415/0	REJECTED	1	0
70070464	signature/xor/415/1	REJECTED	1	0
70070464	signature/xor/415/2	REJECTED	1	0
70070464	signature/xor/415/3	REJECTED	1	0
70070464	signature/xor/415/4	REJECTED	1	0
70070464	signature/xor/415/5	REJECTED	1	0
70070464	signature/xor/415/6	REJECTED	1	0
70070464	signature/xor/415/7	REJECTED	1	0
70070464	signature/xor/416/0	REJECTED	1	0
70070464	signature/xor/416/1	REJECTED	1	0
70070464	signature/xor/416/2	REJECTED	1	0
70070464	signature/xor/416/3	REJECTED	1	0
70070464	signature/xor/416/4	REJECTED	1	0
70070464	signature/xor/416/5	REJECTED	1	0
70070464	signature/xor/416/6	REJECTED	1	0
70070464	signature/xor/416/7	REJECTED	1	0
70070464	signature/xor/417/0	REJECTED	1	0
70070464	signature/xor/417/1	REJECTED	1	0
70070464	signature/xor/417/2	REJECTED	1	0
70070464	signature/xor/417/3	REJECTED	1	0
70070464	signature/xor/417/4	REJECTED	1	0
70070464	signature/xor/417/5	REJECTED	1	0
70070464	signature/xor/417/6	REJECTED	1	0
70070464	signature/xor/417/7	REJECTED	1	0
70070464	signature/xor/418/0	REJECTED	1	0
70070464	signature/xor/418/1	REJECTED	1	0
70070464	signature/xor/418/2	REJECTED	1	0
70070464	signature/xor/418/3	REJECTED	1	0
70070464	signature/xor/418/4	REJECTED	1	0
70070464	signature/xor/418/5	REJECTED	1	0
70070464	signature/xor/418/6	REJECTED	1	0
70070464	signature/xor/418/7	REJECTED	1	0
70070464	signature/xor/419/0	REJECTED	1	0
70070464	signature/xor/419/1	REJECTED	1	0
70070464	signature/xor/419/2	REJECTED	1	0
70070464	signature/xor/419/3	REJECTED	1	0
70070464	signature/xor/419/4	REJECTED	1	0
70070464	signature/xor/419/5	REJECTED	1	0
70070464	signature/xor/419/6	REJECTED	1	0
70070464	signature/xor/419/7	REJECTED	1	0
70070464	signature/xor/420/0	REJECTED	1	0
70070464	signature/xor/420/1	REJECTED	1	0
70070464	signature/xor/420/2	REJECTED	1	0
70070464	signature/xor/420/3	REJECTED	1	0
70070464	signature/xor/420/4	REJECTED	1	0
70070464	signature/xor/420/5	REJECTED	1	0
70070464	signature/xor/420/6	REJECTED	1	0
70070464	signature/xor/420/7	REJECTED	1	0
70070464	signature/xor/421/0	REJECTED	1	0
70070464	signature/xor/421/1	REJECTED	1	0
70070464	signature/xor/421/2	REJECTED	1	0
70070464	signature/xor/421/3	REJECTED	1	0
70070464	signature/xor/421/4	REJECTED	1	0
70070464	signature/xor/421/5	REJECTED	1	0
70070464	signature/xor/421/6	REJECTED	1	0
70070464	signature/xor/421/7	REJECTED	1	0
70070464	signature/xor/422/0	REJECTED	1	0
70070464	signature/xor/422/1	REJECTED	1	0
70070464	signature/xor/422/2	REJECTED	1	0
70070464	signature/xor/422/3	REJECTED	1	0
70070464	signature/xor/422/4	REJECTED	1	0
70070464	signature/xor/422/5	REJECTED	1	0
70070464	signature/xor/422/6	REJECTED	1	0
70070464	signature/xor/422/7	REJECTED	1	0
70070464	signature/xor/423/0	REJECTED	1	0
70070464	signature/xor/423/1	REJECTED	1	0
70070464	signature/xor/423/2	REJECTED	1	0
70070464	signature/xor/423/3	REJECTED	1	0
70070464	signature/xor/423/4	REJECTED	1	0
70070464	signature/xor/423/5	REJECTED	1	0
70070464	signature/xor/423/6	REJECTED	1	0
70070464	signature/xor/423/7	REJECTED	1	0
70070464	signature/xor/424/0	REJECTED	1	0
70070464	signature/xor/424/1	REJECTED	1	0
70070464	signature/xor/424/2	REJECTED	1	0
70070464	signature/xor/424/3	REJECTED	1	0
70070464	signature/xor/424/4	REJECTED	1	0
70070464	signature/xor/424/5	REJECTED	1	0
70070464	signature/xor/424/6	REJECTED	1	0
70070464	signature/xor/424/7	REJECTED	1	0
70070464	signature/xor/425/0	REJECTED	1	0
70070464	signature/xor/425/1	REJECTED	1	0
70070464	signature/xor/425/2	REJECTED	1	0
70070464	signature/xor/425/3	REJECTED	1	0
70070464	signature/xor/425/4	REJECTED	1	0
70070464	signature/xor/425/5	REJECTED	1	0
70070464	signature/xor/425/6	REJECTED	1	0
70070464	signature/xor/425/7	REJECTED	1	0
70070464	signature/xor/426/0	REJECTED	1	0
70070464	signature/xor/426/1	REJECTED	1	0
70070464	signature/xor/426/2	REJECTED	1	0
70070464	signature/xor/426/3	REJECTED	1	0
70070464	signature/xor/426/4	REJECTED	1	0
70070464	signature/xor/426/5	REJECTED	1	0
70070464	signature/xor/426/6	REJECTED	1	0
70070464	signature/xor/426/7	REJECTED	1	0
70070464	signature/xor/427/0	REJECTED	1	0
70070464	signature/xor/427/1	REJECTED	1	0
70070464	signature/xor/427/2	REJECTED	1	0
70070464	signature/xor/427/3	REJECTED	1	0
70070464	signature/xor/427/4	REJECTED	1	0
70070464	signature/xor/427/5	REJECTED	1	0
70070464	signature/xor/427/6	REJECTED	1	0
70070464	signature/xor/427/7	REJECTED	1	0
70070464	signature/xor/428/0	REJECTED	1	0
70070464	signature/xor/428/1	REJECTED	1	0
70070464	signature/xor/428/2	REJECTED	1	0
70070464	signature/xor/428/3	REJECTED	1	0
70070464	signature/xor/428/4	REJECTED	1	0
70070464	signature/xor/428/5	REJECTED	1	0
70070464	signature/xor/428/6	REJECTED	1	0
70070464	signature/xor/428/7	REJECTED	1	0
70070464	signature/xor/429/0	REJECTED	1	0
70070464	signature/xor/429/1	REJECTED	1	0
70070464	signature/xor/429/2	REJECTED	1	0
70070464	signature/xor/429/3	REJECTED	1	0
70070464	signature/xor/429/4	REJECTED	1	0
70070464	signature/xor/429/5	REJECTED	1	0
70070464	signature/xor/429/6	REJECTED	1	0
70070464	signature/xor/429/7	REJECTED	1	0
70070464	signature/xor/430/0	REJECTED	1	0
70070464	signature/xor/430/1	REJECTED	1	0
70070464	signature/xor/430/2	REJECTED	1	0
70070464	signature/xor/430/3	REJECTED	1	0
70070464	signature/xor/430/4	REJECTED	1	0
70070464	signature/xor/430/5	REJECTED	1	0
70070464	signature/xor/430/6	REJECTED	1	0
70070464	signature/xor/430/7	REJECTED	1	0
70070464	signature/xor/431/0	REJECTED	1	0
70070464	signature/xor/431/1	REJECTED	1	0
70070464	signature/xor/431/2	REJECTED	1	0
70070464	signature/xor/431/3	REJECTED	1	0
70070464	signature/xor/431/4	REJECTED	1	0
70070464	signature/xor/431/5	REJECTED	1	0
70070464	signature/xor/431/6	REJECTED	1	0
70070464	signature/xor/431/7	REJECTED	1	0
70070464	signature/xor/432/0	REJECTED	1	0
70070464	signature/xor/432/1	REJECTED	1	0
70070464	signature/xor/432/2	REJECTED	1	0
70070464	signature/xor/432/3	REJECTED	1	0
70070464	signature/xor/432/4	REJECTED	1	0
70070464	signature/xor/432/5	REJECTED	1	0
70070464	signature/xor/432/6	REJECTED	1	0
70070464	signature/xor/432/7	REJECTED	1	0
70070464	signature/xor/433/0	REJECTED	1	0
70070464	signature/xor/433/1	REJECTED	1	0
70070464	signature/xor/433/2	REJECTED	1	0
70070464	signature/xor/433/3	REJECTED	1	0
70070464	signature/xor/433/4	REJECTED	1	0
70070464	signature/xor/433/5	REJECTED	1	0
70070464	signature/xor/433/6	REJECTED	1	0
70070464	signature/xor/433/7	REJECTED	1	0
70070464	signature/xor/434/0	REJECTED	1	0
70070464	signature/xor/434/1	REJECTED	1	0
70070464	signature/xor/434/2	REJECTED	1	0
70070464	signature/xor/434/3	REJECTED	1	0
70070464	signature/xor/434/4	REJECTED	1	0
70070464	signature/xor/434/5	REJECTED	1	0
70070464	signature/xor/434/6	REJECTED	1	0
70070464	signature/xor/434/7	REJECTED	1	0
70070464	signature/xor/435/0	REJECTED	1	0
70070464	signature/xor/435/1	REJECTED	1	0
70070464	signature/xor/435/2	REJECTED	1	0
70070464	signature/xor/435/3	REJECTED	1	0
70070464	signature/xor/435/4	REJECTED	1	0
70070464	signature/xor/435/5	REJECTED	1	0
70070464	signature/xor/435/6	REJECTED	1	0
70070464	signature/xor/435/7	REJECTED	1	0
70070464	signature/xor/436/0	REJECTED	1	0
70070464	signature/xor/436/1	REJECTED	1	0
70070464	signature/xor/436/2	REJECTED	1	0
70070464	signature/xor/436/3	REJECTED	1	0
70070464	signature/xor/436/4	REJECTED	1	0
70070464	signature/xor/436/5	REJECTED	1	0
70070464	signature/xor/436/6	REJECTED	1	0
70070464	signature/xor/436/7	REJECTED	1	0
70070464	signature/xor/437/0	REJECTED	1	0
70070464	signature/xor/437/1	REJECTED	1	0
70070464	signature/xor/437/2	REJECTED	1	0
70070464	signature/xor/437/3	REJECTED	1	0
70070464	signature/xor/437/4	REJECTED	1	0
70070464	signature/xor/437/5	REJECTED	1	0
70070464	signature/xor/437/6	REJECTED	1	0
70070464	signature/xor/437/7	REJECTED	1	0
70070464	signature/xor/438/0	REJECTED	1	0
70070464	signature/xor/438/1	REJECTED	1	0
70070464	signature/xor/438/2	REJECTED	1	0
70070464	signature/xor/438/3	REJECTED	1	0
70070464	signature/xor/438/4	REJECTED	1	0
70070464	signature/xor/438/5	REJECTED	1	0
70070464	signature/xor/438/6	REJECTED	1	0
70070464	signature/xor/438/7	REJECTED	1	0
70070464	signature/xor/439/0	REJECTED	1	0
70070464	signature/xor/439/1	REJECTED	1	0
70070464	signature/xor/439/2	REJECTED	1	0
70070464	signature/xor/439/3	REJECTED	1	0
70070464	signature/xor/439/4	REJECTED	1	0
70070464	signature/xor/439/5	REJECTED	1	0
70070464	signature/xor/439/6	REJECTED	1	0
70070464	signature/xor/439/7	REJECTED	1	0
70070464	signature/xor/440/0	REJECTED	1	0
70070464	signature/xor/440/1	REJECTED	1	0
70070464	signature/xor/440/2	REJECTED	1	0
70070464	signature/xor/440/3	REJECTED	1	0
70070464	signature/xor/440/4	REJECTED	1	0
70070464	signature/xor/440/5	REJECTED	1	0
70070464	signature/xor/440/6	REJECTED	1	0
70070464	signature/xor/440/7	REJECTED	1	0
70070464	signature/xor/441/0	REJECTED	1	0
70070464	signature/xor/441/1	REJECTED	1	0
70070464	signature/xor/441/2	REJECTED	1	0
70070464	signature/xor/441/3	REJECTED	1	0
70070464	signature/xor/441/4	REJECTED	1	0
70070464	signature/xor/441/5	REJECTED	1	0
70070464	signature/xor/441/6	REJECTED	1	0
70070464	signature/xor/441/7	REJECTED	1	0
70070464	signature/xor/442/0	REJECTED	1	0
70070464	signature/xor/442/1	REJECTED	1	0
70070464	signature/xor/442/2	REJECTED	1	0
70070464	signature/xor/442/3	REJECTED	1	0
70070464	signature/xor/442/4	REJECTED	1	0
70070464	signature/xor/442/5	REJECTED	1	0
70070464	signature/xor/442/6	REJECTED	1	0
70070464	signature/xor/442/7	REJECTED	1	0
70070464	signature/xor/443/0	REJECTED	1	0
70070464	signature/xor/443/1	REJECTED	1	0
70070464	signature/xor/443/2	REJECTED	1	0
70070464	signature/xor/443/3	REJECTED	1	0
70070464	signature/xor/443/4	REJECTED	1	0
70070464	signature/xor/443/5	REJECTED	1	0
70070464	signature/xor/443/6	REJECTED	1	0
70070464	signature/xor/443/7	REJECTED	1	0
70070464	signature/xor/444/0	REJECTED	1	0
70070464	signature/xor/444/1	REJECTED	1	0
70070464	signature/xor/444/2	REJECTED	1	0
70070464	signature/xor/444/3	REJECTED	1	0
70070464	signature/xor/444/4	REJECTED	1	0
70070464	signature/xor/444/5	REJECTED	1	0
70070464	signature/xor/444/6	REJECTED	1	0
70070464	signature/xor/444/7	REJECTED	1	0
70070464	signature/xor/445/0	REJECTED	1	0
70070464	signature/xor/445/1	REJECTED	1	0
70070464	signature/xor/445/2	REJECTED	1	0
70070464	signature/xor/445/3	REJECTED	1	0
70070464	signature/xor/445/4	REJECTED	1	0
70070464	signature/xor/445/5	REJECTED	1	0
70070464	signature/xor/445/6	REJECTED	1	0
70070464	signature/xor/445/7	REJECTED	1	0
70070464	signature/xor/446/0	REJECTED	1	0
70070464	signature/xor/446/1	REJECTED	1	0
70070464	signature/xor/446/2	REJECTED	1	0
70070464	signature/xor/446/3	REJECTED	1	0
70070464	signature/xor/446/4	REJECTED	1	0
70070464	signature/xor/446/5	REJECTED	1	0
70070464	signature/xor/446/6	REJECTED	1	0
70070464	signature/xor/446/7	REJECTED	1	0
70070464	signature/xor/447/0	REJECTED	1	0
70070464	signature/xor/447/1	REJECTED	1	0
70070464	signature/xor/447/2	REJECTED	1	0
70070464	signature/xor/447/3	REJECTED	1	0
70070464	signature/xor/447/4	REJECTED	1	0
70070464	signature/xor/447/5	REJECTED	1	0
70070464	signature/xor/447/6	REJECTED	1	0
70070464	signature/xor/447/7	REJECTED	1	0
70070464	message/xor/0/0	REJECTED	6	1
70070464	message/xor/1/0	REJECTED	6	1
70070464	message/xor/2/0	REJECTED	6	1
70070464	message/xor/3/0	REJECTED	6	1
70070464	message/xor/4/0	REJECTED	6	1
70070464	message/xor/5/0	REJECTED	6	1
70070464	message/xor/6/0	REJECTED	6	1
70070464	message/xor/7/0	REJECTED	6	1
70070464	message/xor/8/0	REJECTED	6	1
70070464	message/xor/9/0	REJECTED	6	1
70070464	message/xor/10/0	REJECTED	6	1
70070464	message/xor/11/0	REJECTED	6	1
70070464	message/xor/12/0	REJECTED	6	1
70070464	message/xor/13/0	REJECTED	6	1
70070464	message/xor/14/0	REJECTED	6	1
70070464	message/xor/15/0	REJECTED	6	1
70070464	message/xor/16/0	REJECTED	6	1
70070464	message/xor/17/0	REJECTED	6	1
70070464	message/xor/18/0	REJECTED	6	1
70070464	message/xor/19/0	REJECTED	6	1
70070464	message/xor/20/0	REJECTED	6	1
70070464	message/xor/21/0	REJECTED	6	1
70070464	message/xor/22/0	REJECTED	6	1
70070464	message/xor/23/0	REJECTED	6	1
70070464	message/xor/24/0	REJECTED	6	1
70070464	message/xor/25/0	REJECTED	6	1
70070464	message/xor/26/0	REJECTED	6	1
70070464	message/xor/27/0	REJECTED	6	1
70070464	message/xor/28/0	REJECTED	6	1
70070464	message/xor/29/0	REJECTED	6	1
70070464	message/xor/30/0	REJECTED	6	1
70070464	message/xor/31/0	REJECTED	6	1
70070464	message/xor/32/0	REJECTED	6	1
70070464	message/xor/33/0	REJECTED	6	1
70070464	message/xor/34/0	REJECTED	6	1
70070464	message/xor/35/0	REJECTED	6	1
70070464	message/xor/36/0	REJECTED	6	1
70070464	message/xor/37/0	REJECTED	6	1
70070464	message/xor/38/0	REJECTED	6	1
70070464	message/xor/39/0	REJECTED	6	1
70070464	message/xor/40/0	REJECTED	6	1
70070464	message/xor/41/0	REJECTED	6	1
70070464	message/xor/42/0	REJECTED	6	1
70070464	message/xor/43/0	REJECTED	6	1
70070464	message/xor/44/0	REJECTED	6	1
70070464	message/xor/45/0	REJECTED	6	1
70070464	message/xor/46/0	REJECTED	6	1
70070464	message/xor/47/0	REJECTED	6	1
70070464	message/xor/48/0	REJECTED	6	1
70070464	message/xor/49/0	REJECTED	6	1
70070464	message/xor/50/0	REJECTED	6	1
70070464	message/xor/51/0	REJECTED	6	1
70070464	message/xor/52/0	REJECTED	6	1
70070464	message/xor/53/0	REJECTED	6	1
70070464	message/xor/54/0	REJECTED	6	1
70070464	message/xor/55/0	REJECTED	6	1
70070464	message/xor/56/0	REJECTED	6	1
70070464	message/xor/57/0	REJECTED	6	1
70070464	message/xor/58/0	REJECTED	6	1
70070464	message/xor/59/0	REJECTED	6	1
70070464	message/xor/60/0	REJECTED	6	1
70070464	message/xor/61/0	REJECTED	6	1
70070464	message/xor/62/0	REJECTED	6	1
70070464	message/xor/63/0	REJECTED	6	1
70070464	message/xor/64/0	REJECTED	6	1
70070464	message/xor/65/0	REJECTED	6	1
70070464	message/xor/66/0	REJECTED	6	1
70070464	message/xor/67/0	REJECTED	6	1
70070464	message/xor/68/0	REJECTED	6	1
70070464	message/xor/69/0	REJECTED	6	1
70070464	message/xor/70/0	REJECTED	6	1
70070464	message/xor/71/0	REJECTED	6	1
70070464	message/xor/72/0	REJECTED	6	1
70070464	message/xor/73/0	REJECTED	6	1
70070464	message/xor/74/0	REJECTED	6	1
70070464	message/xor/75/0	REJECTED	6	1
70070464	message/xor/76/0	REJECTED	6	1
70070464	message/xor/77/0	REJECTED	6	1
70070464	message/xor/78/0	REJECTED	6	1
70070464	message/xor/79/0	REJECTED	6	1
70070464	message/xor/80/0	REJECTED	6	1
70070464	message/xor/81/0	REJECTED	6	1
70070464	message/xor/82/0	REJECTED	6	1
70070464	message/xor/83/0	REJECTED	6	1
70070464	message/xor/84/0	REJECTED	6	1
70070464	message/xor/85/0	REJECTED	6	1
70070464	message/xor/86/0	REJECTED	6	1
70070464	message/xor/87/0	REJECTED	6	1
70070464	message/xor/88/0	REJECTED	6	1
70070464	message/xor/89/0	REJECTED	6	1
70070464	message/xor/90/0	REJECTED	6	1
70070464	message/xor/91/0	REJECTED	6	1
70070464	message/xor/92/0	REJECTED	6	1
70070464	message/xor/93/0	REJECTED	6	1
70070464	message/xor/94/0	REJECTED	6	1
70070464	message/xor/95/0	REJECTED	6	1
70070464	message/xor/96/0	REJECTED	6	1
70070464	message/xor/97/0	REJECTED	6	1
70070464	message/xor/98/0	REJECTED	6	1
70070464	message/xor/99/0	REJECTED	6	1
70070464	message/xor/100/0	REJECTED	6	1
70070464	message/xor/101/0	REJECTED	6	1
70070464	message/xor/102/0	REJECTED	6	1
70070464	message/xor/103/0	REJECTED	6	1
70070464	message/xor/104/0	REJECTED	6	1
70070464	message/xor/105/0	REJECTED	6	1
70070464	message/xor/106/0	REJECTED	6	1
70070464	message/xor/107/0	REJECTED	6	1
70070464	message/xor/108/0	REJECTED	6	1
70070464	message/xor/109/0	REJECTED	6	1
70070464	message/xor/110/0	REJECTED	6	1
70070464	message/xor/111/0	REJECTED	6	1
70070464	message/xor/112/0	REJECTED	6	1
70070464	message/xor/113/0	REJECTED	6	1
70070464	message/xor/114/0	REJECTED	6	1
70070464	message/xor/115/0	REJECTED	6	1
70070464	message/xor/116/0	REJECTED	6	1
70070464	message/xor/117/0	REJECTED	6	1
70070464	message/xor/118/0	REJECTED	6	1
70070464	message/xor/119/0	REJECTED	6	1
70070464	message/xor/120/0	REJECTED	6	1
70070464	message/xor/121/0	REJECTED	6	1
70070464	message/xor/122/0	REJECTED	6	1
70070464	message/xor/123/0	REJECTED	6	1
70070464	message/xor/124/0	REJECTED	6	1
70070464	message/xor/125/0	REJECTED	6	1
70070464	message/xor/126/0	REJECTED	6	1
70070464	message/xor/127/0	REJECTED	6	1
70070464	message/xor/128/0	REJECTED	6	1
70070464	message/xor/129/0	REJECTED	6	1
70070464	message/xor/130/0	REJECTED	6	1
70070464	message/xor/131/0	REJECTED	6	1
70070464	message/xor/132/0	REJECTED	6	1
70070464	message/xor/133/0	REJECTED	6	1
70070464	message/xor/134/0	REJECTED	6	1
70070464	message/xor/135/0	REJECTED	6	1
70070464	message/xor/136/0	REJECTED	6	1
70070464	message/xor/137/0	REJECTED	6	1
70070464	message/xor/138/0	REJECTED	6	1
70070464	message/xor/139/0	REJECTED	6	1
70070464	message/xor/140/0	REJECTED	6	1
70070464	message/xor/141/0	REJECTED	6	1
70070464	message/xor/142/0	REJECTED	6	1
70070464	message/xor/143/0	REJECTED	6	1
70070464	message/xor/144/0	REJECTED	6	1
70070464	message/xor/145/0	REJECTED	6	1
70070464	message/xor/146/0	REJECTED	6	1
70070464	message/xor/147/0	REJECTED	6	1
70070464	message/xor/148/0	REJECTED	6	1
70070464	message/xor/149/0	REJECTED	6	1
70070464	message/xor/150/0	REJECTED	6	1
70070464	message/xor/151/0	REJECTED	6	1
70070464	message/xor/152/0	REJECTED	6	1
70070464	message/xor/153/0	REJECTED	6	1
70070464	message/xor/154/0	REJECTED	6	1
70070464	message/xor/155/0	REJECTED	6	1
70070464	message/xor/156/0	REJECTED	6	1
70070464	message/xor/157/0	REJECTED	6	1
70070464	message/xor/158/0	REJECTED	6	1
70070464	message/xor/159/0	REJECTED	6	1
70070464	message/xor/160/0	REJECTED	6	1
70070464	message/xor/161/0	REJECTED	6	1
70070464	message/xor/162/0	REJECTED	6	1
70070464	message/xor/163/0	REJECTED	6	1
70070464	message/xor/164/0	REJECTED	6	1
70070464	message/xor/165/0	REJECTED	6	1
70070464	message/xor/166/0	REJECTED	6	1
70070464	message/xor/167/0	REJECTED	6	1
70070464	message/xor/168/0	REJECTED	6	1
70070464	message/xor/169/0	REJECTED	6	1
70070464	message/xor/170/0	REJECTED	6	1
70070464	message/xor/171/0	REJECTED	6	1
70070464	message/xor/172/0	REJECTED	6	1
70070464	message/xor/173/0	REJECTED	6	1
70070464	message/xor/174/0	REJECTED	6	1
70070464	message/xor/175/0	REJECTED	6	1
70070464	message/xor/176/0	REJECTED	6	1
70070464	message/xor/177/0	REJECTED	6	1
70070464	message/xor/178/0	REJECTED	6	1
70070464	message/xor/179/0	REJECTED	6	1
70070464	message/xor/180/0	REJECTED	6	1
70070464	message/xor/181/0	REJECTED	6	1
70070464	message/xor/182/0	REJECTED	6	1
70070464	message/xor/183/0	REJECTED	6	1
70070464	message/xor/184/0	REJECTED	6	1
70070464	message/xor/185/0	REJECTED	6	1
70070464	message/xor/186/0	REJECTED	6	1
70070464	message/xor/187/0	REJECTED	6	1
70070464	message/xor/188/0	REJECTED	6	1
70070464	message/xor/189/0	REJECTED	6	1
70070464	message/xor/190/0	REJECTED	6	1
70070464	message/xor/191/0	REJECTED	6	1
70070464	message/xor/192/0	REJECTED	6	1
70070464	message/xor/193/0	REJECTED	6	1
70070464	message/xor/194/0	REJECTED	6	1
70070464	message/xor/195/0	REJECTED	6	1
70070464	message/xor/196/0	REJECTED	6	1
70070464	message/xor/197/0	REJECTED	6	1
70070464	message/xor/198/0	REJECTED	6	1
70070464	message/xor/199/0	REJECTED	6	1
70070464	message/xor/200/0	REJECTED	6	1
70070464	message/xor/201/0	REJECTED	6	1
70070464	message/xor/202/0	REJECTED	6	1
70070464	message/xor/203/0	REJECTED	6	1
70070464	message/xor/204/0	REJECTED	6	1
70070464	message/xor/205/0	REJECTED	6	1
70070464	message/xor/206/0	REJECTED	6	1
70070464	message/xor/207/0	REJECTED	6	1
70070464	message/xor/208/0	REJECTED	6	1
70070464	message/xor/209/0	REJECTED	6	1
70070464	message/xor/210/0	REJECTED	6	1
70070464	message/xor/211/0	REJECTED	6	1
70070464	message/xor/212/0	REJECTED	6	1
70070464	message/xor/213/0	REJECTED	6	1
70070464	message/xor/214/0	REJECTED	6	1
70070464	message/xor/215/0	REJECTED	6	1
70070464	message/xor/216/0	REJECTED	6	1
70070464	message/xor/217/0	REJECTED	6	1
70070464	message/xor/218/0	REJECTED	6	1
70070464	message/xor/219/0	REJECTED	6	1
70070464	message/xor/220/0	REJECTED	6	1
70070464	message/xor/221/0	REJECTED	6	1
70070464	message/xor/222/0	REJECTED	6	1
70070464	message/xor/223/0	REJECTED	6	1
70070464	message/xor/224/0	REJECTED	6	1
70070464	message/xor/225/0	REJECTED	6	1
70070464	message/xor/226/0	REJECTED	6	1
70070464	message/xor/227/0	REJECTED	6	1
70070464	message/xor/228/0	REJECTED	6	1
70070464	message/xor/229/0	REJECTED	6	1
70070464	message/xor/230/0	REJECTED	6	1
70070464	message/xor/231/0	REJECTED	6	1
70070464	message/xor/232/0	REJECTED	6	1
70070464	message/xor/233/0	REJECTED	6	1
70070464	message/xor/234/0	REJECTED	6	1
70070464	message/xor/235/0	REJECTED	6	1
70070464	message/xor/236/0	REJECTED	6	1
70070464	message/xor/237/0	REJECTED	6	1
70070464	message/xor/238/0	REJECTED	6	1
70070464	message/xor/239/0	REJECTED	6	1
70070464	message/xor/240/0	REJECTED	6	1
70070464	message/xor/241/0	REJECTED	6	1
70070464	message/xor/242/0	REJECTED	6	1
70070464	message/xor/243/0	REJECTED	6	1
70070464	message/xor/244/0	REJECTED	6	1
70070464	message/xor/245/0	REJECTED	6	1
70070464	message/xor/246/0	REJECTED	6	1
70070464	message/xor/247/0	REJECTED	6	1
70070464	message/xor/248/0	REJECTED	6	1
70070464	message/xor/249/0	REJECTED	6	1
70070464	message/xor/250/0	REJECTED	6	1
70070464	message/xor/251/0	REJECTED	6	1
70070464	message/xor/252/0	REJECTED	6	1
70070464	message/xor/253/0	REJECTED	6	1
70070464	message/xor/254/0	REJECTED	6	1
70070464	message/xor/255/0	REJECTED	6	1
70070464	message/xor/256/0	REJECTED	6	1
70070464	message/xor/257/0	REJECTED	6	1
70070464	message/xor/258/0	REJECTED	6	1
70070464	message/xor/259/0	REJECTED	6	1
70070464	message/xor/260/0	REJECTED	6	1
70070464	message/xor/261/0	REJECTED	6	1
70070464	message/xor/262/0	REJECTED	6	1
70070464	message/xor/263/0	REJECTED	6	1
70070464	message/xor/264/0	REJECTED	6	1
70070464	message/xor/265/0	REJECTED	6	1
70070464	message/xor/266/0	REJECTED	6	1
70070464	message/xor/267/0	REJECTED	6	1
70070464	message/xor/268/0	REJECTED	6	1
70070464	message/xor/269/0	REJECTED	6	1
70070464	message/xor/270/0	REJECTED	6	1
70070464	message/xor/271/0	REJECTED	6	1
70070464	message/xor/272/0	REJECTED	6	1
70070464	message/xor/273/0	REJECTED	6	1
70070464	message/xor/274/0	REJECTED	6	1
70070464	message/xor/275/0	REJECTED	6	1
70070464	message/xor/276/0	REJECTED	6	1
70070464	message/xor/277/0	REJECTED	6	1
70070464	message/xor/278/0	REJECTED	6	1
70070464	message/xor/279/0	REJECTED	6	1
70070464	message/xor/280/0	REJECTED	6	1
70070464	message/xor/281/0	REJECTED	6	1
70070464	message/xor/282/0	REJECTED	6	1
70070464	message/xor/283/0	REJECTED	6	1
70070464	message/xor/284/0	REJECTED	6	1
70070464	message/xor/285/0	REJECTED	6	1
70070464	message/xor/286/0	REJECTED	6	1
70070464	message/xor/287/0	REJECTED	6	1
70070464	message/xor/288/0	REJECTED	6	1
70070464	message/xor/289/0	REJECTED	6	1
70070464	message/xor/290/0	REJECTED	6	1
70070464	message/xor/291/0	REJECTED	6	1
70070464	message/xor/292/0	REJECTED	6	1
70070464	message/xor/293/0	REJECTED	6	1
70070464	message/xor/294/0	REJECTED	6	1
70070464	message/xor/295/0	REJECTED	6	1
70070464	message/xor/296/0	REJECTED	6	1
70070464	message/xor/297/0	REJECTED	6	1
70070464	message/xor/298/0	REJECTED	6	1
70070464	message/xor/299/0	REJECTED	6	1
70070464	message/xor/300/0	REJECTED	6	1
70070464	message/xor/301/0	REJECTED	6	1
70070464	message/xor/302/0	REJECTED	6	1
70070464	message/xor/303/0	REJECTED	6	1
70070464	message/xor/304/0	REJECTED	6	1
70070464	message/xor/305/0	REJECTED	6	1
70070464	message/xor/306/0	REJECTED	6	1
70070464	message/xor/307/0	REJECTED	6	1
70070464	message/xor/308/0	REJECTED	6	1
70070464	message/xor/309/0	REJECTED	6	1
70070464	message/xor/310/0	REJECTED	6	1
70070464	message/xor/311/0	REJECTED	6	1
70070464	message/xor/312/0	REJECTED	6	1
70070464	message/xor/313/0	REJECTED	6	1
70070464	message/xor/314/0	REJECTED	6	1
70070464	message/xor/315/0	REJECTED	6	1
70070464	message/xor/316/0	REJECTED	6	1
70070464	message/xor/317/0	REJECTED	6	1
70070464	message/xor/318/0	REJECTED	6	1
70070464	message/xor/319/0	REJECTED	6	1
70070464	message/xor/320/0	REJECTED	6	1
70070464	message/xor/321/0	REJECTED	6	1
70070464	message/xor/322/0	REJECTED	6	1
70070464	message/xor/323/0	REJECTED	6	1
70070464	message/xor/324/0	REJECTED	6	1
70070464	message/xor/325/0	REJECTED	6	1
70070464	message/xor/326/0	REJECTED	6	1
70070464	message/xor/327/0	REJECTED	6	1
70070464	message/xor/328/0	REJECTED	6	1
70070464	message/xor/329/0	REJECTED	6	1
70070464	message/xor/330/0	REJECTED	6	1
70070464	message/xor/331/0	REJECTED	6	1
70070464	message/xor/332/0	REJECTED	6	1
70070464	message/xor/333/0	REJECTED	6	1
70070464	message/xor/334/0	REJECTED	6	1
70070464	message/xor/335/0	REJECTED	6	1
70070464	message/xor/336/0	REJECTED	6	1
70070464	message/xor/337/0	REJECTED	6	1
70070464	message/xor/338/0	REJECTED	6	1
70070464	message/xor/339/0	REJECTED	6	1
70070464	message/xor/340/0	REJECTED	6	1
70070464	message/xor/341/0	REJECTED	6	1
70070464	message/xor/342/0	REJECTED	6	1
70070464	message/xor/343/0	REJECTED	6	1
70070464	message/xor/344/0	REJECTED	6	1
70070464	message/xor/345/0	REJECTED	6	1
70070464	message/xor/346/0	REJECTED	6	1
70070464	message/xor/347/0	REJECTED	6	1
70070464	message/xor/348/0	REJECTED	6	1
70070464	message/xor/349/0	REJECTED	6	1
70070464	message/xor/350/0	REJECTED	6	1
70070464	message/xor/351/0	REJECTED	6	1
70070464	message/xor/352/0	REJECTED	6	1
70070464	message/xor/353/0	REJECTED	6	1
70070464	message/xor/354/0	REJECTED	6	1
70070464	message/xor/355/0	REJECTED	6	1
70070464	message/xor/356/0	REJECTED	6	1
70070464	message/xor/357/0	REJECTED	6	1
70070464	message/xor/358/0	REJECTED	6	1
70070464	message/xor/359/0	REJECTED	6	1
70070464	message/xor/360/0	REJECTED	6	1
70070464	message/xor/361/0	REJECTED	6	1
70070464	message/xor/362/0	REJECTED	6	1
70070464	message/xor/363/0	REJECTED	6	1
70070464	message/xor/364/0	REJECTED	6	1
70070464	message/xor/365/0	REJECTED	6	1
70070464	message/xor/366/0	REJECTED	6	1
70070464	message/xor/367/0	REJECTED	6	1
70070464	message/xor/368/0	REJECTED	6	1
70070464	message/xor/369/0	REJECTED	6	1
70070464	message/xor/370/0	REJECTED	6	1
70070464	message/xor/371/0	REJECTED	6	1
70070464	message/xor/372/0	REJECTED	6	1
70070464	message/xor/373/0	REJECTED	6	1
70070464	message/xor/374/0	REJECTED	6	1
70070464	message/xor/375/0	REJECTED	6	1
70070464	message/xor/376/0	REJECTED	6	1
70070464	message/xor/377/0	REJECTED	6	1
70070464	message/xor/378/0	REJECTED	6	1
70070464	message/xor/379/0	REJECTED	6	1
70070464	message/xor/380/0	REJECTED	6	1
70070464	message/xor/381/0	REJECTED	6	1
70070464	message/xor/382/0	REJECTED	6	1
70070464	message/xor/383/0	REJECTED	6	1
70070464	message/xor/384/0	REJECTED	6	1
70070464	message/xor/385/0	REJECTED	6	1
70070464	message/xor/386/0	REJECTED	6	1
70070464	message/xor/387/0	REJECTED	6	1
70070464	message/xor/388/0	REJECTED	6	1
70070464	message/xor/389/0	REJECTED	6	1
70070464	message/xor/390/0	REJECTED	6	1
70070464	message/xor/391/0	REJECTED	6	1
70070464	message/xor/392/0	REJECTED	6	1
70070464	message/xor/393/0	REJECTED	6	1
70070464	message/xor/394/0	REJECTED	6	1
70070464	message/xor/395/0	REJECTED	6	1
70070464	message/xor/396/0	REJECTED	6	1
70070464	message/xor/397/0	REJECTED	6	1
70070464	message/xor/398/0	REJECTED	6	1
70070464	message/xor/399/0	REJECTED	6	1
70070464	message/xor/400/0	REJECTED	6	1
70070464	message/xor/401/0	REJECTED	6	1
70070464	message/xor/402/0	REJECTED	6	1
70070464	message/xor/403/0	REJECTED	6	1
70070464	message/xor/404/0	REJECTED	6	1
70070464	message/xor/405/0	REJECTED	6	1
70070464	message/xor/406/0	REJECTED	6	1
70070464	message/xor/0/1	REJECTED	6	1
70070464	message/xor/0/2	REJECTED	6	1
70070464	message/xor/0/3	REJECTED	6	1
70070464	message/xor/0/4	REJECTED	6	1
70070464	message/xor/0/5	REJECTED	6	1
70070464	message/xor/0/6	REJECTED	6	1
70070464	message/xor/0/7	REJECTED	6	1
70070464	message/xor/406/1	REJECTED	6	1
70070464	message/xor/406/2	REJECTED	6	1
70070464	message/xor/406/3	REJECTED	6	1
70070464	message/xor/406/4	REJECTED	6	1
70070464	message/xor/406/5	REJECTED	6	1
70070464	message/xor/406/6	REJECTED	6	1
70070464	message/xor/406/7	REJECTED	6	1
70070464	signature/swap-pair/1	REJECTED	6	0
70070464	signature/swap-pair/2	REJECTED	5	0
70070464	signature/swap-pair/3	REJECTED	4	0
70070464	signature/swap-pair/4	REJECTED	3	0
70070464	signature/swap-pair/5	REJECTED	2	0
70070464	signature/swap-pair/6	REJECTED	1	0
70070464	message/empty	REJECTED	6	1
70070464	message/truncate-last	REJECTED	6	1
70070464	message/append-zero	REJECTED	6	1
