id	source_expected	expected_kind	expected_result	system_sodium	bc_raw	strict_archived
sodium-valid-0	true	upstream-sodium-known-answer	SignatureVerified	true	true	true
sodium-S-plus-L-0	false	upstream-sodium-non-COMPAT-S-plus-L	SignatureRejected	false	false	false
sodium-valid-1	true	upstream-sodium-known-answer	SignatureVerified	true	true	true
sodium-S-plus-L-1	false	upstream-sodium-non-COMPAT-S-plus-L	SignatureRejected	false	false	false
sodium-valid-2	true	upstream-sodium-known-answer	SignatureVerified	true	true	true
sodium-S-plus-L-2	false	upstream-sodium-non-COMPAT-S-plus-L	SignatureRejected	false	false	false
sodium-valid-3	true	upstream-sodium-known-answer	SignatureVerified	true	true	true
sodium-S-plus-L-3	false	upstream-sodium-non-COMPAT-S-plus-L	SignatureRejected	false	false	false
sodium-valid-4	true	upstream-sodium-known-answer	SignatureVerified	true	true	true
sodium-S-plus-L-4	false	upstream-sodium-non-COMPAT-S-plus-L	SignatureRejected	false	false	false
sodium-valid-5	true	upstream-sodium-known-answer	SignatureVerified	true	true	true
sodium-S-plus-L-5	false	upstream-sodium-non-COMPAT-S-plus-L	SignatureRejected	false	false	false
sodium-valid-6	true	upstream-sodium-known-answer	SignatureVerified	true	true	true
sodium-S-plus-L-6	false	upstream-sodium-non-COMPAT-S-plus-L	SignatureRejected	false	false	false
sodium-valid-7	true	upstream-sodium-known-answer	SignatureVerified	true	true	true
sodium-S-plus-L-7	false	upstream-sodium-non-COMPAT-S-plus-L	SignatureRejected	false	false	false
sodium-valid-8	true	upstream-sodium-known-answer	SignatureVerified	true	true	true
sodium-S-plus-L-8	false	upstream-sodium-non-COMPAT-S-plus-L	SignatureRejected	false	false	false
sodium-valid-9	true	upstream-sodium-known-answer	SignatureVerified	true	true	true
sodium-S-plus-L-9	false	upstream-sodium-non-COMPAT-S-plus-L	SignatureRejected	false	false	false
sodium-valid-10	true	upstream-sodium-known-answer	SignatureVerified	true	true	true
sodium-S-plus-L-10	false	upstream-sodium-non-COMPAT-S-plus-L	SignatureRejected	false	false	false
sodium-valid-11	true	upstream-sodium-known-answer	SignatureVerified	true	true	true
sodium-S-plus-L-11	false	upstream-sodium-non-COMPAT-S-plus-L	SignatureRejected	false	false	false
sodium-valid-12	true	upstream-sodium-known-answer	SignatureVerified	true	true	true
sodium-S-plus-L-12	false	upstream-sodium-non-COMPAT-S-plus-L	SignatureRejected	false	false	false
sodium-valid-13	true	upstream-sodium-known-answer	SignatureVerified	true	true	true
sodium-S-plus-L-13	false	upstream-sodium-non-COMPAT-S-plus-L	SignatureRejected	false	false	false
sodium-valid-14	true	upstream-sodium-known-answer	SignatureVerified	true	true	true
sodium-S-plus-L-14	false	upstream-sodium-non-COMPAT-S-plus-L	SignatureRejected	false	false	false
sodium-valid-15	true	upstream-sodium-known-answer	SignatureVerified	true	true	true
sodium-S-plus-L-15	false	upstream-sodium-non-COMPAT-S-plus-L	SignatureRejected	false	false	false
sodium-valid-16	true	upstream-sodium-known-answer	SignatureVerified	true	true	true
sodium-S-plus-L-16	false	upstream-sodium-non-COMPAT-S-plus-L	SignatureRejected	false	false	false
sodium-valid-17	true	upstream-sodium-known-answer	SignatureVerified	true	true	true
sodium-S-plus-L-17	false	upstream-sodium-non-COMPAT-S-plus-L	SignatureRejected	false	false	false
sodium-valid-18	true	upstream-sodium-known-answer	SignatureVerified	true	true	true
sodium-S-plus-L-18	false	upstream-sodium-non-COMPAT-S-plus-L	SignatureRejected	false	false	false
sodium-valid-19	true	upstream-sodium-known-answer	SignatureVerified	true	true	true
sodium-S-plus-L-19	false	upstream-sodium-non-COMPAT-S-plus-L	SignatureRejected	false	false	false
sodium-valid-20	true	upstream-sodium-known-answer	SignatureVerified	true	true	true
sodium-S-plus-L-20	false	upstream-sodium-non-COMPAT-S-plus-L	SignatureRejected	false	false	false
sodium-valid-21	true	upstream-sodium-known-answer	SignatureVerified	true	true	true
sodium-S-plus-L-21	false	upstream-sodium-non-COMPAT-S-plus-L	SignatureRejected	false	false	false
sodium-valid-22	true	upstream-sodium-known-answer	SignatureVerified	true	true	true
sodium-S-plus-L-22	false	upstream-sodium-non-COMPAT-S-plus-L	SignatureRejected	false	false	false
sodium-valid-23	true	upstream-sodium-known-answer	SignatureVerified	true	true	true
sodium-S-plus-L-23	false	upstream-sodium-non-COMPAT-S-plus-L	SignatureRejected	false	false	false
sodium-valid-24	true	upstream-sodium-known-answer	SignatureVerified	true	true	true
sodium-S-plus-L-24	false	upstream-sodium-non-COMPAT-S-plus-L	SignatureRejected	false	false	false
sodium-valid-25	true	upstream-sodium-known-answer	SignatureVerified	true	true	true
sodium-S-plus-L-25	false	upstream-sodium-non-COMPAT-S-plus-L	SignatureRejected	false	false	false
sodium-valid-26	true	upstream-sodium-known-answer	SignatureVerified	true	true	true
sodium-S-plus-L-26	false	upstream-sodium-non-COMPAT-S-plus-L	SignatureRejected	false	false	false
sodium-valid-27	true	upstream-sodium-known-answer	SignatureVerified	true	true	true
sodium-S-plus-L-27	false	upstream-sodium-non-COMPAT-S-plus-L	SignatureRejected	false	false	false
sodium-valid-28	true	upstream-sodium-known-answer	SignatureVerified	true	true	true
sodium-S-plus-L-28	false	upstream-sodium-non-COMPAT-S-plus-L	SignatureRejected	false	false	false
sodium-valid-29	true	upstream-sodium-known-answer	SignatureVerified	true	true	true
sodium-S-plus-L-29	false	upstream-sodium-non-COMPAT-S-plus-L	SignatureRejected	false	false	false
sodium-valid-30	true	upstream-sodium-known-answer	SignatureVerified	true	true	true
sodium-S-plus-L-30	false	upstream-sodium-non-COMPAT-S-plus-L	SignatureRejected	false	false	false
sodium-valid-31	true	upstream-sodium-known-answer	SignatureVerified	true	true	true
sodium-S-plus-L-31	false	upstream-sodium-non-COMPAT-S-plus-L	SignatureRejected	false	false	false
sodium-valid-32	true	upstream-sodium-known-answer	SignatureVerified	true	true	true
sodium-S-plus-L-32	false	upstream-sodium-non-COMPAT-S-plus-L	SignatureRejected	false	false	false
sodium-valid-33	true	upstream-sodium-known-answer	SignatureVerified	true	true	true
sodium-S-plus-L-33	false	upstream-sodium-non-COMPAT-S-plus-L	SignatureRejected	false	false	false
sodium-valid-34	true	upstream-sodium-known-answer	SignatureVerified	true	true	true
sodium-S-plus-L-34	false	upstream-sodium-non-COMPAT-S-plus-L	SignatureRejected	false	false	false
sodium-valid-35	true	upstream-sodium-known-answer	SignatureVerified	true	true	true
sodium-S-plus-L-35	false	upstream-sodium-non-COMPAT-S-plus-L	SignatureRejected	false	false	false
sodium-valid-36	true	upstream-sodium-known-answer	SignatureVerified	true	true	true
sodium-S-plus-L-36	false	upstream-sodium-non-COMPAT-S-plus-L	SignatureRejected	false	false	false
sodium-valid-37	true	upstream-sodium-known-answer	SignatureVerified	true	true	true
sodium-S-plus-L-37	false	upstream-sodium-non-COMPAT-S-plus-L	SignatureRejected	false	false	false
sodium-valid-38	true	upstream-sodium-known-answer	SignatureVerified	true	true	true
sodium-S-plus-L-38	false	upstream-sodium-non-COMPAT-S-plus-L	SignatureRejected	false	false	false
sodium-valid-39	true	upstream-sodium-known-answer	SignatureVerified	true	true	true
sodium-S-plus-L-39	false	upstream-sodium-non-COMPAT-S-plus-L	SignatureRejected	false	false	false
sodium-valid-40	true	upstream-sodium-known-answer	SignatureVerified	true	true	true
sodium-S-plus-L-40	false	upstream-sodium-non-COMPAT-S-plus-L	SignatureRejected	false	false	false
sodium-valid-41	true	upstream-sodium-known-answer	SignatureVerified	true	true	true
sodium-S-plus-L-41	false	upstream-sodium-non-COMPAT-S-plus-L	SignatureRejected	false	false	false
sodium-valid-42	true	upstream-sodium-known-answer	SignatureVerified	true	true	true
sodium-S-plus-L-42	false	upstream-sodium-non-COMPAT-S-plus-L	SignatureRejected	false	false	false
sodium-valid-43	true	upstream-sodium-known-answer	SignatureVerified	true	true	true
sodium-S-plus-L-43	false	upstream-sodium-non-COMPAT-S-plus-L	SignatureRejected	false	false	false
sodium-valid-44	true	upstream-sodium-known-answer	SignatureVerified	true	true	true
sodium-S-plus-L-44	false	upstream-sodium-non-COMPAT-S-plus-L	SignatureRejected	false	false	false
sodium-valid-45	true	upstream-sodium-known-answer	SignatureVerified	true	true	true
sodium-S-plus-L-45	false	upstream-sodium-non-COMPAT-S-plus-L	SignatureRejected	false	false	false
sodium-valid-46	true	upstream-sodium-known-answer	SignatureVerified	true	true	true
sodium-S-plus-L-46	false	upstream-sodium-non-COMPAT-S-plus-L	SignatureRejected	false	false	false
sodium-valid-47	true	upstream-sodium-known-answer	SignatureVerified	true	true	true
sodium-S-plus-L-47	false	upstream-sodium-non-COMPAT-S-plus-L	SignatureRejected	false	false	false
sodium-valid-48	true	upstream-sodium-known-answer	SignatureVerified	true	true	true
sodium-S-plus-L-48	false	upstream-sodium-non-COMPAT-S-plus-L	SignatureRejected	false	false	false
sodium-valid-49	true	upstream-sodium-known-answer	SignatureVerified	true	true	true
sodium-S-plus-L-49	false	upstream-sodium-non-COMPAT-S-plus-L	SignatureRejected	false	false	false
sodium-valid-50	true	upstream-sodium-known-answer	SignatureVerified	true	true	true
sodium-S-plus-L-50	false	upstream-sodium-non-COMPAT-S-plus-L	SignatureRejected	false	false	false
sodium-valid-51	true	upstream-sodium-known-answer	SignatureVerified	true	true	true
sodium-S-plus-L-51	false	upstream-sodium-non-COMPAT-S-plus-L	SignatureRejected	false	false	false
sodium-valid-52	true	upstream-sodium-known-answer	SignatureVerified	true	true	true
sodium-S-plus-L-52	false	upstream-sodium-non-COMPAT-S-plus-L	SignatureRejected	false	false	false
sodium-valid-53	true	upstream-sodium-known-answer	SignatureVerified	true	true	true
sodium-S-plus-L-53	false	upstream-sodium-non-COMPAT-S-plus-L	SignatureRejected	false	false	false
sodium-valid-54	true	upstream-sodium-known-answer	SignatureVerified	true	true	true
sodium-S-plus-L-54	false	upstream-sodium-non-COMPAT-S-plus-L	SignatureRejected	false	false	false
sodium-valid-55	true	upstream-sodium-known-answer	SignatureVerified	true	true	true
sodium-S-plus-L-55	false	upstream-sodium-non-COMPAT-S-plus-L	SignatureRejected	false	false	false
sodium-valid-56	true	upstream-sodium-known-answer	SignatureVerified	true	true	true
sodium-S-plus-L-56	false	upstream-sodium-non-COMPAT-S-plus-L	SignatureRejected	false	false	false
sodium-valid-57	true	upstream-sodium-known-answer	SignatureVerified	true	true	true
sodium-S-plus-L-57	false	upstream-sodium-non-COMPAT-S-plus-L	SignatureRejected	false	false	false
sodium-valid-58	true	upstream-sodium-known-answer	SignatureVerified	true	true	true
sodium-S-plus-L-58	false	upstream-sodium-non-COMPAT-S-plus-L	SignatureRejected	false	false	false
sodium-valid-59	true	upstream-sodium-known-answer	SignatureVerified	true	true	true
sodium-S-plus-L-59	false	upstream-sodium-non-COMPAT-S-plus-L	SignatureRejected	false	false	false
sodium-valid-60	true	upstream-sodium-known-answer	SignatureVerified	true	true	true
sodium-S-plus-L-60	false	upstream-sodium-non-COMPAT-S-plus-L	SignatureRejected	false	false	false
sodium-valid-61	true	upstream-sodium-known-answer	SignatureVerified	true	true	true
sodium-S-plus-L-61	false	upstream-sodium-non-COMPAT-S-plus-L	SignatureRejected	false	false	false
sodium-valid-62	true	upstream-sodium-known-answer	SignatureVerified	true	true	true
sodium-S-plus-L-62	false	upstream-sodium-non-COMPAT-S-plus-L	SignatureRejected	false	false	false
sodium-valid-63	true	upstream-sodium-known-answer	SignatureVerified	true	true	true
sodium-S-plus-L-63	false	upstream-sodium-non-COMPAT-S-plus-L	SignatureRejected	false	false	false
sodium-valid-64	true	upstream-sodium-known-answer	SignatureVerified	true	true	true
sodium-S-plus-L-64	false	upstream-sodium-non-COMPAT-S-plus-L	SignatureRejected	false	false	false
sodium-valid-65	true	upstream-sodium-known-answer	SignatureVerified	true	true	true
sodium-S-plus-L-65	false	upstream-sodium-non-COMPAT-S-plus-L	SignatureRejected	false	false	false
sodium-valid-66	true	upstream-sodium-known-answer	SignatureVerified	true	true	true
sodium-S-plus-L-66	false	upstream-sodium-non-COMPAT-S-plus-L	SignatureRejected	false	false	false
sodium-valid-67	true	upstream-sodium-known-answer	SignatureVerified	true	true	true
sodium-S-plus-L-67	false	upstream-sodium-non-COMPAT-S-plus-L	SignatureRejected	false	false	false
sodium-valid-68	true	upstream-sodium-known-answer	SignatureVerified	true	true	true
sodium-S-plus-L-68	false	upstream-sodium-non-COMPAT-S-plus-L	SignatureRejected	false	false	false
sodium-valid-69	true	upstream-sodium-known-answer	SignatureVerified	true	true	true
sodium-S-plus-L-69	false	upstream-sodium-non-COMPAT-S-plus-L	SignatureRejected	false	false	false
sodium-valid-70	true	upstream-sodium-known-answer	SignatureVerified	true	true	true
sodium-S-plus-L-70	false	upstream-sodium-non-COMPAT-S-plus-L	SignatureRejected	false	false	false
sodium-valid-71	true	upstream-sodium-known-answer	SignatureVerified	true	true	true
sodium-S-plus-L-71	false	upstream-sodium-non-COMPAT-S-plus-L	SignatureRejected	false	false	false
sodium-valid-72	true	upstream-sodium-known-answer	SignatureVerified	true	true	true
sodium-S-plus-L-72	false	upstream-sodium-non-COMPAT-S-plus-L	SignatureRejected	false	false	false
sodium-valid-73	true	upstream-sodium-known-answer	SignatureVerified	true	true	true
sodium-S-plus-L-73	false	upstream-sodium-non-COMPAT-S-plus-L	SignatureRejected	false	false	false
sodium-valid-74	true	upstream-sodium-known-answer	SignatureVerified	true	true	true
sodium-S-plus-L-74	false	upstream-sodium-non-COMPAT-S-plus-L	SignatureRejected	false	false	false
sodium-valid-75	true	upstream-sodium-known-answer	SignatureVerified	true	true	true
sodium-S-plus-L-75	false	upstream-sodium-non-COMPAT-S-plus-L	SignatureRejected	false	false	false
sodium-valid-76	true	upstream-sodium-known-answer	SignatureVerified	true	true	true
sodium-S-plus-L-76	false	upstream-sodium-non-COMPAT-S-plus-L	SignatureRejected	false	false	false
sodium-valid-77	true	upstream-sodium-known-answer	SignatureVerified	true	true	true
sodium-S-plus-L-77	false	upstream-sodium-non-COMPAT-S-plus-L	SignatureRejected	false	false	false
sodium-valid-78	true	upstream-sodium-known-answer	SignatureVerified	true	true	true
sodium-S-plus-L-78	false	upstream-sodium-non-COMPAT-S-plus-L	SignatureRejected	false	false	false
sodium-valid-79	true	upstream-sodium-known-answer	SignatureVerified	true	true	true
sodium-S-plus-L-79	false	upstream-sodium-non-COMPAT-S-plus-L	SignatureRejected	false	false	false
sodium-valid-80	true	upstream-sodium-known-answer	SignatureVerified	true	true	true
sodium-S-plus-L-80	false	upstream-sodium-non-COMPAT-S-plus-L	SignatureRejected	false	false	false
sodium-valid-81	true	upstream-sodium-known-answer	SignatureVerified	true	true	true
sodium-S-plus-L-81	false	upstream-sodium-non-COMPAT-S-plus-L	SignatureRejected	false	false	false
sodium-valid-82	true	upstream-sodium-known-answer	SignatureVerified	true	true	true
sodium-S-plus-L-82	false	upstream-sodium-non-COMPAT-S-plus-L	SignatureRejected	false	false	false
sodium-valid-83	true	upstream-sodium-known-answer	SignatureVerified	true	true	true
sodium-S-plus-L-83	false	upstream-sodium-non-COMPAT-S-plus-L	SignatureRejected	false	false	false
sodium-valid-84	true	upstream-sodium-known-answer	SignatureVerified	true	true	true
sodium-S-plus-L-84	false	upstream-sodium-non-COMPAT-S-plus-L	SignatureRejected	false	false	false
sodium-valid-85	true	upstream-sodium-known-answer	SignatureVerified	true	true	true
sodium-S-plus-L-85	false	upstream-sodium-non-COMPAT-S-plus-L	SignatureRejected	false	false	false
sodium-valid-86	true	upstream-sodium-known-answer	SignatureVerified	true	true	true
sodium-S-plus-L-86	false	upstream-sodium-non-COMPAT-S-plus-L	SignatureRejected	false	false	false
sodium-valid-87	true	upstream-sodium-known-answer	SignatureVerified	true	true	true
sodium-S-plus-L-87	false	upstream-sodium-non-COMPAT-S-plus-L	SignatureRejected	false	false	false
sodium-valid-88	true	upstream-sodium-known-answer	SignatureVerified	true	true	true
sodium-S-plus-L-88	false	upstream-sodium-non-COMPAT-S-plus-L	SignatureRejected	false	false	false
sodium-valid-89	true	upstream-sodium-known-answer	SignatureVerified	true	true	true
sodium-S-plus-L-89	false	upstream-sodium-non-COMPAT-S-plus-L	SignatureRejected	false	false	false
sodium-valid-90	true	upstream-sodium-known-answer	SignatureVerified	true	true	true
sodium-S-plus-L-90	false	upstream-sodium-non-COMPAT-S-plus-L	SignatureRejected	false	false	false
sodium-valid-91	true	upstream-sodium-known-answer	SignatureVerified	true	true	true
sodium-S-plus-L-91	false	upstream-sodium-non-COMPAT-S-plus-L	SignatureRejected	false	false	false
sodium-valid-92	true	upstream-sodium-known-answer	SignatureVerified	true	true	true
sodium-S-plus-L-92	false	upstream-sodium-non-COMPAT-S-plus-L	SignatureRejected	false	false	false
sodium-valid-93	true	upstream-sodium-known-answer	SignatureVerified	true	true	true
sodium-S-plus-L-93	false	upstream-sodium-non-COMPAT-S-plus-L	SignatureRejected	false	false	false
sodium-valid-94	true	upstream-sodium-known-answer	SignatureVerified	true	true	true
sodium-S-plus-L-94	false	upstream-sodium-non-COMPAT-S-plus-L	SignatureRejected	false	false	false
sodium-valid-95	true	upstream-sodium-known-answer	SignatureVerified	true	true	true
sodium-S-plus-L-95	false	upstream-sodium-non-COMPAT-S-plus-L	SignatureRejected	false	false	false
sodium-valid-96	true	upstream-sodium-known-answer	SignatureVerified	true	true	true
sodium-S-plus-L-96	false	upstream-sodium-non-COMPAT-S-plus-L	SignatureRejected	false	false	false
sodium-valid-97	true	upstream-sodium-known-answer	SignatureVerified	true	true	true
sodium-S-plus-L-97	false	upstream-sodium-non-COMPAT-S-plus-L	SignatureRejected	false	false	false
sodium-valid-98	true	upstream-sodium-known-answer	SignatureVerified	true	true	true
sodium-S-plus-L-98	false	upstream-sodium-non-COMPAT-S-plus-L	SignatureRejected	false	false	false
sodium-valid-99	true	upstream-sodium-known-answer	SignatureVerified	true	true	true
sodium-S-plus-L-99	false	upstream-sodium-non-COMPAT-S-plus-L	SignatureRejected	false	false	false
sodium-valid-100	true	upstream-sodium-known-answer	SignatureVerified	true	true	true
sodium-S-plus-L-100	false	upstream-sodium-non-COMPAT-S-plus-L	SignatureRejected	false	false	false
sodium-valid-101	true	upstream-sodium-known-answer	SignatureVerified	true	true	true
sodium-S-plus-L-101	false	upstream-sodium-non-COMPAT-S-plus-L	SignatureRejected	false	false	false
sodium-valid-102	true	upstream-sodium-known-answer	SignatureVerified	true	true	true
sodium-S-plus-L-102	false	upstream-sodium-non-COMPAT-S-plus-L	SignatureRejected	false	false	false
sodium-valid-103	true	upstream-sodium-known-answer	SignatureVerified	true	true	true
sodium-S-plus-L-103	false	upstream-sodium-non-COMPAT-S-plus-L	SignatureRejected	false	false	false
sodium-valid-104	true	upstream-sodium-known-answer	SignatureVerified	true	true	true
sodium-S-plus-L-104	false	upstream-sodium-non-COMPAT-S-plus-L	SignatureRejected	false	false	false
sodium-valid-105	true	upstream-sodium-known-answer	SignatureVerified	true	true	true
sodium-S-plus-L-105	false	upstream-sodium-non-COMPAT-S-plus-L	SignatureRejected	false	false	false
sodium-valid-106	true	upstream-sodium-known-answer	SignatureVerified	true	true	true
sodium-S-plus-L-106	false	upstream-sodium-non-COMPAT-S-plus-L	SignatureRejected	false	false	false
sodium-valid-107	true	upstream-sodium-known-answer	SignatureVerified	true	true	true
sodium-S-plus-L-107	false	upstream-sodium-non-COMPAT-S-plus-L	SignatureRejected	false	false	false
sodium-valid-108	true	upstream-sodium-known-answer	SignatureVerified	true	true	true
sodium-S-plus-L-108	false	upstream-sodium-non-COMPAT-S-plus-L	SignatureRejected	false	false	false
sodium-valid-109	true	upstream-sodium-known-answer	SignatureVerified	true	true	true
sodium-S-plus-L-109	false	upstream-sodium-non-COMPAT-S-plus-L	SignatureRejected	false	false	false
sodium-valid-110	true	upstream-sodium-known-answer	SignatureVerified	true	true	true
sodium-S-plus-L-110	false	upstream-sodium-non-COMPAT-S-plus-L	SignatureRejected	false	false	false
sodium-valid-111	true	upstream-sodium-known-answer	SignatureVerified	true	true	true
sodium-S-plus-L-111	false	upstream-sodium-non-COMPAT-S-plus-L	SignatureRejected	false	false	false
sodium-valid-112	true	upstream-sodium-known-answer	SignatureVerified	true	true	true
sodium-S-plus-L-112	false	upstream-sodium-non-COMPAT-S-plus-L	SignatureRejected	false	false	false
sodium-valid-113	true	upstream-sodium-known-answer	SignatureVerified	true	true	true
sodium-S-plus-L-113	false	upstream-sodium-non-COMPAT-S-plus-L	SignatureRejected	false	false	false
sodium-valid-114	true	upstream-sodium-known-answer	SignatureVerified	true	true	true
sodium-S-plus-L-114	false	upstream-sodium-non-COMPAT-S-plus-L	SignatureRejected	false	false	false
sodium-valid-115	true	upstream-sodium-known-answer	SignatureVerified	true	true	true
sodium-S-plus-L-115	false	upstream-sodium-non-COMPAT-S-plus-L	SignatureRejected	false	false	false
sodium-valid-116	true	upstream-sodium-known-answer	SignatureVerified	true	true	true
sodium-S-plus-L-116	false	upstream-sodium-non-COMPAT-S-plus-L	SignatureRejected	false	false	false
sodium-valid-117	true	upstream-sodium-known-answer	SignatureVerified	true	true	true
sodium-S-plus-L-117	false	upstream-sodium-non-COMPAT-S-plus-L	SignatureRejected	false	false	false
sodium-valid-118	true	upstream-sodium-known-answer	SignatureVerified	true	true	true
sodium-S-plus-L-118	false	upstream-sodium-non-COMPAT-S-plus-L	SignatureRejected	false	false	false
sodium-valid-119	true	upstream-sodium-known-answer	SignatureVerified	true	true	true
sodium-S-plus-L-119	false	upstream-sodium-non-COMPAT-S-plus-L	SignatureRejected	false	false	false
sodium-valid-120	true	upstream-sodium-known-answer	SignatureVerified	true	true	true
sodium-S-plus-L-120	false	upstream-sodium-non-COMPAT-S-plus-L	SignatureRejected	false	false	false
sodium-valid-121	true	upstream-sodium-known-answer	SignatureVerified	true	true	true
sodium-S-plus-L-121	false	upstream-sodium-non-COMPAT-S-plus-L	SignatureRejected	false	false	false
sodium-valid-122	true	upstream-sodium-known-answer	SignatureVerified	true	true	true
sodium-S-plus-L-122	false	upstream-sodium-non-COMPAT-S-plus-L	SignatureRejected	false	false	false
sodium-valid-123	true	upstream-sodium-known-answer	SignatureVerified	true	true	true
sodium-S-plus-L-123	false	upstream-sodium-non-COMPAT-S-plus-L	SignatureRejected	false	false	false
sodium-valid-124	true	upstream-sodium-known-answer	SignatureVerified	true	true	true
sodium-S-plus-L-124	false	upstream-sodium-non-COMPAT-S-plus-L	SignatureRejected	false	false	false
sodium-valid-125	true	upstream-sodium-known-answer	SignatureVerified	true	true	true
sodium-S-plus-L-125	false	upstream-sodium-non-COMPAT-S-plus-L	SignatureRejected	false	false	false
sodium-valid-126	true	upstream-sodium-known-answer	SignatureVerified	true	true	true
sodium-S-plus-L-126	false	upstream-sodium-non-COMPAT-S-plus-L	SignatureRejected	false	false	false
sodium-valid-127	true	upstream-sodium-known-answer	SignatureVerified	true	true	true
sodium-S-plus-L-127	false	upstream-sodium-non-COMPAT-S-plus-L	SignatureRejected	false	false	false
sodium-valid-128	true	upstream-sodium-known-answer	SignatureVerified	true	true	true
sodium-S-plus-L-128	false	upstream-sodium-non-COMPAT-S-plus-L	SignatureRejected	false	false	false
sodium-valid-129	true	upstream-sodium-known-answer	SignatureVerified	true	true	true
sodium-S-plus-L-129	false	upstream-sodium-non-COMPAT-S-plus-L	SignatureRejected	false	false	false
sodium-valid-130	true	upstream-sodium-known-answer	SignatureVerified	true	true	true
sodium-S-plus-L-130	false	upstream-sodium-non-COMPAT-S-plus-L	SignatureRejected	false	false	false
sodium-valid-131	true	upstream-sodium-known-answer	SignatureVerified	true	true	true
sodium-S-plus-L-131	false	upstream-sodium-non-COMPAT-S-plus-L	SignatureRejected	false	false	false
sodium-valid-132	true	upstream-sodium-known-answer	SignatureVerified	true	true	true
sodium-S-plus-L-132	false	upstream-sodium-non-COMPAT-S-plus-L	SignatureRejected	false	false	false
sodium-valid-133	true	upstream-sodium-known-answer	SignatureVerified	true	true	true
sodium-S-plus-L-133	false	upstream-sodium-non-COMPAT-S-plus-L	SignatureRejected	false	false	false
sodium-valid-134	true	upstream-sodium-known-answer	SignatureVerified	true	true	true
sodium-S-plus-L-134	false	upstream-sodium-non-COMPAT-S-plus-L	SignatureRejected	false	false	false
sodium-valid-135	true	upstream-sodium-known-answer	SignatureVerified	true	true	true
sodium-S-plus-L-135	false	upstream-sodium-non-COMPAT-S-plus-L	SignatureRejected	false	false	false
sodium-valid-136	true	upstream-sodium-known-answer	SignatureVerified	true	true	true
sodium-S-plus-L-136	false	upstream-sodium-non-COMPAT-S-plus-L	SignatureRejected	false	false	false
sodium-valid-137	true	upstream-sodium-known-answer	SignatureVerified	true	true	true
sodium-S-plus-L-137	false	upstream-sodium-non-COMPAT-S-plus-L	SignatureRejected	false	false	false
sodium-valid-138	true	upstream-sodium-known-answer	SignatureVerified	true	true	true
sodium-S-plus-L-138	false	upstream-sodium-non-COMPAT-S-plus-L	SignatureRejected	false	false	false
sodium-valid-139	true	upstream-sodium-known-answer	SignatureVerified	true	true	true
sodium-S-plus-L-139	false	upstream-sodium-non-COMPAT-S-plus-L	SignatureRejected	false	false	false
sodium-valid-140	true	upstream-sodium-known-answer	SignatureVerified	true	true	true
sodium-S-plus-L-140	false	upstream-sodium-non-COMPAT-S-plus-L	SignatureRejected	false	false	false
sodium-valid-141	true	upstream-sodium-known-answer	SignatureVerified	true	true	true
sodium-S-plus-L-141	false	upstream-sodium-non-COMPAT-S-plus-L	SignatureRejected	false	false	false
sodium-valid-142	true	upstream-sodium-known-answer	SignatureVerified	true	true	true
sodium-S-plus-L-142	false	upstream-sodium-non-COMPAT-S-plus-L	SignatureRejected	false	false	false
sodium-valid-143	true	upstream-sodium-known-answer	SignatureVerified	true	true	true
sodium-S-plus-L-143	false	upstream-sodium-non-COMPAT-S-plus-L	SignatureRejected	false	false	false
sodium-valid-144	true	upstream-sodium-known-answer	SignatureVerified	true	true	true
sodium-S-plus-L-144	false	upstream-sodium-non-COMPAT-S-plus-L	SignatureRejected	false	false	false
sodium-valid-145	true	upstream-sodium-known-answer	SignatureVerified	true	true	true
sodium-S-plus-L-145	false	upstream-sodium-non-COMPAT-S-plus-L	SignatureRejected	false	false	false
sodium-valid-146	true	upstream-sodium-known-answer	SignatureVerified	true	true	true
sodium-S-plus-L-146	false	upstream-sodium-non-COMPAT-S-plus-L	SignatureRejected	false	false	false
sodium-valid-147	true	upstream-sodium-known-answer	SignatureVerified	true	true	true
sodium-S-plus-L-147	false	upstream-sodium-non-COMPAT-S-plus-L	SignatureRejected	false	false	false
sodium-valid-148	true	upstream-sodium-known-answer	SignatureVerified	true	true	true
sodium-S-plus-L-148	false	upstream-sodium-non-COMPAT-S-plus-L	SignatureRejected	false	false	false
sodium-valid-149	true	upstream-sodium-known-answer	SignatureVerified	true	true	true
sodium-S-plus-L-149	false	upstream-sodium-non-COMPAT-S-plus-L	SignatureRejected	false	false	false
sodium-valid-150	true	upstream-sodium-known-answer	SignatureVerified	true	true	true
sodium-S-plus-L-150	false	upstream-sodium-non-COMPAT-S-plus-L	SignatureRejected	false	false	false
sodium-valid-151	true	upstream-sodium-known-answer	SignatureVerified	true	true	true
sodium-S-plus-L-151	false	upstream-sodium-non-COMPAT-S-plus-L	SignatureRejected	false	false	false
sodium-valid-152	true	upstream-sodium-known-answer	SignatureVerified	true	true	true
sodium-S-plus-L-152	false	upstream-sodium-non-COMPAT-S-plus-L	SignatureRejected	false	false	false
sodium-valid-153	true	upstream-sodium-known-answer	SignatureVerified	true	true	true
sodium-S-plus-L-153	false	upstream-sodium-non-COMPAT-S-plus-L	SignatureRejected	false	false	false
sodium-valid-154	true	upstream-sodium-known-answer	SignatureVerified	true	true	true
sodium-S-plus-L-154	false	upstream-sodium-non-COMPAT-S-plus-L	SignatureRejected	false	false	false
sodium-valid-155	true	upstream-sodium-known-answer	SignatureVerified	true	true	true
sodium-S-plus-L-155	false	upstream-sodium-non-COMPAT-S-plus-L	SignatureRejected	false	false	false
sodium-valid-156	true	upstream-sodium-known-answer	SignatureVerified	true	true	true
sodium-S-plus-L-156	false	upstream-sodium-non-COMPAT-S-plus-L	SignatureRejected	false	false	false
sodium-valid-157	true	upstream-sodium-known-answer	SignatureVerified	true	true	true
sodium-S-plus-L-157	false	upstream-sodium-non-COMPAT-S-plus-L	SignatureRejected	false	false	false
sodium-valid-158	true	upstream-sodium-known-answer	SignatureVerified	true	true	true
sodium-S-plus-L-158	false	upstream-sodium-non-COMPAT-S-plus-L	SignatureRejected	false	false	false
sodium-valid-159	true	upstream-sodium-known-answer	SignatureVerified	true	true	true
sodium-S-plus-L-159	false	upstream-sodium-non-COMPAT-S-plus-L	SignatureRejected	false	false	false
sodium-valid-160	true	upstream-sodium-known-answer	SignatureVerified	true	true	true
sodium-S-plus-L-160	false	upstream-sodium-non-COMPAT-S-plus-L	SignatureRejected	false	false	false
sodium-valid-161	true	upstream-sodium-known-answer	SignatureVerified	true	true	true
sodium-S-plus-L-161	false	upstream-sodium-non-COMPAT-S-plus-L	SignatureRejected	false	false	false
sodium-valid-162	true	upstream-sodium-known-answer	SignatureVerified	true	true	true
sodium-S-plus-L-162	false	upstream-sodium-non-COMPAT-S-plus-L	SignatureRejected	false	false	false
sodium-valid-163	true	upstream-sodium-known-answer	SignatureVerified	true	true	true
sodium-S-plus-L-163	false	upstream-sodium-non-COMPAT-S-plus-L	SignatureRejected	false	false	false
sodium-valid-164	true	upstream-sodium-known-answer	SignatureVerified	true	true	true
sodium-S-plus-L-164	false	upstream-sodium-non-COMPAT-S-plus-L	SignatureRejected	false	false	false
sodium-valid-165	true	upstream-sodium-known-answer	SignatureVerified	true	true	true
sodium-S-plus-L-165	false	upstream-sodium-non-COMPAT-S-plus-L	SignatureRejected	false	false	false
sodium-valid-166	true	upstream-sodium-known-answer	SignatureVerified	true	true	true
sodium-S-plus-L-166	false	upstream-sodium-non-COMPAT-S-plus-L	SignatureRejected	false	false	false
sodium-valid-167	true	upstream-sodium-known-answer	SignatureVerified	true	true	true
sodium-S-plus-L-167	false	upstream-sodium-non-COMPAT-S-plus-L	SignatureRejected	false	false	false
sodium-valid-168	true	upstream-sodium-known-answer	SignatureVerified	true	true	true
sodium-S-plus-L-168	false	upstream-sodium-non-COMPAT-S-plus-L	SignatureRejected	false	false	false
sodium-valid-169	true	upstream-sodium-known-answer	SignatureVerified	true	true	true
sodium-S-plus-L-169	false	upstream-sodium-non-COMPAT-S-plus-L	SignatureRejected	false	false	false
sodium-valid-170	true	upstream-sodium-known-answer	SignatureVerified	true	true	true
sodium-S-plus-L-170	false	upstream-sodium-non-COMPAT-S-plus-L	SignatureRejected	false	false	false
sodium-valid-171	true	upstream-sodium-known-answer	SignatureVerified	true	true	true
sodium-S-plus-L-171	false	upstream-sodium-non-COMPAT-S-plus-L	SignatureRejected	false	false	false
sodium-valid-172	true	upstream-sodium-known-answer	SignatureVerified	true	true	true
sodium-S-plus-L-172	false	upstream-sodium-non-COMPAT-S-plus-L	SignatureRejected	false	false	false
sodium-valid-173	true	upstream-sodium-known-answer	SignatureVerified	true	true	true
sodium-S-plus-L-173	false	upstream-sodium-non-COMPAT-S-plus-L	SignatureRejected	false	false	false
sodium-valid-174	true	upstream-sodium-known-answer	SignatureVerified	true	true	true
sodium-S-plus-L-174	false	upstream-sodium-non-COMPAT-S-plus-L	SignatureRejected	false	false	false
sodium-valid-175	true	upstream-sodium-known-answer	SignatureVerified	true	true	true
sodium-S-plus-L-175	false	upstream-sodium-non-COMPAT-S-plus-L	SignatureRejected	false	false	false
sodium-valid-176	true	upstream-sodium-known-answer	SignatureVerified	true	true	true
sodium-S-plus-L-176	false	upstream-sodium-non-COMPAT-S-plus-L	SignatureRejected	false	false	false
sodium-valid-177	true	upstream-sodium-known-answer	SignatureVerified	true	true	true
sodium-S-plus-L-177	false	upstream-sodium-non-COMPAT-S-plus-L	SignatureRejected	false	false	false
sodium-valid-178	true	upstream-sodium-known-answer	SignatureVerified	true	true	true
sodium-S-plus-L-178	false	upstream-sodium-non-COMPAT-S-plus-L	SignatureRejected	false	false	false
sodium-valid-179	true	upstream-sodium-known-answer	SignatureVerified	true	true	true
sodium-S-plus-L-179	false	upstream-sodium-non-COMPAT-S-plus-L	SignatureRejected	false	false	false
sodium-valid-180	true	upstream-sodium-known-answer	SignatureVerified	true	true	true
sodium-S-plus-L-180	false	upstream-sodium-non-COMPAT-S-plus-L	SignatureRejected	false	false	false
sodium-valid-181	true	upstream-sodium-known-answer	SignatureVerified	true	true	true
sodium-S-plus-L-181	false	upstream-sodium-non-COMPAT-S-plus-L	SignatureRejected	false	false	false
sodium-valid-182	true	upstream-sodium-known-answer	SignatureVerified	true	true	true
sodium-S-plus-L-182	false	upstream-sodium-non-COMPAT-S-plus-L	SignatureRejected	false	false	false
sodium-valid-183	true	upstream-sodium-known-answer	SignatureVerified	true	true	true
sodium-S-plus-L-183	false	upstream-sodium-non-COMPAT-S-plus-L	SignatureRejected	false	false	false
sodium-valid-184	true	upstream-sodium-known-answer	SignatureVerified	true	true	true
sodium-S-plus-L-184	false	upstream-sodium-non-COMPAT-S-plus-L	SignatureRejected	false	false	false
sodium-valid-185	true	upstream-sodium-known-answer	SignatureVerified	true	true	true
sodium-S-plus-L-185	false	upstream-sodium-non-COMPAT-S-plus-L	SignatureRejected	false	false	false
sodium-valid-186	true	upstream-sodium-known-answer	SignatureVerified	true	true	true
sodium-S-plus-L-186	false	upstream-sodium-non-COMPAT-S-plus-L	SignatureRejected	false	false	false
sodium-valid-187	true	upstream-sodium-known-answer	SignatureVerified	true	true	true
sodium-S-plus-L-187	false	upstream-sodium-non-COMPAT-S-plus-L	SignatureRejected	false	false	false
sodium-valid-188	true	upstream-sodium-known-answer	SignatureVerified	true	true	true
sodium-S-plus-L-188	false	upstream-sodium-non-COMPAT-S-plus-L	SignatureRejected	false	false	false
sodium-valid-189	true	upstream-sodium-known-answer	SignatureVerified	true	true	true
sodium-S-plus-L-189	false	upstream-sodium-non-COMPAT-S-plus-L	SignatureRejected	false	false	false
sodium-valid-190	true	upstream-sodium-known-answer	SignatureVerified	true	true	true
sodium-S-plus-L-190	false	upstream-sodium-non-COMPAT-S-plus-L	SignatureRejected	false	false	false
sodium-valid-191	true	upstream-sodium-known-answer	SignatureVerified	true	true	true
sodium-S-plus-L-191	false	upstream-sodium-non-COMPAT-S-plus-L	SignatureRejected	false	false	false
sodium-valid-192	true	upstream-sodium-known-answer	SignatureVerified	true	true	true
sodium-S-plus-L-192	false	upstream-sodium-non-COMPAT-S-plus-L	SignatureRejected	false	false	false
sodium-valid-193	true	upstream-sodium-known-answer	SignatureVerified	true	true	true
sodium-S-plus-L-193	false	upstream-sodium-non-COMPAT-S-plus-L	SignatureRejected	false	false	false
sodium-valid-194	true	upstream-sodium-known-answer	SignatureVerified	true	true	true
sodium-S-plus-L-194	false	upstream-sodium-non-COMPAT-S-plus-L	SignatureRejected	false	false	false
sodium-valid-195	true	upstream-sodium-known-answer	SignatureVerified	true	true	true
sodium-S-plus-L-195	false	upstream-sodium-non-COMPAT-S-plus-L	SignatureRejected	false	false	false
sodium-valid-196	true	upstream-sodium-known-answer	SignatureVerified	true	true	true
sodium-S-plus-L-196	false	upstream-sodium-non-COMPAT-S-plus-L	SignatureRejected	false	false	false
sodium-valid-197	true	upstream-sodium-known-answer	SignatureVerified	true	true	true
sodium-S-plus-L-197	false	upstream-sodium-non-COMPAT-S-plus-L	SignatureRejected	false	false	false
sodium-valid-198	true	upstream-sodium-known-answer	SignatureVerified	true	true	true
sodium-S-plus-L-198	false	upstream-sodium-non-COMPAT-S-plus-L	SignatureRejected	false	false	false
sodium-valid-199	true	upstream-sodium-known-answer	SignatureVerified	true	true	true
sodium-S-plus-L-199	false	upstream-sodium-non-COMPAT-S-plus-L	SignatureRejected	false	false	false
sodium-valid-200	true	upstream-sodium-known-answer	SignatureVerified	true	true	true
sodium-S-plus-L-200	false	upstream-sodium-non-COMPAT-S-plus-L	SignatureRejected	false	false	false
sodium-valid-201	true	upstream-sodium-known-answer	SignatureVerified	true	true	true
sodium-S-plus-L-201	false	upstream-sodium-non-COMPAT-S-plus-L	SignatureRejected	false	false	false
sodium-valid-202	true	upstream-sodium-known-answer	SignatureVerified	true	true	true
sodium-S-plus-L-202	false	upstream-sodium-non-COMPAT-S-plus-L	SignatureRejected	false	false	false
sodium-valid-203	true	upstream-sodium-known-answer	SignatureVerified	true	true	true
sodium-S-plus-L-203	false	upstream-sodium-non-COMPAT-S-plus-L	SignatureRejected	false	false	false
sodium-valid-204	true	upstream-sodium-known-answer	SignatureVerified	true	true	true
sodium-S-plus-L-204	false	upstream-sodium-non-COMPAT-S-plus-L	SignatureRejected	false	false	false
sodium-valid-205	true	upstream-sodium-known-answer	SignatureVerified	true	true	true
sodium-S-plus-L-205	false	upstream-sodium-non-COMPAT-S-plus-L	SignatureRejected	false	false	false
sodium-valid-206	true	upstream-sodium-known-answer	SignatureVerified	true	true	true
sodium-S-plus-L-206	false	upstream-sodium-non-COMPAT-S-plus-L	SignatureRejected	false	false	false
sodium-valid-207	true	upstream-sodium-known-answer	SignatureVerified	true	true	true
sodium-S-plus-L-207	false	upstream-sodium-non-COMPAT-S-plus-L	SignatureRejected	false	false	false
sodium-valid-208	true	upstream-sodium-known-answer	SignatureVerified	true	true	true
sodium-S-plus-L-208	false	upstream-sodium-non-COMPAT-S-plus-L	SignatureRejected	false	false	false
sodium-valid-209	true	upstream-sodium-known-answer	SignatureVerified	true	true	true
sodium-S-plus-L-209	false	upstream-sodium-non-COMPAT-S-plus-L	SignatureRejected	false	false	false
sodium-valid-210	true	upstream-sodium-known-answer	SignatureVerified	true	true	true
sodium-S-plus-L-210	false	upstream-sodium-non-COMPAT-S-plus-L	SignatureRejected	false	false	false
sodium-valid-211	true	upstream-sodium-known-answer	SignatureVerified	true	true	true
sodium-S-plus-L-211	false	upstream-sodium-non-COMPAT-S-plus-L	SignatureRejected	false	false	false
sodium-valid-212	true	upstream-sodium-known-answer	SignatureVerified	true	true	true
sodium-S-plus-L-212	false	upstream-sodium-non-COMPAT-S-plus-L	SignatureRejected	false	false	false
sodium-valid-213	true	upstream-sodium-known-answer	SignatureVerified	true	true	true
sodium-S-plus-L-213	false	upstream-sodium-non-COMPAT-S-plus-L	SignatureRejected	false	false	false
sodium-valid-214	true	upstream-sodium-known-answer	SignatureVerified	true	true	true
sodium-S-plus-L-214	false	upstream-sodium-non-COMPAT-S-plus-L	SignatureRejected	false	false	false
sodium-valid-215	true	upstream-sodium-known-answer	SignatureVerified	true	true	true
sodium-S-plus-L-215	false	upstream-sodium-non-COMPAT-S-plus-L	SignatureRejected	false	false	false
sodium-valid-216	true	upstream-sodium-known-answer	SignatureVerified	true	true	true
sodium-S-plus-L-216	false	upstream-sodium-non-COMPAT-S-plus-L	SignatureRejected	false	false	false
sodium-valid-217	true	upstream-sodium-known-answer	SignatureVerified	true	true	true
sodium-S-plus-L-217	false	upstream-sodium-non-COMPAT-S-plus-L	SignatureRejected	false	false	false
sodium-valid-218	true	upstream-sodium-known-answer	SignatureVerified	true	true	true
sodium-S-plus-L-218	false	upstream-sodium-non-COMPAT-S-plus-L	SignatureRejected	false	false	false
sodium-valid-219	true	upstream-sodium-known-answer	SignatureVerified	true	true	true
sodium-S-plus-L-219	false	upstream-sodium-non-COMPAT-S-plus-L	SignatureRejected	false	false	false
sodium-valid-220	true	upstream-sodium-known-answer	SignatureVerified	true	true	true
sodium-S-plus-L-220	false	upstream-sodium-non-COMPAT-S-plus-L	SignatureRejected	false	false	false
sodium-valid-221	true	upstream-sodium-known-answer	SignatureVerified	true	true	true
sodium-S-plus-L-221	false	upstream-sodium-non-COMPAT-S-plus-L	SignatureRejected	false	false	false
sodium-valid-222	true	upstream-sodium-known-answer	SignatureVerified	true	true	true
sodium-S-plus-L-222	false	upstream-sodium-non-COMPAT-S-plus-L	SignatureRejected	false	false	false
sodium-valid-223	true	upstream-sodium-known-answer	SignatureVerified	true	true	true
sodium-S-plus-L-223	false	upstream-sodium-non-COMPAT-S-plus-L	SignatureRejected	false	false	false
sodium-valid-224	true	upstream-sodium-known-answer	SignatureVerified	true	true	true
sodium-S-plus-L-224	false	upstream-sodium-non-COMPAT-S-plus-L	SignatureRejected	false	false	false
sodium-valid-225	true	upstream-sodium-known-answer	SignatureVerified	true	true	true
sodium-S-plus-L-225	false	upstream-sodium-non-COMPAT-S-plus-L	SignatureRejected	false	false	false
sodium-valid-226	true	upstream-sodium-known-answer	SignatureVerified	true	true	true
sodium-S-plus-L-226	false	upstream-sodium-non-COMPAT-S-plus-L	SignatureRejected	false	false	false
sodium-valid-227	true	upstream-sodium-known-answer	SignatureVerified	true	true	true
sodium-S-plus-L-227	false	upstream-sodium-non-COMPAT-S-plus-L	SignatureRejected	false	false	false
sodium-valid-228	true	upstream-sodium-known-answer	SignatureVerified	true	true	true
sodium-S-plus-L-228	false	upstream-sodium-non-COMPAT-S-plus-L	SignatureRejected	false	false	false
sodium-valid-229	true	upstream-sodium-known-answer	SignatureVerified	true	true	true
sodium-S-plus-L-229	false	upstream-sodium-non-COMPAT-S-plus-L	SignatureRejected	false	false	false
sodium-valid-230	true	upstream-sodium-known-answer	SignatureVerified	true	true	true
sodium-S-plus-L-230	false	upstream-sodium-non-COMPAT-S-plus-L	SignatureRejected	false	false	false
sodium-valid-231	true	upstream-sodium-known-answer	SignatureVerified	true	true	true
sodium-S-plus-L-231	false	upstream-sodium-non-COMPAT-S-plus-L	SignatureRejected	false	false	false
sodium-valid-232	true	upstream-sodium-known-answer	SignatureVerified	true	true	true
sodium-S-plus-L-232	false	upstream-sodium-non-COMPAT-S-plus-L	SignatureRejected	false	false	false
sodium-valid-233	true	upstream-sodium-known-answer	SignatureVerified	true	true	true
sodium-S-plus-L-233	false	upstream-sodium-non-COMPAT-S-plus-L	SignatureRejected	false	false	false
sodium-valid-234	true	upstream-sodium-known-answer	SignatureVerified	true	true	true
sodium-S-plus-L-234	false	upstream-sodium-non-COMPAT-S-plus-L	SignatureRejected	false	false	false
sodium-valid-235	true	upstream-sodium-known-answer	SignatureVerified	true	true	true
sodium-S-plus-L-235	false	upstream-sodium-non-COMPAT-S-plus-L	SignatureRejected	false	false	false
sodium-valid-236	true	upstream-sodium-known-answer	SignatureVerified	true	true	true
sodium-S-plus-L-236	false	upstream-sodium-non-COMPAT-S-plus-L	SignatureRejected	false	false	false
sodium-valid-237	true	upstream-sodium-known-answer	SignatureVerified	true	true	true
sodium-S-plus-L-237	false	upstream-sodium-non-COMPAT-S-plus-L	SignatureRejected	false	false	false
sodium-valid-238	true	upstream-sodium-known-answer	SignatureVerified	true	true	true
sodium-S-plus-L-238	false	upstream-sodium-non-COMPAT-S-plus-L	SignatureRejected	false	false	false
sodium-valid-239	true	upstream-sodium-known-answer	SignatureVerified	true	true	true
sodium-S-plus-L-239	false	upstream-sodium-non-COMPAT-S-plus-L	SignatureRejected	false	false	false
sodium-valid-240	true	upstream-sodium-known-answer	SignatureVerified	true	true	true
sodium-S-plus-L-240	false	upstream-sodium-non-COMPAT-S-plus-L	SignatureRejected	false	false	false
sodium-valid-241	true	upstream-sodium-known-answer	SignatureVerified	true	true	true
sodium-S-plus-L-241	false	upstream-sodium-non-COMPAT-S-plus-L	SignatureRejected	false	false	false
sodium-valid-242	true	upstream-sodium-known-answer	SignatureVerified	true	true	true
sodium-S-plus-L-242	false	upstream-sodium-non-COMPAT-S-plus-L	SignatureRejected	false	false	false
sodium-valid-243	true	upstream-sodium-known-answer	SignatureVerified	true	true	true
sodium-S-plus-L-243	false	upstream-sodium-non-COMPAT-S-plus-L	SignatureRejected	false	false	false
sodium-valid-244	true	upstream-sodium-known-answer	SignatureVerified	true	true	true
sodium-S-plus-L-244	false	upstream-sodium-non-COMPAT-S-plus-L	SignatureRejected	false	false	false
sodium-valid-245	true	upstream-sodium-known-answer	SignatureVerified	true	true	true
sodium-S-plus-L-245	false	upstream-sodium-non-COMPAT-S-plus-L	SignatureRejected	false	false	false
sodium-valid-246	true	upstream-sodium-known-answer	SignatureVerified	true	true	true
sodium-S-plus-L-246	false	upstream-sodium-non-COMPAT-S-plus-L	SignatureRejected	false	false	false
sodium-valid-247	true	upstream-sodium-known-answer	SignatureVerified	true	true	true
sodium-S-plus-L-247	false	upstream-sodium-non-COMPAT-S-plus-L	SignatureRejected	false	false	false
sodium-valid-248	true	upstream-sodium-known-answer	SignatureVerified	true	true	true
sodium-S-plus-L-248	false	upstream-sodium-non-COMPAT-S-plus-L	SignatureRejected	false	false	false
sodium-valid-249	true	upstream-sodium-known-answer	SignatureVerified	true	true	true
sodium-S-plus-L-249	false	upstream-sodium-non-COMPAT-S-plus-L	SignatureRejected	false	false	false
sodium-valid-250	true	upstream-sodium-known-answer	SignatureVerified	true	true	true
sodium-S-plus-L-250	false	upstream-sodium-non-COMPAT-S-plus-L	SignatureRejected	false	false	false
sodium-valid-251	true	upstream-sodium-known-answer	SignatureVerified	true	true	true
sodium-S-plus-L-251	false	upstream-sodium-non-COMPAT-S-plus-L	SignatureRejected	false	false	false
sodium-valid-252	true	upstream-sodium-known-answer	SignatureVerified	true	true	true
sodium-S-plus-L-252	false	upstream-sodium-non-COMPAT-S-plus-L	SignatureRejected	false	false	false
sodium-valid-253	true	upstream-sodium-known-answer	SignatureVerified	true	true	true
sodium-S-plus-L-253	false	upstream-sodium-non-COMPAT-S-plus-L	SignatureRejected	false	false	false
sodium-valid-254	true	upstream-sodium-known-answer	SignatureVerified	true	true	true
sodium-S-plus-L-254	false	upstream-sodium-non-COMPAT-S-plus-L	SignatureRejected	false	false	false
sodium-valid-255	true	upstream-sodium-known-answer	SignatureVerified	true	true	true
sodium-S-plus-L-255	false	upstream-sodium-non-COMPAT-S-plus-L	SignatureRejected	false	false	false
sodium-valid-256	true	upstream-sodium-known-answer	SignatureVerified	true	true	true
sodium-S-plus-L-256	false	upstream-sodium-non-COMPAT-S-plus-L	SignatureRejected	false	false	false
sodium-valid-257	true	upstream-sodium-known-answer	SignatureVerified	true	true	true
sodium-S-plus-L-257	false	upstream-sodium-non-COMPAT-S-plus-L	SignatureRejected	false	false	false
sodium-valid-258	true	upstream-sodium-known-answer	SignatureVerified	true	true	true
sodium-S-plus-L-258	false	upstream-sodium-non-COMPAT-S-plus-L	SignatureRejected	false	false	false
sodium-valid-259	true	upstream-sodium-known-answer	SignatureVerified	true	true	true
sodium-S-plus-L-259	false	upstream-sodium-non-COMPAT-S-plus-L	SignatureRejected	false	false	false
sodium-valid-260	true	upstream-sodium-known-answer	SignatureVerified	true	true	true
sodium-S-plus-L-260	false	upstream-sodium-non-COMPAT-S-plus-L	SignatureRejected	false	false	false
sodium-valid-261	true	upstream-sodium-known-answer	SignatureVerified	true	true	true
sodium-S-plus-L-261	false	upstream-sodium-non-COMPAT-S-plus-L	SignatureRejected	false	false	false
sodium-valid-262	true	upstream-sodium-known-answer	SignatureVerified	true	true	true
sodium-S-plus-L-262	false	upstream-sodium-non-COMPAT-S-plus-L	SignatureRejected	false	false	false
sodium-valid-263	true	upstream-sodium-known-answer	SignatureVerified	true	true	true
sodium-S-plus-L-263	false	upstream-sodium-non-COMPAT-S-plus-L	SignatureRejected	false	false	false
sodium-valid-264	true	upstream-sodium-known-answer	SignatureVerified	true	true	true
sodium-S-plus-L-264	false	upstream-sodium-non-COMPAT-S-plus-L	SignatureRejected	false	false	false
sodium-valid-265	true	upstream-sodium-known-answer	SignatureVerified	true	true	true
sodium-S-plus-L-265	false	upstream-sodium-non-COMPAT-S-plus-L	SignatureRejected	false	false	false
sodium-valid-266	true	upstream-sodium-known-answer	SignatureVerified	true	true	true
sodium-S-plus-L-266	false	upstream-sodium-non-COMPAT-S-plus-L	SignatureRejected	false	false	false
sodium-valid-267	true	upstream-sodium-known-answer	SignatureVerified	true	true	true
sodium-S-plus-L-267	false	upstream-sodium-non-COMPAT-S-plus-L	SignatureRejected	false	false	false
sodium-valid-268	true	upstream-sodium-known-answer	SignatureVerified	true	true	true
sodium-S-plus-L-268	false	upstream-sodium-non-COMPAT-S-plus-L	SignatureRejected	false	false	false
sodium-valid-269	true	upstream-sodium-known-answer	SignatureVerified	true	true	true
sodium-S-plus-L-269	false	upstream-sodium-non-COMPAT-S-plus-L	SignatureRejected	false	false	false
sodium-valid-270	true	upstream-sodium-known-answer	SignatureVerified	true	true	true
sodium-S-plus-L-270	false	upstream-sodium-non-COMPAT-S-plus-L	SignatureRejected	false	false	false
sodium-valid-271	true	upstream-sodium-known-answer	SignatureVerified	true	true	true
sodium-S-plus-L-271	false	upstream-sodium-non-COMPAT-S-plus-L	SignatureRejected	false	false	false
sodium-valid-272	true	upstream-sodium-known-answer	SignatureVerified	true	true	true
sodium-S-plus-L-272	false	upstream-sodium-non-COMPAT-S-plus-L	SignatureRejected	false	false	false
sodium-valid-273	true	upstream-sodium-known-answer	SignatureVerified	true	true	true
sodium-S-plus-L-273	false	upstream-sodium-non-COMPAT-S-plus-L	SignatureRejected	false	false	false
sodium-valid-274	true	upstream-sodium-known-answer	SignatureVerified	true	true	true
sodium-S-plus-L-274	false	upstream-sodium-non-COMPAT-S-plus-L	SignatureRejected	false	false	false
sodium-valid-275	true	upstream-sodium-known-answer	SignatureVerified	true	true	true
sodium-S-plus-L-275	false	upstream-sodium-non-COMPAT-S-plus-L	SignatureRejected	false	false	false
sodium-valid-276	true	upstream-sodium-known-answer	SignatureVerified	true	true	true
sodium-S-plus-L-276	false	upstream-sodium-non-COMPAT-S-plus-L	SignatureRejected	false	false	false
sodium-valid-277	true	upstream-sodium-known-answer	SignatureVerified	true	true	true
sodium-S-plus-L-277	false	upstream-sodium-non-COMPAT-S-plus-L	SignatureRejected	false	false	false
sodium-valid-278	true	upstream-sodium-known-answer	SignatureVerified	true	true	true
sodium-S-plus-L-278	false	upstream-sodium-non-COMPAT-S-plus-L	SignatureRejected	false	false	false
sodium-valid-279	true	upstream-sodium-known-answer	SignatureVerified	true	true	true
sodium-S-plus-L-279	false	upstream-sodium-non-COMPAT-S-plus-L	SignatureRejected	false	false	false
sodium-valid-280	true	upstream-sodium-known-answer	SignatureVerified	true	true	true
sodium-S-plus-L-280	false	upstream-sodium-non-COMPAT-S-plus-L	SignatureRejected	false	false	false
sodium-valid-281	true	upstream-sodium-known-answer	SignatureVerified	true	true	true
sodium-S-plus-L-281	false	upstream-sodium-non-COMPAT-S-plus-L	SignatureRejected	false	false	false
sodium-valid-282	true	upstream-sodium-known-answer	SignatureVerified	true	true	true
sodium-S-plus-L-282	false	upstream-sodium-non-COMPAT-S-plus-L	SignatureRejected	false	false	false
sodium-valid-283	true	upstream-sodium-known-answer	SignatureVerified	true	true	true
sodium-S-plus-L-283	false	upstream-sodium-non-COMPAT-S-plus-L	SignatureRejected	false	false	false
sodium-valid-284	true	upstream-sodium-known-answer	SignatureVerified	true	true	true
sodium-S-plus-L-284	false	upstream-sodium-non-COMPAT-S-plus-L	SignatureRejected	false	false	false
sodium-valid-285	true	upstream-sodium-known-answer	SignatureVerified	true	true	true
sodium-S-plus-L-285	false	upstream-sodium-non-COMPAT-S-plus-L	SignatureRejected	false	false	false
sodium-valid-286	true	upstream-sodium-known-answer	SignatureVerified	true	true	true
sodium-S-plus-L-286	false	upstream-sodium-non-COMPAT-S-plus-L	SignatureRejected	false	false	false
sodium-valid-287	true	upstream-sodium-known-answer	SignatureVerified	true	true	true
sodium-S-plus-L-287	false	upstream-sodium-non-COMPAT-S-plus-L	SignatureRejected	false	false	false
sodium-valid-288	true	upstream-sodium-known-answer	SignatureVerified	true	true	true
sodium-S-plus-L-288	false	upstream-sodium-non-COMPAT-S-plus-L	SignatureRejected	false	false	false
sodium-valid-289	true	upstream-sodium-known-answer	SignatureVerified	true	true	true
sodium-S-plus-L-289	false	upstream-sodium-non-COMPAT-S-plus-L	SignatureRejected	false	false	false
sodium-valid-290	true	upstream-sodium-known-answer	SignatureVerified	true	true	true
sodium-S-plus-L-290	false	upstream-sodium-non-COMPAT-S-plus-L	SignatureRejected	false	false	false
sodium-valid-291	true	upstream-sodium-known-answer	SignatureVerified	true	true	true
sodium-S-plus-L-291	false	upstream-sodium-non-COMPAT-S-plus-L	SignatureRejected	false	false	false
sodium-valid-292	true	upstream-sodium-known-answer	SignatureVerified	true	true	true
sodium-S-plus-L-292	false	upstream-sodium-non-COMPAT-S-plus-L	SignatureRejected	false	false	false
sodium-valid-293	true	upstream-sodium-known-answer	SignatureVerified	true	true	true
sodium-S-plus-L-293	false	upstream-sodium-non-COMPAT-S-plus-L	SignatureRejected	false	false	false
sodium-valid-294	true	upstream-sodium-known-answer	SignatureVerified	true	true	true
sodium-S-plus-L-294	false	upstream-sodium-non-COMPAT-S-plus-L	SignatureRejected	false	false	false
sodium-valid-295	true	upstream-sodium-known-answer	SignatureVerified	true	true	true
sodium-S-plus-L-295	false	upstream-sodium-non-COMPAT-S-plus-L	SignatureRejected	false	false	false
sodium-valid-296	true	upstream-sodium-known-answer	SignatureVerified	true	true	true
sodium-S-plus-L-296	false	upstream-sodium-non-COMPAT-S-plus-L	SignatureRejected	false	false	false
sodium-valid-297	true	upstream-sodium-known-answer	SignatureVerified	true	true	true
sodium-S-plus-L-297	false	upstream-sodium-non-COMPAT-S-plus-L	SignatureRejected	false	false	false
sodium-valid-298	true	upstream-sodium-known-answer	SignatureVerified	true	true	true
sodium-S-plus-L-298	false	upstream-sodium-non-COMPAT-S-plus-L	SignatureRejected	false	false	false
sodium-valid-299	true	upstream-sodium-known-answer	SignatureVerified	true	true	true
sodium-S-plus-L-299	false	upstream-sodium-non-COMPAT-S-plus-L	SignatureRejected	false	false	false
sodium-valid-300	true	upstream-sodium-known-answer	SignatureVerified	true	true	true
sodium-S-plus-L-300	false	upstream-sodium-non-COMPAT-S-plus-L	SignatureRejected	false	false	false
sodium-valid-301	true	upstream-sodium-known-answer	SignatureVerified	true	true	true
sodium-S-plus-L-301	false	upstream-sodium-non-COMPAT-S-plus-L	SignatureRejected	false	false	false
sodium-valid-302	true	upstream-sodium-known-answer	SignatureVerified	true	true	true
sodium-S-plus-L-302	false	upstream-sodium-non-COMPAT-S-plus-L	SignatureRejected	false	false	false
sodium-valid-303	true	upstream-sodium-known-answer	SignatureVerified	true	true	true
sodium-S-plus-L-303	false	upstream-sodium-non-COMPAT-S-plus-L	SignatureRejected	false	false	false
sodium-valid-304	true	upstream-sodium-known-answer	SignatureVerified	true	true	true
sodium-S-plus-L-304	false	upstream-sodium-non-COMPAT-S-plus-L	SignatureRejected	false	false	false
sodium-valid-305	true	upstream-sodium-known-answer	SignatureVerified	true	true	true
sodium-S-plus-L-305	false	upstream-sodium-non-COMPAT-S-plus-L	SignatureRejected	false	false	false
sodium-valid-306	true	upstream-sodium-known-answer	SignatureVerified	true	true	true
sodium-S-plus-L-306	false	upstream-sodium-non-COMPAT-S-plus-L	SignatureRejected	false	false	false
sodium-valid-307	true	upstream-sodium-known-answer	SignatureVerified	true	true	true
sodium-S-plus-L-307	false	upstream-sodium-non-COMPAT-S-plus-L	SignatureRejected	false	false	false
sodium-valid-308	true	upstream-sodium-known-answer	SignatureVerified	true	true	true
sodium-S-plus-L-308	false	upstream-sodium-non-COMPAT-S-plus-L	SignatureRejected	false	false	false
sodium-valid-309	true	upstream-sodium-known-answer	SignatureVerified	true	true	true
sodium-S-plus-L-309	false	upstream-sodium-non-COMPAT-S-plus-L	SignatureRejected	false	false	false
sodium-valid-310	true	upstream-sodium-known-answer	SignatureVerified	true	true	true
sodium-S-plus-L-310	false	upstream-sodium-non-COMPAT-S-plus-L	SignatureRejected	false	false	false
sodium-valid-311	true	upstream-sodium-known-answer	SignatureVerified	true	true	true
sodium-S-plus-L-311	false	upstream-sodium-non-COMPAT-S-plus-L	SignatureRejected	false	false	false
sodium-valid-312	true	upstream-sodium-known-answer	SignatureVerified	true	true	true
sodium-S-plus-L-312	false	upstream-sodium-non-COMPAT-S-plus-L	SignatureRejected	false	false	false
sodium-valid-313	true	upstream-sodium-known-answer	SignatureVerified	true	true	true
sodium-S-plus-L-313	false	upstream-sodium-non-COMPAT-S-plus-L	SignatureRejected	false	false	false
sodium-valid-314	true	upstream-sodium-known-answer	SignatureVerified	true	true	true
sodium-S-plus-L-314	false	upstream-sodium-non-COMPAT-S-plus-L	SignatureRejected	false	false	false
sodium-valid-315	true	upstream-sodium-known-answer	SignatureVerified	true	true	true
sodium-S-plus-L-315	false	upstream-sodium-non-COMPAT-S-plus-L	SignatureRejected	false	false	false
sodium-valid-316	true	upstream-sodium-known-answer	SignatureVerified	true	true	true
sodium-S-plus-L-316	false	upstream-sodium-non-COMPAT-S-plus-L	SignatureRejected	false	false	false
sodium-valid-317	true	upstream-sodium-known-answer	SignatureVerified	true	true	true
sodium-S-plus-L-317	false	upstream-sodium-non-COMPAT-S-plus-L	SignatureRejected	false	false	false
sodium-valid-318	true	upstream-sodium-known-answer	SignatureVerified	true	true	true
sodium-S-plus-L-318	false	upstream-sodium-non-COMPAT-S-plus-L	SignatureRejected	false	false	false
sodium-valid-319	true	upstream-sodium-known-answer	SignatureVerified	true	true	true
sodium-S-plus-L-319	false	upstream-sodium-non-COMPAT-S-plus-L	SignatureRejected	false	false	false
sodium-valid-320	true	upstream-sodium-known-answer	SignatureVerified	true	true	true
sodium-S-plus-L-320	false	upstream-sodium-non-COMPAT-S-plus-L	SignatureRejected	false	false	false
sodium-valid-321	true	upstream-sodium-known-answer	SignatureVerified	true	true	true
sodium-S-plus-L-321	false	upstream-sodium-non-COMPAT-S-plus-L	SignatureRejected	false	false	false
sodium-valid-322	true	upstream-sodium-known-answer	SignatureVerified	true	true	true
sodium-S-plus-L-322	false	upstream-sodium-non-COMPAT-S-plus-L	SignatureRejected	false	false	false
sodium-valid-323	true	upstream-sodium-known-answer	SignatureVerified	true	true	true
sodium-S-plus-L-323	false	upstream-sodium-non-COMPAT-S-plus-L	SignatureRejected	false	false	false
sodium-valid-324	true	upstream-sodium-known-answer	SignatureVerified	true	true	true
sodium-S-plus-L-324	false	upstream-sodium-non-COMPAT-S-plus-L	SignatureRejected	false	false	false
sodium-valid-325	true	upstream-sodium-known-answer	SignatureVerified	true	true	true
sodium-S-plus-L-325	false	upstream-sodium-non-COMPAT-S-plus-L	SignatureRejected	false	false	false
sodium-valid-326	true	upstream-sodium-known-answer	SignatureVerified	true	true	true
sodium-S-plus-L-326	false	upstream-sodium-non-COMPAT-S-plus-L	SignatureRejected	false	false	false
sodium-valid-327	true	upstream-sodium-known-answer	SignatureVerified	true	true	true
sodium-S-plus-L-327	false	upstream-sodium-non-COMPAT-S-plus-L	SignatureRejected	false	false	false
sodium-valid-328	true	upstream-sodium-known-answer	SignatureVerified	true	true	true
sodium-S-plus-L-328	false	upstream-sodium-non-COMPAT-S-plus-L	SignatureRejected	false	false	false
sodium-valid-329	true	upstream-sodium-known-answer	SignatureVerified	true	true	true
sodium-S-plus-L-329	false	upstream-sodium-non-COMPAT-S-plus-L	SignatureRejected	false	false	false
sodium-valid-330	true	upstream-sodium-known-answer	SignatureVerified	true	true	true
sodium-S-plus-L-330	false	upstream-sodium-non-COMPAT-S-plus-L	SignatureRejected	false	false	false
sodium-valid-331	true	upstream-sodium-known-answer	SignatureVerified	true	true	true
sodium-S-plus-L-331	false	upstream-sodium-non-COMPAT-S-plus-L	SignatureRejected	false	false	false
sodium-valid-332	true	upstream-sodium-known-answer	SignatureVerified	true	true	true
sodium-S-plus-L-332	false	upstream-sodium-non-COMPAT-S-plus-L	SignatureRejected	false	false	false
sodium-valid-333	true	upstream-sodium-known-answer	SignatureVerified	true	true	true
sodium-S-plus-L-333	false	upstream-sodium-non-COMPAT-S-plus-L	SignatureRejected	false	false	false
sodium-valid-334	true	upstream-sodium-known-answer	SignatureVerified	true	true	true
sodium-S-plus-L-334	false	upstream-sodium-non-COMPAT-S-plus-L	SignatureRejected	false	false	false
sodium-valid-335	true	upstream-sodium-known-answer	SignatureVerified	true	true	true
sodium-S-plus-L-335	false	upstream-sodium-non-COMPAT-S-plus-L	SignatureRejected	false	false	false
sodium-valid-336	true	upstream-sodium-known-answer	SignatureVerified	true	true	true
sodium-S-plus-L-336	false	upstream-sodium-non-COMPAT-S-plus-L	SignatureRejected	false	false	false
sodium-valid-337	true	upstream-sodium-known-answer	SignatureVerified	true	true	true
sodium-S-plus-L-337	false	upstream-sodium-non-COMPAT-S-plus-L	SignatureRejected	false	false	false
sodium-valid-338	true	upstream-sodium-known-answer	SignatureVerified	true	true	true
sodium-S-plus-L-338	false	upstream-sodium-non-COMPAT-S-plus-L	SignatureRejected	false	false	false
sodium-valid-339	true	upstream-sodium-known-answer	SignatureVerified	true	true	true
sodium-S-plus-L-339	false	upstream-sodium-non-COMPAT-S-plus-L	SignatureRejected	false	false	false
sodium-valid-340	true	upstream-sodium-known-answer	SignatureVerified	true	true	true
sodium-S-plus-L-340	false	upstream-sodium-non-COMPAT-S-plus-L	SignatureRejected	false	false	false
sodium-valid-341	true	upstream-sodium-known-answer	SignatureVerified	true	true	true
sodium-S-plus-L-341	false	upstream-sodium-non-COMPAT-S-plus-L	SignatureRejected	false	false	false
sodium-valid-342	true	upstream-sodium-known-answer	SignatureVerified	true	true	true
sodium-S-plus-L-342	false	upstream-sodium-non-COMPAT-S-plus-L	SignatureRejected	false	false	false
sodium-valid-343	true	upstream-sodium-known-answer	SignatureVerified	true	true	true
sodium-S-plus-L-343	false	upstream-sodium-non-COMPAT-S-plus-L	SignatureRejected	false	false	false
sodium-valid-344	true	upstream-sodium-known-answer	SignatureVerified	true	true	true
sodium-S-plus-L-344	false	upstream-sodium-non-COMPAT-S-plus-L	SignatureRejected	false	false	false
sodium-valid-345	true	upstream-sodium-known-answer	SignatureVerified	true	true	true
sodium-S-plus-L-345	false	upstream-sodium-non-COMPAT-S-plus-L	SignatureRejected	false	false	false
sodium-valid-346	true	upstream-sodium-known-answer	SignatureVerified	true	true	true
sodium-S-plus-L-346	false	upstream-sodium-non-COMPAT-S-plus-L	SignatureRejected	false	false	false
sodium-valid-347	true	upstream-sodium-known-answer	SignatureVerified	true	true	true
sodium-S-plus-L-347	false	upstream-sodium-non-COMPAT-S-plus-L	SignatureRejected	false	false	false
sodium-valid-348	true	upstream-sodium-known-answer	SignatureVerified	true	true	true
sodium-S-plus-L-348	false	upstream-sodium-non-COMPAT-S-plus-L	SignatureRejected	false	false	false
sodium-valid-349	true	upstream-sodium-known-answer	SignatureVerified	true	true	true
sodium-S-plus-L-349	false	upstream-sodium-non-COMPAT-S-plus-L	SignatureRejected	false	false	false
sodium-valid-350	true	upstream-sodium-known-answer	SignatureVerified	true	true	true
sodium-S-plus-L-350	false	upstream-sodium-non-COMPAT-S-plus-L	SignatureRejected	false	false	false
sodium-valid-351	true	upstream-sodium-known-answer	SignatureVerified	true	true	true
sodium-S-plus-L-351	false	upstream-sodium-non-COMPAT-S-plus-L	SignatureRejected	false	false	false
sodium-valid-352	true	upstream-sodium-known-answer	SignatureVerified	true	true	true
sodium-S-plus-L-352	false	upstream-sodium-non-COMPAT-S-plus-L	SignatureRejected	false	false	false
sodium-valid-353	true	upstream-sodium-known-answer	SignatureVerified	true	true	true
sodium-S-plus-L-353	false	upstream-sodium-non-COMPAT-S-plus-L	SignatureRejected	false	false	false
sodium-valid-354	true	upstream-sodium-known-answer	SignatureVerified	true	true	true
sodium-S-plus-L-354	false	upstream-sodium-non-COMPAT-S-plus-L	SignatureRejected	false	false	false
sodium-valid-355	true	upstream-sodium-known-answer	SignatureVerified	true	true	true
sodium-S-plus-L-355	false	upstream-sodium-non-COMPAT-S-plus-L	SignatureRejected	false	false	false
sodium-valid-356	true	upstream-sodium-known-answer	SignatureVerified	true	true	true
sodium-S-plus-L-356	false	upstream-sodium-non-COMPAT-S-plus-L	SignatureRejected	false	false	false
sodium-valid-357	true	upstream-sodium-known-answer	SignatureVerified	true	true	true
sodium-S-plus-L-357	false	upstream-sodium-non-COMPAT-S-plus-L	SignatureRejected	false	false	false
sodium-valid-358	true	upstream-sodium-known-answer	SignatureVerified	true	true	true
sodium-S-plus-L-358	false	upstream-sodium-non-COMPAT-S-plus-L	SignatureRejected	false	false	false
sodium-valid-359	true	upstream-sodium-known-answer	SignatureVerified	true	true	true
sodium-S-plus-L-359	false	upstream-sodium-non-COMPAT-S-plus-L	SignatureRejected	false	false	false
sodium-valid-360	true	upstream-sodium-known-answer	SignatureVerified	true	true	true
sodium-S-plus-L-360	false	upstream-sodium-non-COMPAT-S-plus-L	SignatureRejected	false	false	false
sodium-valid-361	true	upstream-sodium-known-answer	SignatureVerified	true	true	true
sodium-S-plus-L-361	false	upstream-sodium-non-COMPAT-S-plus-L	SignatureRejected	false	false	false
sodium-valid-362	true	upstream-sodium-known-answer	SignatureVerified	true	true	true
sodium-S-plus-L-362	false	upstream-sodium-non-COMPAT-S-plus-L	SignatureRejected	false	false	false
sodium-valid-363	true	upstream-sodium-known-answer	SignatureVerified	true	true	true
sodium-S-plus-L-363	false	upstream-sodium-non-COMPAT-S-plus-L	SignatureRejected	false	false	false
sodium-valid-364	true	upstream-sodium-known-answer	SignatureVerified	true	true	true
sodium-S-plus-L-364	false	upstream-sodium-non-COMPAT-S-plus-L	SignatureRejected	false	false	false
sodium-valid-365	true	upstream-sodium-known-answer	SignatureVerified	true	true	true
sodium-S-plus-L-365	false	upstream-sodium-non-COMPAT-S-plus-L	SignatureRejected	false	false	false
sodium-valid-366	true	upstream-sodium-known-answer	SignatureVerified	true	true	true
sodium-S-plus-L-366	false	upstream-sodium-non-COMPAT-S-plus-L	SignatureRejected	false	false	false
sodium-valid-367	true	upstream-sodium-known-answer	SignatureVerified	true	true	true
sodium-S-plus-L-367	false	upstream-sodium-non-COMPAT-S-plus-L	SignatureRejected	false	false	false
sodium-valid-368	true	upstream-sodium-known-answer	SignatureVerified	true	true	true
sodium-S-plus-L-368	false	upstream-sodium-non-COMPAT-S-plus-L	SignatureRejected	false	false	false
sodium-valid-369	true	upstream-sodium-known-answer	SignatureVerified	true	true	true
sodium-S-plus-L-369	false	upstream-sodium-non-COMPAT-S-plus-L	SignatureRejected	false	false	false
sodium-valid-370	true	upstream-sodium-known-answer	SignatureVerified	true	true	true
sodium-S-plus-L-370	false	upstream-sodium-non-COMPAT-S-plus-L	SignatureRejected	false	false	false
sodium-valid-371	true	upstream-sodium-known-answer	SignatureVerified	true	true	true
sodium-S-plus-L-371	false	upstream-sodium-non-COMPAT-S-plus-L	SignatureRejected	false	false	false
sodium-valid-372	true	upstream-sodium-known-answer	SignatureVerified	true	true	true
sodium-S-plus-L-372	false	upstream-sodium-non-COMPAT-S-plus-L	SignatureRejected	false	false	false
sodium-valid-373	true	upstream-sodium-known-answer	SignatureVerified	true	true	true
sodium-S-plus-L-373	false	upstream-sodium-non-COMPAT-S-plus-L	SignatureRejected	false	false	false
sodium-valid-374	true	upstream-sodium-known-answer	SignatureVerified	true	true	true
sodium-S-plus-L-374	false	upstream-sodium-non-COMPAT-S-plus-L	SignatureRejected	false	false	false
sodium-valid-375	true	upstream-sodium-known-answer	SignatureVerified	true	true	true
sodium-S-plus-L-375	false	upstream-sodium-non-COMPAT-S-plus-L	SignatureRejected	false	false	false
sodium-valid-376	true	upstream-sodium-known-answer	SignatureVerified	true	true	true
sodium-S-plus-L-376	false	upstream-sodium-non-COMPAT-S-plus-L	SignatureRejected	false	false	false
sodium-valid-377	true	upstream-sodium-known-answer	SignatureVerified	true	true	true
sodium-S-plus-L-377	false	upstream-sodium-non-COMPAT-S-plus-L	SignatureRejected	false	false	false
sodium-valid-378	true	upstream-sodium-known-answer	SignatureVerified	true	true	true
sodium-S-plus-L-378	false	upstream-sodium-non-COMPAT-S-plus-L	SignatureRejected	false	false	false
sodium-valid-379	true	upstream-sodium-known-answer	SignatureVerified	true	true	true
sodium-S-plus-L-379	false	upstream-sodium-non-COMPAT-S-plus-L	SignatureRejected	false	false	false
sodium-valid-380	true	upstream-sodium-known-answer	SignatureVerified	true	true	true
sodium-S-plus-L-380	false	upstream-sodium-non-COMPAT-S-plus-L	SignatureRejected	false	false	false
sodium-valid-381	true	upstream-sodium-known-answer	SignatureVerified	true	true	true
sodium-S-plus-L-381	false	upstream-sodium-non-COMPAT-S-plus-L	SignatureRejected	false	false	false
sodium-valid-382	true	upstream-sodium-known-answer	SignatureVerified	true	true	true
sodium-S-plus-L-382	false	upstream-sodium-non-COMPAT-S-plus-L	SignatureRejected	false	false	false
sodium-valid-383	true	upstream-sodium-known-answer	SignatureVerified	true	true	true
sodium-S-plus-L-383	false	upstream-sodium-non-COMPAT-S-plus-L	SignatureRejected	false	false	false
sodium-valid-384	true	upstream-sodium-known-answer	SignatureVerified	true	true	true
sodium-S-plus-L-384	false	upstream-sodium-non-COMPAT-S-plus-L	SignatureRejected	false	false	false
sodium-valid-385	true	upstream-sodium-known-answer	SignatureVerified	true	true	true
sodium-S-plus-L-385	false	upstream-sodium-non-COMPAT-S-plus-L	SignatureRejected	false	false	false
sodium-valid-386	true	upstream-sodium-known-answer	SignatureVerified	true	true	true
sodium-S-plus-L-386	false	upstream-sodium-non-COMPAT-S-plus-L	SignatureRejected	false	false	false
sodium-valid-387	true	upstream-sodium-known-answer	SignatureVerified	true	true	true
sodium-S-plus-L-387	false	upstream-sodium-non-COMPAT-S-plus-L	SignatureRejected	false	false	false
sodium-valid-388	true	upstream-sodium-known-answer	SignatureVerified	true	true	true
sodium-S-plus-L-388	false	upstream-sodium-non-COMPAT-S-plus-L	SignatureRejected	false	false	false
sodium-valid-389	true	upstream-sodium-known-answer	SignatureVerified	true	true	true
sodium-S-plus-L-389	false	upstream-sodium-non-COMPAT-S-plus-L	SignatureRejected	false	false	false
sodium-valid-390	true	upstream-sodium-known-answer	SignatureVerified	true	true	true
sodium-S-plus-L-390	false	upstream-sodium-non-COMPAT-S-plus-L	SignatureRejected	false	false	false
sodium-valid-391	true	upstream-sodium-known-answer	SignatureVerified	true	true	true
sodium-S-plus-L-391	false	upstream-sodium-non-COMPAT-S-plus-L	SignatureRejected	false	false	false
sodium-valid-392	true	upstream-sodium-known-answer	SignatureVerified	true	true	true
sodium-S-plus-L-392	false	upstream-sodium-non-COMPAT-S-plus-L	SignatureRejected	false	false	false
sodium-valid-393	true	upstream-sodium-known-answer	SignatureVerified	true	true	true
sodium-S-plus-L-393	false	upstream-sodium-non-COMPAT-S-plus-L	SignatureRejected	false	false	false
sodium-valid-394	true	upstream-sodium-known-answer	SignatureVerified	true	true	true
sodium-S-plus-L-394	false	upstream-sodium-non-COMPAT-S-plus-L	SignatureRejected	false	false	false
sodium-valid-395	true	upstream-sodium-known-answer	SignatureVerified	true	true	true
sodium-S-plus-L-395	false	upstream-sodium-non-COMPAT-S-plus-L	SignatureRejected	false	false	false
sodium-valid-396	true	upstream-sodium-known-answer	SignatureVerified	true	true	true
sodium-S-plus-L-396	false	upstream-sodium-non-COMPAT-S-plus-L	SignatureRejected	false	false	false
sodium-valid-397	true	upstream-sodium-known-answer	SignatureVerified	true	true	true
sodium-S-plus-L-397	false	upstream-sodium-non-COMPAT-S-plus-L	SignatureRejected	false	false	false
sodium-valid-398	true	upstream-sodium-known-answer	SignatureVerified	true	true	true
sodium-S-plus-L-398	false	upstream-sodium-non-COMPAT-S-plus-L	SignatureRejected	false	false	false
sodium-valid-399	true	upstream-sodium-known-answer	SignatureVerified	true	true	true
sodium-S-plus-L-399	false	upstream-sodium-non-COMPAT-S-plus-L	SignatureRejected	false	false	false
sodium-valid-400	true	upstream-sodium-known-answer	SignatureVerified	true	true	true
sodium-S-plus-L-400	false	upstream-sodium-non-COMPAT-S-plus-L	SignatureRejected	false	false	false
sodium-valid-401	true	upstream-sodium-known-answer	SignatureVerified	true	true	true
sodium-S-plus-L-401	false	upstream-sodium-non-COMPAT-S-plus-L	SignatureRejected	false	false	false
sodium-valid-402	true	upstream-sodium-known-answer	SignatureVerified	true	true	true
sodium-S-plus-L-402	false	upstream-sodium-non-COMPAT-S-plus-L	SignatureRejected	false	false	false
sodium-valid-403	true	upstream-sodium-known-answer	SignatureVerified	true	true	true
sodium-S-plus-L-403	false	upstream-sodium-non-COMPAT-S-plus-L	SignatureRejected	false	false	false
sodium-valid-404	true	upstream-sodium-known-answer	SignatureVerified	true	true	true
sodium-S-plus-L-404	false	upstream-sodium-non-COMPAT-S-plus-L	SignatureRejected	false	false	false
sodium-valid-405	true	upstream-sodium-known-answer	SignatureVerified	true	true	true
sodium-S-plus-L-405	false	upstream-sodium-non-COMPAT-S-plus-L	SignatureRejected	false	false	false
sodium-valid-406	true	upstream-sodium-known-answer	SignatureVerified	true	true	true
sodium-S-plus-L-406	false	upstream-sodium-non-COMPAT-S-plus-L	SignatureRejected	false	false	false
sodium-valid-407	true	upstream-sodium-known-answer	SignatureVerified	true	true	true
sodium-S-plus-L-407	false	upstream-sodium-non-COMPAT-S-plus-L	SignatureRejected	false	false	false
sodium-valid-408	true	upstream-sodium-known-answer	SignatureVerified	true	true	true
sodium-S-plus-L-408	false	upstream-sodium-non-COMPAT-S-plus-L	SignatureRejected	false	false	false
sodium-valid-409	true	upstream-sodium-known-answer	SignatureVerified	true	true	true
sodium-S-plus-L-409	false	upstream-sodium-non-COMPAT-S-plus-L	SignatureRejected	false	false	false
sodium-valid-410	true	upstream-sodium-known-answer	SignatureVerified	true	true	true
sodium-S-plus-L-410	false	upstream-sodium-non-COMPAT-S-plus-L	SignatureRejected	false	false	false
sodium-valid-411	true	upstream-sodium-known-answer	SignatureVerified	true	true	true
sodium-S-plus-L-411	false	upstream-sodium-non-COMPAT-S-plus-L	SignatureRejected	false	false	false
sodium-valid-412	true	upstream-sodium-known-answer	SignatureVerified	true	true	true
sodium-S-plus-L-412	false	upstream-sodium-non-COMPAT-S-plus-L	SignatureRejected	false	false	false
sodium-valid-413	true	upstream-sodium-known-answer	SignatureVerified	true	true	true
sodium-S-plus-L-413	false	upstream-sodium-non-COMPAT-S-plus-L	SignatureRejected	false	false	false
sodium-valid-414	true	upstream-sodium-known-answer	SignatureVerified	true	true	true
sodium-S-plus-L-414	false	upstream-sodium-non-COMPAT-S-plus-L	SignatureRejected	false	false	false
sodium-valid-415	true	upstream-sodium-known-answer	SignatureVerified	true	true	true
sodium-S-plus-L-415	false	upstream-sodium-non-COMPAT-S-plus-L	SignatureRejected	false	false	false
sodium-valid-416	true	upstream-sodium-known-answer	SignatureVerified	true	true	true
sodium-S-plus-L-416	false	upstream-sodium-non-COMPAT-S-plus-L	SignatureRejected	false	false	false
sodium-valid-417	true	upstream-sodium-known-answer	SignatureVerified	true	true	true
sodium-S-plus-L-417	false	upstream-sodium-non-COMPAT-S-plus-L	SignatureRejected	false	false	false
sodium-valid-418	true	upstream-sodium-known-answer	SignatureVerified	true	true	true
sodium-S-plus-L-418	false	upstream-sodium-non-COMPAT-S-plus-L	SignatureRejected	false	false	false
sodium-valid-419	true	upstream-sodium-known-answer	SignatureVerified	true	true	true
sodium-S-plus-L-419	false	upstream-sodium-non-COMPAT-S-plus-L	SignatureRejected	false	false	false
sodium-valid-420	true	upstream-sodium-known-answer	SignatureVerified	true	true	true
sodium-S-plus-L-420	false	upstream-sodium-non-COMPAT-S-plus-L	SignatureRejected	false	false	false
sodium-valid-421	true	upstream-sodium-known-answer	SignatureVerified	true	true	true
sodium-S-plus-L-421	false	upstream-sodium-non-COMPAT-S-plus-L	SignatureRejected	false	false	false
sodium-valid-422	true	upstream-sodium-known-answer	SignatureVerified	true	true	true
sodium-S-plus-L-422	false	upstream-sodium-non-COMPAT-S-plus-L	SignatureRejected	false	false	false
sodium-valid-423	true	upstream-sodium-known-answer	SignatureVerified	true	true	true
sodium-S-plus-L-423	false	upstream-sodium-non-COMPAT-S-plus-L	SignatureRejected	false	false	false
sodium-valid-424	true	upstream-sodium-known-answer	SignatureVerified	true	true	true
sodium-S-plus-L-424	false	upstream-sodium-non-COMPAT-S-plus-L	SignatureRejected	false	false	false
sodium-valid-425	true	upstream-sodium-known-answer	SignatureVerified	true	true	true
sodium-S-plus-L-425	false	upstream-sodium-non-COMPAT-S-plus-L	SignatureRejected	false	false	false
sodium-valid-426	true	upstream-sodium-known-answer	SignatureVerified	true	true	true
sodium-S-plus-L-426	false	upstream-sodium-non-COMPAT-S-plus-L	SignatureRejected	false	false	false
sodium-valid-427	true	upstream-sodium-known-answer	SignatureVerified	true	true	true
sodium-S-plus-L-427	false	upstream-sodium-non-COMPAT-S-plus-L	SignatureRejected	false	false	false
sodium-valid-428	true	upstream-sodium-known-answer	SignatureVerified	true	true	true
sodium-S-plus-L-428	false	upstream-sodium-non-COMPAT-S-plus-L	SignatureRejected	false	false	false
sodium-valid-429	true	upstream-sodium-known-answer	SignatureVerified	true	true	true
sodium-S-plus-L-429	false	upstream-sodium-non-COMPAT-S-plus-L	SignatureRejected	false	false	false
sodium-valid-430	true	upstream-sodium-known-answer	SignatureVerified	true	true	true
sodium-S-plus-L-430	false	upstream-sodium-non-COMPAT-S-plus-L	SignatureRejected	false	false	false
sodium-valid-431	true	upstream-sodium-known-answer	SignatureVerified	true	true	true
sodium-S-plus-L-431	false	upstream-sodium-non-COMPAT-S-plus-L	SignatureRejected	false	false	false
sodium-valid-432	true	upstream-sodium-known-answer	SignatureVerified	true	true	true
sodium-S-plus-L-432	false	upstream-sodium-non-COMPAT-S-plus-L	SignatureRejected	false	false	false
sodium-valid-433	true	upstream-sodium-known-answer	SignatureVerified	true	true	true
sodium-S-plus-L-433	false	upstream-sodium-non-COMPAT-S-plus-L	SignatureRejected	false	false	false
sodium-valid-434	true	upstream-sodium-known-answer	SignatureVerified	true	true	true
sodium-S-plus-L-434	false	upstream-sodium-non-COMPAT-S-plus-L	SignatureRejected	false	false	false
sodium-valid-435	true	upstream-sodium-known-answer	SignatureVerified	true	true	true
sodium-S-plus-L-435	false	upstream-sodium-non-COMPAT-S-plus-L	SignatureRejected	false	false	false
sodium-valid-436	true	upstream-sodium-known-answer	SignatureVerified	true	true	true
sodium-S-plus-L-436	false	upstream-sodium-non-COMPAT-S-plus-L	SignatureRejected	false	false	false
sodium-valid-437	true	upstream-sodium-known-answer	SignatureVerified	true	true	true
sodium-S-plus-L-437	false	upstream-sodium-non-COMPAT-S-plus-L	SignatureRejected	false	false	false
sodium-valid-438	true	upstream-sodium-known-answer	SignatureVerified	true	true	true
sodium-S-plus-L-438	false	upstream-sodium-non-COMPAT-S-plus-L	SignatureRejected	false	false	false
sodium-valid-439	true	upstream-sodium-known-answer	SignatureVerified	true	true	true
sodium-S-plus-L-439	false	upstream-sodium-non-COMPAT-S-plus-L	SignatureRejected	false	false	false
sodium-valid-440	true	upstream-sodium-known-answer	SignatureVerified	true	true	true
sodium-S-plus-L-440	false	upstream-sodium-non-COMPAT-S-plus-L	SignatureRejected	false	false	false
sodium-valid-441	true	upstream-sodium-known-answer	SignatureVerified	true	true	true
sodium-S-plus-L-441	false	upstream-sodium-non-COMPAT-S-plus-L	SignatureRejected	false	false	false
sodium-valid-442	true	upstream-sodium-known-answer	SignatureVerified	true	true	true
sodium-S-plus-L-442	false	upstream-sodium-non-COMPAT-S-plus-L	SignatureRejected	false	false	false
sodium-valid-443	true	upstream-sodium-known-answer	SignatureVerified	true	true	true
sodium-S-plus-L-443	false	upstream-sodium-non-COMPAT-S-plus-L	SignatureRejected	false	false	false
sodium-valid-444	true	upstream-sodium-known-answer	SignatureVerified	true	true	true
sodium-S-plus-L-444	false	upstream-sodium-non-COMPAT-S-plus-L	SignatureRejected	false	false	false
sodium-valid-445	true	upstream-sodium-known-answer	SignatureVerified	true	true	true
sodium-S-plus-L-445	false	upstream-sodium-non-COMPAT-S-plus-L	SignatureRejected	false	false	false
sodium-valid-446	true	upstream-sodium-known-answer	SignatureVerified	true	true	true
sodium-S-plus-L-446	false	upstream-sodium-non-COMPAT-S-plus-L	SignatureRejected	false	false	false
sodium-valid-447	true	upstream-sodium-known-answer	SignatureVerified	true	true	true
sodium-S-plus-L-447	false	upstream-sodium-non-COMPAT-S-plus-L	SignatureRejected	false	false	false
sodium-valid-448	true	upstream-sodium-known-answer	SignatureVerified	true	true	true
sodium-S-plus-L-448	false	upstream-sodium-non-COMPAT-S-plus-L	SignatureRejected	false	false	false
sodium-valid-449	true	upstream-sodium-known-answer	SignatureVerified	true	true	true
sodium-S-plus-L-449	false	upstream-sodium-non-COMPAT-S-plus-L	SignatureRejected	false	false	false
sodium-valid-450	true	upstream-sodium-known-answer	SignatureVerified	true	true	true
sodium-S-plus-L-450	false	upstream-sodium-non-COMPAT-S-plus-L	SignatureRejected	false	false	false
sodium-valid-451	true	upstream-sodium-known-answer	SignatureVerified	true	true	true
sodium-S-plus-L-451	false	upstream-sodium-non-COMPAT-S-plus-L	SignatureRejected	false	false	false
sodium-valid-452	true	upstream-sodium-known-answer	SignatureVerified	true	true	true
sodium-S-plus-L-452	false	upstream-sodium-non-COMPAT-S-plus-L	SignatureRejected	false	false	false
sodium-valid-453	true	upstream-sodium-known-answer	SignatureVerified	true	true	true
sodium-S-plus-L-453	false	upstream-sodium-non-COMPAT-S-plus-L	SignatureRejected	false	false	false
sodium-valid-454	true	upstream-sodium-known-answer	SignatureVerified	true	true	true
sodium-S-plus-L-454	false	upstream-sodium-non-COMPAT-S-plus-L	SignatureRejected	false	false	false
sodium-valid-455	true	upstream-sodium-known-answer	SignatureVerified	true	true	true
sodium-S-plus-L-455	false	upstream-sodium-non-COMPAT-S-plus-L	SignatureRejected	false	false	false
sodium-valid-456	true	upstream-sodium-known-answer	SignatureVerified	true	true	true
sodium-S-plus-L-456	false	upstream-sodium-non-COMPAT-S-plus-L	SignatureRejected	false	false	false
sodium-valid-457	true	upstream-sodium-known-answer	SignatureVerified	true	true	true
sodium-S-plus-L-457	false	upstream-sodium-non-COMPAT-S-plus-L	SignatureRejected	false	false	false
sodium-valid-458	true	upstream-sodium-known-answer	SignatureVerified	true	true	true
sodium-S-plus-L-458	false	upstream-sodium-non-COMPAT-S-plus-L	SignatureRejected	false	false	false
sodium-valid-459	true	upstream-sodium-known-answer	SignatureVerified	true	true	true
sodium-S-plus-L-459	false	upstream-sodium-non-COMPAT-S-plus-L	SignatureRejected	false	false	false
sodium-valid-460	true	upstream-sodium-known-answer	SignatureVerified	true	true	true
sodium-S-plus-L-460	false	upstream-sodium-non-COMPAT-S-plus-L	SignatureRejected	false	false	false
sodium-valid-461	true	upstream-sodium-known-answer	SignatureVerified	true	true	true
sodium-S-plus-L-461	false	upstream-sodium-non-COMPAT-S-plus-L	SignatureRejected	false	false	false
sodium-valid-462	true	upstream-sodium-known-answer	SignatureVerified	true	true	true
sodium-S-plus-L-462	false	upstream-sodium-non-COMPAT-S-plus-L	SignatureRejected	false	false	false
sodium-valid-463	true	upstream-sodium-known-answer	SignatureVerified	true	true	true
sodium-S-plus-L-463	false	upstream-sodium-non-COMPAT-S-plus-L	SignatureRejected	false	false	false
sodium-valid-464	true	upstream-sodium-known-answer	SignatureVerified	true	true	true
sodium-S-plus-L-464	false	upstream-sodium-non-COMPAT-S-plus-L	SignatureRejected	false	false	false
sodium-valid-465	true	upstream-sodium-known-answer	SignatureVerified	true	true	true
sodium-S-plus-L-465	false	upstream-sodium-non-COMPAT-S-plus-L	SignatureRejected	false	false	false
sodium-valid-466	true	upstream-sodium-known-answer	SignatureVerified	true	true	true
sodium-S-plus-L-466	false	upstream-sodium-non-COMPAT-S-plus-L	SignatureRejected	false	false	false
sodium-valid-467	true	upstream-sodium-known-answer	SignatureVerified	true	true	true
sodium-S-plus-L-467	false	upstream-sodium-non-COMPAT-S-plus-L	SignatureRejected	false	false	false
sodium-valid-468	true	upstream-sodium-known-answer	SignatureVerified	true	true	true
sodium-S-plus-L-468	false	upstream-sodium-non-COMPAT-S-plus-L	SignatureRejected	false	false	false
sodium-valid-469	true	upstream-sodium-known-answer	SignatureVerified	true	true	true
sodium-S-plus-L-469	false	upstream-sodium-non-COMPAT-S-plus-L	SignatureRejected	false	false	false
sodium-valid-470	true	upstream-sodium-known-answer	SignatureVerified	true	true	true
sodium-S-plus-L-470	false	upstream-sodium-non-COMPAT-S-plus-L	SignatureRejected	false	false	false
sodium-valid-471	true	upstream-sodium-known-answer	SignatureVerified	true	true	true
sodium-S-plus-L-471	false	upstream-sodium-non-COMPAT-S-plus-L	SignatureRejected	false	false	false
sodium-valid-472	true	upstream-sodium-known-answer	SignatureVerified	true	true	true
sodium-S-plus-L-472	false	upstream-sodium-non-COMPAT-S-plus-L	SignatureRejected	false	false	false
sodium-valid-473	true	upstream-sodium-known-answer	SignatureVerified	true	true	true
sodium-S-plus-L-473	false	upstream-sodium-non-COMPAT-S-plus-L	SignatureRejected	false	false	false
sodium-valid-474	true	upstream-sodium-known-answer	SignatureVerified	true	true	true
sodium-S-plus-L-474	false	upstream-sodium-non-COMPAT-S-plus-L	SignatureRejected	false	false	false
sodium-valid-475	true	upstream-sodium-known-answer	SignatureVerified	true	true	true
sodium-S-plus-L-475	false	upstream-sodium-non-COMPAT-S-plus-L	SignatureRejected	false	false	false
sodium-valid-476	true	upstream-sodium-known-answer	SignatureVerified	true	true	true
sodium-S-plus-L-476	false	upstream-sodium-non-COMPAT-S-plus-L	SignatureRejected	false	false	false
sodium-valid-477	true	upstream-sodium-known-answer	SignatureVerified	true	true	true
sodium-S-plus-L-477	false	upstream-sodium-non-COMPAT-S-plus-L	SignatureRejected	false	false	false
sodium-valid-478	true	upstream-sodium-known-answer	SignatureVerified	true	true	true
sodium-S-plus-L-478	false	upstream-sodium-non-COMPAT-S-plus-L	SignatureRejected	false	false	false
sodium-valid-479	true	upstream-sodium-known-answer	SignatureVerified	true	true	true
sodium-S-plus-L-479	false	upstream-sodium-non-COMPAT-S-plus-L	SignatureRejected	false	false	false
sodium-valid-480	true	upstream-sodium-known-answer	SignatureVerified	true	true	true
sodium-S-plus-L-480	false	upstream-sodium-non-COMPAT-S-plus-L	SignatureRejected	false	false	false
sodium-valid-481	true	upstream-sodium-known-answer	SignatureVerified	true	true	true
sodium-S-plus-L-481	false	upstream-sodium-non-COMPAT-S-plus-L	SignatureRejected	false	false	false
sodium-valid-482	true	upstream-sodium-known-answer	SignatureVerified	true	true	true
sodium-S-plus-L-482	false	upstream-sodium-non-COMPAT-S-plus-L	SignatureRejected	false	false	false
sodium-valid-483	true	upstream-sodium-known-answer	SignatureVerified	true	true	true
sodium-S-plus-L-483	false	upstream-sodium-non-COMPAT-S-plus-L	SignatureRejected	false	false	false
sodium-valid-484	true	upstream-sodium-known-answer	SignatureVerified	true	true	true
sodium-S-plus-L-484	false	upstream-sodium-non-COMPAT-S-plus-L	SignatureRejected	false	false	false
sodium-valid-485	true	upstream-sodium-known-answer	SignatureVerified	true	true	true
sodium-S-plus-L-485	false	upstream-sodium-non-COMPAT-S-plus-L	SignatureRejected	false	false	false
sodium-valid-486	true	upstream-sodium-known-answer	SignatureVerified	true	true	true
sodium-S-plus-L-486	false	upstream-sodium-non-COMPAT-S-plus-L	SignatureRejected	false	false	false
sodium-valid-487	true	upstream-sodium-known-answer	SignatureVerified	true	true	true
sodium-S-plus-L-487	false	upstream-sodium-non-COMPAT-S-plus-L	SignatureRejected	false	false	false
sodium-valid-488	true	upstream-sodium-known-answer	SignatureVerified	true	true	true
sodium-S-plus-L-488	false	upstream-sodium-non-COMPAT-S-plus-L	SignatureRejected	false	false	false
sodium-valid-489	true	upstream-sodium-known-answer	SignatureVerified	true	true	true
sodium-S-plus-L-489	false	upstream-sodium-non-COMPAT-S-plus-L	SignatureRejected	false	false	false
sodium-valid-490	true	upstream-sodium-known-answer	SignatureVerified	true	true	true
sodium-S-plus-L-490	false	upstream-sodium-non-COMPAT-S-plus-L	SignatureRejected	false	false	false
sodium-valid-491	true	upstream-sodium-known-answer	SignatureVerified	true	true	true
sodium-S-plus-L-491	false	upstream-sodium-non-COMPAT-S-plus-L	SignatureRejected	false	false	false
sodium-valid-492	true	upstream-sodium-known-answer	SignatureVerified	true	true	true
sodium-S-plus-L-492	false	upstream-sodium-non-COMPAT-S-plus-L	SignatureRejected	false	false	false
sodium-valid-493	true	upstream-sodium-known-answer	SignatureVerified	true	true	true
sodium-S-plus-L-493	false	upstream-sodium-non-COMPAT-S-plus-L	SignatureRejected	false	false	false
sodium-valid-494	true	upstream-sodium-known-answer	SignatureVerified	true	true	true
sodium-S-plus-L-494	false	upstream-sodium-non-COMPAT-S-plus-L	SignatureRejected	false	false	false
sodium-valid-495	true	upstream-sodium-known-answer	SignatureVerified	true	true	true
sodium-S-plus-L-495	false	upstream-sodium-non-COMPAT-S-plus-L	SignatureRejected	false	false	false
sodium-valid-496	true	upstream-sodium-known-answer	SignatureVerified	true	true	true
sodium-S-plus-L-496	false	upstream-sodium-non-COMPAT-S-plus-L	SignatureRejected	false	false	false
sodium-valid-497	true	upstream-sodium-known-answer	SignatureVerified	true	true	true
sodium-S-plus-L-497	false	upstream-sodium-non-COMPAT-S-plus-L	SignatureRejected	false	false	false
sodium-valid-498	true	upstream-sodium-known-answer	SignatureVerified	true	true	true
sodium-S-plus-L-498	false	upstream-sodium-non-COMPAT-S-plus-L	SignatureRejected	false	false	false
sodium-valid-499	true	upstream-sodium-known-answer	SignatureVerified	true	true	true
sodium-S-plus-L-499	false	upstream-sodium-non-COMPAT-S-plus-L	SignatureRejected	false	false	false
sodium-valid-500	true	upstream-sodium-known-answer	SignatureVerified	true	true	true
sodium-S-plus-L-500	false	upstream-sodium-non-COMPAT-S-plus-L	SignatureRejected	false	false	false
sodium-valid-501	true	upstream-sodium-known-answer	SignatureVerified	true	true	true
sodium-S-plus-L-501	false	upstream-sodium-non-COMPAT-S-plus-L	SignatureRejected	false	false	false
sodium-valid-502	true	upstream-sodium-known-answer	SignatureVerified	true	true	true
sodium-S-plus-L-502	false	upstream-sodium-non-COMPAT-S-plus-L	SignatureRejected	false	false	false
sodium-valid-503	true	upstream-sodium-known-answer	SignatureVerified	true	true	true
sodium-S-plus-L-503	false	upstream-sodium-non-COMPAT-S-plus-L	SignatureRejected	false	false	false
sodium-valid-504	true	upstream-sodium-known-answer	SignatureVerified	true	true	true
sodium-S-plus-L-504	false	upstream-sodium-non-COMPAT-S-plus-L	SignatureRejected	false	false	false
sodium-valid-505	true	upstream-sodium-known-answer	SignatureVerified	true	true	true
sodium-S-plus-L-505	false	upstream-sodium-non-COMPAT-S-plus-L	SignatureRejected	false	false	false
sodium-valid-506	true	upstream-sodium-known-answer	SignatureVerified	true	true	true
sodium-S-plus-L-506	false	upstream-sodium-non-COMPAT-S-plus-L	SignatureRejected	false	false	false
sodium-valid-507	true	upstream-sodium-known-answer	SignatureVerified	true	true	true
sodium-S-plus-L-507	false	upstream-sodium-non-COMPAT-S-plus-L	SignatureRejected	false	false	false
sodium-valid-508	true	upstream-sodium-known-answer	SignatureVerified	true	true	true
sodium-S-plus-L-508	false	upstream-sodium-non-COMPAT-S-plus-L	SignatureRejected	false	false	false
sodium-valid-509	true	upstream-sodium-known-answer	SignatureVerified	true	true	true
sodium-S-plus-L-509	false	upstream-sodium-non-COMPAT-S-plus-L	SignatureRejected	false	false	false
sodium-valid-510	true	upstream-sodium-known-answer	SignatureVerified	true	true	true
sodium-S-plus-L-510	false	upstream-sodium-non-COMPAT-S-plus-L	SignatureRejected	false	false	false
sodium-valid-511	true	upstream-sodium-known-answer	SignatureVerified	true	true	true
sodium-S-plus-L-511	false	upstream-sodium-non-COMPAT-S-plus-L	SignatureRejected	false	false	false
sodium-valid-512	true	upstream-sodium-known-answer	SignatureVerified	true	true	true
sodium-S-plus-L-512	false	upstream-sodium-non-COMPAT-S-plus-L	SignatureRejected	false	false	false
sodium-valid-513	true	upstream-sodium-known-answer	SignatureVerified	true	true	true
sodium-S-plus-L-513	false	upstream-sodium-non-COMPAT-S-plus-L	SignatureRejected	false	false	false
sodium-valid-514	true	upstream-sodium-known-answer	SignatureVerified	true	true	true
sodium-S-plus-L-514	false	upstream-sodium-non-COMPAT-S-plus-L	SignatureRejected	false	false	false
sodium-valid-515	true	upstream-sodium-known-answer	SignatureVerified	true	true	true
sodium-S-plus-L-515	false	upstream-sodium-non-COMPAT-S-plus-L	SignatureRejected	false	false	false
sodium-valid-516	true	upstream-sodium-known-answer	SignatureVerified	true	true	true
sodium-S-plus-L-516	false	upstream-sodium-non-COMPAT-S-plus-L	SignatureRejected	false	false	false
sodium-valid-517	true	upstream-sodium-known-answer	SignatureVerified	true	true	true
sodium-S-plus-L-517	false	upstream-sodium-non-COMPAT-S-plus-L	SignatureRejected	false	false	false
sodium-valid-518	true	upstream-sodium-known-answer	SignatureVerified	true	true	true
sodium-S-plus-L-518	false	upstream-sodium-non-COMPAT-S-plus-L	SignatureRejected	false	false	false
sodium-valid-519	true	upstream-sodium-known-answer	SignatureVerified	true	true	true
sodium-S-plus-L-519	false	upstream-sodium-non-COMPAT-S-plus-L	SignatureRejected	false	false	false
sodium-valid-520	true	upstream-sodium-known-answer	SignatureVerified	true	true	true
sodium-S-plus-L-520	false	upstream-sodium-non-COMPAT-S-plus-L	SignatureRejected	false	false	false
sodium-valid-521	true	upstream-sodium-known-answer	SignatureVerified	true	true	true
sodium-S-plus-L-521	false	upstream-sodium-non-COMPAT-S-plus-L	SignatureRejected	false	false	false
sodium-valid-522	true	upstream-sodium-known-answer	SignatureVerified	true	true	true
sodium-S-plus-L-522	false	upstream-sodium-non-COMPAT-S-plus-L	SignatureRejected	false	false	false
sodium-valid-523	true	upstream-sodium-known-answer	SignatureVerified	true	true	true
sodium-S-plus-L-523	false	upstream-sodium-non-COMPAT-S-plus-L	SignatureRejected	false	false	false
sodium-valid-524	true	upstream-sodium-known-answer	SignatureVerified	true	true	true
sodium-S-plus-L-524	false	upstream-sodium-non-COMPAT-S-plus-L	SignatureRejected	false	false	false
sodium-valid-525	true	upstream-sodium-known-answer	SignatureVerified	true	true	true
sodium-S-plus-L-525	false	upstream-sodium-non-COMPAT-S-plus-L	SignatureRejected	false	false	false
sodium-valid-526	true	upstream-sodium-known-answer	SignatureVerified	true	true	true
sodium-S-plus-L-526	false	upstream-sodium-non-COMPAT-S-plus-L	SignatureRejected	false	false	false
sodium-valid-527	true	upstream-sodium-known-answer	SignatureVerified	true	true	true
sodium-S-plus-L-527	false	upstream-sodium-non-COMPAT-S-plus-L	SignatureRejected	false	false	false
sodium-valid-528	true	upstream-sodium-known-answer	SignatureVerified	true	true	true
sodium-S-plus-L-528	false	upstream-sodium-non-COMPAT-S-plus-L	SignatureRejected	false	false	false
sodium-valid-529	true	upstream-sodium-known-answer	SignatureVerified	true	true	true
sodium-S-plus-L-529	false	upstream-sodium-non-COMPAT-S-plus-L	SignatureRejected	false	false	false
sodium-valid-530	true	upstream-sodium-known-answer	SignatureVerified	true	true	true
sodium-S-plus-L-530	false	upstream-sodium-non-COMPAT-S-plus-L	SignatureRejected	false	false	false
sodium-valid-531	true	upstream-sodium-known-answer	SignatureVerified	true	true	true
sodium-S-plus-L-531	false	upstream-sodium-non-COMPAT-S-plus-L	SignatureRejected	false	false	false
sodium-valid-532	true	upstream-sodium-known-answer	SignatureVerified	true	true	true
sodium-S-plus-L-532	false	upstream-sodium-non-COMPAT-S-plus-L	SignatureRejected	false	false	false
sodium-valid-533	true	upstream-sodium-known-answer	SignatureVerified	true	true	true
sodium-S-plus-L-533	false	upstream-sodium-non-COMPAT-S-plus-L	SignatureRejected	false	false	false
sodium-valid-534	true	upstream-sodium-known-answer	SignatureVerified	true	true	true
sodium-S-plus-L-534	false	upstream-sodium-non-COMPAT-S-plus-L	SignatureRejected	false	false	false
sodium-valid-535	true	upstream-sodium-known-answer	SignatureVerified	true	true	true
sodium-S-plus-L-535	false	upstream-sodium-non-COMPAT-S-plus-L	SignatureRejected	false	false	false
sodium-valid-536	true	upstream-sodium-known-answer	SignatureVerified	true	true	true
sodium-S-plus-L-536	false	upstream-sodium-non-COMPAT-S-plus-L	SignatureRejected	false	false	false
sodium-valid-537	true	upstream-sodium-known-answer	SignatureVerified	true	true	true
sodium-S-plus-L-537	false	upstream-sodium-non-COMPAT-S-plus-L	SignatureRejected	false	false	false
sodium-valid-538	true	upstream-sodium-known-answer	SignatureVerified	true	true	true
sodium-S-plus-L-538	false	upstream-sodium-non-COMPAT-S-plus-L	SignatureRejected	false	false	false
sodium-valid-539	true	upstream-sodium-known-answer	SignatureVerified	true	true	true
sodium-S-plus-L-539	false	upstream-sodium-non-COMPAT-S-plus-L	SignatureRejected	false	false	false
sodium-valid-540	true	upstream-sodium-known-answer	SignatureVerified	true	true	true
sodium-S-plus-L-540	false	upstream-sodium-non-COMPAT-S-plus-L	SignatureRejected	false	false	false
sodium-valid-541	true	upstream-sodium-known-answer	SignatureVerified	true	true	true
sodium-S-plus-L-541	false	upstream-sodium-non-COMPAT-S-plus-L	SignatureRejected	false	false	false
sodium-valid-542	true	upstream-sodium-known-answer	SignatureVerified	true	true	true
sodium-S-plus-L-542	false	upstream-sodium-non-COMPAT-S-plus-L	SignatureRejected	false	false	false
sodium-valid-543	true	upstream-sodium-known-answer	SignatureVerified	true	true	true
sodium-S-plus-L-543	false	upstream-sodium-non-COMPAT-S-plus-L	SignatureRejected	false	false	false
sodium-valid-544	true	upstream-sodium-known-answer	SignatureVerified	true	true	true
sodium-S-plus-L-544	false	upstream-sodium-non-COMPAT-S-plus-L	SignatureRejected	false	false	false
sodium-valid-545	true	upstream-sodium-known-answer	SignatureVerified	true	true	true
sodium-S-plus-L-545	false	upstream-sodium-non-COMPAT-S-plus-L	SignatureRejected	false	false	false
sodium-valid-546	true	upstream-sodium-known-answer	SignatureVerified	true	true	true
sodium-S-plus-L-546	false	upstream-sodium-non-COMPAT-S-plus-L	SignatureRejected	false	false	false
sodium-valid-547	true	upstream-sodium-known-answer	SignatureVerified	true	true	true
sodium-S-plus-L-547	false	upstream-sodium-non-COMPAT-S-plus-L	SignatureRejected	false	false	false
sodium-valid-548	true	upstream-sodium-known-answer	SignatureVerified	true	true	true
sodium-S-plus-L-548	false	upstream-sodium-non-COMPAT-S-plus-L	SignatureRejected	false	false	false
sodium-valid-549	true	upstream-sodium-known-answer	SignatureVerified	true	true	true
sodium-S-plus-L-549	false	upstream-sodium-non-COMPAT-S-plus-L	SignatureRejected	false	false	false
sodium-valid-550	true	upstream-sodium-known-answer	SignatureVerified	true	true	true
sodium-S-plus-L-550	false	upstream-sodium-non-COMPAT-S-plus-L	SignatureRejected	false	false	false
sodium-valid-551	true	upstream-sodium-known-answer	SignatureVerified	true	true	true
sodium-S-plus-L-551	false	upstream-sodium-non-COMPAT-S-plus-L	SignatureRejected	false	false	false
sodium-valid-552	true	upstream-sodium-known-answer	SignatureVerified	true	true	true
sodium-S-plus-L-552	false	upstream-sodium-non-COMPAT-S-plus-L	SignatureRejected	false	false	false
sodium-valid-553	true	upstream-sodium-known-answer	SignatureVerified	true	true	true
sodium-S-plus-L-553	false	upstream-sodium-non-COMPAT-S-plus-L	SignatureRejected	false	false	false
sodium-valid-554	true	upstream-sodium-known-answer	SignatureVerified	true	true	true
sodium-S-plus-L-554	false	upstream-sodium-non-COMPAT-S-plus-L	SignatureRejected	false	false	false
sodium-valid-555	true	upstream-sodium-known-answer	SignatureVerified	true	true	true
sodium-S-plus-L-555	false	upstream-sodium-non-COMPAT-S-plus-L	SignatureRejected	false	false	false
sodium-valid-556	true	upstream-sodium-known-answer	SignatureVerified	true	true	true
sodium-S-plus-L-556	false	upstream-sodium-non-COMPAT-S-plus-L	SignatureRejected	false	false	false
sodium-valid-557	true	upstream-sodium-known-answer	SignatureVerified	true	true	true
sodium-S-plus-L-557	false	upstream-sodium-non-COMPAT-S-plus-L	SignatureRejected	false	false	false
sodium-valid-558	true	upstream-sodium-known-answer	SignatureVerified	true	true	true
sodium-S-plus-L-558	false	upstream-sodium-non-COMPAT-S-plus-L	SignatureRejected	false	false	false
sodium-valid-559	true	upstream-sodium-known-answer	SignatureVerified	true	true	true
sodium-S-plus-L-559	false	upstream-sodium-non-COMPAT-S-plus-L	SignatureRejected	false	false	false
sodium-valid-560	true	upstream-sodium-known-answer	SignatureVerified	true	true	true
sodium-S-plus-L-560	false	upstream-sodium-non-COMPAT-S-plus-L	SignatureRejected	false	false	false
sodium-valid-561	true	upstream-sodium-known-answer	SignatureVerified	true	true	true
sodium-S-plus-L-561	false	upstream-sodium-non-COMPAT-S-plus-L	SignatureRejected	false	false	false
sodium-valid-562	true	upstream-sodium-known-answer	SignatureVerified	true	true	true
sodium-S-plus-L-562	false	upstream-sodium-non-COMPAT-S-plus-L	SignatureRejected	false	false	false
sodium-valid-563	true	upstream-sodium-known-answer	SignatureVerified	true	true	true
sodium-S-plus-L-563	false	upstream-sodium-non-COMPAT-S-plus-L	SignatureRejected	false	false	false
sodium-valid-564	true	upstream-sodium-known-answer	SignatureVerified	true	true	true
sodium-S-plus-L-564	false	upstream-sodium-non-COMPAT-S-plus-L	SignatureRejected	false	false	false
sodium-valid-565	true	upstream-sodium-known-answer	SignatureVerified	true	true	true
sodium-S-plus-L-565	false	upstream-sodium-non-COMPAT-S-plus-L	SignatureRejected	false	false	false
sodium-valid-566	true	upstream-sodium-known-answer	SignatureVerified	true	true	true
sodium-S-plus-L-566	false	upstream-sodium-non-COMPAT-S-plus-L	SignatureRejected	false	false	false
sodium-valid-567	true	upstream-sodium-known-answer	SignatureVerified	true	true	true
sodium-S-plus-L-567	false	upstream-sodium-non-COMPAT-S-plus-L	SignatureRejected	false	false	false
sodium-valid-568	true	upstream-sodium-known-answer	SignatureVerified	true	true	true
sodium-S-plus-L-568	false	upstream-sodium-non-COMPAT-S-plus-L	SignatureRejected	false	false	false
sodium-valid-569	true	upstream-sodium-known-answer	SignatureVerified	true	true	true
sodium-S-plus-L-569	false	upstream-sodium-non-COMPAT-S-plus-L	SignatureRejected	false	false	false
sodium-valid-570	true	upstream-sodium-known-answer	SignatureVerified	true	true	true
sodium-S-plus-L-570	false	upstream-sodium-non-COMPAT-S-plus-L	SignatureRejected	false	false	false
sodium-valid-571	true	upstream-sodium-known-answer	SignatureVerified	true	true	true
sodium-S-plus-L-571	false	upstream-sodium-non-COMPAT-S-plus-L	SignatureRejected	false	false	false
sodium-valid-572	true	upstream-sodium-known-answer	SignatureVerified	true	true	true
sodium-S-plus-L-572	false	upstream-sodium-non-COMPAT-S-plus-L	SignatureRejected	false	false	false
sodium-valid-573	true	upstream-sodium-known-answer	SignatureVerified	true	true	true
sodium-S-plus-L-573	false	upstream-sodium-non-COMPAT-S-plus-L	SignatureRejected	false	false	false
sodium-valid-574	true	upstream-sodium-known-answer	SignatureVerified	true	true	true
sodium-S-plus-L-574	false	upstream-sodium-non-COMPAT-S-plus-L	SignatureRejected	false	false	false
sodium-valid-575	true	upstream-sodium-known-answer	SignatureVerified	true	true	true
sodium-S-plus-L-575	false	upstream-sodium-non-COMPAT-S-plus-L	SignatureRejected	false	false	false
sodium-valid-576	true	upstream-sodium-known-answer	SignatureVerified	true	true	true
sodium-S-plus-L-576	false	upstream-sodium-non-COMPAT-S-plus-L	SignatureRejected	false	false	false
sodium-valid-577	true	upstream-sodium-known-answer	SignatureVerified	true	true	true
sodium-S-plus-L-577	false	upstream-sodium-non-COMPAT-S-plus-L	SignatureRejected	false	false	false
sodium-valid-578	true	upstream-sodium-known-answer	SignatureVerified	true	true	true
sodium-S-plus-L-578	false	upstream-sodium-non-COMPAT-S-plus-L	SignatureRejected	false	false	false
sodium-valid-579	true	upstream-sodium-known-answer	SignatureVerified	true	true	true
sodium-S-plus-L-579	false	upstream-sodium-non-COMPAT-S-plus-L	SignatureRejected	false	false	false
sodium-valid-580	true	upstream-sodium-known-answer	SignatureVerified	true	true	true
sodium-S-plus-L-580	false	upstream-sodium-non-COMPAT-S-plus-L	SignatureRejected	false	false	false
sodium-valid-581	true	upstream-sodium-known-answer	SignatureVerified	true	true	true
sodium-S-plus-L-581	false	upstream-sodium-non-COMPAT-S-plus-L	SignatureRejected	false	false	false
sodium-valid-582	true	upstream-sodium-known-answer	SignatureVerified	true	true	true
sodium-S-plus-L-582	false	upstream-sodium-non-COMPAT-S-plus-L	SignatureRejected	false	false	false
sodium-valid-583	true	upstream-sodium-known-answer	SignatureVerified	true	true	true
sodium-S-plus-L-583	false	upstream-sodium-non-COMPAT-S-plus-L	SignatureRejected	false	false	false
sodium-valid-584	true	upstream-sodium-known-answer	SignatureVerified	true	true	true
sodium-S-plus-L-584	false	upstream-sodium-non-COMPAT-S-plus-L	SignatureRejected	false	false	false
sodium-valid-585	true	upstream-sodium-known-answer	SignatureVerified	true	true	true
sodium-S-plus-L-585	false	upstream-sodium-non-COMPAT-S-plus-L	SignatureRejected	false	false	false
sodium-valid-586	true	upstream-sodium-known-answer	SignatureVerified	true	true	true
sodium-S-plus-L-586	false	upstream-sodium-non-COMPAT-S-plus-L	SignatureRejected	false	false	false
sodium-valid-587	true	upstream-sodium-known-answer	SignatureVerified	true	true	true
sodium-S-plus-L-587	false	upstream-sodium-non-COMPAT-S-plus-L	SignatureRejected	false	false	false
sodium-valid-588	true	upstream-sodium-known-answer	SignatureVerified	true	true	true
sodium-S-plus-L-588	false	upstream-sodium-non-COMPAT-S-plus-L	SignatureRejected	false	false	false
sodium-valid-589	true	upstream-sodium-known-answer	SignatureVerified	true	true	true
sodium-S-plus-L-589	false	upstream-sodium-non-COMPAT-S-plus-L	SignatureRejected	false	false	false
sodium-valid-590	true	upstream-sodium-known-answer	SignatureVerified	true	true	true
sodium-S-plus-L-590	false	upstream-sodium-non-COMPAT-S-plus-L	SignatureRejected	false	false	false
sodium-valid-591	true	upstream-sodium-known-answer	SignatureVerified	true	true	true
sodium-S-plus-L-591	false	upstream-sodium-non-COMPAT-S-plus-L	SignatureRejected	false	false	false
sodium-valid-592	true	upstream-sodium-known-answer	SignatureVerified	true	true	true
sodium-S-plus-L-592	false	upstream-sodium-non-COMPAT-S-plus-L	SignatureRejected	false	false	false
sodium-valid-593	true	upstream-sodium-known-answer	SignatureVerified	true	true	true
sodium-S-plus-L-593	false	upstream-sodium-non-COMPAT-S-plus-L	SignatureRejected	false	false	false
sodium-valid-594	true	upstream-sodium-known-answer	SignatureVerified	true	true	true
sodium-S-plus-L-594	false	upstream-sodium-non-COMPAT-S-plus-L	SignatureRejected	false	false	false
sodium-valid-595	true	upstream-sodium-known-answer	SignatureVerified	true	true	true
sodium-S-plus-L-595	false	upstream-sodium-non-COMPAT-S-plus-L	SignatureRejected	false	false	false
sodium-valid-596	true	upstream-sodium-known-answer	SignatureVerified	true	true	true
sodium-S-plus-L-596	false	upstream-sodium-non-COMPAT-S-plus-L	SignatureRejected	false	false	false
sodium-valid-597	true	upstream-sodium-known-answer	SignatureVerified	true	true	true
sodium-S-plus-L-597	false	upstream-sodium-non-COMPAT-S-plus-L	SignatureRejected	false	false	false
sodium-valid-598	true	upstream-sodium-known-answer	SignatureVerified	true	true	true
sodium-S-plus-L-598	false	upstream-sodium-non-COMPAT-S-plus-L	SignatureRejected	false	false	false
sodium-valid-599	true	upstream-sodium-known-answer	SignatureVerified	true	true	true
sodium-S-plus-L-599	false	upstream-sodium-non-COMPAT-S-plus-L	SignatureRejected	false	false	false
sodium-valid-600	true	upstream-sodium-known-answer	SignatureVerified	true	true	true
sodium-S-plus-L-600	false	upstream-sodium-non-COMPAT-S-plus-L	SignatureRejected	false	false	false
sodium-valid-601	true	upstream-sodium-known-answer	SignatureVerified	true	true	true
sodium-S-plus-L-601	false	upstream-sodium-non-COMPAT-S-plus-L	SignatureRejected	false	false	false
sodium-valid-602	true	upstream-sodium-known-answer	SignatureVerified	true	true	true
sodium-S-plus-L-602	false	upstream-sodium-non-COMPAT-S-plus-L	SignatureRejected	false	false	false
sodium-valid-603	true	upstream-sodium-known-answer	SignatureVerified	true	true	true
sodium-S-plus-L-603	false	upstream-sodium-non-COMPAT-S-plus-L	SignatureRejected	false	false	false
sodium-valid-604	true	upstream-sodium-known-answer	SignatureVerified	true	true	true
sodium-S-plus-L-604	false	upstream-sodium-non-COMPAT-S-plus-L	SignatureRejected	false	false	false
sodium-valid-605	true	upstream-sodium-known-answer	SignatureVerified	true	true	true
sodium-S-plus-L-605	false	upstream-sodium-non-COMPAT-S-plus-L	SignatureRejected	false	false	false
sodium-valid-606	true	upstream-sodium-known-answer	SignatureVerified	true	true	true
sodium-S-plus-L-606	false	upstream-sodium-non-COMPAT-S-plus-L	SignatureRejected	false	false	false
sodium-valid-607	true	upstream-sodium-known-answer	SignatureVerified	true	true	true
sodium-S-plus-L-607	false	upstream-sodium-non-COMPAT-S-plus-L	SignatureRejected	false	false	false
sodium-valid-608	true	upstream-sodium-known-answer	SignatureVerified	true	true	true
sodium-S-plus-L-608	false	upstream-sodium-non-COMPAT-S-plus-L	SignatureRejected	false	false	false
sodium-valid-609	true	upstream-sodium-known-answer	SignatureVerified	true	true	true
sodium-S-plus-L-609	false	upstream-sodium-non-COMPAT-S-plus-L	SignatureRejected	false	false	false
sodium-valid-610	true	upstream-sodium-known-answer	SignatureVerified	true	true	true
sodium-S-plus-L-610	false	upstream-sodium-non-COMPAT-S-plus-L	SignatureRejected	false	false	false
sodium-valid-611	true	upstream-sodium-known-answer	SignatureVerified	true	true	true
sodium-S-plus-L-611	false	upstream-sodium-non-COMPAT-S-plus-L	SignatureRejected	false	false	false
sodium-valid-612	true	upstream-sodium-known-answer	SignatureVerified	true	true	true
sodium-S-plus-L-612	false	upstream-sodium-non-COMPAT-S-plus-L	SignatureRejected	false	false	false
sodium-valid-613	true	upstream-sodium-known-answer	SignatureVerified	true	true	true
sodium-S-plus-L-613	false	upstream-sodium-non-COMPAT-S-plus-L	SignatureRejected	false	false	false
sodium-valid-614	true	upstream-sodium-known-answer	SignatureVerified	true	true	true
sodium-S-plus-L-614	false	upstream-sodium-non-COMPAT-S-plus-L	SignatureRejected	false	false	false
sodium-valid-615	true	upstream-sodium-known-answer	SignatureVerified	true	true	true
sodium-S-plus-L-615	false	upstream-sodium-non-COMPAT-S-plus-L	SignatureRejected	false	false	false
sodium-valid-616	true	upstream-sodium-known-answer	SignatureVerified	true	true	true
sodium-S-plus-L-616	false	upstream-sodium-non-COMPAT-S-plus-L	SignatureRejected	false	false	false
sodium-valid-617	true	upstream-sodium-known-answer	SignatureVerified	true	true	true
sodium-S-plus-L-617	false	upstream-sodium-non-COMPAT-S-plus-L	SignatureRejected	false	false	false
sodium-valid-618	true	upstream-sodium-known-answer	SignatureVerified	true	true	true
sodium-S-plus-L-618	false	upstream-sodium-non-COMPAT-S-plus-L	SignatureRejected	false	false	false
sodium-valid-619	true	upstream-sodium-known-answer	SignatureVerified	true	true	true
sodium-S-plus-L-619	false	upstream-sodium-non-COMPAT-S-plus-L	SignatureRejected	false	false	false
sodium-valid-620	true	upstream-sodium-known-answer	SignatureVerified	true	true	true
sodium-S-plus-L-620	false	upstream-sodium-non-COMPAT-S-plus-L	SignatureRejected	false	false	false
sodium-valid-621	true	upstream-sodium-known-answer	SignatureVerified	true	true	true
sodium-S-plus-L-621	false	upstream-sodium-non-COMPAT-S-plus-L	SignatureRejected	false	false	false
sodium-valid-622	true	upstream-sodium-known-answer	SignatureVerified	true	true	true
sodium-S-plus-L-622	false	upstream-sodium-non-COMPAT-S-plus-L	SignatureRejected	false	false	false
sodium-valid-623	true	upstream-sodium-known-answer	SignatureVerified	true	true	true
sodium-S-plus-L-623	false	upstream-sodium-non-COMPAT-S-plus-L	SignatureRejected	false	false	false
sodium-valid-624	true	upstream-sodium-known-answer	SignatureVerified	true	true	true
sodium-S-plus-L-624	false	upstream-sodium-non-COMPAT-S-plus-L	SignatureRejected	false	false	false
sodium-valid-625	true	upstream-sodium-known-answer	SignatureVerified	true	true	true
sodium-S-plus-L-625	false	upstream-sodium-non-COMPAT-S-plus-L	SignatureRejected	false	false	false
sodium-valid-626	true	upstream-sodium-known-answer	SignatureVerified	true	true	true
sodium-S-plus-L-626	false	upstream-sodium-non-COMPAT-S-plus-L	SignatureRejected	false	false	false
sodium-valid-627	true	upstream-sodium-known-answer	SignatureVerified	true	true	true
sodium-S-plus-L-627	false	upstream-sodium-non-COMPAT-S-plus-L	SignatureRejected	false	false	false
sodium-valid-628	true	upstream-sodium-known-answer	SignatureVerified	true	true	true
sodium-S-plus-L-628	false	upstream-sodium-non-COMPAT-S-plus-L	SignatureRejected	false	false	false
sodium-valid-629	true	upstream-sodium-known-answer	SignatureVerified	true	true	true
sodium-S-plus-L-629	false	upstream-sodium-non-COMPAT-S-plus-L	SignatureRejected	false	false	false
sodium-valid-630	true	upstream-sodium-known-answer	SignatureVerified	true	true	true
sodium-S-plus-L-630	false	upstream-sodium-non-COMPAT-S-plus-L	SignatureRejected	false	false	false
sodium-valid-631	true	upstream-sodium-known-answer	SignatureVerified	true	true	true
sodium-S-plus-L-631	false	upstream-sodium-non-COMPAT-S-plus-L	SignatureRejected	false	false	false
sodium-valid-632	true	upstream-sodium-known-answer	SignatureVerified	true	true	true
sodium-S-plus-L-632	false	upstream-sodium-non-COMPAT-S-plus-L	SignatureRejected	false	false	false
sodium-valid-633	true	upstream-sodium-known-answer	SignatureVerified	true	true	true
sodium-S-plus-L-633	false	upstream-sodium-non-COMPAT-S-plus-L	SignatureRejected	false	false	false
sodium-valid-634	true	upstream-sodium-known-answer	SignatureVerified	true	true	true
sodium-S-plus-L-634	false	upstream-sodium-non-COMPAT-S-plus-L	SignatureRejected	false	false	false
sodium-valid-635	true	upstream-sodium-known-answer	SignatureVerified	true	true	true
sodium-S-plus-L-635	false	upstream-sodium-non-COMPAT-S-plus-L	SignatureRejected	false	false	false
sodium-valid-636	true	upstream-sodium-known-answer	SignatureVerified	true	true	true
sodium-S-plus-L-636	false	upstream-sodium-non-COMPAT-S-plus-L	SignatureRejected	false	false	false
sodium-valid-637	true	upstream-sodium-known-answer	SignatureVerified	true	true	true
sodium-S-plus-L-637	false	upstream-sodium-non-COMPAT-S-plus-L	SignatureRejected	false	false	false
sodium-valid-638	true	upstream-sodium-known-answer	SignatureVerified	true	true	true
sodium-S-plus-L-638	false	upstream-sodium-non-COMPAT-S-plus-L	SignatureRejected	false	false	false
sodium-valid-639	true	upstream-sodium-known-answer	SignatureVerified	true	true	true
sodium-S-plus-L-639	false	upstream-sodium-non-COMPAT-S-plus-L	SignatureRejected	false	false	false
sodium-valid-640	true	upstream-sodium-known-answer	SignatureVerified	true	true	true
sodium-S-plus-L-640	false	upstream-sodium-non-COMPAT-S-plus-L	SignatureRejected	false	false	false
sodium-valid-641	true	upstream-sodium-known-answer	SignatureVerified	true	true	true
sodium-S-plus-L-641	false	upstream-sodium-non-COMPAT-S-plus-L	SignatureRejected	false	false	false
sodium-valid-642	true	upstream-sodium-known-answer	SignatureVerified	true	true	true
sodium-S-plus-L-642	false	upstream-sodium-non-COMPAT-S-plus-L	SignatureRejected	false	false	false
sodium-valid-643	true	upstream-sodium-known-answer	SignatureVerified	true	true	true
sodium-S-plus-L-643	false	upstream-sodium-non-COMPAT-S-plus-L	SignatureRejected	false	false	false
sodium-valid-644	true	upstream-sodium-known-answer	SignatureVerified	true	true	true
sodium-S-plus-L-644	false	upstream-sodium-non-COMPAT-S-plus-L	SignatureRejected	false	false	false
sodium-valid-645	true	upstream-sodium-known-answer	SignatureVerified	true	true	true
sodium-S-plus-L-645	false	upstream-sodium-non-COMPAT-S-plus-L	SignatureRejected	false	false	false
sodium-valid-646	true	upstream-sodium-known-answer	SignatureVerified	true	true	true
sodium-S-plus-L-646	false	upstream-sodium-non-COMPAT-S-plus-L	SignatureRejected	false	false	false
sodium-valid-647	true	upstream-sodium-known-answer	SignatureVerified	true	true	true
sodium-S-plus-L-647	false	upstream-sodium-non-COMPAT-S-plus-L	SignatureRejected	false	false	false
sodium-valid-648	true	upstream-sodium-known-answer	SignatureVerified	true	true	true
sodium-S-plus-L-648	false	upstream-sodium-non-COMPAT-S-plus-L	SignatureRejected	false	false	false
sodium-valid-649	true	upstream-sodium-known-answer	SignatureVerified	true	true	true
sodium-S-plus-L-649	false	upstream-sodium-non-COMPAT-S-plus-L	SignatureRejected	false	false	false
sodium-valid-650	true	upstream-sodium-known-answer	SignatureVerified	true	true	true
sodium-S-plus-L-650	false	upstream-sodium-non-COMPAT-S-plus-L	SignatureRejected	false	false	false
sodium-valid-651	true	upstream-sodium-known-answer	SignatureVerified	true	true	true
sodium-S-plus-L-651	false	upstream-sodium-non-COMPAT-S-plus-L	SignatureRejected	false	false	false
sodium-valid-652	true	upstream-sodium-known-answer	SignatureVerified	true	true	true
sodium-S-plus-L-652	false	upstream-sodium-non-COMPAT-S-plus-L	SignatureRejected	false	false	false
sodium-valid-653	true	upstream-sodium-known-answer	SignatureVerified	true	true	true
sodium-S-plus-L-653	false	upstream-sodium-non-COMPAT-S-plus-L	SignatureRejected	false	false	false
sodium-valid-654	true	upstream-sodium-known-answer	SignatureVerified	true	true	true
sodium-S-plus-L-654	false	upstream-sodium-non-COMPAT-S-plus-L	SignatureRejected	false	false	false
sodium-valid-655	true	upstream-sodium-known-answer	SignatureVerified	true	true	true
sodium-S-plus-L-655	false	upstream-sodium-non-COMPAT-S-plus-L	SignatureRejected	false	false	false
sodium-valid-656	true	upstream-sodium-known-answer	SignatureVerified	true	true	true
sodium-S-plus-L-656	false	upstream-sodium-non-COMPAT-S-plus-L	SignatureRejected	false	false	false
sodium-valid-657	true	upstream-sodium-known-answer	SignatureVerified	true	true	true
sodium-S-plus-L-657	false	upstream-sodium-non-COMPAT-S-plus-L	SignatureRejected	false	false	false
sodium-valid-658	true	upstream-sodium-known-answer	SignatureVerified	true	true	true
sodium-S-plus-L-658	false	upstream-sodium-non-COMPAT-S-plus-L	SignatureRejected	false	false	false
sodium-valid-659	true	upstream-sodium-known-answer	SignatureVerified	true	true	true
sodium-S-plus-L-659	false	upstream-sodium-non-COMPAT-S-plus-L	SignatureRejected	false	false	false
sodium-valid-660	true	upstream-sodium-known-answer	SignatureVerified	true	true	true
sodium-S-plus-L-660	false	upstream-sodium-non-COMPAT-S-plus-L	SignatureRejected	false	false	false
sodium-valid-661	true	upstream-sodium-known-answer	SignatureVerified	true	true	true
sodium-S-plus-L-661	false	upstream-sodium-non-COMPAT-S-plus-L	SignatureRejected	false	false	false
sodium-valid-662	true	upstream-sodium-known-answer	SignatureVerified	true	true	true
sodium-S-plus-L-662	false	upstream-sodium-non-COMPAT-S-plus-L	SignatureRejected	false	false	false
sodium-valid-663	true	upstream-sodium-known-answer	SignatureVerified	true	true	true
sodium-S-plus-L-663	false	upstream-sodium-non-COMPAT-S-plus-L	SignatureRejected	false	false	false
sodium-valid-664	true	upstream-sodium-known-answer	SignatureVerified	true	true	true
sodium-S-plus-L-664	false	upstream-sodium-non-COMPAT-S-plus-L	SignatureRejected	false	false	false
sodium-valid-665	true	upstream-sodium-known-answer	SignatureVerified	true	true	true
sodium-S-plus-L-665	false	upstream-sodium-non-COMPAT-S-plus-L	SignatureRejected	false	false	false
sodium-valid-666	true	upstream-sodium-known-answer	SignatureVerified	true	true	true
sodium-S-plus-L-666	false	upstream-sodium-non-COMPAT-S-plus-L	SignatureRejected	false	false	false
sodium-valid-667	true	upstream-sodium-known-answer	SignatureVerified	true	true	true
sodium-S-plus-L-667	false	upstream-sodium-non-COMPAT-S-plus-L	SignatureRejected	false	false	false
sodium-valid-668	true	upstream-sodium-known-answer	SignatureVerified	true	true	true
sodium-S-plus-L-668	false	upstream-sodium-non-COMPAT-S-plus-L	SignatureRejected	false	false	false
sodium-valid-669	true	upstream-sodium-known-answer	SignatureVerified	true	true	true
sodium-S-plus-L-669	false	upstream-sodium-non-COMPAT-S-plus-L	SignatureRejected	false	false	false
sodium-valid-670	true	upstream-sodium-known-answer	SignatureVerified	true	true	true
sodium-S-plus-L-670	false	upstream-sodium-non-COMPAT-S-plus-L	SignatureRejected	false	false	false
sodium-valid-671	true	upstream-sodium-known-answer	SignatureVerified	true	true	true
sodium-S-plus-L-671	false	upstream-sodium-non-COMPAT-S-plus-L	SignatureRejected	false	false	false
sodium-valid-672	true	upstream-sodium-known-answer	SignatureVerified	true	true	true
sodium-S-plus-L-672	false	upstream-sodium-non-COMPAT-S-plus-L	SignatureRejected	false	false	false
sodium-valid-673	true	upstream-sodium-known-answer	SignatureVerified	true	true	true
sodium-S-plus-L-673	false	upstream-sodium-non-COMPAT-S-plus-L	SignatureRejected	false	false	false
sodium-valid-674	true	upstream-sodium-known-answer	SignatureVerified	true	true	true
sodium-S-plus-L-674	false	upstream-sodium-non-COMPAT-S-plus-L	SignatureRejected	false	false	false
sodium-valid-675	true	upstream-sodium-known-answer	SignatureVerified	true	true	true
sodium-S-plus-L-675	false	upstream-sodium-non-COMPAT-S-plus-L	SignatureRejected	false	false	false
sodium-valid-676	true	upstream-sodium-known-answer	SignatureVerified	true	true	true
sodium-S-plus-L-676	false	upstream-sodium-non-COMPAT-S-plus-L	SignatureRejected	false	false	false
sodium-valid-677	true	upstream-sodium-known-answer	SignatureVerified	true	true	true
sodium-S-plus-L-677	false	upstream-sodium-non-COMPAT-S-plus-L	SignatureRejected	false	false	false
sodium-valid-678	true	upstream-sodium-known-answer	SignatureVerified	true	true	true
sodium-S-plus-L-678	false	upstream-sodium-non-COMPAT-S-plus-L	SignatureRejected	false	false	false
sodium-valid-679	true	upstream-sodium-known-answer	SignatureVerified	true	true	true
sodium-S-plus-L-679	false	upstream-sodium-non-COMPAT-S-plus-L	SignatureRejected	false	false	false
sodium-valid-680	true	upstream-sodium-known-answer	SignatureVerified	true	true	true
sodium-S-plus-L-680	false	upstream-sodium-non-COMPAT-S-plus-L	SignatureRejected	false	false	false
sodium-valid-681	true	upstream-sodium-known-answer	SignatureVerified	true	true	true
sodium-S-plus-L-681	false	upstream-sodium-non-COMPAT-S-plus-L	SignatureRejected	false	false	false
sodium-valid-682	true	upstream-sodium-known-answer	SignatureVerified	true	true	true
sodium-S-plus-L-682	false	upstream-sodium-non-COMPAT-S-plus-L	SignatureRejected	false	false	false
sodium-valid-683	true	upstream-sodium-known-answer	SignatureVerified	true	true	true
sodium-S-plus-L-683	false	upstream-sodium-non-COMPAT-S-plus-L	SignatureRejected	false	false	false
sodium-valid-684	true	upstream-sodium-known-answer	SignatureVerified	true	true	true
sodium-S-plus-L-684	false	upstream-sodium-non-COMPAT-S-plus-L	SignatureRejected	false	false	false
sodium-valid-685	true	upstream-sodium-known-answer	SignatureVerified	true	true	true
sodium-S-plus-L-685	false	upstream-sodium-non-COMPAT-S-plus-L	SignatureRejected	false	false	false
sodium-valid-686	true	upstream-sodium-known-answer	SignatureVerified	true	true	true
sodium-S-plus-L-686	false	upstream-sodium-non-COMPAT-S-plus-L	SignatureRejected	false	false	false
sodium-valid-687	true	upstream-sodium-known-answer	SignatureVerified	true	true	true
sodium-S-plus-L-687	false	upstream-sodium-non-COMPAT-S-plus-L	SignatureRejected	false	false	false
sodium-valid-688	true	upstream-sodium-known-answer	SignatureVerified	true	true	true
sodium-S-plus-L-688	false	upstream-sodium-non-COMPAT-S-plus-L	SignatureRejected	false	false	false
sodium-valid-689	true	upstream-sodium-known-answer	SignatureVerified	true	true	true
sodium-S-plus-L-689	false	upstream-sodium-non-COMPAT-S-plus-L	SignatureRejected	false	false	false
sodium-valid-690	true	upstream-sodium-known-answer	SignatureVerified	true	true	true
sodium-S-plus-L-690	false	upstream-sodium-non-COMPAT-S-plus-L	SignatureRejected	false	false	false
sodium-valid-691	true	upstream-sodium-known-answer	SignatureVerified	true	true	true
sodium-S-plus-L-691	false	upstream-sodium-non-COMPAT-S-plus-L	SignatureRejected	false	false	false
sodium-valid-692	true	upstream-sodium-known-answer	SignatureVerified	true	true	true
sodium-S-plus-L-692	false	upstream-sodium-non-COMPAT-S-plus-L	SignatureRejected	false	false	false
sodium-valid-693	true	upstream-sodium-known-answer	SignatureVerified	true	true	true
sodium-S-plus-L-693	false	upstream-sodium-non-COMPAT-S-plus-L	SignatureRejected	false	false	false
sodium-valid-694	true	upstream-sodium-known-answer	SignatureVerified	true	true	true
sodium-S-plus-L-694	false	upstream-sodium-non-COMPAT-S-plus-L	SignatureRejected	false	false	false
sodium-valid-695	true	upstream-sodium-known-answer	SignatureVerified	true	true	true
sodium-S-plus-L-695	false	upstream-sodium-non-COMPAT-S-plus-L	SignatureRejected	false	false	false
sodium-valid-696	true	upstream-sodium-known-answer	SignatureVerified	true	true	true
sodium-S-plus-L-696	false	upstream-sodium-non-COMPAT-S-plus-L	SignatureRejected	false	false	false
sodium-valid-697	true	upstream-sodium-known-answer	SignatureVerified	true	true	true
sodium-S-plus-L-697	false	upstream-sodium-non-COMPAT-S-plus-L	SignatureRejected	false	false	false
sodium-valid-698	true	upstream-sodium-known-answer	SignatureVerified	true	true	true
sodium-S-plus-L-698	false	upstream-sodium-non-COMPAT-S-plus-L	SignatureRejected	false	false	false
sodium-valid-699	true	upstream-sodium-known-answer	SignatureVerified	true	true	true
sodium-S-plus-L-699	false	upstream-sodium-non-COMPAT-S-plus-L	SignatureRejected	false	false	false
sodium-valid-700	true	upstream-sodium-known-answer	SignatureVerified	true	true	true
sodium-S-plus-L-700	false	upstream-sodium-non-COMPAT-S-plus-L	SignatureRejected	false	false	false
sodium-valid-701	true	upstream-sodium-known-answer	SignatureVerified	true	true	true
sodium-S-plus-L-701	false	upstream-sodium-non-COMPAT-S-plus-L	SignatureRejected	false	false	false
sodium-valid-702	true	upstream-sodium-known-answer	SignatureVerified	true	true	true
sodium-S-plus-L-702	false	upstream-sodium-non-COMPAT-S-plus-L	SignatureRejected	false	false	false
sodium-valid-703	true	upstream-sodium-known-answer	SignatureVerified	true	true	true
sodium-S-plus-L-703	false	upstream-sodium-non-COMPAT-S-plus-L	SignatureRejected	false	false	false
sodium-valid-704	true	upstream-sodium-known-answer	SignatureVerified	true	true	true
sodium-S-plus-L-704	false	upstream-sodium-non-COMPAT-S-plus-L	SignatureRejected	false	false	false
sodium-valid-705	true	upstream-sodium-known-answer	SignatureVerified	true	true	true
sodium-S-plus-L-705	false	upstream-sodium-non-COMPAT-S-plus-L	SignatureRejected	false	false	false
sodium-valid-706	true	upstream-sodium-known-answer	SignatureVerified	true	true	true
sodium-S-plus-L-706	false	upstream-sodium-non-COMPAT-S-plus-L	SignatureRejected	false	false	false
sodium-valid-707	true	upstream-sodium-known-answer	SignatureVerified	true	true	true
sodium-S-plus-L-707	false	upstream-sodium-non-COMPAT-S-plus-L	SignatureRejected	false	false	false
sodium-valid-708	true	upstream-sodium-known-answer	SignatureVerified	true	true	true
sodium-S-plus-L-708	false	upstream-sodium-non-COMPAT-S-plus-L	SignatureRejected	false	false	false
sodium-valid-709	true	upstream-sodium-known-answer	SignatureVerified	true	true	true
sodium-S-plus-L-709	false	upstream-sodium-non-COMPAT-S-plus-L	SignatureRejected	false	false	false
sodium-valid-710	true	upstream-sodium-known-answer	SignatureVerified	true	true	true
sodium-S-plus-L-710	false	upstream-sodium-non-COMPAT-S-plus-L	SignatureRejected	false	false	false
sodium-valid-711	true	upstream-sodium-known-answer	SignatureVerified	true	true	true
sodium-S-plus-L-711	false	upstream-sodium-non-COMPAT-S-plus-L	SignatureRejected	false	false	false
sodium-valid-712	true	upstream-sodium-known-answer	SignatureVerified	true	true	true
sodium-S-plus-L-712	false	upstream-sodium-non-COMPAT-S-plus-L	SignatureRejected	false	false	false
sodium-valid-713	true	upstream-sodium-known-answer	SignatureVerified	true	true	true
sodium-S-plus-L-713	false	upstream-sodium-non-COMPAT-S-plus-L	SignatureRejected	false	false	false
sodium-valid-714	true	upstream-sodium-known-answer	SignatureVerified	true	true	true
sodium-S-plus-L-714	false	upstream-sodium-non-COMPAT-S-plus-L	SignatureRejected	false	false	false
sodium-valid-715	true	upstream-sodium-known-answer	SignatureVerified	true	true	true
sodium-S-plus-L-715	false	upstream-sodium-non-COMPAT-S-plus-L	SignatureRejected	false	false	false
sodium-valid-716	true	upstream-sodium-known-answer	SignatureVerified	true	true	true
sodium-S-plus-L-716	false	upstream-sodium-non-COMPAT-S-plus-L	SignatureRejected	false	false	false
sodium-valid-717	true	upstream-sodium-known-answer	SignatureVerified	true	true	true
sodium-S-plus-L-717	false	upstream-sodium-non-COMPAT-S-plus-L	SignatureRejected	false	false	false
sodium-valid-718	true	upstream-sodium-known-answer	SignatureVerified	true	true	true
sodium-S-plus-L-718	false	upstream-sodium-non-COMPAT-S-plus-L	SignatureRejected	false	false	false
sodium-valid-719	true	upstream-sodium-known-answer	SignatureVerified	true	true	true
sodium-S-plus-L-719	false	upstream-sodium-non-COMPAT-S-plus-L	SignatureRejected	false	false	false
sodium-valid-720	true	upstream-sodium-known-answer	SignatureVerified	true	true	true
sodium-S-plus-L-720	false	upstream-sodium-non-COMPAT-S-plus-L	SignatureRejected	false	false	false
sodium-valid-721	true	upstream-sodium-known-answer	SignatureVerified	true	true	true
sodium-S-plus-L-721	false	upstream-sodium-non-COMPAT-S-plus-L	SignatureRejected	false	false	false
sodium-valid-722	true	upstream-sodium-known-answer	SignatureVerified	true	true	true
sodium-S-plus-L-722	false	upstream-sodium-non-COMPAT-S-plus-L	SignatureRejected	false	false	false
sodium-valid-723	true	upstream-sodium-known-answer	SignatureVerified	true	true	true
sodium-S-plus-L-723	false	upstream-sodium-non-COMPAT-S-plus-L	SignatureRejected	false	false	false
sodium-valid-724	true	upstream-sodium-known-answer	SignatureVerified	true	true	true
sodium-S-plus-L-724	false	upstream-sodium-non-COMPAT-S-plus-L	SignatureRejected	false	false	false
sodium-valid-725	true	upstream-sodium-known-answer	SignatureVerified	true	true	true
sodium-S-plus-L-725	false	upstream-sodium-non-COMPAT-S-plus-L	SignatureRejected	false	false	false
sodium-valid-726	true	upstream-sodium-known-answer	SignatureVerified	true	true	true
sodium-S-plus-L-726	false	upstream-sodium-non-COMPAT-S-plus-L	SignatureRejected	false	false	false
sodium-valid-727	true	upstream-sodium-known-answer	SignatureVerified	true	true	true
sodium-S-plus-L-727	false	upstream-sodium-non-COMPAT-S-plus-L	SignatureRejected	false	false	false
sodium-valid-728	true	upstream-sodium-known-answer	SignatureVerified	true	true	true
sodium-S-plus-L-728	false	upstream-sodium-non-COMPAT-S-plus-L	SignatureRejected	false	false	false
sodium-valid-729	true	upstream-sodium-known-answer	SignatureVerified	true	true	true
sodium-S-plus-L-729	false	upstream-sodium-non-COMPAT-S-plus-L	SignatureRejected	false	false	false
sodium-valid-730	true	upstream-sodium-known-answer	SignatureVerified	true	true	true
sodium-S-plus-L-730	false	upstream-sodium-non-COMPAT-S-plus-L	SignatureRejected	false	false	false
sodium-valid-731	true	upstream-sodium-known-answer	SignatureVerified	true	true	true
sodium-S-plus-L-731	false	upstream-sodium-non-COMPAT-S-plus-L	SignatureRejected	false	false	false
sodium-valid-732	true	upstream-sodium-known-answer	SignatureVerified	true	true	true
sodium-S-plus-L-732	false	upstream-sodium-non-COMPAT-S-plus-L	SignatureRejected	false	false	false
sodium-valid-733	true	upstream-sodium-known-answer	SignatureVerified	true	true	true
sodium-S-plus-L-733	false	upstream-sodium-non-COMPAT-S-plus-L	SignatureRejected	false	false	false
sodium-valid-734	true	upstream-sodium-known-answer	SignatureVerified	true	true	true
sodium-S-plus-L-734	false	upstream-sodium-non-COMPAT-S-plus-L	SignatureRejected	false	false	false
sodium-valid-735	true	upstream-sodium-known-answer	SignatureVerified	true	true	true
sodium-S-plus-L-735	false	upstream-sodium-non-COMPAT-S-plus-L	SignatureRejected	false	false	false
sodium-valid-736	true	upstream-sodium-known-answer	SignatureVerified	true	true	true
sodium-S-plus-L-736	false	upstream-sodium-non-COMPAT-S-plus-L	SignatureRejected	false	false	false
sodium-valid-737	true	upstream-sodium-known-answer	SignatureVerified	true	true	true
sodium-S-plus-L-737	false	upstream-sodium-non-COMPAT-S-plus-L	SignatureRejected	false	false	false
sodium-valid-738	true	upstream-sodium-known-answer	SignatureVerified	true	true	true
sodium-S-plus-L-738	false	upstream-sodium-non-COMPAT-S-plus-L	SignatureRejected	false	false	false
sodium-valid-739	true	upstream-sodium-known-answer	SignatureVerified	true	true	true
sodium-S-plus-L-739	false	upstream-sodium-non-COMPAT-S-plus-L	SignatureRejected	false	false	false
sodium-valid-740	true	upstream-sodium-known-answer	SignatureVerified	true	true	true
sodium-S-plus-L-740	false	upstream-sodium-non-COMPAT-S-plus-L	SignatureRejected	false	false	false
sodium-valid-741	true	upstream-sodium-known-answer	SignatureVerified	true	true	true
sodium-S-plus-L-741	false	upstream-sodium-non-COMPAT-S-plus-L	SignatureRejected	false	false	false
sodium-valid-742	true	upstream-sodium-known-answer	SignatureVerified	true	true	true
sodium-S-plus-L-742	false	upstream-sodium-non-COMPAT-S-plus-L	SignatureRejected	false	false	false
sodium-valid-743	true	upstream-sodium-known-answer	SignatureVerified	true	true	true
sodium-S-plus-L-743	false	upstream-sodium-non-COMPAT-S-plus-L	SignatureRejected	false	false	false
sodium-valid-744	true	upstream-sodium-known-answer	SignatureVerified	true	true	true
sodium-S-plus-L-744	false	upstream-sodium-non-COMPAT-S-plus-L	SignatureRejected	false	false	false
sodium-valid-745	true	upstream-sodium-known-answer	SignatureVerified	true	true	true
sodium-S-plus-L-745	false	upstream-sodium-non-COMPAT-S-plus-L	SignatureRejected	false	false	false
sodium-valid-746	true	upstream-sodium-known-answer	SignatureVerified	true	true	true
sodium-S-plus-L-746	false	upstream-sodium-non-COMPAT-S-plus-L	SignatureRejected	false	false	false
sodium-valid-747	true	upstream-sodium-known-answer	SignatureVerified	true	true	true
sodium-S-plus-L-747	false	upstream-sodium-non-COMPAT-S-plus-L	SignatureRejected	false	false	false
sodium-valid-748	true	upstream-sodium-known-answer	SignatureVerified	true	true	true
sodium-S-plus-L-748	false	upstream-sodium-non-COMPAT-S-plus-L	SignatureRejected	false	false	false
sodium-valid-749	true	upstream-sodium-known-answer	SignatureVerified	true	true	true
sodium-S-plus-L-749	false	upstream-sodium-non-COMPAT-S-plus-L	SignatureRejected	false	false	false
sodium-valid-750	true	upstream-sodium-known-answer	SignatureVerified	true	true	true
sodium-S-plus-L-750	false	upstream-sodium-non-COMPAT-S-plus-L	SignatureRejected	false	false	false
sodium-valid-751	true	upstream-sodium-known-answer	SignatureVerified	true	true	true
sodium-S-plus-L-751	false	upstream-sodium-non-COMPAT-S-plus-L	SignatureRejected	false	false	false
sodium-valid-752	true	upstream-sodium-known-answer	SignatureVerified	true	true	true
sodium-S-plus-L-752	false	upstream-sodium-non-COMPAT-S-plus-L	SignatureRejected	false	false	false
sodium-valid-753	true	upstream-sodium-known-answer	SignatureVerified	true	true	true
sodium-S-plus-L-753	false	upstream-sodium-non-COMPAT-S-plus-L	SignatureRejected	false	false	false
sodium-valid-754	true	upstream-sodium-known-answer	SignatureVerified	true	true	true
sodium-S-plus-L-754	false	upstream-sodium-non-COMPAT-S-plus-L	SignatureRejected	false	false	false
sodium-valid-755	true	upstream-sodium-known-answer	SignatureVerified	true	true	true
sodium-S-plus-L-755	false	upstream-sodium-non-COMPAT-S-plus-L	SignatureRejected	false	false	false
sodium-valid-756	true	upstream-sodium-known-answer	SignatureVerified	true	true	true
sodium-S-plus-L-756	false	upstream-sodium-non-COMPAT-S-plus-L	SignatureRejected	false	false	false
sodium-valid-757	true	upstream-sodium-known-answer	SignatureVerified	true	true	true
sodium-S-plus-L-757	false	upstream-sodium-non-COMPAT-S-plus-L	SignatureRejected	false	false	false
sodium-valid-758	true	upstream-sodium-known-answer	SignatureVerified	true	true	true
sodium-S-plus-L-758	false	upstream-sodium-non-COMPAT-S-plus-L	SignatureRejected	false	false	false
sodium-valid-759	true	upstream-sodium-known-answer	SignatureVerified	true	true	true
sodium-S-plus-L-759	false	upstream-sodium-non-COMPAT-S-plus-L	SignatureRejected	false	false	false
sodium-valid-760	true	upstream-sodium-known-answer	SignatureVerified	true	true	true
sodium-S-plus-L-760	false	upstream-sodium-non-COMPAT-S-plus-L	SignatureRejected	false	false	false
sodium-valid-761	true	upstream-sodium-known-answer	SignatureVerified	true	true	true
sodium-S-plus-L-761	false	upstream-sodium-non-COMPAT-S-plus-L	SignatureRejected	false	false	false
sodium-valid-762	true	upstream-sodium-known-answer	SignatureVerified	true	true	true
sodium-S-plus-L-762	false	upstream-sodium-non-COMPAT-S-plus-L	SignatureRejected	false	false	false
sodium-valid-763	true	upstream-sodium-known-answer	SignatureVerified	true	true	true
sodium-S-plus-L-763	false	upstream-sodium-non-COMPAT-S-plus-L	SignatureRejected	false	false	false
sodium-valid-764	true	upstream-sodium-known-answer	SignatureVerified	true	true	true
sodium-S-plus-L-764	false	upstream-sodium-non-COMPAT-S-plus-L	SignatureRejected	false	false	false
sodium-valid-765	true	upstream-sodium-known-answer	SignatureVerified	true	true	true
sodium-S-plus-L-765	false	upstream-sodium-non-COMPAT-S-plus-L	SignatureRejected	false	false	false
sodium-valid-766	true	upstream-sodium-known-answer	SignatureVerified	true	true	true
sodium-S-plus-L-766	false	upstream-sodium-non-COMPAT-S-plus-L	SignatureRejected	false	false	false
sodium-valid-767	true	upstream-sodium-known-answer	SignatureVerified	true	true	true
sodium-S-plus-L-767	false	upstream-sodium-non-COMPAT-S-plus-L	SignatureRejected	false	false	false
sodium-valid-768	true	upstream-sodium-known-answer	SignatureVerified	true	true	true
sodium-S-plus-L-768	false	upstream-sodium-non-COMPAT-S-plus-L	SignatureRejected	false	false	false
sodium-valid-769	true	upstream-sodium-known-answer	SignatureVerified	true	true	true
sodium-S-plus-L-769	false	upstream-sodium-non-COMPAT-S-plus-L	SignatureRejected	false	false	false
sodium-valid-770	true	upstream-sodium-known-answer	SignatureVerified	true	true	true
sodium-S-plus-L-770	false	upstream-sodium-non-COMPAT-S-plus-L	SignatureRejected	false	false	false
sodium-valid-771	true	upstream-sodium-known-answer	SignatureVerified	true	true	true
sodium-S-plus-L-771	false	upstream-sodium-non-COMPAT-S-plus-L	SignatureRejected	false	false	false
sodium-valid-772	true	upstream-sodium-known-answer	SignatureVerified	true	true	true
sodium-S-plus-L-772	false	upstream-sodium-non-COMPAT-S-plus-L	SignatureRejected	false	false	false
sodium-valid-773	true	upstream-sodium-known-answer	SignatureVerified	true	true	true
sodium-S-plus-L-773	false	upstream-sodium-non-COMPAT-S-plus-L	SignatureRejected	false	false	false
sodium-valid-774	true	upstream-sodium-known-answer	SignatureVerified	true	true	true
sodium-S-plus-L-774	false	upstream-sodium-non-COMPAT-S-plus-L	SignatureRejected	false	false	false
sodium-valid-775	true	upstream-sodium-known-answer	SignatureVerified	true	true	true
sodium-S-plus-L-775	false	upstream-sodium-non-COMPAT-S-plus-L	SignatureRejected	false	false	false
sodium-valid-776	true	upstream-sodium-known-answer	SignatureVerified	true	true	true
sodium-S-plus-L-776	false	upstream-sodium-non-COMPAT-S-plus-L	SignatureRejected	false	false	false
sodium-valid-777	true	upstream-sodium-known-answer	SignatureVerified	true	true	true
sodium-S-plus-L-777	false	upstream-sodium-non-COMPAT-S-plus-L	SignatureRejected	false	false	false
sodium-valid-778	true	upstream-sodium-known-answer	SignatureVerified	true	true	true
sodium-S-plus-L-778	false	upstream-sodium-non-COMPAT-S-plus-L	SignatureRejected	false	false	false
sodium-valid-779	true	upstream-sodium-known-answer	SignatureVerified	true	true	true
sodium-S-plus-L-779	false	upstream-sodium-non-COMPAT-S-plus-L	SignatureRejected	false	false	false
sodium-valid-780	true	upstream-sodium-known-answer	SignatureVerified	true	true	true
sodium-S-plus-L-780	false	upstream-sodium-non-COMPAT-S-plus-L	SignatureRejected	false	false	false
sodium-valid-781	true	upstream-sodium-known-answer	SignatureVerified	true	true	true
sodium-S-plus-L-781	false	upstream-sodium-non-COMPAT-S-plus-L	SignatureRejected	false	false	false
sodium-valid-782	true	upstream-sodium-known-answer	SignatureVerified	true	true	true
sodium-S-plus-L-782	false	upstream-sodium-non-COMPAT-S-plus-L	SignatureRejected	false	false	false
sodium-valid-783	true	upstream-sodium-known-answer	SignatureVerified	true	true	true
sodium-S-plus-L-783	false	upstream-sodium-non-COMPAT-S-plus-L	SignatureRejected	false	false	false
sodium-valid-784	true	upstream-sodium-known-answer	SignatureVerified	true	true	true
sodium-S-plus-L-784	false	upstream-sodium-non-COMPAT-S-plus-L	SignatureRejected	false	false	false
sodium-valid-785	true	upstream-sodium-known-answer	SignatureVerified	true	true	true
sodium-S-plus-L-785	false	upstream-sodium-non-COMPAT-S-plus-L	SignatureRejected	false	false	false
sodium-valid-786	true	upstream-sodium-known-answer	SignatureVerified	true	true	true
sodium-S-plus-L-786	false	upstream-sodium-non-COMPAT-S-plus-L	SignatureRejected	false	false	false
sodium-valid-787	true	upstream-sodium-known-answer	SignatureVerified	true	true	true
sodium-S-plus-L-787	false	upstream-sodium-non-COMPAT-S-plus-L	SignatureRejected	false	false	false
sodium-valid-788	true	upstream-sodium-known-answer	SignatureVerified	true	true	true
sodium-S-plus-L-788	false	upstream-sodium-non-COMPAT-S-plus-L	SignatureRejected	false	false	false
sodium-valid-789	true	upstream-sodium-known-answer	SignatureVerified	true	true	true
sodium-S-plus-L-789	false	upstream-sodium-non-COMPAT-S-plus-L	SignatureRejected	false	false	false
sodium-valid-790	true	upstream-sodium-known-answer	SignatureVerified	true	true	true
sodium-S-plus-L-790	false	upstream-sodium-non-COMPAT-S-plus-L	SignatureRejected	false	false	false
sodium-valid-791	true	upstream-sodium-known-answer	SignatureVerified	true	true	true
sodium-S-plus-L-791	false	upstream-sodium-non-COMPAT-S-plus-L	SignatureRejected	false	false	false
sodium-valid-792	true	upstream-sodium-known-answer	SignatureVerified	true	true	true
sodium-S-plus-L-792	false	upstream-sodium-non-COMPAT-S-plus-L	SignatureRejected	false	false	false
sodium-valid-793	true	upstream-sodium-known-answer	SignatureVerified	true	true	true
sodium-S-plus-L-793	false	upstream-sodium-non-COMPAT-S-plus-L	SignatureRejected	false	false	false
sodium-valid-794	true	upstream-sodium-known-answer	SignatureVerified	true	true	true
sodium-S-plus-L-794	false	upstream-sodium-non-COMPAT-S-plus-L	SignatureRejected	false	false	false
sodium-valid-795	true	upstream-sodium-known-answer	SignatureVerified	true	true	true
sodium-S-plus-L-795	false	upstream-sodium-non-COMPAT-S-plus-L	SignatureRejected	false	false	false
sodium-valid-796	true	upstream-sodium-known-answer	SignatureVerified	true	true	true
sodium-S-plus-L-796	false	upstream-sodium-non-COMPAT-S-plus-L	SignatureRejected	false	false	false
sodium-valid-797	true	upstream-sodium-known-answer	SignatureVerified	true	true	true
sodium-S-plus-L-797	false	upstream-sodium-non-COMPAT-S-plus-L	SignatureRejected	false	false	false
sodium-valid-798	true	upstream-sodium-known-answer	SignatureVerified	true	true	true
sodium-S-plus-L-798	false	upstream-sodium-non-COMPAT-S-plus-L	SignatureRejected	false	false	false
sodium-valid-799	true	upstream-sodium-known-answer	SignatureVerified	true	true	true
sodium-S-plus-L-799	false	upstream-sodium-non-COMPAT-S-plus-L	SignatureRejected	false	false	false
sodium-valid-800	true	upstream-sodium-known-answer	SignatureVerified	true	true	true
sodium-S-plus-L-800	false	upstream-sodium-non-COMPAT-S-plus-L	SignatureRejected	false	false	false
sodium-valid-801	true	upstream-sodium-known-answer	SignatureVerified	true	true	true
sodium-S-plus-L-801	false	upstream-sodium-non-COMPAT-S-plus-L	SignatureRejected	false	false	false
sodium-valid-802	true	upstream-sodium-known-answer	SignatureVerified	true	true	true
sodium-S-plus-L-802	false	upstream-sodium-non-COMPAT-S-plus-L	SignatureRejected	false	false	false
sodium-valid-803	true	upstream-sodium-known-answer	SignatureVerified	true	true	true
sodium-S-plus-L-803	false	upstream-sodium-non-COMPAT-S-plus-L	SignatureRejected	false	false	false
sodium-valid-804	true	upstream-sodium-known-answer	SignatureVerified	true	true	true
sodium-S-plus-L-804	false	upstream-sodium-non-COMPAT-S-plus-L	SignatureRejected	false	false	false
sodium-valid-805	true	upstream-sodium-known-answer	SignatureVerified	true	true	true
sodium-S-plus-L-805	false	upstream-sodium-non-COMPAT-S-plus-L	SignatureRejected	false	false	false
sodium-valid-806	true	upstream-sodium-known-answer	SignatureVerified	true	true	true
sodium-S-plus-L-806	false	upstream-sodium-non-COMPAT-S-plus-L	SignatureRejected	false	false	false
sodium-valid-807	true	upstream-sodium-known-answer	SignatureVerified	true	true	true
sodium-S-plus-L-807	false	upstream-sodium-non-COMPAT-S-plus-L	SignatureRejected	false	false	false
sodium-valid-808	true	upstream-sodium-known-answer	SignatureVerified	true	true	true
sodium-S-plus-L-808	false	upstream-sodium-non-COMPAT-S-plus-L	SignatureRejected	false	false	false
sodium-valid-809	true	upstream-sodium-known-answer	SignatureVerified	true	true	true
sodium-S-plus-L-809	false	upstream-sodium-non-COMPAT-S-plus-L	SignatureRejected	false	false	false
sodium-valid-810	true	upstream-sodium-known-answer	SignatureVerified	true	true	true
sodium-S-plus-L-810	false	upstream-sodium-non-COMPAT-S-plus-L	SignatureRejected	false	false	false
sodium-valid-811	true	upstream-sodium-known-answer	SignatureVerified	true	true	true
sodium-S-plus-L-811	false	upstream-sodium-non-COMPAT-S-plus-L	SignatureRejected	false	false	false
sodium-valid-812	true	upstream-sodium-known-answer	SignatureVerified	true	true	true
sodium-S-plus-L-812	false	upstream-sodium-non-COMPAT-S-plus-L	SignatureRejected	false	false	false
sodium-valid-813	true	upstream-sodium-known-answer	SignatureVerified	true	true	true
sodium-S-plus-L-813	false	upstream-sodium-non-COMPAT-S-plus-L	SignatureRejected	false	false	false
sodium-valid-814	true	upstream-sodium-known-answer	SignatureVerified	true	true	true
sodium-S-plus-L-814	false	upstream-sodium-non-COMPAT-S-plus-L	SignatureRejected	false	false	false
sodium-valid-815	true	upstream-sodium-known-answer	SignatureVerified	true	true	true
sodium-S-plus-L-815	false	upstream-sodium-non-COMPAT-S-plus-L	SignatureRejected	false	false	false
sodium-valid-816	true	upstream-sodium-known-answer	SignatureVerified	true	true	true
sodium-S-plus-L-816	false	upstream-sodium-non-COMPAT-S-plus-L	SignatureRejected	false	false	false
sodium-valid-817	true	upstream-sodium-known-answer	SignatureVerified	true	true	true
sodium-S-plus-L-817	false	upstream-sodium-non-COMPAT-S-plus-L	SignatureRejected	false	false	false
sodium-valid-818	true	upstream-sodium-known-answer	SignatureVerified	true	true	true
sodium-S-plus-L-818	false	upstream-sodium-non-COMPAT-S-plus-L	SignatureRejected	false	false	false
sodium-valid-819	true	upstream-sodium-known-answer	SignatureVerified	true	true	true
sodium-S-plus-L-819	false	upstream-sodium-non-COMPAT-S-plus-L	SignatureRejected	false	false	false
sodium-valid-820	true	upstream-sodium-known-answer	SignatureVerified	true	true	true
sodium-S-plus-L-820	false	upstream-sodium-non-COMPAT-S-plus-L	SignatureRejected	false	false	false
sodium-valid-821	true	upstream-sodium-known-answer	SignatureVerified	true	true	true
sodium-S-plus-L-821	false	upstream-sodium-non-COMPAT-S-plus-L	SignatureRejected	false	false	false
sodium-valid-822	true	upstream-sodium-known-answer	SignatureVerified	true	true	true
sodium-S-plus-L-822	false	upstream-sodium-non-COMPAT-S-plus-L	SignatureRejected	false	false	false
sodium-valid-823	true	upstream-sodium-known-answer	SignatureVerified	true	true	true
sodium-S-plus-L-823	false	upstream-sodium-non-COMPAT-S-plus-L	SignatureRejected	false	false	false
sodium-valid-824	true	upstream-sodium-known-answer	SignatureVerified	true	true	true
sodium-S-plus-L-824	false	upstream-sodium-non-COMPAT-S-plus-L	SignatureRejected	false	false	false
sodium-valid-825	true	upstream-sodium-known-answer	SignatureVerified	true	true	true
sodium-S-plus-L-825	false	upstream-sodium-non-COMPAT-S-plus-L	SignatureRejected	false	false	false
sodium-valid-826	true	upstream-sodium-known-answer	SignatureVerified	true	true	true
sodium-S-plus-L-826	false	upstream-sodium-non-COMPAT-S-plus-L	SignatureRejected	false	false	false
sodium-valid-827	true	upstream-sodium-known-answer	SignatureVerified	true	true	true
sodium-S-plus-L-827	false	upstream-sodium-non-COMPAT-S-plus-L	SignatureRejected	false	false	false
sodium-valid-828	true	upstream-sodium-known-answer	SignatureVerified	true	true	true
sodium-S-plus-L-828	false	upstream-sodium-non-COMPAT-S-plus-L	SignatureRejected	false	false	false
sodium-valid-829	true	upstream-sodium-known-answer	SignatureVerified	true	true	true
sodium-S-plus-L-829	false	upstream-sodium-non-COMPAT-S-plus-L	SignatureRejected	false	false	false
sodium-valid-830	true	upstream-sodium-known-answer	SignatureVerified	true	true	true
sodium-S-plus-L-830	false	upstream-sodium-non-COMPAT-S-plus-L	SignatureRejected	false	false	false
sodium-valid-831	true	upstream-sodium-known-answer	SignatureVerified	true	true	true
sodium-S-plus-L-831	false	upstream-sodium-non-COMPAT-S-plus-L	SignatureRejected	false	false	false
sodium-valid-832	true	upstream-sodium-known-answer	SignatureVerified	true	true	true
sodium-S-plus-L-832	false	upstream-sodium-non-COMPAT-S-plus-L	SignatureRejected	false	false	false
sodium-valid-833	true	upstream-sodium-known-answer	SignatureVerified	true	true	true
sodium-S-plus-L-833	false	upstream-sodium-non-COMPAT-S-plus-L	SignatureRejected	false	false	false
sodium-valid-834	true	upstream-sodium-known-answer	SignatureVerified	true	true	true
sodium-S-plus-L-834	false	upstream-sodium-non-COMPAT-S-plus-L	SignatureRejected	false	false	false
sodium-valid-835	true	upstream-sodium-known-answer	SignatureVerified	true	true	true
sodium-S-plus-L-835	false	upstream-sodium-non-COMPAT-S-plus-L	SignatureRejected	false	false	false
sodium-valid-836	true	upstream-sodium-known-answer	SignatureVerified	true	true	true
sodium-S-plus-L-836	false	upstream-sodium-non-COMPAT-S-plus-L	SignatureRejected	false	false	false
sodium-valid-837	true	upstream-sodium-known-answer	SignatureVerified	true	true	true
sodium-S-plus-L-837	false	upstream-sodium-non-COMPAT-S-plus-L	SignatureRejected	false	false	false
sodium-valid-838	true	upstream-sodium-known-answer	SignatureVerified	true	true	true
sodium-S-plus-L-838	false	upstream-sodium-non-COMPAT-S-plus-L	SignatureRejected	false	false	false
sodium-valid-839	true	upstream-sodium-known-answer	SignatureVerified	true	true	true
sodium-S-plus-L-839	false	upstream-sodium-non-COMPAT-S-plus-L	SignatureRejected	false	false	false
sodium-valid-840	true	upstream-sodium-known-answer	SignatureVerified	true	true	true
sodium-S-plus-L-840	false	upstream-sodium-non-COMPAT-S-plus-L	SignatureRejected	false	false	false
sodium-valid-841	true	upstream-sodium-known-answer	SignatureVerified	true	true	true
sodium-S-plus-L-841	false	upstream-sodium-non-COMPAT-S-plus-L	SignatureRejected	false	false	false
sodium-valid-842	true	upstream-sodium-known-answer	SignatureVerified	true	true	true
sodium-S-plus-L-842	false	upstream-sodium-non-COMPAT-S-plus-L	SignatureRejected	false	false	false
sodium-valid-843	true	upstream-sodium-known-answer	SignatureVerified	true	true	true
sodium-S-plus-L-843	false	upstream-sodium-non-COMPAT-S-plus-L	SignatureRejected	false	false	false
sodium-valid-844	true	upstream-sodium-known-answer	SignatureVerified	true	true	true
sodium-S-plus-L-844	false	upstream-sodium-non-COMPAT-S-plus-L	SignatureRejected	false	false	false
sodium-valid-845	true	upstream-sodium-known-answer	SignatureVerified	true	true	true
sodium-S-plus-L-845	false	upstream-sodium-non-COMPAT-S-plus-L	SignatureRejected	false	false	false
sodium-valid-846	true	upstream-sodium-known-answer	SignatureVerified	true	true	true
sodium-S-plus-L-846	false	upstream-sodium-non-COMPAT-S-plus-L	SignatureRejected	false	false	false
sodium-valid-847	true	upstream-sodium-known-answer	SignatureVerified	true	true	true
sodium-S-plus-L-847	false	upstream-sodium-non-COMPAT-S-plus-L	SignatureRejected	false	false	false
sodium-valid-848	true	upstream-sodium-known-answer	SignatureVerified	true	true	true
sodium-S-plus-L-848	false	upstream-sodium-non-COMPAT-S-plus-L	SignatureRejected	false	false	false
sodium-valid-849	true	upstream-sodium-known-answer	SignatureVerified	true	true	true
sodium-S-plus-L-849	false	upstream-sodium-non-COMPAT-S-plus-L	SignatureRejected	false	false	false
sodium-valid-850	true	upstream-sodium-known-answer	SignatureVerified	true	true	true
sodium-S-plus-L-850	false	upstream-sodium-non-COMPAT-S-plus-L	SignatureRejected	false	false	false
sodium-valid-851	true	upstream-sodium-known-answer	SignatureVerified	true	true	true
sodium-S-plus-L-851	false	upstream-sodium-non-COMPAT-S-plus-L	SignatureRejected	false	false	false
sodium-valid-852	true	upstream-sodium-known-answer	SignatureVerified	true	true	true
sodium-S-plus-L-852	false	upstream-sodium-non-COMPAT-S-plus-L	SignatureRejected	false	false	false
sodium-valid-853	true	upstream-sodium-known-answer	SignatureVerified	true	true	true
sodium-S-plus-L-853	false	upstream-sodium-non-COMPAT-S-plus-L	SignatureRejected	false	false	false
sodium-valid-854	true	upstream-sodium-known-answer	SignatureVerified	true	true	true
sodium-S-plus-L-854	false	upstream-sodium-non-COMPAT-S-plus-L	SignatureRejected	false	false	false
sodium-valid-855	true	upstream-sodium-known-answer	SignatureVerified	true	true	true
sodium-S-plus-L-855	false	upstream-sodium-non-COMPAT-S-plus-L	SignatureRejected	false	false	false
sodium-valid-856	true	upstream-sodium-known-answer	SignatureVerified	true	true	true
sodium-S-plus-L-856	false	upstream-sodium-non-COMPAT-S-plus-L	SignatureRejected	false	false	false
sodium-valid-857	true	upstream-sodium-known-answer	SignatureVerified	true	true	true
sodium-S-plus-L-857	false	upstream-sodium-non-COMPAT-S-plus-L	SignatureRejected	false	false	false
sodium-valid-858	true	upstream-sodium-known-answer	SignatureVerified	true	true	true
sodium-S-plus-L-858	false	upstream-sodium-non-COMPAT-S-plus-L	SignatureRejected	false	false	false
sodium-valid-859	true	upstream-sodium-known-answer	SignatureVerified	true	true	true
sodium-S-plus-L-859	false	upstream-sodium-non-COMPAT-S-plus-L	SignatureRejected	false	false	false
sodium-valid-860	true	upstream-sodium-known-answer	SignatureVerified	true	true	true
sodium-S-plus-L-860	false	upstream-sodium-non-COMPAT-S-plus-L	SignatureRejected	false	false	false
sodium-valid-861	true	upstream-sodium-known-answer	SignatureVerified	true	true	true
sodium-S-plus-L-861	false	upstream-sodium-non-COMPAT-S-plus-L	SignatureRejected	false	false	false
sodium-valid-862	true	upstream-sodium-known-answer	SignatureVerified	true	true	true
sodium-S-plus-L-862	false	upstream-sodium-non-COMPAT-S-plus-L	SignatureRejected	false	false	false
sodium-valid-863	true	upstream-sodium-known-answer	SignatureVerified	true	true	true
sodium-S-plus-L-863	false	upstream-sodium-non-COMPAT-S-plus-L	SignatureRejected	false	false	false
sodium-valid-864	true	upstream-sodium-known-answer	SignatureVerified	true	true	true
sodium-S-plus-L-864	false	upstream-sodium-non-COMPAT-S-plus-L	SignatureRejected	false	false	false
sodium-valid-865	true	upstream-sodium-known-answer	SignatureVerified	true	true	true
sodium-S-plus-L-865	false	upstream-sodium-non-COMPAT-S-plus-L	SignatureRejected	false	false	false
sodium-valid-866	true	upstream-sodium-known-answer	SignatureVerified	true	true	true
sodium-S-plus-L-866	false	upstream-sodium-non-COMPAT-S-plus-L	SignatureRejected	false	false	false
sodium-valid-867	true	upstream-sodium-known-answer	SignatureVerified	true	true	true
sodium-S-plus-L-867	false	upstream-sodium-non-COMPAT-S-plus-L	SignatureRejected	false	false	false
sodium-valid-868	true	upstream-sodium-known-answer	SignatureVerified	true	true	true
sodium-S-plus-L-868	false	upstream-sodium-non-COMPAT-S-plus-L	SignatureRejected	false	false	false
sodium-valid-869	true	upstream-sodium-known-answer	SignatureVerified	true	true	true
sodium-S-plus-L-869	false	upstream-sodium-non-COMPAT-S-plus-L	SignatureRejected	false	false	false
sodium-valid-870	true	upstream-sodium-known-answer	SignatureVerified	true	true	true
sodium-S-plus-L-870	false	upstream-sodium-non-COMPAT-S-plus-L	SignatureRejected	false	false	false
sodium-valid-871	true	upstream-sodium-known-answer	SignatureVerified	true	true	true
sodium-S-plus-L-871	false	upstream-sodium-non-COMPAT-S-plus-L	SignatureRejected	false	false	false
sodium-valid-872	true	upstream-sodium-known-answer	SignatureVerified	true	true	true
sodium-S-plus-L-872	false	upstream-sodium-non-COMPAT-S-plus-L	SignatureRejected	false	false	false
sodium-valid-873	true	upstream-sodium-known-answer	SignatureVerified	true	true	true
sodium-S-plus-L-873	false	upstream-sodium-non-COMPAT-S-plus-L	SignatureRejected	false	false	false
sodium-valid-874	true	upstream-sodium-known-answer	SignatureVerified	true	true	true
sodium-S-plus-L-874	false	upstream-sodium-non-COMPAT-S-plus-L	SignatureRejected	false	false	false
sodium-valid-875	true	upstream-sodium-known-answer	SignatureVerified	true	true	true
sodium-S-plus-L-875	false	upstream-sodium-non-COMPAT-S-plus-L	SignatureRejected	false	false	false
sodium-valid-876	true	upstream-sodium-known-answer	SignatureVerified	true	true	true
sodium-S-plus-L-876	false	upstream-sodium-non-COMPAT-S-plus-L	SignatureRejected	false	false	false
sodium-valid-877	true	upstream-sodium-known-answer	SignatureVerified	true	true	true
sodium-S-plus-L-877	false	upstream-sodium-non-COMPAT-S-plus-L	SignatureRejected	false	false	false
sodium-valid-878	true	upstream-sodium-known-answer	SignatureVerified	true	true	true
sodium-S-plus-L-878	false	upstream-sodium-non-COMPAT-S-plus-L	SignatureRejected	false	false	false
sodium-valid-879	true	upstream-sodium-known-answer	SignatureVerified	true	true	true
sodium-S-plus-L-879	false	upstream-sodium-non-COMPAT-S-plus-L	SignatureRejected	false	false	false
sodium-valid-880	true	upstream-sodium-known-answer	SignatureVerified	true	true	true
sodium-S-plus-L-880	false	upstream-sodium-non-COMPAT-S-plus-L	SignatureRejected	false	false	false
sodium-valid-881	true	upstream-sodium-known-answer	SignatureVerified	true	true	true
sodium-S-plus-L-881	false	upstream-sodium-non-COMPAT-S-plus-L	SignatureRejected	false	false	false
sodium-valid-882	true	upstream-sodium-known-answer	SignatureVerified	true	true	true
sodium-S-plus-L-882	false	upstream-sodium-non-COMPAT-S-plus-L	SignatureRejected	false	false	false
sodium-valid-883	true	upstream-sodium-known-answer	SignatureVerified	true	true	true
sodium-S-plus-L-883	false	upstream-sodium-non-COMPAT-S-plus-L	SignatureRejected	false	false	false
sodium-valid-884	true	upstream-sodium-known-answer	SignatureVerified	true	true	true
sodium-S-plus-L-884	false	upstream-sodium-non-COMPAT-S-plus-L	SignatureRejected	false	false	false
sodium-valid-885	true	upstream-sodium-known-answer	SignatureVerified	true	true	true
sodium-S-plus-L-885	false	upstream-sodium-non-COMPAT-S-plus-L	SignatureRejected	false	false	false
sodium-valid-886	true	upstream-sodium-known-answer	SignatureVerified	true	true	true
sodium-S-plus-L-886	false	upstream-sodium-non-COMPAT-S-plus-L	SignatureRejected	false	false	false
sodium-valid-887	true	upstream-sodium-known-answer	SignatureVerified	true	true	true
sodium-S-plus-L-887	false	upstream-sodium-non-COMPAT-S-plus-L	SignatureRejected	false	false	false
sodium-valid-888	true	upstream-sodium-known-answer	SignatureVerified	true	true	true
sodium-S-plus-L-888	false	upstream-sodium-non-COMPAT-S-plus-L	SignatureRejected	false	false	false
sodium-valid-889	true	upstream-sodium-known-answer	SignatureVerified	true	true	true
sodium-S-plus-L-889	false	upstream-sodium-non-COMPAT-S-plus-L	SignatureRejected	false	false	false
sodium-valid-890	true	upstream-sodium-known-answer	SignatureVerified	true	true	true
sodium-S-plus-L-890	false	upstream-sodium-non-COMPAT-S-plus-L	SignatureRejected	false	false	false
sodium-valid-891	true	upstream-sodium-known-answer	SignatureVerified	true	true	true
sodium-S-plus-L-891	false	upstream-sodium-non-COMPAT-S-plus-L	SignatureRejected	false	false	false
sodium-valid-892	true	upstream-sodium-known-answer	SignatureVerified	true	true	true
sodium-S-plus-L-892	false	upstream-sodium-non-COMPAT-S-plus-L	SignatureRejected	false	false	false
sodium-valid-893	true	upstream-sodium-known-answer	SignatureVerified	true	true	true
sodium-S-plus-L-893	false	upstream-sodium-non-COMPAT-S-plus-L	SignatureRejected	false	false	false
sodium-valid-894	true	upstream-sodium-known-answer	SignatureVerified	true	true	true
sodium-S-plus-L-894	false	upstream-sodium-non-COMPAT-S-plus-L	SignatureRejected	false	false	false
sodium-valid-895	true	upstream-sodium-known-answer	SignatureVerified	true	true	true
sodium-S-plus-L-895	false	upstream-sodium-non-COMPAT-S-plus-L	SignatureRejected	false	false	false
sodium-valid-896	true	upstream-sodium-known-answer	SignatureVerified	true	true	true
sodium-S-plus-L-896	false	upstream-sodium-non-COMPAT-S-plus-L	SignatureRejected	false	false	false
sodium-valid-897	true	upstream-sodium-known-answer	SignatureVerified	true	true	true
sodium-S-plus-L-897	false	upstream-sodium-non-COMPAT-S-plus-L	SignatureRejected	false	false	false
sodium-valid-898	true	upstream-sodium-known-answer	SignatureVerified	true	true	true
sodium-S-plus-L-898	false	upstream-sodium-non-COMPAT-S-plus-L	SignatureRejected	false	false	false
sodium-valid-899	true	upstream-sodium-known-answer	SignatureVerified	true	true	true
sodium-S-plus-L-899	false	upstream-sodium-non-COMPAT-S-plus-L	SignatureRejected	false	false	false
sodium-valid-900	true	upstream-sodium-known-answer	SignatureVerified	true	true	true
sodium-S-plus-L-900	false	upstream-sodium-non-COMPAT-S-plus-L	SignatureRejected	false	false	false
sodium-valid-901	true	upstream-sodium-known-answer	SignatureVerified	true	true	true
sodium-S-plus-L-901	false	upstream-sodium-non-COMPAT-S-plus-L	SignatureRejected	false	false	false
sodium-valid-902	true	upstream-sodium-known-answer	SignatureVerified	true	true	true
sodium-S-plus-L-902	false	upstream-sodium-non-COMPAT-S-plus-L	SignatureRejected	false	false	false
sodium-valid-903	true	upstream-sodium-known-answer	SignatureVerified	true	true	true
sodium-S-plus-L-903	false	upstream-sodium-non-COMPAT-S-plus-L	SignatureRejected	false	false	false
sodium-valid-904	true	upstream-sodium-known-answer	SignatureVerified	true	true	true
sodium-S-plus-L-904	false	upstream-sodium-non-COMPAT-S-plus-L	SignatureRejected	false	false	false
sodium-valid-905	true	upstream-sodium-known-answer	SignatureVerified	true	true	true
sodium-S-plus-L-905	false	upstream-sodium-non-COMPAT-S-plus-L	SignatureRejected	false	false	false
sodium-valid-906	true	upstream-sodium-known-answer	SignatureVerified	true	true	true
sodium-S-plus-L-906	false	upstream-sodium-non-COMPAT-S-plus-L	SignatureRejected	false	false	false
sodium-valid-907	true	upstream-sodium-known-answer	SignatureVerified	true	true	true
sodium-S-plus-L-907	false	upstream-sodium-non-COMPAT-S-plus-L	SignatureRejected	false	false	false
sodium-valid-908	true	upstream-sodium-known-answer	SignatureVerified	true	true	true
sodium-S-plus-L-908	false	upstream-sodium-non-COMPAT-S-plus-L	SignatureRejected	false	false	false
sodium-valid-909	true	upstream-sodium-known-answer	SignatureVerified	true	true	true
sodium-S-plus-L-909	false	upstream-sodium-non-COMPAT-S-plus-L	SignatureRejected	false	false	false
sodium-valid-910	true	upstream-sodium-known-answer	SignatureVerified	true	true	true
sodium-S-plus-L-910	false	upstream-sodium-non-COMPAT-S-plus-L	SignatureRejected	false	false	false
sodium-valid-911	true	upstream-sodium-known-answer	SignatureVerified	true	true	true
sodium-S-plus-L-911	false	upstream-sodium-non-COMPAT-S-plus-L	SignatureRejected	false	false	false
sodium-valid-912	true	upstream-sodium-known-answer	SignatureVerified	true	true	true
sodium-S-plus-L-912	false	upstream-sodium-non-COMPAT-S-plus-L	SignatureRejected	false	false	false
sodium-valid-913	true	upstream-sodium-known-answer	SignatureVerified	true	true	true
sodium-S-plus-L-913	false	upstream-sodium-non-COMPAT-S-plus-L	SignatureRejected	false	false	false
sodium-valid-914	true	upstream-sodium-known-answer	SignatureVerified	true	true	true
sodium-S-plus-L-914	false	upstream-sodium-non-COMPAT-S-plus-L	SignatureRejected	false	false	false
sodium-valid-915	true	upstream-sodium-known-answer	SignatureVerified	true	true	true
sodium-S-plus-L-915	false	upstream-sodium-non-COMPAT-S-plus-L	SignatureRejected	false	false	false
sodium-valid-916	true	upstream-sodium-known-answer	SignatureVerified	true	true	true
sodium-S-plus-L-916	false	upstream-sodium-non-COMPAT-S-plus-L	SignatureRejected	false	false	false
sodium-valid-917	true	upstream-sodium-known-answer	SignatureVerified	true	true	true
sodium-S-plus-L-917	false	upstream-sodium-non-COMPAT-S-plus-L	SignatureRejected	false	false	false
sodium-valid-918	true	upstream-sodium-known-answer	SignatureVerified	true	true	true
sodium-S-plus-L-918	false	upstream-sodium-non-COMPAT-S-plus-L	SignatureRejected	false	false	false
sodium-valid-919	true	upstream-sodium-known-answer	SignatureVerified	true	true	true
sodium-S-plus-L-919	false	upstream-sodium-non-COMPAT-S-plus-L	SignatureRejected	false	false	false
sodium-valid-920	true	upstream-sodium-known-answer	SignatureVerified	true	true	true
sodium-S-plus-L-920	false	upstream-sodium-non-COMPAT-S-plus-L	SignatureRejected	false	false	false
sodium-valid-921	true	upstream-sodium-known-answer	SignatureVerified	true	true	true
sodium-S-plus-L-921	false	upstream-sodium-non-COMPAT-S-plus-L	SignatureRejected	false	false	false
sodium-valid-922	true	upstream-sodium-known-answer	SignatureVerified	true	true	true
sodium-S-plus-L-922	false	upstream-sodium-non-COMPAT-S-plus-L	SignatureRejected	false	false	false
sodium-valid-923	true	upstream-sodium-known-answer	SignatureVerified	true	true	true
sodium-S-plus-L-923	false	upstream-sodium-non-COMPAT-S-plus-L	SignatureRejected	false	false	false
sodium-valid-924	true	upstream-sodium-known-answer	SignatureVerified	true	true	true
sodium-S-plus-L-924	false	upstream-sodium-non-COMPAT-S-plus-L	SignatureRejected	false	false	false
sodium-valid-925	true	upstream-sodium-known-answer	SignatureVerified	true	true	true
sodium-S-plus-L-925	false	upstream-sodium-non-COMPAT-S-plus-L	SignatureRejected	false	false	false
sodium-valid-926	true	upstream-sodium-known-answer	SignatureVerified	true	true	true
sodium-S-plus-L-926	false	upstream-sodium-non-COMPAT-S-plus-L	SignatureRejected	false	false	false
sodium-valid-927	true	upstream-sodium-known-answer	SignatureVerified	true	true	true
sodium-S-plus-L-927	false	upstream-sodium-non-COMPAT-S-plus-L	SignatureRejected	false	false	false
sodium-valid-928	true	upstream-sodium-known-answer	SignatureVerified	true	true	true
sodium-S-plus-L-928	false	upstream-sodium-non-COMPAT-S-plus-L	SignatureRejected	false	false	false
sodium-valid-929	true	upstream-sodium-known-answer	SignatureVerified	true	true	true
sodium-S-plus-L-929	false	upstream-sodium-non-COMPAT-S-plus-L	SignatureRejected	false	false	false
sodium-valid-930	true	upstream-sodium-known-answer	SignatureVerified	true	true	true
sodium-S-plus-L-930	false	upstream-sodium-non-COMPAT-S-plus-L	SignatureRejected	false	false	false
sodium-valid-931	true	upstream-sodium-known-answer	SignatureVerified	true	true	true
sodium-S-plus-L-931	false	upstream-sodium-non-COMPAT-S-plus-L	SignatureRejected	false	false	false
sodium-valid-932	true	upstream-sodium-known-answer	SignatureVerified	true	true	true
sodium-S-plus-L-932	false	upstream-sodium-non-COMPAT-S-plus-L	SignatureRejected	false	false	false
sodium-valid-933	true	upstream-sodium-known-answer	SignatureVerified	true	true	true
sodium-S-plus-L-933	false	upstream-sodium-non-COMPAT-S-plus-L	SignatureRejected	false	false	false
sodium-valid-934	true	upstream-sodium-known-answer	SignatureVerified	true	true	true
sodium-S-plus-L-934	false	upstream-sodium-non-COMPAT-S-plus-L	SignatureRejected	false	false	false
sodium-valid-935	true	upstream-sodium-known-answer	SignatureVerified	true	true	true
sodium-S-plus-L-935	false	upstream-sodium-non-COMPAT-S-plus-L	SignatureRejected	false	false	false
sodium-valid-936	true	upstream-sodium-known-answer	SignatureVerified	true	true	true
sodium-S-plus-L-936	false	upstream-sodium-non-COMPAT-S-plus-L	SignatureRejected	false	false	false
sodium-valid-937	true	upstream-sodium-known-answer	SignatureVerified	true	true	true
sodium-S-plus-L-937	false	upstream-sodium-non-COMPAT-S-plus-L	SignatureRejected	false	false	false
sodium-valid-938	true	upstream-sodium-known-answer	SignatureVerified	true	true	true
sodium-S-plus-L-938	false	upstream-sodium-non-COMPAT-S-plus-L	SignatureRejected	false	false	false
sodium-valid-939	true	upstream-sodium-known-answer	SignatureVerified	true	true	true
sodium-S-plus-L-939	false	upstream-sodium-non-COMPAT-S-plus-L	SignatureRejected	false	false	false
sodium-valid-940	true	upstream-sodium-known-answer	SignatureVerified	true	true	true
sodium-S-plus-L-940	false	upstream-sodium-non-COMPAT-S-plus-L	SignatureRejected	false	false	false
sodium-valid-941	true	upstream-sodium-known-answer	SignatureVerified	true	true	true
sodium-S-plus-L-941	false	upstream-sodium-non-COMPAT-S-plus-L	SignatureRejected	false	false	false
sodium-valid-942	true	upstream-sodium-known-answer	SignatureVerified	true	true	true
sodium-S-plus-L-942	false	upstream-sodium-non-COMPAT-S-plus-L	SignatureRejected	false	false	false
sodium-valid-943	true	upstream-sodium-known-answer	SignatureVerified	true	true	true
sodium-S-plus-L-943	false	upstream-sodium-non-COMPAT-S-plus-L	SignatureRejected	false	false	false
sodium-valid-944	true	upstream-sodium-known-answer	SignatureVerified	true	true	true
sodium-S-plus-L-944	false	upstream-sodium-non-COMPAT-S-plus-L	SignatureRejected	false	false	false
sodium-valid-945	true	upstream-sodium-known-answer	SignatureVerified	true	true	true
sodium-S-plus-L-945	false	upstream-sodium-non-COMPAT-S-plus-L	SignatureRejected	false	false	false
sodium-valid-946	true	upstream-sodium-known-answer	SignatureVerified	true	true	true
sodium-S-plus-L-946	false	upstream-sodium-non-COMPAT-S-plus-L	SignatureRejected	false	false	false
sodium-valid-947	true	upstream-sodium-known-answer	SignatureVerified	true	true	true
sodium-S-plus-L-947	false	upstream-sodium-non-COMPAT-S-plus-L	SignatureRejected	false	false	false
sodium-valid-948	true	upstream-sodium-known-answer	SignatureVerified	true	true	true
sodium-S-plus-L-948	false	upstream-sodium-non-COMPAT-S-plus-L	SignatureRejected	false	false	false
sodium-valid-949	true	upstream-sodium-known-answer	SignatureVerified	true	true	true
sodium-S-plus-L-949	false	upstream-sodium-non-COMPAT-S-plus-L	SignatureRejected	false	false	false
sodium-valid-950	true	upstream-sodium-known-answer	SignatureVerified	true	true	true
sodium-S-plus-L-950	false	upstream-sodium-non-COMPAT-S-plus-L	SignatureRejected	false	false	false
sodium-valid-951	true	upstream-sodium-known-answer	SignatureVerified	true	true	true
sodium-S-plus-L-951	false	upstream-sodium-non-COMPAT-S-plus-L	SignatureRejected	false	false	false
sodium-valid-952	true	upstream-sodium-known-answer	SignatureVerified	true	true	true
sodium-S-plus-L-952	false	upstream-sodium-non-COMPAT-S-plus-L	SignatureRejected	false	false	false
sodium-valid-953	true	upstream-sodium-known-answer	SignatureVerified	true	true	true
sodium-S-plus-L-953	false	upstream-sodium-non-COMPAT-S-plus-L	SignatureRejected	false	false	false
sodium-valid-954	true	upstream-sodium-known-answer	SignatureVerified	true	true	true
sodium-S-plus-L-954	false	upstream-sodium-non-COMPAT-S-plus-L	SignatureRejected	false	false	false
sodium-valid-955	true	upstream-sodium-known-answer	SignatureVerified	true	true	true
sodium-S-plus-L-955	false	upstream-sodium-non-COMPAT-S-plus-L	SignatureRejected	false	false	false
sodium-valid-956	true	upstream-sodium-known-answer	SignatureVerified	true	true	true
sodium-S-plus-L-956	false	upstream-sodium-non-COMPAT-S-plus-L	SignatureRejected	false	false	false
sodium-valid-957	true	upstream-sodium-known-answer	SignatureVerified	true	true	true
sodium-S-plus-L-957	false	upstream-sodium-non-COMPAT-S-plus-L	SignatureRejected	false	false	false
sodium-valid-958	true	upstream-sodium-known-answer	SignatureVerified	true	true	true
sodium-S-plus-L-958	false	upstream-sodium-non-COMPAT-S-plus-L	SignatureRejected	false	false	false
sodium-valid-959	true	upstream-sodium-known-answer	SignatureVerified	true	true	true
sodium-S-plus-L-959	false	upstream-sodium-non-COMPAT-S-plus-L	SignatureRejected	false	false	false
sodium-valid-960	true	upstream-sodium-known-answer	SignatureVerified	true	true	true
sodium-S-plus-L-960	false	upstream-sodium-non-COMPAT-S-plus-L	SignatureRejected	false	false	false
sodium-valid-961	true	upstream-sodium-known-answer	SignatureVerified	true	true	true
sodium-S-plus-L-961	false	upstream-sodium-non-COMPAT-S-plus-L	SignatureRejected	false	false	false
sodium-valid-962	true	upstream-sodium-known-answer	SignatureVerified	true	true	true
sodium-S-plus-L-962	false	upstream-sodium-non-COMPAT-S-plus-L	SignatureRejected	false	false	false
sodium-valid-963	true	upstream-sodium-known-answer	SignatureVerified	true	true	true
sodium-S-plus-L-963	false	upstream-sodium-non-COMPAT-S-plus-L	SignatureRejected	false	false	false
sodium-valid-964	true	upstream-sodium-known-answer	SignatureVerified	true	true	true
sodium-S-plus-L-964	false	upstream-sodium-non-COMPAT-S-plus-L	SignatureRejected	false	false	false
sodium-valid-965	true	upstream-sodium-known-answer	SignatureVerified	true	true	true
sodium-S-plus-L-965	false	upstream-sodium-non-COMPAT-S-plus-L	SignatureRejected	false	false	false
sodium-valid-966	true	upstream-sodium-known-answer	SignatureVerified	true	true	true
sodium-S-plus-L-966	false	upstream-sodium-non-COMPAT-S-plus-L	SignatureRejected	false	false	false
sodium-valid-967	true	upstream-sodium-known-answer	SignatureVerified	true	true	true
sodium-S-plus-L-967	false	upstream-sodium-non-COMPAT-S-plus-L	SignatureRejected	false	false	false
sodium-valid-968	true	upstream-sodium-known-answer	SignatureVerified	true	true	true
sodium-S-plus-L-968	false	upstream-sodium-non-COMPAT-S-plus-L	SignatureRejected	false	false	false
sodium-valid-969	true	upstream-sodium-known-answer	SignatureVerified	true	true	true
sodium-S-plus-L-969	false	upstream-sodium-non-COMPAT-S-plus-L	SignatureRejected	false	false	false
sodium-valid-970	true	upstream-sodium-known-answer	SignatureVerified	true	true	true
sodium-S-plus-L-970	false	upstream-sodium-non-COMPAT-S-plus-L	SignatureRejected	false	false	false
sodium-valid-971	true	upstream-sodium-known-answer	SignatureVerified	true	true	true
sodium-S-plus-L-971	false	upstream-sodium-non-COMPAT-S-plus-L	SignatureRejected	false	false	false
sodium-valid-972	true	upstream-sodium-known-answer	SignatureVerified	true	true	true
sodium-S-plus-L-972	false	upstream-sodium-non-COMPAT-S-plus-L	SignatureRejected	false	false	false
sodium-valid-973	true	upstream-sodium-known-answer	SignatureVerified	true	true	true
sodium-S-plus-L-973	false	upstream-sodium-non-COMPAT-S-plus-L	SignatureRejected	false	false	false
sodium-valid-974	true	upstream-sodium-known-answer	SignatureVerified	true	true	true
sodium-S-plus-L-974	false	upstream-sodium-non-COMPAT-S-plus-L	SignatureRejected	false	false	false
sodium-valid-975	true	upstream-sodium-known-answer	SignatureVerified	true	true	true
sodium-S-plus-L-975	false	upstream-sodium-non-COMPAT-S-plus-L	SignatureRejected	false	false	false
sodium-valid-976	true	upstream-sodium-known-answer	SignatureVerified	true	true	true
sodium-S-plus-L-976	false	upstream-sodium-non-COMPAT-S-plus-L	SignatureRejected	false	false	false
sodium-valid-977	true	upstream-sodium-known-answer	SignatureVerified	true	true	true
sodium-S-plus-L-977	false	upstream-sodium-non-COMPAT-S-plus-L	SignatureRejected	false	false	false
sodium-valid-978	true	upstream-sodium-known-answer	SignatureVerified	true	true	true
sodium-S-plus-L-978	false	upstream-sodium-non-COMPAT-S-plus-L	SignatureRejected	false	false	false
sodium-valid-979	true	upstream-sodium-known-answer	SignatureVerified	true	true	true
sodium-S-plus-L-979	false	upstream-sodium-non-COMPAT-S-plus-L	SignatureRejected	false	false	false
sodium-valid-980	true	upstream-sodium-known-answer	SignatureVerified	true	true	true
sodium-S-plus-L-980	false	upstream-sodium-non-COMPAT-S-plus-L	SignatureRejected	false	false	false
sodium-valid-981	true	upstream-sodium-known-answer	SignatureVerified	true	true	true
sodium-S-plus-L-981	false	upstream-sodium-non-COMPAT-S-plus-L	SignatureRejected	false	false	false
sodium-valid-982	true	upstream-sodium-known-answer	SignatureVerified	true	true	true
sodium-S-plus-L-982	false	upstream-sodium-non-COMPAT-S-plus-L	SignatureRejected	false	false	false
sodium-valid-983	true	upstream-sodium-known-answer	SignatureVerified	true	true	true
sodium-S-plus-L-983	false	upstream-sodium-non-COMPAT-S-plus-L	SignatureRejected	false	false	false
sodium-valid-984	true	upstream-sodium-known-answer	SignatureVerified	true	true	true
sodium-S-plus-L-984	false	upstream-sodium-non-COMPAT-S-plus-L	SignatureRejected	false	false	false
sodium-valid-985	true	upstream-sodium-known-answer	SignatureVerified	true	true	true
sodium-S-plus-L-985	false	upstream-sodium-non-COMPAT-S-plus-L	SignatureRejected	false	false	false
sodium-valid-986	true	upstream-sodium-known-answer	SignatureVerified	true	true	true
sodium-S-plus-L-986	false	upstream-sodium-non-COMPAT-S-plus-L	SignatureRejected	false	false	false
sodium-valid-987	true	upstream-sodium-known-answer	SignatureVerified	true	true	true
sodium-S-plus-L-987	false	upstream-sodium-non-COMPAT-S-plus-L	SignatureRejected	false	false	false
sodium-valid-988	true	upstream-sodium-known-answer	SignatureVerified	true	true	true
sodium-S-plus-L-988	false	upstream-sodium-non-COMPAT-S-plus-L	SignatureRejected	false	false	false
sodium-valid-989	true	upstream-sodium-known-answer	SignatureVerified	true	true	true
sodium-S-plus-L-989	false	upstream-sodium-non-COMPAT-S-plus-L	SignatureRejected	false	false	false
sodium-valid-990	true	upstream-sodium-known-answer	SignatureVerified	true	true	true
sodium-S-plus-L-990	false	upstream-sodium-non-COMPAT-S-plus-L	SignatureRejected	false	false	false
sodium-valid-991	true	upstream-sodium-known-answer	SignatureVerified	true	true	true
sodium-S-plus-L-991	false	upstream-sodium-non-COMPAT-S-plus-L	SignatureRejected	false	false	false
sodium-valid-992	true	upstream-sodium-known-answer	SignatureVerified	true	true	true
sodium-S-plus-L-992	false	upstream-sodium-non-COMPAT-S-plus-L	SignatureRejected	false	false	false
sodium-valid-993	true	upstream-sodium-known-answer	SignatureVerified	true	true	true
sodium-S-plus-L-993	false	upstream-sodium-non-COMPAT-S-plus-L	SignatureRejected	false	false	false
sodium-valid-994	true	upstream-sodium-known-answer	SignatureVerified	true	true	true
sodium-S-plus-L-994	false	upstream-sodium-non-COMPAT-S-plus-L	SignatureRejected	false	false	false
sodium-valid-995	true	upstream-sodium-known-answer	SignatureVerified	true	true	true
sodium-S-plus-L-995	false	upstream-sodium-non-COMPAT-S-plus-L	SignatureRejected	false	false	false
sodium-valid-996	true	upstream-sodium-known-answer	SignatureVerified	true	true	true
sodium-S-plus-L-996	false	upstream-sodium-non-COMPAT-S-plus-L	SignatureRejected	false	false	false
sodium-valid-997	true	upstream-sodium-known-answer	SignatureVerified	true	true	true
sodium-S-plus-L-997	false	upstream-sodium-non-COMPAT-S-plus-L	SignatureRejected	false	false	false
sodium-valid-998	true	upstream-sodium-known-answer	SignatureVerified	true	true	true
sodium-S-plus-L-998	false	upstream-sodium-non-COMPAT-S-plus-L	SignatureRejected	false	false	false
sodium-valid-999	true	upstream-sodium-known-answer	SignatureVerified	true	true	true
sodium-S-plus-L-999	false	upstream-sodium-non-COMPAT-S-plus-L	SignatureRejected	false	false	false
sodium-valid-1000	true	upstream-sodium-known-answer	SignatureVerified	true	true	true
sodium-S-plus-L-1000	false	upstream-sodium-non-COMPAT-S-plus-L	SignatureRejected	false	false	false
sodium-valid-1001	true	upstream-sodium-known-answer	SignatureVerified	true	true	true
sodium-S-plus-L-1001	false	upstream-sodium-non-COMPAT-S-plus-L	SignatureRejected	false	false	false
sodium-valid-1002	true	upstream-sodium-known-answer	SignatureVerified	true	true	true
sodium-S-plus-L-1002	false	upstream-sodium-non-COMPAT-S-plus-L	SignatureRejected	false	false	false
sodium-valid-1003	true	upstream-sodium-known-answer	SignatureVerified	true	true	true
sodium-S-plus-L-1003	false	upstream-sodium-non-COMPAT-S-plus-L	SignatureRejected	false	false	false
sodium-valid-1004	true	upstream-sodium-known-answer	SignatureVerified	true	true	true
sodium-S-plus-L-1004	false	upstream-sodium-non-COMPAT-S-plus-L	SignatureRejected	false	false	false
sodium-valid-1005	true	upstream-sodium-known-answer	SignatureVerified	true	true	true
sodium-S-plus-L-1005	false	upstream-sodium-non-COMPAT-S-plus-L	SignatureRejected	false	false	false
sodium-valid-1006	true	upstream-sodium-known-answer	SignatureVerified	true	true	true
sodium-S-plus-L-1006	false	upstream-sodium-non-COMPAT-S-plus-L	SignatureRejected	false	false	false
sodium-valid-1007	true	upstream-sodium-known-answer	SignatureVerified	true	true	true
sodium-S-plus-L-1007	false	upstream-sodium-non-COMPAT-S-plus-L	SignatureRejected	false	false	false
sodium-valid-1008	true	upstream-sodium-known-answer	SignatureVerified	true	true	true
sodium-S-plus-L-1008	false	upstream-sodium-non-COMPAT-S-plus-L	SignatureRejected	false	false	false
sodium-valid-1009	true	upstream-sodium-known-answer	SignatureVerified	true	true	true
sodium-S-plus-L-1009	false	upstream-sodium-non-COMPAT-S-plus-L	SignatureRejected	false	false	false
sodium-valid-1010	true	upstream-sodium-known-answer	SignatureVerified	true	true	true
sodium-S-plus-L-1010	false	upstream-sodium-non-COMPAT-S-plus-L	SignatureRejected	false	false	false
sodium-valid-1011	true	upstream-sodium-known-answer	SignatureVerified	true	true	true
sodium-S-plus-L-1011	false	upstream-sodium-non-COMPAT-S-plus-L	SignatureRejected	false	false	false
sodium-valid-1012	true	upstream-sodium-known-answer	SignatureVerified	true	true	true
sodium-S-plus-L-1012	false	upstream-sodium-non-COMPAT-S-plus-L	SignatureRejected	false	false	false
sodium-valid-1013	true	upstream-sodium-known-answer	SignatureVerified	true	true	true
sodium-S-plus-L-1013	false	upstream-sodium-non-COMPAT-S-plus-L	SignatureRejected	false	false	false
sodium-valid-1014	true	upstream-sodium-known-answer	SignatureVerified	true	true	true
sodium-S-plus-L-1014	false	upstream-sodium-non-COMPAT-S-plus-L	SignatureRejected	false	false	false
sodium-valid-1015	true	upstream-sodium-known-answer	SignatureVerified	true	true	true
sodium-S-plus-L-1015	false	upstream-sodium-non-COMPAT-S-plus-L	SignatureRejected	false	false	false
sodium-valid-1016	true	upstream-sodium-known-answer	SignatureVerified	true	true	true
sodium-S-plus-L-1016	false	upstream-sodium-non-COMPAT-S-plus-L	SignatureRejected	false	false	false
sodium-valid-1017	true	upstream-sodium-known-answer	SignatureVerified	true	true	true
sodium-S-plus-L-1017	false	upstream-sodium-non-COMPAT-S-plus-L	SignatureRejected	false	false	false
sodium-valid-1018	true	upstream-sodium-known-answer	SignatureVerified	true	true	true
sodium-S-plus-L-1018	false	upstream-sodium-non-COMPAT-S-plus-L	SignatureRejected	false	false	false
sodium-valid-1019	true	upstream-sodium-known-answer	SignatureVerified	true	true	true
sodium-S-plus-L-1019	false	upstream-sodium-non-COMPAT-S-plus-L	SignatureRejected	false	false	false
sodium-valid-1020	true	upstream-sodium-known-answer	SignatureVerified	true	true	true
sodium-S-plus-L-1020	false	upstream-sodium-non-COMPAT-S-plus-L	SignatureRejected	false	false	false
sodium-valid-1021	true	upstream-sodium-known-answer	SignatureVerified	true	true	true
sodium-S-plus-L-1021	false	upstream-sodium-non-COMPAT-S-plus-L	SignatureRejected	false	false	false
sodium-valid-1022	true	upstream-sodium-known-answer	SignatureVerified	true	true	true
sodium-S-plus-L-1022	false	upstream-sodium-non-COMPAT-S-plus-L	SignatureRejected	false	false	false
sodium-valid-1023	true	upstream-sodium-known-answer	SignatureVerified	true	true	true
sodium-S-plus-L-1023	false	upstream-sodium-non-COMPAT-S-plus-L	SignatureRejected	false	false	false
speccheck-0	unknown	published-adversarial-target-observation	SignatureRejected	false	false	false
speccheck-1	unknown	published-adversarial-target-observation	SignatureRejected	false	false	false
speccheck-2	unknown	published-adversarial-target-observation	SignatureRejected	false	true	false
speccheck-3	unknown	published-adversarial-target-observation	SignatureVerified	true	true	true
speccheck-4	unknown	published-adversarial-target-observation	SignatureRejected	false	true	false
speccheck-5	unknown	published-adversarial-target-observation	SignatureRejected	false	true	false
speccheck-6	unknown	published-adversarial-target-observation	SignatureRejected	false	false	false
speccheck-7	unknown	published-adversarial-target-observation	SignatureRejected	false	false	false
speccheck-8	unknown	published-adversarial-target-observation	SignatureRejected	false	false	false
speccheck-9	unknown	published-adversarial-target-observation	SignatureRejected	false	false	false
speccheck-10	unknown	published-adversarial-target-observation	SignatureRejected	false	false	false
speccheck-11	unknown	published-adversarial-target-observation	SignatureRejected	false	false	false
wycheproof-1	true	upstream-wycheproof-valid	SignatureVerified	true	true	true
wycheproof-2	true	upstream-wycheproof-valid	SignatureVerified	true	true	true
wycheproof-3	true	upstream-wycheproof-valid	SignatureVerified	true	true	true
wycheproof-4	true	upstream-wycheproof-valid	SignatureVerified	true	true	true
wycheproof-5	true	upstream-wycheproof-valid	SignatureVerified	true	true	true
wycheproof-6	true	upstream-wycheproof-valid	SignatureVerified	true	true	true
wycheproof-7	true	upstream-wycheproof-valid	SignatureVerified	true	true	true
wycheproof-8	true	upstream-wycheproof-valid	SignatureVerified	true	true	true
wycheproof-9	true	upstream-wycheproof-valid	SignatureVerified	true	true	true
wycheproof-10	false	upstream-wycheproof-invalid	SignatureRejected	false	false	false
wycheproof-11	false	upstream-wycheproof-invalid	SignatureRejected	false	false	false
wycheproof-12	false	upstream-wycheproof-invalid	SignatureRejected	false	false	false
wycheproof-13	false	upstream-wycheproof-invalid	SignatureRejected	false	false	false
wycheproof-14	false	upstream-wycheproof-invalid	SignatureRejected	false	false	false
wycheproof-15	false	upstream-wycheproof-invalid	SignatureRejected	false	false	false
wycheproof-16	false	upstream-wycheproof-invalid	SignatureRejected	false	false	false
wycheproof-17	false	upstream-wycheproof-invalid	SignatureRejected	false	false	false
wycheproof-18	false	upstream-wycheproof-invalid	SignatureRejected	false	false	false
wycheproof-19	false	upstream-wycheproof-invalid	SignatureRejected	false	false	false
wycheproof-20	false	upstream-wycheproof-invalid	SignatureRejected	false	false	false
wycheproof-21	false	upstream-wycheproof-invalid	SignatureRejected	false	false	false
wycheproof-22	false	upstream-wycheproof-invalid	SignatureRejected	false	false	false
wycheproof-23	false	upstream-wycheproof-invalid	SignatureRejected	false	false	false
wycheproof-24	false	upstream-wycheproof-invalid	SignatureRejected	false	false	false
wycheproof-25	false	upstream-wycheproof-invalid	SignatureRejected	false	false	false
wycheproof-26	false	upstream-wycheproof-invalid	SignatureRejected	false	false	false
wycheproof-27	false	upstream-wycheproof-invalid	SignatureRejected	false	false	false
wycheproof-28	false	upstream-wycheproof-invalid	SignatureRejected	false	false	false
wycheproof-29	false	upstream-wycheproof-invalid	SignatureRejected	false	false	false
wycheproof-30	false	upstream-wycheproof-invalid	MalformedSignatureLength	NotRunMalformedLength	MalformedLength	MalformedLength
wycheproof-31	false	upstream-wycheproof-invalid	MalformedSignatureLength	NotRunMalformedLength	MalformedLength	MalformedLength
wycheproof-32	false	upstream-wycheproof-invalid	MalformedSignatureLength	NotRunMalformedLength	MalformedLength	MalformedLength
wycheproof-33	false	upstream-wycheproof-invalid	MalformedSignatureLength	NotRunMalformedLength	MalformedLength	MalformedLength
wycheproof-34	false	upstream-wycheproof-invalid	MalformedSignatureLength	NotRunMalformedLength	MalformedLength	MalformedLength
wycheproof-35	false	upstream-wycheproof-invalid	MalformedSignatureLength	NotRunMalformedLength	MalformedLength	MalformedLength
wycheproof-36	false	upstream-wycheproof-invalid	MalformedSignatureLength	NotRunMalformedLength	MalformedLength	MalformedLength
wycheproof-37	false	upstream-wycheproof-invalid	MalformedSignatureLength	NotRunMalformedLength	MalformedLength	MalformedLength
wycheproof-38	false	upstream-wycheproof-invalid	MalformedSignatureLength	NotRunMalformedLength	MalformedLength	MalformedLength
wycheproof-39	false	upstream-wycheproof-invalid	MalformedSignatureLength	NotRunMalformedLength	MalformedLength	MalformedLength
wycheproof-40	false	upstream-wycheproof-invalid	MalformedSignatureLength	NotRunMalformedLength	MalformedLength	MalformedLength
wycheproof-41	false	upstream-wycheproof-invalid	MalformedSignatureLength	NotRunMalformedLength	MalformedLength	MalformedLength
wycheproof-42	false	upstream-wycheproof-invalid	SignatureRejected	false	false	false
wycheproof-43	false	upstream-wycheproof-invalid	SignatureRejected	false	false	false
wycheproof-44	false	upstream-wycheproof-invalid	SignatureRejected	false	false	false
wycheproof-45	false	upstream-wycheproof-invalid	SignatureRejected	false	false	false
wycheproof-46	false	upstream-wycheproof-invalid	SignatureRejected	false	false	false
wycheproof-47	false	upstream-wycheproof-invalid	SignatureRejected	false	false	false
wycheproof-48	false	upstream-wycheproof-invalid	SignatureRejected	false	false	false
wycheproof-49	false	upstream-wycheproof-invalid	SignatureRejected	false	false	false
wycheproof-50	false	upstream-wycheproof-invalid	SignatureRejected	false	false	false
wycheproof-51	false	upstream-wycheproof-invalid	SignatureRejected	false	false	false
wycheproof-52	false	upstream-wycheproof-invalid	SignatureRejected	false	false	false
wycheproof-53	false	upstream-wycheproof-invalid	SignatureRejected	false	false	false
wycheproof-54	false	upstream-wycheproof-invalid	SignatureRejected	false	false	false
wycheproof-55	false	upstream-wycheproof-invalid	SignatureRejected	false	false	false
wycheproof-56	false	upstream-wycheproof-invalid	SignatureRejected	false	false	false
wycheproof-57	false	upstream-wycheproof-invalid	SignatureRejected	false	false	false
wycheproof-58	false	upstream-wycheproof-invalid	SignatureRejected	false	false	false
wycheproof-59	false	upstream-wycheproof-invalid	SignatureRejected	false	false	false
wycheproof-60	false	upstream-wycheproof-invalid	SignatureRejected	false	false	false
wycheproof-61	false	upstream-wycheproof-invalid	SignatureRejected	false	false	false
wycheproof-62	false	upstream-wycheproof-invalid	SignatureRejected	false	false	false
wycheproof-63	false	upstream-wycheproof-invalid	SignatureRejected	false	false	false
wycheproof-64	false	upstream-wycheproof-invalid	SignatureRejected	false	false	false
wycheproof-65	false	upstream-wycheproof-invalid	SignatureRejected	false	false	false
wycheproof-66	false	upstream-wycheproof-invalid	SignatureRejected	false	false	false
wycheproof-67	false	upstream-wycheproof-invalid	SignatureRejected	false	false	false
wycheproof-68	false	upstream-wycheproof-invalid	SignatureRejected	false	false	false
wycheproof-69	false	upstream-wycheproof-invalid	SignatureRejected	false	false	false
wycheproof-70	false	upstream-wycheproof-invalid	SignatureRejected	false	false	false
wycheproof-71	true	upstream-wycheproof-valid	SignatureVerified	true	true	true
wycheproof-72	true	upstream-wycheproof-valid	SignatureVerified	true	true	true
wycheproof-73	true	upstream-wycheproof-valid	SignatureVerified	true	true	true
wycheproof-74	true	upstream-wycheproof-valid	SignatureVerified	true	true	true
wycheproof-75	true	upstream-wycheproof-valid	SignatureVerified	true	true	true
wycheproof-76	true	upstream-wycheproof-valid	SignatureVerified	true	true	true
wycheproof-77	true	upstream-wycheproof-valid	SignatureVerified	true	true	true
wycheproof-78	true	upstream-wycheproof-valid	SignatureVerified	true	true	true
wycheproof-79	true	upstream-wycheproof-valid	SignatureVerified	true	true	true
wycheproof-80	true	upstream-wycheproof-valid	SignatureVerified	true	true	true
wycheproof-81	true	upstream-wycheproof-valid	SignatureVerified	true	true	true
wycheproof-82	true	upstream-wycheproof-valid	SignatureVerified	true	true	true
wycheproof-83	true	upstream-wycheproof-valid	SignatureVerified	true	true	true
wycheproof-84	true	upstream-wycheproof-valid	SignatureVerified	true	true	true
wycheproof-85	false	upstream-wycheproof-invalid	SignatureRejected	false	false	false
wycheproof-86	true	upstream-wycheproof-valid	SignatureVerified	true	true	true
wycheproof-87	true	upstream-wycheproof-valid	SignatureVerified	true	true	true
wycheproof-88	true	upstream-wycheproof-valid	SignatureVerified	true	true	true
wycheproof-89	true	upstream-wycheproof-valid	SignatureVerified	true	true	true
wycheproof-90	true	upstream-wycheproof-valid	SignatureVerified	true	true	true
wycheproof-91	true	upstream-wycheproof-valid	SignatureVerified	true	true	true
wycheproof-92	true	upstream-wycheproof-valid	SignatureVerified	true	true	true
wycheproof-93	true	upstream-wycheproof-valid	SignatureVerified	true	true	true
wycheproof-94	true	upstream-wycheproof-valid	SignatureVerified	true	true	true
wycheproof-95	true	upstream-wycheproof-valid	SignatureVerified	true	true	true
wycheproof-96	true	upstream-wycheproof-valid	SignatureVerified	true	true	true
wycheproof-97	true	upstream-wycheproof-valid	SignatureVerified	true	true	true
wycheproof-98	true	upstream-wycheproof-valid	SignatureVerified	true	true	true
wycheproof-99	true	upstream-wycheproof-valid	SignatureVerified	true	true	true
wycheproof-100	true	upstream-wycheproof-valid	SignatureVerified	true	true	true
wycheproof-101	true	upstream-wycheproof-valid	SignatureVerified	true	true	true
wycheproof-102	true	upstream-wycheproof-valid	SignatureVerified	true	true	true
wycheproof-103	true	upstream-wycheproof-valid	SignatureVerified	true	true	true
wycheproof-104	true	upstream-wycheproof-valid	SignatureVerified	true	true	true
wycheproof-105	true	upstream-wycheproof-valid	SignatureVerified	true	true	true
wycheproof-106	true	upstream-wycheproof-valid	SignatureVerified	true	true	true
wycheproof-107	true	upstream-wycheproof-valid	SignatureVerified	true	true	true
wycheproof-108	true	upstream-wycheproof-valid	SignatureVerified	true	true	true
wycheproof-109	true	upstream-wycheproof-valid	SignatureVerified	true	true	true
wycheproof-110	true	upstream-wycheproof-valid	SignatureVerified	true	true	true
wycheproof-111	true	upstream-wycheproof-valid	SignatureVerified	true	true	true
wycheproof-112	true	upstream-wycheproof-valid	SignatureVerified	true	true	true
wycheproof-113	true	upstream-wycheproof-valid	SignatureVerified	true	true	true
wycheproof-114	true	upstream-wycheproof-valid	SignatureVerified	true	true	true
wycheproof-115	true	upstream-wycheproof-valid	SignatureVerified	true	true	true
wycheproof-116	true	upstream-wycheproof-valid	SignatureVerified	true	true	true
wycheproof-117	true	upstream-wycheproof-valid	SignatureVerified	true	true	true
wycheproof-118	true	upstream-wycheproof-valid	SignatureVerified	true	true	true
wycheproof-119	true	upstream-wycheproof-valid	SignatureVerified	true	true	true
wycheproof-120	true	upstream-wycheproof-valid	SignatureVerified	true	true	true
wycheproof-121	true	upstream-wycheproof-valid	SignatureVerified	true	true	true
wycheproof-122	true	upstream-wycheproof-valid	SignatureVerified	true	true	true
wycheproof-123	true	upstream-wycheproof-valid	SignatureVerified	true	true	true
wycheproof-124	true	upstream-wycheproof-valid	SignatureVerified	true	true	true
wycheproof-125	true	upstream-wycheproof-valid	SignatureVerified	true	true	true
wycheproof-126	true	upstream-wycheproof-valid	SignatureVerified	true	true	true
wycheproof-127	true	upstream-wycheproof-valid	SignatureVerified	true	true	true
wycheproof-128	true	upstream-wycheproof-valid	SignatureVerified	true	true	true
wycheproof-129	true	upstream-wycheproof-valid	SignatureVerified	true	true	true
wycheproof-130	true	upstream-wycheproof-valid	SignatureVerified	true	true	true
wycheproof-131	true	upstream-wycheproof-valid	SignatureVerified	true	true	true
wycheproof-132	true	upstream-wycheproof-valid	SignatureVerified	true	true	true
wycheproof-133	true	upstream-wycheproof-valid	SignatureVerified	true	true	true
wycheproof-134	true	upstream-wycheproof-valid	SignatureVerified	true	true	true
wycheproof-135	true	upstream-wycheproof-valid	SignatureVerified	true	true	true
wycheproof-136	true	upstream-wycheproof-valid	SignatureVerified	true	true	true
wycheproof-137	true	upstream-wycheproof-valid	SignatureVerified	true	true	true
wycheproof-138	true	upstream-wycheproof-valid	SignatureVerified	true	true	true
wycheproof-139	true	upstream-wycheproof-valid	SignatureVerified	true	true	true
wycheproof-140	true	upstream-wycheproof-valid	SignatureVerified	true	true	true
wycheproof-141	true	upstream-wycheproof-valid	SignatureVerified	true	true	true
wycheproof-142	true	upstream-wycheproof-valid	SignatureVerified	true	true	true
wycheproof-143	true	upstream-wycheproof-valid	SignatureVerified	true	true	true
wycheproof-144	true	upstream-wycheproof-valid	SignatureVerified	true	true	true
wycheproof-145	true	upstream-wycheproof-valid	SignatureVerified	true	true	true
wycheproof-146	true	upstream-wycheproof-valid	SignatureVerified	true	true	true
wycheproof-147	true	upstream-wycheproof-valid	SignatureVerified	true	true	true
wycheproof-148	true	upstream-wycheproof-valid	SignatureVerified	true	true	true
wycheproof-149	true	upstream-wycheproof-valid	SignatureVerified	true	true	true
wycheproof-150	true	upstream-wycheproof-valid	SignatureVerified	true	true	true
wycheproof-151	false	upstream-wycheproof-invalid	SignatureRejected	false	false	false
amaru-shelley-fixture-event-1-witness-0	true	accepted-ledger-setup-witness	SignatureVerified	true	true	true
amaru-shelley-fixture-event-2-witness-0	unknown	rejected-ledger-transaction-signature-observation	SignatureVerified	true	true	true
amaru-shelley-fixture-event-2-witness-1	unknown	rejected-ledger-transaction-signature-observation	SignatureVerified	true	true	true
amaru-value-fixture-event-1-witness-0	true	accepted-ledger-setup-witness	SignatureVerified	true	true	true
amaru-value-fixture-event-1-witness-1	true	accepted-ledger-setup-witness	SignatureVerified	true	true	true
amaru-value-fixture-event-2-witness-0	unknown	rejected-ledger-transaction-signature-observation	SignatureVerified	true	true	true
amaru-value-fixture-event-2-witness-1	unknown	rejected-ledger-transaction-signature-observation	SignatureVerified	true	true	true
amaru-value-fixture-event-2-witness-2	unknown	rejected-ledger-transaction-signature-observation	SignatureVerified	true	true	true
